district,block,cluster,pct_mean_first,pct_floor_first,n_students_first,pct_mean_last,pct_floor_last,n_students_last,change_pp,floor_change_pp,annualised_pp,years,instrument_caveat
Ballari,B0117 sandur,C1185 metriki,77.78,55.0,363,28.77,0.0,558,-49.01,-55.0,-24.5,2022-23 -> 2024-25,CAVEAT: items differ across years but map to a constant competency framework. Item-level year comparisons mix learning and instrument change; competency-level comparisons are more defensible (still assume similar difficulty within competency). Prefer rankings and competency-level statements across years.
Vijayapura,B0016 basavan bagewadi,C2195 ingaleshwar,81.56,63.5,128,35.31,5.0,162,-46.25,-58.5,-23.12,2022-23 -> 2024-25,CAVEAT: items differ across years but map to a constant competency framework. Item-level year comparisons mix learning and instrument change; competency-level comparisons are more defensible (still assume similar difficulty within competency). Prefer rankings and competency-level statements across years.
Vijayanagara,B0084 kudligi,C0812 k.iyana halli,91.0,80.0,211,46.52,10.0,178,-44.48,-70.0,-22.24,2022-23 -> 2024-25,CAVEAT: items differ across years but map to a constant competency framework. Item-level year comparisons mix learning and instrument change; competency-level comparisons are more defensible (still assume similar difficulty within competency). Prefer rankings and competency-level statements across years.
Chitradurga,B0035 chitradurga,C0233 bheemasamudra,75.17,54.5,150,34.16,5.0,173,-41.01,-49.5,-20.5,2022-23 -> 2024-25,CAVEAT: items differ across years but map to a constant competency framework. Item-level year comparisons mix learning and instrument change; competency-level comparisons are more defensible (still assume similar difficulty within competency). Prefer rankings and competency-level statements across years.
Bidar,B0019 bhalki,C0577 halhalli (k),78.97,60.0,68,38.6,5.0,118,-40.37,-55.0,-20.18,2022-23 -> 2024-25,CAVEAT: items differ across years but map to a constant competency framework. Item-level year comparisons mix learning and instrument change; competency-level comparisons are more defensible (still assume similar difficulty within competency). Prefer rankings and competency-level statements across years.
Tumakuru,B0137 turuvekere,C0881 kanathur,88.06,69.5,80,48.1,15.0,71,-39.96,-54.5,-19.98,2022-23 -> 2024-25,CAVEAT: items differ across years but map to a constant competency framework. Item-level year comparisons mix learning and instrument change; competency-level comparisons are more defensible (still assume similar difficulty within competency). Prefer rankings and competency-level statements across years.
Ramanagara,B0112 ramanagara,C0835 kailancha,79.32,50.0,103,40.61,10.0,123,-38.71,-40.0,-19.36,2022-23 -> 2024-25,CAVEAT: items differ across years but map to a constant competency framework. Item-level year comparisons mix learning and instrument change; competency-level comparisons are more defensible (still assume similar difficulty within competency). Prefer rankings and competency-level statements across years.
Belagavi,B0110 raibag,C0710 hubbarwadi,74.34,40.0,294,36.8,5.0,253,-37.54,-35.0,-18.77,2022-23 -> 2024-25,CAVEAT: items differ across years but map to a constant competency framework. Item-level year comparisons mix learning and instrument change; competency-level comparisons are more defensible (still assume similar difficulty within competency). Prefer rankings and competency-level statements across years.
Bidar,B0020 bidar,C0871 kamthana,64.9,40.0,104,27.42,0.0,157,-37.48,-40.0,-18.74,2022-23 -> 2024-25,CAVEAT: items differ across years but map to a constant competency framework. Item-level year comparisons mix learning and instrument change; competency-level comparisons are more defensible (still assume similar difficulty within competency). Prefer rankings and competency-level statements across years.
Vijayapura,B0161 muddebihal,C1833 balabatti,79.73,60.0,150,42.25,10.0,476,-37.48,-50.0,-18.74,2022-23 -> 2024-25,CAVEAT: items differ across years but map to a constant competency framework. Item-level year comparisons mix learning and instrument change; competency-level comparisons are more defensible (still assume similar difficulty within competency). Prefer rankings and competency-level statements across years.
Bidar,B0068 humnabad,C0361 chitguppa (urdu),64.21,20.0,108,26.87,0.0,171,-37.34,-20.0,-18.67,2022-23 -> 2024-25,CAVEAT: items differ across years but map to a constant competency framework. Item-level year comparisons mix learning and instrument change; competency-level comparisons are more defensible (still assume similar difficulty within competency). Prefer rankings and competency-level statements across years.
Mandya,B0093 malavally,C0700 hosa hally,90.0,75.0,85,53.65,20.0,167,-36.35,-55.0,-18.17,2022-23 -> 2024-25,CAVEAT: items differ across years but map to a constant competency framework. Item-level year comparisons mix learning and instrument change; competency-level comparisons are more defensible (still assume similar difficulty within competency). Prefer rankings and competency-level statements across years.
Yadgir,B0123 shorapur,C1203 mudanoor,72.1,40.0,321,35.78,0.0,160,-36.32,-40.0,-18.16,2022-23 -> 2024-25,CAVEAT: items differ across years but map to a constant competency framework. Item-level year comparisons mix learning and instrument change; competency-level comparisons are more defensible (still assume similar difficulty within competency). Prefer rankings and competency-level statements across years.
Tumakuru,B0046 gubbi,C0704 hosakere,77.69,55.0,364,41.59,5.5,132,-36.1,-49.5,-18.05,2022-23 -> 2024-25,CAVEAT: items differ across years but map to a constant competency framework. Item-level year comparisons mix learning and instrument change; competency-level comparisons are more defensible (still assume similar difficulty within competency). Prefer rankings and competency-level statements across years.
Haveri,B0053 hanagal,C0132 balambeed,80.92,60.0,169,45.2,10.0,253,-35.72,-50.0,-17.86,2022-23 -> 2024-25,CAVEAT: items differ across years but map to a constant competency framework. Item-level year comparisons mix learning and instrument change; competency-level comparisons are more defensible (still assume similar difficulty within competency). Prefer rankings and competency-level statements across years.
Hassan,B0116 sakaleshapura,C0139 ballupete,90.0,90.0,1,55.87,15.0,208,-34.13,-75.0,-17.06,2022-23 -> 2024-25,CAVEAT: items differ across years but map to a constant competency framework. Item-level year comparisons mix learning and instrument change; competency-level comparisons are more defensible (still assume similar difficulty within competency). Prefer rankings and competency-level statements across years.
Belagavi,B0113 ramdurg,C1625 turanur,84.74,65.0,304,51.73,15.0,292,-33.01,-50.0,-16.5,2022-23 -> 2024-25,CAVEAT: items differ across years but map to a constant competency framework. Item-level year comparisons mix learning and instrument change; competency-level comparisons are more defensible (still assume similar difficulty within competency). Prefer rankings and competency-level statements across years.
Ballari,B0117 sandur,C0259 bomma gatta,59.4,15.0,316,26.49,0.0,462,-32.91,-15.0,-16.46,2022-23 -> 2024-25,CAVEAT: items differ across years but map to a constant competency framework. Item-level year comparisons mix learning and instrument change; competency-level comparisons are more defensible (still assume similar difficulty within competency). Prefer rankings and competency-level statements across years.
Chamarajanagara,B0054 hanur,C0607 hanur,58.83,30.0,30,26.67,5.0,27,-32.16,-25.0,-16.08,2022-23 -> 2024-25,CAVEAT: items differ across years but map to a constant competency framework. Item-level year comparisons mix learning and instrument change; competency-level comparisons are more defensible (still assume similar difficulty within competency). Prefer rankings and competency-level statements across years.
Koppal,B0081 koppal,C0018 agalakera,72.59,40.0,143,40.51,5.0,415,-32.08,-35.0,-16.04,2022-23 -> 2024-25,CAVEAT: items differ across years but map to a constant competency framework. Item-level year comparisons mix learning and instrument change; competency-level comparisons are more defensible (still assume similar difficulty within competency). Prefer rankings and competency-level statements across years.
Tumakuru,B0137 turuvekere,C0146 banasandra,82.25,55.0,111,50.91,10.0,77,-31.34,-45.0,-15.67,2022-23 -> 2024-25,CAVEAT: items differ across years but map to a constant competency framework. Item-level year comparisons mix learning and instrument change; competency-level comparisons are more defensible (still assume similar difficulty within competency). Prefer rankings and competency-level statements across years.
Mandya,B0132 srirangapatna,C0376 darasaguppe,83.7,64.5,50,52.39,15.0,88,-31.31,-49.5,-15.66,2022-23 -> 2024-25,CAVEAT: items differ across years but map to a constant competency framework. Item-level year comparisons mix learning and instrument change; competency-level comparisons are more defensible (still assume similar difficulty within competency). Prefer rankings and competency-level statements across years.
Vijayanagara,B0065 hosapete,C1556 t.c.kamalapura,52.9,15.0,81,21.63,0.0,276,-31.27,-15.0,-15.64,2022-23 -> 2024-25,CAVEAT: items differ across years but map to a constant competency framework. Item-level year comparisons mix learning and instrument change; competency-level comparisons are more defensible (still assume similar difficulty within competency). Prefer rankings and competency-level statements across years.
Vijayapura,B0139 vijayapura rural,C0022 aheri,85.74,70.0,148,54.82,15.0,307,-30.92,-55.0,-15.46,2022-23 -> 2024-25,CAVEAT: items differ across years but map to a constant competency framework. Item-level year comparisons mix learning and instrument change; competency-level comparisons are more defensible (still assume similar difficulty within competency). Prefer rankings and competency-level statements across years.
Bidar,B0068 humnabad,C0712 hudgi,68.56,33.5,198,37.79,5.0,172,-30.77,-28.5,-15.38,2022-23 -> 2024-25,CAVEAT: items differ across years but map to a constant competency framework. Item-level year comparisons mix learning and instrument change; competency-level comparisons are more defensible (still assume similar difficulty within competency). Prefer rankings and competency-level statements across years.
Tumakuru,B0091 madhugiri,C0246 bijavara,80.42,60.0,71,49.73,15.0,240,-30.69,-45.0,-15.34,2022-23 -> 2024-25,CAVEAT: items differ across years but map to a constant competency framework. Item-level year comparisons mix learning and instrument change; competency-level comparisons are more defensible (still assume similar difficulty within competency). Prefer rankings and competency-level statements across years.
Dharwad,B0086 kundagol,C0862 kamadolli,86.87,70.0,310,56.31,25.0,508,-30.56,-45.0,-15.28,2022-23 -> 2024-25,CAVEAT: items differ across years but map to a constant competency framework. Item-level year comparisons mix learning and instrument change; competency-level comparisons are more defensible (still assume similar difficulty within competency). Prefer rankings and competency-level statements across years.
Ballari,B0128 siruguppa,"C1511 siruguppa, 5th ward",59.24,32.0,85,28.74,5.0,107,-30.5,-27.0,-15.25,2022-23 -> 2024-25,CAVEAT: items differ across years but map to a constant competency framework. Item-level year comparisons mix learning and instrument change; competency-level comparisons are more defensible (still assume similar difficulty within competency). Prefer rankings and competency-level statements across years.
Kalaburagi,B0119 sedam,C1468 sedam urdu,71.54,45.0,146,41.06,10.0,123,-30.48,-35.0,-15.24,2022-23 -> 2024-25,CAVEAT: items differ across years but map to a constant competency framework. Item-level year comparisons mix learning and instrument change; competency-level comparisons are more defensible (still assume similar difficulty within competency). Prefer rankings and competency-level statements across years.
Ramanagara,B0077 kanakapura,C1000 kottagalu,70.73,40.0,137,40.37,6.0,163,-30.36,-34.0,-15.18,2022-23 -> 2024-25,CAVEAT: items differ across years but map to a constant competency framework. Item-level year comparisons mix learning and instrument change; competency-level comparisons are more defensible (still assume similar difficulty within competency). Prefer rankings and competency-level statements across years.
Kalaburagi,B0002 aland,C0990 koralli,62.35,40.0,136,32.06,3.5,68,-30.29,-36.5,-15.14,2022-23 -> 2024-25,CAVEAT: items differ across years but map to a constant competency framework. Item-level year comparisons mix learning and instrument change; competency-level comparisons are more defensible (still assume similar difficulty within competency). Prefer rankings and competency-level statements across years.
Yadgir,B0123 shorapur,C0543 gundalgera,59.29,10.0,331,29.54,0.0,420,-29.75,-10.0,-14.88,2022-23 -> 2024-25,CAVEAT: items differ across years but map to a constant competency framework. Item-level year comparisons mix learning and instrument change; competency-level comparisons are more defensible (still assume similar difficulty within competency). Prefer rankings and competency-level statements across years.
Tumakuru,B0135 tiptur,C1304 nellikere,82.58,65.0,64,52.89,15.0,57,-29.69,-50.0,-14.84,2022-23 -> 2024-25,CAVEAT: items differ across years but map to a constant competency framework. Item-level year comparisons mix learning and instrument change; competency-level comparisons are more defensible (still assume similar difficulty within competency). Prefer rankings and competency-level statements across years.
Tumakuru,B0137 turuvekere,C0016 adithya patna,82.89,59.0,109,53.22,15.0,90,-29.67,-44.0,-14.84,2022-23 -> 2024-25,CAVEAT: items differ across years but map to a constant competency framework. Item-level year comparisons mix learning and instrument change; competency-level comparisons are more defensible (still assume similar difficulty within competency). Prefer rankings and competency-level statements across years.
Haveri,B0058 hirekerur,C0342 chikkerur,79.75,50.0,162,50.1,10.0,251,-29.65,-40.0,-14.82,2022-23 -> 2024-25,CAVEAT: items differ across years but map to a constant competency framework. Item-level year comparisons mix learning and instrument change; competency-level comparisons are more defensible (still assume similar difficulty within competency). Prefer rankings and competency-level statements across years.
Bagalkote,B0072 jamakhandi,C0779 jamakhandi west,71.58,43.5,60,42.09,5.0,86,-29.49,-38.5,-14.74,2022-23 -> 2024-25,CAVEAT: items differ across years but map to a constant competency framework. Item-level year comparisons mix learning and instrument change; competency-level comparisons are more defensible (still assume similar difficulty within competency). Prefer rankings and competency-level statements across years.
Yadgir,B0141 yadgir,C1086 madhawar,65.43,20.0,104,36.18,5.0,182,-29.25,-15.0,-14.62,2022-23 -> 2024-25,CAVEAT: items differ across years but map to a constant competency framework. Item-level year comparisons mix learning and instrument change; competency-level comparisons are more defensible (still assume similar difficulty within competency). Prefer rankings and competency-level statements across years.
Mandya,B0109 pandavapura,C1130 manikyanahalli,81.97,65.0,89,52.76,20.0,161,-29.21,-45.0,-14.6,2022-23 -> 2024-25,CAVEAT: items differ across years but map to a constant competency framework. Item-level year comparisons mix learning and instrument change; competency-level comparisons are more defensible (still assume similar difficulty within competency). Prefer rankings and competency-level statements across years.
Kalaburagi,B0001 afzalpur,C0517 gour (b),63.69,40.0,61,34.52,5.0,167,-29.17,-35.0,-14.58,2022-23 -> 2024-25,CAVEAT: items differ across years but map to a constant competency framework. Item-level year comparisons mix learning and instrument change; competency-level comparisons are more defensible (still assume similar difficulty within competency). Prefer rankings and competency-level statements across years.
Vijayanagara,B0065 hosapete,C0058 ananthasayana gudi,58.11,20.0,159,28.95,5.0,257,-29.16,-15.0,-14.58,2022-23 -> 2024-25,CAVEAT: items differ across years but map to a constant competency framework. Item-level year comparisons mix learning and instrument change; competency-level comparisons are more defensible (still assume similar difficulty within competency). Prefer rankings and competency-level statements across years.
Koppal,B0044 gangavathi,C0064 anegundi,59.51,25.0,213,30.42,0.0,430,-29.09,-25.0,-14.54,2022-23 -> 2024-25,CAVEAT: items differ across years but map to a constant competency framework. Item-level year comparisons mix learning and instrument change; competency-level comparisons are more defensible (still assume similar difficulty within competency). Prefer rankings and competency-level statements across years.
Kalaburagi,B0001 afzalpur,C1156 mashal,60.74,20.0,203,31.72,5.0,247,-29.02,-15.0,-14.51,2022-23 -> 2024-25,CAVEAT: items differ across years but map to a constant competency framework. Item-level year comparisons mix learning and instrument change; competency-level comparisons are more defensible (still assume similar difficulty within competency). Prefer rankings and competency-level statements across years.
Koppal,B0081 koppal,C0032 alawandi,60.97,20.0,242,31.96,0.0,369,-29.01,-20.0,-14.5,2022-23 -> 2024-25,CAVEAT: items differ across years but map to a constant competency framework. Item-level year comparisons mix learning and instrument change; competency-level comparisons are more defensible (still assume similar difficulty within competency). Prefer rankings and competency-level statements across years.
Bidar,B0015 basavakalyan,C0203 belura,68.42,30.0,139,39.7,5.0,168,-28.72,-25.0,-14.36,2022-23 -> 2024-25,CAVEAT: items differ across years but map to a constant competency framework. Item-level year comparisons mix learning and instrument change; competency-level comparisons are more defensible (still assume similar difficulty within competency). Prefer rankings and competency-level statements across years.
Vijayapura,B0070 indi,C0068 anjutagi,77.26,55.0,144,48.61,15.0,101,-28.65,-40.0,-14.32,2022-23 -> 2024-25,CAVEAT: items differ across years but map to a constant competency framework. Item-level year comparisons mix learning and instrument change; competency-level comparisons are more defensible (still assume similar difficulty within competency). Prefer rankings and competency-level statements across years.
Vijayanagara,B0051 hadagali,C0648 hire hadagali,62.72,25.0,243,34.11,0.0,488,-28.61,-25.0,-14.3,2022-23 -> 2024-25,CAVEAT: items differ across years but map to a constant competency framework. Item-level year comparisons mix learning and instrument change; competency-level comparisons are more defensible (still assume similar difficulty within competency). Prefer rankings and competency-level statements across years.
Yadgir,B0120 shahapur,C1706 wanadurga,63.56,31.5,284,34.98,5.0,317,-28.58,-26.5,-14.29,2022-23 -> 2024-25,CAVEAT: items differ across years but map to a constant competency framework. Item-level year comparisons mix learning and instrument change; competency-level comparisons are more defensible (still assume similar difficulty within competency). Prefer rankings and competency-level statements across years.
Ramanagara,B0112 ramanagara,C0774 jalamangala,77.24,55.0,87,48.67,15.0,49,-28.57,-40.0,-14.28,2022-23 -> 2024-25,CAVEAT: items differ across years but map to a constant competency framework. Item-level year comparisons mix learning and instrument change; competency-level comparisons are more defensible (still assume similar difficulty within competency). Prefer rankings and competency-level statements across years.
Kalaburagi,B0049 gulbarga south,C1274 nandikur,70.04,40.0,117,41.58,11.5,114,-28.46,-28.5,-14.23,2022-23 -> 2024-25,CAVEAT: items differ across years but map to a constant competency framework. Item-level year comparisons mix learning and instrument change; competency-level comparisons are more defensible (still assume similar difficulty within competency). Prefer rankings and competency-level statements across years.
Vijayapura,B0070 indi,C1434 salotagi,88.44,80.0,135,60.03,15.0,529,-28.41,-65.0,-14.2,2022-23 -> 2024-25,CAVEAT: items differ across years but map to a constant competency framework. Item-level year comparisons mix learning and instrument change; competency-level comparisons are more defensible (still assume similar difficulty within competency). Prefer rankings and competency-level statements across years.
Yadgir,B0123 shorapur,C0891 kannelli,68.14,40.0,320,39.81,5.0,241,-28.33,-35.0,-14.16,2022-23 -> 2024-25,CAVEAT: items differ across years but map to a constant competency framework. Item-level year comparisons mix learning and instrument change; competency-level comparisons are more defensible (still assume similar difficulty within competency). Prefer rankings and competency-level statements across years.
Mandya,B0103 nagamangala,C0258 bogadi,86.36,70.0,92,58.08,25.0,107,-28.28,-45.0,-14.14,2022-23 -> 2024-25,CAVEAT: items differ across years but map to a constant competency framework. Item-level year comparisons mix learning and instrument change; competency-level comparisons are more defensible (still assume similar difficulty within competency). Prefer rankings and competency-level statements across years.
Bidar,B0068 humnabad,C0205 bemalkheda,72.05,40.0,332,43.78,5.0,275,-28.27,-35.0,-14.14,2022-23 -> 2024-25,CAVEAT: items differ across years but map to a constant competency framework. Item-level year comparisons mix learning and instrument change; competency-level comparisons are more defensible (still assume similar difficulty within competency). Prefer rankings and competency-level statements across years.
Davanagere,B0062 honnali,C0554 h.gopagondanahalli,72.42,41.5,124,44.32,10.0,200,-28.1,-31.5,-14.05,2022-23 -> 2024-25,CAVEAT: items differ across years but map to a constant competency framework. Item-level year comparisons mix learning and instrument change; competency-level comparisons are more defensible (still assume similar difficulty within competency). Prefer rankings and competency-level statements across years.
Bagalkote,B0072 jamakhandi,C1027 kunchanur,68.88,20.0,120,40.96,5.0,432,-27.92,-15.0,-13.96,2022-23 -> 2024-25,CAVEAT: items differ across years but map to a constant competency framework. Item-level year comparisons mix learning and instrument change; competency-level comparisons are more defensible (still assume similar difficulty within competency). Prefer rankings and competency-level statements across years.
Belagavi,B0078 khanapur,C1619 tolagi,79.12,55.0,154,51.3,15.0,73,-27.82,-40.0,-13.91,2022-23 -> 2024-25,CAVEAT: items differ across years but map to a constant competency framework. Item-level year comparisons mix learning and instrument change; competency-level comparisons are more defensible (still assume similar difficulty within competency). Prefer rankings and competency-level statements across years.
Yadgir,B0123 shorapur,C1719 yaktapur,72.32,30.0,82,44.52,10.0,251,-27.8,-20.0,-13.9,2022-23 -> 2024-25,CAVEAT: items differ across years but map to a constant competency framework. Item-level year comparisons mix learning and instrument change; competency-level comparisons are more defensible (still assume similar difficulty within competency). Prefer rankings and competency-level statements across years.
Vijayapura,B0125 sindagi,C0929 kerutagi,67.57,30.0,146,39.96,5.0,495,-27.61,-25.0,-13.8,2022-23 -> 2024-25,CAVEAT: items differ across years but map to a constant competency framework. Item-level year comparisons mix learning and instrument change; competency-level comparisons are more defensible (still assume similar difficulty within competency). Prefer rankings and competency-level statements across years.
Dharwad,B0066 hubli,C0914 katnur,81.57,60.0,194,54.28,15.0,410,-27.29,-45.0,-13.64,2022-23 -> 2024-25,CAVEAT: items differ across years but map to a constant competency framework. Item-level year comparisons mix learning and instrument change; competency-level comparisons are more defensible (still assume similar difficulty within competency). Prefer rankings and competency-level statements across years.
Kalaburagi,B0048 gulbarga north,C0792 jeevanagi,66.11,35.0,126,38.83,10.0,145,-27.28,-25.0,-13.64,2022-23 -> 2024-25,CAVEAT: items differ across years but map to a constant competency framework. Item-level year comparisons mix learning and instrument change; competency-level comparisons are more defensible (still assume similar difficulty within competency). Prefer rankings and competency-level statements across years.
Vijayanagara,B0051 hadagali,C1243 mylara,67.93,35.0,259,40.68,5.0,440,-27.25,-30.0,-13.62,2022-23 -> 2024-25,CAVEAT: items differ across years but map to a constant competency framework. Item-level year comparisons mix learning and instrument change; competency-level comparisons are more defensible (still assume similar difficulty within competency). Prefer rankings and competency-level statements across years.
Belagavi,B0011 bailhongal,C1436 sampagaon,78.98,60.0,137,52.0,15.0,388,-26.98,-45.0,-13.49,2022-23 -> 2024-25,CAVEAT: items differ across years but map to a constant competency framework. Item-level year comparisons mix learning and instrument change; competency-level comparisons are more defensible (still assume similar difficulty within competency). Prefer rankings and competency-level statements across years.
Vijayanagara,B0084 kudligi,C0041 alur,75.44,45.0,136,48.51,5.0,84,-26.93,-40.0,-13.46,2022-23 -> 2024-25,CAVEAT: items differ across years but map to a constant competency framework. Item-level year comparisons mix learning and instrument change; competency-level comparisons are more defensible (still assume similar difficulty within competency). Prefer rankings and competency-level statements across years.
Tumakuru,B0135 tiptur,C1527 sooguru,87.38,70.0,61,60.46,19.0,109,-26.92,-51.0,-13.46,2022-23 -> 2024-25,CAVEAT: items differ across years but map to a constant competency framework. Item-level year comparisons mix learning and instrument change; competency-level comparisons are more defensible (still assume similar difficulty within competency). Prefer rankings and competency-level statements across years.
Kodagu,B0140 virajpet,C1364 polibetta,65.93,30.0,81,39.03,5.5,72,-26.9,-24.5,-13.45,2022-23 -> 2024-25,CAVEAT: items differ across years but map to a constant competency framework. Item-level year comparisons mix learning and instrument change; competency-level comparisons are more defensible (still assume similar difficulty within competency). Prefer rankings and competency-level statements across years.
Mandya,B0103 nagamangala,C0202 bellur,75.92,54.5,60,49.2,6.5,44,-26.72,-48.0,-13.36,2022-23 -> 2024-25,CAVEAT: items differ across years but map to a constant competency framework. Item-level year comparisons mix learning and instrument change; competency-level comparisons are more defensible (still assume similar difficulty within competency). Prefer rankings and competency-level statements across years.
Tumakuru,B0136 tumkur,C1261 nagavalli,83.86,67.0,79,57.15,20.0,221,-26.71,-47.0,-13.36,2022-23 -> 2024-25,CAVEAT: items differ across years but map to a constant competency framework. Item-level year comparisons mix learning and instrument change; competency-level comparisons are more defensible (still assume similar difficulty within competency). Prefer rankings and competency-level statements across years.
Yadgir,B0141 yadgir,C1427 saidapur,64.16,20.0,178,37.5,5.0,126,-26.66,-15.0,-13.33,2022-23 -> 2024-25,CAVEAT: items differ across years but map to a constant competency framework. Item-level year comparisons mix learning and instrument change; competency-level comparisons are more defensible (still assume similar difficulty within competency). Prefer rankings and competency-level statements across years.
Mandya,B0109 pandavapura,C1055 lakshmisagara,82.02,65.0,57,55.63,20.0,207,-26.39,-45.0,-13.2,2022-23 -> 2024-25,CAVEAT: items differ across years but map to a constant competency framework. Item-level year comparisons mix learning and instrument change; competency-level comparisons are more defensible (still assume similar difficulty within competency). Prefer rankings and competency-level statements across years.
Bengaluru Rural,B0042 doddaballapura,C1180 melekote,66.17,40.0,81,39.89,5.0,135,-26.28,-35.0,-13.14,2022-23 -> 2024-25,CAVEAT: items differ across years but map to a constant competency framework. Item-level year comparisons mix learning and instrument change; competency-level comparisons are more defensible (still assume similar difficulty within competency). Prefer rankings and competency-level statements across years.
Gadag,B0115 ron,C0507 gogeri,58.43,15.0,293,32.18,0.0,563,-26.25,-15.0,-13.12,2022-23 -> 2024-25,CAVEAT: items differ across years but map to a constant competency framework. Item-level year comparisons mix learning and instrument change; competency-level comparisons are more defensible (still assume similar difficulty within competency). Prefer rankings and competency-level statements across years.
Kodagu,B0140 virajpet,C1174 mayamudi,57.29,21.0,83,31.24,7.0,85,-26.05,-14.0,-13.02,2022-23 -> 2024-25,CAVEAT: items differ across years but map to a constant competency framework. Item-level year comparisons mix learning and instrument change; competency-level comparisons are more defensible (still assume similar difficulty within competency). Prefer rankings and competency-level statements across years.
Kalaburagi,B0002 aland,C0238 bhusanoor,55.07,15.0,227,29.11,0.0,507,-25.96,-15.0,-12.98,2022-23 -> 2024-25,CAVEAT: items differ across years but map to a constant competency framework. Item-level year comparisons mix learning and instrument change; competency-level comparisons are more defensible (still assume similar difficulty within competency). Prefer rankings and competency-level statements across years.
Haveri,B0058 hirekerur,C2767 yattinahalli,84.13,60.0,155,58.19,15.0,257,-25.94,-45.0,-12.97,2022-23 -> 2024-25,CAVEAT: items differ across years but map to a constant competency framework. Item-level year comparisons mix learning and instrument change; competency-level comparisons are more defensible (still assume similar difficulty within competency). Prefer rankings and competency-level statements across years.
Mandya,B0132 srirangapatna,C1339 pala hally,79.57,60.0,105,53.83,10.0,158,-25.74,-50.0,-12.87,2022-23 -> 2024-25,CAVEAT: items differ across years but map to a constant competency framework. Item-level year comparisons mix learning and instrument change; competency-level comparisons are more defensible (still assume similar difficulty within competency). Prefer rankings and competency-level statements across years.
Vijayanagara,B0051 hadagali,C0650 hire mallanakeri,70.81,45.0,154,45.19,10.0,386,-25.62,-35.0,-12.81,2022-23 -> 2024-25,CAVEAT: items differ across years but map to a constant competency framework. Item-level year comparisons mix learning and instrument change; competency-level comparisons are more defensible (still assume similar difficulty within competency). Prefer rankings and competency-level statements across years.
Vijayanagara,B0051 hadagali,C0680 holalu,61.38,20.0,239,35.94,5.0,344,-25.44,-15.0,-12.72,2022-23 -> 2024-25,CAVEAT: items differ across years but map to a constant competency framework. Item-level year comparisons mix learning and instrument change; competency-level comparisons are more defensible (still assume similar difficulty within competency). Prefer rankings and competency-level statements across years.
Bengaluru Rural,B0040 devanahalli,C0300 channahalli,80.22,50.0,179,54.8,15.0,205,-25.42,-35.0,-12.71,2022-23 -> 2024-25,CAVEAT: items differ across years but map to a constant competency framework. Item-level year comparisons mix learning and instrument change; competency-level comparisons are more defensible (still assume similar difficulty within competency). Prefer rankings and competency-level statements across years.
Chikkaballapura,B0010 bagepally,C0125 bagepalli rural,62.96,30.0,130,37.58,10.0,151,-25.38,-20.0,-12.69,2022-23 -> 2024-25,CAVEAT: items differ across years but map to a constant competency framework. Item-level year comparisons mix learning and instrument change; competency-level comparisons are more defensible (still assume similar difficulty within competency). Prefer rankings and competency-level statements across years.
Yadgir,B0123 shorapur,C1284 narayanpur,56.65,15.0,176,31.44,3.5,218,-25.21,-11.5,-12.6,2022-23 -> 2024-25,CAVEAT: items differ across years but map to a constant competency framework. Item-level year comparisons mix learning and instrument change; competency-level comparisons are more defensible (still assume similar difficulty within competency). Prefer rankings and competency-level statements across years.
Hassan,B0004 arakalagudu,C0926 keralapura,66.07,32.5,126,40.86,15.0,64,-25.21,-17.5,-12.6,2022-23 -> 2024-25,CAVEAT: items differ across years but map to a constant competency framework. Item-level year comparisons mix learning and instrument change; competency-level comparisons are more defensible (still assume similar difficulty within competency). Prefer rankings and competency-level statements across years.
Mandya,B0103 nagamangala,C0386 devalapura,80.92,60.0,120,55.74,30.0,47,-25.18,-30.0,-12.59,2022-23 -> 2024-25,CAVEAT: items differ across years but map to a constant competency framework. Item-level year comparisons mix learning and instrument change; competency-level comparisons are more defensible (still assume similar difficulty within competency). Prefer rankings and competency-level statements across years.
Chikkaballapura,B0034 chintamani,C1065 m gollahalli,82.91,70.0,79,57.77,25.0,56,-25.14,-45.0,-12.57,2022-23 -> 2024-25,CAVEAT: items differ across years but map to a constant competency framework. Item-level year comparisons mix learning and instrument change; competency-level comparisons are more defensible (still assume similar difficulty within competency). Prefer rankings and competency-level statements across years.
Vijayanagara,B0051 hadagali,C1531 sovena halli,64.22,20.0,204,39.11,10.0,140,-25.11,-10.0,-12.56,2022-23 -> 2024-25,CAVEAT: items differ across years but map to a constant competency framework. Item-level year comparisons mix learning and instrument change; competency-level comparisons are more defensible (still assume similar difficulty within competency). Prefer rankings and competency-level statements across years.
Mandya,B0132 srirangapatna,C1535 srirangapatna,72.84,40.0,81,47.75,5.0,71,-25.09,-35.0,-12.54,2022-23 -> 2024-25,CAVEAT: items differ across years but map to a constant competency framework. Item-level year comparisons mix learning and instrument change; competency-level comparisons are more defensible (still assume similar difficulty within competency). Prefer rankings and competency-level statements across years.
Haveri,B0058 hirekerur,C2170 hullatti,83.36,60.0,162,58.29,20.0,419,-25.07,-40.0,-12.54,2022-23 -> 2024-25,CAVEAT: items differ across years but map to a constant competency framework. Item-level year comparisons mix learning and instrument change; competency-level comparisons are more defensible (still assume similar difficulty within competency). Prefer rankings and competency-level statements across years.
Chamarajanagara,B0027 chamarajanagar,C2146 honganuru,72.36,35.0,212,47.29,10.0,227,-25.07,-25.0,-12.54,2022-23 -> 2024-25,CAVEAT: items differ across years but map to a constant competency framework. Item-level year comparisons mix learning and instrument change; competency-level comparisons are more defensible (still assume similar difficulty within competency). Prefer rankings and competency-level statements across years.
Koppal,B0081 koppal,C0665 hiresindhogi,60.67,23.0,97,35.64,5.0,475,-25.03,-18.0,-12.52,2022-23 -> 2024-25,CAVEAT: items differ across years but map to a constant competency framework. Item-level year comparisons mix learning and instrument change; competency-level comparisons are more defensible (still assume similar difficulty within competency). Prefer rankings and competency-level statements across years.
Tumakuru,B0136 tumkur,C0190 belagumba,89.49,75.0,89,64.5,30.0,252,-24.99,-45.0,-12.5,2022-23 -> 2024-25,CAVEAT: items differ across years but map to a constant competency framework. Item-level year comparisons mix learning and instrument change; competency-level comparisons are more defensible (still assume similar difficulty within competency). Prefer rankings and competency-level statements across years.
Bidar,B0007 aurad,C0470 gadikushnoor,63.02,3.5,58,38.11,5.0,259,-24.91,1.5,-12.46,2022-23 -> 2024-25,CAVEAT: items differ across years but map to a constant competency framework. Item-level year comparisons mix learning and instrument change; competency-level comparisons are more defensible (still assume similar difficulty within competency). Prefer rankings and competency-level statements across years.
Tumakuru,B0031 chiknayakanhalli,C1115 malligere,85.93,70.0,113,61.18,30.0,106,-24.75,-40.0,-12.38,2022-23 -> 2024-25,CAVEAT: items differ across years but map to a constant competency framework. Item-level year comparisons mix learning and instrument change; competency-level comparisons are more defensible (still assume similar difficulty within competency). Prefer rankings and competency-level statements across years.
Mandya,B0103 nagamangala,C0894 karada hally,81.12,60.0,85,56.6,23.0,97,-24.52,-37.0,-12.26,2022-23 -> 2024-25,CAVEAT: items differ across years but map to a constant competency framework. Item-level year comparisons mix learning and instrument change; competency-level comparisons are more defensible (still assume similar difficulty within competency). Prefer rankings and competency-level statements across years.
Hassan,B0057 hassan,C1431 salagame,77.41,57.5,56,52.92,19.5,60,-24.49,-38.0,-12.24,2022-23 -> 2024-25,CAVEAT: items differ across years but map to a constant competency framework. Item-level year comparisons mix learning and instrument change; competency-level comparisons are more defensible (still assume similar difficulty within competency). Prefer rankings and competency-level statements across years.
Vijayanagara,B0055 harapanahalli,C0086 arasikere,55.84,20.0,341,31.43,0.0,575,-24.41,-20.0,-12.2,2022-23 -> 2024-25,CAVEAT: items differ across years but map to a constant competency framework. Item-level year comparisons mix learning and instrument change; competency-level comparisons are more defensible (still assume similar difficulty within competency). Prefer rankings and competency-level statements across years.
Chitradurga,B0060 holalkere,C0544 gunderi,64.75,25.5,102,40.34,5.0,208,-24.41,-20.5,-12.2,2022-23 -> 2024-25,CAVEAT: items differ across years but map to a constant competency framework. Item-level year comparisons mix learning and instrument change; competency-level comparisons are more defensible (still assume similar difficulty within competency). Prefer rankings and competency-level statements across years.
Bidar,B0007 aurad,C1232 murki,68.7,42.5,146,44.39,18.0,107,-24.31,-24.5,-12.16,2022-23 -> 2024-25,CAVEAT: items differ across years but map to a constant competency framework. Item-level year comparisons mix learning and instrument change; competency-level comparisons are more defensible (still assume similar difficulty within competency). Prefer rankings and competency-level statements across years.
Bidar,B0007 aurad,C0103 aurad urdu,80.77,65.0,84,56.48,15.0,324,-24.29,-50.0,-12.14,2022-23 -> 2024-25,CAVEAT: items differ across years but map to a constant competency framework. Item-level year comparisons mix learning and instrument change; competency-level comparisons are more defensible (still assume similar difficulty within competency). Prefer rankings and competency-level statements across years.
Koppal,B0044 gangavathi,C0269 budagumpa,58.45,20.0,345,34.24,0.0,362,-24.21,-20.0,-12.1,2022-23 -> 2024-25,CAVEAT: items differ across years but map to a constant competency framework. Item-level year comparisons mix learning and instrument change; competency-level comparisons are more defensible (still assume similar difficulty within competency). Prefer rankings and competency-level statements across years.
Yadgir,B0141 yadgir,C1714 yadgir station,53.79,20.0,153,29.63,0.0,162,-24.16,-20.0,-12.08,2022-23 -> 2024-25,CAVEAT: items differ across years but map to a constant competency framework. Item-level year comparisons mix learning and instrument change; competency-level comparisons are more defensible (still assume similar difficulty within competency). Prefer rankings and competency-level statements across years.
Vijayanagara,B0055 harapanahalli,C1028 kunchuru,51.61,10.0,339,27.48,0.0,210,-24.13,-10.0,-12.06,2022-23 -> 2024-25,CAVEAT: items differ across years but map to a constant competency framework. Item-level year comparisons mix learning and instrument change; competency-level comparisons are more defensible (still assume similar difficulty within competency). Prefer rankings and competency-level statements across years.
Belagavi,B0098 mudalgi,C0214 betageri,67.8,35.0,143,43.69,5.0,806,-24.11,-30.0,-12.06,2022-23 -> 2024-25,CAVEAT: items differ across years but map to a constant competency framework. Item-level year comparisons mix learning and instrument change; competency-level comparisons are more defensible (still assume similar difficulty within competency). Prefer rankings and competency-level statements across years.
Mandya,B0093 malavally,C0107 b g pura,65.95,35.0,95,41.9,5.0,105,-24.05,-30.0,-12.02,2022-23 -> 2024-25,CAVEAT: items differ across years but map to a constant competency framework. Item-level year comparisons mix learning and instrument change; competency-level comparisons are more defensible (still assume similar difficulty within competency). Prefer rankings and competency-level statements across years.
Hassan,B0116 sakaleshapura,C0197 belegodu,72.57,40.0,167,48.6,15.0,172,-23.97,-25.0,-11.98,2022-23 -> 2024-25,CAVEAT: items differ across years but map to a constant competency framework. Item-level year comparisons mix learning and instrument change; competency-level comparisons are more defensible (still assume similar difficulty within competency). Prefer rankings and competency-level statements across years.
Dharwad,B0086 kundagol,C1463 saunshi,76.76,40.0,270,52.81,15.0,642,-23.95,-25.0,-11.98,2022-23 -> 2024-25,CAVEAT: items differ across years but map to a constant competency framework. Item-level year comparisons mix learning and instrument change; competency-level comparisons are more defensible (still assume similar difficulty within competency). Prefer rankings and competency-level statements across years.
Bidar,B0020 bidar,C0346 chimkod,60.3,28.0,67,36.38,5.0,134,-23.92,-23.0,-11.96,2022-23 -> 2024-25,CAVEAT: items differ across years but map to a constant competency framework. Item-level year comparisons mix learning and instrument change; competency-level comparisons are more defensible (still assume similar difficulty within competency). Prefer rankings and competency-level statements across years.
Mandya,B0132 srirangapatna,C0952 kodiyala,74.25,50.0,120,50.52,10.0,165,-23.73,-40.0,-11.86,2022-23 -> 2024-25,CAVEAT: items differ across years but map to a constant competency framework. Item-level year comparisons mix learning and instrument change; competency-level comparisons are more defensible (still assume similar difficulty within competency). Prefer rankings and competency-level statements across years.
Tumakuru,B0046 gubbi,C0427 doddaguni,91.67,80.0,93,68.02,40.0,111,-23.65,-40.0,-11.82,2022-23 -> 2024-25,CAVEAT: items differ across years but map to a constant competency framework. Item-level year comparisons mix learning and instrument change; competency-level comparisons are more defensible (still assume similar difficulty within competency). Prefer rankings and competency-level statements across years.
Kalaburagi,B0002 aland,C1432 salagar (v.k.),52.57,10.0,179,29.13,0.0,201,-23.44,-10.0,-11.72,2022-23 -> 2024-25,CAVEAT: items differ across years but map to a constant competency framework. Item-level year comparisons mix learning and instrument change; competency-level comparisons are more defensible (still assume similar difficulty within competency). Prefer rankings and competency-level statements across years.
Bidar,B0015 basavakalyan,C1457 sastapur,51.65,7.5,276,28.32,0.0,116,-23.33,-7.5,-11.66,2022-23 -> 2024-25,CAVEAT: items differ across years but map to a constant competency framework. Item-level year comparisons mix learning and instrument change; competency-level comparisons are more defensible (still assume similar difficulty within competency). Prefer rankings and competency-level statements across years.
Chikkaballapura,B0030 chikkaballapur,C0982 kondenahalli,64.97,30.0,170,41.67,0.0,60,-23.3,-30.0,-11.65,2022-23 -> 2024-25,CAVEAT: items differ across years but map to a constant competency framework. Item-level year comparisons mix learning and instrument change; competency-level comparisons are more defensible (still assume similar difficulty within competency). Prefer rankings and competency-level statements across years.
Mandya,B0132 srirangapatna,C0482 ganangooru,79.38,63.0,137,56.31,15.0,126,-23.07,-48.0,-11.54,2022-23 -> 2024-25,CAVEAT: items differ across years but map to a constant competency framework. Item-level year comparisons mix learning and instrument change; competency-level comparisons are more defensible (still assume similar difficulty within competency). Prefer rankings and competency-level statements across years.
Yadgir,B0141 yadgir,C1713 yadgir rural,67.88,41.0,113,44.89,15.0,94,-22.99,-26.0,-11.5,2022-23 -> 2024-25,CAVEAT: items differ across years but map to a constant competency framework. Item-level year comparisons mix learning and instrument change; competency-level comparisons are more defensible (still assume similar difficulty within competency). Prefer rankings and competency-level statements across years.
Bidar,B0007 aurad,C1622 torna,86.79,65.5,42,63.88,35.0,49,-22.91,-30.5,-11.46,2022-23 -> 2024-25,CAVEAT: items differ across years but map to a constant competency framework. Item-level year comparisons mix learning and instrument change; competency-level comparisons are more defensible (still assume similar difficulty within competency). Prefer rankings and competency-level statements across years.
Gadag,B0115 ron,C1050 lakkalakatti,58.92,26.0,143,36.01,5.0,407,-22.91,-21.0,-11.46,2022-23 -> 2024-25,CAVEAT: items differ across years but map to a constant competency framework. Item-level year comparisons mix learning and instrument change; competency-level comparisons are more defensible (still assume similar difficulty within competency). Prefer rankings and competency-level statements across years.
Mandya,B0132 srirangapatna,C0080 arakere,75.7,49.0,179,52.93,15.0,179,-22.77,-34.0,-11.38,2022-23 -> 2024-25,CAVEAT: items differ across years but map to a constant competency framework. Item-level year comparisons mix learning and instrument change; competency-level comparisons are more defensible (still assume similar difficulty within competency). Prefer rankings and competency-level statements across years.
Mandya,B0109 pandavapura,C0771 jakkana hally,78.45,60.0,84,55.7,20.0,136,-22.75,-40.0,-11.38,2022-23 -> 2024-25,CAVEAT: items differ across years but map to a constant competency framework. Item-level year comparisons mix learning and instrument change; competency-level comparisons are more defensible (still assume similar difficulty within competency). Prefer rankings and competency-level statements across years.
Yadgir,B0123 shorapur,C0903 kardakal,51.42,9.0,439,28.72,0.0,269,-22.7,-9.0,-11.35,2022-23 -> 2024-25,CAVEAT: items differ across years but map to a constant competency framework. Item-level year comparisons mix learning and instrument change; competency-level comparisons are more defensible (still assume similar difficulty within competency). Prefer rankings and competency-level statements across years.
Chitradurga,B0063 hosadurga,C0783 janakal,61.04,30.0,249,38.37,5.0,196,-22.67,-25.0,-11.34,2022-23 -> 2024-25,CAVEAT: items differ across years but map to a constant competency framework. Item-level year comparisons mix learning and instrument change; competency-level comparisons are more defensible (still assume similar difficulty within competency). Prefer rankings and competency-level statements across years.
Vijayanagara,B0065 hosapete,C1101 malapana gudi,57.09,20.0,148,34.58,5.0,309,-22.51,-15.0,-11.26,2022-23 -> 2024-25,CAVEAT: items differ across years but map to a constant competency framework. Item-level year comparisons mix learning and instrument change; competency-level comparisons are more defensible (still assume similar difficulty within competency). Prefer rankings and competency-level statements across years.
Vijayanagara,B0051 hadagali,C0913 kathe bennur,61.95,27.0,105,39.6,5.0,284,-22.35,-22.0,-11.18,2022-23 -> 2024-25,CAVEAT: items differ across years but map to a constant competency framework. Item-level year comparisons mix learning and instrument change; competency-level comparisons are more defensible (still assume similar difficulty within competency). Prefer rankings and competency-level statements across years.
Ballari,B0117 sandur,C0363 chornur,67.14,15.0,281,44.86,5.0,396,-22.28,-10.0,-11.14,2022-23 -> 2024-25,CAVEAT: items differ across years but map to a constant competency framework. Item-level year comparisons mix learning and instrument change; competency-level comparisons are more defensible (still assume similar difficulty within competency). Prefer rankings and competency-level statements across years.
Kalaburagi,B0048 gulbarga north,C0442 dongargaon,54.33,10.0,233,32.12,0.0,182,-22.21,-10.0,-11.1,2022-23 -> 2024-25,CAVEAT: items differ across years but map to a constant competency framework. Item-level year comparisons mix learning and instrument change; competency-level comparisons are more defensible (still assume similar difficulty within competency). Prefer rankings and competency-level statements across years.
Koppal,B0044 gangavathi,C1290 navali,66.05,30.0,196,43.85,10.0,404,-22.2,-20.0,-11.1,2022-23 -> 2024-25,CAVEAT: items differ across years but map to a constant competency framework. Item-level year comparisons mix learning and instrument change; competency-level comparisons are more defensible (still assume similar difficulty within competency). Prefer rankings and competency-level statements across years.
Kalaburagi,B0001 afzalpur,C0141 baluragi,61.71,10.0,299,39.59,5.0,241,-22.12,-5.0,-11.06,2022-23 -> 2024-25,CAVEAT: items differ across years but map to a constant competency framework. Item-level year comparisons mix learning and instrument change; competency-level comparisons are more defensible (still assume similar difficulty within competency). Prefer rankings and competency-level statements across years.
Bagalkote,B0099 mudhol,C1679 uttur,71.06,49.0,85,49.21,10.5,322,-21.85,-38.5,-10.92,2022-23 -> 2024-25,CAVEAT: items differ across years but map to a constant competency framework. Item-level year comparisons mix learning and instrument change; competency-level comparisons are more defensible (still assume similar difficulty within competency). Prefer rankings and competency-level statements across years.
Ballari,B0013 ballari west,C0496 genikehal,50.4,10.0,313,28.59,0.0,532,-21.81,-10.0,-10.9,2022-23 -> 2024-25,CAVEAT: items differ across years but map to a constant competency framework. Item-level year comparisons mix learning and instrument change; competency-level comparisons are more defensible (still assume similar difficulty within competency). Prefer rankings and competency-level statements across years.
Vijayanagara,B0055 harapanahalli,C1089 madihalli,55.58,15.0,293,33.78,0.0,164,-21.8,-15.0,-10.9,2022-23 -> 2024-25,CAVEAT: items differ across years but map to a constant competency framework. Item-level year comparisons mix learning and instrument change; competency-level comparisons are more defensible (still assume similar difficulty within competency). Prefer rankings and competency-level statements across years.
Kalaburagi,B0119 sedam,C1082 madana,47.96,15.0,164,26.21,0.0,294,-21.75,-15.0,-10.88,2022-23 -> 2024-25,CAVEAT: items differ across years but map to a constant competency framework. Item-level year comparisons mix learning and instrument change; competency-level comparisons are more defensible (still assume similar difficulty within competency). Prefer rankings and competency-level statements across years.
Ballari,B0117 sandur,C1592 tharanagara,56.56,15.0,672,34.82,5.0,663,-21.74,-10.0,-10.87,2022-23 -> 2024-25,CAVEAT: items differ across years but map to a constant competency framework. Item-level year comparisons mix learning and instrument change; competency-level comparisons are more defensible (still assume similar difficulty within competency). Prefer rankings and competency-level statements across years.
Bagalkote,B0008 badami,C0204 beluru,66.33,24.5,94,44.65,5.0,375,-21.68,-19.5,-10.84,2022-23 -> 2024-25,CAVEAT: items differ across years but map to a constant competency framework. Item-level year comparisons mix learning and instrument change; competency-level comparisons are more defensible (still assume similar difficulty within competency). Prefer rankings and competency-level statements across years.
Chikkaballapura,B0030 chikkaballapur,C1360 peresandra,82.1,66.0,93,60.44,24.0,79,-21.66,-42.0,-10.83,2022-23 -> 2024-25,CAVEAT: items differ across years but map to a constant competency framework. Item-level year comparisons mix learning and instrument change; competency-level comparisons are more defensible (still assume similar difficulty within competency). Prefer rankings and competency-level statements across years.
Hassan,B0018 belur,C0958 kogodu,78.68,60.0,53,57.04,34.5,120,-21.64,-25.5,-10.82,2022-23 -> 2024-25,CAVEAT: items differ across years but map to a constant competency framework. Item-level year comparisons mix learning and instrument change; competency-level comparisons are more defensible (still assume similar difficulty within competency). Prefer rankings and competency-level statements across years.
Vijayanagara,B0051 hadagali,C0758 ittigi,67.23,25.0,264,45.62,10.0,408,-21.61,-15.0,-10.8,2022-23 -> 2024-25,CAVEAT: items differ across years but map to a constant competency framework. Item-level year comparisons mix learning and instrument change; competency-level comparisons are more defensible (still assume similar difficulty within competency). Prefer rankings and competency-level statements across years.
Tumakuru,B0091 madhugiri,C0353 chinnenahally,80.0,76.0,2,58.45,25.0,139,-21.55,-51.0,-10.78,2022-23 -> 2024-25,CAVEAT: items differ across years but map to a constant competency framework. Item-level year comparisons mix learning and instrument change; competency-level comparisons are more defensible (still assume similar difficulty within competency). Prefer rankings and competency-level statements across years.
Davanagere,B0028 channagiri,C0396 devarahalli,62.5,25.0,66,40.98,10.0,127,-21.52,-15.0,-10.76,2022-23 -> 2024-25,CAVEAT: items differ across years but map to a constant competency framework. Item-level year comparisons mix learning and instrument change; competency-level comparisons are more defensible (still assume similar difficulty within competency). Prefer rankings and competency-level statements across years.
Tumakuru,B0046 gubbi,C0009 adagur,85.19,65.0,215,63.73,15.0,255,-21.46,-50.0,-10.73,2022-23 -> 2024-25,CAVEAT: items differ across years but map to a constant competency framework. Item-level year comparisons mix learning and instrument change; competency-level comparisons are more defensible (still assume similar difficulty within competency). Prefer rankings and competency-level statements across years.
Ramanagara,B0112 ramanagara,C0279 byramangala,92.21,81.5,34,70.79,35.0,63,-21.42,-46.5,-10.71,2022-23 -> 2024-25,CAVEAT: items differ across years but map to a constant competency framework. Item-level year comparisons mix learning and instrument change; competency-level comparisons are more defensible (still assume similar difficulty within competency). Prefer rankings and competency-level statements across years.
Tumakuru,B0031 chiknayakanhalli,C1163 mathighatta,90.68,80.0,125,69.34,35.0,128,-21.34,-45.0,-10.67,2022-23 -> 2024-25,CAVEAT: items differ across years but map to a constant competency framework. Item-level year comparisons mix learning and instrument change; competency-level comparisons are more defensible (still assume similar difficulty within competency). Prefer rankings and competency-level statements across years.
Raichur,B0111 raichur,C1506 singanodi,43.4,5.0,266,22.08,0.0,171,-21.32,-5.0,-10.66,2022-23 -> 2024-25,CAVEAT: items differ across years but map to a constant competency framework. Item-level year comparisons mix learning and instrument change; competency-level comparisons are more defensible (still assume similar difficulty within competency). Prefer rankings and competency-level statements across years.
Ramanagara,B0077 kanakapura,C0640 hegganuru,54.71,15.0,51,33.4,5.0,128,-21.31,-10.0,-10.66,2022-23 -> 2024-25,CAVEAT: items differ across years but map to a constant competency framework. Item-level year comparisons mix learning and instrument change; competency-level comparisons are more defensible (still assume similar difficulty within competency). Prefer rankings and competency-level statements across years.
Bidar,B0068 humnabad,C0472 gadwanthi,76.6,50.0,215,55.36,15.0,206,-21.24,-35.0,-10.62,2022-23 -> 2024-25,CAVEAT: items differ across years but map to a constant competency framework. Item-level year comparisons mix learning and instrument change; competency-level comparisons are more defensible (still assume similar difficulty within competency). Prefer rankings and competency-level statements across years.
Hassan,B0003 alur,C0804 k hosakote,74.48,36.0,153,53.26,15.0,241,-21.22,-21.0,-10.61,2022-23 -> 2024-25,CAVEAT: items differ across years but map to a constant competency framework. Item-level year comparisons mix learning and instrument change; competency-level comparisons are more defensible (still assume similar difficulty within competency). Prefer rankings and competency-level statements across years.
Mandya,B0103 nagamangala,C1303 nelligere,82.62,65.0,86,61.4,25.0,93,-21.22,-40.0,-10.61,2022-23 -> 2024-25,CAVEAT: items differ across years but map to a constant competency framework. Item-level year comparisons mix learning and instrument change; competency-level comparisons are more defensible (still assume similar difficulty within competency). Prefer rankings and competency-level statements across years.
Bagalkote,B0021 bilagi,C2668 teggi,65.95,25.0,200,44.86,10.0,356,-21.09,-15.0,-10.54,2022-23 -> 2024-25,CAVEAT: items differ across years but map to a constant competency framework. Item-level year comparisons mix learning and instrument change; competency-level comparisons are more defensible (still assume similar difficulty within competency). Prefer rankings and competency-level statements across years.
Yadgir,B0120 shahapur,C0443 doranahalli,69.44,30.0,186,48.36,20.0,223,-21.08,-10.0,-10.54,2022-23 -> 2024-25,CAVEAT: items differ across years but map to a constant competency framework. Item-level year comparisons mix learning and instrument change; competency-level comparisons are more defensible (still assume similar difficulty within competency). Prefer rankings and competency-level statements across years.
Dharwad,B0041 dharwad,C0039 alnavar,83.44,65.0,352,62.45,20.0,328,-20.99,-45.0,-10.5,2022-23 -> 2024-25,CAVEAT: items differ across years but map to a constant competency framework. Item-level year comparisons mix learning and instrument change; competency-level comparisons are more defensible (still assume similar difficulty within competency). Prefer rankings and competency-level statements across years.
Tumakuru,B0127 sira,C1081 madalooru,63.98,35.0,127,43.13,10.0,142,-20.85,-25.0,-10.42,2022-23 -> 2024-25,CAVEAT: items differ across years but map to a constant competency framework. Item-level year comparisons mix learning and instrument change; competency-level comparisons are more defensible (still assume similar difficulty within competency). Prefer rankings and competency-level statements across years.
Mandya,B0103 nagamangala,C0693 honnavara,75.38,55.0,104,54.55,13.0,77,-20.83,-42.0,-10.42,2022-23 -> 2024-25,CAVEAT: items differ across years but map to a constant competency framework. Item-level year comparisons mix learning and instrument change; competency-level comparisons are more defensible (still assume similar difficulty within competency). Prefer rankings and competency-level statements across years.
Kalaburagi,B0119 sedam,C0555 habala ( t ),56.54,20.0,188,35.77,5.0,336,-20.77,-15.0,-10.38,2022-23 -> 2024-25,CAVEAT: items differ across years but map to a constant competency framework. Item-level year comparisons mix learning and instrument change; competency-level comparisons are more defensible (still assume similar difficulty within competency). Prefer rankings and competency-level statements across years.
Vijayapura,B0125 sindagi,C1392 rampur pa,72.28,45.0,151,51.58,15.0,339,-20.7,-30.0,-10.35,2022-23 -> 2024-25,CAVEAT: items differ across years but map to a constant competency framework. Item-level year comparisons mix learning and instrument change; competency-level comparisons are more defensible (still assume similar difficulty within competency). Prefer rankings and competency-level statements across years.
Vijayanagara,B0065 hosapete,C0344 chilakana hatti,53.56,16.0,163,32.95,0.0,375,-20.61,-16.0,-10.3,2022-23 -> 2024-25,CAVEAT: items differ across years but map to a constant competency framework. Item-level year comparisons mix learning and instrument change; competency-level comparisons are more defensible (still assume similar difficulty within competency). Prefer rankings and competency-level statements across years.
Gadag,B0043 gadag rural,C1724 yalishirur,66.17,30.0,145,45.57,10.0,290,-20.6,-20.0,-10.3,2022-23 -> 2024-25,CAVEAT: items differ across years but map to a constant competency framework. Item-level year comparisons mix learning and instrument change; competency-level comparisons are more defensible (still assume similar difficulty within competency). Prefer rankings and competency-level statements across years.
Yadgir,B0120 shahapur,C1085 maddarki,66.5,25.0,123,45.95,5.0,404,-20.55,-20.0,-10.28,2022-23 -> 2024-25,CAVEAT: items differ across years but map to a constant competency framework. Item-level year comparisons mix learning and instrument change; competency-level comparisons are more defensible (still assume similar difficulty within competency). Prefer rankings and competency-level statements across years.
Ballari,B0117 sandur,C0236 bhujanga nagar,47.44,15.0,293,26.89,0.0,367,-20.55,-15.0,-10.28,2022-23 -> 2024-25,CAVEAT: items differ across years but map to a constant competency framework. Item-level year comparisons mix learning and instrument change; competency-level comparisons are more defensible (still assume similar difficulty within competency). Prefer rankings and competency-level statements across years.
Yadgir,B0123 shorapur,C1145 maranal,65.75,30.0,173,45.21,10.0,218,-20.54,-20.0,-10.27,2022-23 -> 2024-25,CAVEAT: items differ across years but map to a constant competency framework. Item-level year comparisons mix learning and instrument change; competency-level comparisons are more defensible (still assume similar difficulty within competency). Prefer rankings and competency-level statements across years.
Ramanagara,B0077 kanakapura,C0816 kabbal,81.93,62.5,96,61.39,25.0,90,-20.54,-37.5,-10.27,2022-23 -> 2024-25,CAVEAT: items differ across years but map to a constant competency framework. Item-level year comparisons mix learning and instrument change; competency-level comparisons are more defensible (still assume similar difficulty within competency). Prefer rankings and competency-level statements across years.
Vijayanagara,B0055 harapanahalli,C0358 chirasthahalli,57.5,20.0,100,36.99,5.0,505,-20.51,-15.0,-10.26,2022-23 -> 2024-25,CAVEAT: items differ across years but map to a constant competency framework. Item-level year comparisons mix learning and instrument change; competency-level comparisons are more defensible (still assume similar difficulty within competency). Prefer rankings and competency-level statements across years.
Bidar,B0007 aurad,C1004 koudgoan,72.1,48.0,107,51.62,14.0,99,-20.48,-34.0,-10.24,2022-23 -> 2024-25,CAVEAT: items differ across years but map to a constant competency framework. Item-level year comparisons mix learning and instrument change; competency-level comparisons are more defensible (still assume similar difficulty within competency). Prefer rankings and competency-level statements across years.
Mandya,B0109 pandavapura,C1346 pandava pura,86.19,75.0,42,65.71,35.0,63,-20.48,-40.0,-10.24,2022-23 -> 2024-25,CAVEAT: items differ across years but map to a constant competency framework. Item-level year comparisons mix learning and instrument change; competency-level comparisons are more defensible (still assume similar difficulty within competency). Prefer rankings and competency-level statements across years.
Tumakuru,B0087 kunigal,C0923 kempanahalli,78.06,50.0,103,57.59,25.0,56,-20.47,-25.0,-10.23,2022-23 -> 2024-25,CAVEAT: items differ across years but map to a constant competency framework. Item-level year comparisons mix learning and instrument change; competency-level comparisons are more defensible (still assume similar difficulty within competency). Prefer rankings and competency-level statements across years.
Koppal,B0143 yelburga,C0545 gunnal,63.09,30.0,217,42.68,10.0,524,-20.41,-20.0,-10.2,2022-23 -> 2024-25,CAVEAT: items differ across years but map to a constant competency framework. Item-level year comparisons mix learning and instrument change; competency-level comparisons are more defensible (still assume similar difficulty within competency). Prefer rankings and competency-level statements across years.
Kalaburagi,B0119 sedam,C1396 ranjol,39.62,5.0,236,19.31,0.0,116,-20.31,-5.0,-10.16,2022-23 -> 2024-25,CAVEAT: items differ across years but map to a constant competency framework. Item-level year comparisons mix learning and instrument change; competency-level comparisons are more defensible (still assume similar difficulty within competency). Prefer rankings and competency-level statements across years.
Yadgir,B0123 shorapur,C0948 kodekal,62.26,0.0,303,42.01,5.0,611,-20.25,5.0,-10.12,2022-23 -> 2024-25,CAVEAT: items differ across years but map to a constant competency framework. Item-level year comparisons mix learning and instrument change; competency-level comparisons are more defensible (still assume similar difficulty within competency). Prefer rankings and competency-level statements across years.
Haveri,B0149 haveri,C1987 devihosur,83.71,65.0,151,63.47,25.0,484,-20.24,-40.0,-10.12,2022-23 -> 2024-25,CAVEAT: items differ across years but map to a constant competency framework. Item-level year comparisons mix learning and instrument change; competency-level comparisons are more defensible (still assume similar difficulty within competency). Prefer rankings and competency-level statements across years.
Kalaburagi,B0033 chincholi,C0026 ainoli,52.53,10.0,279,32.3,5.0,300,-20.23,-5.0,-10.12,2022-23 -> 2024-25,CAVEAT: items differ across years but map to a constant competency framework. Item-level year comparisons mix learning and instrument change; competency-level comparisons are more defensible (still assume similar difficulty within competency). Prefer rankings and competency-level statements across years.
Haveri,B0114 ranebennur,C0289 chalageri,73.87,50.0,311,53.64,15.0,577,-20.23,-35.0,-10.12,2022-23 -> 2024-25,CAVEAT: items differ across years but map to a constant competency framework. Item-level year comparisons mix learning and instrument change; competency-level comparisons are more defensible (still assume similar difficulty within competency). Prefer rankings and competency-level statements across years.
Vijayanagara,B0065 hosapete,C1348 papinayakana hall,66.0,32.5,246,45.87,15.0,300,-20.13,-17.5,-10.06,2022-23 -> 2024-25,CAVEAT: items differ across years but map to a constant competency framework. Item-level year comparisons mix learning and instrument change; competency-level comparisons are more defensible (still assume similar difficulty within competency). Prefer rankings and competency-level statements across years.
Mandya,B0103 nagamangala,C1244 mylarapattana,77.9,50.0,112,57.99,23.0,127,-19.91,-27.0,-9.96,2022-23 -> 2024-25,CAVEAT: items differ across years but map to a constant competency framework. Item-level year comparisons mix learning and instrument change; competency-level comparisons are more defensible (still assume similar difficulty within competency). Prefer rankings and competency-level statements across years.
Hassan,B0116 sakaleshapura,C0971 kollahally,77.62,41.0,63,57.86,20.0,84,-19.76,-21.0,-9.88,2022-23 -> 2024-25,CAVEAT: items differ across years but map to a constant competency framework. Item-level year comparisons mix learning and instrument change; competency-level comparisons are more defensible (still assume similar difficulty within competency). Prefer rankings and competency-level statements across years.
Tumakuru,B0137 turuvekere,C1063 lokkammana halli,82.01,60.0,77,62.25,20.0,91,-19.76,-40.0,-9.88,2022-23 -> 2024-25,CAVEAT: items differ across years but map to a constant competency framework. Item-level year comparisons mix learning and instrument change; competency-level comparisons are more defensible (still assume similar difficulty within competency). Prefer rankings and competency-level statements across years.
Yadgir,B0123 shorapur,C0133 balashettihal,64.2,27.0,175,44.45,5.0,673,-19.75,-22.0,-9.88,2022-23 -> 2024-25,CAVEAT: items differ across years but map to a constant competency framework. Item-level year comparisons mix learning and instrument change; competency-level comparisons are more defensible (still assume similar difficulty within competency). Prefer rankings and competency-level statements across years.
Mandya,B0103 nagamangala,C0687 honakere,69.31,50.0,58,49.63,5.0,54,-19.68,-45.0,-9.84,2022-23 -> 2024-25,CAVEAT: items differ across years but map to a constant competency framework. Item-level year comparisons mix learning and instrument change; competency-level comparisons are more defensible (still assume similar difficulty within competency). Prefer rankings and competency-level statements across years.
Bengaluru Rural,B0064 hosakote,C0210 bendiganahalli,74.62,37.0,65,54.97,10.5,182,-19.65,-26.5,-9.82,2022-23 -> 2024-25,CAVEAT: items differ across years but map to a constant competency framework. Item-level year comparisons mix learning and instrument change; competency-level comparisons are more defensible (still assume similar difficulty within competency). Prefer rankings and competency-level statements across years.
Koppal,B0044 gangavathi,C0930 kesarahatti,59.38,20.0,248,39.77,5.0,386,-19.61,-15.0,-9.8,2022-23 -> 2024-25,CAVEAT: items differ across years but map to a constant competency framework. Item-level year comparisons mix learning and instrument change; competency-level comparisons are more defensible (still assume similar difficulty within competency). Prefer rankings and competency-level statements across years.
Belagavi,B0113 ramdurg,C1208 mudenur,73.61,43.0,147,54.03,15.0,437,-19.58,-28.0,-9.79,2022-23 -> 2024-25,CAVEAT: items differ across years but map to a constant competency framework. Item-level year comparisons mix learning and instrument change; competency-level comparisons are more defensible (still assume similar difficulty within competency). Prefer rankings and competency-level statements across years.
Hassan,B0018 belur,C1872 belur,78.65,52.0,85,59.07,30.0,356,-19.58,-22.0,-9.79,2022-23 -> 2024-25,CAVEAT: items differ across years but map to a constant competency framework. Item-level year comparisons mix learning and instrument change; competency-level comparisons are more defensible (still assume similar difficulty within competency). Prefer rankings and competency-level statements across years.
Tumakuru,B0137 turuvekere,C0673 hittala koppa,76.28,49.0,109,56.71,17.5,76,-19.57,-31.5,-9.78,2022-23 -> 2024-25,CAVEAT: items differ across years but map to a constant competency framework. Item-level year comparisons mix learning and instrument change; competency-level comparisons are more defensible (still assume similar difficulty within competency). Prefer rankings and competency-level statements across years.
Raichur,B0039 devadurga,C1546 sunkeswarahal,54.54,10.0,323,35.0,0.0,66,-19.54,-10.0,-9.77,2022-23 -> 2024-25,CAVEAT: items differ across years but map to a constant competency framework. Item-level year comparisons mix learning and instrument change; competency-level comparisons are more defensible (still assume similar difficulty within competency). Prefer rankings and competency-level statements across years.
Chikkaballapura,B0010 bagepally,C0288 chakavelu,57.66,10.0,62,38.17,5.0,197,-19.49,-5.0,-9.74,2022-23 -> 2024-25,CAVEAT: items differ across years but map to a constant competency framework. Item-level year comparisons mix learning and instrument change; competency-level comparisons are more defensible (still assume similar difficulty within competency). Prefer rankings and competency-level statements across years.
Belagavi,B0011 bailhongal,C0194 belavadi,76.97,55.0,109,57.49,15.0,1470,-19.48,-40.0,-9.74,2022-23 -> 2024-25,CAVEAT: items differ across years but map to a constant competency framework. Item-level year comparisons mix learning and instrument change; competency-level comparisons are more defensible (still assume similar difficulty within competency). Prefer rankings and competency-level statements across years.
Tumakuru,B0046 gubbi,C0983 kondli,83.72,65.0,113,64.36,25.0,109,-19.36,-40.0,-9.68,2022-23 -> 2024-25,CAVEAT: items differ across years but map to a constant competency framework. Item-level year comparisons mix learning and instrument change; competency-level comparisons are more defensible (still assume similar difficulty within competency). Prefer rankings and competency-level statements across years.
Bidar,B0015 basavakalyan,C0500 ghotal,64.58,24.0,319,45.23,15.0,281,-19.35,-9.0,-9.68,2022-23 -> 2024-25,CAVEAT: items differ across years but map to a constant competency framework. Item-level year comparisons mix learning and instrument change; competency-level comparisons are more defensible (still assume similar difficulty within competency). Prefer rankings and competency-level statements across years.
Raichur,B0111 raichur,C0401 devasugur,58.46,20.0,204,39.2,0.0,392,-19.26,-20.0,-9.63,2022-23 -> 2024-25,CAVEAT: items differ across years but map to a constant competency framework. Item-level year comparisons mix learning and instrument change; competency-level comparisons are more defensible (still assume similar difficulty within competency). Prefer rankings and competency-level statements across years.
Mandya,B0103 nagamangala,C0059 anchechittanahalli,74.83,45.0,115,55.6,15.0,84,-19.23,-30.0,-9.62,2022-23 -> 2024-25,CAVEAT: items differ across years but map to a constant competency framework. Item-level year comparisons mix learning and instrument change; competency-level comparisons are more defensible (still assume similar difficulty within competency). Prefer rankings and competency-level statements across years.
Chikkaballapura,B0124 sidlaghatta,C1422 sadali,61.9,30.0,71,42.69,15.0,91,-19.21,-15.0,-9.6,2022-23 -> 2024-25,CAVEAT: items differ across years but map to a constant competency framework. Item-level year comparisons mix learning and instrument change; competency-level comparisons are more defensible (still assume similar difficulty within competency). Prefer rankings and competency-level statements across years.
Hassan,B0057 hassan,C1151 markuli,74.13,38.0,69,55.0,55.0,1,-19.13,17.0,-9.56,2022-23 -> 2024-25,CAVEAT: items differ across years but map to a constant competency framework. Item-level year comparisons mix learning and instrument change; competency-level comparisons are more defensible (still assume similar difficulty within competency). Prefer rankings and competency-level statements across years.
Tumakuru,B0135 tiptur,C0531 gudigondanahalli,75.62,50.0,89,56.56,30.0,243,-19.06,-20.0,-9.53,2022-23 -> 2024-25,CAVEAT: items differ across years but map to a constant competency framework. Item-level year comparisons mix learning and instrument change; competency-level comparisons are more defensible (still assume similar difficulty within competency). Prefer rankings and competency-level statements across years.
Tumakuru,B0137 turuvekere,C0282 bythara hosahalli,82.33,60.0,45,63.28,40.0,58,-19.05,-20.0,-9.52,2022-23 -> 2024-25,CAVEAT: items differ across years but map to a constant competency framework. Item-level year comparisons mix learning and instrument change; competency-level comparisons are more defensible (still assume similar difficulty within competency). Prefer rankings and competency-level statements across years.
Raichur,B0089 lingasugur,C0181 bayyapur,53.82,14.5,250,34.77,5.0,129,-19.05,-9.5,-9.52,2022-23 -> 2024-25,CAVEAT: items differ across years but map to a constant competency framework. Item-level year comparisons mix learning and instrument change; competency-level comparisons are more defensible (still assume similar difficulty within competency). Prefer rankings and competency-level statements across years.
Mandya,B0093 malavally,C1320 nitturu,75.44,48.0,34,56.46,23.0,157,-18.98,-25.0,-9.49,2022-23 -> 2024-25,CAVEAT: items differ across years but map to a constant competency framework. Item-level year comparisons mix learning and instrument change; competency-level comparisons are more defensible (still assume similar difficulty within competency). Prefer rankings and competency-level statements across years.
Mandya,B0109 pandavapura,C0328 chikkabyadarahalli,81.13,70.0,53,62.17,25.0,143,-18.96,-45.0,-9.48,2022-23 -> 2024-25,CAVEAT: items differ across years but map to a constant competency framework. Item-level year comparisons mix learning and instrument change; competency-level comparisons are more defensible (still assume similar difficulty within competency). Prefer rankings and competency-level statements across years.
Tumakuru,B0137 turuvekere,C0090 aremallenahalli,79.4,50.0,117,60.44,25.0,91,-18.96,-25.0,-9.48,2022-23 -> 2024-25,CAVEAT: items differ across years but map to a constant competency framework. Item-level year comparisons mix learning and instrument change; competency-level comparisons are more defensible (still assume similar difficulty within competency). Prefer rankings and competency-level statements across years.
Vijayapura,B0070 indi,C0097 atharga,59.93,24.0,149,40.97,5.0,373,-18.96,-19.0,-9.48,2022-23 -> 2024-25,CAVEAT: items differ across years but map to a constant competency framework. Item-level year comparisons mix learning and instrument change; competency-level comparisons are more defensible (still assume similar difficulty within competency). Prefer rankings and competency-level statements across years.
Tumakuru,B0136 tumkur,C0386 devalapura,83.43,63.5,108,64.48,32.0,135,-18.95,-31.5,-9.48,2022-23 -> 2024-25,CAVEAT: items differ across years but map to a constant competency framework. Item-level year comparisons mix learning and instrument change; competency-level comparisons are more defensible (still assume similar difficulty within competency). Prefer rankings and competency-level statements across years.
Tumakuru,B0087 kunigal,C0722 huliyurdurga,71.61,34.5,90,52.67,20.0,90,-18.94,-14.5,-9.47,2022-23 -> 2024-25,CAVEAT: items differ across years but map to a constant competency framework. Item-level year comparisons mix learning and instrument change; competency-level comparisons are more defensible (still assume similar difficulty within competency). Prefer rankings and competency-level statements across years.
Vijayanagara,B0055 harapanahalli,C0211 bennehalli,50.93,10.0,372,32.17,0.0,456,-18.76,-10.0,-9.38,2022-23 -> 2024-25,CAVEAT: items differ across years but map to a constant competency framework. Item-level year comparisons mix learning and instrument change; competency-level comparisons are more defensible (still assume similar difficulty within competency). Prefer rankings and competency-level statements across years.
Vijayanagara,B0065 hosapete,C1538 suggenahalli,60.03,25.0,149,41.27,0.0,110,-18.76,-25.0,-9.38,2022-23 -> 2024-25,CAVEAT: items differ across years but map to a constant competency framework. Item-level year comparisons mix learning and instrument change; competency-level comparisons are more defensible (still assume similar difficulty within competency). Prefer rankings and competency-level statements across years.
Bidar,B0068 humnabad,C0298 changlera,61.41,10.0,308,42.69,5.0,469,-18.72,-5.0,-9.36,2022-23 -> 2024-25,CAVEAT: items differ across years but map to a constant competency framework. Item-level year comparisons mix learning and instrument change; competency-level comparisons are more defensible (still assume similar difficulty within competency). Prefer rankings and competency-level statements across years.
Koppal,B0081 koppal,C0502 gingera,59.23,25.0,395,40.51,5.0,590,-18.72,-20.0,-9.36,2022-23 -> 2024-25,CAVEAT: items differ across years but map to a constant competency framework. Item-level year comparisons mix learning and instrument change; competency-level comparisons are more defensible (still assume similar difficulty within competency). Prefer rankings and competency-level statements across years.
Chamarajanagara,B0027 chamarajanagar,C0641 heggotara,59.19,20.0,223,40.53,5.0,159,-18.66,-15.0,-9.33,2022-23 -> 2024-25,CAVEAT: items differ across years but map to a constant competency framework. Item-level year comparisons mix learning and instrument change; competency-level comparisons are more defensible (still assume similar difficulty within competency). Prefer rankings and competency-level statements across years.
Kodagu,B0129 somavarpet,C1524 somvarpet,75.42,51.5,24,56.79,20.0,81,-18.63,-31.5,-9.31,2022-23 -> 2024-25,CAVEAT: items differ across years but map to a constant competency framework. Item-level year comparisons mix learning and instrument change; competency-level comparisons are more defensible (still assume similar difficulty within competency). Prefer rankings and competency-level statements across years.
Chamarajanagara,B0027 chamarajanagar,C0608 haradana halli,63.46,25.0,340,44.92,15.0,394,-18.54,-10.0,-9.27,2022-23 -> 2024-25,CAVEAT: items differ across years but map to a constant competency framework. Item-level year comparisons mix learning and instrument change; competency-level comparisons are more defensible (still assume similar difficulty within competency). Prefer rankings and competency-level statements across years.
Raichur,B0039 devadurga,C0476 galag,48.33,5.0,469,29.83,0.0,321,-18.5,-5.0,-9.25,2022-23 -> 2024-25,CAVEAT: items differ across years but map to a constant competency framework. Item-level year comparisons mix learning and instrument change; competency-level comparisons are more defensible (still assume similar difficulty within competency). Prefer rankings and competency-level statements across years.
Bengaluru Rural,B0064 hosakote,C0766 jadigenahalli,62.67,20.0,101,44.17,10.0,90,-18.5,-10.0,-9.25,2022-23 -> 2024-25,CAVEAT: items differ across years but map to a constant competency framework. Item-level year comparisons mix learning and instrument change; competency-level comparisons are more defensible (still assume similar difficulty within competency). Prefer rankings and competency-level statements across years.
Kalaburagi,B0048 gulbarga north,C0069 ankalaga,64.07,30.0,151,45.58,19.5,130,-18.49,-10.5,-9.24,2022-23 -> 2024-25,CAVEAT: items differ across years but map to a constant competency framework. Item-level year comparisons mix learning and instrument change; competency-level comparisons are more defensible (still assume similar difficulty within competency). Prefer rankings and competency-level statements across years.
Ballari,B0013 ballari west,C0856 kallukamba,47.85,10.0,449,29.43,4.5,710,-18.42,-5.5,-9.21,2022-23 -> 2024-25,CAVEAT: items differ across years but map to a constant competency framework. Item-level year comparisons mix learning and instrument change; competency-level comparisons are more defensible (still assume similar difficulty within competency). Prefer rankings and competency-level statements across years.
Vijayanagara,B0084 kudligi,C0711 hudem,46.73,5.0,156,28.33,0.0,177,-18.4,-5.0,-9.2,2022-23 -> 2024-25,CAVEAT: items differ across years but map to a constant competency framework. Item-level year comparisons mix learning and instrument change; competency-level comparisons are more defensible (still assume similar difficulty within competency). Prefer rankings and competency-level statements across years.
Tumakuru,B0136 tumkur,C0537 gulur,84.04,65.0,171,65.65,27.0,285,-18.39,-38.0,-9.2,2022-23 -> 2024-25,CAVEAT: items differ across years but map to a constant competency framework. Item-level year comparisons mix learning and instrument change; competency-level comparisons are more defensible (still assume similar difficulty within competency). Prefer rankings and competency-level statements across years.
Ballari,B0117 sandur,C0152 bandri,48.51,5.0,397,30.12,0.0,589,-18.39,-5.0,-9.2,2022-23 -> 2024-25,CAVEAT: items differ across years but map to a constant competency framework. Item-level year comparisons mix learning and instrument change; competency-level comparisons are more defensible (still assume similar difficulty within competency). Prefer rankings and competency-level statements across years.
Koppal,B0044 gangavathi,C0334 chikkajanthakal,50.56,10.0,288,32.18,0.0,472,-18.38,-10.0,-9.19,2022-23 -> 2024-25,CAVEAT: items differ across years but map to a constant competency framework. Item-level year comparisons mix learning and instrument change; competency-level comparisons are more defensible (still assume similar difficulty within competency). Prefer rankings and competency-level statements across years.
Tumakuru,B0137 turuvekere,C1438 sampige hosahalli,82.44,60.0,154,64.07,31.0,113,-18.37,-29.0,-9.19,2022-23 -> 2024-25,CAVEAT: items differ across years but map to a constant competency framework. Item-level year comparisons mix learning and instrument change; competency-level comparisons are more defensible (still assume similar difficulty within competency). Prefer rankings and competency-level statements across years.
Bidar,B0015 basavakalyan,C1136 manthal,59.64,15.5,192,41.28,10.0,195,-18.36,-5.5,-9.18,2022-23 -> 2024-25,CAVEAT: items differ across years but map to a constant competency framework. Item-level year comparisons mix learning and instrument change; competency-level comparisons are more defensible (still assume similar difficulty within competency). Prefer rankings and competency-level statements across years.
Haveri,B0053 hanagal,C2624 shyadaguppi,70.6,35.0,150,52.28,15.0,381,-18.32,-20.0,-9.16,2022-23 -> 2024-25,CAVEAT: items differ across years but map to a constant competency framework. Item-level year comparisons mix learning and instrument change; competency-level comparisons are more defensible (still assume similar difficulty within competency). Prefer rankings and competency-level statements across years.
Koppal,B0081 koppal,C0941 kinnal(bhagyanagar),65.25,30.0,284,46.93,10.0,298,-18.32,-20.0,-9.16,2022-23 -> 2024-25,CAVEAT: items differ across years but map to a constant competency framework. Item-level year comparisons mix learning and instrument change; competency-level comparisons are more defensible (still assume similar difficulty within competency). Prefer rankings and competency-level statements across years.
Hassan,B0057 hassan,C0604 hanumanthapura,80.5,55.0,180,62.2,21.5,134,-18.3,-33.5,-9.15,2022-23 -> 2024-25,CAVEAT: items differ across years but map to a constant competency framework. Item-level year comparisons mix learning and instrument change; competency-level comparisons are more defensible (still assume similar difficulty within competency). Prefer rankings and competency-level statements across years.
Bengaluru Rural,B0042 doddaballapura,C0083 aralumallige,67.39,25.0,90,49.11,15.0,180,-18.28,-10.0,-9.14,2022-23 -> 2024-25,CAVEAT: items differ across years but map to a constant competency framework. Item-level year comparisons mix learning and instrument change; competency-level comparisons are more defensible (still assume similar difficulty within competency). Prefer rankings and competency-level statements across years.
Chamarajanagara,B0080 kollegala,C1222 mulluru,69.85,35.0,377,51.63,15.0,365,-18.22,-20.0,-9.11,2022-23 -> 2024-25,CAVEAT: items differ across years but map to a constant competency framework. Item-level year comparisons mix learning and instrument change; competency-level comparisons are more defensible (still assume similar difficulty within competency). Prefer rankings and competency-level statements across years.
Kalaburagi,B0033 chincholi,C1414 rummangud,47.22,10.0,317,29.01,0.0,380,-18.21,-10.0,-9.1,2022-23 -> 2024-25,CAVEAT: items differ across years but map to a constant competency framework. Item-level year comparisons mix learning and instrument change; competency-level comparisons are more defensible (still assume similar difficulty within competency). Prefer rankings and competency-level statements across years.
Bagalkote,B0008 badami,C0911 katageri,71.28,50.0,125,53.07,15.0,475,-18.21,-35.0,-9.1,2022-23 -> 2024-25,CAVEAT: items differ across years but map to a constant competency framework. Item-level year comparisons mix learning and instrument change; competency-level comparisons are more defensible (still assume similar difficulty within competency). Prefer rankings and competency-level statements across years.
Kodagu,B0129 somavarpet,C1265 najrayapatana,65.85,30.0,188,47.67,15.0,210,-18.18,-15.0,-9.09,2022-23 -> 2024-25,CAVEAT: items differ across years but map to a constant competency framework. Item-level year comparisons mix learning and instrument change; competency-level comparisons are more defensible (still assume similar difficulty within competency). Prefer rankings and competency-level statements across years.
Koppal,B0081 koppal,C0672 hitnal,62.17,25.0,253,44.0,5.0,376,-18.17,-20.0,-9.08,2022-23 -> 2024-25,CAVEAT: items differ across years but map to a constant competency framework. Item-level year comparisons mix learning and instrument change; competency-level comparisons are more defensible (still assume similar difficulty within competency). Prefer rankings and competency-level statements across years.
Koppal,B0081 koppal,C0214 betageri,56.57,15.0,300,38.42,5.0,507,-18.15,-10.0,-9.08,2022-23 -> 2024-25,CAVEAT: items differ across years but map to a constant competency framework. Item-level year comparisons mix learning and instrument change; competency-level comparisons are more defensible (still assume similar difficulty within competency). Prefer rankings and competency-level statements across years.
Chamarajanagara,B0027 chamarajanagar,C1125 mangala,57.81,20.0,180,39.68,5.0,154,-18.13,-15.0,-9.06,2022-23 -> 2024-25,CAVEAT: items differ across years but map to a constant competency framework. Item-level year comparisons mix learning and instrument change; competency-level comparisons are more defensible (still assume similar difficulty within competency). Prefer rankings and competency-level statements across years.
Ballari,B0117 sandur,C1701 vittalapura,50.93,10.0,359,32.82,5.0,225,-18.11,-5.0,-9.06,2022-23 -> 2024-25,CAVEAT: items differ across years but map to a constant competency framework. Item-level year comparisons mix learning and instrument change; competency-level comparisons are more defensible (still assume similar difficulty within competency). Prefer rankings and competency-level statements across years.
Vijayanagara,B0065 hosapete,"C0003 8th ward, kampli",62.82,30.0,342,44.73,5.0,469,-18.09,-25.0,-9.04,2022-23 -> 2024-25,CAVEAT: items differ across years but map to a constant competency framework. Item-level year comparisons mix learning and instrument change; competency-level comparisons are more defensible (still assume similar difficulty within competency). Prefer rankings and competency-level statements across years.
Koppal,B0044 gangavathi,C0172 basapattan,67.43,37.5,136,49.38,10.0,250,-18.05,-27.5,-9.02,2022-23 -> 2024-25,CAVEAT: items differ across years but map to a constant competency framework. Item-level year comparisons mix learning and instrument change; competency-level comparisons are more defensible (still assume similar difficulty within competency). Prefer rankings and competency-level statements across years.
Vijayanagara,B0055 harapanahalli,C0820 kadabagere,53.48,14.5,270,35.46,0.0,326,-18.02,-14.5,-9.01,2022-23 -> 2024-25,CAVEAT: items differ across years but map to a constant competency framework. Item-level year comparisons mix learning and instrument change; competency-level comparisons are more defensible (still assume similar difficulty within competency). Prefer rankings and competency-level statements across years.
Vijayanagara,B0055 harapanahalli,C0321 chigateri,50.6,15.0,411,32.6,5.0,360,-18.0,-10.0,-9.0,2022-23 -> 2024-25,CAVEAT: items differ across years but map to a constant competency framework. Item-level year comparisons mix learning and instrument change; competency-level comparisons are more defensible (still assume similar difficulty within competency). Prefer rankings and competency-level statements across years.
Gadag,B0102 mundaragi,C1225 mundaragi rural,52.28,20.0,151,34.3,5.0,151,-17.98,-15.0,-8.99,2022-23 -> 2024-25,CAVEAT: items differ across years but map to a constant competency framework. Item-level year comparisons mix learning and instrument change; competency-level comparisons are more defensible (still assume similar difficulty within competency). Prefer rankings and competency-level statements across years.
Chitradurga,B0026 challakere,C1292 nayakanahatti,41.14,0.0,193,23.17,0.0,210,-17.97,0.0,-8.98,2022-23 -> 2024-25,CAVEAT: items differ across years but map to a constant competency framework. Item-level year comparisons mix learning and instrument change; competency-level comparisons are more defensible (still assume similar difficulty within competency). Prefer rankings and competency-level statements across years.
Raichur,B0089 lingasugur,C1176 mediknal,59.89,25.0,174,41.96,10.0,230,-17.93,-15.0,-8.96,2022-23 -> 2024-25,CAVEAT: items differ across years but map to a constant competency framework. Item-level year comparisons mix learning and instrument change; competency-level comparisons are more defensible (still assume similar difficulty within competency). Prefer rankings and competency-level statements across years.
Vijayanagara,B0084 kudligi,C0367 chowdapura,40.78,5.0,594,22.86,0.0,271,-17.92,-5.0,-8.96,2022-23 -> 2024-25,CAVEAT: items differ across years but map to a constant competency framework. Item-level year comparisons mix learning and instrument change; competency-level comparisons are more defensible (still assume similar difficulty within competency). Prefer rankings and competency-level statements across years.
Yadgir,B0123 shorapur,C0495 geddalmari,61.29,16.5,494,43.38,5.0,247,-17.91,-11.5,-8.96,2022-23 -> 2024-25,CAVEAT: items differ across years but map to a constant competency framework. Item-level year comparisons mix learning and instrument change; competency-level comparisons are more defensible (still assume similar difficulty within competency). Prefer rankings and competency-level statements across years.
Yadgir,B0141 yadgir,C1744 yelheri,53.79,10.0,124,35.92,5.0,120,-17.87,-5.0,-8.94,2022-23 -> 2024-25,CAVEAT: items differ across years but map to a constant competency framework. Item-level year comparisons mix learning and instrument change; competency-level comparisons are more defensible (still assume similar difficulty within competency). Prefer rankings and competency-level statements across years.
Chitradurga,B0026 challakere,C1177 meerasabeehalli,44.26,5.0,316,26.41,0.0,309,-17.85,-5.0,-8.92,2022-23 -> 2024-25,CAVEAT: items differ across years but map to a constant competency framework. Item-level year comparisons mix learning and instrument change; competency-level comparisons are more defensible (still assume similar difficulty within competency). Prefer rankings and competency-level statements across years.
Chikkaballapura,B0124 sidlaghatta,C0176 basettyhalli,60.52,20.0,164,42.68,10.0,218,-17.84,-10.0,-8.92,2022-23 -> 2024-25,CAVEAT: items differ across years but map to a constant competency framework. Item-level year comparisons mix learning and instrument change; competency-level comparisons are more defensible (still assume similar difficulty within competency). Prefer rankings and competency-level statements across years.
Hassan,B0005 arasikere,C0127 bageshpura,81.67,65.0,81,63.84,30.0,245,-17.83,-35.0,-8.92,2022-23 -> 2024-25,CAVEAT: items differ across years but map to a constant competency framework. Item-level year comparisons mix learning and instrument change; competency-level comparisons are more defensible (still assume similar difficulty within competency). Prefer rankings and competency-level statements across years.
Mandya,B0103 nagamangala,C1173 mayagonahalli,68.26,42.0,95,50.45,10.0,66,-17.81,-32.0,-8.9,2022-23 -> 2024-25,CAVEAT: items differ across years but map to a constant competency framework. Item-level year comparisons mix learning and instrument change; competency-level comparisons are more defensible (still assume similar difficulty within competency). Prefer rankings and competency-level statements across years.
Tumakuru,B0046 gubbi,C1121 manchaladore,67.24,35.0,165,49.45,10.0,172,-17.79,-25.0,-8.9,2022-23 -> 2024-25,CAVEAT: items differ across years but map to a constant competency framework. Item-level year comparisons mix learning and instrument change; competency-level comparisons are more defensible (still assume similar difficulty within competency). Prefer rankings and competency-level statements across years.
Bidar,B0019 bhalki,C0227 bhatambra (urdu),58.64,25.0,125,40.92,5.5,92,-17.72,-19.5,-8.86,2022-23 -> 2024-25,CAVEAT: items differ across years but map to a constant competency framework. Item-level year comparisons mix learning and instrument change; competency-level comparisons are more defensible (still assume similar difficulty within competency). Prefer rankings and competency-level statements across years.
Bagalkote,B0072 jamakhandi,C0735 hunnur,78.54,50.0,213,60.82,30.0,470,-17.72,-20.0,-8.86,2022-23 -> 2024-25,CAVEAT: items differ across years but map to a constant competency framework. Item-level year comparisons mix learning and instrument change; competency-level comparisons are more defensible (still assume similar difficulty within competency). Prefer rankings and competency-level statements across years.
Ballari,B0013 ballari west,C0974 koluru,44.32,0.0,400,26.63,0.0,527,-17.69,0.0,-8.84,2022-23 -> 2024-25,CAVEAT: items differ across years but map to a constant competency framework. Item-level year comparisons mix learning and instrument change; competency-level comparisons are more defensible (still assume similar difficulty within competency). Prefer rankings and competency-level statements across years.
Chitradurga,B0026 challakere,C1245 n mahadevapura,47.86,10.0,529,30.18,0.0,333,-17.68,-10.0,-8.84,2022-23 -> 2024-25,CAVEAT: items differ across years but map to a constant competency framework. Item-level year comparisons mix learning and instrument change; competency-level comparisons are more defensible (still assume similar difficulty within competency). Prefer rankings and competency-level statements across years.
Bagalkote,B0099 mudhol,C0225 bhantanur,57.56,25.0,86,40.0,10.0,142,-17.56,-15.0,-8.78,2022-23 -> 2024-25,CAVEAT: items differ across years but map to a constant competency framework. Item-level year comparisons mix learning and instrument change; competency-level comparisons are more defensible (still assume similar difficulty within competency). Prefer rankings and competency-level statements across years.
Bengaluru Rural,B0042 doddaballapura,C0694 honnawara,84.82,65.0,56,67.3,36.0,63,-17.52,-29.0,-8.76,2022-23 -> 2024-25,CAVEAT: items differ across years but map to a constant competency framework. Item-level year comparisons mix learning and instrument change; competency-level comparisons are more defensible (still assume similar difficulty within competency). Prefer rankings and competency-level statements across years.
Koppal,B0088 kustagi,C0717 hulgeri,55.01,20.0,374,37.5,5.0,422,-17.51,-15.0,-8.76,2022-23 -> 2024-25,CAVEAT: items differ across years but map to a constant competency framework. Item-level year comparisons mix learning and instrument change; competency-level comparisons are more defensible (still assume similar difficulty within competency). Prefer rankings and competency-level statements across years.
Chikkaballapura,B0034 chintamani,C0821 kadadhanamari,66.75,25.0,20,49.25,14.5,20,-17.5,-10.5,-8.75,2022-23 -> 2024-25,CAVEAT: items differ across years but map to a constant competency framework. Item-level year comparisons mix learning and instrument change; competency-level comparisons are more defensible (still assume similar difficulty within competency). Prefer rankings and competency-level statements across years.
Kolar,B0079 kolar,C0611 harathi,66.56,30.0,167,49.08,10.0,142,-17.48,-20.0,-8.74,2022-23 -> 2024-25,CAVEAT: items differ across years but map to a constant competency framework. Item-level year comparisons mix learning and instrument change; competency-level comparisons are more defensible (still assume similar difficulty within competency). Prefer rankings and competency-level statements across years.
Koppal,B0085 kuknoor,C1565 talakal,61.14,20.0,311,43.68,5.0,442,-17.46,-15.0,-8.73,2022-23 -> 2024-25,CAVEAT: items differ across years but map to a constant competency framework. Item-level year comparisons mix learning and instrument change; competency-level comparisons are more defensible (still assume similar difficulty within competency). Prefer rankings and competency-level statements across years.
Hassan,B0018 belur,C0248 bikkodu,66.82,55.0,44,49.37,15.0,63,-17.45,-40.0,-8.73,2022-23 -> 2024-25,CAVEAT: items differ across years but map to a constant competency framework. Item-level year comparisons mix learning and instrument change; competency-level comparisons are more defensible (still assume similar difficulty within competency). Prefer rankings and competency-level statements across years.
Chitradurga,B0097 molakalmur,C1902 block urdu,38.79,5.0,203,21.37,0.0,222,-17.42,-5.0,-8.71,2022-23 -> 2024-25,CAVEAT: items differ across years but map to a constant competency framework. Item-level year comparisons mix learning and instrument change; competency-level comparisons are more defensible (still assume similar difficulty within competency). Prefer rankings and competency-level statements across years.
Chikkaballapura,B0124 sidlaghatta,C0479 gambiranahalli,58.57,25.0,217,41.19,5.0,180,-17.38,-20.0,-8.69,2022-23 -> 2024-25,CAVEAT: items differ across years but map to a constant competency framework. Item-level year comparisons mix learning and instrument change; competency-level comparisons are more defensible (still assume similar difficulty within competency). Prefer rankings and competency-level statements across years.
Kalaburagi,B0001 afzalpur,C0504 gobbur (b),64.91,20.0,163,47.66,10.0,141,-17.25,-10.0,-8.62,2022-23 -> 2024-25,CAVEAT: items differ across years but map to a constant competency framework. Item-level year comparisons mix learning and instrument change; competency-level comparisons are more defensible (still assume similar difficulty within competency). Prefer rankings and competency-level statements across years.
Mandya,B0103 nagamangala,C1133 mannahalli,68.1,50.0,105,50.86,15.0,76,-17.24,-35.0,-8.62,2022-23 -> 2024-25,CAVEAT: items differ across years but map to a constant competency framework. Item-level year comparisons mix learning and instrument change; competency-level comparisons are more defensible (still assume similar difficulty within competency). Prefer rankings and competency-level statements across years.
Mandya,B0103 nagamangala,C0393 devara mallanayakanahalli,80.2,55.0,51,63.0,20.0,60,-17.2,-35.0,-8.6,2022-23 -> 2024-25,CAVEAT: items differ across years but map to a constant competency framework. Item-level year comparisons mix learning and instrument change; competency-level comparisons are more defensible (still assume similar difficulty within competency). Prefer rankings and competency-level statements across years.
Bengaluru Rural,B0064 hosakote,C0428 doddahulluru,50.96,10.0,229,33.77,5.0,81,-17.19,-5.0,-8.6,2022-23 -> 2024-25,CAVEAT: items differ across years but map to a constant competency framework. Item-level year comparisons mix learning and instrument change; competency-level comparisons are more defensible (still assume similar difficulty within competency). Prefer rankings and competency-level statements across years.
Hassan,B0061 holenarasipura,C0614 hariharapura,69.19,30.0,173,52.05,15.0,95,-17.14,-15.0,-8.57,2022-23 -> 2024-25,CAVEAT: items differ across years but map to a constant competency framework. Item-level year comparisons mix learning and instrument change; competency-level comparisons are more defensible (still assume similar difficulty within competency). Prefer rankings and competency-level statements across years.
Bidar,B0020 bidar,C1397 ranjolkheni,53.28,10.0,253,36.17,5.0,226,-17.11,-5.0,-8.56,2022-23 -> 2024-25,CAVEAT: items differ across years but map to a constant competency framework. Item-level year comparisons mix learning and instrument change; competency-level comparisons are more defensible (still assume similar difficulty within competency). Prefer rankings and competency-level statements across years.
Mandya,B0090 maddur,C0212 besagara hally,68.19,25.0,91,51.09,20.0,147,-17.1,-5.0,-8.55,2022-23 -> 2024-25,CAVEAT: items differ across years but map to a constant competency framework. Item-level year comparisons mix learning and instrument change; competency-level comparisons are more defensible (still assume similar difficulty within competency). Prefer rankings and competency-level statements across years.
Koppal,B0081 koppal,C0218 bhahaddurbandi,66.43,35.0,237,49.36,15.0,281,-17.07,-20.0,-8.54,2022-23 -> 2024-25,CAVEAT: items differ across years but map to a constant competency framework. Item-level year comparisons mix learning and instrument change; competency-level comparisons are more defensible (still assume similar difficulty within competency). Prefer rankings and competency-level statements across years.
Gadag,B0105 naragund,C0985 konnur,66.63,34.5,150,49.58,15.0,226,-17.05,-19.5,-8.52,2022-23 -> 2024-25,CAVEAT: items differ across years but map to a constant competency framework. Item-level year comparisons mix learning and instrument change; competency-level comparisons are more defensible (still assume similar difficulty within competency). Prefer rankings and competency-level statements across years.
Kolar,B0100 mulbagal,C1678 uthanur,71.89,35.0,61,54.85,10.0,100,-17.04,-25.0,-8.52,2022-23 -> 2024-25,CAVEAT: items differ across years but map to a constant competency framework. Item-level year comparisons mix learning and instrument change; competency-level comparisons are more defensible (still assume similar difficulty within competency). Prefer rankings and competency-level statements across years.
Vijayanagara,B0065 hosapete,C1184 metri,50.6,9.0,399,33.56,0.0,324,-17.04,-9.0,-8.52,2022-23 -> 2024-25,CAVEAT: items differ across years but map to a constant competency framework. Item-level year comparisons mix learning and instrument change; competency-level comparisons are more defensible (still assume similar difficulty within competency). Prefer rankings and competency-level statements across years.
Belagavi,B0017 belgaum rural,C0888 kangrali bk,78.99,60.0,363,61.95,35.0,185,-17.04,-25.0,-8.52,2022-23 -> 2024-25,CAVEAT: items differ across years but map to a constant competency framework. Item-level year comparisons mix learning and instrument change; competency-level comparisons are more defensible (still assume similar difficulty within competency). Prefer rankings and competency-level statements across years.
Belagavi,B0130 soundatti,C1231 murgod,77.08,55.0,161,60.04,25.0,270,-17.04,-30.0,-8.52,2022-23 -> 2024-25,CAVEAT: items differ across years but map to a constant competency framework. Item-level year comparisons mix learning and instrument change; competency-level comparisons are more defensible (still assume similar difficulty within competency). Prefer rankings and competency-level statements across years.
Tumakuru,B0087 kunigal,C0503 girigowdana palya,79.68,60.0,78,62.65,19.5,170,-17.03,-40.5,-8.52,2022-23 -> 2024-25,CAVEAT: items differ across years but map to a constant competency framework. Item-level year comparisons mix learning and instrument change; competency-level comparisons are more defensible (still assume similar difficulty within competency). Prefer rankings and competency-level statements across years.
Mandya,B0090 maddur,C0642 hemmanahally,65.36,32.0,28,48.36,15.0,119,-17.0,-17.0,-8.5,2022-23 -> 2024-25,CAVEAT: items differ across years but map to a constant competency framework. Item-level year comparisons mix learning and instrument change; competency-level comparisons are more defensible (still assume similar difficulty within competency). Prefer rankings and competency-level statements across years.
Dharwad,B0066 hubli,C1404 raynal,63.78,30.0,537,46.82,10.0,624,-16.96,-20.0,-8.48,2022-23 -> 2024-25,CAVEAT: items differ across years but map to a constant competency framework. Item-level year comparisons mix learning and instrument change; competency-level comparisons are more defensible (still assume similar difficulty within competency). Prefer rankings and competency-level statements across years.
Mandya,B0109 pandavapura,C0915 katteri,79.07,60.0,199,62.15,25.0,156,-16.92,-35.0,-8.46,2022-23 -> 2024-25,CAVEAT: items differ across years but map to a constant competency framework. Item-level year comparisons mix learning and instrument change; competency-level comparisons are more defensible (still assume similar difficulty within competency). Prefer rankings and competency-level statements across years.
Mandya,B0109 pandavapura,C1046 kyathana hally,80.67,60.0,45,63.76,24.0,109,-16.91,-36.0,-8.46,2022-23 -> 2024-25,CAVEAT: items differ across years but map to a constant competency framework. Item-level year comparisons mix learning and instrument change; competency-level comparisons are more defensible (still assume similar difficulty within competency). Prefer rankings and competency-level statements across years.
Koppal,B0143 yelburga,C0651 hirearalihalli,53.6,15.0,164,36.7,5.0,256,-16.9,-10.0,-8.45,2022-23 -> 2024-25,CAVEAT: items differ across years but map to a constant competency framework. Item-level year comparisons mix learning and instrument change; competency-level comparisons are more defensible (still assume similar difficulty within competency). Prefer rankings and competency-level statements across years.
Ballari,B0128 siruguppa,C0802 k belgal,38.86,5.0,345,22.0,0.0,589,-16.86,-5.0,-8.43,2022-23 -> 2024-25,CAVEAT: items differ across years but map to a constant competency framework. Item-level year comparisons mix learning and instrument change; competency-level comparisons are more defensible (still assume similar difficulty within competency). Prefer rankings and competency-level statements across years.
Koppal,B0143 yelburga,C1738 yelaburga,54.88,9.0,449,38.03,5.0,234,-16.85,-4.0,-8.42,2022-23 -> 2024-25,CAVEAT: items differ across years but map to a constant competency framework. Item-level year comparisons mix learning and instrument change; competency-level comparisons are more defensible (still assume similar difficulty within competency). Prefer rankings and competency-level statements across years.
Vijayanagara,B0055 harapanahalli,C0541 gundagaththi,55.28,20.0,286,38.46,5.0,282,-16.82,-15.0,-8.41,2022-23 -> 2024-25,CAVEAT: items differ across years but map to a constant competency framework. Item-level year comparisons mix learning and instrument change; competency-level comparisons are more defensible (still assume similar difficulty within competency). Prefer rankings and competency-level statements across years.
Tumakuru,B0082 koratagere,C1743 yelerampura,72.11,45.0,116,55.3,20.0,117,-16.81,-25.0,-8.4,2022-23 -> 2024-25,CAVEAT: items differ across years but map to a constant competency framework. Item-level year comparisons mix learning and instrument change; competency-level comparisons are more defensible (still assume similar difficulty within competency). Prefer rankings and competency-level statements across years.
Raichur,B0089 lingasugur,C0546 guntagol,59.04,10.0,26,42.29,5.0,312,-16.75,-5.0,-8.38,2022-23 -> 2024-25,CAVEAT: items differ across years but map to a constant competency framework. Item-level year comparisons mix learning and instrument change; competency-level comparisons are more defensible (still assume similar difficulty within competency). Prefer rankings and competency-level statements across years.
Chikkaballapura,B0034 chintamani,C1230 muragamale,62.33,30.0,101,45.6,3.5,58,-16.73,-26.5,-8.36,2022-23 -> 2024-25,CAVEAT: items differ across years but map to a constant competency framework. Item-level year comparisons mix learning and instrument change; competency-level comparisons are more defensible (still assume similar difficulty within competency). Prefer rankings and competency-level statements across years.
Bidar,B0068 humnabad,C1632 udbal,46.04,10.0,370,29.33,0.0,327,-16.71,-10.0,-8.35,2022-23 -> 2024-25,CAVEAT: items differ across years but map to a constant competency framework. Item-level year comparisons mix learning and instrument change; competency-level comparisons are more defensible (still assume similar difficulty within competency). Prefer rankings and competency-level statements across years.
Raichur,B0096 manvi,C1442 sangapur,47.79,5.0,425,31.24,0.0,295,-16.55,-5.0,-8.27,2022-23 -> 2024-25,CAVEAT: items differ across years but map to a constant competency framework. Item-level year comparisons mix learning and instrument change; competency-level comparisons are more defensible (still assume similar difficulty within competency). Prefer rankings and competency-level statements across years.
Bagalkote,B0099 mudhol,C1053 lakshanatti,67.74,35.0,73,51.2,15.0,92,-16.54,-20.0,-8.27,2022-23 -> 2024-25,CAVEAT: items differ across years but map to a constant competency framework. Item-level year comparisons mix learning and instrument change; competency-level comparisons are more defensible (still assume similar difficulty within competency). Prefer rankings and competency-level statements across years.
Hassan,B0116 sakaleshapura,C0919 kelagalale,65.04,40.0,117,48.55,15.0,100,-16.49,-25.0,-8.24,2022-23 -> 2024-25,CAVEAT: items differ across years but map to a constant competency framework. Item-level year comparisons mix learning and instrument change; competency-level comparisons are more defensible (still assume similar difficulty within competency). Prefer rankings and competency-level statements across years.
Vijayanagara,B0051 hadagali,C1260 nagathi basapura,62.86,25.0,295,46.43,15.0,168,-16.43,-10.0,-8.22,2022-23 -> 2024-25,CAVEAT: items differ across years but map to a constant competency framework. Item-level year comparisons mix learning and instrument change; competency-level comparisons are more defensible (still assume similar difficulty within competency). Prefer rankings and competency-level statements across years.
Koppal,B0081 koppal,C0918 kawalur,59.9,25.0,250,43.49,10.0,395,-16.41,-15.0,-8.2,2022-23 -> 2024-25,CAVEAT: items differ across years but map to a constant competency framework. Item-level year comparisons mix learning and instrument change; competency-level comparisons are more defensible (still assume similar difficulty within competency). Prefer rankings and competency-level statements across years.
Koppal,B0143 yelburga,C1566 talakere,54.24,15.0,397,37.91,0.0,383,-16.33,-15.0,-8.16,2022-23 -> 2024-25,CAVEAT: items differ across years but map to a constant competency framework. Item-level year comparisons mix learning and instrument change; competency-level comparisons are more defensible (still assume similar difficulty within competency). Prefer rankings and competency-level statements across years.
Bidar,B0019 bhalki,C1428 saigaon,72.02,25.0,84,55.73,30.0,117,-16.29,5.0,-8.15,2022-23 -> 2024-25,CAVEAT: items differ across years but map to a constant competency framework. Item-level year comparisons mix learning and instrument change; competency-level comparisons are more defensible (still assume similar difficulty within competency). Prefer rankings and competency-level statements across years.
Koppal,B0085 kuknoor,C0756 itagi,56.76,16.5,264,40.47,5.0,246,-16.29,-11.5,-8.15,2022-23 -> 2024-25,CAVEAT: items differ across years but map to a constant competency framework. Item-level year comparisons mix learning and instrument change; competency-level comparisons are more defensible (still assume similar difficulty within competency). Prefer rankings and competency-level statements across years.
Chikkaballapura,B0030 chikkaballapur,C1419 s.gollahalli,52.91,20.0,91,36.65,5.0,97,-16.26,-15.0,-8.13,2022-23 -> 2024-25,CAVEAT: items differ across years but map to a constant competency framework. Item-level year comparisons mix learning and instrument change; competency-level comparisons are more defensible (still assume similar difficulty within competency). Prefer rankings and competency-level statements across years.
Chitradurga,B0035 chitradurga,C0226 bharamasagara,50.14,10.0,210,33.88,5.0,336,-16.26,-5.0,-8.13,2022-23 -> 2024-25,CAVEAT: items differ across years but map to a constant competency framework. Item-level year comparisons mix learning and instrument change; competency-level comparisons are more defensible (still assume similar difficulty within competency). Prefer rankings and competency-level statements across years.
Vijayanagara,B0055 harapanahalli,C0122 bagali,47.05,10.0,105,30.83,0.0,593,-16.22,-10.0,-8.11,2022-23 -> 2024-25,CAVEAT: items differ across years but map to a constant competency framework. Item-level year comparisons mix learning and instrument change; competency-level comparisons are more defensible (still assume similar difficulty within competency). Prefer rankings and competency-level statements across years.
Kalaburagi,B0119 sedam,C0872 kanagadda,45.74,5.0,424,29.53,0.0,612,-16.21,-5.0,-8.1,2022-23 -> 2024-25,CAVEAT: items differ across years but map to a constant competency framework. Item-level year comparisons mix learning and instrument change; competency-level comparisons are more defensible (still assume similar difficulty within competency). Prefer rankings and competency-level statements across years.
Tumakuru,B0127 sira,C1608 thogarugunte,62.52,26.0,133,46.33,15.0,120,-16.19,-11.0,-8.1,2022-23 -> 2024-25,CAVEAT: items differ across years but map to a constant competency framework. Item-level year comparisons mix learning and instrument change; competency-level comparisons are more defensible (still assume similar difficulty within competency). Prefer rankings and competency-level statements across years.
Vijayanagara,B0065 hosapete,C0465 g.nagalapura,50.77,15.0,163,34.59,5.0,438,-16.18,-10.0,-8.09,2022-23 -> 2024-25,CAVEAT: items differ across years but map to a constant competency framework. Item-level year comparisons mix learning and instrument change; competency-level comparisons are more defensible (still assume similar difficulty within competency). Prefer rankings and competency-level statements across years.
Koppal,B0088 kustagi,C0012 adavibhavi,54.49,15.0,187,38.36,0.0,394,-16.13,-15.0,-8.06,2022-23 -> 2024-25,CAVEAT: items differ across years but map to a constant competency framework. Item-level year comparisons mix learning and instrument change; competency-level comparisons are more defensible (still assume similar difficulty within competency). Prefer rankings and competency-level statements across years.
Yadgir,B0123 shorapur,C0399 devargonal,64.4,40.0,150,48.3,10.0,798,-16.1,-30.0,-8.05,2022-23 -> 2024-25,CAVEAT: items differ across years but map to a constant competency framework. Item-level year comparisons mix learning and instrument change; competency-level comparisons are more defensible (still assume similar difficulty within competency). Prefer rankings and competency-level statements across years.
Chamarajanagara,B0027 chamarajanagar,C1423 sagade,66.35,30.0,148,50.25,15.0,158,-16.1,-15.0,-8.05,2022-23 -> 2024-25,CAVEAT: items differ across years but map to a constant competency framework. Item-level year comparisons mix learning and instrument change; competency-level comparisons are more defensible (still assume similar difficulty within competency). Prefer rankings and competency-level statements across years.
Bagalkote,B0021 bilagi,C0884 kandagal,75.75,55.0,120,59.68,20.0,591,-16.07,-35.0,-8.04,2022-23 -> 2024-25,CAVEAT: items differ across years but map to a constant competency framework. Item-level year comparisons mix learning and instrument change; competency-level comparisons are more defensible (still assume similar difficulty within competency). Prefer rankings and competency-level statements across years.
Tumakuru,B0127 sira,C0274 bukkapattana,78.31,55.0,169,62.26,30.0,254,-16.05,-25.0,-8.02,2022-23 -> 2024-25,CAVEAT: items differ across years but map to a constant competency framework. Item-level year comparisons mix learning and instrument change; competency-level comparisons are more defensible (still assume similar difficulty within competency). Prefer rankings and competency-level statements across years.
Chamarajanagara,B0050 gundlupet,C0698 horeyala,58.32,19.5,200,42.27,10.0,207,-16.05,-9.5,-8.02,2022-23 -> 2024-25,CAVEAT: items differ across years but map to a constant competency framework. Item-level year comparisons mix learning and instrument change; competency-level comparisons are more defensible (still assume similar difficulty within competency). Prefer rankings and competency-level statements across years.
Mandya,B0103 nagamangala,C0310 cheenya,82.12,65.0,73,66.07,25.0,89,-16.05,-40.0,-8.02,2022-23 -> 2024-25,CAVEAT: items differ across years but map to a constant competency framework. Item-level year comparisons mix learning and instrument change; competency-level comparisons are more defensible (still assume similar difficulty within competency). Prefer rankings and competency-level statements across years.
Koppal,B0081 koppal,C1227 munerabada,60.11,20.0,219,44.06,8.5,358,-16.05,-11.5,-8.02,2022-23 -> 2024-25,CAVEAT: items differ across years but map to a constant competency framework. Item-level year comparisons mix learning and instrument change; competency-level comparisons are more defensible (still assume similar difficulty within competency). Prefer rankings and competency-level statements across years.
Davanagere,B0062 honnali,C1327 odeyarahathuru,56.36,20.0,44,40.34,5.0,117,-16.02,-15.0,-8.01,2022-23 -> 2024-25,CAVEAT: items differ across years but map to a constant competency framework. Item-level year comparisons mix learning and instrument change; competency-level comparisons are more defensible (still assume similar difficulty within competency). Prefer rankings and competency-level statements across years.
Tumakuru,B0087 kunigal,C0055 amruthur,76.36,55.0,59,60.37,30.0,243,-15.99,-25.0,-8.0,2022-23 -> 2024-25,CAVEAT: items differ across years but map to a constant competency framework. Item-level year comparisons mix learning and instrument change; competency-level comparisons are more defensible (still assume similar difficulty within competency). Prefer rankings and competency-level statements across years.
Hassan,B0057 hassan,C1197 mosalehosahally,65.85,30.0,193,49.86,15.0,142,-15.99,-15.0,-8.0,2022-23 -> 2024-25,CAVEAT: items differ across years but map to a constant competency framework. Item-level year comparisons mix learning and instrument change; competency-level comparisons are more defensible (still assume similar difficulty within competency). Prefer rankings and competency-level statements across years.
Kalaburagi,B0048 gulbarga north,C1525 sonth,55.2,10.0,171,39.25,9.0,159,-15.95,-1.0,-7.98,2022-23 -> 2024-25,CAVEAT: items differ across years but map to a constant competency framework. Item-level year comparisons mix learning and instrument change; competency-level comparisons are more defensible (still assume similar difficulty within competency). Prefer rankings and competency-level statements across years.
Kalaburagi,B0002 aland,C0046 ambalaga,46.01,6.0,213,30.12,5.0,83,-15.89,-1.0,-7.94,2022-23 -> 2024-25,CAVEAT: items differ across years but map to a constant competency framework. Item-level year comparisons mix learning and instrument change; competency-level comparisons are more defensible (still assume similar difficulty within competency). Prefer rankings and competency-level statements across years.
Tumakuru,B0082 koratagere,C0967 kolala,70.0,31.5,104,54.11,15.0,112,-15.89,-16.5,-7.94,2022-23 -> 2024-25,CAVEAT: items differ across years but map to a constant competency framework. Item-level year comparisons mix learning and instrument change; competency-level comparisons are more defensible (still assume similar difficulty within competency). Prefer rankings and competency-level statements across years.
Koppal,B0088 kustagi,C1207 mudenoor,52.46,10.0,279,36.61,5.0,127,-15.85,-5.0,-7.92,2022-23 -> 2024-25,CAVEAT: items differ across years but map to a constant competency framework. Item-level year comparisons mix learning and instrument change; competency-level comparisons are more defensible (still assume similar difficulty within competency). Prefer rankings and competency-level statements across years.
Gadag,B0122 shirhatti,C0631 hebbal,56.94,20.0,307,41.09,5.0,376,-15.85,-15.0,-7.92,2022-23 -> 2024-25,CAVEAT: items differ across years but map to a constant competency framework. Item-level year comparisons mix learning and instrument change; competency-level comparisons are more defensible (still assume similar difficulty within competency). Prefer rankings and competency-level statements across years.
Raichur,B0039 devadurga,C1155 masarakal,60.23,20.0,399,44.4,20.0,124,-15.83,0.0,-7.92,2022-23 -> 2024-25,CAVEAT: items differ across years but map to a constant competency framework. Item-level year comparisons mix learning and instrument change; competency-level comparisons are more defensible (still assume similar difficulty within competency). Prefer rankings and competency-level statements across years.
Yadgir,B0141 yadgir,C0305 chapetla,51.61,10.0,190,35.81,0.0,210,-15.8,-10.0,-7.9,2022-23 -> 2024-25,CAVEAT: items differ across years but map to a constant competency framework. Item-level year comparisons mix learning and instrument change; competency-level comparisons are more defensible (still assume similar difficulty within competency). Prefer rankings and competency-level statements across years.
Gadag,B0043 gadag rural,C0013 adavisomapaur,68.13,35.0,302,52.35,15.0,557,-15.78,-20.0,-7.89,2022-23 -> 2024-25,CAVEAT: items differ across years but map to a constant competency framework. Item-level year comparisons mix learning and instrument change; competency-level comparisons are more defensible (still assume similar difficulty within competency). Prefer rankings and competency-level statements across years.
Koppal,B0088 kustagi,C1182 menedhal,56.88,20.0,93,41.1,5.0,317,-15.78,-15.0,-7.89,2022-23 -> 2024-25,CAVEAT: items differ across years but map to a constant competency framework. Item-level year comparisons mix learning and instrument change; competency-level comparisons are more defensible (still assume similar difficulty within competency). Prefer rankings and competency-level statements across years.
Koppal,B0044 gangavathi,C0291 challur,57.82,20.0,412,42.07,5.0,353,-15.75,-15.0,-7.88,2022-23 -> 2024-25,CAVEAT: items differ across years but map to a constant competency framework. Item-level year comparisons mix learning and instrument change; competency-level comparisons are more defensible (still assume similar difficulty within competency). Prefer rankings and competency-level statements across years.
Tumakuru,B0087 kunigal,C0737 huthridurga,81.44,65.0,73,65.76,35.0,72,-15.68,-30.0,-7.84,2022-23 -> 2024-25,CAVEAT: items differ across years but map to a constant competency framework. Item-level year comparisons mix learning and instrument change; competency-level comparisons are more defensible (still assume similar difficulty within competency). Prefer rankings and competency-level statements across years.
Gadag,B0043 gadag rural,C0621 harti,55.04,20.0,261,39.4,5.0,414,-15.64,-15.0,-7.82,2022-23 -> 2024-25,CAVEAT: items differ across years but map to a constant competency framework. Item-level year comparisons mix learning and instrument change; competency-level comparisons are more defensible (still assume similar difficulty within competency). Prefer rankings and competency-level statements across years.
Kalaburagi,B0049 gulbarga south,C0230 bheemalli,50.86,10.0,162,35.26,5.0,191,-15.6,-5.0,-7.8,2022-23 -> 2024-25,CAVEAT: items differ across years but map to a constant competency framework. Item-level year comparisons mix learning and instrument change; competency-level comparisons are more defensible (still assume similar difficulty within competency). Prefer rankings and competency-level statements across years.
Bagalkote,B0069 hunagund,C0644 heremagi,66.34,33.0,97,50.74,10.0,593,-15.6,-23.0,-7.8,2022-23 -> 2024-25,CAVEAT: items differ across years but map to a constant competency framework. Item-level year comparisons mix learning and instrument change; competency-level comparisons are more defensible (still assume similar difficulty within competency). Prefer rankings and competency-level statements across years.
Dharwad,B0041 dharwad,C1223 mummigatti,70.94,40.0,700,55.36,15.0,485,-15.58,-25.0,-7.79,2022-23 -> 2024-25,CAVEAT: items differ across years but map to a constant competency framework. Item-level year comparisons mix learning and instrument change; competency-level comparisons are more defensible (still assume similar difficulty within competency). Prefer rankings and competency-level statements across years.
Dharwad,B0076 kalghatagi,C0407 devikoppa,55.86,10.0,350,40.32,10.0,342,-15.54,0.0,-7.77,2022-23 -> 2024-25,CAVEAT: items differ across years but map to a constant competency framework. Item-level year comparisons mix learning and instrument change; competency-level comparisons are more defensible (still assume similar difficulty within competency). Prefer rankings and competency-level statements across years.
Bagalkote,B0021 bilagi,C1501 siddapur,69.87,40.0,156,54.33,15.0,684,-15.54,-25.0,-7.77,2022-23 -> 2024-25,CAVEAT: items differ across years but map to a constant competency framework. Item-level year comparisons mix learning and instrument change; competency-level comparisons are more defensible (still assume similar difficulty within competency). Prefer rankings and competency-level statements across years.
Davanagere,B0062 honnali,C0206 benakanahalli,54.13,20.0,103,38.66,5.0,253,-15.47,-15.0,-7.74,2022-23 -> 2024-25,CAVEAT: items differ across years but map to a constant competency framework. Item-level year comparisons mix learning and instrument change; competency-level comparisons are more defensible (still assume similar difficulty within competency). Prefer rankings and competency-level statements across years.
Belagavi,B0011 bailhongal,C0325 chikkabagewadi,81.37,60.0,139,65.91,26.0,543,-15.46,-34.0,-7.73,2022-23 -> 2024-25,CAVEAT: items differ across years but map to a constant competency framework. Item-level year comparisons mix learning and instrument change; competency-level comparisons are more defensible (still assume similar difficulty within competency). Prefer rankings and competency-level statements across years.
Kalaburagi,B0036 chittapur,C1363 pethsiroor,39.01,5.0,379,23.57,0.0,332,-15.44,-5.0,-7.72,2022-23 -> 2024-25,CAVEAT: items differ across years but map to a constant competency framework. Item-level year comparisons mix learning and instrument change; competency-level comparisons are more defensible (still assume similar difficulty within competency). Prefer rankings and competency-level statements across years.
Bengaluru Rural,B0064 hosakote,C0186 beguru,66.08,34.5,130,50.65,10.0,237,-15.43,-24.5,-7.72,2022-23 -> 2024-25,CAVEAT: items differ across years but map to a constant competency framework. Item-level year comparisons mix learning and instrument change; competency-level comparisons are more defensible (still assume similar difficulty within competency). Prefer rankings and competency-level statements across years.
Kalaburagi,B0002 aland,C1161 mataki,49.2,10.0,288,33.8,0.0,154,-15.4,-10.0,-7.7,2022-23 -> 2024-25,CAVEAT: items differ across years but map to a constant competency framework. Item-level year comparisons mix learning and instrument change; competency-level comparisons are more defensible (still assume similar difficulty within competency). Prefer rankings and competency-level statements across years.
Kalaburagi,B0001 afzalpur,C1536 station gangapur,53.44,10.0,317,38.07,5.0,187,-15.37,-5.0,-7.68,2022-23 -> 2024-25,CAVEAT: items differ across years but map to a constant competency framework. Item-level year comparisons mix learning and instrument change; competency-level comparisons are more defensible (still assume similar difficulty within competency). Prefer rankings and competency-level statements across years.
Haveri,B0118 savanur,C0628 hattimattur,72.31,45.0,160,56.97,20.0,689,-15.34,-25.0,-7.67,2022-23 -> 2024-25,CAVEAT: items differ across years but map to a constant competency framework. Item-level year comparisons mix learning and instrument change; competency-level comparisons are more defensible (still assume similar difficulty within competency). Prefer rankings and competency-level statements across years.
Bidar,B0019 bhalki,C0571 halbarga,51.9,12.0,245,36.59,4.0,129,-15.31,-8.0,-7.66,2022-23 -> 2024-25,CAVEAT: items differ across years but map to a constant competency framework. Item-level year comparisons mix learning and instrument change; competency-level comparisons are more defensible (still assume similar difficulty within competency). Prefer rankings and competency-level statements across years.
Dharwad,B0041 dharwad,C0049 aminabhavi,73.78,40.0,804,58.48,15.0,1004,-15.3,-25.0,-7.65,2022-23 -> 2024-25,CAVEAT: items differ across years but map to a constant competency framework. Item-level year comparisons mix learning and instrument change; competency-level comparisons are more defensible (still assume similar difficulty within competency). Prefer rankings and competency-level statements across years.
Kolar,B0079 kolar,C1282 narasapura,66.76,34.0,139,51.47,20.0,241,-15.29,-14.0,-7.64,2022-23 -> 2024-25,CAVEAT: items differ across years but map to a constant competency framework. Item-level year comparisons mix learning and instrument change; competency-level comparisons are more defensible (still assume similar difficulty within competency). Prefer rankings and competency-level statements across years.
Koppal,B0088 kustagi,C0603 hanumanal,57.97,17.0,185,42.7,5.0,842,-15.27,-12.0,-7.64,2022-23 -> 2024-25,CAVEAT: items differ across years but map to a constant competency framework. Item-level year comparisons mix learning and instrument change; competency-level comparisons are more defensible (still assume similar difficulty within competency). Prefer rankings and competency-level statements across years.
Chikkaballapura,B0034 chintamani,C0179 batlahalli,72.28,37.5,116,57.02,15.0,52,-15.26,-22.5,-7.63,2022-23 -> 2024-25,CAVEAT: items differ across years but map to a constant competency framework. Item-level year comparisons mix learning and instrument change; competency-level comparisons are more defensible (still assume similar difficulty within competency). Prefer rankings and competency-level statements across years.
Vijayanagara,B0065 hosapete,C0602 hanumanahalli,55.62,20.0,219,40.37,10.0,246,-15.25,-10.0,-7.62,2022-23 -> 2024-25,CAVEAT: items differ across years but map to a constant competency framework. Item-level year comparisons mix learning and instrument change; competency-level comparisons are more defensible (still assume similar difficulty within competency). Prefer rankings and competency-level statements across years.
Hassan,B0061 holenarasipura,C1256 nagaranahalli,58.64,20.0,143,43.41,5.0,116,-15.23,-15.0,-7.62,2022-23 -> 2024-25,CAVEAT: items differ across years but map to a constant competency framework. Item-level year comparisons mix learning and instrument change; competency-level comparisons are more defensible (still assume similar difficulty within competency). Prefer rankings and competency-level statements across years.
Chitradurga,B0026 challakere,C0114 b.n.pura,53.31,10.0,234,38.1,0.0,166,-15.21,-10.0,-7.6,2022-23 -> 2024-25,CAVEAT: items differ across years but map to a constant competency framework. Item-level year comparisons mix learning and instrument change; competency-level comparisons are more defensible (still assume similar difficulty within competency). Prefer rankings and competency-level statements across years.
Tumakuru,B0136 tumkur,C0635 hebburu,76.57,60.0,102,61.37,20.0,190,-15.2,-40.0,-7.6,2022-23 -> 2024-25,CAVEAT: items differ across years but map to a constant competency framework. Item-level year comparisons mix learning and instrument change; competency-level comparisons are more defensible (still assume similar difficulty within competency). Prefer rankings and competency-level statements across years.
Haveri,B0114 ranebennur,C0997 kotihal,76.34,50.0,190,61.15,25.0,169,-15.19,-25.0,-7.6,2022-23 -> 2024-25,CAVEAT: items differ across years but map to a constant competency framework. Item-level year comparisons mix learning and instrument change; competency-level comparisons are more defensible (still assume similar difficulty within competency). Prefer rankings and competency-level statements across years.
Tumakuru,B0136 tumkur,C1325 obalapura,79.07,55.0,124,63.92,34.0,79,-15.15,-21.0,-7.58,2022-23 -> 2024-25,CAVEAT: items differ across years but map to a constant competency framework. Item-level year comparisons mix learning and instrument change; competency-level comparisons are more defensible (still assume similar difficulty within competency). Prefer rankings and competency-level statements across years.
Tumakuru,B0127 sira,C1430 sakshihalli,67.71,39.5,190,52.56,25.0,129,-15.15,-14.5,-7.58,2022-23 -> 2024-25,CAVEAT: items differ across years but map to a constant competency framework. Item-level year comparisons mix learning and instrument change; competency-level comparisons are more defensible (still assume similar difficulty within competency). Prefer rankings and competency-level statements across years.
Bagalkote,B0008 badami,C0568 halakurki,79.53,60.0,118,64.39,20.0,813,-15.14,-40.0,-7.57,2022-23 -> 2024-25,CAVEAT: items differ across years but map to a constant competency framework. Item-level year comparisons mix learning and instrument change; competency-level comparisons are more defensible (still assume similar difficulty within competency). Prefer rankings and competency-level statements across years.
Vijayanagara,B0084 kudligi,"C1017 kudligi, for girls",39.13,0.0,241,24.01,0.0,343,-15.12,0.0,-7.56,2022-23 -> 2024-25,CAVEAT: items differ across years but map to a constant competency framework. Item-level year comparisons mix learning and instrument change; competency-level comparisons are more defensible (still assume similar difficulty within competency). Prefer rankings and competency-level statements across years.
Dharwad,B0086 kundagol,C1029 kundagol,74.04,50.0,214,58.93,25.0,421,-15.11,-25.0,-7.56,2022-23 -> 2024-25,CAVEAT: items differ across years but map to a constant competency framework. Item-level year comparisons mix learning and instrument change; competency-level comparisons are more defensible (still assume similar difficulty within competency). Prefer rankings and competency-level statements across years.
Koppal,B0081 koppal,C1033 kunikeri,56.28,25.0,149,41.18,10.0,106,-15.1,-15.0,-7.55,2022-23 -> 2024-25,CAVEAT: items differ across years but map to a constant competency framework. Item-level year comparisons mix learning and instrument change; competency-level comparisons are more defensible (still assume similar difficulty within competency). Prefer rankings and competency-level statements across years.
Tumakuru,B0031 chiknayakanhalli,C0327 chikkabidare,64.33,30.0,127,49.24,10.0,105,-15.09,-20.0,-7.54,2022-23 -> 2024-25,CAVEAT: items differ across years but map to a constant competency framework. Item-level year comparisons mix learning and instrument change; competency-level comparisons are more defensible (still assume similar difficulty within competency). Prefer rankings and competency-level statements across years.
Yadgir,B0141 yadgir,C0686 honagera,43.94,0.0,218,28.88,0.0,197,-15.06,0.0,-7.53,2022-23 -> 2024-25,CAVEAT: items differ across years but map to a constant competency framework. Item-level year comparisons mix learning and instrument change; competency-level comparisons are more defensible (still assume similar difficulty within competency). Prefer rankings and competency-level statements across years.
Bidar,B0068 humnabad,C1515 sitalgera,64.95,20.5,202,49.89,15.0,88,-15.06,-5.5,-7.53,2022-23 -> 2024-25,CAVEAT: items differ across years but map to a constant competency framework. Item-level year comparisons mix learning and instrument change; competency-level comparisons are more defensible (still assume similar difficulty within competency). Prefer rankings and competency-level statements across years.
Gadag,B0102 mundaragi,C0992 korlahalli,56.61,25.0,124,41.64,10.0,171,-14.97,-15.0,-7.48,2022-23 -> 2024-25,CAVEAT: items differ across years but map to a constant competency framework. Item-level year comparisons mix learning and instrument change; competency-level comparisons are more defensible (still assume similar difficulty within competency). Prefer rankings and competency-level statements across years.
Ballari,B0117 sandur,C1007 krishnanagara,48.92,13.0,347,33.97,3.0,477,-14.95,-10.0,-7.48,2022-23 -> 2024-25,CAVEAT: items differ across years but map to a constant competency framework. Item-level year comparisons mix learning and instrument change; competency-level comparisons are more defensible (still assume similar difficulty within competency). Prefer rankings and competency-level statements across years.
Vijayanagara,B0065 hosapete,C2570 s.s.kamalapura,61.59,19.0,189,46.65,25.0,91,-14.94,6.0,-7.47,2022-23 -> 2024-25,CAVEAT: items differ across years but map to a constant competency framework. Item-level year comparisons mix learning and instrument change; competency-level comparisons are more defensible (still assume similar difficulty within competency). Prefer rankings and competency-level statements across years.
Vijayanagara,B0065 hosapete,"C1698 vinobha,chithawadgi hpt",43.25,15.0,60,28.32,0.0,104,-14.93,-15.0,-7.46,2022-23 -> 2024-25,CAVEAT: items differ across years but map to a constant competency framework. Item-level year comparisons mix learning and instrument change; competency-level comparisons are more defensible (still assume similar difficulty within competency). Prefer rankings and competency-level statements across years.
Dharwad,B0106 navalgund,C0539 gummagol,70.61,39.0,469,55.73,24.5,460,-14.88,-14.5,-7.44,2022-23 -> 2024-25,CAVEAT: items differ across years but map to a constant competency framework. Item-level year comparisons mix learning and instrument change; competency-level comparisons are more defensible (still assume similar difficulty within competency). Prefer rankings and competency-level statements across years.
Haveri,B0121 shiggoan,C1284 narayanpur,76.89,50.0,161,62.06,30.0,209,-14.83,-20.0,-7.42,2022-23 -> 2024-25,CAVEAT: items differ across years but map to a constant competency framework. Item-level year comparisons mix learning and instrument change; competency-level comparisons are more defensible (still assume similar difficulty within competency). Prefer rankings and competency-level statements across years.
Haveri,B0118 savanur,C1723 yalavagi,71.12,42.0,165,56.31,25.0,453,-14.81,-17.0,-7.4,2022-23 -> 2024-25,CAVEAT: items differ across years but map to a constant competency framework. Item-level year comparisons mix learning and instrument change; competency-level comparisons are more defensible (still assume similar difficulty within competency). Prefer rankings and competency-level statements across years.
Bidar,B0015 basavakalyan,C1382 rajeshwar,35.2,0.0,147,20.45,0.0,179,-14.75,0.0,-7.38,2022-23 -> 2024-25,CAVEAT: items differ across years but map to a constant competency framework. Item-level year comparisons mix learning and instrument change; competency-level comparisons are more defensible (still assume similar difficulty within competency). Prefer rankings and competency-level statements across years.
Chamarajanagara,B0054 hanur,C1331 p.g.palya,77.93,47.0,29,63.19,27.5,36,-14.74,-19.5,-7.37,2022-23 -> 2024-25,CAVEAT: items differ across years but map to a constant competency framework. Item-level year comparisons mix learning and instrument change; competency-level comparisons are more defensible (still assume similar difficulty within competency). Prefer rankings and competency-level statements across years.
Raichur,B0089 lingasugur,C1570 talekhan,56.25,20.0,148,41.52,5.0,207,-14.73,-15.0,-7.36,2022-23 -> 2024-25,CAVEAT: items differ across years but map to a constant competency framework. Item-level year comparisons mix learning and instrument change; competency-level comparisons are more defensible (still assume similar difficulty within competency). Prefer rankings and competency-level statements across years.
Koppal,B0044 gangavathi,C1234 musalapur,67.29,30.0,242,52.57,10.0,187,-14.72,-20.0,-7.36,2022-23 -> 2024-25,CAVEAT: items differ across years but map to a constant competency framework. Item-level year comparisons mix learning and instrument change; competency-level comparisons are more defensible (still assume similar difficulty within competency). Prefer rankings and competency-level statements across years.
Chitradurga,B0063 hosadurga,C1166 mattodu,53.1,5.0,145,38.48,0.0,135,-14.62,-5.0,-7.31,2022-23 -> 2024-25,CAVEAT: items differ across years but map to a constant competency framework. Item-level year comparisons mix learning and instrument change; competency-level comparisons are more defensible (still assume similar difficulty within competency). Prefer rankings and competency-level statements across years.
Kolar,B0131 srinivasapur,C1270 nambihalli,77.98,55.0,104,63.37,28.5,98,-14.61,-26.5,-7.3,2022-23 -> 2024-25,CAVEAT: items differ across years but map to a constant competency framework. Item-level year comparisons mix learning and instrument change; competency-level comparisons are more defensible (still assume similar difficulty within competency). Prefer rankings and competency-level statements across years.
Raichur,B0111 raichur,C1147 marched,49.49,10.0,384,34.89,8.0,87,-14.6,-2.0,-7.3,2022-23 -> 2024-25,CAVEAT: items differ across years but map to a constant competency framework. Item-level year comparisons mix learning and instrument change; competency-level comparisons are more defensible (still assume similar difficulty within competency). Prefer rankings and competency-level statements across years.
Raichur,B0096 manvi,C0637 heera,56.42,10.0,247,41.83,10.0,180,-14.59,0.0,-7.3,2022-23 -> 2024-25,CAVEAT: items differ across years but map to a constant competency framework. Item-level year comparisons mix learning and instrument change; competency-level comparisons are more defensible (still assume similar difficulty within competency). Prefer rankings and competency-level statements across years.
Kalaburagi,B0073 jewargi,C1123 mandewal,55.32,5.0,340,40.76,5.0,360,-14.56,0.0,-7.28,2022-23 -> 2024-25,CAVEAT: items differ across years but map to a constant competency framework. Item-level year comparisons mix learning and instrument change; competency-level comparisons are more defensible (still assume similar difficulty within competency). Prefer rankings and competency-level statements across years.
Tumakuru,B0087 kunigal,C0240 bidanagere,80.32,55.5,62,65.78,25.5,122,-14.54,-30.0,-7.27,2022-23 -> 2024-25,CAVEAT: items differ across years but map to a constant competency framework. Item-level year comparisons mix learning and instrument change; competency-level comparisons are more defensible (still assume similar difficulty within competency). Prefer rankings and competency-level statements across years.
Kalaburagi,B0036 chittapur,C0232 bheemanahalli,45.28,5.0,452,30.74,0.0,440,-14.54,-5.0,-7.27,2022-23 -> 2024-25,CAVEAT: items differ across years but map to a constant competency framework. Item-level year comparisons mix learning and instrument change; competency-level comparisons are more defensible (still assume similar difficulty within competency). Prefer rankings and competency-level statements across years.
Kodagu,B0140 virajpet,C0840 kakotu parambu,76.98,56.0,43,62.44,23.0,39,-14.54,-33.0,-7.27,2022-23 -> 2024-25,CAVEAT: items differ across years but map to a constant competency framework. Item-level year comparisons mix learning and instrument change; competency-level comparisons are more defensible (still assume similar difficulty within competency). Prefer rankings and competency-level statements across years.
Chitradurga,B0026 challakere,C1443 sanikere,52.53,10.0,464,38.0,5.0,273,-14.53,-5.0,-7.26,2022-23 -> 2024-25,CAVEAT: items differ across years but map to a constant competency framework. Item-level year comparisons mix learning and instrument change; competency-level comparisons are more defensible (still assume similar difficulty within competency). Prefer rankings and competency-level statements across years.
Haveri,B0118 savanur,C1487 shirabadagi,67.15,40.0,156,52.65,15.0,379,-14.5,-25.0,-7.25,2022-23 -> 2024-25,CAVEAT: items differ across years but map to a constant competency framework. Item-level year comparisons mix learning and instrument change; competency-level comparisons are more defensible (still assume similar difficulty within competency). Prefer rankings and competency-level statements across years.
Tumakuru,B0136 tumkur,C0272 bugudanahalli,67.84,38.0,67,53.39,15.0,118,-14.45,-23.0,-7.22,2022-23 -> 2024-25,CAVEAT: items differ across years but map to a constant competency framework. Item-level year comparisons mix learning and instrument change; competency-level comparisons are more defensible (still assume similar difficulty within competency). Prefer rankings and competency-level statements across years.
Belagavi,B0011 bailhongal,C0590 hanabarhatti,77.12,55.0,189,62.71,25.0,675,-14.41,-30.0,-7.2,2022-23 -> 2024-25,CAVEAT: items differ across years but map to a constant competency framework. Item-level year comparisons mix learning and instrument change; competency-level comparisons are more defensible (still assume similar difficulty within competency). Prefer rankings and competency-level statements across years.
Belagavi,B0108 nippani,C1862 bedakihal,60.04,20.0,124,45.64,6.5,244,-14.4,-13.5,-7.2,2022-23 -> 2024-25,CAVEAT: items differ across years but map to a constant competency framework. Item-level year comparisons mix learning and instrument change; competency-level comparisons are more defensible (still assume similar difficulty within competency). Prefer rankings and competency-level statements across years.
Dharwad,B0086 kundagol,C1745 yelival,76.31,50.0,255,61.93,25.0,383,-14.38,-25.0,-7.19,2022-23 -> 2024-25,CAVEAT: items differ across years but map to a constant competency framework. Item-level year comparisons mix learning and instrument change; competency-level comparisons are more defensible (still assume similar difficulty within competency). Prefer rankings and competency-level statements across years.
Chitradurga,B0026 challakere,C0423 doddachellur,58.38,16.5,114,44.01,5.0,227,-14.37,-11.5,-7.18,2022-23 -> 2024-25,CAVEAT: items differ across years but map to a constant competency framework. Item-level year comparisons mix learning and instrument change; competency-level comparisons are more defensible (still assume similar difficulty within competency). Prefer rankings and competency-level statements across years.
Koppal,B0088 kustagi,C0989 koradakera,48.35,10.0,440,33.99,0.0,508,-14.36,-10.0,-7.18,2022-23 -> 2024-25,CAVEAT: items differ across years but map to a constant competency framework. Item-level year comparisons mix learning and instrument change; competency-level comparisons are more defensible (still assume similar difficulty within competency). Prefer rankings and competency-level statements across years.
Kodagu,B0092 madikeri,C0308 chayyandane,61.28,24.0,149,46.93,15.0,101,-14.35,-9.0,-7.18,2022-23 -> 2024-25,CAVEAT: items differ across years but map to a constant competency framework. Item-level year comparisons mix learning and instrument change; competency-level comparisons are more defensible (still assume similar difficulty within competency). Prefer rankings and competency-level statements across years.
Tumakuru,B0082 koratagere,C0273 bukkapatna,79.81,60.0,79,65.48,35.0,311,-14.33,-25.0,-7.16,2022-23 -> 2024-25,CAVEAT: items differ across years but map to a constant competency framework. Item-level year comparisons mix learning and instrument change; competency-level comparisons are more defensible (still assume similar difficulty within competency). Prefer rankings and competency-level statements across years.
Chikkaballapura,B0034 chintamani,C0836 kaiwara,69.02,25.0,122,54.71,15.0,345,-14.31,-10.0,-7.16,2022-23 -> 2024-25,CAVEAT: items differ across years but map to a constant competency framework. Item-level year comparisons mix learning and instrument change; competency-level comparisons are more defensible (still assume similar difficulty within competency). Prefer rankings and competency-level statements across years.
Raichur,B0126 sindhanur,C0515 goudanbhavi,57.5,15.0,184,43.21,15.0,418,-14.29,0.0,-7.14,2022-23 -> 2024-25,CAVEAT: items differ across years but map to a constant competency framework. Item-level year comparisons mix learning and instrument change; competency-level comparisons are more defensible (still assume similar difficulty within competency). Prefer rankings and competency-level statements across years.
Tumakuru,B0137 turuvekere,C1228 muniyur,95.61,90.0,99,81.39,55.0,165,-14.22,-35.0,-7.11,2022-23 -> 2024-25,CAVEAT: items differ across years but map to a constant competency framework. Item-level year comparisons mix learning and instrument change; competency-level comparisons are more defensible (still assume similar difficulty within competency). Prefer rankings and competency-level statements across years.
Vijayanagara,B0055 harapanahalli,C0663 hiremegalagere,52.85,10.0,114,38.63,0.0,313,-14.22,-10.0,-7.11,2022-23 -> 2024-25,CAVEAT: items differ across years but map to a constant competency framework. Item-level year comparisons mix learning and instrument change; competency-level comparisons are more defensible (still assume similar difficulty within competency). Prefer rankings and competency-level statements across years.
Koppal,B0088 kustagi,C1314 nilogal,55.11,10.0,361,40.89,5.0,219,-14.22,-5.0,-7.11,2022-23 -> 2024-25,CAVEAT: items differ across years but map to a constant competency framework. Item-level year comparisons mix learning and instrument change; competency-level comparisons are more defensible (still assume similar difficulty within competency). Prefer rankings and competency-level statements across years.
Kodagu,B0140 virajpet,C0303 channenakote,55.35,24.0,100,41.14,20.0,123,-14.21,-4.0,-7.1,2022-23 -> 2024-25,CAVEAT: items differ across years but map to a constant competency framework. Item-level year comparisons mix learning and instrument change; competency-level comparisons are more defensible (still assume similar difficulty within competency). Prefer rankings and competency-level statements across years.
Bengaluru Rural,B0042 doddaballapura,C0880 kanasavadi,65.09,30.0,106,50.88,8.0,97,-14.21,-22.0,-7.1,2022-23 -> 2024-25,CAVEAT: items differ across years but map to a constant competency framework. Item-level year comparisons mix learning and instrument change; competency-level comparisons are more defensible (still assume similar difficulty within competency). Prefer rankings and competency-level statements across years.
Vijayanagara,B0065 hosapete,"C1420 s.n.pet, kampli",42.55,5.0,153,28.36,5.0,165,-14.19,0.0,-7.1,2022-23 -> 2024-25,CAVEAT: items differ across years but map to a constant competency framework. Item-level year comparisons mix learning and instrument change; competency-level comparisons are more defensible (still assume similar difficulty within competency). Prefer rankings and competency-level statements across years.
Ballari,B0128 siruguppa,C1010 kudarhal,48.08,10.0,315,33.93,0.0,718,-14.15,-10.0,-7.08,2022-23 -> 2024-25,CAVEAT: items differ across years but map to a constant competency framework. Item-level year comparisons mix learning and instrument change; competency-level comparisons are more defensible (still assume similar difficulty within competency). Prefer rankings and competency-level statements across years.
Raichur,B0089 lingasugur,C1338 paidoddi,53.22,16.5,104,39.11,10.0,169,-14.11,-6.5,-7.06,2022-23 -> 2024-25,CAVEAT: items differ across years but map to a constant competency framework. Item-level year comparisons mix learning and instrument change; competency-level comparisons are more defensible (still assume similar difficulty within competency). Prefer rankings and competency-level statements across years.
Mandya,B0093 malavally,C0565 halagur,73.48,52.5,66,59.37,23.0,167,-14.11,-29.5,-7.06,2022-23 -> 2024-25,CAVEAT: items differ across years but map to a constant competency framework. Item-level year comparisons mix learning and instrument change; competency-level comparisons are more defensible (still assume similar difficulty within competency). Prefer rankings and competency-level statements across years.
Chitradurga,B0060 holalkere,C1571 talikatte,60.83,15.0,406,46.72,10.0,233,-14.11,-5.0,-7.06,2022-23 -> 2024-25,CAVEAT: items differ across years but map to a constant competency framework. Item-level year comparisons mix learning and instrument change; competency-level comparisons are more defensible (still assume similar difficulty within competency). Prefer rankings and competency-level statements across years.
Chitradurga,B0035 chitradurga,C1205 muddapura,45.79,5.0,242,31.73,0.0,263,-14.06,-5.0,-7.03,2022-23 -> 2024-25,CAVEAT: items differ across years but map to a constant competency framework. Item-level year comparisons mix learning and instrument change; competency-level comparisons are more defensible (still assume similar difficulty within competency). Prefer rankings and competency-level statements across years.
Raichur,B0126 sindhanur,C1336 pagadadinni,62.07,28.0,87,48.04,5.0,112,-14.03,-23.0,-7.02,2022-23 -> 2024-25,CAVEAT: items differ across years but map to a constant competency framework. Item-level year comparisons mix learning and instrument change; competency-level comparisons are more defensible (still assume similar difficulty within competency). Prefer rankings and competency-level statements across years.
Tumakuru,B0135 tiptur,C0280 byranayakanahalli,77.78,52.5,106,63.77,25.0,228,-14.01,-27.5,-7.0,2022-23 -> 2024-25,CAVEAT: items differ across years but map to a constant competency framework. Item-level year comparisons mix learning and instrument change; competency-level comparisons are more defensible (still assume similar difficulty within competency). Prefer rankings and competency-level statements across years.
Tumakuru,B0127 sira,C1577 tavarekere,67.51,40.0,370,53.54,20.0,267,-13.97,-20.0,-6.98,2022-23 -> 2024-25,CAVEAT: items differ across years but map to a constant competency framework. Item-level year comparisons mix learning and instrument change; competency-level comparisons are more defensible (still assume similar difficulty within competency). Prefer rankings and competency-level statements across years.
Kalaburagi,B0036 chittapur,C1462 satnoor,51.51,15.0,252,37.54,5.0,270,-13.97,-10.0,-6.98,2022-23 -> 2024-25,CAVEAT: items differ across years but map to a constant competency framework. Item-level year comparisons mix learning and instrument change; competency-level comparisons are more defensible (still assume similar difficulty within competency). Prefer rankings and competency-level statements across years.
Tumakuru,B0137 turuvekere,C0981 kondajji,67.91,40.0,103,53.96,20.0,82,-13.95,-20.0,-6.98,2022-23 -> 2024-25,CAVEAT: items differ across years but map to a constant competency framework. Item-level year comparisons mix learning and instrument change; competency-level comparisons are more defensible (still assume similar difficulty within competency). Prefer rankings and competency-level statements across years.
Bidar,B0019 bhalki,C0409 dhannura (s),49.1,10.0,194,35.2,5.0,224,-13.9,-5.0,-6.95,2022-23 -> 2024-25,CAVEAT: items differ across years but map to a constant competency framework. Item-level year comparisons mix learning and instrument change; competency-level comparisons are more defensible (still assume similar difficulty within competency). Prefer rankings and competency-level statements across years.
Davanagere,B0062 honnali,C0909 kasaba-ii,58.21,10.0,56,44.31,10.0,159,-13.9,0.0,-6.95,2022-23 -> 2024-25,CAVEAT: items differ across years but map to a constant competency framework. Item-level year comparisons mix learning and instrument change; competency-level comparisons are more defensible (still assume similar difficulty within competency). Prefer rankings and competency-level statements across years.
Gadag,B0102 mundaragi,C1186 meundi,69.39,35.0,157,55.53,23.5,208,-13.86,-11.5,-6.93,2022-23 -> 2024-25,CAVEAT: items differ across years but map to a constant competency framework. Item-level year comparisons mix learning and instrument change; competency-level comparisons are more defensible (still assume similar difficulty within competency). Prefer rankings and competency-level statements across years.
Vijayanagara,B0065 hosapete,C0384 deva samudra,46.78,15.0,180,32.94,0.0,422,-13.84,-15.0,-6.92,2022-23 -> 2024-25,CAVEAT: items differ across years but map to a constant competency framework. Item-level year comparisons mix learning and instrument change; competency-level comparisons are more defensible (still assume similar difficulty within competency). Prefer rankings and competency-level statements across years.
Vijayanagara,B0051 hadagali,C0557 hadagali gramina,48.72,10.0,160,34.88,5.0,217,-13.84,-5.0,-6.92,2022-23 -> 2024-25,CAVEAT: items differ across years but map to a constant competency framework. Item-level year comparisons mix learning and instrument change; competency-level comparisons are more defensible (still assume similar difficulty within competency). Prefer rankings and competency-level statements across years.
Dharwad,B0066 hubli,C1489 shirguppi,69.47,40.0,291,55.63,12.0,375,-13.84,-28.0,-6.92,2022-23 -> 2024-25,CAVEAT: items differ across years but map to a constant competency framework. Item-level year comparisons mix learning and instrument change; competency-level comparisons are more defensible (still assume similar difficulty within competency). Prefer rankings and competency-level statements across years.
Ballari,B0128 siruguppa,C1069 m suguru,40.64,5.0,511,26.81,0.0,433,-13.83,-5.0,-6.92,2022-23 -> 2024-25,CAVEAT: items differ across years but map to a constant competency framework. Item-level year comparisons mix learning and instrument change; competency-level comparisons are more defensible (still assume similar difficulty within competency). Prefer rankings and competency-level statements across years.
Tumakuru,B0137 turuvekere,C0725 hullekere,76.62,49.0,99,62.87,25.0,87,-13.75,-24.0,-6.88,2022-23 -> 2024-25,CAVEAT: items differ across years but map to a constant competency framework. Item-level year comparisons mix learning and instrument change; competency-level comparisons are more defensible (still assume similar difficulty within competency). Prefer rankings and competency-level statements across years.
Raichur,B0111 raichur,C0318 chicksugur,53.04,15.0,561,39.34,10.0,327,-13.7,-5.0,-6.85,2022-23 -> 2024-25,CAVEAT: items differ across years but map to a constant competency framework. Item-level year comparisons mix learning and instrument change; competency-level comparisons are more defensible (still assume similar difficulty within competency). Prefer rankings and competency-level statements across years.
Dharwad,B0086 kundagol,C0749 ingalagi,73.75,50.0,293,60.1,15.0,892,-13.65,-35.0,-6.82,2022-23 -> 2024-25,CAVEAT: items differ across years but map to a constant competency framework. Item-level year comparisons mix learning and instrument change; competency-level comparisons are more defensible (still assume similar difficulty within competency). Prefer rankings and competency-level statements across years.
Tumakuru,B0137 turuvekere,C0065 anekere,84.15,65.0,94,70.51,45.0,89,-13.64,-20.0,-6.82,2022-23 -> 2024-25,CAVEAT: items differ across years but map to a constant competency framework. Item-level year comparisons mix learning and instrument change; competency-level comparisons are more defensible (still assume similar difficulty within competency). Prefer rankings and competency-level statements across years.
Bidar,B0068 humnabad,C0498 ghatboral,36.67,5.0,39,23.05,0.0,95,-13.62,-5.0,-6.81,2022-23 -> 2024-25,CAVEAT: items differ across years but map to a constant competency framework. Item-level year comparisons mix learning and instrument change; competency-level comparisons are more defensible (still assume similar difficulty within competency). Prefer rankings and competency-level statements across years.
Mandya,B0132 srirangapatna,C1094 mahadevapura,62.7,40.0,139,49.09,5.0,170,-13.61,-35.0,-6.8,2022-23 -> 2024-25,CAVEAT: items differ across years but map to a constant competency framework. Item-level year comparisons mix learning and instrument change; competency-level comparisons are more defensible (still assume similar difficulty within competency). Prefer rankings and competency-level statements across years.
Bidar,B0020 bidar,C0034 aliamber,56.39,20.0,155,42.81,5.0,160,-13.58,-15.0,-6.79,2022-23 -> 2024-25,CAVEAT: items differ across years but map to a constant competency framework. Item-level year comparisons mix learning and instrument change; competency-level comparisons are more defensible (still assume similar difficulty within competency). Prefer rankings and competency-level statements across years.
Tumakuru,B0031 chiknayakanhalli,C0189 belaguli,73.39,45.0,158,59.81,30.0,107,-13.58,-15.0,-6.79,2022-23 -> 2024-25,CAVEAT: items differ across years but map to a constant competency framework. Item-level year comparisons mix learning and instrument change; competency-level comparisons are more defensible (still assume similar difficulty within competency). Prefer rankings and competency-level statements across years.
Raichur,B0126 sindhanur,C0164 bappur,47.44,5.0,78,33.91,5.0,184,-13.53,0.0,-6.76,2022-23 -> 2024-25,CAVEAT: items differ across years but map to a constant competency framework. Item-level year comparisons mix learning and instrument change; competency-level comparisons are more defensible (still assume similar difficulty within competency). Prefer rankings and competency-level statements across years.
Ballari,B0012 ballari east,C0062 andral,44.13,5.0,207,30.64,0.0,251,-13.49,-5.0,-6.74,2022-23 -> 2024-25,CAVEAT: items differ across years but map to a constant competency framework. Item-level year comparisons mix learning and instrument change; competency-level comparisons are more defensible (still assume similar difficulty within competency). Prefer rankings and competency-level statements across years.
Vijayanagara,B0051 hadagali,C0561 hagaranooru,51.68,15.0,187,38.22,5.0,422,-13.46,-10.0,-6.73,2022-23 -> 2024-25,CAVEAT: items differ across years but map to a constant competency framework. Item-level year comparisons mix learning and instrument change; competency-level comparisons are more defensible (still assume similar difficulty within competency). Prefer rankings and competency-level statements across years.
Bidar,B0020 bidar,C1263 nagora,52.75,10.0,220,39.29,10.0,190,-13.46,0.0,-6.73,2022-23 -> 2024-25,CAVEAT: items differ across years but map to a constant competency framework. Item-level year comparisons mix learning and instrument change; competency-level comparisons are more defensible (still assume similar difficulty within competency). Prefer rankings and competency-level statements across years.
Dharwad,B0106 navalgund,C1194 morab,57.01,17.0,335,43.57,5.0,472,-13.44,-12.0,-6.72,2022-23 -> 2024-25,CAVEAT: items differ across years but map to a constant competency framework. Item-level year comparisons mix learning and instrument change; competency-level comparisons are more defensible (still assume similar difficulty within competency). Prefer rankings and competency-level statements across years.
Mandya,B0090 maddur,C0807 k. honnalagere,66.58,35.0,76,53.16,15.0,206,-13.42,-20.0,-6.71,2022-23 -> 2024-25,CAVEAT: items differ across years but map to a constant competency framework. Item-level year comparisons mix learning and instrument change; competency-level comparisons are more defensible (still assume similar difficulty within competency). Prefer rankings and competency-level statements across years.
Yadgir,B0123 shorapur,C1108 malla (b),64.55,30.0,411,51.13,10.0,577,-13.42,-20.0,-6.71,2022-23 -> 2024-25,CAVEAT: items differ across years but map to a constant competency framework. Item-level year comparisons mix learning and instrument change; competency-level comparisons are more defensible (still assume similar difficulty within competency). Prefer rankings and competency-level statements across years.
Davanagere,B0056 harihara,C0392 devara belakere,56.17,20.0,154,42.79,5.0,396,-13.38,-15.0,-6.69,2022-23 -> 2024-25,CAVEAT: items differ across years but map to a constant competency framework. Item-level year comparisons mix learning and instrument change; competency-level comparisons are more defensible (still assume similar difficulty within competency). Prefer rankings and competency-level statements across years.
Koppal,B0044 gangavathi,C0877 kanakagiri south,52.79,15.0,344,39.44,10.0,522,-13.35,-5.0,-6.68,2022-23 -> 2024-25,CAVEAT: items differ across years but map to a constant competency framework. Item-level year comparisons mix learning and instrument change; competency-level comparisons are more defensible (still assume similar difficulty within competency). Prefer rankings and competency-level statements across years.
Chikkaballapura,B0034 chintamani,C0050 amitaganahalli,67.72,35.0,92,54.41,11.0,93,-13.31,-24.0,-6.66,2022-23 -> 2024-25,CAVEAT: items differ across years but map to a constant competency framework. Item-level year comparisons mix learning and instrument change; competency-level comparisons are more defensible (still assume similar difficulty within competency). Prefer rankings and competency-level statements across years.
Kolar,B0131 srinivasapur,C1521 somayajalahalli,63.19,20.0,237,49.89,10.0,185,-13.3,-10.0,-6.65,2022-23 -> 2024-25,CAVEAT: items differ across years but map to a constant competency framework. Item-level year comparisons mix learning and instrument change; competency-level comparisons are more defensible (still assume similar difficulty within competency). Prefer rankings and competency-level statements across years.
Kalaburagi,B0002 aland,C1287 narona,51.5,5.0,354,38.23,10.0,269,-13.27,5.0,-6.64,2022-23 -> 2024-25,CAVEAT: items differ across years but map to a constant competency framework. Item-level year comparisons mix learning and instrument change; competency-level comparisons are more defensible (still assume similar difficulty within competency). Prefer rankings and competency-level statements across years.
Chamarajanagara,B0027 chamarajanagar,C1447 santhe marahalli,52.13,15.0,178,38.89,9.5,90,-13.24,-5.5,-6.62,2022-23 -> 2024-25,CAVEAT: items differ across years but map to a constant competency framework. Item-level year comparisons mix learning and instrument change; competency-level comparisons are more defensible (still assume similar difficulty within competency). Prefer rankings and competency-level statements across years.
Tumakuru,B0087 kunigal,C0803 k h halli,72.65,40.0,51,59.44,30.0,54,-13.21,-10.0,-6.6,2022-23 -> 2024-25,CAVEAT: items differ across years but map to a constant competency framework. Item-level year comparisons mix learning and instrument change; competency-level comparisons are more defensible (still assume similar difficulty within competency). Prefer rankings and competency-level statements across years.
Mandya,B0090 maddur,C0074 annuru,69.44,40.0,62,56.26,20.0,218,-13.18,-20.0,-6.59,2022-23 -> 2024-25,CAVEAT: items differ across years but map to a constant competency framework. Item-level year comparisons mix learning and instrument change; competency-level comparisons are more defensible (still assume similar difficulty within competency). Prefer rankings and competency-level statements across years.
Chitradurga,B0063 hosadurga,C0493 garaga,64.8,25.0,171,51.66,15.0,175,-13.14,-10.0,-6.57,2022-23 -> 2024-25,CAVEAT: items differ across years but map to a constant competency framework. Item-level year comparisons mix learning and instrument change; competency-level comparisons are more defensible (still assume similar difficulty within competency). Prefer rankings and competency-level statements across years.
Bidar,B0019 bhalki,C1708 warwatti (b),40.15,3.0,97,27.03,0.0,59,-13.12,-3.0,-6.56,2022-23 -> 2024-25,CAVEAT: items differ across years but map to a constant competency framework. Item-level year comparisons mix learning and instrument change; competency-level comparisons are more defensible (still assume similar difficulty within competency). Prefer rankings and competency-level statements across years.
Bengaluru Rural,B0042 doddaballapura,C0095 aroodi,63.69,30.0,137,50.58,20.0,217,-13.11,-10.0,-6.56,2022-23 -> 2024-25,CAVEAT: items differ across years but map to a constant competency framework. Item-level year comparisons mix learning and instrument change; competency-level comparisons are more defensible (still assume similar difficulty within competency). Prefer rankings and competency-level statements across years.
Chamarajanagara,B0027 chamarajanagar,C0970 kolipalya,47.44,0.0,86,34.33,0.0,45,-13.11,0.0,-6.56,2022-23 -> 2024-25,CAVEAT: items differ across years but map to a constant competency framework. Item-level year comparisons mix learning and instrument change; competency-level comparisons are more defensible (still assume similar difficulty within competency). Prefer rankings and competency-level statements across years.
Vijayanagara,B0051 hadagali,C1517 sogi,55.44,10.0,180,42.35,5.0,189,-13.09,-5.0,-6.54,2022-23 -> 2024-25,CAVEAT: items differ across years but map to a constant competency framework. Item-level year comparisons mix learning and instrument change; competency-level comparisons are more defensible (still assume similar difficulty within competency). Prefer rankings and competency-level statements across years.
Chitradurga,B0060 holalkere,C0553 h.d.pura,57.44,15.0,160,44.38,10.0,232,-13.06,-5.0,-6.53,2022-23 -> 2024-25,CAVEAT: items differ across years but map to a constant competency framework. Item-level year comparisons mix learning and instrument change; competency-level comparisons are more defensible (still assume similar difficulty within competency). Prefer rankings and competency-level statements across years.
Gadag,B0105 naragund,C0767 jagapur,54.25,20.0,252,41.21,5.0,289,-13.04,-15.0,-6.52,2022-23 -> 2024-25,CAVEAT: items differ across years but map to a constant competency framework. Item-level year comparisons mix learning and instrument change; competency-level comparisons are more defensible (still assume similar difficulty within competency). Prefer rankings and competency-level statements across years.
Gadag,B0043 gadag rural,C1528 soratur,52.76,15.0,190,39.72,5.0,308,-13.04,-10.0,-6.52,2022-23 -> 2024-25,CAVEAT: items differ across years but map to a constant competency framework. Item-level year comparisons mix learning and instrument change; competency-level comparisons are more defensible (still assume similar difficulty within competency). Prefer rankings and competency-level statements across years.
Kodagu,B0129 somavarpet,C0633 hebbale,69.26,31.5,94,56.23,24.5,150,-13.03,-7.0,-6.52,2022-23 -> 2024-25,CAVEAT: items differ across years but map to a constant competency framework. Item-level year comparisons mix learning and instrument change; competency-level comparisons are more defensible (still assume similar difficulty within competency). Prefer rankings and competency-level statements across years.
Vijayanagara,B0084 kudligi,C0474 gajapura,55.21,20.0,141,42.18,10.0,119,-13.03,-10.0,-6.52,2022-23 -> 2024-25,CAVEAT: items differ across years but map to a constant competency framework. Item-level year comparisons mix learning and instrument change; competency-level comparisons are more defensible (still assume similar difficulty within competency). Prefer rankings and competency-level statements across years.
Vijayapura,B0025 chadachan,C1321 nivaragi,66.9,0.0,163,53.88,10.0,312,-13.02,10.0,-6.51,2022-23 -> 2024-25,CAVEAT: items differ across years but map to a constant competency framework. Item-level year comparisons mix learning and instrument change; competency-level comparisons are more defensible (still assume similar difficulty within competency). Prefer rankings and competency-level statements across years.
Vijayanagara,B0084 kudligi,C0768 jagatagere,60.09,35.0,53,47.07,18.5,58,-13.02,-16.5,-6.51,2022-23 -> 2024-25,CAVEAT: items differ across years but map to a constant competency framework. Item-level year comparisons mix learning and instrument change; competency-level comparisons are more defensible (still assume similar difficulty within competency). Prefer rankings and competency-level statements across years.
Raichur,B0039 devadurga,C0094 arkera,49.12,5.0,239,36.14,5.0,394,-12.98,0.0,-6.49,2022-23 -> 2024-25,CAVEAT: items differ across years but map to a constant competency framework. Item-level year comparisons mix learning and instrument change; competency-level comparisons are more defensible (still assume similar difficulty within competency). Prefer rankings and competency-level statements across years.
Tumakuru,B0137 turuvekere,C0371 dabbe ghatta,75.44,45.0,57,62.5,27.5,116,-12.94,-17.5,-6.47,2022-23 -> 2024-25,CAVEAT: items differ across years but map to a constant competency framework. Item-level year comparisons mix learning and instrument change; competency-level comparisons are more defensible (still assume similar difficulty within competency). Prefer rankings and competency-level statements across years.
Belagavi,B0098 mudalgi,C1716 yadwad,74.47,50.0,150,61.57,35.0,723,-12.9,-15.0,-6.45,2022-23 -> 2024-25,CAVEAT: items differ across years but map to a constant competency framework. Item-level year comparisons mix learning and instrument change; competency-level comparisons are more defensible (still assume similar difficulty within competency). Prefer rankings and competency-level statements across years.
Kalaburagi,B0001 afzalpur,C1135 mannur,72.55,40.0,357,59.65,20.0,460,-12.9,-20.0,-6.45,2022-23 -> 2024-25,CAVEAT: items differ across years but map to a constant competency framework. Item-level year comparisons mix learning and instrument change; competency-level comparisons are more defensible (still assume similar difficulty within competency). Prefer rankings and competency-level statements across years.
Bidar,B0007 aurad,C0456 eklara,65.2,35.0,25,52.32,23.5,28,-12.88,-11.5,-6.44,2022-23 -> 2024-25,CAVEAT: items differ across years but map to a constant competency framework. Item-level year comparisons mix learning and instrument change; competency-level comparisons are more defensible (still assume similar difficulty within competency). Prefer rankings and competency-level statements across years.
Raichur,B0089 lingasugur,C1250 nagalapur,58.29,20.0,240,45.44,10.0,270,-12.85,-10.0,-6.42,2022-23 -> 2024-25,CAVEAT: items differ across years but map to a constant competency framework. Item-level year comparisons mix learning and instrument change; competency-level comparisons are more defensible (still assume similar difficulty within competency). Prefer rankings and competency-level statements across years.
Chitradurga,B0026 challakere,C0156 banjigere,41.98,2.0,255,29.13,0.0,406,-12.85,-2.0,-6.42,2022-23 -> 2024-25,CAVEAT: items differ across years but map to a constant competency framework. Item-level year comparisons mix learning and instrument change; competency-level comparisons are more defensible (still assume similar difficulty within competency). Prefer rankings and competency-level statements across years.
Tumakuru,B0082 koratagere,C1168 mavathur,72.24,45.0,87,59.39,16.5,82,-12.85,-28.5,-6.42,2022-23 -> 2024-25,CAVEAT: items differ across years but map to a constant competency framework. Item-level year comparisons mix learning and instrument change; competency-level comparisons are more defensible (still assume similar difficulty within competency). Prefer rankings and competency-level statements across years.
Tumakuru,B0137 turuvekere,C1175 mayasandra,92.02,85.0,84,79.19,24.5,74,-12.83,-60.5,-6.42,2022-23 -> 2024-25,CAVEAT: items differ across years but map to a constant competency framework. Item-level year comparisons mix learning and instrument change; competency-level comparisons are more defensible (still assume similar difficulty within competency). Prefer rankings and competency-level statements across years.
Haveri,B0053 hanagal,C1774 akkialur,78.51,40.0,114,65.68,43.5,148,-12.83,3.5,-6.42,2022-23 -> 2024-25,CAVEAT: items differ across years but map to a constant competency framework. Item-level year comparisons mix learning and instrument change; competency-level comparisons are more defensible (still assume similar difficulty within competency). Prefer rankings and competency-level statements across years.
Bidar,B0019 bhalki,C0938 khatak-chincholi,42.45,5.0,200,29.67,5.0,107,-12.78,0.0,-6.39,2022-23 -> 2024-25,CAVEAT: items differ across years but map to a constant competency framework. Item-level year comparisons mix learning and instrument change; competency-level comparisons are more defensible (still assume similar difficulty within competency). Prefer rankings and competency-level statements across years.
Hassan,B0018 belur,C2110 hebbalu,73.57,50.0,77,60.79,25.0,152,-12.78,-25.0,-6.39,2022-23 -> 2024-25,CAVEAT: items differ across years but map to a constant competency framework. Item-level year comparisons mix learning and instrument change; competency-level comparisons are more defensible (still assume similar difficulty within competency). Prefer rankings and competency-level statements across years.
Gadag,B0105 naragund,C0144 banahatti,63.02,25.0,144,50.31,5.0,324,-12.71,-20.0,-6.36,2022-23 -> 2024-25,CAVEAT: items differ across years but map to a constant competency framework. Item-level year comparisons mix learning and instrument change; competency-level comparisons are more defensible (still assume similar difficulty within competency). Prefer rankings and competency-level statements across years.
Koppal,B0088 kustagi,C0652 hiregonnagar,57.09,15.0,218,44.38,5.0,416,-12.71,-10.0,-6.36,2022-23 -> 2024-25,CAVEAT: items differ across years but map to a constant competency framework. Item-level year comparisons mix learning and instrument change; competency-level comparisons are more defensible (still assume similar difficulty within competency). Prefer rankings and competency-level statements across years.
Koppal,B0081 koppal,C1019 kukanapalli,67.72,40.0,208,55.02,25.0,317,-12.7,-15.0,-6.35,2022-23 -> 2024-25,CAVEAT: items differ across years but map to a constant competency framework. Item-level year comparisons mix learning and instrument change; competency-level comparisons are more defensible (still assume similar difficulty within competency). Prefer rankings and competency-level statements across years.
Kalaburagi,B0036 chittapur,C1269 nalwar,45.56,10.0,177,32.89,6.0,123,-12.67,-4.0,-6.34,2022-23 -> 2024-25,CAVEAT: items differ across years but map to a constant competency framework. Item-level year comparisons mix learning and instrument change; competency-level comparisons are more defensible (still assume similar difficulty within competency). Prefer rankings and competency-level statements across years.
Kalaburagi,B0033 chincholi,C1311 nidgunda,37.26,5.0,232,24.64,0.0,165,-12.62,-5.0,-6.31,2022-23 -> 2024-25,CAVEAT: items differ across years but map to a constant competency framework. Item-level year comparisons mix learning and instrument change; competency-level comparisons are more defensible (still assume similar difficulty within competency). Prefer rankings and competency-level statements across years.
Bidar,B0007 aurad,C0778 jamagi,54.1,15.5,162,41.51,6.0,53,-12.59,-9.5,-6.3,2022-23 -> 2024-25,CAVEAT: items differ across years but map to a constant competency framework. Item-level year comparisons mix learning and instrument change; competency-level comparisons are more defensible (still assume similar difficulty within competency). Prefer rankings and competency-level statements across years.
Chamarajanagara,B0054 hanur,C1390 ramapura,58.28,15.0,151,45.7,10.0,194,-12.58,-5.0,-6.29,2022-23 -> 2024-25,CAVEAT: items differ across years but map to a constant competency framework. Item-level year comparisons mix learning and instrument change; competency-level comparisons are more defensible (still assume similar difficulty within competency). Prefer rankings and competency-level statements across years.
Belagavi,B0078 khanapur,C0756 itagi,76.76,45.0,156,64.19,25.0,359,-12.57,-20.0,-6.28,2022-23 -> 2024-25,CAVEAT: items differ across years but map to a constant competency framework. Item-level year comparisons mix learning and instrument change; competency-level comparisons are more defensible (still assume similar difficulty within competency). Prefer rankings and competency-level statements across years.
Kalaburagi,B0002 aland,C0451 duttargaon,49.44,5.0,378,36.89,5.0,349,-12.55,0.0,-6.28,2022-23 -> 2024-25,CAVEAT: items differ across years but map to a constant competency framework. Item-level year comparisons mix learning and instrument change; competency-level comparisons are more defensible (still assume similar difficulty within competency). Prefer rankings and competency-level statements across years.
Mysuru,B0104 nanjanagud,C0720 hulimavu,63.08,25.0,247,50.54,14.0,259,-12.54,-11.0,-6.27,2022-23 -> 2024-25,CAVEAT: items differ across years but map to a constant competency framework. Item-level year comparisons mix learning and instrument change; competency-level comparisons are more defensible (still assume similar difficulty within competency). Prefer rankings and competency-level statements across years.
Hassan,B0057 hassan,C0071 ankapura,73.39,45.5,62,60.91,29.0,99,-12.48,-16.5,-6.24,2022-23 -> 2024-25,CAVEAT: items differ across years but map to a constant competency framework. Item-level year comparisons mix learning and instrument change; competency-level comparisons are more defensible (still assume similar difficulty within competency). Prefer rankings and competency-level statements across years.
Ramanagara,B0077 kanakapura,C0950 kodihalli,62.9,35.0,124,50.44,15.0,114,-12.46,-20.0,-6.23,2022-23 -> 2024-25,CAVEAT: items differ across years but map to a constant competency framework. Item-level year comparisons mix learning and instrument change; competency-level comparisons are more defensible (still assume similar difficulty within competency). Prefer rankings and competency-level statements across years.
Vijayanagara,B0055 harapanahalli,C1598 theligi,51.96,10.0,645,39.51,5.0,334,-12.45,-5.0,-6.22,2022-23 -> 2024-25,CAVEAT: items differ across years but map to a constant competency framework. Item-level year comparisons mix learning and instrument change; competency-level comparisons are more defensible (still assume similar difficulty within competency). Prefer rankings and competency-level statements across years.
Bengaluru Rural,B0042 doddaballapura,C0377 dargajogihalli,69.53,35.0,107,57.12,25.0,182,-12.41,-10.0,-6.2,2022-23 -> 2024-25,CAVEAT: items differ across years but map to a constant competency framework. Item-level year comparisons mix learning and instrument change; competency-level comparisons are more defensible (still assume similar difficulty within competency). Prefer rankings and competency-level statements across years.
Chamarajanagara,B0142 yelandur,C0020 agara,68.5,39.5,70,56.1,20.0,109,-12.4,-19.5,-6.2,2022-23 -> 2024-25,CAVEAT: items differ across years but map to a constant competency framework. Item-level year comparisons mix learning and instrument change; competency-level comparisons are more defensible (still assume similar difficulty within competency). Prefer rankings and competency-level statements across years.
Bidar,B0007 aurad,C0223 bhandar kumta,69.48,22.0,165,57.1,24.5,50,-12.38,2.5,-6.19,2022-23 -> 2024-25,CAVEAT: items differ across years but map to a constant competency framework. Item-level year comparisons mix learning and instrument change; competency-level comparisons are more defensible (still assume similar difficulty within competency). Prefer rankings and competency-level statements across years.
Bengaluru Rural,B0107 nelamangala,C0418 dodda bele,74.04,43.0,57,61.68,30.0,146,-12.36,-13.0,-6.18,2022-23 -> 2024-25,CAVEAT: items differ across years but map to a constant competency framework. Item-level year comparisons mix learning and instrument change; competency-level comparisons are more defensible (still assume similar difficulty within competency). Prefer rankings and competency-level statements across years.
Kalaburagi,B0002 aland,C1466 savaleshwar,31.69,0.0,278,19.35,0.0,147,-12.34,0.0,-6.17,2022-23 -> 2024-25,CAVEAT: items differ across years but map to a constant competency framework. Item-level year comparisons mix learning and instrument change; competency-level comparisons are more defensible (still assume similar difficulty within competency). Prefer rankings and competency-level statements across years.
Mysuru,B0133 t.n.pura,C0283 c b hundi,60.69,25.0,108,48.41,10.0,277,-12.28,-15.0,-6.14,2022-23 -> 2024-25,CAVEAT: items differ across years but map to a constant competency framework. Item-level year comparisons mix learning and instrument change; competency-level comparisons are more defensible (still assume similar difficulty within competency). Prefer rankings and competency-level statements across years.
Vijayapura,B0025 chadachan,C1856 baradol,81.97,50.0,99,69.73,40.0,547,-12.24,-10.0,-6.12,2022-23 -> 2024-25,CAVEAT: items differ across years but map to a constant competency framework. Item-level year comparisons mix learning and instrument change; competency-level comparisons are more defensible (still assume similar difficulty within competency). Prefer rankings and competency-level statements across years.
Raichur,B0039 devadurga,C0534 gugal,53.1,15.0,174,40.88,10.0,393,-12.22,-5.0,-6.11,2022-23 -> 2024-25,CAVEAT: items differ across years but map to a constant competency framework. Item-level year comparisons mix learning and instrument change; competency-level comparisons are more defensible (still assume similar difficulty within competency). Prefer rankings and competency-level statements across years.
Raichur,B0096 manvi,C1621 torandinni,50.13,10.0,194,37.92,0.0,192,-12.21,-10.0,-6.1,2022-23 -> 2024-25,CAVEAT: items differ across years but map to a constant competency framework. Item-level year comparisons mix learning and instrument change; competency-level comparisons are more defensible (still assume similar difficulty within competency). Prefer rankings and competency-level statements across years.
Chitradurga,B0026 challakere,C1349 parashurampura,48.63,10.0,373,36.43,0.5,422,-12.2,-9.5,-6.1,2022-23 -> 2024-25,CAVEAT: items differ across years but map to a constant competency framework. Item-level year comparisons mix learning and instrument change; competency-level comparisons are more defensible (still assume similar difficulty within competency). Prefer rankings and competency-level statements across years.
Kalaburagi,B0073 jewargi,C0061 andola,48.1,10.0,274,35.9,10.0,233,-12.2,0.0,-6.1,2022-23 -> 2024-25,CAVEAT: items differ across years but map to a constant competency framework. Item-level year comparisons mix learning and instrument change; competency-level comparisons are more defensible (still assume similar difficulty within competency). Prefer rankings and competency-level statements across years.
Mandya,B0103 nagamangala,C0232 bheemanahalli,81.15,65.0,26,68.96,25.0,91,-12.19,-40.0,-6.1,2022-23 -> 2024-25,CAVEAT: items differ across years but map to a constant competency framework. Item-level year comparisons mix learning and instrument change; competency-level comparisons are more defensible (still assume similar difficulty within competency). Prefer rankings and competency-level statements across years.
Gadag,B0043 gadag rural,C0685 hombal,58.54,20.0,250,46.39,10.0,385,-12.15,-10.0,-6.08,2022-23 -> 2024-25,CAVEAT: items differ across years but map to a constant competency framework. Item-level year comparisons mix learning and instrument change; competency-level comparisons are more defensible (still assume similar difficulty within competency). Prefer rankings and competency-level statements across years.
Koppal,B0044 gangavathi,C0754 islampur west,68.17,35.0,161,56.05,27.5,86,-12.12,-7.5,-6.06,2022-23 -> 2024-25,CAVEAT: items differ across years but map to a constant competency framework. Item-level year comparisons mix learning and instrument change; competency-level comparisons are more defensible (still assume similar difficulty within competency). Prefer rankings and competency-level statements across years.
Bengaluru Rural,B0042 doddaballapura,C0639 heggadihalli,70.59,33.5,68,58.48,25.0,125,-12.11,-8.5,-6.06,2022-23 -> 2024-25,CAVEAT: items differ across years but map to a constant competency framework. Item-level year comparisons mix learning and instrument change; competency-level comparisons are more defensible (still assume similar difficulty within competency). Prefer rankings and competency-level statements across years.
Koppal,B0088 kustagi,C0606 hanumasagar,64.9,25.0,390,52.8,20.0,250,-12.1,-5.0,-6.05,2022-23 -> 2024-25,CAVEAT: items differ across years but map to a constant competency framework. Item-level year comparisons mix learning and instrument change; competency-level comparisons are more defensible (still assume similar difficulty within competency). Prefer rankings and competency-level statements across years.
Dharwad,B0066 hubli,C1690 varur,68.49,40.0,219,56.39,20.0,368,-12.1,-20.0,-6.05,2022-23 -> 2024-25,CAVEAT: items differ across years but map to a constant competency framework. Item-level year comparisons mix learning and instrument change; competency-level comparisons are more defensible (still assume similar difficulty within competency). Prefer rankings and competency-level statements across years.
Dharwad,B0076 kalghatagi,C0381 dastikoppa,68.56,31.5,374,56.47,15.0,513,-12.09,-16.5,-6.04,2022-23 -> 2024-25,CAVEAT: items differ across years but map to a constant competency framework. Item-level year comparisons mix learning and instrument change; competency-level comparisons are more defensible (still assume similar difficulty within competency). Prefer rankings and competency-level statements across years.
Tumakuru,B0082 koratagere,C0719 hulikunte,63.69,25.0,61,51.62,15.0,71,-12.07,-10.0,-6.04,2022-23 -> 2024-25,CAVEAT: items differ across years but map to a constant competency framework. Item-level year comparisons mix learning and instrument change; competency-level comparisons are more defensible (still assume similar difficulty within competency). Prefer rankings and competency-level statements across years.
Kodagu,B0092 madikeri,C0313 cherambane,68.64,43.0,77,56.58,19.0,79,-12.06,-24.0,-6.03,2022-23 -> 2024-25,CAVEAT: items differ across years but map to a constant competency framework. Item-level year comparisons mix learning and instrument change; competency-level comparisons are more defensible (still assume similar difficulty within competency). Prefer rankings and competency-level statements across years.
Kalaburagi,B0033 chincholi,C1540 sulepeth,60.27,16.5,164,48.21,10.0,204,-12.06,-6.5,-6.03,2022-23 -> 2024-25,CAVEAT: items differ across years but map to a constant competency framework. Item-level year comparisons mix learning and instrument change; competency-level comparisons are more defensible (still assume similar difficulty within competency). Prefer rankings and competency-level statements across years.
Chitradurga,B0060 holalkere,C0011 adanuru,60.13,15.0,190,48.08,10.0,156,-12.05,-5.0,-6.02,2022-23 -> 2024-25,CAVEAT: items differ across years but map to a constant competency framework. Item-level year comparisons mix learning and instrument change; competency-level comparisons are more defensible (still assume similar difficulty within competency). Prefer rankings and competency-level statements across years.
Bidar,B0020 bidar,C0787 janwada,60.94,27.0,165,48.89,10.0,122,-12.05,-17.0,-6.02,2022-23 -> 2024-25,CAVEAT: items differ across years but map to a constant competency framework. Item-level year comparisons mix learning and instrument change; competency-level comparisons are more defensible (still assume similar difficulty within competency). Prefer rankings and competency-level statements across years.
Chitradurga,B0060 holalkere,C0333 chikkajajuru,65.26,21.0,133,53.23,10.0,378,-12.03,-11.0,-6.02,2022-23 -> 2024-25,CAVEAT: items differ across years but map to a constant competency framework. Item-level year comparisons mix learning and instrument change; competency-level comparisons are more defensible (still assume similar difficulty within competency). Prefer rankings and competency-level statements across years.
Ramanagara,B0077 kanakapura,C0834 kaggalahalli,61.75,25.0,126,49.74,15.0,117,-12.01,-10.0,-6.0,2022-23 -> 2024-25,CAVEAT: items differ across years but map to a constant competency framework. Item-level year comparisons mix learning and instrument change; competency-level comparisons are more defensible (still assume similar difficulty within competency). Prefer rankings and competency-level statements across years.
Vijayanagara,B0055 harapanahalli,C1164 mathihalli,50.23,10.0,217,38.24,5.0,259,-11.99,-5.0,-6.0,2022-23 -> 2024-25,CAVEAT: items differ across years but map to a constant competency framework. Item-level year comparisons mix learning and instrument change; competency-level comparisons are more defensible (still assume similar difficulty within competency). Prefer rankings and competency-level statements across years.
Vijayanagara,B0084 kudligi,C1023 kulumehatti,49.18,15.0,97,37.23,10.0,103,-11.95,-5.0,-5.98,2022-23 -> 2024-25,CAVEAT: items differ across years but map to a constant competency framework. Item-level year comparisons mix learning and instrument change; competency-level comparisons are more defensible (still assume similar difficulty within competency). Prefer rankings and competency-level statements across years.
Tumakuru,B0087 kunigal,C1259 nagasandra,65.99,35.0,91,54.05,12.0,105,-11.94,-23.0,-5.97,2022-23 -> 2024-25,CAVEAT: items differ across years but map to a constant competency framework. Item-level year comparisons mix learning and instrument change; competency-level comparisons are more defensible (still assume similar difficulty within competency). Prefer rankings and competency-level statements across years.
Koppal,B0044 gangavathi,C1501 siddapur,59.38,20.0,178,47.46,15.0,305,-11.92,-5.0,-5.96,2022-23 -> 2024-25,CAVEAT: items differ across years but map to a constant competency framework. Item-level year comparisons mix learning and instrument change; competency-level comparisons are more defensible (still assume similar difficulty within competency). Prefer rankings and competency-level statements across years.
Kolar,B0131 srinivasapur,C1241 muttakapalli,55.5,15.0,130,43.59,5.0,124,-11.91,-10.0,-5.96,2022-23 -> 2024-25,CAVEAT: items differ across years but map to a constant competency framework. Item-level year comparisons mix learning and instrument change; competency-level comparisons are more defensible (still assume similar difficulty within competency). Prefer rankings and competency-level statements across years.
Belagavi,B0075 kagwad,C1635 ugar bk,54.21,15.0,89,42.31,10.0,143,-11.9,-5.0,-5.95,2022-23 -> 2024-25,CAVEAT: items differ across years but map to a constant competency framework. Item-level year comparisons mix learning and instrument change; competency-level comparisons are more defensible (still assume similar difficulty within competency). Prefer rankings and competency-level statements across years.
Vijayanagara,B0052 hagaribommanahalli,C1196 morigeri,50.77,5.0,318,38.88,5.0,369,-11.89,0.0,-5.94,2022-23 -> 2024-25,CAVEAT: items differ across years but map to a constant competency framework. Item-level year comparisons mix learning and instrument change; competency-level comparisons are more defensible (still assume similar difficulty within competency). Prefer rankings and competency-level statements across years.
Mandya,B0132 srirangapatna,C0809 k. r. sagara,71.25,50.0,96,59.36,15.0,94,-11.89,-35.0,-5.94,2022-23 -> 2024-25,CAVEAT: items differ across years but map to a constant competency framework. Item-level year comparisons mix learning and instrument change; competency-level comparisons are more defensible (still assume similar difficulty within competency). Prefer rankings and competency-level statements across years.
Koppal,B0085 kuknoor,C0256 binnal,52.39,10.0,332,40.57,5.0,309,-11.82,-5.0,-5.91,2022-23 -> 2024-25,CAVEAT: items differ across years but map to a constant competency framework. Item-level year comparisons mix learning and instrument change; competency-level comparisons are more defensible (still assume similar difficulty within competency). Prefer rankings and competency-level statements across years.
Kodagu,B0129 somavarpet,C1476 shanivarsanthe,65.71,25.0,78,53.9,20.0,77,-11.81,-5.0,-5.9,2022-23 -> 2024-25,CAVEAT: items differ across years but map to a constant competency framework. Item-level year comparisons mix learning and instrument change; competency-level comparisons are more defensible (still assume similar difficulty within competency). Prefer rankings and competency-level statements across years.
Vijayanagara,B0084 kudligi,C0360 chiribi,64.24,25.0,341,52.44,10.0,605,-11.8,-15.0,-5.9,2022-23 -> 2024-25,CAVEAT: items differ across years but map to a constant competency framework. Item-level year comparisons mix learning and instrument change; competency-level comparisons are more defensible (still assume similar difficulty within competency). Prefer rankings and competency-level statements across years.
Chikkaballapura,B0034 chintamani,C0424 doddaganjuru,72.93,45.0,176,61.14,26.0,57,-11.79,-19.0,-5.9,2022-23 -> 2024-25,CAVEAT: items differ across years but map to a constant competency framework. Item-level year comparisons mix learning and instrument change; competency-level comparisons are more defensible (still assume similar difficulty within competency). Prefer rankings and competency-level statements across years.
Ballari,B0013 ballari west,C1499 siddamman halli,39.31,10.0,72,27.56,1.5,84,-11.75,-8.5,-5.88,2022-23 -> 2024-25,CAVEAT: items differ across years but map to a constant competency framework. Item-level year comparisons mix learning and instrument change; competency-level comparisons are more defensible (still assume similar difficulty within competency). Prefer rankings and competency-level statements across years.
Vijayanagara,B0052 hagaribommanahalli,C0956 kogali,60.22,20.0,495,48.49,15.0,535,-11.73,-5.0,-5.86,2022-23 -> 2024-25,CAVEAT: items differ across years but map to a constant competency framework. Item-level year comparisons mix learning and instrument change; competency-level comparisons are more defensible (still assume similar difficulty within competency). Prefer rankings and competency-level statements across years.
Vijayanagara,B0055 harapanahalli,C0585 haluvagilu,55.46,20.0,109,43.76,10.0,364,-11.7,-10.0,-5.85,2022-23 -> 2024-25,CAVEAT: items differ across years but map to a constant competency framework. Item-level year comparisons mix learning and instrument change; competency-level comparisons are more defensible (still assume similar difficulty within competency). Prefer rankings and competency-level statements across years.
Koppal,B0088 kustagi,C0662 hiremannapur,52.83,10.0,345,41.17,5.0,513,-11.66,-5.0,-5.83,2022-23 -> 2024-25,CAVEAT: items differ across years but map to a constant competency framework. Item-level year comparisons mix learning and instrument change; competency-level comparisons are more defensible (still assume similar difficulty within competency). Prefer rankings and competency-level statements across years.
Kalaburagi,B0119 sedam,C1107 malkhed,41.95,10.0,182,30.29,5.0,340,-11.66,-5.0,-5.83,2022-23 -> 2024-25,CAVEAT: items differ across years but map to a constant competency framework. Item-level year comparisons mix learning and instrument change; competency-level comparisons are more defensible (still assume similar difficulty within competency). Prefer rankings and competency-level statements across years.
Bidar,B0068 humnabad,C0445 dubalgundi,57.81,20.0,192,46.17,10.0,213,-11.64,-10.0,-5.82,2022-23 -> 2024-25,CAVEAT: items differ across years but map to a constant competency framework. Item-level year comparisons mix learning and instrument change; competency-level comparisons are more defensible (still assume similar difficulty within competency). Prefer rankings and competency-level statements across years.
Vijayanagara,B0052 hagaribommanahalli,C1590 thambra halli,50.11,5.0,414,38.53,0.0,300,-11.58,-5.0,-5.79,2022-23 -> 2024-25,CAVEAT: items differ across years but map to a constant competency framework. Item-level year comparisons mix learning and instrument change; competency-level comparisons are more defensible (still assume similar difficulty within competency). Prefer rankings and competency-level statements across years.
Raichur,B0096 manvi,C0514 gorkal,50.73,15.0,164,39.23,10.0,246,-11.5,-5.0,-5.75,2022-23 -> 2024-25,CAVEAT: items differ across years but map to a constant competency framework. Item-level year comparisons mix learning and instrument change; competency-level comparisons are more defensible (still assume similar difficulty within competency). Prefer rankings and competency-level statements across years.
Haveri,B0058 hirekerur,C0658 hirekabbar,66.33,25.0,139,54.87,15.0,279,-11.46,-10.0,-5.73,2022-23 -> 2024-25,CAVEAT: items differ across years but map to a constant competency framework. Item-level year comparisons mix learning and instrument change; competency-level comparisons are more defensible (still assume similar difficulty within competency). Prefer rankings and competency-level statements across years.
Raichur,B0096 manvi,C1298 neer manvi,50.74,10.0,271,39.28,0.0,312,-11.46,-10.0,-5.73,2022-23 -> 2024-25,CAVEAT: items differ across years but map to a constant competency framework. Item-level year comparisons mix learning and instrument change; competency-level comparisons are more defensible (still assume similar difficulty within competency). Prefer rankings and competency-level statements across years.
Kolar,B0079 kolar,C0757 itharasanahalli,67.84,30.0,97,56.4,20.0,82,-11.44,-10.0,-5.72,2022-23 -> 2024-25,CAVEAT: items differ across years but map to a constant competency framework. Item-level year comparisons mix learning and instrument change; competency-level comparisons are more defensible (still assume similar difficulty within competency). Prefer rankings and competency-level statements across years.
Ramanagara,B0112 ramanagara,C1479 shanuboganahalli,70.16,41.5,64,58.75,10.0,88,-11.41,-31.5,-5.7,2022-23 -> 2024-25,CAVEAT: items differ across years but map to a constant competency framework. Item-level year comparisons mix learning and instrument change; competency-level comparisons are more defensible (still assume similar difficulty within competency). Prefer rankings and competency-level statements across years.
Vijayanagara,B0084 kudligi,C0297 chandrasekhara pura,50.59,15.0,366,39.21,0.0,362,-11.38,-15.0,-5.69,2022-23 -> 2024-25,CAVEAT: items differ across years but map to a constant competency framework. Item-level year comparisons mix learning and instrument change; competency-level comparisons are more defensible (still assume similar difficulty within competency). Prefer rankings and competency-level statements across years.
Belagavi,B0017 belgaum rural,C0889 kangrali kh,86.75,70.0,146,75.41,50.0,303,-11.34,-20.0,-5.67,2022-23 -> 2024-25,CAVEAT: items differ across years but map to a constant competency framework. Item-level year comparisons mix learning and instrument change; competency-level comparisons are more defensible (still assume similar difficulty within competency). Prefer rankings and competency-level statements across years.
Dharwad,B0106 navalgund,C0089 arekurahatti,59.47,20.0,497,48.14,10.0,482,-11.33,-10.0,-5.66,2022-23 -> 2024-25,CAVEAT: items differ across years but map to a constant competency framework. Item-level year comparisons mix learning and instrument change; competency-level comparisons are more defensible (still assume similar difficulty within competency). Prefer rankings and competency-level statements across years.
Kalaburagi,B0002 aland,C0671 hirolli,49.82,10.0,169,38.5,5.0,147,-11.32,-5.0,-5.66,2022-23 -> 2024-25,CAVEAT: items differ across years but map to a constant competency framework. Item-level year comparisons mix learning and instrument change; competency-level comparisons are more defensible (still assume similar difficulty within competency). Prefer rankings and competency-level statements across years.
Chamarajanagara,B0027 chamarajanagar,C0044 amachavadi,49.22,10.0,269,37.92,5.0,204,-11.3,-5.0,-5.65,2022-23 -> 2024-25,CAVEAT: items differ across years but map to a constant competency framework. Item-level year comparisons mix learning and instrument change; competency-level comparisons are more defensible (still assume similar difficulty within competency). Prefer rankings and competency-level statements across years.
Bengaluru Rural,B0042 doddaballapura,C1379 rajaghatta,63.06,20.0,98,51.83,24.5,60,-11.23,4.5,-5.62,2022-23 -> 2024-25,CAVEAT: items differ across years but map to a constant competency framework. Item-level year comparisons mix learning and instrument change; competency-level comparisons are more defensible (still assume similar difficulty within competency). Prefer rankings and competency-level statements across years.
Yadgir,B0120 shahapur,C1294 naykal,59.03,25.0,305,47.81,15.0,219,-11.22,-10.0,-5.61,2022-23 -> 2024-25,CAVEAT: items differ across years but map to a constant competency framework. Item-level year comparisons mix learning and instrument change; competency-level comparisons are more defensible (still assume similar difficulty within competency). Prefer rankings and competency-level statements across years.
Haveri,B0023 byadagi,C1154 masanagi,60.07,25.0,150,48.85,15.0,260,-11.22,-10.0,-5.61,2022-23 -> 2024-25,CAVEAT: items differ across years but map to a constant competency framework. Item-level year comparisons mix learning and instrument change; competency-level comparisons are more defensible (still assume similar difficulty within competency). Prefer rankings and competency-level statements across years.
Mandya,B0093 malavally,C0558 hadli,64.75,35.0,119,53.54,15.0,178,-11.21,-20.0,-5.6,2022-23 -> 2024-25,CAVEAT: items differ across years but map to a constant competency framework. Item-level year comparisons mix learning and instrument change; competency-level comparisons are more defensible (still assume similar difficulty within competency). Prefer rankings and competency-level statements across years.
Ballari,B0012 ballari east,C1352 patelanagar bellary,42.57,10.0,140,31.39,0.0,231,-11.18,-10.0,-5.59,2022-23 -> 2024-25,CAVEAT: items differ across years but map to a constant competency framework. Item-level year comparisons mix learning and instrument change; competency-level comparisons are more defensible (still assume similar difficulty within competency). Prefer rankings and competency-level statements across years.
Mandya,B0109 pandavapura,C0613 haravu,78.19,50.0,58,67.01,30.5,112,-11.18,-19.5,-5.59,2022-23 -> 2024-25,CAVEAT: items differ across years but map to a constant competency framework. Item-level year comparisons mix learning and instrument change; competency-level comparisons are more defensible (still assume similar difficulty within competency). Prefer rankings and competency-level statements across years.
Kalaburagi,B0048 gulbarga north,C0854 kallahangarga,56.48,20.0,280,45.32,15.0,232,-11.16,-5.0,-5.58,2022-23 -> 2024-25,CAVEAT: items differ across years but map to a constant competency framework. Item-level year comparisons mix learning and instrument change; competency-level comparisons are more defensible (still assume similar difficulty within competency). Prefer rankings and competency-level statements across years.
Kalaburagi,B0002 aland,C0796 jidaga,38.88,0.0,277,27.73,5.0,66,-11.15,5.0,-5.58,2022-23 -> 2024-25,CAVEAT: items differ across years but map to a constant competency framework. Item-level year comparisons mix learning and instrument change; competency-level comparisons are more defensible (still assume similar difficulty within competency). Prefer rankings and competency-level statements across years.
Bengaluru Rural,B0064 hosakote,C1495 shivanapura,66.45,33.0,107,55.38,15.0,120,-11.07,-18.0,-5.54,2022-23 -> 2024-25,CAVEAT: items differ across years but map to a constant competency framework. Item-level year comparisons mix learning and instrument change; competency-level comparisons are more defensible (still assume similar difficulty within competency). Prefer rankings and competency-level statements across years.
Kolar,B0131 srinivasapur,C0092 arikunte,69.91,41.5,54,58.85,13.0,39,-11.06,-28.5,-5.53,2022-23 -> 2024-25,CAVEAT: items differ across years but map to a constant competency framework. Item-level year comparisons mix learning and instrument change; competency-level comparisons are more defensible (still assume similar difficulty within competency). Prefer rankings and competency-level statements across years.
Bengaluru Rural,B0064 hosakote,C0388 devanagundi,68.71,40.0,140,57.75,25.0,162,-10.96,-15.0,-5.48,2022-23 -> 2024-25,CAVEAT: items differ across years but map to a constant competency framework. Item-level year comparisons mix learning and instrument change; competency-level comparisons are more defensible (still assume similar difficulty within competency). Prefer rankings and competency-level statements across years.
Vijayanagara,B0052 hagaribommanahalli,C0587 hampapattana,51.19,10.0,383,40.24,0.0,451,-10.95,-10.0,-5.48,2022-23 -> 2024-25,CAVEAT: items differ across years but map to a constant competency framework. Item-level year comparisons mix learning and instrument change; competency-level comparisons are more defensible (still assume similar difficulty within competency). Prefer rankings and competency-level statements across years.
Tumakuru,B0127 sira,C0690 honnagondanahally,59.68,18.5,108,48.75,15.0,393,-10.93,-3.5,-5.46,2022-23 -> 2024-25,CAVEAT: items differ across years but map to a constant competency framework. Item-level year comparisons mix learning and instrument change; competency-level comparisons are more defensible (still assume similar difficulty within competency). Prefer rankings and competency-level statements across years.
Kalaburagi,B0073 jewargi,C0647 hippargi,48.88,10.0,251,37.96,4.0,189,-10.92,-6.0,-5.46,2022-23 -> 2024-25,CAVEAT: items differ across years but map to a constant competency framework. Item-level year comparisons mix learning and instrument change; competency-level comparisons are more defensible (still assume similar difficulty within competency). Prefer rankings and competency-level statements across years.
Yadgir,B0120 shahapur,C1561 tadibidi,70.16,35.0,191,59.32,20.0,266,-10.84,-15.0,-5.42,2022-23 -> 2024-25,CAVEAT: items differ across years but map to a constant competency framework. Item-level year comparisons mix learning and instrument change; competency-level comparisons are more defensible (still assume similar difficulty within competency). Prefer rankings and competency-level statements across years.
Koppal,B0081 koppal,C0564 halageri,65.1,30.0,288,54.26,22.5,216,-10.84,-7.5,-5.42,2022-23 -> 2024-25,CAVEAT: items differ across years but map to a constant competency framework. Item-level year comparisons mix learning and instrument change; competency-level comparisons are more defensible (still assume similar difficulty within competency). Prefer rankings and competency-level statements across years.
Chamarajanagara,B0027 chamarajanagar,C0078 arakala vadi,59.0,25.0,165,48.17,10.0,156,-10.83,-15.0,-5.42,2022-23 -> 2024-25,CAVEAT: items differ across years but map to a constant competency framework. Item-level year comparisons mix learning and instrument change; competency-level comparisons are more defensible (still assume similar difficulty within competency). Prefer rankings and competency-level statements across years.
Yadgir,B0123 shorapur,C1686 vajjal,55.97,20.0,233,45.15,10.0,200,-10.82,-10.0,-5.41,2022-23 -> 2024-25,CAVEAT: items differ across years but map to a constant competency framework. Item-level year comparisons mix learning and instrument change; competency-level comparisons are more defensible (still assume similar difficulty within competency). Prefer rankings and competency-level statements across years.
Gadag,B0115 ron,C0682 holealur,62.34,30.0,267,51.61,10.0,330,-10.73,-20.0,-5.36,2022-23 -> 2024-25,CAVEAT: items differ across years but map to a constant competency framework. Item-level year comparisons mix learning and instrument change; competency-level comparisons are more defensible (still assume similar difficulty within competency). Prefer rankings and competency-level statements across years.
Mandya,B0103 nagamangala,C1056 lalanakere,70.19,50.0,54,59.52,25.5,42,-10.67,-24.5,-5.34,2022-23 -> 2024-25,CAVEAT: items differ across years but map to a constant competency framework. Item-level year comparisons mix learning and instrument change; competency-level comparisons are more defensible (still assume similar difficulty within competency). Prefer rankings and competency-level statements across years.
Ballari,B0117 sandur,C1610 thoranagal,43.8,5.0,312,33.13,5.0,624,-10.67,0.0,-5.34,2022-23 -> 2024-25,CAVEAT: items differ across years but map to a constant competency framework. Item-level year comparisons mix learning and instrument change; competency-level comparisons are more defensible (still assume similar difficulty within competency). Prefer rankings and competency-level statements across years.
Chamarajanagara,B0050 gundlupet,C0260 bommalapura,53.45,10.0,148,42.78,5.0,234,-10.67,-5.0,-5.34,2022-23 -> 2024-25,CAVEAT: items differ across years but map to a constant competency framework. Item-level year comparisons mix learning and instrument change; competency-level comparisons are more defensible (still assume similar difficulty within competency). Prefer rankings and competency-level statements across years.
Davanagere,B0071 jagalur,C0251 bilichodu,52.61,10.0,272,41.95,10.0,251,-10.66,0.0,-5.33,2022-23 -> 2024-25,CAVEAT: items differ across years but map to a constant competency framework. Item-level year comparisons mix learning and instrument change; competency-level comparisons are more defensible (still assume similar difficulty within competency). Prefer rankings and competency-level statements across years.
Ballari,B0117 sandur,C0509 gollalingammanahalli,31.36,0.0,177,20.81,0.0,235,-10.55,0.0,-5.28,2022-23 -> 2024-25,CAVEAT: items differ across years but map to a constant competency framework. Item-level year comparisons mix learning and instrument change; competency-level comparisons are more defensible (still assume similar difficulty within competency). Prefer rankings and competency-level statements across years.
Haveri,B0058 hirekerur,C2301 kod,58.61,13.0,97,48.07,10.0,277,-10.54,-3.0,-5.27,2022-23 -> 2024-25,CAVEAT: items differ across years but map to a constant competency framework. Item-level year comparisons mix learning and instrument change; competency-level comparisons are more defensible (still assume similar difficulty within competency). Prefer rankings and competency-level statements across years.
Koppal,B0044 gangavathi,C0718 hulihydar,44.45,12.5,136,33.92,5.0,446,-10.53,-7.5,-5.26,2022-23 -> 2024-25,CAVEAT: items differ across years but map to a constant competency framework. Item-level year comparisons mix learning and instrument change; competency-level comparisons are more defensible (still assume similar difficulty within competency). Prefer rankings and competency-level statements across years.
Koppal,B0088 kustagi,C0800 jumalapur,52.99,25.0,184,42.47,5.0,267,-10.52,-20.0,-5.26,2022-23 -> 2024-25,CAVEAT: items differ across years but map to a constant competency framework. Item-level year comparisons mix learning and instrument change; competency-level comparisons are more defensible (still assume similar difficulty within competency). Prefer rankings and competency-level statements across years.
Bidar,B0015 basavakalyan,C0944 kitta,56.53,15.0,212,46.02,10.0,211,-10.51,-5.0,-5.26,2022-23 -> 2024-25,CAVEAT: items differ across years but map to a constant competency framework. Item-level year comparisons mix learning and instrument change; competency-level comparisons are more defensible (still assume similar difficulty within competency). Prefer rankings and competency-level statements across years.
Bidar,B0019 bhalki,C0875 kanaji,47.04,5.0,299,36.57,0.0,153,-10.47,-5.0,-5.24,2022-23 -> 2024-25,CAVEAT: items differ across years but map to a constant competency framework. Item-level year comparisons mix learning and instrument change; competency-level comparisons are more defensible (still assume similar difficulty within competency). Prefer rankings and competency-level statements across years.
Chitradurga,B0035 chitradurga,C0761 j n kote,53.47,10.0,202,43.03,10.0,223,-10.44,0.0,-5.22,2022-23 -> 2024-25,CAVEAT: items differ across years but map to a constant competency framework. Item-level year comparisons mix learning and instrument change; competency-level comparisons are more defensible (still assume similar difficulty within competency). Prefer rankings and competency-level statements across years.
Raichur,B0126 sindhanur,C0513 gorebal,51.49,10.0,399,41.07,5.0,328,-10.42,-5.0,-5.21,2022-23 -> 2024-25,CAVEAT: items differ across years but map to a constant competency framework. Item-level year comparisons mix learning and instrument change; competency-level comparisons are more defensible (still assume similar difficulty within competency). Prefer rankings and competency-level statements across years.
Koppal,B0143 yelburga,C0215 bevoor,46.37,10.0,393,35.95,0.0,490,-10.42,-10.0,-5.21,2022-23 -> 2024-25,CAVEAT: items differ across years but map to a constant competency framework. Item-level year comparisons mix learning and instrument change; competency-level comparisons are more defensible (still assume similar difficulty within competency). Prefer rankings and competency-level statements across years.
Ballari,B0012 ballari east,C1415 rupanagudi,31.0,0.0,329,20.62,0.0,681,-10.38,0.0,-5.19,2022-23 -> 2024-25,CAVEAT: items differ across years but map to a constant competency framework. Item-level year comparisons mix learning and instrument change; competency-level comparisons are more defensible (still assume similar difficulty within competency). Prefer rankings and competency-level statements across years.
Kolar,B0131 srinivasapur,C1055 lakshmisagara,61.74,32.0,95,51.38,10.0,127,-10.36,-22.0,-5.18,2022-23 -> 2024-25,CAVEAT: items differ across years but map to a constant competency framework. Item-level year comparisons mix learning and instrument change; competency-level comparisons are more defensible (still assume similar difficulty within competency). Prefer rankings and competency-level statements across years.
Chamarajanagara,B0054 hanur,C1018 kuduluru,45.46,5.0,151,35.14,5.0,110,-10.32,0.0,-5.16,2022-23 -> 2024-25,CAVEAT: items differ across years but map to a constant competency framework. Item-level year comparisons mix learning and instrument change; competency-level comparisons are more defensible (still assume similar difficulty within competency). Prefer rankings and competency-level statements across years.
Vijayanagara,B0065 hosapete,"C0001 15th ward, hospet",37.28,5.0,112,26.97,0.0,114,-10.31,-5.0,-5.16,2022-23 -> 2024-25,CAVEAT: items differ across years but map to a constant competency framework. Item-level year comparisons mix learning and instrument change; competency-level comparisons are more defensible (still assume similar difficulty within competency). Prefer rankings and competency-level statements across years.
Yadgir,B0141 yadgir,C0627 hattikuni,53.19,15.0,180,42.89,10.0,102,-10.3,-5.0,-5.15,2022-23 -> 2024-25,CAVEAT: items differ across years but map to a constant competency framework. Item-level year comparisons mix learning and instrument change; competency-level comparisons are more defensible (still assume similar difficulty within competency). Prefer rankings and competency-level statements across years.
Chitradurga,B0035 chitradurga,C1502 siddapura,41.08,5.0,212,30.79,0.0,126,-10.29,-5.0,-5.14,2022-23 -> 2024-25,CAVEAT: items differ across years but map to a constant competency framework. Item-level year comparisons mix learning and instrument change; competency-level comparisons are more defensible (still assume similar difficulty within competency). Prefer rankings and competency-level statements across years.
Haveri,B0053 hanagal,C1806 araleshwar,66.57,41.0,153,56.28,15.0,285,-10.29,-26.0,-5.14,2022-23 -> 2024-25,CAVEAT: items differ across years but map to a constant competency framework. Item-level year comparisons mix learning and instrument change; competency-level comparisons are more defensible (still assume similar difficulty within competency). Prefer rankings and competency-level statements across years.
Chitradurga,B0026 challakere,C1337 pagadalabande,51.9,3.5,218,41.64,5.0,213,-10.26,1.5,-5.13,2022-23 -> 2024-25,CAVEAT: items differ across years but map to a constant competency framework. Item-level year comparisons mix learning and instrument change; competency-level comparisons are more defensible (still assume similar difficulty within competency). Prefer rankings and competency-level statements across years.
Chitradurga,B0060 holalkere,C0454 echagatta,52.09,15.0,172,41.84,5.0,244,-10.25,-10.0,-5.12,2022-23 -> 2024-25,CAVEAT: items differ across years but map to a constant competency framework. Item-level year comparisons mix learning and instrument change; competency-level comparisons are more defensible (still assume similar difficulty within competency). Prefer rankings and competency-level statements across years.
Davanagere,B0071 jagalur,C1236 musturu,54.02,20.0,148,43.78,5.0,242,-10.24,-15.0,-5.12,2022-23 -> 2024-25,CAVEAT: items differ across years but map to a constant competency framework. Item-level year comparisons mix learning and instrument change; competency-level comparisons are more defensible (still assume similar difficulty within competency). Prefer rankings and competency-level statements across years.
Kodagu,B0092 madikeri,C1280 napoklu,52.76,15.0,326,42.52,10.0,230,-10.24,-5.0,-5.12,2022-23 -> 2024-25,CAVEAT: items differ across years but map to a constant competency framework. Item-level year comparisons mix learning and instrument change; competency-level comparisons are more defensible (still assume similar difficulty within competency). Prefer rankings and competency-level statements across years.
Davanagere,B0071 jagalur,C0549 guthidurga,48.59,5.0,216,38.39,5.0,168,-10.2,0.0,-5.1,2022-23 -> 2024-25,CAVEAT: items differ across years but map to a constant competency framework. Item-level year comparisons mix learning and instrument change; competency-level comparisons are more defensible (still assume similar difficulty within competency). Prefer rankings and competency-level statements across years.
Haveri,B0023 byadagi,C0257 bisalahalli,68.99,35.0,153,58.83,20.0,393,-10.16,-15.0,-5.08,2022-23 -> 2024-25,CAVEAT: items differ across years but map to a constant competency framework. Item-level year comparisons mix learning and instrument change; competency-level comparisons are more defensible (still assume similar difficulty within competency). Prefer rankings and competency-level statements across years.
Davanagere,B0056 harihara,C0159 bannikodu,50.17,10.0,118,40.02,5.0,447,-10.15,-5.0,-5.07,2022-23 -> 2024-25,CAVEAT: items differ across years but map to a constant competency framework. Item-level year comparisons mix learning and instrument change; competency-level comparisons are more defensible (still assume similar difficulty within competency). Prefer rankings and competency-level statements across years.
Chamarajanagara,B0027 chamarajanagar,C1643 ummatturu,60.4,15.0,75,50.28,15.0,125,-10.12,0.0,-5.06,2022-23 -> 2024-25,CAVEAT: items differ across years but map to a constant competency framework. Item-level year comparisons mix learning and instrument change; competency-level comparisons are more defensible (still assume similar difficulty within competency). Prefer rankings and competency-level statements across years.
Chamarajanagara,B0050 gundlupet,C0231 bheemanabeedu,56.09,20.0,379,46.0,10.0,331,-10.09,-10.0,-5.04,2022-23 -> 2024-25,CAVEAT: items differ across years but map to a constant competency framework. Item-level year comparisons mix learning and instrument change; competency-level comparisons are more defensible (still assume similar difficulty within competency). Prefer rankings and competency-level statements across years.
Mysuru,B0104 nanjanagud,C0421 dodda kavalande,58.82,20.0,114,48.73,5.0,205,-10.09,-15.0,-5.04,2022-23 -> 2024-25,CAVEAT: items differ across years but map to a constant competency framework. Item-level year comparisons mix learning and instrument change; competency-level comparisons are more defensible (still assume similar difficulty within competency). Prefer rankings and competency-level statements across years.
Chamarajanagara,B0027 chamarajanagar,C1633 udigala,56.43,15.0,228,46.37,10.0,204,-10.06,-5.0,-5.03,2022-23 -> 2024-25,CAVEAT: items differ across years but map to a constant competency framework. Item-level year comparisons mix learning and instrument change; competency-level comparisons are more defensible (still assume similar difficulty within competency). Prefer rankings and competency-level statements across years.
Bidar,B0015 basavakalyan,C1201 muchalam,45.13,15.0,116,35.08,0.0,127,-10.05,-15.0,-5.02,2022-23 -> 2024-25,CAVEAT: items differ across years but map to a constant competency framework. Item-level year comparisons mix learning and instrument change; competency-level comparisons are more defensible (still assume similar difficulty within competency). Prefer rankings and competency-level statements across years.
Hassan,B0003 alur,C0430 doddakanagalu,68.03,20.0,61,58.0,27.0,35,-10.03,7.0,-5.02,2022-23 -> 2024-25,CAVEAT: items differ across years but map to a constant competency framework. Item-level year comparisons mix learning and instrument change; competency-level comparisons are more defensible (still assume similar difficulty within competency). Prefer rankings and competency-level statements across years.
Bagalkote,B0008 badami,C0578 haligeri,65.52,32.5,96,55.49,25.0,215,-10.03,-7.5,-5.02,2022-23 -> 2024-25,CAVEAT: items differ across years but map to a constant competency framework. Item-level year comparisons mix learning and instrument change; competency-level comparisons are more defensible (still assume similar difficulty within competency). Prefer rankings and competency-level statements across years.
Kalaburagi,B0073 jewargi,C0040 aloor,49.23,10.0,591,39.23,5.0,544,-10.0,-5.0,-5.0,2022-23 -> 2024-25,CAVEAT: items differ across years but map to a constant competency framework. Item-level year comparisons mix learning and instrument change; competency-level comparisons are more defensible (still assume similar difficulty within competency). Prefer rankings and competency-level statements across years.
Raichur,B0089 lingasugur,C0890 kannal,47.86,10.0,154,37.87,5.0,148,-9.99,-5.0,-5.0,2022-23 -> 2024-25,CAVEAT: items differ across years but map to a constant competency framework. Item-level year comparisons mix learning and instrument change; competency-level comparisons are more defensible (still assume similar difficulty within competency). Prefer rankings and competency-level statements across years.
Bidar,B0020 bidar,C0063 andura,44.93,5.0,150,34.97,0.0,170,-9.96,-5.0,-4.98,2022-23 -> 2024-25,CAVEAT: items differ across years but map to a constant competency framework. Item-level year comparisons mix learning and instrument change; competency-level comparisons are more defensible (still assume similar difficulty within competency). Prefer rankings and competency-level statements across years.
Kolar,B0131 srinivasapur,C0675 hodali,72.84,35.0,95,62.89,20.0,83,-9.95,-15.0,-4.98,2022-23 -> 2024-25,CAVEAT: items differ across years but map to a constant competency framework. Item-level year comparisons mix learning and instrument change; competency-level comparisons are more defensible (still assume similar difficulty within competency). Prefer rankings and competency-level statements across years.
Tumakuru,B0082 koratagere,C1596 theetha,57.36,25.5,72,47.44,25.0,45,-9.92,-0.5,-4.96,2022-23 -> 2024-25,CAVEAT: items differ across years but map to a constant competency framework. Item-level year comparisons mix learning and instrument change; competency-level comparisons are more defensible (still assume similar difficulty within competency). Prefer rankings and competency-level statements across years.
Raichur,B0096 manvi,C0622 harvi,51.73,10.0,214,41.84,8.5,128,-9.89,-1.5,-4.95,2022-23 -> 2024-25,CAVEAT: items differ across years but map to a constant competency framework. Item-level year comparisons mix learning and instrument change; competency-level comparisons are more defensible (still assume similar difficulty within competency). Prefer rankings and competency-level statements across years.
Raichur,B0039 devadurga,C0773 jalahalli,50.66,15.0,658,40.78,5.0,302,-9.88,-10.0,-4.94,2022-23 -> 2024-25,CAVEAT: items differ across years but map to a constant competency framework. Item-level year comparisons mix learning and instrument change; competency-level comparisons are more defensible (still assume similar difficulty within competency). Prefer rankings and competency-level statements across years.
Kalaburagi,B0036 chittapur,C0972 kollur,44.68,5.0,371,34.83,0.0,205,-9.85,-5.0,-4.93,2022-23 -> 2024-25,CAVEAT: items differ across years but map to a constant competency framework. Item-level year comparisons mix learning and instrument change; competency-level comparisons are more defensible (still assume similar difficulty within competency). Prefer rankings and competency-level statements across years.
Ballari,B0013 ballari west,C0458 emmiganur,50.17,10.0,144,40.36,0.0,320,-9.81,-10.0,-4.91,2022-23 -> 2024-25,CAVEAT: items differ across years but map to a constant competency framework. Item-level year comparisons mix learning and instrument change; competency-level comparisons are more defensible (still assume similar difficulty within competency). Prefer rankings and competency-level statements across years.
Ballari,B0012 ballari east,C0567 halakundi,33.44,0.0,359,23.65,0.0,523,-9.79,0.0,-4.9,2022-23 -> 2024-25,CAVEAT: items differ across years but map to a constant competency framework. Item-level year comparisons mix learning and instrument change; competency-level comparisons are more defensible (still assume similar difficulty within competency). Prefer rankings and competency-level statements across years.
Kodagu,B0129 somavarpet,C1084 madapur,66.13,30.0,93,56.38,25.0,112,-9.75,-5.0,-4.88,2022-23 -> 2024-25,CAVEAT: items differ across years but map to a constant competency framework. Item-level year comparisons mix learning and instrument change; competency-level comparisons are more defensible (still assume similar difficulty within competency). Prefer rankings and competency-level statements across years.
Ballari,B0013 ballari west,C1014 kudithini,49.13,10.0,109,39.41,5.0,204,-9.72,-5.0,-4.86,2022-23 -> 2024-25,CAVEAT: items differ across years but map to a constant competency framework. Item-level year comparisons mix learning and instrument change; competency-level comparisons are more defensible (still assume similar difficulty within competency). Prefer rankings and competency-level statements across years.
Yadgir,B0120 shahapur,C0626 hattigudur,54.32,15.0,294,44.63,10.0,227,-9.69,-5.0,-4.84,2022-23 -> 2024-25,CAVEAT: items differ across years but map to a constant competency framework. Item-level year comparisons mix learning and instrument change; competency-level comparisons are more defensible (still assume similar difficulty within competency). Prefer rankings and competency-level statements across years.
Gadag,B0115 ron,C1385 rajur,60.08,25.0,295,50.41,15.0,590,-9.67,-10.0,-4.84,2022-23 -> 2024-25,CAVEAT: items differ across years but map to a constant competency framework. Item-level year comparisons mix learning and instrument change; competency-level comparisons are more defensible (still assume similar difficulty within competency). Prefer rankings and competency-level statements across years.
Tumakuru,B0127 sira,C1306 neralagudda,57.99,20.0,132,48.32,15.0,143,-9.67,-5.0,-4.84,2022-23 -> 2024-25,CAVEAT: items differ across years but map to a constant competency framework. Item-level year comparisons mix learning and instrument change; competency-level comparisons are more defensible (still assume similar difficulty within competency). Prefer rankings and competency-level statements across years.
Tumakuru,B0082 koratagere,C0681 holavanahalli,71.67,17.5,66,62.01,35.0,179,-9.66,17.5,-4.83,2022-23 -> 2024-25,CAVEAT: items differ across years but map to a constant competency framework. Item-level year comparisons mix learning and instrument change; competency-level comparisons are more defensible (still assume similar difficulty within competency). Prefer rankings and competency-level statements across years.
Chikkaballapura,B0030 chikkaballapur,C0574 haleperasandra,58.21,20.0,120,48.56,10.5,392,-9.65,-9.5,-4.82,2022-23 -> 2024-25,CAVEAT: items differ across years but map to a constant competency framework. Item-level year comparisons mix learning and instrument change; competency-level comparisons are more defensible (still assume similar difficulty within competency). Prefer rankings and competency-level statements across years.
Kalaburagi,B0002 aland,C1315 nimbarga,55.5,19.5,260,45.85,10.0,82,-9.65,-9.5,-4.82,2022-23 -> 2024-25,CAVEAT: items differ across years but map to a constant competency framework. Item-level year comparisons mix learning and instrument change; competency-level comparisons are more defensible (still assume similar difficulty within competency). Prefer rankings and competency-level statements across years.
Kodagu,B0092 madikeri,C0839 kakkabe,58.82,27.0,55,49.19,13.5,68,-9.63,-13.5,-4.82,2022-23 -> 2024-25,CAVEAT: items differ across years but map to a constant competency framework. Item-level year comparisons mix learning and instrument change; competency-level comparisons are more defensible (still assume similar difficulty within competency). Prefer rankings and competency-level statements across years.
Dharwad,B0041 dharwad,C1578 tegur,79.23,45.0,323,69.6,45.0,273,-9.63,0.0,-4.82,2022-23 -> 2024-25,CAVEAT: items differ across years but map to a constant competency framework. Item-level year comparisons mix learning and instrument change; competency-level comparisons are more defensible (still assume similar difficulty within competency). Prefer rankings and competency-level statements across years.
Bengaluru Rural,B0064 hosakote,C0031 alappanahalli,57.33,15.0,176,47.71,11.0,203,-9.62,-4.0,-4.81,2022-23 -> 2024-25,CAVEAT: items differ across years but map to a constant competency framework. Item-level year comparisons mix learning and instrument change; competency-level comparisons are more defensible (still assume similar difficulty within competency). Prefer rankings and competency-level statements across years.
Raichur,B0126 sindhanur,C0119 badarli,62.87,25.0,314,53.25,15.0,260,-9.62,-10.0,-4.81,2022-23 -> 2024-25,CAVEAT: items differ across years but map to a constant competency framework. Item-level year comparisons mix learning and instrument change; competency-level comparisons are more defensible (still assume similar difficulty within competency). Prefer rankings and competency-level statements across years.
Hassan,B0003 alur,C1542 sulugodu kudige,73.62,42.5,76,64.07,20.0,70,-9.55,-22.5,-4.78,2022-23 -> 2024-25,CAVEAT: items differ across years but map to a constant competency framework. Item-level year comparisons mix learning and instrument change; competency-level comparisons are more defensible (still assume similar difficulty within competency). Prefer rankings and competency-level statements across years.
Bidar,B0007 aurad,C0286 ch dapka,71.48,45.0,203,61.93,25.0,145,-9.55,-20.0,-4.78,2022-23 -> 2024-25,CAVEAT: items differ across years but map to a constant competency framework. Item-level year comparisons mix learning and instrument change; competency-level comparisons are more defensible (still assume similar difficulty within competency). Prefer rankings and competency-level statements across years.
Raichur,B0126 sindhanur,C1412 roudakunda,49.47,5.0,471,39.97,5.0,571,-9.5,0.0,-4.75,2022-23 -> 2024-25,CAVEAT: items differ across years but map to a constant competency framework. Item-level year comparisons mix learning and instrument change; competency-level comparisons are more defensible (still assume similar difficulty within competency). Prefer rankings and competency-level statements across years.
Vijayanagara,B0084 kudligi,"C1639 ujjini, for girls",48.52,10.0,281,39.03,5.0,397,-9.49,-5.0,-4.74,2022-23 -> 2024-25,CAVEAT: items differ across years but map to a constant competency framework. Item-level year comparisons mix learning and instrument change; competency-level comparisons are more defensible (still assume similar difficulty within competency). Prefer rankings and competency-level statements across years.
Raichur,B0126 sindhanur,C0969 kolbala,58.81,22.0,155,49.32,10.0,184,-9.49,-12.0,-4.74,2022-23 -> 2024-25,CAVEAT: items differ across years but map to a constant competency framework. Item-level year comparisons mix learning and instrument change; competency-level comparisons are more defensible (still assume similar difficulty within competency). Prefer rankings and competency-level statements across years.
Mysuru,B0104 nanjanagud,C1551 sutturu,54.31,5.0,137,44.83,10.0,264,-9.48,5.0,-4.74,2022-23 -> 2024-25,CAVEAT: items differ across years but map to a constant competency framework. Item-level year comparisons mix learning and instrument change; competency-level comparisons are more defensible (still assume similar difficulty within competency). Prefer rankings and competency-level statements across years.
Bagalkote,B0069 hunagund,C2049 gudur,79.17,64.5,90,69.7,40.0,525,-9.47,-24.5,-4.74,2022-23 -> 2024-25,CAVEAT: items differ across years but map to a constant competency framework. Item-level year comparisons mix learning and instrument change; competency-level comparisons are more defensible (still assume similar difficulty within competency). Prefer rankings and competency-level statements across years.
Davanagere,B0028 channagiri,C0299 channagiri,57.09,15.0,43,47.62,19.5,40,-9.47,4.5,-4.74,2022-23 -> 2024-25,CAVEAT: items differ across years but map to a constant competency framework. Item-level year comparisons mix learning and instrument change; competency-level comparisons are more defensible (still assume similar difficulty within competency). Prefer rankings and competency-level statements across years.
Hassan,B0061 holenarasipura,C0582 hallimysore,55.87,15.5,132,46.42,6.0,123,-9.45,-9.5,-4.72,2022-23 -> 2024-25,CAVEAT: items differ across years but map to a constant competency framework. Item-level year comparisons mix learning and instrument change; competency-level comparisons are more defensible (still assume similar difficulty within competency). Prefer rankings and competency-level statements across years.
Ballari,B0128 siruguppa,C1509 sirigeri,44.22,5.0,340,34.77,0.0,466,-9.45,-5.0,-4.72,2022-23 -> 2024-25,CAVEAT: items differ across years but map to a constant competency framework. Item-level year comparisons mix learning and instrument change; competency-level comparisons are more defensible (still assume similar difficulty within competency). Prefer rankings and competency-level statements across years.
Ballari,B0128 siruguppa,C0924 kenchanagudda,34.62,5.0,183,25.19,0.0,653,-9.43,-5.0,-4.72,2022-23 -> 2024-25,CAVEAT: items differ across years but map to a constant competency framework. Item-level year comparisons mix learning and instrument change; competency-level comparisons are more defensible (still assume similar difficulty within competency). Prefer rankings and competency-level statements across years.
Gadag,B0043 gadag rural,C0077 antur bentur,55.71,10.0,273,46.31,10.0,601,-9.4,0.0,-4.7,2022-23 -> 2024-25,CAVEAT: items differ across years but map to a constant competency framework. Item-level year comparisons mix learning and instrument change; competency-level comparisons are more defensible (still assume similar difficulty within competency). Prefer rankings and competency-level statements across years.
Dharwad,B0066 hubli,C1323 noolvi,74.9,45.0,404,65.56,30.0,620,-9.34,-15.0,-4.67,2022-23 -> 2024-25,CAVEAT: items differ across years but map to a constant competency framework. Item-level year comparisons mix learning and instrument change; competency-level comparisons are more defensible (still assume similar difficulty within competency). Prefer rankings and competency-level statements across years.
Chamarajanagara,B0050 gundlupet,C1334 paduguru,59.54,20.0,229,50.2,15.0,220,-9.34,-5.0,-4.67,2022-23 -> 2024-25,CAVEAT: items differ across years but map to a constant competency framework. Item-level year comparisons mix learning and instrument change; competency-level comparisons are more defensible (still assume similar difficulty within competency). Prefer rankings and competency-level statements across years.
Raichur,B0039 devadurga,C0036 alkod,39.38,5.0,396,30.04,5.0,389,-9.34,0.0,-4.67,2022-23 -> 2024-25,CAVEAT: items differ across years but map to a constant competency framework. Item-level year comparisons mix learning and instrument change; competency-level comparisons are more defensible (still assume similar difficulty within competency). Prefer rankings and competency-level statements across years.
Haveri,B0149 haveri,C2431 mevundi,75.76,45.0,144,66.43,25.0,263,-9.33,-20.0,-4.66,2022-23 -> 2024-25,CAVEAT: items differ across years but map to a constant competency framework. Item-level year comparisons mix learning and instrument change; competency-level comparisons are more defensible (still assume similar difficulty within competency). Prefer rankings and competency-level statements across years.
Tumakuru,B0031 chiknayakanhalli,C1484 shettykere,71.73,33.5,98,62.43,25.0,74,-9.3,-8.5,-4.65,2022-23 -> 2024-25,CAVEAT: items differ across years but map to a constant competency framework. Item-level year comparisons mix learning and instrument change; competency-level comparisons are more defensible (still assume similar difficulty within competency). Prefer rankings and competency-level statements across years.
Chamarajanagara,B0050 gundlupet,C1584 terakanambi,59.94,20.0,176,50.65,5.0,208,-9.29,-15.0,-4.64,2022-23 -> 2024-25,CAVEAT: items differ across years but map to a constant competency framework. Item-level year comparisons mix learning and instrument change; competency-level comparisons are more defensible (still assume similar difficulty within competency). Prefer rankings and competency-level statements across years.
Bengaluru Rural,B0107 nelamangala,C0261 bommanahalli,59.76,25.0,169,50.49,15.0,143,-9.27,-10.0,-4.64,2022-23 -> 2024-25,CAVEAT: items differ across years but map to a constant competency framework. Item-level year comparisons mix learning and instrument change; competency-level comparisons are more defensible (still assume similar difficulty within competency). Prefer rankings and competency-level statements across years.
Belagavi,B0130 soundatti,C0745 inamhongal,75.91,55.0,126,66.67,35.0,359,-9.24,-20.0,-4.62,2022-23 -> 2024-25,CAVEAT: items differ across years but map to a constant competency framework. Item-level year comparisons mix learning and instrument change; competency-level comparisons are more defensible (still assume similar difficulty within competency). Prefer rankings and competency-level statements across years.
Gadag,B0043 gadag rural,C0723 hulkoti,58.22,15.0,115,48.99,15.0,247,-9.23,0.0,-4.61,2022-23 -> 2024-25,CAVEAT: items differ across years but map to a constant competency framework. Item-level year comparisons mix learning and instrument change; competency-level comparisons are more defensible (still assume similar difficulty within competency). Prefer rankings and competency-level statements across years.
Chikkaballapura,B0010 bagepally,C0873 kanagamakalapalli,52.85,15.0,121,43.65,7.0,115,-9.2,-8.0,-4.6,2022-23 -> 2024-25,CAVEAT: items differ across years but map to a constant competency framework. Item-level year comparisons mix learning and instrument change; competency-level comparisons are more defensible (still assume similar difficulty within competency). Prefer rankings and competency-level statements across years.
Ballari,B0128 siruguppa,C0378 darur,48.46,10.0,628,39.28,5.0,992,-9.18,-5.0,-4.59,2022-23 -> 2024-25,CAVEAT: items differ across years but map to a constant competency framework. Item-level year comparisons mix learning and instrument change; competency-level comparisons are more defensible (still assume similar difficulty within competency). Prefer rankings and competency-level statements across years.
Koppal,B0081 koppal,C0262 boodagumpa,48.81,10.0,344,39.64,5.0,485,-9.17,-5.0,-4.58,2022-23 -> 2024-25,CAVEAT: items differ across years but map to a constant competency framework. Item-level year comparisons mix learning and instrument change; competency-level comparisons are more defensible (still assume similar difficulty within competency). Prefer rankings and competency-level statements across years.
Hassan,B0005 arasikere,C0769 jajur,56.36,15.0,99,47.23,10.0,119,-9.13,-5.0,-4.56,2022-23 -> 2024-25,CAVEAT: items differ across years but map to a constant competency framework. Item-level year comparisons mix learning and instrument change; competency-level comparisons are more defensible (still assume similar difficulty within competency). Prefer rankings and competency-level statements across years.
Raichur,B0111 raichur,C0793 jegarkal,36.8,0.0,419,27.67,0.0,288,-9.13,0.0,-4.56,2022-23 -> 2024-25,CAVEAT: items differ across years but map to a constant competency framework. Item-level year comparisons mix learning and instrument change; competency-level comparisons are more defensible (still assume similar difficulty within competency). Prefer rankings and competency-level statements across years.
Chitradurga,B0026 challakere,C0518 gourasamudra,33.95,0.0,294,24.84,0.0,335,-9.11,0.0,-4.55,2022-23 -> 2024-25,CAVEAT: items differ across years but map to a constant competency framework. Item-level year comparisons mix learning and instrument change; competency-level comparisons are more defensible (still assume similar difficulty within competency). Prefer rankings and competency-level statements across years.
Bengaluru Rural,B0107 nelamangala,C0174 basavanahalli,63.86,25.0,66,54.76,25.0,105,-9.1,0.0,-4.55,2022-23 -> 2024-25,CAVEAT: items differ across years but map to a constant competency framework. Item-level year comparisons mix learning and instrument change; competency-level comparisons are more defensible (still assume similar difficulty within competency). Prefer rankings and competency-level statements across years.
Bagalkote,B0069 hunagund,C0734 hungund,59.71,15.0,51,50.62,19.5,460,-9.09,4.5,-4.54,2022-23 -> 2024-25,CAVEAT: items differ across years but map to a constant competency framework. Item-level year comparisons mix learning and instrument change; competency-level comparisons are more defensible (still assume similar difficulty within competency). Prefer rankings and competency-level statements across years.
Chitradurga,B0026 challakere,C0437 doddullarthy,38.17,0.0,494,29.11,0.0,493,-9.06,0.0,-4.53,2022-23 -> 2024-25,CAVEAT: items differ across years but map to a constant competency framework. Item-level year comparisons mix learning and instrument change; competency-level comparisons are more defensible (still assume similar difficulty within competency). Prefer rankings and competency-level statements across years.
Vijayanagara,B0055 harapanahalli,C1296 neelagunda,45.69,5.0,320,36.64,5.0,207,-9.05,0.0,-4.52,2022-23 -> 2024-25,CAVEAT: items differ across years but map to a constant competency framework. Item-level year comparisons mix learning and instrument change; competency-level comparisons are more defensible (still assume similar difficulty within competency). Prefer rankings and competency-level statements across years.
Davanagere,B0028 channagiri,C1380 rajagondanahalli,62.18,20.0,87,53.13,15.0,147,-9.05,-5.0,-4.52,2022-23 -> 2024-25,CAVEAT: items differ across years but map to a constant competency framework. Item-level year comparisons mix learning and instrument change; competency-level comparisons are more defensible (still assume similar difficulty within competency). Prefer rankings and competency-level statements across years.
Vijayanagara,B0084 kudligi,C1094 mahadevapura,46.36,5.0,220,37.33,5.0,395,-9.03,0.0,-4.52,2022-23 -> 2024-25,CAVEAT: items differ across years but map to a constant competency framework. Item-level year comparisons mix learning and instrument change; competency-level comparisons are more defensible (still assume similar difficulty within competency). Prefer rankings and competency-level statements across years.
Davanagere,B0062 honnali,C1575 taraganahalli,60.88,20.0,74,51.88,15.0,176,-9.0,-5.0,-4.5,2022-23 -> 2024-25,CAVEAT: items differ across years but map to a constant competency framework. Item-level year comparisons mix learning and instrument change; competency-level comparisons are more defensible (still assume similar difficulty within competency). Prefer rankings and competency-level statements across years.
Tumakuru,B0135 tiptur,C1322 nonavinakere,73.47,41.0,193,64.5,30.0,307,-8.97,-11.0,-4.48,2022-23 -> 2024-25,CAVEAT: items differ across years but map to a constant competency framework. Item-level year comparisons mix learning and instrument change; competency-level comparisons are more defensible (still assume similar difficulty within competency). Prefer rankings and competency-level statements across years.
Raichur,B0111 raichur,C1731 yaragera,79.81,62.0,265,70.84,30.0,226,-8.97,-32.0,-4.48,2022-23 -> 2024-25,CAVEAT: items differ across years but map to a constant competency framework. Item-level year comparisons mix learning and instrument change; competency-level comparisons are more defensible (still assume similar difficulty within competency). Prefer rankings and competency-level statements across years.
Tumakuru,B0091 madhugiri,C1502 siddapura,67.95,30.0,56,58.99,25.0,119,-8.96,-5.0,-4.48,2022-23 -> 2024-25,CAVEAT: items differ across years but map to a constant competency framework. Item-level year comparisons mix learning and instrument change; competency-level comparisons are more defensible (still assume similar difficulty within competency). Prefer rankings and competency-level statements across years.
Raichur,B0096 manvi,C0098 athnoor,48.4,15.0,159,39.44,5.0,277,-8.96,-10.0,-4.48,2022-23 -> 2024-25,CAVEAT: items differ across years but map to a constant competency framework. Item-level year comparisons mix learning and instrument change; competency-level comparisons are more defensible (still assume similar difficulty within competency). Prefer rankings and competency-level statements across years.
Kalaburagi,B0033 chincholi,C0954 kodli,45.77,5.0,409,36.84,5.0,362,-8.93,0.0,-4.46,2022-23 -> 2024-25,CAVEAT: items differ across years but map to a constant competency framework. Item-level year comparisons mix learning and instrument change; competency-level comparisons are more defensible (still assume similar difficulty within competency). Prefer rankings and competency-level statements across years.
Chikkaballapura,B0034 chintamani,C0075 anoor,55.96,15.0,78,47.03,10.0,197,-8.93,-5.0,-4.46,2022-23 -> 2024-25,CAVEAT: items differ across years but map to a constant competency framework. Item-level year comparisons mix learning and instrument change; competency-level comparisons are more defensible (still assume similar difficulty within competency). Prefer rankings and competency-level statements across years.
Vijayanagara,B0055 harapanahalli,C0519 goverahalli,43.36,5.0,265,34.45,0.0,311,-8.91,-5.0,-4.46,2022-23 -> 2024-25,CAVEAT: items differ across years but map to a constant competency framework. Item-level year comparisons mix learning and instrument change; competency-level comparisons are more defensible (still assume similar difficulty within competency). Prefer rankings and competency-level statements across years.
Yadgir,B0120 shahapur,C0209 bendebembali,40.78,5.0,269,31.89,0.0,347,-8.89,-5.0,-4.45,2022-23 -> 2024-25,CAVEAT: items differ across years but map to a constant competency framework. Item-level year comparisons mix learning and instrument change; competency-level comparisons are more defensible (still assume similar difficulty within competency). Prefer rankings and competency-level statements across years.
Ballari,B0128 siruguppa,C1628 u hosalli,42.48,10.0,143,33.6,5.0,146,-8.88,-5.0,-4.44,2022-23 -> 2024-25,CAVEAT: items differ across years but map to a constant competency framework. Item-level year comparisons mix learning and instrument change; competency-level comparisons are more defensible (still assume similar difficulty within competency). Prefer rankings and competency-level statements across years.
Ballari,B0128 siruguppa,C1247 nadanga,44.8,5.0,252,35.92,5.0,168,-8.88,0.0,-4.44,2022-23 -> 2024-25,CAVEAT: items differ across years but map to a constant competency framework. Item-level year comparisons mix learning and instrument change; competency-level comparisons are more defensible (still assume similar difficulty within competency). Prefer rankings and competency-level statements across years.
Haveri,B0023 byadagi,C0271 budupanhalli,61.84,30.0,147,52.96,15.0,312,-8.88,-15.0,-4.44,2022-23 -> 2024-25,CAVEAT: items differ across years but map to a constant competency framework. Item-level year comparisons mix learning and instrument change; competency-level comparisons are more defensible (still assume similar difficulty within competency). Prefer rankings and competency-level statements across years.
Chikkaballapura,B0124 sidlaghatta,C0007 abloodu,54.15,20.0,88,45.28,5.0,211,-8.87,-15.0,-4.44,2022-23 -> 2024-25,CAVEAT: items differ across years but map to a constant competency framework. Item-level year comparisons mix learning and instrument change; competency-level comparisons are more defensible (still assume similar difficulty within competency). Prefer rankings and competency-level statements across years.
Raichur,B0126 sindhanur,C1374 ragalparvi,46.47,10.0,248,37.61,0.0,301,-8.86,-10.0,-4.43,2022-23 -> 2024-25,CAVEAT: items differ across years but map to a constant competency framework. Item-level year comparisons mix learning and instrument change; competency-level comparisons are more defensible (still assume similar difficulty within competency). Prefer rankings and competency-level statements across years.
Kalaburagi,B0073 jewargi,C0830 kadkol,51.18,15.0,85,42.32,10.0,190,-8.86,-5.0,-4.43,2022-23 -> 2024-25,CAVEAT: items differ across years but map to a constant competency framework. Item-level year comparisons mix learning and instrument change; competency-level comparisons are more defensible (still assume similar difficulty within competency). Prefer rankings and competency-level statements across years.
Vijayapura,B0016 basavan bagewadi,C0756 itagi,69.9,46.0,143,61.05,20.0,470,-8.85,-26.0,-4.43,2022-23 -> 2024-25,CAVEAT: items differ across years but map to a constant competency framework. Item-level year comparisons mix learning and instrument change; competency-level comparisons are more defensible (still assume similar difficulty within competency). Prefer rankings and competency-level statements across years.
Tumakuru,B0087 kunigal,C0221 bhaktharahally,69.44,33.5,108,60.59,23.5,188,-8.85,-10.0,-4.43,2022-23 -> 2024-25,CAVEAT: items differ across years but map to a constant competency framework. Item-level year comparisons mix learning and instrument change; competency-level comparisons are more defensible (still assume similar difficulty within competency). Prefer rankings and competency-level statements across years.
Haveri,B0121 shiggoan,C1928 chandapur,74.47,47.0,85,65.65,38.5,338,-8.82,-8.5,-4.41,2022-23 -> 2024-25,CAVEAT: items differ across years but map to a constant competency framework. Item-level year comparisons mix learning and instrument change; competency-level comparisons are more defensible (still assume similar difficulty within competency). Prefer rankings and competency-level statements across years.
Chitradurga,B0026 challakere,C0387 devamarikunte,46.69,10.0,210,37.88,5.0,203,-8.81,-5.0,-4.41,2022-23 -> 2024-25,CAVEAT: items differ across years but map to a constant competency framework. Item-level year comparisons mix learning and instrument change; competency-level comparisons are more defensible (still assume similar difficulty within competency). Prefer rankings and competency-level statements across years.
Dharwad,B0041 dharwad,C1217 mugad,79.39,55.0,495,70.59,40.0,566,-8.8,-15.0,-4.4,2022-23 -> 2024-25,CAVEAT: items differ across years but map to a constant competency framework. Item-level year comparisons mix learning and instrument change; competency-level comparisons are more defensible (still assume similar difficulty within competency). Prefer rankings and competency-level statements across years.
Tumakuru,B0046 gubbi,C1139 mara shettyhalli,75.97,50.0,98,67.18,31.0,163,-8.79,-19.0,-4.4,2022-23 -> 2024-25,CAVEAT: items differ across years but map to a constant competency framework. Item-level year comparisons mix learning and instrument change; competency-level comparisons are more defensible (still assume similar difficulty within competency). Prefer rankings and competency-level statements across years.
Gadag,B0102 mundaragi,C0242 bidaralli,55.33,25.0,152,46.54,15.0,162,-8.79,-10.0,-4.4,2022-23 -> 2024-25,CAVEAT: items differ across years but map to a constant competency framework. Item-level year comparisons mix learning and instrument change; competency-level comparisons are more defensible (still assume similar difficulty within competency). Prefer rankings and competency-level statements across years.
Chamarajanagara,B0054 hanur,C1074 m.m.hills,60.72,40.0,76,51.95,10.0,131,-8.77,-30.0,-4.39,2022-23 -> 2024-25,CAVEAT: items differ across years but map to a constant competency framework. Item-level year comparisons mix learning and instrument change; competency-level comparisons are more defensible (still assume similar difficulty within competency). Prefer rankings and competency-level statements across years.
Mysuru,B0133 t.n.pura,C0319 chidaravalli,56.96,10.5,102,48.19,15.0,185,-8.77,4.5,-4.39,2022-23 -> 2024-25,CAVEAT: items differ across years but map to a constant competency framework. Item-level year comparisons mix learning and instrument change; competency-level comparisons are more defensible (still assume similar difficulty within competency). Prefer rankings and competency-level statements across years.
Chamarajanagara,B0050 gundlupet,C0598 hangala,54.87,12.0,155,46.12,10.0,121,-8.75,-2.0,-4.38,2022-23 -> 2024-25,CAVEAT: items differ across years but map to a constant competency framework. Item-level year comparisons mix learning and instrument change; competency-level comparisons are more defensible (still assume similar difficulty within competency). Prefer rankings and competency-level statements across years.
Kalaburagi,B0119 sedam,C0446 duganoor,51.41,10.0,263,42.69,5.0,295,-8.72,-5.0,-4.36,2022-23 -> 2024-25,CAVEAT: items differ across years but map to a constant competency framework. Item-level year comparisons mix learning and instrument change; competency-level comparisons are more defensible (still assume similar difficulty within competency). Prefer rankings and competency-level statements across years.
Ballari,B0013 ballari west,C0151 bandihatti bellary,44.08,10.0,190,35.39,5.0,254,-8.69,-5.0,-4.34,2022-23 -> 2024-25,CAVEAT: items differ across years but map to a constant competency framework. Item-level year comparisons mix learning and instrument change; competency-level comparisons are more defensible (still assume similar difficulty within competency). Prefer rankings and competency-level statements across years.
Dharwad,B0041 dharwad,C1645 uppina betageri,79.54,55.0,667,70.9,40.0,409,-8.64,-15.0,-4.32,2022-23 -> 2024-25,CAVEAT: items differ across years but map to a constant competency framework. Item-level year comparisons mix learning and instrument change; competency-level comparisons are more defensible (still assume similar difficulty within competency). Prefer rankings and competency-level statements across years.
Mandya,B0109 pandavapura,C1545 sunka thonnuru,69.1,40.0,105,60.46,15.0,205,-8.64,-25.0,-4.32,2022-23 -> 2024-25,CAVEAT: items differ across years but map to a constant competency framework. Item-level year comparisons mix learning and instrument change; competency-level comparisons are more defensible (still assume similar difficulty within competency). Prefer rankings and competency-level statements across years.
Haveri,B0114 ranebennur,C2103 haranagiri,85.83,65.0,211,77.22,55.0,325,-8.61,-10.0,-4.3,2022-23 -> 2024-25,CAVEAT: items differ across years but map to a constant competency framework. Item-level year comparisons mix learning and instrument change; competency-level comparisons are more defensible (still assume similar difficulty within competency). Prefer rankings and competency-level statements across years.
Bagalkote,B0099 mudhol,C1218 mugalkhod,49.14,30.0,128,40.57,5.0,299,-8.57,-25.0,-4.28,2022-23 -> 2024-25,CAVEAT: items differ across years but map to a constant competency framework. Item-level year comparisons mix learning and instrument change; competency-level comparisons are more defensible (still assume similar difficulty within competency). Prefer rankings and competency-level statements across years.
Dharwad,B0086 kundagol,C1752 yerguppi,67.22,30.0,239,58.67,15.0,294,-8.55,-15.0,-4.28,2022-23 -> 2024-25,CAVEAT: items differ across years but map to a constant competency framework. Item-level year comparisons mix learning and instrument change; competency-level comparisons are more defensible (still assume similar difficulty within competency). Prefer rankings and competency-level statements across years.
Raichur,B0111 raichur,C1624 tuntapur,52.47,15.0,152,43.94,11.5,104,-8.53,-3.5,-4.26,2022-23 -> 2024-25,CAVEAT: items differ across years but map to a constant competency framework. Item-level year comparisons mix learning and instrument change; competency-level comparisons are more defensible (still assume similar difficulty within competency). Prefer rankings and competency-level statements across years.
Dharwad,B0066 hubli,C0082 aralikatti,69.37,26.5,324,60.84,20.0,401,-8.53,-6.5,-4.26,2022-23 -> 2024-25,CAVEAT: items differ across years but map to a constant competency framework. Item-level year comparisons mix learning and instrument change; competency-level comparisons are more defensible (still assume similar difficulty within competency). Prefer rankings and competency-level statements across years.
Kolar,B0131 srinivasapur,C1733 yaramvaripalli,58.44,30.0,96,49.92,15.0,66,-8.52,-15.0,-4.26,2022-23 -> 2024-25,CAVEAT: items differ across years but map to a constant competency framework. Item-level year comparisons mix learning and instrument change; competency-level comparisons are more defensible (still assume similar difficulty within competency). Prefer rankings and competency-level statements across years.
Chitradurga,B0059 hiriyur,C0024 aimangala,43.83,10.0,179,35.34,5.0,194,-8.49,-5.0,-4.24,2022-23 -> 2024-25,CAVEAT: items differ across years but map to a constant competency framework. Item-level year comparisons mix learning and instrument change; competency-level comparisons are more defensible (still assume similar difficulty within competency). Prefer rankings and competency-level statements across years.
Yadgir,B0141 yadgir,C1104 malhar,56.2,15.0,125,47.71,15.0,48,-8.49,0.0,-4.24,2022-23 -> 2024-25,CAVEAT: items differ across years but map to a constant competency framework. Item-level year comparisons mix learning and instrument change; competency-level comparisons are more defensible (still assume similar difficulty within competency). Prefer rankings and competency-level statements across years.
Raichur,B0096 manvi,C0917 kavithal,49.88,10.0,171,41.41,5.0,163,-8.47,-5.0,-4.24,2022-23 -> 2024-25,CAVEAT: items differ across years but map to a constant competency framework. Item-level year comparisons mix learning and instrument change; competency-level comparisons are more defensible (still assume similar difficulty within competency). Prefer rankings and competency-level statements across years.
Vijayanagara,B0052 hagaribommanahalli,C1140 marabbihal,56.43,21.0,143,47.99,20.0,127,-8.44,-1.0,-4.22,2022-23 -> 2024-25,CAVEAT: items differ across years but map to a constant competency framework. Item-level year comparisons mix learning and instrument change; competency-level comparisons are more defensible (still assume similar difficulty within competency). Prefer rankings and competency-level statements across years.
Chikkaballapura,B0047 gudibanda,C0589 hampasandra,46.08,5.0,97,37.65,10.0,102,-8.43,5.0,-4.22,2022-23 -> 2024-25,CAVEAT: items differ across years but map to a constant competency framework. Item-level year comparisons mix learning and instrument change; competency-level comparisons are more defensible (still assume similar difficulty within competency). Prefer rankings and competency-level statements across years.
Davanagere,B0062 honnali,C1060 lingapura,48.46,13.0,107,40.06,5.0,235,-8.4,-8.0,-4.2,2022-23 -> 2024-25,CAVEAT: items differ across years but map to a constant competency framework. Item-level year comparisons mix learning and instrument change; competency-level comparisons are more defensible (still assume similar difficulty within competency). Prefer rankings and competency-level statements across years.
Chikkaballapura,B0047 gudibanda,C1522 somenahalli,40.19,5.0,161,31.8,5.0,178,-8.39,0.0,-4.2,2022-23 -> 2024-25,CAVEAT: items differ across years but map to a constant competency framework. Item-level year comparisons mix learning and instrument change; competency-level comparisons are more defensible (still assume similar difficulty within competency). Prefer rankings and competency-level statements across years.
Tumakuru,B0137 turuvekere,C1566 talakere,85.31,59.5,130,76.95,55.0,110,-8.36,-4.5,-4.18,2022-23 -> 2024-25,CAVEAT: items differ across years but map to a constant competency framework. Item-level year comparisons mix learning and instrument change; competency-level comparisons are more defensible (still assume similar difficulty within competency). Prefer rankings and competency-level statements across years.
Gadag,B0043 gadag rural,C0187 beladadi,52.99,15.0,154,44.7,10.0,422,-8.29,-5.0,-4.14,2022-23 -> 2024-25,CAVEAT: items differ across years but map to a constant competency framework. Item-level year comparisons mix learning and instrument change; competency-level comparisons are more defensible (still assume similar difficulty within competency). Prefer rankings and competency-level statements across years.
Chitradurga,B0060 holalkere,C1597 thekalavatti,52.57,5.0,175,44.3,10.0,128,-8.27,5.0,-4.14,2022-23 -> 2024-25,CAVEAT: items differ across years but map to a constant competency framework. Item-level year comparisons mix learning and instrument change; competency-level comparisons are more defensible (still assume similar difficulty within competency). Prefer rankings and competency-level statements across years.
Bagalkote,B0099 mudhol,C0631 hebbal,48.13,10.0,91,39.87,10.0,394,-8.26,0.0,-4.13,2022-23 -> 2024-25,CAVEAT: items differ across years but map to a constant competency framework. Item-level year comparisons mix learning and instrument change; competency-level comparisons are more defensible (still assume similar difficulty within competency). Prefer rankings and competency-level statements across years.
Davanagere,B0062 honnali,C0080 arakere,43.92,10.0,51,35.66,5.0,370,-8.26,-5.0,-4.13,2022-23 -> 2024-25,CAVEAT: items differ across years but map to a constant competency framework. Item-level year comparisons mix learning and instrument change; competency-level comparisons are more defensible (still assume similar difficulty within competency). Prefer rankings and competency-level statements across years.
Dharwad,B0041 dharwad,C0492 garag,63.75,25.0,300,55.5,15.0,517,-8.25,-10.0,-4.12,2022-23 -> 2024-25,CAVEAT: items differ across years but map to a constant competency framework. Item-level year comparisons mix learning and instrument change; competency-level comparisons are more defensible (still assume similar difficulty within competency). Prefer rankings and competency-level statements across years.
Chitradurga,B0026 challakere,C1295 neelagethanahatti,30.28,5.0,216,22.04,0.0,194,-8.24,-5.0,-4.12,2022-23 -> 2024-25,CAVEAT: items differ across years but map to a constant competency framework. Item-level year comparisons mix learning and instrument change; competency-level comparisons are more defensible (still assume similar difficulty within competency). Prefer rankings and competency-level statements across years.
Chikkaballapura,B0010 bagepally,C1344 palyakere,49.61,20.0,51,41.4,0.0,68,-8.21,-20.0,-4.1,2022-23 -> 2024-25,CAVEAT: items differ across years but map to a constant competency framework. Item-level year comparisons mix learning and instrument change; competency-level comparisons are more defensible (still assume similar difficulty within competency). Prefer rankings and competency-level statements across years.
Kodagu,B0092 madikeri,C0822 kadagadalu,58.72,15.0,121,50.54,15.0,130,-8.18,0.0,-4.09,2022-23 -> 2024-25,CAVEAT: items differ across years but map to a constant competency framework. Item-level year comparisons mix learning and instrument change; competency-level comparisons are more defensible (still assume similar difficulty within competency). Prefer rankings and competency-level statements across years.
Mandya,B0103 nagamangala,C0705 hosakki palya,74.1,57.5,106,65.93,24.5,70,-8.17,-33.0,-4.08,2022-23 -> 2024-25,CAVEAT: items differ across years but map to a constant competency framework. Item-level year comparisons mix learning and instrument change; competency-level comparisons are more defensible (still assume similar difficulty within competency). Prefer rankings and competency-level statements across years.
Chikkaballapura,B0124 sidlaghatta,C1181 melur,63.66,25.0,179,55.49,15.0,122,-8.17,-10.0,-4.08,2022-23 -> 2024-25,CAVEAT: items differ across years but map to a constant competency framework. Item-level year comparisons mix learning and instrument change; competency-level comparisons are more defensible (still assume similar difficulty within competency). Prefer rankings and competency-level statements across years.
Chikkaballapura,B0047 gudibanda,C0182 beechaganahalli,54.41,15.0,152,46.26,5.0,171,-8.15,-10.0,-4.07,2022-23 -> 2024-25,CAVEAT: items differ across years but map to a constant competency framework. Item-level year comparisons mix learning and instrument change; competency-level comparisons are more defensible (still assume similar difficulty within competency). Prefer rankings and competency-level statements across years.
Chitradurga,B0035 chitradurga,C0459 esamudra,45.4,10.0,341,37.26,0.0,398,-8.14,-10.0,-4.07,2022-23 -> 2024-25,CAVEAT: items differ across years but map to a constant competency framework. Item-level year comparisons mix learning and instrument change; competency-level comparisons are more defensible (still assume similar difficulty within competency). Prefer rankings and competency-level statements across years.
Chamarajanagara,B0027 chamarajanagar,C0612 harave,55.03,10.0,159,46.9,15.0,213,-8.13,5.0,-4.06,2022-23 -> 2024-25,CAVEAT: items differ across years but map to a constant competency framework. Item-level year comparisons mix learning and instrument change; competency-level comparisons are more defensible (still assume similar difficulty within competency). Prefer rankings and competency-level statements across years.
Kolar,B0094 malur,C0338 chikkathirupathi,55.46,20.0,153,47.33,15.0,193,-8.13,-5.0,-4.06,2022-23 -> 2024-25,CAVEAT: items differ across years but map to a constant competency framework. Item-level year comparisons mix learning and instrument change; competency-level comparisons are more defensible (still assume similar difficulty within competency). Prefer rankings and competency-level statements across years.
Tumakuru,B0135 tiptur,C0870 kamparahalli,67.36,50.0,53,59.26,25.0,61,-8.1,-25.0,-4.05,2022-23 -> 2024-25,CAVEAT: items differ across years but map to a constant competency framework. Item-level year comparisons mix learning and instrument change; competency-level comparisons are more defensible (still assume similar difficulty within competency). Prefer rankings and competency-level statements across years.
Kalaburagi,B0033 chincholi,C0025 ainapur,49.3,5.5,172,41.22,5.0,176,-8.08,-0.5,-4.04,2022-23 -> 2024-25,CAVEAT: items differ across years but map to a constant competency framework. Item-level year comparisons mix learning and instrument change; competency-level comparisons are more defensible (still assume similar difficulty within competency). Prefer rankings and competency-level statements across years.
Tumakuru,B0136 tumkur,C0696 honnudike,58.86,10.0,114,50.81,20.0,124,-8.05,10.0,-4.02,2022-23 -> 2024-25,CAVEAT: items differ across years but map to a constant competency framework. Item-level year comparisons mix learning and instrument change; competency-level comparisons are more defensible (still assume similar difficulty within competency). Prefer rankings and competency-level statements across years.
Bengaluru Rural,B0107 nelamangala,C1494 shivagange,60.61,20.0,131,52.56,15.0,127,-8.05,-5.0,-4.02,2022-23 -> 2024-25,CAVEAT: items differ across years but map to a constant competency framework. Item-level year comparisons mix learning and instrument change; competency-level comparisons are more defensible (still assume similar difficulty within competency). Prefer rankings and competency-level statements across years.
Yadgir,B0141 yadgir,C0105 azalapur,42.62,5.0,63,34.58,5.0,130,-8.04,0.0,-4.02,2022-23 -> 2024-25,CAVEAT: items differ across years but map to a constant competency framework. Item-level year comparisons mix learning and instrument change; competency-level comparisons are more defensible (still assume similar difficulty within competency). Prefer rankings and competency-level statements across years.
Chitradurga,B0060 holalkere,C0111 b.durga,50.86,5.0,238,42.83,5.0,214,-8.03,0.0,-4.02,2022-23 -> 2024-25,CAVEAT: items differ across years but map to a constant competency framework. Item-level year comparisons mix learning and instrument change; competency-level comparisons are more defensible (still assume similar difficulty within competency). Prefer rankings and competency-level statements across years.
Koppal,B0044 gangavathi,C1533 sriramanagar,50.48,10.0,282,42.48,10.0,236,-8.0,0.0,-4.0,2022-23 -> 2024-25,CAVEAT: items differ across years but map to a constant competency framework. Item-level year comparisons mix learning and instrument change; competency-level comparisons are more defensible (still assume similar difficulty within competency). Prefer rankings and competency-level statements across years.
Mandya,B0090 maddur,C0987 koppa,73.75,31.5,24,65.75,35.0,67,-8.0,3.5,-4.0,2022-23 -> 2024-25,CAVEAT: items differ across years but map to a constant competency framework. Item-level year comparisons mix learning and instrument change; competency-level comparisons are more defensible (still assume similar difficulty within competency). Prefer rankings and competency-level statements across years.
Chitradurga,B0063 hosadurga,C1534 srirampura,52.97,5.0,222,45.0,5.0,64,-7.97,0.0,-3.98,2022-23 -> 2024-25,CAVEAT: items differ across years but map to a constant competency framework. Item-level year comparisons mix learning and instrument change; competency-level comparisons are more defensible (still assume similar difficulty within competency). Prefer rankings and competency-level statements across years.
Chitradurga,B0035 chitradurga,C1079 madakaripura,53.95,10.0,119,45.98,10.0,127,-7.97,0.0,-3.98,2022-23 -> 2024-25,CAVEAT: items differ across years but map to a constant competency framework. Item-level year comparisons mix learning and instrument change; competency-level comparisons are more defensible (still assume similar difficulty within competency). Prefer rankings and competency-level statements across years.
Bagalkote,B0021 bilagi,C1543 sunag,55.89,15.0,257,47.93,15.0,239,-7.96,0.0,-3.98,2022-23 -> 2024-25,CAVEAT: items differ across years but map to a constant competency framework. Item-level year comparisons mix learning and instrument change; competency-level comparisons are more defensible (still assume similar difficulty within competency). Prefer rankings and competency-level statements across years.
Kolar,B0131 srinivasapur,C1403 rayalpadu,63.28,29.5,90,55.34,11.0,103,-7.94,-18.5,-3.97,2022-23 -> 2024-25,CAVEAT: items differ across years but map to a constant competency framework. Item-level year comparisons mix learning and instrument change; competency-level comparisons are more defensible (still assume similar difficulty within competency). Prefer rankings and competency-level statements across years.
Yadgir,B0141 yadgir,C0984 konkal,42.29,10.0,308,34.37,5.0,335,-7.92,-5.0,-3.96,2022-23 -> 2024-25,CAVEAT: items differ across years but map to a constant competency framework. Item-level year comparisons mix learning and instrument change; competency-level comparisons are more defensible (still assume similar difficulty within competency). Prefer rankings and competency-level statements across years.
Mandya,B0093 malavally,C1375 ragibommana hally,67.96,25.0,71,60.04,20.0,117,-7.92,-5.0,-3.96,2022-23 -> 2024-25,CAVEAT: items differ across years but map to a constant competency framework. Item-level year comparisons mix learning and instrument change; competency-level comparisons are more defensible (still assume similar difficulty within competency). Prefer rankings and competency-level statements across years.
Kalaburagi,B0049 gulbarga south,C0462 faratabad,44.0,5.0,500,36.09,5.0,382,-7.91,0.0,-3.96,2022-23 -> 2024-25,CAVEAT: items differ across years but map to a constant competency framework. Item-level year comparisons mix learning and instrument change; competency-level comparisons are more defensible (still assume similar difficulty within competency). Prefer rankings and competency-level statements across years.
Tumakuru,B0137 turuvekere,C1529 soravanahalli,68.89,35.0,81,60.99,40.0,86,-7.9,5.0,-3.95,2022-23 -> 2024-25,CAVEAT: items differ across years but map to a constant competency framework. Item-level year comparisons mix learning and instrument change; competency-level comparisons are more defensible (still assume similar difficulty within competency). Prefer rankings and competency-level statements across years.
Dharwad,B0106 navalgund,C0072 annigeri 2,67.25,30.0,255,59.38,20.0,412,-7.87,-10.0,-3.94,2022-23 -> 2024-25,CAVEAT: items differ across years but map to a constant competency framework. Item-level year comparisons mix learning and instrument change; competency-level comparisons are more defensible (still assume similar difficulty within competency). Prefer rankings and competency-level statements across years.
Kalaburagi,B0036 chittapur,C0224 bhankur,44.07,10.0,291,36.21,5.0,256,-7.86,-5.0,-3.93,2022-23 -> 2024-25,CAVEAT: items differ across years but map to a constant competency framework. Item-level year comparisons mix learning and instrument change; competency-level comparisons are more defensible (still assume similar difficulty within competency). Prefer rankings and competency-level statements across years.
Hassan,B0029 channarayapatna,C0668 hirisave,58.72,25.0,141,50.87,5.0,202,-7.85,-20.0,-3.92,2022-23 -> 2024-25,CAVEAT: items differ across years but map to a constant competency framework. Item-level year comparisons mix learning and instrument change; competency-level comparisons are more defensible (still assume similar difficulty within competency). Prefer rankings and competency-level statements across years.
Raichur,B0039 devadurga,C1045 kyadigera,39.69,0.0,147,31.84,2.0,185,-7.85,2.0,-3.92,2022-23 -> 2024-25,CAVEAT: items differ across years but map to a constant competency framework. Item-level year comparisons mix learning and instrument change; competency-level comparisons are more defensible (still assume similar difficulty within competency). Prefer rankings and competency-level statements across years.
Davanagere,B0037 davanagere(n),C0057 anaji,54.47,5.0,159,46.62,10.0,191,-7.85,5.0,-3.92,2022-23 -> 2024-25,CAVEAT: items differ across years but map to a constant competency framework. Item-level year comparisons mix learning and instrument change; competency-level comparisons are more defensible (still assume similar difficulty within competency). Prefer rankings and competency-level statements across years.
Hassan,B0005 arasikere,C0791 jc pura,64.84,27.0,95,57.01,25.0,152,-7.83,-2.0,-3.92,2022-23 -> 2024-25,CAVEAT: items differ across years but map to a constant competency framework. Item-level year comparisons mix learning and instrument change; competency-level comparisons are more defensible (still assume similar difficulty within competency). Prefer rankings and competency-level statements across years.
Mysuru,B0133 t.n.pura,C0946 kodagahalli,80.45,56.0,123,72.63,45.0,251,-7.82,-11.0,-3.91,2022-23 -> 2024-25,CAVEAT: items differ across years but map to a constant competency framework. Item-level year comparisons mix learning and instrument change; competency-level comparisons are more defensible (still assume similar difficulty within competency). Prefer rankings and competency-level statements across years.
Kodagu,B0140 virajpet,C0053 ammathi vantiangadi,74.95,48.5,108,67.16,35.0,125,-7.79,-13.5,-3.9,2022-23 -> 2024-25,CAVEAT: items differ across years but map to a constant competency framework. Item-level year comparisons mix learning and instrument change; competency-level comparisons are more defensible (still assume similar difficulty within competency). Prefer rankings and competency-level statements across years.
Ballari,B0128 siruguppa,C0625 hatcholli,45.43,5.0,362,37.66,5.0,492,-7.77,0.0,-3.88,2022-23 -> 2024-25,CAVEAT: items differ across years but map to a constant competency framework. Item-level year comparisons mix learning and instrument change; competency-level comparisons are more defensible (still assume similar difficulty within competency). Prefer rankings and competency-level statements across years.
Raichur,B0039 devadurga,C0772 jalahalli west,55.25,20.0,238,47.48,15.0,111,-7.77,-5.0,-3.88,2022-23 -> 2024-25,CAVEAT: items differ across years but map to a constant competency framework. Item-level year comparisons mix learning and instrument change; competency-level comparisons are more defensible (still assume similar difficulty within competency). Prefer rankings and competency-level statements across years.
Chitradurga,B0060 holalkere,C1246 n.g.halli,58.55,18.0,107,50.79,15.0,101,-7.76,-3.0,-3.88,2022-23 -> 2024-25,CAVEAT: items differ across years but map to a constant competency framework. Item-level year comparisons mix learning and instrument change; competency-level comparisons are more defensible (still assume similar difficulty within competency). Prefer rankings and competency-level statements across years.
Chamarajanagara,B0050 gundlupet,C0733 hundipura,55.73,15.5,82,47.99,15.0,144,-7.74,-0.5,-3.87,2022-23 -> 2024-25,CAVEAT: items differ across years but map to a constant competency framework. Item-level year comparisons mix learning and instrument change; competency-level comparisons are more defensible (still assume similar difficulty within competency). Prefer rankings and competency-level statements across years.
Koppal,B0044 gangavathi,C1641 ulenoor,56.93,15.0,262,49.2,9.5,250,-7.73,-5.5,-3.86,2022-23 -> 2024-25,CAVEAT: items differ across years but map to a constant competency framework. Item-level year comparisons mix learning and instrument change; competency-level comparisons are more defensible (still assume similar difficulty within competency). Prefer rankings and competency-level statements across years.
Kalaburagi,B0049 gulbarga south,C1277 nandur (k),43.4,5.0,375,35.71,0.0,252,-7.69,-5.0,-3.84,2022-23 -> 2024-25,CAVEAT: items differ across years but map to a constant competency framework. Item-level year comparisons mix learning and instrument change; competency-level comparisons are more defensible (still assume similar difficulty within competency). Prefer rankings and competency-level statements across years.
Koppal,B0044 gangavathi,C1692 venkatagiri,51.87,0.0,276,44.18,10.0,291,-7.69,10.0,-3.84,2022-23 -> 2024-25,CAVEAT: items differ across years but map to a constant competency framework. Item-level year comparisons mix learning and instrument change; competency-level comparisons are more defensible (still assume similar difficulty within competency). Prefer rankings and competency-level statements across years.
Chikkaballapura,B0010 bagepally,C0464 g.maddepalli,48.44,6.5,64,40.8,5.0,175,-7.64,-1.5,-3.82,2022-23 -> 2024-25,CAVEAT: items differ across years but map to a constant competency framework. Item-level year comparisons mix learning and instrument change; competency-level comparisons are more defensible (still assume similar difficulty within competency). Prefer rankings and competency-level statements across years.
Chamarajanagara,B0050 gundlupet,C0815 kabbahalli,65.57,20.0,201,57.94,19.5,180,-7.63,-0.5,-3.82,2022-23 -> 2024-25,CAVEAT: items differ across years but map to a constant competency framework. Item-level year comparisons mix learning and instrument change; competency-level comparisons are more defensible (still assume similar difficulty within competency). Prefer rankings and competency-level statements across years.
Kalaburagi,B0001 afzalpur,C0898 karajagi,39.55,5.0,429,31.93,0.0,583,-7.62,-5.0,-3.81,2022-23 -> 2024-25,CAVEAT: items differ across years but map to a constant competency framework. Item-level year comparisons mix learning and instrument change; competency-level comparisons are more defensible (still assume similar difficulty within competency). Prefer rankings and competency-level statements across years.
Belagavi,B0032 chikodi,C0908 karoshi,89.14,75.0,128,81.6,60.0,300,-7.54,-15.0,-3.77,2022-23 -> 2024-25,CAVEAT: items differ across years but map to a constant competency framework. Item-level year comparisons mix learning and instrument change; competency-level comparisons are more defensible (still assume similar difficulty within competency). Prefer rankings and competency-level statements across years.
Chitradurga,B0060 holalkere,C1493 shivaganga,52.42,15.0,62,44.89,15.0,142,-7.53,0.0,-3.76,2022-23 -> 2024-25,CAVEAT: items differ across years but map to a constant competency framework. Item-level year comparisons mix learning and instrument change; competency-level comparisons are more defensible (still assume similar difficulty within competency). Prefer rankings and competency-level statements across years.
Bengaluru Rural,B0064 hosakote,C0425 doddagattiganabbe,59.63,25.0,94,52.11,17.0,235,-7.52,-8.0,-3.76,2022-23 -> 2024-25,CAVEAT: items differ across years but map to a constant competency framework. Item-level year comparisons mix learning and instrument change; competency-level comparisons are more defensible (still assume similar difficulty within competency). Prefer rankings and competency-level statements across years.
Bagalkote,B0008 badami,C0600 hansanur,59.67,20.0,90,52.2,20.0,209,-7.47,0.0,-3.74,2022-23 -> 2024-25,CAVEAT: items differ across years but map to a constant competency framework. Item-level year comparisons mix learning and instrument change; competency-level comparisons are more defensible (still assume similar difficulty within competency). Prefer rankings and competency-level statements across years.
Chitradurga,B0026 challakere,C1332 p.mahadevapura,50.3,8.5,168,42.88,5.0,200,-7.42,-3.5,-3.71,2022-23 -> 2024-25,CAVEAT: items differ across years but map to a constant competency framework. Item-level year comparisons mix learning and instrument change; competency-level comparisons are more defensible (still assume similar difficulty within competency). Prefer rankings and competency-level statements across years.
Koppal,B0044 gangavathi,C0657 hirejanthakal,44.53,10.0,86,37.12,5.0,172,-7.41,-5.0,-3.7,2022-23 -> 2024-25,CAVEAT: items differ across years but map to a constant competency framework. Item-level year comparisons mix learning and instrument change; competency-level comparisons are more defensible (still assume similar difficulty within competency). Prefer rankings and competency-level statements across years.
Ballari,B0012 ballari east,C0145 banapura,36.07,5.0,299,28.69,0.0,554,-7.38,-5.0,-3.69,2022-23 -> 2024-25,CAVEAT: items differ across years but map to a constant competency framework. Item-level year comparisons mix learning and instrument change; competency-level comparisons are more defensible (still assume similar difficulty within competency). Prefer rankings and competency-level statements across years.
Bengaluru Rural,B0042 doddaballapura,C0067 anjanamurthynagara,64.04,28.0,57,56.67,21.0,63,-7.37,-7.0,-3.68,2022-23 -> 2024-25,CAVEAT: items differ across years but map to a constant competency framework. Item-level year comparisons mix learning and instrument change; competency-level comparisons are more defensible (still assume similar difficulty within competency). Prefer rankings and competency-level statements across years.
Kolar,B0131 srinivasapur,C0524 gownipalli,51.26,15.0,215,43.9,5.0,123,-7.36,-10.0,-3.68,2022-23 -> 2024-25,CAVEAT: items differ across years but map to a constant competency framework. Item-level year comparisons mix learning and instrument change; competency-level comparisons are more defensible (still assume similar difficulty within competency). Prefer rankings and competency-level statements across years.
Chamarajanagara,B0050 gundlupet,C0185 begur,50.18,10.0,191,42.83,10.0,173,-7.35,0.0,-3.68,2022-23 -> 2024-25,CAVEAT: items differ across years but map to a constant competency framework. Item-level year comparisons mix learning and instrument change; competency-level comparisons are more defensible (still assume similar difficulty within competency). Prefer rankings and competency-level statements across years.
Koppal,B0088 kustagi,C0289 chalageri,50.49,5.0,417,43.15,10.0,314,-7.34,5.0,-3.67,2022-23 -> 2024-25,CAVEAT: items differ across years but map to a constant competency framework. Item-level year comparisons mix learning and instrument change; competency-level comparisons are more defensible (still assume similar difficulty within competency). Prefer rankings and competency-level statements across years.
Chamarajanagara,B0050 gundlupet,C1683 vaddagere,53.33,10.0,248,45.99,5.0,152,-7.34,-5.0,-3.67,2022-23 -> 2024-25,CAVEAT: items differ across years but map to a constant competency framework. Item-level year comparisons mix learning and instrument change; competency-level comparisons are more defensible (still assume similar difficulty within competency). Prefer rankings and competency-level statements across years.
Bengaluru Rural,B0107 nelamangala,C0088 arebommanahalli,68.6,45.0,118,61.27,25.0,166,-7.33,-20.0,-3.66,2022-23 -> 2024-25,CAVEAT: items differ across years but map to a constant competency framework. Item-level year comparisons mix learning and instrument change; competency-level comparisons are more defensible (still assume similar difficulty within competency). Prefer rankings and competency-level statements across years.
Tumakuru,B0127 sira,C0166 baragooru,65.24,30.0,82,57.91,25.0,189,-7.33,-5.0,-3.66,2022-23 -> 2024-25,CAVEAT: items differ across years but map to a constant competency framework. Item-level year comparisons mix learning and instrument change; competency-level comparisons are more defensible (still assume similar difficulty within competency). Prefer rankings and competency-level statements across years.
Kalaburagi,B0036 chittapur,C0566 halakatta,40.28,5.0,317,32.96,5.0,255,-7.32,0.0,-3.66,2022-23 -> 2024-25,CAVEAT: items differ across years but map to a constant competency framework. Item-level year comparisons mix learning and instrument change; competency-level comparisons are more defensible (still assume similar difficulty within competency). Prefer rankings and competency-level statements across years.
Bidar,B0015 basavakalyan,C1048 ladwanthi,54.29,10.0,140,46.99,15.0,108,-7.3,5.0,-3.65,2022-23 -> 2024-25,CAVEAT: items differ across years but map to a constant competency framework. Item-level year comparisons mix learning and instrument change; competency-level comparisons are more defensible (still assume similar difficulty within competency). Prefer rankings and competency-level statements across years.
Mandya,B0090 maddur,C0324 chikkaarasinakere,73.12,46.5,24,65.83,30.0,126,-7.29,-16.5,-3.64,2022-23 -> 2024-25,CAVEAT: items differ across years but map to a constant competency framework. Item-level year comparisons mix learning and instrument change; competency-level comparisons are more defensible (still assume similar difficulty within competency). Prefer rankings and competency-level statements across years.
Ramanagara,B0077 kanakapura,C0853 kallahalli,71.52,41.0,33,64.24,30.0,152,-7.28,-11.0,-3.64,2022-23 -> 2024-25,CAVEAT: items differ across years but map to a constant competency framework. Item-level year comparisons mix learning and instrument change; competency-level comparisons are more defensible (still assume similar difficulty within competency). Prefer rankings and competency-level statements across years.
Tumakuru,B0082 koratagere,C0106 b d pura,61.6,20.0,100,54.34,25.0,114,-7.26,5.0,-3.63,2022-23 -> 2024-25,CAVEAT: items differ across years but map to a constant competency framework. Item-level year comparisons mix learning and instrument change; competency-level comparisons are more defensible (still assume similar difficulty within competency). Prefer rankings and competency-level statements across years.
Kodagu,B0092 madikeri,C1233 murnadu,56.51,25.0,245,49.25,20.0,248,-7.26,-5.0,-3.63,2022-23 -> 2024-25,CAVEAT: items differ across years but map to a constant competency framework. Item-level year comparisons mix learning and instrument change; competency-level comparisons are more defensible (still assume similar difficulty within competency). Prefer rankings and competency-level statements across years.
Bengaluru Rural,B0040 devanahalli,C0776 jalige,87.67,70.0,146,80.45,50.0,290,-7.22,-20.0,-3.61,2022-23 -> 2024-25,CAVEAT: items differ across years but map to a constant competency framework. Item-level year comparisons mix learning and instrument change; competency-level comparisons are more defensible (still assume similar difficulty within competency). Prefer rankings and competency-level statements across years.
Chitradurga,B0063 hosadurga,C0390 devapura,45.36,4.0,179,38.2,0.0,153,-7.16,-4.0,-3.58,2022-23 -> 2024-25,CAVEAT: items differ across years but map to a constant competency framework. Item-level year comparisons mix learning and instrument change; competency-level comparisons are more defensible (still assume similar difficulty within competency). Prefer rankings and competency-level statements across years.
Chikkaballapura,B0034 chintamani,C0806 k raguttahalli,65.89,32.5,96,58.79,25.0,206,-7.1,-7.5,-3.55,2022-23 -> 2024-25,CAVEAT: items differ across years but map to a constant competency framework. Item-level year comparisons mix learning and instrument change; competency-level comparisons are more defensible (still assume similar difficulty within competency). Prefer rankings and competency-level statements across years.
Belagavi,B0078 khanapur,C0664 hiremunolli,69.78,35.0,160,62.7,25.0,211,-7.08,-10.0,-3.54,2022-23 -> 2024-25,CAVEAT: items differ across years but map to a constant competency framework. Item-level year comparisons mix learning and instrument change; competency-level comparisons are more defensible (still assume similar difficulty within competency). Prefer rankings and competency-level statements across years.
Kolar,B0131 srinivasapur,C1158 mastenahalli,69.13,26.5,104,62.06,20.0,90,-7.07,-6.5,-3.54,2022-23 -> 2024-25,CAVEAT: items differ across years but map to a constant competency framework. Item-level year comparisons mix learning and instrument change; competency-level comparisons are more defensible (still assume similar difficulty within competency). Prefer rankings and competency-level statements across years.
Raichur,B0096 manvi,C1345 pamanakallur,65.39,25.0,319,58.4,5.0,147,-6.99,-20.0,-3.5,2022-23 -> 2024-25,CAVEAT: items differ across years but map to a constant competency framework. Item-level year comparisons mix learning and instrument change; competency-level comparisons are more defensible (still assume similar difficulty within competency). Prefer rankings and competency-level statements across years.
Bengaluru Rural,B0040 devanahalli,C1030 kundana,92.29,80.0,72,85.3,60.0,117,-6.99,-20.0,-3.5,2022-23 -> 2024-25,CAVEAT: items differ across years but map to a constant competency framework. Item-level year comparisons mix learning and instrument change; competency-level comparisons are more defensible (still assume similar difficulty within competency). Prefer rankings and competency-level statements across years.
Tumakuru,B0137 turuvekere,C1483 shettygondana halli,73.27,55.0,136,66.28,35.0,117,-6.99,-20.0,-3.5,2022-23 -> 2024-25,CAVEAT: items differ across years but map to a constant competency framework. Item-level year comparisons mix learning and instrument change; competency-level comparisons are more defensible (still assume similar difficulty within competency). Prefer rankings and competency-level statements across years.
Davanagere,B0071 jagalur,C1518 sokke,42.27,5.0,172,35.29,0.0,382,-6.98,-5.0,-3.49,2022-23 -> 2024-25,CAVEAT: items differ across years but map to a constant competency framework. Item-level year comparisons mix learning and instrument change; competency-level comparisons are more defensible (still assume similar difficulty within competency). Prefer rankings and competency-level statements across years.
Bidar,B0019 bhalki,C0043 alwai marathi,47.45,5.0,106,40.47,5.0,172,-6.98,0.0,-3.49,2022-23 -> 2024-25,CAVEAT: items differ across years but map to a constant competency framework. Item-level year comparisons mix learning and instrument change; competency-level comparisons are more defensible (still assume similar difficulty within competency). Prefer rankings and competency-level statements across years.
Mandya,B0103 nagamangala,C1594 thattekere,61.86,40.0,110,54.88,25.0,82,-6.98,-15.0,-3.49,2022-23 -> 2024-25,CAVEAT: items differ across years but map to a constant competency framework. Item-level year comparisons mix learning and instrument change; competency-level comparisons are more defensible (still assume similar difficulty within competency). Prefer rankings and competency-level statements across years.
Gadag,B0043 gadag rural,C1003 kotumachagi,52.5,15.0,134,45.53,10.0,206,-6.97,-5.0,-3.48,2022-23 -> 2024-25,CAVEAT: items differ across years but map to a constant competency framework. Item-level year comparisons mix learning and instrument change; competency-level comparisons are more defensible (still assume similar difficulty within competency). Prefer rankings and competency-level statements across years.
Raichur,B0039 devadurga,C0466 gabbur,38.79,5.0,285,31.83,0.0,330,-6.96,-5.0,-3.48,2022-23 -> 2024-25,CAVEAT: items differ across years but map to a constant competency framework. Item-level year comparisons mix learning and instrument change; competency-level comparisons are more defensible (still assume similar difficulty within competency). Prefer rankings and competency-level statements across years.
Yadgir,B0123 shorapur,C0389 devapur,56.01,15.0,291,49.06,15.0,585,-6.95,0.0,-3.48,2022-23 -> 2024-25,CAVEAT: items differ across years but map to a constant competency framework. Item-level year comparisons mix learning and instrument change; competency-level comparisons are more defensible (still assume similar difficulty within competency). Prefer rankings and competency-level statements across years.
Bengaluru Rural,B0064 hosakote,C1435 samethanahalli,62.56,25.0,311,55.62,15.0,208,-6.94,-10.0,-3.47,2022-23 -> 2024-25,CAVEAT: items differ across years but map to a constant competency framework. Item-level year comparisons mix learning and instrument change; competency-level comparisons are more defensible (still assume similar difficulty within competency). Prefer rankings and competency-level statements across years.
Kalaburagi,B0049 gulbarga south,C1355 pattan,41.49,5.0,348,34.56,10.0,332,-6.93,5.0,-3.46,2022-23 -> 2024-25,CAVEAT: items differ across years but map to a constant competency framework. Item-level year comparisons mix learning and instrument change; competency-level comparisons are more defensible (still assume similar difficulty within competency). Prefer rankings and competency-level statements across years.
Haveri,B0118 savanur,C0895 karadagi,72.33,50.0,159,65.41,30.0,477,-6.92,-20.0,-3.46,2022-23 -> 2024-25,CAVEAT: items differ across years but map to a constant competency framework. Item-level year comparisons mix learning and instrument change; competency-level comparisons are more defensible (still assume similar difficulty within competency). Prefer rankings and competency-level statements across years.
Bidar,B0019 bhalki,C0140 balur,42.31,0.0,106,35.39,5.0,267,-6.92,5.0,-3.46,2022-23 -> 2024-25,CAVEAT: items differ across years but map to a constant competency framework. Item-level year comparisons mix learning and instrument change; competency-level comparisons are more defensible (still assume similar difficulty within competency). Prefer rankings and competency-level statements across years.
Haveri,B0023 byadagi,C1199 motebennur,75.78,40.0,153,68.87,30.0,271,-6.91,-10.0,-3.46,2022-23 -> 2024-25,CAVEAT: items differ across years but map to a constant competency framework. Item-level year comparisons mix learning and instrument change; competency-level comparisons are more defensible (still assume similar difficulty within competency). Prefer rankings and competency-level statements across years.
Gadag,B0105 naragund,C0336 chikkanaragund,65.07,38.0,147,58.17,10.0,281,-6.9,-28.0,-3.45,2022-23 -> 2024-25,CAVEAT: items differ across years but map to a constant competency framework. Item-level year comparisons mix learning and instrument change; competency-level comparisons are more defensible (still assume similar difficulty within competency). Prefer rankings and competency-level statements across years.
Bidar,B0015 basavakalyan,C0755 islampur,36.1,5.0,114,29.27,0.0,143,-6.83,-5.0,-3.42,2022-23 -> 2024-25,CAVEAT: items differ across years but map to a constant competency framework. Item-level year comparisons mix learning and instrument change; competency-level comparisons are more defensible (still assume similar difficulty within competency). Prefer rankings and competency-level statements across years.
Chamarajanagara,B0054 hanur,C1076 maaralli,41.68,5.0,321,34.86,5.0,256,-6.82,0.0,-3.41,2022-23 -> 2024-25,CAVEAT: items differ across years but map to a constant competency framework. Item-level year comparisons mix learning and instrument change; competency-level comparisons are more defensible (still assume similar difficulty within competency). Prefer rankings and competency-level statements across years.
Chikkaballapura,B0034 chintamani,C0343 chilakalanerpu,57.93,20.0,75,51.12,13.0,67,-6.81,-7.0,-3.4,2022-23 -> 2024-25,CAVEAT: items differ across years but map to a constant competency framework. Item-level year comparisons mix learning and instrument change; competency-level comparisons are more defensible (still assume similar difficulty within competency). Prefer rankings and competency-level statements across years.
Chitradurga,B0026 challakere,C0656 hirehalli,35.18,0.0,226,28.37,0.0,249,-6.81,0.0,-3.4,2022-23 -> 2024-25,CAVEAT: items differ across years but map to a constant competency framework. Item-level year comparisons mix learning and instrument change; competency-level comparisons are more defensible (still assume similar difficulty within competency). Prefer rankings and competency-level statements across years.
Koppal,B0081 koppal,C0623 hasagal,51.14,10.0,390,44.34,5.5,412,-6.8,-4.5,-3.4,2022-23 -> 2024-25,CAVEAT: items differ across years but map to a constant competency framework. Item-level year comparisons mix learning and instrument change; competency-level comparisons are more defensible (still assume similar difficulty within competency). Prefer rankings and competency-level statements across years.
Davanagere,B0062 honnali,C1718 yakkanahalli,53.66,20.0,41,46.89,10.0,280,-6.77,-10.0,-3.38,2022-23 -> 2024-25,CAVEAT: items differ across years but map to a constant competency framework. Item-level year comparisons mix learning and instrument change; competency-level comparisons are more defensible (still assume similar difficulty within competency). Prefer rankings and competency-level statements across years.
Yadgir,B0120 shahapur,C0576 halgera,54.19,10.0,279,47.42,15.0,233,-6.77,5.0,-3.38,2022-23 -> 2024-25,CAVEAT: items differ across years but map to a constant competency framework. Item-level year comparisons mix learning and instrument change; competency-level comparisons are more defensible (still assume similar difficulty within competency). Prefer rankings and competency-level statements across years.
Bidar,B0020 bidar,C0968 kolar(k),45.6,10.0,210,38.83,10.0,60,-6.77,0.0,-3.38,2022-23 -> 2024-25,CAVEAT: items differ across years but map to a constant competency framework. Item-level year comparisons mix learning and instrument change; competency-level comparisons are more defensible (still assume similar difficulty within competency). Prefer rankings and competency-level statements across years.
Kodagu,B0092 madikeri,C0906 karike,57.5,25.0,44,50.74,10.0,61,-6.76,-15.0,-3.38,2022-23 -> 2024-25,CAVEAT: items differ across years but map to a constant competency framework. Item-level year comparisons mix learning and instrument change; competency-level comparisons are more defensible (still assume similar difficulty within competency). Prefer rankings and competency-level statements across years.
Kalaburagi,B0073 jewargi,C0794 jeratagi,54.06,10.0,583,47.32,10.0,544,-6.74,0.0,-3.37,2022-23 -> 2024-25,CAVEAT: items differ across years but map to a constant competency framework. Item-level year comparisons mix learning and instrument change; competency-level comparisons are more defensible (still assume similar difficulty within competency). Prefer rankings and competency-level statements across years.
Chikkaballapura,B0124 sidlaghatta,C0412 dibburahalli,56.1,28.0,77,49.37,15.0,158,-6.73,-13.0,-3.36,2022-23 -> 2024-25,CAVEAT: items differ across years but map to a constant competency framework. Item-level year comparisons mix learning and instrument change; competency-level comparisons are more defensible (still assume similar difficulty within competency). Prefer rankings and competency-level statements across years.
Vijayanagara,B0055 harapanahalli,C1507 singrihalli,45.02,10.0,289,38.36,5.0,277,-6.66,-5.0,-3.33,2022-23 -> 2024-25,CAVEAT: items differ across years but map to a constant competency framework. Item-level year comparisons mix learning and instrument change; competency-level comparisons are more defensible (still assume similar difficulty within competency). Prefer rankings and competency-level statements across years.
Gadag,B0102 mundaragi,C0842 kalakeri,47.8,10.0,150,41.14,15.0,223,-6.66,5.0,-3.33,2022-23 -> 2024-25,CAVEAT: items differ across years but map to a constant competency framework. Item-level year comparisons mix learning and instrument change; competency-level comparisons are more defensible (still assume similar difficulty within competency). Prefer rankings and competency-level statements across years.
Vijayanagara,B0084 kudligi,C1070 m.b. iyyana halli,43.79,5.0,420,37.14,5.0,391,-6.65,0.0,-3.32,2022-23 -> 2024-25,CAVEAT: items differ across years but map to a constant competency framework. Item-level year comparisons mix learning and instrument change; competency-level comparisons are more defensible (still assume similar difficulty within competency). Prefer rankings and competency-level statements across years.
Tumakuru,B0136 tumkur,C1300 nelahal,65.05,29.5,100,58.45,24.5,100,-6.6,-5.0,-3.3,2022-23 -> 2024-25,CAVEAT: items differ across years but map to a constant competency framework. Item-level year comparisons mix learning and instrument change; competency-level comparisons are more defensible (still assume similar difficulty within competency). Prefer rankings and competency-level statements across years.
Chitradurga,B0059 hiriyur,C0017 adivala,51.22,10.0,394,44.63,5.0,793,-6.59,-5.0,-3.3,2022-23 -> 2024-25,CAVEAT: items differ across years but map to a constant competency framework. Item-level year comparisons mix learning and instrument change; competency-level comparisons are more defensible (still assume similar difficulty within competency). Prefer rankings and competency-level statements across years.
Vijayanagara,B0055 harapanahalli,C1080 madalagere,51.05,10.0,239,44.47,0.0,132,-6.58,-10.0,-3.29,2022-23 -> 2024-25,CAVEAT: items differ across years but map to a constant competency framework. Item-level year comparisons mix learning and instrument change; competency-level comparisons are more defensible (still assume similar difficulty within competency). Prefer rankings and competency-level statements across years.
Kalaburagi,B0033 chincholi,C0348 chimmanchod,40.76,5.0,315,34.18,0.0,288,-6.58,-5.0,-3.29,2022-23 -> 2024-25,CAVEAT: items differ across years but map to a constant competency framework. Item-level year comparisons mix learning and instrument change; competency-level comparisons are more defensible (still assume similar difficulty within competency). Prefer rankings and competency-level statements across years.
Gadag,B0043 gadag rural,C0714 huilagol,53.43,15.0,118,46.88,10.0,491,-6.55,-5.0,-3.28,2022-23 -> 2024-25,CAVEAT: items differ across years but map to a constant competency framework. Item-level year comparisons mix learning and instrument change; competency-level comparisons are more defensible (still assume similar difficulty within competency). Prefer rankings and competency-level statements across years.
Vijayanagara,B0084 kudligi,C0359 chirathagundu,37.28,0.0,116,30.79,0.0,296,-6.49,0.0,-3.24,2022-23 -> 2024-25,CAVEAT: items differ across years but map to a constant competency framework. Item-level year comparisons mix learning and instrument change; competency-level comparisons are more defensible (still assume similar difficulty within competency). Prefer rankings and competency-level statements across years.
Chikkaballapura,B0030 chikkaballapur,C0066 angarekanahalli,53.38,15.0,191,46.89,10.0,297,-6.49,-5.0,-3.24,2022-23 -> 2024-25,CAVEAT: items differ across years but map to a constant competency framework. Item-level year comparisons mix learning and instrument change; competency-level comparisons are more defensible (still assume similar difficulty within competency). Prefer rankings and competency-level statements across years.
Raichur,B0089 lingasugur,C1141 maraladinni,45.66,9.0,229,39.19,5.0,341,-6.47,-4.0,-3.24,2022-23 -> 2024-25,CAVEAT: items differ across years but map to a constant competency framework. Item-level year comparisons mix learning and instrument change; competency-level comparisons are more defensible (still assume similar difficulty within competency). Prefer rankings and competency-level statements across years.
Davanagere,B0038 davanagere(s),C0556 hadadi,60.59,25.0,213,54.14,15.0,414,-6.45,-10.0,-3.22,2022-23 -> 2024-25,CAVEAT: items differ across years but map to a constant competency framework. Item-level year comparisons mix learning and instrument change; competency-level comparisons are more defensible (still assume similar difficulty within competency). Prefer rankings and competency-level statements across years.
Chitradurga,B0026 challakere,C0512 gopanahalli,45.92,5.0,244,39.53,5.0,246,-6.39,0.0,-3.2,2022-23 -> 2024-25,CAVEAT: items differ across years but map to a constant competency framework. Item-level year comparisons mix learning and instrument change; competency-level comparisons are more defensible (still assume similar difficulty within competency). Prefer rankings and competency-level statements across years.
Chikkaballapura,B0030 chikkaballapur,C0316 chickballapur rural,56.67,15.0,108,50.29,15.0,244,-6.38,0.0,-3.19,2022-23 -> 2024-25,CAVEAT: items differ across years but map to a constant competency framework. Item-level year comparisons mix learning and instrument change; competency-level comparisons are more defensible (still assume similar difficulty within competency). Prefer rankings and competency-level statements across years.
Davanagere,B0062 honnali,C1465 savalanga,60.38,30.0,236,54.02,20.0,205,-6.36,-10.0,-3.18,2022-23 -> 2024-25,CAVEAT: items differ across years but map to a constant competency framework. Item-level year comparisons mix learning and instrument change; competency-level comparisons are more defensible (still assume similar difficulty within competency). Prefer rankings and competency-level statements across years.
Kodagu,B0140 virajpet,C0054 ammatti,53.61,18.0,97,47.26,15.0,62,-6.35,-3.0,-3.18,2022-23 -> 2024-25,CAVEAT: items differ across years but map to a constant competency framework. Item-level year comparisons mix learning and instrument change; competency-level comparisons are more defensible (still assume similar difficulty within competency). Prefer rankings and competency-level statements across years.
Tumakuru,B0031 chiknayakanhalli,C0167 baragur,71.02,40.0,133,64.67,30.0,122,-6.35,-10.0,-3.18,2022-23 -> 2024-25,CAVEAT: items differ across years but map to a constant competency framework. Item-level year comparisons mix learning and instrument change; competency-level comparisons are more defensible (still assume similar difficulty within competency). Prefer rankings and competency-level statements across years.
Chitradurga,B0035 chitradurga,C0331 chikkagondanahalli,54.09,10.0,405,47.74,10.0,347,-6.35,0.0,-3.18,2022-23 -> 2024-25,CAVEAT: items differ across years but map to a constant competency framework. Item-level year comparisons mix learning and instrument change; competency-level comparisons are more defensible (still assume similar difficulty within competency). Prefer rankings and competency-level statements across years.
Tumakuru,B0127 sira,C0268 brahmasandra,60.43,15.0,265,54.09,20.0,308,-6.34,5.0,-3.17,2022-23 -> 2024-25,CAVEAT: items differ across years but map to a constant competency framework. Item-level year comparisons mix learning and instrument change; competency-level comparisons are more defensible (still assume similar difficulty within competency). Prefer rankings and competency-level statements across years.
Chitradurga,B0097 molakalmur,C0112 b.g.kere,33.56,0.0,191,27.22,0.0,530,-6.34,0.0,-3.17,2022-23 -> 2024-25,CAVEAT: items differ across years but map to a constant competency framework. Item-level year comparisons mix learning and instrument change; competency-level comparisons are more defensible (still assume similar difficulty within competency). Prefer rankings and competency-level statements across years.
Vijayanagara,B0052 hagaribommanahalli,C0380 dashamapura,40.63,5.0,483,34.32,0.0,463,-6.31,-5.0,-3.16,2022-23 -> 2024-25,CAVEAT: items differ across years but map to a constant competency framework. Item-level year comparisons mix learning and instrument change; competency-level comparisons are more defensible (still assume similar difficulty within competency). Prefer rankings and competency-level statements across years.
Tumakuru,B0031 chiknayakanhalli,C1036 kuppuru,71.54,45.0,133,65.24,31.0,123,-6.3,-14.0,-3.15,2022-23 -> 2024-25,CAVEAT: items differ across years but map to a constant competency framework. Item-level year comparisons mix learning and instrument change; competency-level comparisons are more defensible (still assume similar difficulty within competency). Prefer rankings and competency-level statements across years.
Raichur,B0089 lingasugur,C0516 goudur,47.28,10.0,329,41.0,10.0,462,-6.28,0.0,-3.14,2022-23 -> 2024-25,CAVEAT: items differ across years but map to a constant competency framework. Item-level year comparisons mix learning and instrument change; competency-level comparisons are more defensible (still assume similar difficulty within competency). Prefer rankings and competency-level statements across years.
Tumakuru,B0031 chiknayakanhalli,C0480 ganadaalu,66.51,35.0,225,60.24,25.0,212,-6.27,-10.0,-3.14,2022-23 -> 2024-25,CAVEAT: items differ across years but map to a constant competency framework. Item-level year comparisons mix learning and instrument change; competency-level comparisons are more defensible (still assume similar difficulty within competency). Prefer rankings and competency-level statements across years.
Belagavi,B0045 gokak,C1098 makkalgeri,69.21,40.0,152,63.02,35.0,358,-6.19,-5.0,-3.1,2022-23 -> 2024-25,CAVEAT: items differ across years but map to a constant competency framework. Item-level year comparisons mix learning and instrument change; competency-level comparisons are more defensible (still assume similar difficulty within competency). Prefer rankings and competency-level statements across years.
Bengaluru Rural,B0042 doddaballapura,C0719 hulikunte,60.96,25.0,114,54.77,15.0,197,-6.19,-10.0,-3.1,2022-23 -> 2024-25,CAVEAT: items differ across years but map to a constant competency framework. Item-level year comparisons mix learning and instrument change; competency-level comparisons are more defensible (still assume similar difficulty within competency). Prefer rankings and competency-level statements across years.
Bidar,B0020 bidar,C1288 naubad,50.34,10.0,44,44.19,13.0,37,-6.15,3.0,-3.08,2022-23 -> 2024-25,CAVEAT: items differ across years but map to a constant competency framework. Item-level year comparisons mix learning and instrument change; competency-level comparisons are more defensible (still assume similar difficulty within competency). Prefer rankings and competency-level statements across years.
Bidar,B0019 bhalki,C0228 bhatambra,47.79,15.0,174,41.66,10.0,193,-6.13,-5.0,-3.06,2022-23 -> 2024-25,CAVEAT: items differ across years but map to a constant competency framework. Item-level year comparisons mix learning and instrument change; competency-level comparisons are more defensible (still assume similar difficulty within competency). Prefer rankings and competency-level statements across years.
Kalaburagi,B0002 aland,C1083 madanhipparga,46.33,5.0,143,40.24,0.0,189,-6.09,-5.0,-3.04,2022-23 -> 2024-25,CAVEAT: items differ across years but map to a constant competency framework. Item-level year comparisons mix learning and instrument change; competency-level comparisons are more defensible (still assume similar difficulty within competency). Prefer rankings and competency-level statements across years.
Chikkaballapura,B0010 bagepally,C1354 pathapalya,42.29,10.0,109,36.2,5.0,100,-6.09,-5.0,-3.04,2022-23 -> 2024-25,CAVEAT: items differ across years but map to a constant competency framework. Item-level year comparisons mix learning and instrument change; competency-level comparisons are more defensible (still assume similar difficulty within competency). Prefer rankings and competency-level statements across years.
Hassan,B0057 hassan,C1472 seege,65.94,35.0,101,59.88,20.0,81,-6.06,-15.0,-3.03,2022-23 -> 2024-25,CAVEAT: items differ across years but map to a constant competency framework. Item-level year comparisons mix learning and instrument change; competency-level comparisons are more defensible (still assume similar difficulty within competency). Prefer rankings and competency-level statements across years.
Chitradurga,B0035 chitradurga,C0511 gonuru,47.81,5.0,505,41.75,5.0,223,-6.06,0.0,-3.03,2022-23 -> 2024-25,CAVEAT: items differ across years but map to a constant competency framework. Item-level year comparisons mix learning and instrument change; competency-level comparisons are more defensible (still assume similar difficulty within competency). Prefer rankings and competency-level statements across years.
Tumakuru,B0137 turuvekere,C1439 sampige,67.6,37.0,75,61.55,20.0,71,-6.05,-17.0,-3.02,2022-23 -> 2024-25,CAVEAT: items differ across years but map to a constant competency framework. Item-level year comparisons mix learning and instrument change; competency-level comparisons are more defensible (still assume similar difficulty within competency). Prefer rankings and competency-level statements across years.
Chamarajanagara,B0050 gundlupet,C0340 chikkati,49.47,6.0,313,43.42,10.0,183,-6.05,4.0,-3.02,2022-23 -> 2024-25,CAVEAT: items differ across years but map to a constant competency framework. Item-level year comparisons mix learning and instrument change; competency-level comparisons are more defensible (still assume similar difficulty within competency). Prefer rankings and competency-level statements across years.
Kolar,B0079 kolar,C0824 kadahalli,57.64,18.0,87,51.6,10.5,72,-6.04,-7.5,-3.02,2022-23 -> 2024-25,CAVEAT: items differ across years but map to a constant competency framework. Item-level year comparisons mix learning and instrument change; competency-level comparisons are more defensible (still assume similar difficulty within competency). Prefer rankings and competency-level statements across years.
Dharwad,B0041 dharwad,C1120 managundi,78.2,55.0,629,72.17,40.0,796,-6.03,-15.0,-3.02,2022-23 -> 2024-25,CAVEAT: items differ across years but map to a constant competency framework. Item-level year comparisons mix learning and instrument change; competency-level comparisons are more defensible (still assume similar difficulty within competency). Prefer rankings and competency-level statements across years.
Kalaburagi,B0119 sedam,C1040 kurkunta,36.0,0.0,251,29.98,0.0,217,-6.02,0.0,-3.01,2022-23 -> 2024-25,CAVEAT: items differ across years but map to a constant competency framework. Item-level year comparisons mix learning and instrument change; competency-level comparisons are more defensible (still assume similar difficulty within competency). Prefer rankings and competency-level statements across years.
Bengaluru Rural,B0064 hosakote,C1595 thavarekere,57.62,15.0,221,51.61,16.0,93,-6.01,1.0,-3.0,2022-23 -> 2024-25,CAVEAT: items differ across years but map to a constant competency framework. Item-level year comparisons mix learning and instrument change; competency-level comparisons are more defensible (still assume similar difficulty within competency). Prefer rankings and competency-level statements across years.
Davanagere,B0028 channagiri,C1450 santhebennuru-2,56.82,25.0,88,50.82,10.0,134,-6.0,-15.0,-3.0,2022-23 -> 2024-25,CAVEAT: items differ across years but map to a constant competency framework. Item-level year comparisons mix learning and instrument change; competency-level comparisons are more defensible (still assume similar difficulty within competency). Prefer rankings and competency-level statements across years.
Kalaburagi,B0048 gulbarga north,C0858 kalmood,40.72,10.0,215,34.73,10.0,74,-5.99,0.0,-3.0,2022-23 -> 2024-25,CAVEAT: items differ across years but map to a constant competency framework. Item-level year comparisons mix learning and instrument change; competency-level comparisons are more defensible (still assume similar difficulty within competency). Prefer rankings and competency-level statements across years.
Mandya,B0103 nagamangala,C0986 koochahalli,77.89,65.0,64,71.92,40.0,91,-5.97,-25.0,-2.98,2022-23 -> 2024-25,CAVEAT: items differ across years but map to a constant competency framework. Item-level year comparisons mix learning and instrument change; competency-level comparisons are more defensible (still assume similar difficulty within competency). Prefer rankings and competency-level statements across years.
Chitradurga,B0059 hiriyur,C0620 harthikote,60.21,22.0,195,54.27,5.0,226,-5.94,-17.0,-2.97,2022-23 -> 2024-25,CAVEAT: items differ across years but map to a constant competency framework. Item-level year comparisons mix learning and instrument change; competency-level comparisons are more defensible (still assume similar difficulty within competency). Prefer rankings and competency-level statements across years.
Belagavi,B0078 khanapur,C0237 bhuranki,52.97,10.0,153,47.04,10.0,81,-5.93,0.0,-2.96,2022-23 -> 2024-25,CAVEAT: items differ across years but map to a constant competency framework. Item-level year comparisons mix learning and instrument change; competency-level comparisons are more defensible (still assume similar difficulty within competency). Prefer rankings and competency-level statements across years.
Koppal,B0088 kustagi,C0940 killarahatti,64.55,25.0,99,58.63,25.0,135,-5.92,0.0,-2.96,2022-23 -> 2024-25,CAVEAT: items differ across years but map to a constant competency framework. Item-level year comparisons mix learning and instrument change; competency-level comparisons are more defensible (still assume similar difficulty within competency). Prefer rankings and competency-level statements across years.
Chamarajanagara,B0080 kollegala,C1343 palya,58.5,30.0,207,52.59,15.0,201,-5.91,-15.0,-2.96,2022-23 -> 2024-25,CAVEAT: items differ across years but map to a constant competency framework. Item-level year comparisons mix learning and instrument change; competency-level comparisons are more defensible (still assume similar difficulty within competency). Prefer rankings and competency-level statements across years.
Vijayanagara,B0084 kudligi,C1254 nagaraja kottur,70.09,47.0,235,64.18,30.0,141,-5.91,-17.0,-2.96,2022-23 -> 2024-25,CAVEAT: items differ across years but map to a constant competency framework. Item-level year comparisons mix learning and instrument change; competency-level comparisons are more defensible (still assume similar difficulty within competency). Prefer rankings and competency-level statements across years.
Yadgir,B0141 yadgir,C1751 yergole,60.1,26.0,52,54.22,15.0,58,-5.88,-11.0,-2.94,2022-23 -> 2024-25,CAVEAT: items differ across years but map to a constant competency framework. Item-level year comparisons mix learning and instrument change; competency-level comparisons are more defensible (still assume similar difficulty within competency). Prefer rankings and competency-level statements across years.
Yadgir,B0120 shahapur,C1492 shirwal,54.31,9.5,340,48.44,0.0,254,-5.87,-9.5,-2.94,2022-23 -> 2024-25,CAVEAT: items differ across years but map to a constant competency framework. Item-level year comparisons mix learning and instrument change; competency-level comparisons are more defensible (still assume similar difficulty within competency). Prefer rankings and competency-level statements across years.
Davanagere,B0071 jagalur,C0406 devikere,37.56,2.0,295,31.7,0.0,200,-5.86,-2.0,-2.93,2022-23 -> 2024-25,CAVEAT: items differ across years but map to a constant competency framework. Item-level year comparisons mix learning and instrument change; competency-level comparisons are more defensible (still assume similar difficulty within competency). Prefer rankings and competency-level statements across years.
Bengaluru Rural,B0107 nelamangala,C0624 hasuruvalli,70.48,45.0,84,64.62,35.0,91,-5.86,-10.0,-2.93,2022-23 -> 2024-25,CAVEAT: items differ across years but map to a constant competency framework. Item-level year comparisons mix learning and instrument change; competency-level comparisons are more defensible (still assume similar difficulty within competency). Prefer rankings and competency-level statements across years.
Bidar,B0007 aurad,C1062 lingi marathi,77.14,55.0,28,71.29,50.0,66,-5.85,-5.0,-2.92,2022-23 -> 2024-25,CAVEAT: items differ across years but map to a constant competency framework. Item-level year comparisons mix learning and instrument change; competency-level comparisons are more defensible (still assume similar difficulty within competency). Prefer rankings and competency-level statements across years.
Gadag,B0043 gadag rural,C0874 kanaginahal,58.59,20.0,252,52.74,12.0,265,-5.85,-8.0,-2.92,2022-23 -> 2024-25,CAVEAT: items differ across years but map to a constant competency framework. Item-level year comparisons mix learning and instrument change; competency-level comparisons are more defensible (still assume similar difficulty within competency). Prefer rankings and competency-level statements across years.
Tumakuru,B0135 tiptur,C1253 nagaraghatta,72.7,50.0,111,66.88,36.0,93,-5.82,-14.0,-2.91,2022-23 -> 2024-25,CAVEAT: items differ across years but map to a constant competency framework. Item-level year comparisons mix learning and instrument change; competency-level comparisons are more defensible (still assume similar difficulty within competency). Prefer rankings and competency-level statements across years.
Koppal,B0143 yelburga,C0150 bandi,41.16,5.0,417,35.36,0.0,757,-5.8,-5.0,-2.9,2022-23 -> 2024-25,CAVEAT: items differ across years but map to a constant competency framework. Item-level year comparisons mix learning and instrument change; competency-level comparisons are more defensible (still assume similar difficulty within competency). Prefer rankings and competency-level statements across years.
Gadag,B0102 mundaragi,C0373 dambal,42.11,5.0,180,36.4,5.0,413,-5.71,0.0,-2.86,2022-23 -> 2024-25,CAVEAT: items differ across years but map to a constant competency framework. Item-level year comparisons mix learning and instrument change; competency-level comparisons are more defensible (still assume similar difficulty within competency). Prefer rankings and competency-level statements across years.
Haveri,B0121 shiggoan,C0162 bannur,83.05,60.0,146,77.34,55.0,218,-5.71,-5.0,-2.86,2022-23 -> 2024-25,CAVEAT: items differ across years but map to a constant competency framework. Item-level year comparisons mix learning and instrument change; competency-level comparisons are more defensible (still assume similar difficulty within competency). Prefer rankings and competency-level statements across years.
Chikkaballapura,B0124 sidlaghatta,C0785 jangamakote,63.08,25.0,177,57.38,25.0,149,-5.7,0.0,-2.85,2022-23 -> 2024-25,CAVEAT: items differ across years but map to a constant competency framework. Item-level year comparisons mix learning and instrument change; competency-level comparisons are more defensible (still assume similar difficulty within competency). Prefer rankings and competency-level statements across years.
Gadag,B0122 shirhatti,C0199 bellatti,52.47,15.0,316,46.81,10.0,447,-5.66,-5.0,-2.83,2022-23 -> 2024-25,CAVEAT: items differ across years but map to a constant competency framework. Item-level year comparisons mix learning and instrument change; competency-level comparisons are more defensible (still assume similar difficulty within competency). Prefer rankings and competency-level statements across years.
Raichur,B0089 lingasugur,C0048 amdihal,58.59,15.0,156,52.94,15.0,250,-5.65,0.0,-2.82,2022-23 -> 2024-25,CAVEAT: items differ across years but map to a constant competency framework. Item-level year comparisons mix learning and instrument change; competency-level comparisons are more defensible (still assume similar difficulty within competency). Prefer rankings and competency-level statements across years.
Bidar,B0020 bidar,C1383 rajgira,49.0,15.0,175,43.36,15.0,76,-5.64,0.0,-2.82,2022-23 -> 2024-25,CAVEAT: items differ across years but map to a constant competency framework. Item-level year comparisons mix learning and instrument change; competency-level comparisons are more defensible (still assume similar difficulty within competency). Prefer rankings and competency-level statements across years.
Bengaluru Rural,B0064 hosakote,C0852 kalkunte,61.23,13.5,118,55.62,20.5,112,-5.61,7.0,-2.8,2022-23 -> 2024-25,CAVEAT: items differ across years but map to a constant competency framework. Item-level year comparisons mix learning and instrument change; competency-level comparisons are more defensible (still assume similar difficulty within competency). Prefer rankings and competency-level statements across years.
Chikkaballapura,B0030 chikkaballapur,C1272 nandi,49.04,15.0,230,43.43,5.0,201,-5.61,-10.0,-2.8,2022-23 -> 2024-25,CAVEAT: items differ across years but map to a constant competency framework. Item-level year comparisons mix learning and instrument change; competency-level comparisons are more defensible (still assume similar difficulty within competency). Prefer rankings and competency-level statements across years.
Dharwad,B0106 navalgund,C0789 javoor,56.08,20.0,535,50.48,10.0,534,-5.6,-10.0,-2.8,2022-23 -> 2024-25,CAVEAT: items differ across years but map to a constant competency framework. Item-level year comparisons mix learning and instrument change; competency-level comparisons are more defensible (still assume similar difficulty within competency). Prefer rankings and competency-level statements across years.
Raichur,B0096 manvi,C1037 kurdi,44.04,10.0,209,38.45,10.0,317,-5.59,0.0,-2.8,2022-23 -> 2024-25,CAVEAT: items differ across years but map to a constant competency framework. Item-level year comparisons mix learning and instrument change; competency-level comparisons are more defensible (still assume similar difficulty within competency). Prefer rankings and competency-level statements across years.
Kalaburagi,B0033 chincholi,C1474 shadipur,45.59,10.0,110,40.0,10.0,82,-5.59,0.0,-2.8,2022-23 -> 2024-25,CAVEAT: items differ across years but map to a constant competency framework. Item-level year comparisons mix learning and instrument change; competency-level comparisons are more defensible (still assume similar difficulty within competency). Prefer rankings and competency-level statements across years.
Kodagu,B0129 somavarpet,C1547 suntikoppa,75.0,46.5,224,69.42,35.0,139,-5.58,-11.5,-2.79,2022-23 -> 2024-25,CAVEAT: items differ across years but map to a constant competency framework. Item-level year comparisons mix learning and instrument change; competency-level comparisons are more defensible (still assume similar difficulty within competency). Prefer rankings and competency-level statements across years.
Vijayanagara,B0084 kudligi,C0322 chikka jogi halli,40.12,5.0,83,34.54,0.0,294,-5.58,-5.0,-2.79,2022-23 -> 2024-25,CAVEAT: items differ across years but map to a constant competency framework. Item-level year comparisons mix learning and instrument change; competency-level comparisons are more defensible (still assume similar difficulty within competency). Prefer rankings and competency-level statements across years.
Bidar,B0019 bhalki,C1195 morambi,55.31,25.0,65,49.73,6.0,93,-5.58,-19.0,-2.79,2022-23 -> 2024-25,CAVEAT: items differ across years but map to a constant competency framework. Item-level year comparisons mix learning and instrument change; competency-level comparisons are more defensible (still assume similar difficulty within competency). Prefer rankings and competency-level statements across years.
Kodagu,B0140 virajpet,C1555 t. shettigeri,41.43,5.0,161,35.86,5.0,93,-5.57,0.0,-2.78,2022-23 -> 2024-25,CAVEAT: items differ across years but map to a constant competency framework. Item-level year comparisons mix learning and instrument change; competency-level comparisons are more defensible (still assume similar difficulty within competency). Prefer rankings and competency-level statements across years.
Bidar,B0068 humnabad,C1317 nirna,42.22,5.0,320,36.67,0.0,96,-5.55,-5.0,-2.78,2022-23 -> 2024-25,CAVEAT: items differ across years but map to a constant competency framework. Item-level year comparisons mix learning and instrument change; competency-level comparisons are more defensible (still assume similar difficulty within competency). Prefer rankings and competency-level statements across years.
Bengaluru Rural,B0107 nelamangala,C0695 honnenahalli,58.98,20.5,132,53.44,20.0,112,-5.54,-0.5,-2.77,2022-23 -> 2024-25,CAVEAT: items differ across years but map to a constant competency framework. Item-level year comparisons mix learning and instrument change; competency-level comparisons are more defensible (still assume similar difficulty within competency). Prefer rankings and competency-level statements across years.
Tumakuru,B0046 gubbi,C0196 belavatha,81.07,65.0,70,75.54,40.0,167,-5.53,-25.0,-2.76,2022-23 -> 2024-25,CAVEAT: items differ across years but map to a constant competency framework. Item-level year comparisons mix learning and instrument change; competency-level comparisons are more defensible (still assume similar difficulty within competency). Prefer rankings and competency-level statements across years.
Gadag,B0102 mundaragi,C1361 petalur,58.76,22.0,245,53.29,14.5,400,-5.47,-7.5,-2.74,2022-23 -> 2024-25,CAVEAT: items differ across years but map to a constant competency framework. Item-level year comparisons mix learning and instrument change; competency-level comparisons are more defensible (still assume similar difficulty within competency). Prefer rankings and competency-level statements across years.
Tumakuru,B0031 chiknayakanhalli,C1067 m mantapa,86.64,67.5,76,81.2,62.5,46,-5.44,-5.0,-2.72,2022-23 -> 2024-25,CAVEAT: items differ across years but map to a constant competency framework. Item-level year comparisons mix learning and instrument change; competency-level comparisons are more defensible (still assume similar difficulty within competency). Prefer rankings and competency-level statements across years.
Chamarajanagara,B0054 hanur,C1006 kowdalli,53.55,20.0,352,48.12,15.0,252,-5.43,-5.0,-2.72,2022-23 -> 2024-25,CAVEAT: items differ across years but map to a constant competency framework. Item-level year comparisons mix learning and instrument change; competency-level comparisons are more defensible (still assume similar difficulty within competency). Prefer rankings and competency-level statements across years.
Chitradurga,B0060 holalkere,C1573 talya,49.61,6.0,103,44.18,8.0,147,-5.43,2.0,-2.72,2022-23 -> 2024-25,CAVEAT: items differ across years but map to a constant competency framework. Item-level year comparisons mix learning and instrument change; competency-level comparisons are more defensible (still assume similar difficulty within competency). Prefer rankings and competency-level statements across years.
Dharwad,B0076 kalghatagi,C0487 ganjigatti,55.58,15.0,449,50.17,15.0,386,-5.41,0.0,-2.7,2022-23 -> 2024-25,CAVEAT: items differ across years but map to a constant competency framework. Item-level year comparisons mix learning and instrument change; competency-level comparisons are more defensible (still assume similar difficulty within competency). Prefer rankings and competency-level statements across years.
Bengaluru Rural,B0040 devanahalli,C1693 venkatagirikote,86.62,70.0,148,81.23,60.0,162,-5.39,-10.0,-2.7,2022-23 -> 2024-25,CAVEAT: items differ across years but map to a constant competency framework. Item-level year comparisons mix learning and instrument change; competency-level comparisons are more defensible (still assume similar difficulty within competency). Prefer rankings and competency-level statements across years.
Chitradurga,B0059 hiriyur,C0616 hariyebbe,49.24,10.0,302,43.85,5.0,330,-5.39,-5.0,-2.7,2022-23 -> 2024-25,CAVEAT: items differ across years but map to a constant competency framework. Item-level year comparisons mix learning and instrument change; competency-level comparisons are more defensible (still assume similar difficulty within competency). Prefer rankings and competency-level statements across years.
Vijayanagara,B0055 harapanahalli,C0869 kammathahalli,42.54,0.0,118,37.16,0.0,169,-5.38,0.0,-2.69,2022-23 -> 2024-25,CAVEAT: items differ across years but map to a constant competency framework. Item-level year comparisons mix learning and instrument change; competency-level comparisons are more defensible (still assume similar difficulty within competency). Prefer rankings and competency-level statements across years.
Chitradurga,B0063 hosadurga,C1421 s.neralakere,65.33,21.0,123,60.0,16.0,103,-5.33,-5.0,-2.66,2022-23 -> 2024-25,CAVEAT: items differ across years but map to a constant competency framework. Item-level year comparisons mix learning and instrument change; competency-level comparisons are more defensible (still assume similar difficulty within competency). Prefer rankings and competency-level statements across years.
Kolar,B0079 kolar,C0184 beglihosahalli,60.69,21.5,94,55.37,15.0,174,-5.32,-6.5,-2.66,2022-23 -> 2024-25,CAVEAT: items differ across years but map to a constant competency framework. Item-level year comparisons mix learning and instrument change; competency-level comparisons are more defensible (still assume similar difficulty within competency). Prefer rankings and competency-level statements across years.
Hassan,B0004 arakalagudu,C0597 handrangi,67.72,39.0,79,62.41,15.0,54,-5.31,-24.0,-2.66,2022-23 -> 2024-25,CAVEAT: items differ across years but map to a constant competency framework. Item-level year comparisons mix learning and instrument change; competency-level comparisons are more defensible (still assume similar difficulty within competency). Prefer rankings and competency-level statements across years.
Bengaluru Rural,B0107 nelamangala,C0087 arasinakunte,64.35,35.0,84,59.05,21.5,84,-5.3,-13.5,-2.65,2022-23 -> 2024-25,CAVEAT: items differ across years but map to a constant competency framework. Item-level year comparisons mix learning and instrument change; competency-level comparisons are more defensible (still assume similar difficulty within competency). Prefer rankings and competency-level statements across years.
Davanagere,B0028 channagiri,C1595 thavarekere,46.44,5.0,73,41.15,5.0,131,-5.29,0.0,-2.64,2022-23 -> 2024-25,CAVEAT: items differ across years but map to a constant competency framework. Item-level year comparisons mix learning and instrument change; competency-level comparisons are more defensible (still assume similar difficulty within competency). Prefer rankings and competency-level statements across years.
Raichur,B0111 raichur,C0741 idapanur,59.13,20.0,473,53.85,10.0,502,-5.28,-10.0,-2.64,2022-23 -> 2024-25,CAVEAT: items differ across years but map to a constant competency framework. Item-level year comparisons mix learning and instrument change; competency-level comparisons are more defensible (still assume similar difficulty within competency). Prefer rankings and competency-level statements across years.
Chikkaballapura,B0010 bagepally,C0395 devaragudipalli,56.38,15.0,156,51.1,11.0,163,-5.28,-4.0,-2.64,2022-23 -> 2024-25,CAVEAT: items differ across years but map to a constant competency framework. Item-level year comparisons mix learning and instrument change; competency-level comparisons are more defensible (still assume similar difficulty within competency). Prefer rankings and competency-level statements across years.
Davanagere,B0062 honnali,C0520 govinakovi,55.45,15.0,89,50.18,10.0,396,-5.27,-5.0,-2.64,2022-23 -> 2024-25,CAVEAT: items differ across years but map to a constant competency framework. Item-level year comparisons mix learning and instrument change; competency-level comparisons are more defensible (still assume similar difficulty within competency). Prefer rankings and competency-level statements across years.
Vijayanagara,B0084 kudligi,C0699 hosa halli,51.57,10.0,318,46.31,5.0,370,-5.26,-5.0,-2.63,2022-23 -> 2024-25,CAVEAT: items differ across years but map to a constant competency framework. Item-level year comparisons mix learning and instrument change; competency-level comparisons are more defensible (still assume similar difficulty within competency). Prefer rankings and competency-level statements across years.
Yadgir,B0123 shorapur,C0402 devatkal,51.42,10.0,310,46.16,10.0,461,-5.26,0.0,-2.63,2022-23 -> 2024-25,CAVEAT: items differ across years but map to a constant competency framework. Item-level year comparisons mix learning and instrument change; competency-level comparisons are more defensible (still assume similar difficulty within competency). Prefer rankings and competency-level statements across years.
Tumakuru,B0031 chiknayakanhalli,C0435 doddennegere,61.69,25.0,172,56.45,10.0,204,-5.24,-15.0,-2.62,2022-23 -> 2024-25,CAVEAT: items differ across years but map to a constant competency framework. Item-level year comparisons mix learning and instrument change; competency-level comparisons are more defensible (still assume similar difficulty within competency). Prefer rankings and competency-level statements across years.
Raichur,B0089 lingasugur,C1257 nagarhal,53.17,10.0,450,47.97,12.5,246,-5.2,2.5,-2.6,2022-23 -> 2024-25,CAVEAT: items differ across years but map to a constant competency framework. Item-level year comparisons mix learning and instrument change; competency-level comparisons are more defensible (still assume similar difficulty within competency). Prefer rankings and competency-level statements across years.
Yadgir,B0141 yadgir,C0885 kandakoor,43.4,5.0,290,38.21,5.0,274,-5.19,0.0,-2.6,2022-23 -> 2024-25,CAVEAT: items differ across years but map to a constant competency framework. Item-level year comparisons mix learning and instrument change; competency-level comparisons are more defensible (still assume similar difficulty within competency). Prefer rankings and competency-level statements across years.
Kalaburagi,B0036 chittapur,C0993 korwar,32.73,0.0,319,27.54,0.0,242,-5.19,0.0,-2.6,2022-23 -> 2024-25,CAVEAT: items differ across years but map to a constant competency framework. Item-level year comparisons mix learning and instrument change; competency-level comparisons are more defensible (still assume similar difficulty within competency). Prefer rankings and competency-level statements across years.
Chitradurga,B0097 molakalmur,C0979 konasagara,45.8,5.0,619,40.62,5.0,741,-5.18,0.0,-2.59,2022-23 -> 2024-25,CAVEAT: items differ across years but map to a constant competency framework. Item-level year comparisons mix learning and instrument change; competency-level comparisons are more defensible (still assume similar difficulty within competency). Prefer rankings and competency-level statements across years.
Kalaburagi,B0002 aland,C1559 tadakal,41.98,10.0,172,36.82,9.0,99,-5.16,-1.0,-2.58,2022-23 -> 2024-25,CAVEAT: items differ across years but map to a constant competency framework. Item-level year comparisons mix learning and instrument change; competency-level comparisons are more defensible (still assume similar difficulty within competency). Prefer rankings and competency-level statements across years.
Raichur,B0111 raichur,C0844 kalamala,50.26,13.5,78,45.16,15.0,186,-5.1,1.5,-2.55,2022-23 -> 2024-25,CAVEAT: items differ across years but map to a constant competency framework. Item-level year comparisons mix learning and instrument change; competency-level comparisons are more defensible (still assume similar difficulty within competency). Prefer rankings and competency-level statements across years.
Tumakuru,B0127 sira,C0422 doddaagrahara,52.06,10.0,223,46.98,10.0,315,-5.08,0.0,-2.54,2022-23 -> 2024-25,CAVEAT: items differ across years but map to a constant competency framework. Item-level year comparisons mix learning and instrument change; competency-level comparisons are more defensible (still assume similar difficulty within competency). Prefer rankings and competency-level statements across years.
Kolar,B0094 malur,C1052 lakkur,57.27,20.0,99,52.28,20.0,182,-4.99,0.0,-2.49,2022-23 -> 2024-25,CAVEAT: items differ across years but map to a constant competency framework. Item-level year comparisons mix learning and instrument change; competency-level comparisons are more defensible (still assume similar difficulty within competency). Prefer rankings and competency-level statements across years.
Yadgir,B0120 shahapur,C1425 sagar,46.23,15.0,159,41.31,10.0,202,-4.92,-5.0,-2.46,2022-23 -> 2024-25,CAVEAT: items differ across years but map to a constant competency framework. Item-level year comparisons mix learning and instrument change; competency-level comparisons are more defensible (still assume similar difficulty within competency). Prefer rankings and competency-level statements across years.
Raichur,B0039 devadurga,C0481 ganadal,45.14,5.0,141,40.25,10.0,281,-4.89,5.0,-2.44,2022-23 -> 2024-25,CAVEAT: items differ across years but map to a constant competency framework. Item-level year comparisons mix learning and instrument change; competency-level comparisons are more defensible (still assume similar difficulty within competency). Prefer rankings and competency-level statements across years.
Chitradurga,B0035 chitradurga,C0964 kolahal,33.93,0.0,415,29.05,0.0,184,-4.88,0.0,-2.44,2022-23 -> 2024-25,CAVEAT: items differ across years but map to a constant competency framework. Item-level year comparisons mix learning and instrument change; competency-level comparisons are more defensible (still assume similar difficulty within competency). Prefer rankings and competency-level statements across years.
Bidar,B0068 humnabad,C0208 benchincholi,45.14,5.0,183,40.29,10.0,208,-4.85,5.0,-2.42,2022-23 -> 2024-25,CAVEAT: items differ across years but map to a constant competency framework. Item-level year comparisons mix learning and instrument change; competency-level comparisons are more defensible (still assume similar difficulty within competency). Prefer rankings and competency-level statements across years.
Tumakuru,B0031 chiknayakanhalli,C0594 handanakere,62.15,24.0,79,57.34,25.0,160,-4.81,1.0,-2.4,2022-23 -> 2024-25,CAVEAT: items differ across years but map to a constant competency framework. Item-level year comparisons mix learning and instrument change; competency-level comparisons are more defensible (still assume similar difficulty within competency). Prefer rankings and competency-level statements across years.
Davanagere,B0056 harihara,C0201 belludi,62.64,27.0,165,57.84,20.0,358,-4.8,-7.0,-2.4,2022-23 -> 2024-25,CAVEAT: items differ across years but map to a constant competency framework. Item-level year comparisons mix learning and instrument change; competency-level comparisons are more defensible (still assume similar difficulty within competency). Prefer rankings and competency-level statements across years.
Chitradurga,B0026 challakere,C1567 talaku,49.5,5.0,231,44.72,10.0,197,-4.78,5.0,-2.39,2022-23 -> 2024-25,CAVEAT: items differ across years but map to a constant competency framework. Item-level year comparisons mix learning and instrument change; competency-level comparisons are more defensible (still assume similar difficulty within competency). Prefer rankings and competency-level statements across years.
Kolar,B0131 srinivasapur,C0014 addagal,60.93,15.0,91,56.18,20.0,93,-4.75,5.0,-2.38,2022-23 -> 2024-25,CAVEAT: items differ across years but map to a constant competency framework. Item-level year comparisons mix learning and instrument change; competency-level comparisons are more defensible (still assume similar difficulty within competency). Prefer rankings and competency-level statements across years.
Vijayanagara,B0052 hagaribommanahalli,C0552 h.b. halli,44.34,5.0,372,39.63,5.0,254,-4.71,0.0,-2.36,2022-23 -> 2024-25,CAVEAT: items differ across years but map to a constant competency framework. Item-level year comparisons mix learning and instrument change; competency-level comparisons are more defensible (still assume similar difficulty within competency). Prefer rankings and competency-level statements across years.
Tumakuru,B0127 sira,C1400 ratnasandra,57.69,20.0,173,52.98,15.0,114,-4.71,-5.0,-2.36,2022-23 -> 2024-25,CAVEAT: items differ across years but map to a constant competency framework. Item-level year comparisons mix learning and instrument change; competency-level comparisons are more defensible (still assume similar difficulty within competency). Prefer rankings and competency-level statements across years.
Tumakuru,B0127 sira,C0420 dodda hulikunte,57.06,30.0,80,52.47,20.0,99,-4.59,-10.0,-2.3,2022-23 -> 2024-25,CAVEAT: items differ across years but map to a constant competency framework. Item-level year comparisons mix learning and instrument change; competency-level comparisons are more defensible (still assume similar difficulty within competency). Prefer rankings and competency-level statements across years.
Tumakuru,B0135 tiptur,C0252 biligere,69.48,43.5,48,64.91,25.0,225,-4.57,-18.5,-2.29,2022-23 -> 2024-25,CAVEAT: items differ across years but map to a constant competency framework. Item-level year comparisons mix learning and instrument change; competency-level comparisons are more defensible (still assume similar difficulty within competency). Prefer rankings and competency-level statements across years.
Raichur,B0126 sindhanur,C0777 jalihal,43.19,5.0,472,38.7,5.0,447,-4.49,0.0,-2.24,2022-23 -> 2024-25,CAVEAT: items differ across years but map to a constant competency framework. Item-level year comparisons mix learning and instrument change; competency-level comparisons are more defensible (still assume similar difficulty within competency). Prefer rankings and competency-level statements across years.
Tumakuru,B0087 kunigal,C1638 ujjani,71.09,45.0,87,66.62,35.0,74,-4.47,-10.0,-2.23,2022-23 -> 2024-25,CAVEAT: items differ across years but map to a constant competency framework. Item-level year comparisons mix learning and instrument change; competency-level comparisons are more defensible (still assume similar difficulty within competency). Prefer rankings and competency-level statements across years.
Bengaluru Rural,B0040 devanahalli,C0961 koira,88.06,68.0,147,83.59,60.0,124,-4.47,-8.0,-2.23,2022-23 -> 2024-25,CAVEAT: items differ across years but map to a constant competency framework. Item-level year comparisons mix learning and instrument change; competency-level comparisons are more defensible (still assume similar difficulty within competency). Prefer rankings and competency-level statements across years.
Koppal,B0081 koppal,C0751 irakalagada,48.78,15.0,450,44.37,10.0,277,-4.41,-5.0,-2.2,2022-23 -> 2024-25,CAVEAT: items differ across years but map to a constant competency framework. Item-level year comparisons mix learning and instrument change; competency-level comparisons are more defensible (still assume similar difficulty within competency). Prefer rankings and competency-level statements across years.
Chitradurga,B0097 molakalmur,C1574 tammenahalli,27.88,0.0,404,23.47,0.0,445,-4.41,0.0,-2.2,2022-23 -> 2024-25,CAVEAT: items differ across years but map to a constant competency framework. Item-level year comparisons mix learning and instrument change; competency-level comparisons are more defensible (still assume similar difficulty within competency). Prefer rankings and competency-level statements across years.
Mandya,B0103 nagamangala,C0267 brahmadevara hally,65.76,35.0,118,61.35,25.0,111,-4.41,-10.0,-2.2,2022-23 -> 2024-25,CAVEAT: items differ across years but map to a constant competency framework. Item-level year comparisons mix learning and instrument change; competency-level comparisons are more defensible (still assume similar difficulty within competency). Prefer rankings and competency-level statements across years.
Tumakuru,B0127 sira,C1093 magodu,62.79,25.0,147,58.39,20.0,196,-4.4,-5.0,-2.2,2022-23 -> 2024-25,CAVEAT: items differ across years but map to a constant competency framework. Item-level year comparisons mix learning and instrument change; competency-level comparisons are more defensible (still assume similar difficulty within competency). Prefer rankings and competency-level statements across years.
Chitradurga,B0063 hosadurga,C1481 sheeranakatte,40.07,5.0,206,35.68,5.0,213,-4.39,0.0,-2.2,2022-23 -> 2024-25,CAVEAT: items differ across years but map to a constant competency framework. Item-level year comparisons mix learning and instrument change; competency-level comparisons are more defensible (still assume similar difficulty within competency). Prefer rankings and competency-level statements across years.
Chitradurga,B0035 chitradurga,C0505 godabanahal,47.92,10.0,339,43.63,5.0,335,-4.29,-5.0,-2.14,2022-23 -> 2024-25,CAVEAT: items differ across years but map to a constant competency framework. Item-level year comparisons mix learning and instrument change; competency-level comparisons are more defensible (still assume similar difficulty within competency). Prefer rankings and competency-level statements across years.
Chamarajanagara,B0142 yelandur,C2377 maddur,64.46,35.0,156,60.2,30.0,201,-4.26,-5.0,-2.13,2022-23 -> 2024-25,CAVEAT: items differ across years but map to a constant competency framework. Item-level year comparisons mix learning and instrument change; competency-level comparisons are more defensible (still assume similar difficulty within competency). Prefer rankings and competency-level statements across years.
Kolar,B0094 malur,C1015 kudiyanur,59.58,20.0,296,55.33,20.0,224,-4.25,0.0,-2.12,2022-23 -> 2024-25,CAVEAT: items differ across years but map to a constant competency framework. Item-level year comparisons mix learning and instrument change; competency-level comparisons are more defensible (still assume similar difficulty within competency). Prefer rankings and competency-level statements across years.
Hassan,B0061 holenarasipura,C0573 halekote,58.98,11.5,54,54.78,20.0,115,-4.2,8.5,-2.1,2022-23 -> 2024-25,CAVEAT: items differ across years but map to a constant competency framework. Item-level year comparisons mix learning and instrument change; competency-level comparisons are more defensible (still assume similar difficulty within competency). Prefer rankings and competency-level statements across years.
Raichur,B0126 sindhanur,C1599 thidigol,61.83,25.0,172,57.64,20.0,74,-4.19,-5.0,-2.1,2022-23 -> 2024-25,CAVEAT: items differ across years but map to a constant competency framework. Item-level year comparisons mix learning and instrument change; competency-level comparisons are more defensible (still assume similar difficulty within competency). Prefer rankings and competency-level statements across years.
Chitradurga,B0035 chitradurga,C0853 kallahalli,46.4,10.0,172,42.22,0.0,180,-4.18,-10.0,-2.09,2022-23 -> 2024-25,CAVEAT: items differ across years but map to a constant competency framework. Item-level year comparisons mix learning and instrument change; competency-level comparisons are more defensible (still assume similar difficulty within competency). Prefer rankings and competency-level statements across years.
Bidar,B0015 basavakalyan,C0960 kohinoor,41.83,10.0,145,37.66,10.0,141,-4.17,0.0,-2.08,2022-23 -> 2024-25,CAVEAT: items differ across years but map to a constant competency framework. Item-level year comparisons mix learning and instrument change; competency-level comparisons are more defensible (still assume similar difficulty within competency). Prefer rankings and competency-level statements across years.
Dharwad,B0066 hubli,C1137 mantur,73.12,45.0,296,68.96,30.0,384,-4.16,-15.0,-2.08,2022-23 -> 2024-25,CAVEAT: items differ across years but map to a constant competency framework. Item-level year comparisons mix learning and instrument change; competency-level comparisons are more defensible (still assume similar difficulty within competency). Prefer rankings and competency-level statements across years.
Ramanagara,B0112 ramanagara,C0615 harisandra,82.59,64.0,29,78.45,45.0,148,-4.14,-19.0,-2.07,2022-23 -> 2024-25,CAVEAT: items differ across years but map to a constant competency framework. Item-level year comparisons mix learning and instrument change; competency-level comparisons are more defensible (still assume similar difficulty within competency). Prefer rankings and competency-level statements across years.
Yadgir,B0120 shahapur,C1640 ukkinal,50.21,15.0,95,46.08,6.0,83,-4.13,-9.0,-2.06,2022-23 -> 2024-25,CAVEAT: items differ across years but map to a constant competency framework. Item-level year comparisons mix learning and instrument change; competency-level comparisons are more defensible (still assume similar difficulty within competency). Prefer rankings and competency-level statements across years.
Bengaluru Rural,B0107 nelamangala,C1024 kuluvanahalli,66.59,45.0,126,62.46,25.0,67,-4.13,-20.0,-2.06,2022-23 -> 2024-25,CAVEAT: items differ across years but map to a constant competency framework. Item-level year comparisons mix learning and instrument change; competency-level comparisons are more defensible (still assume similar difficulty within competency). Prefer rankings and competency-level statements across years.
Kolar,B0131 srinivasapur,C1741 yeldur,57.25,15.0,122,53.13,5.0,75,-4.12,-10.0,-2.06,2022-23 -> 2024-25,CAVEAT: items differ across years but map to a constant competency framework. Item-level year comparisons mix learning and instrument change; competency-level comparisons are more defensible (still assume similar difficulty within competency). Prefer rankings and competency-level statements across years.
Tumakuru,B0046 gubbi,C0035 alilughatta,88.59,75.0,245,84.48,65.0,87,-4.11,-10.0,-2.06,2022-23 -> 2024-25,CAVEAT: items differ across years but map to a constant competency framework. Item-level year comparisons mix learning and instrument change; competency-level comparisons are more defensible (still assume similar difficulty within competency). Prefer rankings and competency-level statements across years.
Haveri,B0053 hanagal,C2691 tilavalli,69.57,40.0,141,65.48,25.0,320,-4.09,-15.0,-2.04,2022-23 -> 2024-25,CAVEAT: items differ across years but map to a constant competency framework. Item-level year comparisons mix learning and instrument change; competency-level comparisons are more defensible (still assume similar difficulty within competency). Prefer rankings and competency-level statements across years.
Bidar,B0019 bhalki,C0860 kalwadi,43.95,10.0,57,39.9,9.5,100,-4.05,-0.5,-2.03,2022-23 -> 2024-25,CAVEAT: items differ across years but map to a constant competency framework. Item-level year comparisons mix learning and instrument change; competency-level comparisons are more defensible (still assume similar difficulty within competency). Prefer rankings and competency-level statements across years.
Vijayanagara,B0084 kudligi,C0736 hurlihal,37.02,5.0,300,33.03,0.0,155,-3.99,-5.0,-2.0,2022-23 -> 2024-25,CAVEAT: items differ across years but map to a constant competency framework. Item-level year comparisons mix learning and instrument change; competency-level comparisons are more defensible (still assume similar difficulty within competency). Prefer rankings and competency-level statements across years.
Raichur,B0126 sindhanur,C0702 hosahalli (ej),53.69,20.0,249,49.72,15.0,141,-3.97,-5.0,-1.98,2022-23 -> 2024-25,CAVEAT: items differ across years but map to a constant competency framework. Item-level year comparisons mix learning and instrument change; competency-level comparisons are more defensible (still assume similar difficulty within competency). Prefer rankings and competency-level statements across years.
Tumakuru,B0136 tumkur,C0138 ballagere,72.6,50.0,121,68.67,50.0,109,-3.93,0.0,-1.96,2022-23 -> 2024-25,CAVEAT: items differ across years but map to a constant competency framework. Item-level year comparisons mix learning and instrument change; competency-level comparisons are more defensible (still assume similar difficulty within competency). Prefer rankings and competency-level statements across years.
Tumakuru,B0046 gubbi,C0560 hagalavadi,80.39,55.0,114,76.46,45.0,264,-3.93,-10.0,-1.96,2022-23 -> 2024-25,CAVEAT: items differ across years but map to a constant competency framework. Item-level year comparisons mix learning and instrument change; competency-level comparisons are more defensible (still assume similar difficulty within competency). Prefer rankings and competency-level statements across years.
Raichur,B0039 devadurga,C1249 nagadadinni,38.66,5.0,422,34.75,4.5,200,-3.91,-0.5,-1.96,2022-23 -> 2024-25,CAVEAT: items differ across years but map to a constant competency framework. Item-level year comparisons mix learning and instrument change; competency-level comparisons are more defensible (still assume similar difficulty within competency). Prefer rankings and competency-level statements across years.
Dharwad,B0106 navalgund,C1267 nalavadi,66.07,30.0,359,62.17,30.0,113,-3.9,0.0,-1.95,2022-23 -> 2024-25,CAVEAT: items differ across years but map to a constant competency framework. Item-level year comparisons mix learning and instrument change; competency-level comparisons are more defensible (still assume similar difficulty within competency). Prefer rankings and competency-level statements across years.
Gadag,B0043 gadag rural,C0332 chikkahandigol,56.49,10.0,252,52.6,15.0,288,-3.89,5.0,-1.94,2022-23 -> 2024-25,CAVEAT: items differ across years but map to a constant competency framework. Item-level year comparisons mix learning and instrument change; competency-level comparisons are more defensible (still assume similar difficulty within competency). Prefer rankings and competency-level statements across years.
Tumakuru,B0046 gubbi,C0819 kadaba,61.71,26.5,114,57.82,15.0,193,-3.89,-11.5,-1.94,2022-23 -> 2024-25,CAVEAT: items differ across years but map to a constant competency framework. Item-level year comparisons mix learning and instrument change; competency-level comparisons are more defensible (still assume similar difficulty within competency). Prefer rankings and competency-level statements across years.
Yadgir,B0120 shahapur,C0306 chatnalli,47.18,10.0,252,43.31,10.0,266,-3.87,0.0,-1.94,2022-23 -> 2024-25,CAVEAT: items differ across years but map to a constant competency framework. Item-level year comparisons mix learning and instrument change; competency-level comparisons are more defensible (still assume similar difficulty within competency). Prefer rankings and competency-level statements across years.
Chikkaballapura,B0124 sidlaghatta,C0753 irgappanahalli,60.72,15.0,125,56.88,15.0,109,-3.84,0.0,-1.92,2022-23 -> 2024-25,CAVEAT: items differ across years but map to a constant competency framework. Item-level year comparisons mix learning and instrument change; competency-level comparisons are more defensible (still assume similar difficulty within competency). Prefer rankings and competency-level statements across years.
Ballari,B0012 ballari east,C0374 dammur,44.07,5.0,409,40.25,5.0,448,-3.82,0.0,-1.91,2022-23 -> 2024-25,CAVEAT: items differ across years but map to a constant competency framework. Item-level year comparisons mix learning and instrument change; competency-level comparisons are more defensible (still assume similar difficulty within competency). Prefer rankings and competency-level statements across years.
Tumakuru,B0046 gubbi,C0740 idagur,87.57,70.0,134,83.76,62.0,125,-3.81,-8.0,-1.9,2022-23 -> 2024-25,CAVEAT: items differ across years but map to a constant competency framework. Item-level year comparisons mix learning and instrument change; competency-level comparisons are more defensible (still assume similar difficulty within competency). Prefer rankings and competency-level statements across years.
Chitradurga,B0060 holalkere,C0060 andanuru,47.88,5.0,125,44.09,2.0,115,-3.79,-3.0,-1.9,2022-23 -> 2024-25,CAVEAT: items differ across years but map to a constant competency framework. Item-level year comparisons mix learning and instrument change; competency-level comparisons are more defensible (still assume similar difficulty within competency). Prefer rankings and competency-level statements across years.
Bengaluru Rural,B0064 hosakote,C1216 mugabala,57.76,17.5,116,54.0,15.0,135,-3.76,-2.5,-1.88,2022-23 -> 2024-25,CAVEAT: items differ across years but map to a constant competency framework. Item-level year comparisons mix learning and instrument change; competency-level comparisons are more defensible (still assume similar difficulty within competency). Prefer rankings and competency-level statements across years.
Kolar,B0094 malur,C1159 masthi,58.31,20.0,254,54.55,15.0,198,-3.76,-5.0,-1.88,2022-23 -> 2024-25,CAVEAT: items differ across years but map to a constant competency framework. Item-level year comparisons mix learning and instrument change; competency-level comparisons are more defensible (still assume similar difficulty within competency). Prefer rankings and competency-level statements across years.
Kalaburagi,B0073 jewargi,C1704 wadgera,43.27,5.0,329,39.51,0.0,354,-3.76,-5.0,-1.88,2022-23 -> 2024-25,CAVEAT: items differ across years but map to a constant competency framework. Item-level year comparisons mix learning and instrument change; competency-level comparisons are more defensible (still assume similar difficulty within competency). Prefer rankings and competency-level statements across years.
Chamarajanagara,B0027 chamarajanagar,C0293 chamarajanagar-1v,53.73,20.0,153,49.97,11.5,184,-3.76,-8.5,-1.88,2022-23 -> 2024-25,CAVEAT: items differ across years but map to a constant competency framework. Item-level year comparisons mix learning and instrument change; competency-level comparisons are more defensible (still assume similar difficulty within competency). Prefer rankings and competency-level statements across years.
Bidar,B0020 bidar,C0124 bagdal,24.09,0.0,138,20.33,0.0,182,-3.76,0.0,-1.88,2022-23 -> 2024-25,CAVEAT: items differ across years but map to a constant competency framework. Item-level year comparisons mix learning and instrument change; competency-level comparisons are more defensible (still assume similar difficulty within competency). Prefer rankings and competency-level statements across years.
Kalaburagi,B0033 chincholi,C1433 salagar basantpur,39.66,5.0,131,35.92,0.0,147,-3.74,-5.0,-1.87,2022-23 -> 2024-25,CAVEAT: items differ across years but map to a constant competency framework. Item-level year comparisons mix learning and instrument change; competency-level comparisons are more defensible (still assume similar difficulty within competency). Prefer rankings and competency-level statements across years.
Kalaburagi,B0119 sedam,C0010 adaki,40.82,5.0,164,37.1,5.0,248,-3.72,0.0,-1.86,2022-23 -> 2024-25,CAVEAT: items differ across years but map to a constant competency framework. Item-level year comparisons mix learning and instrument change; competency-level comparisons are more defensible (still assume similar difficulty within competency). Prefer rankings and competency-level statements across years.
Koppal,B0044 gangavathi,C1144 marali,42.41,5.0,218,38.71,10.0,225,-3.7,5.0,-1.85,2022-23 -> 2024-25,CAVEAT: items differ across years but map to a constant competency framework. Item-level year comparisons mix learning and instrument change; competency-level comparisons are more defensible (still assume similar difficulty within competency). Prefer rankings and competency-level statements across years.
Yadgir,B0123 shorapur,C1616 tinthani,44.63,15.0,176,40.94,15.0,310,-3.69,0.0,-1.84,2022-23 -> 2024-25,CAVEAT: items differ across years but map to a constant competency framework. Item-level year comparisons mix learning and instrument change; competency-level comparisons are more defensible (still assume similar difficulty within competency). Prefer rankings and competency-level statements across years.
Bidar,B0068 humnabad,C1131 manna-ekhelli,37.39,5.0,209,33.71,0.0,163,-3.68,-5.0,-1.84,2022-23 -> 2024-25,CAVEAT: items differ across years but map to a constant competency framework. Item-level year comparisons mix learning and instrument change; competency-level comparisons are more defensible (still assume similar difficulty within competency). Prefer rankings and competency-level statements across years.
Kalaburagi,B0033 chincholi,C0902 karchkhed,33.97,0.0,151,30.3,0.0,117,-3.67,0.0,-1.84,2022-23 -> 2024-25,CAVEAT: items differ across years but map to a constant competency framework. Item-level year comparisons mix learning and instrument change; competency-level comparisons are more defensible (still assume similar difficulty within competency). Prefer rankings and competency-level statements across years.
Raichur,B0126 sindhanur,C1497 shri venkteswara camp,45.72,10.0,181,42.05,10.0,173,-3.67,0.0,-1.84,2022-23 -> 2024-25,CAVEAT: items differ across years but map to a constant competency framework. Item-level year comparisons mix learning and instrument change; competency-level comparisons are more defensible (still assume similar difficulty within competency). Prefer rankings and competency-level statements across years.
Tumakuru,B0091 madhugiri,C0949 kodigenahally,65.06,25.0,87,61.42,20.0,165,-3.64,-5.0,-1.82,2022-23 -> 2024-25,CAVEAT: items differ across years but map to a constant competency framework. Item-level year comparisons mix learning and instrument change; competency-level comparisons are more defensible (still assume similar difficulty within competency). Prefer rankings and competency-level statements across years.
Hassan,B0061 holenarasipura,C0429 doddakadanoor,56.1,15.0,214,52.48,15.0,147,-3.62,0.0,-1.81,2022-23 -> 2024-25,CAVEAT: items differ across years but map to a constant competency framework. Item-level year comparisons mix learning and instrument change; competency-level comparisons are more defensible (still assume similar difficulty within competency). Prefer rankings and competency-level statements across years.
Ramanagara,B0077 kanakapura,C0323 chikka muduvadi,64.95,24.0,107,61.33,25.0,215,-3.62,1.0,-1.81,2022-23 -> 2024-25,CAVEAT: items differ across years but map to a constant competency framework. Item-level year comparisons mix learning and instrument change; competency-level comparisons are more defensible (still assume similar difficulty within competency). Prefer rankings and competency-level statements across years.
Raichur,B0126 sindhanur,C0845 kalamangi,53.33,18.5,288,49.74,15.0,285,-3.59,-3.5,-1.8,2022-23 -> 2024-25,CAVEAT: items differ across years but map to a constant competency framework. Item-level year comparisons mix learning and instrument change; competency-level comparisons are more defensible (still assume similar difficulty within competency). Prefer rankings and competency-level statements across years.
Tumakuru,B0136 tumkur,C0285 c t kere,61.98,25.0,139,58.39,20.0,354,-3.59,-5.0,-1.8,2022-23 -> 2024-25,CAVEAT: items differ across years but map to a constant competency framework. Item-level year comparisons mix learning and instrument change; competency-level comparisons are more defensible (still assume similar difficulty within competency). Prefer rankings and competency-level statements across years.
Kalaburagi,B0073 jewargi,C0254 bilwar,47.45,5.0,308,43.93,10.0,378,-3.52,5.0,-1.76,2022-23 -> 2024-25,CAVEAT: items differ across years but map to a constant competency framework. Item-level year comparisons mix learning and instrument change; competency-level comparisons are more defensible (still assume similar difficulty within competency). Prefer rankings and competency-level statements across years.
Chitradurga,B0026 challakere,C0497 ghataparthy,32.74,0.0,276,29.26,0.0,195,-3.48,0.0,-1.74,2022-23 -> 2024-25,CAVEAT: items differ across years but map to a constant competency framework. Item-level year comparisons mix learning and instrument change; competency-level comparisons are more defensible (still assume similar difficulty within competency). Prefer rankings and competency-level statements across years.
Yadgir,B0123 shorapur,C1381 rajankolur,57.64,15.0,339,54.18,10.0,176,-3.46,-5.0,-1.73,2022-23 -> 2024-25,CAVEAT: items differ across years but map to a constant competency framework. Item-level year comparisons mix learning and instrument change; competency-level comparisons are more defensible (still assume similar difficulty within competency). Prefer rankings and competency-level statements across years.
Vijayanagara,B0052 hagaribommanahalli,C0118 bachigondana halli,46.26,5.0,301,42.81,10.0,393,-3.45,5.0,-1.72,2022-23 -> 2024-25,CAVEAT: items differ across years but map to a constant competency framework. Item-level year comparisons mix learning and instrument change; competency-level comparisons are more defensible (still assume similar difficulty within competency). Prefer rankings and competency-level statements across years.
Bidar,B0019 bhalki,C0229 bhatsangvi,59.08,20.0,158,55.66,15.0,128,-3.42,-5.0,-1.71,2022-23 -> 2024-25,CAVEAT: items differ across years but map to a constant competency framework. Item-level year comparisons mix learning and instrument change; competency-level comparisons are more defensible (still assume similar difficulty within competency). Prefer rankings and competency-level statements across years.
Chikkaballapura,B0030 chikkaballapur,C1684 vaddrapalya,53.66,15.0,243,50.26,11.5,114,-3.4,-3.5,-1.7,2022-23 -> 2024-25,CAVEAT: items differ across years but map to a constant competency framework. Item-level year comparisons mix learning and instrument change; competency-level comparisons are more defensible (still assume similar difficulty within competency). Prefer rankings and competency-level statements across years.
Kalaburagi,B0033 chincholi,C1399 ratkal,48.13,15.0,241,44.78,10.0,253,-3.35,-5.0,-1.68,2022-23 -> 2024-25,CAVEAT: items differ across years but map to a constant competency framework. Item-level year comparisons mix learning and instrument change; competency-level comparisons are more defensible (still assume similar difficulty within competency). Prefer rankings and competency-level statements across years.
Dharwad,B0106 navalgund,C1482 shelwadi,58.52,25.0,605,55.17,10.0,315,-3.35,-15.0,-1.68,2022-23 -> 2024-25,CAVEAT: items differ across years but map to a constant competency framework. Item-level year comparisons mix learning and instrument change; competency-level comparisons are more defensible (still assume similar difficulty within competency). Prefer rankings and competency-level statements across years.
Gadag,B0115 ron,C0726 hullur,55.21,10.0,284,51.87,15.0,466,-3.34,5.0,-1.67,2022-23 -> 2024-25,CAVEAT: items differ across years but map to a constant competency framework. Item-level year comparisons mix learning and instrument change; competency-level comparisons are more defensible (still assume similar difficulty within competency). Prefer rankings and competency-level statements across years.
Chikkaballapura,B0124 sidlaghatta,C0453 e thimmasandra,43.65,5.0,181,40.31,5.0,98,-3.34,0.0,-1.67,2022-23 -> 2024-25,CAVEAT: items differ across years but map to a constant competency framework. Item-level year comparisons mix learning and instrument change; competency-level comparisons are more defensible (still assume similar difficulty within competency). Prefer rankings and competency-level statements across years.
Chitradurga,B0063 hosadurga,C1078 madadakere,45.21,5.0,240,41.88,5.0,285,-3.33,0.0,-1.66,2022-23 -> 2024-25,CAVEAT: items differ across years but map to a constant competency framework. Item-level year comparisons mix learning and instrument change; competency-level comparisons are more defensible (still assume similar difficulty within competency). Prefer rankings and competency-level statements across years.
Chitradurga,B0035 chitradurga,C0370 d.s.halli,37.68,0.0,140,34.38,0.0,170,-3.3,0.0,-1.65,2022-23 -> 2024-25,CAVEAT: items differ across years but map to a constant competency framework. Item-level year comparisons mix learning and instrument change; competency-level comparisons are more defensible (still assume similar difficulty within competency). Prefer rankings and competency-level statements across years.
Chitradurga,B0059 hiriyur,C0109 b roppa,52.61,15.0,243,49.31,15.0,283,-3.3,0.0,-1.65,2022-23 -> 2024-25,CAVEAT: items differ across years but map to a constant competency framework. Item-level year comparisons mix learning and instrument change; competency-level comparisons are more defensible (still assume similar difficulty within competency). Prefer rankings and competency-level statements across years.
Tumakuru,B0087 kunigal,C0797 jinnagara,68.2,23.0,97,64.92,24.5,60,-3.28,1.5,-1.64,2022-23 -> 2024-25,CAVEAT: items differ across years but map to a constant competency framework. Item-level year comparisons mix learning and instrument change; competency-level comparisons are more defensible (still assume similar difficulty within competency). Prefer rankings and competency-level statements across years.
Gadag,B0105 naragund,C0660 hirekoppa,55.94,25.0,96,52.67,20.0,208,-3.27,-5.0,-1.64,2022-23 -> 2024-25,CAVEAT: items differ across years but map to a constant competency framework. Item-level year comparisons mix learning and instrument change; competency-level comparisons are more defensible (still assume similar difficulty within competency). Prefer rankings and competency-level statements across years.
Chitradurga,B0035 chitradurga,C0326 chikkabennuru,45.82,5.0,226,42.56,5.0,240,-3.26,0.0,-1.63,2022-23 -> 2024-25,CAVEAT: items differ across years but map to a constant competency framework. Item-level year comparisons mix learning and instrument change; competency-level comparisons are more defensible (still assume similar difficulty within competency). Prefer rankings and competency-level statements across years.
Chitradurga,B0060 holalkere,C1110 malladihalli,46.05,5.0,138,42.81,5.0,304,-3.24,0.0,-1.62,2022-23 -> 2024-25,CAVEAT: items differ across years but map to a constant competency framework. Item-level year comparisons mix learning and instrument change; competency-level comparisons are more defensible (still assume similar difficulty within competency). Prefer rankings and competency-level statements across years.
Raichur,B0096 manvi,C1138 manvi rural,49.86,15.0,322,46.64,15.0,223,-3.22,0.0,-1.61,2022-23 -> 2024-25,CAVEAT: items differ across years but map to a constant competency framework. Item-level year comparisons mix learning and instrument change; competency-level comparisons are more defensible (still assume similar difficulty within competency). Prefer rankings and competency-level statements across years.
Koppal,B0044 gangavathi,C0329 chikkadankanakal,50.0,15.0,246,46.85,10.0,281,-3.15,-5.0,-1.58,2022-23 -> 2024-25,CAVEAT: items differ across years but map to a constant competency framework. Item-level year comparisons mix learning and instrument change; competency-level comparisons are more defensible (still assume similar difficulty within competency). Prefer rankings and competency-level statements across years.
Chikkaballapura,B0030 chikkaballapur,C0411 dibbur,49.36,18.0,117,46.27,10.0,154,-3.09,-8.0,-1.54,2022-23 -> 2024-25,CAVEAT: items differ across years but map to a constant competency framework. Item-level year comparisons mix learning and instrument change; competency-level comparisons are more defensible (still assume similar difficulty within competency). Prefer rankings and competency-level statements across years.
Dharwad,B0041 dharwad,C1313 nigdi,80.01,50.0,592,76.92,50.0,468,-3.09,0.0,-1.54,2022-23 -> 2024-25,CAVEAT: items differ across years but map to a constant competency framework. Item-level year comparisons mix learning and instrument change; competency-level comparisons are more defensible (still assume similar difficulty within competency). Prefer rankings and competency-level statements across years.
Chitradurga,B0060 holalkere,C1387 ramagiri,53.54,10.0,264,50.46,5.0,186,-3.08,-5.0,-1.54,2022-23 -> 2024-25,CAVEAT: items differ across years but map to a constant competency framework. Item-level year comparisons mix learning and instrument change; competency-level comparisons are more defensible (still assume similar difficulty within competency). Prefer rankings and competency-level statements across years.
Chikkaballapura,B0010 bagepally,C0008 achaganapalli,43.02,10.0,192,39.95,5.0,182,-3.07,-5.0,-1.54,2022-23 -> 2024-25,CAVEAT: items differ across years but map to a constant competency framework. Item-level year comparisons mix learning and instrument change; competency-level comparisons are more defensible (still assume similar difficulty within competency). Prefer rankings and competency-level statements across years.
Bidar,B0007 aurad,C0354 chintaki,51.74,5.0,175,48.69,15.0,99,-3.05,10.0,-1.52,2022-23 -> 2024-25,CAVEAT: items differ across years but map to a constant competency framework. Item-level year comparisons mix learning and instrument change; competency-level comparisons are more defensible (still assume similar difficulty within competency). Prefer rankings and competency-level statements across years.
Yadgir,B0120 shahapur,C1039 kurkunda,49.49,15.0,277,46.44,10.0,385,-3.05,-5.0,-1.52,2022-23 -> 2024-25,CAVEAT: items differ across years but map to a constant competency framework. Item-level year comparisons mix learning and instrument change; competency-level comparisons are more defensible (still assume similar difficulty within competency). Prefer rankings and competency-level statements across years.
Yadgir,B0120 shahapur,C1251 naganatagi,52.46,10.0,167,49.46,15.0,304,-3.0,5.0,-1.5,2022-23 -> 2024-25,CAVEAT: items differ across years but map to a constant competency framework. Item-level year comparisons mix learning and instrument change; competency-level comparisons are more defensible (still assume similar difficulty within competency). Prefer rankings and competency-level statements across years.
Kalaburagi,B0049 gulbarga south,C0689 honna kiranagi,46.61,5.0,288,43.62,15.0,278,-2.99,10.0,-1.5,2022-23 -> 2024-25,CAVEAT: items differ across years but map to a constant competency framework. Item-level year comparisons mix learning and instrument change; competency-level comparisons are more defensible (still assume similar difficulty within competency). Prefer rankings and competency-level statements across years.
Bengaluru Rural,B0107 nelamangala,C1134 manne,63.92,20.0,139,60.94,20.0,69,-2.98,0.0,-1.49,2022-23 -> 2024-25,CAVEAT: items differ across years but map to a constant competency framework. Item-level year comparisons mix learning and instrument change; competency-level comparisons are more defensible (still assume similar difficulty within competency). Prefer rankings and competency-level statements across years.
Chamarajanagara,B0050 gundlupet,C0021 agathagowdanahalli,50.89,15.0,218,47.92,10.0,214,-2.97,-5.0,-1.48,2022-23 -> 2024-25,CAVEAT: items differ across years but map to a constant competency framework. Item-level year comparisons mix learning and instrument change; competency-level comparisons are more defensible (still assume similar difficulty within competency). Prefer rankings and competency-level statements across years.
Hassan,B0003 alur,C0866 kamathikudige,65.23,28.0,87,62.27,33.5,108,-2.96,5.5,-1.48,2022-23 -> 2024-25,CAVEAT: items differ across years but map to a constant competency framework. Item-level year comparisons mix learning and instrument change; competency-level comparisons are more defensible (still assume similar difficulty within competency). Prefer rankings and competency-level statements across years.
Chamarajanagara,B0027 chamarajanagar,C1012 kuderu,46.8,1.0,103,43.92,18.5,88,-2.88,17.5,-1.44,2022-23 -> 2024-25,CAVEAT: items differ across years but map to a constant competency framework. Item-level year comparisons mix learning and instrument change; competency-level comparisons are more defensible (still assume similar difficulty within competency). Prefer rankings and competency-level statements across years.
Kalaburagi,B0002 aland,C1740 yelasangi,66.64,35.0,563,63.78,30.0,369,-2.86,-5.0,-1.43,2022-23 -> 2024-25,CAVEAT: items differ across years but map to a constant competency framework. Item-level year comparisons mix learning and instrument change; competency-level comparisons are more defensible (still assume similar difficulty within competency). Prefer rankings and competency-level statements across years.
Tumakuru,B0046 gubbi,C1319 nittur,71.02,33.5,118,68.19,40.0,149,-2.83,6.5,-1.42,2022-23 -> 2024-25,CAVEAT: items differ across years but map to a constant competency framework. Item-level year comparisons mix learning and instrument change; competency-level comparisons are more defensible (still assume similar difficulty within competency). Prefer rankings and competency-level statements across years.
Belagavi,B0067 hukkeri,C0178 bassapur,76.41,55.0,156,73.59,45.0,730,-2.82,-10.0,-1.41,2022-23 -> 2024-25,CAVEAT: items differ across years but map to a constant competency framework. Item-level year comparisons mix learning and instrument change; competency-level comparisons are more defensible (still assume similar difficulty within competency). Prefer rankings and competency-level statements across years.
Koppal,B0085 kuknoor,C1020 kukanoor,48.35,10.0,313,45.54,5.0,454,-2.81,-5.0,-1.4,2022-23 -> 2024-25,CAVEAT: items differ across years but map to a constant competency framework. Item-level year comparisons mix learning and instrument change; competency-level comparisons are more defensible (still assume similar difficulty within competency). Prefer rankings and competency-level statements across years.
Kalaburagi,B0119 sedam,C1409 ribbanpalli,29.45,0.0,174,26.66,0.0,148,-2.79,0.0,-1.4,2022-23 -> 2024-25,CAVEAT: items differ across years but map to a constant competency framework. Item-level year comparisons mix learning and instrument change; competency-level comparisons are more defensible (still assume similar difficulty within competency). Prefer rankings and competency-level statements across years.
Chitradurga,B0097 molakalmur,C1258 nagasamudra,21.99,0.0,404,19.2,0.0,220,-2.79,0.0,-1.4,2022-23 -> 2024-25,CAVEAT: items differ across years but map to a constant competency framework. Item-level year comparisons mix learning and instrument change; competency-level comparisons are more defensible (still assume similar difficulty within competency). Prefer rankings and competency-level statements across years.
Koppal,B0085 kuknoor,C1715 yadiyapura,62.55,25.0,208,59.77,26.5,64,-2.78,1.5,-1.39,2022-23 -> 2024-25,CAVEAT: items differ across years but map to a constant competency framework. Item-level year comparisons mix learning and instrument change; competency-level comparisons are more defensible (still assume similar difficulty within competency). Prefer rankings and competency-level statements across years.
Tumakuru,B0031 chiknayakanhalli,C0887 kandhikere,68.51,38.5,148,65.73,25.0,275,-2.78,-13.5,-1.39,2022-23 -> 2024-25,CAVEAT: items differ across years but map to a constant competency framework. Item-level year comparisons mix learning and instrument change; competency-level comparisons are more defensible (still assume similar difficulty within competency). Prefer rankings and competency-level statements across years.
Raichur,B0126 sindhanur,C1408 rh no-1,58.5,23.0,137,55.74,20.0,94,-2.76,-3.0,-1.38,2022-23 -> 2024-25,CAVEAT: items differ across years but map to a constant competency framework. Item-level year comparisons mix learning and instrument change; competency-level comparisons are more defensible (still assume similar difficulty within competency). Prefer rankings and competency-level statements across years.
Chikkaballapura,B0010 bagepally,C1750 yeragudi,43.73,9.0,59,40.97,8.0,67,-2.76,-1.0,-1.38,2022-23 -> 2024-25,CAVEAT: items differ across years but map to a constant competency framework. Item-level year comparisons mix learning and instrument change; competency-level comparisons are more defensible (still assume similar difficulty within competency). Prefer rankings and competency-level statements across years.
Bidar,B0019 bhalki,C0047 ambesangvi,38.97,0.0,146,36.25,10.0,124,-2.72,10.0,-1.36,2022-23 -> 2024-25,CAVEAT: items differ across years but map to a constant competency framework. Item-level year comparisons mix learning and instrument change; competency-level comparisons are more defensible (still assume similar difficulty within competency). Prefer rankings and competency-level statements across years.
Chitradurga,B0035 chitradurga,C0784 janakonda,36.36,1.0,143,33.66,5.0,145,-2.7,4.0,-1.35,2022-23 -> 2024-25,CAVEAT: items differ across years but map to a constant competency framework. Item-level year comparisons mix learning and instrument change; competency-level comparisons are more defensible (still assume similar difficulty within competency). Prefer rankings and competency-level statements across years.
Bidar,B0007 aurad,C0683 holesamudra,66.08,45.0,102,63.39,29.0,149,-2.69,-16.0,-1.34,2022-23 -> 2024-25,CAVEAT: items differ across years but map to a constant competency framework. Item-level year comparisons mix learning and instrument change; competency-level comparisons are more defensible (still assume similar difficulty within competency). Prefer rankings and competency-level statements across years.
Gadag,B0115 ron,C0195 belavanaki,47.24,5.0,147,44.56,5.0,264,-2.68,0.0,-1.34,2022-23 -> 2024-25,CAVEAT: items differ across years but map to a constant competency framework. Item-level year comparisons mix learning and instrument change; competency-level comparisons are more defensible (still assume similar difficulty within competency). Prefer rankings and competency-level statements across years.
Bengaluru Rural,B0040 devanahalli,C0301 channarayapatna,84.08,55.0,87,81.4,65.0,89,-2.68,10.0,-1.34,2022-23 -> 2024-25,CAVEAT: items differ across years but map to a constant competency framework. Item-level year comparisons mix learning and instrument change; competency-level comparisons are more defensible (still assume similar difficulty within competency). Prefer rankings and competency-level statements across years.
Hassan,B0061 holenarasipura,C1202 mudalahippe,59.42,25.0,121,56.74,15.0,241,-2.68,-10.0,-1.34,2022-23 -> 2024-25,CAVEAT: items differ across years but map to a constant competency framework. Item-level year comparisons mix learning and instrument change; competency-level comparisons are more defensible (still assume similar difficulty within competency). Prefer rankings and competency-level statements across years.
Kolar,B0131 srinivasapur,C1585 thadigol,68.0,32.0,75,65.34,20.0,116,-2.66,-12.0,-1.33,2022-23 -> 2024-25,CAVEAT: items differ across years but map to a constant competency framework. Item-level year comparisons mix learning and instrument change; competency-level comparisons are more defensible (still assume similar difficulty within competency). Prefer rankings and competency-level statements across years.
Mandya,B0103 nagamangala,C1341 palagrahara,67.97,45.0,69,65.31,23.5,48,-2.66,-21.5,-1.33,2022-23 -> 2024-25,CAVEAT: items differ across years but map to a constant competency framework. Item-level year comparisons mix learning and instrument change; competency-level comparisons are more defensible (still assume similar difficulty within competency). Prefer rankings and competency-level statements across years.
Mandya,B0093 malavally,C1557 t.kagepura,52.65,15.0,102,50.0,10.0,154,-2.65,-5.0,-1.32,2022-23 -> 2024-25,CAVEAT: items differ across years but map to a constant competency framework. Item-level year comparisons mix learning and instrument change; competency-level comparisons are more defensible (still assume similar difficulty within competency). Prefer rankings and competency-level statements across years.
Chitradurga,B0059 hiriyur,C1157 maskalmatti,46.17,5.0,277,43.52,5.0,256,-2.65,0.0,-1.32,2022-23 -> 2024-25,CAVEAT: items differ across years but map to a constant competency framework. Item-level year comparisons mix learning and instrument change; competency-level comparisons are more defensible (still assume similar difficulty within competency). Prefer rankings and competency-level statements across years.
Vijayanagara,B0084 kudligi,C1255 nagarakatte,49.64,5.0,295,47.02,5.0,235,-2.62,0.0,-1.31,2022-23 -> 2024-25,CAVEAT: items differ across years but map to a constant competency framework. Item-level year comparisons mix learning and instrument change; competency-level comparisons are more defensible (still assume similar difficulty within competency). Prefer rankings and competency-level statements across years.
Kalaburagi,B0073 jewargi,C0795 jewargi south,43.03,10.0,147,40.45,5.0,220,-2.58,-5.0,-1.29,2022-23 -> 2024-25,CAVEAT: items differ across years but map to a constant competency framework. Item-level year comparisons mix learning and instrument change; competency-level comparisons are more defensible (still assume similar difficulty within competency). Prefer rankings and competency-level statements across years.
Chikkaballapura,B0010 bagepally,C0537 gulur,45.36,5.0,181,42.78,5.0,160,-2.58,0.0,-1.29,2022-23 -> 2024-25,CAVEAT: items differ across years but map to a constant competency framework. Item-level year comparisons mix learning and instrument change; competency-level comparisons are more defensible (still assume similar difficulty within competency). Prefer rankings and competency-level statements across years.
Ballari,B0128 siruguppa,C1572 talur,57.81,15.0,552,55.24,25.0,1027,-2.57,10.0,-1.28,2022-23 -> 2024-25,CAVEAT: items differ across years but map to a constant competency framework. Item-level year comparisons mix learning and instrument change; competency-level comparisons are more defensible (still assume similar difficulty within competency). Prefer rankings and competency-level statements across years.
Chamarajanagara,B0027 chamarajanagar,C0294 chandaka vadi,48.89,15.0,220,46.34,10.0,164,-2.55,-5.0,-1.28,2022-23 -> 2024-25,CAVEAT: items differ across years but map to a constant competency framework. Item-level year comparisons mix learning and instrument change; competency-level comparisons are more defensible (still assume similar difficulty within competency). Prefer rankings and competency-level statements across years.
Koppal,B0044 gangavathi,C0900 karatagi east,42.81,10.0,151,40.31,5.0,114,-2.5,-5.0,-1.25,2022-23 -> 2024-25,CAVEAT: items differ across years but map to a constant competency framework. Item-level year comparisons mix learning and instrument change; competency-level comparisons are more defensible (still assume similar difficulty within competency). Prefer rankings and competency-level statements across years.
Belagavi,B0078 khanapur,C1351 parishwad,73.61,48.5,158,71.11,44.5,190,-2.5,-4.0,-1.25,2022-23 -> 2024-25,CAVEAT: items differ across years but map to a constant competency framework. Item-level year comparisons mix learning and instrument change; competency-level comparisons are more defensible (still assume similar difficulty within competency). Prefer rankings and competency-level statements across years.
Chikkaballapura,B0047 gudibanda,C0529 gudibande rural,47.94,10.0,97,45.47,9.0,129,-2.47,-1.0,-1.24,2022-23 -> 2024-25,CAVEAT: items differ across years but map to a constant competency framework. Item-level year comparisons mix learning and instrument change; competency-level comparisons are more defensible (still assume similar difficulty within competency). Prefer rankings and competency-level statements across years.
Chikkaballapura,B0124 sidlaghatta,C0397 devaramalluru,55.95,20.0,37,53.49,15.0,307,-2.46,-5.0,-1.23,2022-23 -> 2024-25,CAVEAT: items differ across years but map to a constant competency framework. Item-level year comparisons mix learning and instrument change; competency-level comparisons are more defensible (still assume similar difficulty within competency). Prefer rankings and competency-level statements across years.
Yadgir,B0141 yadgir,C0137 balichakra,44.95,10.0,99,42.51,5.0,179,-2.44,-5.0,-1.22,2022-23 -> 2024-25,CAVEAT: items differ across years but map to a constant competency framework. Item-level year comparisons mix learning and instrument change; competency-level comparisons are more defensible (still assume similar difficulty within competency). Prefer rankings and competency-level statements across years.
Chamarajanagara,B0050 gundlupet,C0165 baragi,53.22,15.0,342,50.83,15.0,303,-2.39,0.0,-1.2,2022-23 -> 2024-25,CAVEAT: items differ across years but map to a constant competency framework. Item-level year comparisons mix learning and instrument change; competency-level comparisons are more defensible (still assume similar difficulty within competency). Prefer rankings and competency-level statements across years.
Chitradurga,B0059 hiriyur,C0006 abbinahole,53.82,15.0,310,51.49,10.0,339,-2.33,-5.0,-1.16,2022-23 -> 2024-25,CAVEAT: items differ across years but map to a constant competency framework. Item-level year comparisons mix learning and instrument change; competency-level comparisons are more defensible (still assume similar difficulty within competency). Prefer rankings and competency-level statements across years.
Kodagu,B0092 madikeri,C0216 bhagamandala,57.95,20.0,219,55.62,22.0,145,-2.33,2.0,-1.16,2022-23 -> 2024-25,CAVEAT: items differ across years but map to a constant competency framework. Item-level year comparisons mix learning and instrument change; competency-level comparisons are more defensible (still assume similar difficulty within competency). Prefer rankings and competency-level statements across years.
Dharwad,B0041 dharwad,C1285 narendra,70.75,35.0,601,68.45,35.0,1016,-2.3,0.0,-1.15,2022-23 -> 2024-25,CAVEAT: items differ across years but map to a constant competency framework. Item-level year comparisons mix learning and instrument change; competency-level comparisons are more defensible (still assume similar difficulty within competency). Prefer rankings and competency-level statements across years.
Chikkaballapura,B0034 chintamani,C0659 hirekattigenahalli,48.83,5.0,231,46.56,10.0,112,-2.27,5.0,-1.14,2022-23 -> 2024-25,CAVEAT: items differ across years but map to a constant competency framework. Item-level year comparisons mix learning and instrument change; competency-level comparisons are more defensible (still assume similar difficulty within competency). Prefer rankings and competency-level statements across years.
Vijayapura,B0139 vijayapura rural,C0674 hittinahalli,74.45,40.0,154,72.18,45.0,472,-2.27,5.0,-1.14,2022-23 -> 2024-25,CAVEAT: items differ across years but map to a constant competency framework. Item-level year comparisons mix learning and instrument change; competency-level comparisons are more defensible (still assume similar difficulty within competency). Prefer rankings and competency-level statements across years.
Gadag,B0115 ron,C0994 kotabal,45.36,10.0,140,43.12,5.0,368,-2.24,-5.0,-1.12,2022-23 -> 2024-25,CAVEAT: items differ across years but map to a constant competency framework. Item-level year comparisons mix learning and instrument change; competency-level comparisons are more defensible (still assume similar difficulty within competency). Prefer rankings and competency-level statements across years.
Bidar,B0007 aurad,C0527 gudapalli,50.2,5.0,149,47.97,10.0,111,-2.23,5.0,-1.12,2022-23 -> 2024-25,CAVEAT: items differ across years but map to a constant competency framework. Item-level year comparisons mix learning and instrument change; competency-level comparisons are more defensible (still assume similar difficulty within competency). Prefer rankings and competency-level statements across years.
Chitradurga,B0059 hiriyur,C0460 eshwaragere,53.39,10.0,149,51.17,10.0,149,-2.22,0.0,-1.11,2022-23 -> 2024-25,CAVEAT: items differ across years but map to a constant competency framework. Item-level year comparisons mix learning and instrument change; competency-level comparisons are more defensible (still assume similar difficulty within competency). Prefer rankings and competency-level statements across years.
Raichur,B0111 raichur,C1424 sagamkunta,47.76,9.5,190,45.54,15.0,267,-2.22,5.5,-1.11,2022-23 -> 2024-25,CAVEAT: items differ across years but map to a constant competency framework. Item-level year comparisons mix learning and instrument change; competency-level comparisons are more defensible (still assume similar difficulty within competency). Prefer rankings and competency-level statements across years.
Chitradurga,B0026 challakere,C1117 mallurahalli,39.95,0.0,288,37.77,5.0,264,-2.18,5.0,-1.09,2022-23 -> 2024-25,CAVEAT: items differ across years but map to a constant competency framework. Item-level year comparisons mix learning and instrument change; competency-level comparisons are more defensible (still assume similar difficulty within competency). Prefer rankings and competency-level statements across years.
Chitradurga,B0026 challakere,C0398 devareddihalli,29.01,0.0,324,26.84,0.0,236,-2.17,0.0,-1.08,2022-23 -> 2024-25,CAVEAT: items differ across years but map to a constant competency framework. Item-level year comparisons mix learning and instrument change; competency-level comparisons are more defensible (still assume similar difficulty within competency). Prefer rankings and competency-level statements across years.
Raichur,B0126 sindhanur,C0033 albanur,40.01,5.0,431,37.85,0.0,367,-2.16,-5.0,-1.08,2022-23 -> 2024-25,CAVEAT: items differ across years but map to a constant competency framework. Item-level year comparisons mix learning and instrument change; competency-level comparisons are more defensible (still assume similar difficulty within competency). Prefer rankings and competency-level statements across years.
Dharwad,B0106 navalgund,C1289 navalagund 2,50.93,15.0,418,48.79,10.0,668,-2.14,-5.0,-1.07,2022-23 -> 2024-25,CAVEAT: items differ across years but map to a constant competency framework. Item-level year comparisons mix learning and instrument change; competency-level comparisons are more defensible (still assume similar difficulty within competency). Prefer rankings and competency-level statements across years.
Yadgir,B0120 shahapur,C0250 bilhar,39.36,5.0,336,37.24,5.0,478,-2.12,0.0,-1.06,2022-23 -> 2024-25,CAVEAT: items differ across years but map to a constant competency framework. Item-level year comparisons mix learning and instrument change; competency-level comparisons are more defensible (still assume similar difficulty within competency). Prefer rankings and competency-level statements across years.
Tumakuru,B0137 turuvekere,C1089 madihalli,92.16,80.0,104,90.06,75.0,88,-2.1,-5.0,-1.05,2022-23 -> 2024-25,CAVEAT: items differ across years but map to a constant competency framework. Item-level year comparisons mix learning and instrument change; competency-level comparisons are more defensible (still assume similar difficulty within competency). Prefer rankings and competency-level statements across years.
Ballari,B0117 sandur,C1735 yashvanthnagara,53.04,15.0,130,50.96,15.0,339,-2.08,0.0,-1.04,2022-23 -> 2024-25,CAVEAT: items differ across years but map to a constant competency framework. Item-level year comparisons mix learning and instrument change; competency-level comparisons are more defensible (still assume similar difficulty within competency). Prefer rankings and competency-level statements across years.
Kodagu,B0129 somavarpet,C0837 kajuru,58.07,20.0,122,55.99,20.0,91,-2.08,0.0,-1.04,2022-23 -> 2024-25,CAVEAT: items differ across years but map to a constant competency framework. Item-level year comparisons mix learning and instrument change; competency-level comparisons are more defensible (still assume similar difficulty within competency). Prefer rankings and competency-level statements across years.
Koppal,B0088 kustagi,C0244 bijakal,47.46,10.0,177,45.38,15.0,483,-2.08,5.0,-1.04,2022-23 -> 2024-25,CAVEAT: items differ across years but map to a constant competency framework. Item-level year comparisons mix learning and instrument change; competency-level comparisons are more defensible (still assume similar difficulty within competency). Prefer rankings and competency-level statements across years.
Gadag,B0122 shirhatti,C0825 kadakol,62.4,30.0,314,60.35,30.0,287,-2.05,0.0,-1.02,2022-23 -> 2024-25,CAVEAT: items differ across years but map to a constant competency framework. Item-level year comparisons mix learning and instrument change; competency-level comparisons are more defensible (still assume similar difficulty within competency). Prefer rankings and competency-level statements across years.
Chitradurga,B0059 hiriyur,C1730 yaraballi,56.74,15.0,241,54.71,15.0,295,-2.03,0.0,-1.02,2022-23 -> 2024-25,CAVEAT: items differ across years but map to a constant competency framework. Item-level year comparisons mix learning and instrument change; competency-level comparisons are more defensible (still assume similar difficulty within competency). Prefer rankings and competency-level statements across years.
Kolar,B0079 kolar,C1681 vadagur,60.96,30.0,177,58.95,14.0,219,-2.01,-16.0,-1.0,2022-23 -> 2024-25,CAVEAT: items differ across years but map to a constant competency framework. Item-level year comparisons mix learning and instrument change; competency-level comparisons are more defensible (still assume similar difficulty within competency). Prefer rankings and competency-level statements across years.
Chikkaballapura,B0034 chintamani,C0750 iragampalli,55.32,12.0,125,53.32,10.0,223,-2.0,-2.0,-1.0,2022-23 -> 2024-25,CAVEAT: items differ across years but map to a constant competency framework. Item-level year comparisons mix learning and instrument change; competency-level comparisons are more defensible (still assume similar difficulty within competency). Prefer rankings and competency-level statements across years.
Dharwad,B0041 dharwad,C0691 honnapur,75.77,50.0,371,73.77,35.0,408,-2.0,-15.0,-1.0,2022-23 -> 2024-25,CAVEAT: items differ across years but map to a constant competency framework. Item-level year comparisons mix learning and instrument change; competency-level comparisons are more defensible (still assume similar difficulty within competency). Prefer rankings and competency-level statements across years.
Raichur,B0039 devadurga,C0551 h siddapur,48.98,15.0,255,47.0,20.0,90,-1.98,5.0,-0.99,2022-23 -> 2024-25,CAVEAT: items differ across years but map to a constant competency framework. Item-level year comparisons mix learning and instrument change; competency-level comparisons are more defensible (still assume similar difficulty within competency). Prefer rankings and competency-level statements across years.
Tumakuru,B0031 chiknayakanhalli,C0760 j c pura,66.33,29.5,150,64.37,30.0,143,-1.96,0.5,-0.98,2022-23 -> 2024-25,CAVEAT: items differ across years but map to a constant competency framework. Item-level year comparisons mix learning and instrument change; competency-level comparisons are more defensible (still assume similar difficulty within competency). Prefer rankings and competency-level statements across years.
Yadgir,B0120 shahapur,C0113 b.gudi,63.48,40.0,194,61.52,30.0,92,-1.96,-10.0,-0.98,2022-23 -> 2024-25,CAVEAT: items differ across years but map to a constant competency framework. Item-level year comparisons mix learning and instrument change; competency-level comparisons are more defensible (still assume similar difficulty within competency). Prefer rankings and competency-level statements across years.
Tumakuru,B0087 kunigal,C1309 nidasale,63.82,35.0,76,61.88,29.0,69,-1.94,-6.0,-0.97,2022-23 -> 2024-25,CAVEAT: items differ across years but map to a constant competency framework. Item-level year comparisons mix learning and instrument change; competency-level comparisons are more defensible (still assume similar difficulty within competency). Prefer rankings and competency-level statements across years.
Hassan,B0004 arakalagudu,C0194 belavadi,52.35,15.0,164,50.43,15.0,139,-1.92,0.0,-0.96,2022-23 -> 2024-25,CAVEAT: items differ across years but map to a constant competency framework. Item-level year comparisons mix learning and instrument change; competency-level comparisons are more defensible (still assume similar difficulty within competency). Prefer rankings and competency-level statements across years.
Davanagere,B0037 davanagere(n),C1940 chikkabudihal,38.69,0.0,320,36.84,5.0,525,-1.85,5.0,-0.92,2022-23 -> 2024-25,CAVEAT: items differ across years but map to a constant competency framework. Item-level year comparisons mix learning and instrument change; competency-level comparisons are more defensible (still assume similar difficulty within competency). Prefer rankings and competency-level statements across years.
Kolar,B0079 kolar,C1215 muduvadi,52.72,15.0,90,50.93,15.0,108,-1.79,0.0,-0.9,2022-23 -> 2024-25,CAVEAT: items differ across years but map to a constant competency framework. Item-level year comparisons mix learning and instrument change; competency-level comparisons are more defensible (still assume similar difficulty within competency). Prefer rankings and competency-level statements across years.
Bagalkote,B0072 jamakhandi,C0729 hulyal,72.64,45.0,193,70.89,40.0,274,-1.75,-5.0,-0.88,2022-23 -> 2024-25,CAVEAT: items differ across years but map to a constant competency framework. Item-level year comparisons mix learning and instrument change; competency-level comparisons are more defensible (still assume similar difficulty within competency). Prefer rankings and competency-level statements across years.
Yadgir,B0120 shahapur,C0630 hayyal (b),37.85,0.0,470,36.11,5.0,338,-1.74,5.0,-0.87,2022-23 -> 2024-25,CAVEAT: items differ across years but map to a constant competency framework. Item-level year comparisons mix learning and instrument change; competency-level comparisons are more defensible (still assume similar difficulty within competency). Prefer rankings and competency-level statements across years.
Tumakuru,B0136 tumkur,C0805 k palasandra,87.27,70.0,152,85.53,55.0,131,-1.74,-15.0,-0.87,2022-23 -> 2024-25,CAVEAT: items differ across years but map to a constant competency framework. Item-level year comparisons mix learning and instrument change; competency-level comparisons are more defensible (still assume similar difficulty within competency). Prefer rankings and competency-level statements across years.
Chitradurga,B0035 chitradurga,C1721 yalagodu,32.85,0.0,172,31.11,5.0,203,-1.74,5.0,-0.87,2022-23 -> 2024-25,CAVEAT: items differ across years but map to a constant competency framework. Item-level year comparisons mix learning and instrument change; competency-level comparisons are more defensible (still assume similar difficulty within competency). Prefer rankings and competency-level statements across years.
Chitradurga,B0060 holalkere,C1239 muthugaduru,46.61,5.0,152,44.88,20.0,129,-1.73,15.0,-0.86,2022-23 -> 2024-25,CAVEAT: items differ across years but map to a constant competency framework. Item-level year comparisons mix learning and instrument change; competency-level comparisons are more defensible (still assume similar difficulty within competency). Prefer rankings and competency-level statements across years.
Kolar,B0131 srinivasapur,C1302 nelavanki,64.95,35.0,99,63.25,25.0,100,-1.7,-10.0,-0.85,2022-23 -> 2024-25,CAVEAT: items differ across years but map to a constant competency framework. Item-level year comparisons mix learning and instrument change; competency-level comparisons are more defensible (still assume similar difficulty within competency). Prefer rankings and competency-level statements across years.
Koppal,B0085 kuknoor,C1011 kudarimoti,37.28,5.0,495,35.59,5.0,444,-1.69,0.0,-0.84,2022-23 -> 2024-25,CAVEAT: items differ across years but map to a constant competency framework. Item-level year comparisons mix learning and instrument change; competency-level comparisons are more defensible (still assume similar difficulty within competency). Prefer rankings and competency-level statements across years.
Vijayanagara,B0052 hagaribommanahalli,C0601 hansi,40.81,5.0,376,39.12,5.0,329,-1.69,0.0,-0.84,2022-23 -> 2024-25,CAVEAT: items differ across years but map to a constant competency framework. Item-level year comparisons mix learning and instrument change; competency-level comparisons are more defensible (still assume similar difficulty within competency). Prefer rankings and competency-level statements across years.
Davanagere,B0028 channagiri,C0904 karekatte,44.45,5.0,55,42.79,5.0,188,-1.66,0.0,-0.83,2022-23 -> 2024-25,CAVEAT: items differ across years but map to a constant competency framework. Item-level year comparisons mix learning and instrument change; competency-level comparisons are more defensible (still assume similar difficulty within competency). Prefer rankings and competency-level statements across years.
Bengaluru Rural,B0040 devanahalli,C0263 boodigere,84.38,63.5,138,82.79,65.0,136,-1.59,1.5,-0.8,2022-23 -> 2024-25,CAVEAT: items differ across years but map to a constant competency framework. Item-level year comparisons mix learning and instrument change; competency-level comparisons are more defensible (still assume similar difficulty within competency). Prefer rankings and competency-level statements across years.
Dharwad,B0066 hubli,C0276 byahatti,74.55,40.0,743,72.96,35.0,1068,-1.59,-5.0,-0.8,2022-23 -> 2024-25,CAVEAT: items differ across years but map to a constant competency framework. Item-level year comparisons mix learning and instrument change; competency-level comparisons are more defensible (still assume similar difficulty within competency). Prefer rankings and competency-level statements across years.
Chikkaballapura,B0034 chintamani,C0829 kaderanahalli,47.29,5.0,94,45.74,10.0,156,-1.55,5.0,-0.78,2022-23 -> 2024-25,CAVEAT: items differ across years but map to a constant competency framework. Item-level year comparisons mix learning and instrument change; competency-level comparisons are more defensible (still assume similar difficulty within competency). Prefer rankings and competency-level statements across years.
Mandya,B0103 nagamangala,C0015 addihalli,63.84,36.0,43,62.31,9.0,39,-1.53,-27.0,-0.76,2022-23 -> 2024-25,CAVEAT: items differ across years but map to a constant competency framework. Item-level year comparisons mix learning and instrument change; competency-level comparisons are more defensible (still assume similar difficulty within competency). Prefer rankings and competency-level statements across years.
Chikkaballapura,B0010 bagepally,C1726 yallampalli,43.8,10.0,125,42.3,5.5,102,-1.5,-4.5,-0.75,2022-23 -> 2024-25,CAVEAT: items differ across years but map to a constant competency framework. Item-level year comparisons mix learning and instrument change; competency-level comparisons are more defensible (still assume similar difficulty within competency). Prefer rankings and competency-level statements across years.
Belagavi,B0017 belgaum rural,C0575 halga,70.51,40.0,282,69.07,45.0,516,-1.44,5.0,-0.72,2022-23 -> 2024-25,CAVEAT: items differ across years but map to a constant competency framework. Item-level year comparisons mix learning and instrument change; competency-level comparisons are more defensible (still assume similar difficulty within competency). Prefer rankings and competency-level statements across years.
Vijayanagara,B0084 kudligi,"C1016 kudligi, for boys",42.64,8.5,178,41.21,10.0,223,-1.43,1.5,-0.72,2022-23 -> 2024-25,CAVEAT: items differ across years but map to a constant competency framework. Item-level year comparisons mix learning and instrument change; competency-level comparisons are more defensible (still assume similar difficulty within competency). Prefer rankings and competency-level statements across years.
Tumakuru,B0137 turuvekere,C0375 dandina shivara,58.59,15.0,71,57.16,20.0,88,-1.43,5.0,-0.72,2022-23 -> 2024-25,CAVEAT: items differ across years but map to a constant competency framework. Item-level year comparisons mix learning and instrument change; competency-level comparisons are more defensible (still assume similar difficulty within competency). Prefer rankings and competency-level statements across years.
Bidar,B0019 bhalki,C0583 halsi (l),36.96,10.0,56,35.53,5.0,57,-1.43,-5.0,-0.72,2022-23 -> 2024-25,CAVEAT: items differ across years but map to a constant competency framework. Item-level year comparisons mix learning and instrument change; competency-level comparisons are more defensible (still assume similar difficulty within competency). Prefer rankings and competency-level statements across years.
Chitradurga,B0026 challakere,C0004 abbenahalli,44.35,0.0,192,42.95,5.0,139,-1.4,5.0,-0.7,2022-23 -> 2024-25,CAVEAT: items differ across years but map to a constant competency framework. Item-level year comparisons mix learning and instrument change; competency-level comparisons are more defensible (still assume similar difficulty within competency). Prefer rankings and competency-level statements across years.
Raichur,B0096 manvi,C0661 hirekotnekal,61.58,10.0,237,60.2,30.0,368,-1.38,20.0,-0.69,2022-23 -> 2024-25,CAVEAT: items differ across years but map to a constant competency framework. Item-level year comparisons mix learning and instrument change; competency-level comparisons are more defensible (still assume similar difficulty within competency). Prefer rankings and competency-level statements across years.
Davanagere,B0028 channagiri,C0027 ajjihalli,51.74,10.0,89,50.42,15.0,189,-1.32,5.0,-0.66,2022-23 -> 2024-25,CAVEAT: items differ across years but map to a constant competency framework. Item-level year comparisons mix learning and instrument change; competency-level comparisons are more defensible (still assume similar difficulty within competency). Prefer rankings and competency-level statements across years.
Chitradurga,B0063 hosadurga,C0883 kanchipura,53.0,10.0,265,51.7,5.0,103,-1.3,-5.0,-0.65,2022-23 -> 2024-25,CAVEAT: items differ across years but map to a constant competency framework. Item-level year comparisons mix learning and instrument change; competency-level comparisons are more defensible (still assume similar difficulty within competency). Prefer rankings and competency-level statements across years.
Kalaburagi,B0001 afzalpur,C0219 bhairamadagi,50.17,5.0,118,48.87,5.0,137,-1.3,0.0,-0.65,2022-23 -> 2024-25,CAVEAT: items differ across years but map to a constant competency framework. Item-level year comparisons mix learning and instrument change; competency-level comparisons are more defensible (still assume similar difficulty within competency). Prefer rankings and competency-level statements across years.
Bidar,B0007 aurad,C1042 kushnoor-t,58.17,25.0,93,56.88,15.0,144,-1.29,-10.0,-0.64,2022-23 -> 2024-25,CAVEAT: items differ across years but map to a constant competency framework. Item-level year comparisons mix learning and instrument change; competency-level comparisons are more defensible (still assume similar difficulty within competency). Prefer rankings and competency-level statements across years.
Chamarajanagara,B0080 kollegala,C1034 kunthur,49.1,5.0,249,47.81,10.0,253,-1.29,5.0,-0.64,2022-23 -> 2024-25,CAVEAT: items differ across years but map to a constant competency framework. Item-level year comparisons mix learning and instrument change; competency-level comparisons are more defensible (still assume similar difficulty within competency). Prefer rankings and competency-level statements across years.
Bagalkote,B0069 hunagund,C0317 chicknal,62.41,25.0,108,61.12,25.0,80,-1.29,0.0,-0.64,2022-23 -> 2024-25,CAVEAT: items differ across years but map to a constant competency framework. Item-level year comparisons mix learning and instrument change; competency-level comparisons are more defensible (still assume similar difficulty within competency). Prefer rankings and competency-level statements across years.
Dharwad,B0076 kalghatagi,C1189 mishrikoti,59.86,17.5,346,58.58,25.0,531,-1.28,7.5,-0.64,2022-23 -> 2024-25,CAVEAT: items differ across years but map to a constant competency framework. Item-level year comparisons mix learning and instrument change; competency-level comparisons are more defensible (still assume similar difficulty within competency). Prefer rankings and competency-level statements across years.
Kolar,B0131 srinivasapur,C0290 chaldiganahalli,55.68,25.0,59,54.43,20.0,61,-1.25,-5.0,-0.62,2022-23 -> 2024-25,CAVEAT: items differ across years but map to a constant competency framework. Item-level year comparisons mix learning and instrument change; competency-level comparisons are more defensible (still assume similar difficulty within competency). Prefer rankings and competency-level statements across years.
Kalaburagi,B0033 chincholi,C0312 chengata,40.57,2.0,175,39.33,8.5,178,-1.24,6.5,-0.62,2022-23 -> 2024-25,CAVEAT: items differ across years but map to a constant competency framework. Item-level year comparisons mix learning and instrument change; competency-level comparisons are more defensible (still assume similar difficulty within competency). Prefer rankings and competency-level statements across years.
Chamarajanagara,B0080 kollegala,C1460 sathegala,45.53,10.0,217,44.32,10.0,176,-1.21,0.0,-0.6,2022-23 -> 2024-25,CAVEAT: items differ across years but map to a constant competency framework. Item-level year comparisons mix learning and instrument change; competency-level comparisons are more defensible (still assume similar difficulty within competency). Prefer rankings and competency-level statements across years.
Raichur,B0111 raichur,C1742 yelebichali,45.39,0.0,165,44.18,10.0,134,-1.21,10.0,-0.6,2022-23 -> 2024-25,CAVEAT: items differ across years but map to a constant competency framework. Item-level year comparisons mix learning and instrument change; competency-level comparisons are more defensible (still assume similar difficulty within competency). Prefer rankings and competency-level statements across years.
Gadag,B0102 mundaragi,C0128 bagewadi,44.92,10.0,126,43.75,10.0,293,-1.17,0.0,-0.58,2022-23 -> 2024-25,CAVEAT: items differ across years but map to a constant competency framework. Item-level year comparisons mix learning and instrument change; competency-level comparisons are more defensible (still assume similar difficulty within competency). Prefer rankings and competency-level statements across years.
Bidar,B0007 aurad,C1209 mudhol (b),71.73,40.0,52,70.59,40.0,76,-1.14,0.0,-0.57,2022-23 -> 2024-25,CAVEAT: items differ across years but map to a constant competency framework. Item-level year comparisons mix learning and instrument change; competency-level comparisons are more defensible (still assume similar difficulty within competency). Prefer rankings and competency-level statements across years.
Bengaluru Rural,B0042 doddaballapura,C1604 thippuru,53.91,15.0,124,52.78,15.0,117,-1.13,0.0,-0.56,2022-23 -> 2024-25,CAVEAT: items differ across years but map to a constant competency framework. Item-level year comparisons mix learning and instrument change; competency-level comparisons are more defensible (still assume similar difficulty within competency). Prefer rankings and competency-level statements across years.
Vijayanagara,B0055 harapanahalli,C0307 chatnihalli,40.75,0.0,161,39.65,5.0,480,-1.1,5.0,-0.55,2022-23 -> 2024-25,CAVEAT: items differ across years but map to a constant competency framework. Item-level year comparisons mix learning and instrument change; competency-level comparisons are more defensible (still assume similar difficulty within competency). Prefer rankings and competency-level statements across years.
Kalaburagi,B0033 chincholi,C0382 degalmadi,39.57,1.5,254,38.5,5.0,224,-1.07,3.5,-0.54,2022-23 -> 2024-25,CAVEAT: items differ across years but map to a constant competency framework. Item-level year comparisons mix learning and instrument change; competency-level comparisons are more defensible (still assume similar difficulty within competency). Prefer rankings and competency-level statements across years.
Gadag,B0102 mundaragi,C0667 hirewaddtti,49.52,10.5,282,48.46,10.0,298,-1.06,-0.5,-0.53,2022-23 -> 2024-25,CAVEAT: items differ across years but map to a constant competency framework. Item-level year comparisons mix learning and instrument change; competency-level comparisons are more defensible (still assume similar difficulty within competency). Prefer rankings and competency-level statements across years.
Kalaburagi,B0002 aland,C0823 kadaganchi,48.12,10.0,444,47.06,10.0,298,-1.06,0.0,-0.53,2022-23 -> 2024-25,CAVEAT: items differ across years but map to a constant competency framework. Item-level year comparisons mix learning and instrument change; competency-level comparisons are more defensible (still assume similar difficulty within competency). Prefer rankings and competency-level statements across years.
Kalaburagi,B0001 afzalpur,C0366 chowdapur,56.34,10.0,242,55.32,23.0,77,-1.02,13.0,-0.51,2022-23 -> 2024-25,CAVEAT: items differ across years but map to a constant competency framework. Item-level year comparisons mix learning and instrument change; competency-level comparisons are more defensible (still assume similar difficulty within competency). Prefer rankings and competency-level statements across years.
Kalaburagi,B0049 gulbarga south,C1445 sannur,42.74,10.0,175,41.76,5.0,148,-0.98,-5.0,-0.49,2022-23 -> 2024-25,CAVEAT: items differ across years but map to a constant competency framework. Item-level year comparisons mix learning and instrument change; competency-level comparisons are more defensible (still assume similar difficulty within competency). Prefer rankings and competency-level statements across years.
Raichur,B0096 manvi,C0123 bagalwada,49.93,10.0,442,48.97,10.0,703,-0.96,0.0,-0.48,2022-23 -> 2024-25,CAVEAT: items differ across years but map to a constant competency framework. Item-level year comparisons mix learning and instrument change; competency-level comparisons are more defensible (still assume similar difficulty within competency). Prefer rankings and competency-level statements across years.
Davanagere,B0062 honnali,C1548 surahonne,46.23,10.0,438,45.31,10.0,293,-0.92,0.0,-0.46,2022-23 -> 2024-25,CAVEAT: items differ across years but map to a constant competency framework. Item-level year comparisons mix learning and instrument change; competency-level comparisons are more defensible (still assume similar difficulty within competency). Prefer rankings and competency-level statements across years.
Chitradurga,B0026 challakere,C1553 t n kote,53.84,10.0,155,52.94,15.0,160,-0.9,5.0,-0.45,2022-23 -> 2024-25,CAVEAT: items differ across years but map to a constant competency framework. Item-level year comparisons mix learning and instrument change; competency-level comparisons are more defensible (still assume similar difficulty within competency). Prefer rankings and competency-level statements across years.
Dharwad,B0041 dharwad,C1560 tadakod,53.41,15.0,593,52.52,15.0,830,-0.89,0.0,-0.44,2022-23 -> 2024-25,CAVEAT: items differ across years but map to a constant competency framework. Item-level year comparisons mix learning and instrument change; competency-level comparisons are more defensible (still assume similar difficulty within competency). Prefer rankings and competency-level statements across years.
Raichur,B0089 lingasugur,C1691 veerapur,43.62,10.0,528,42.75,10.0,256,-0.87,0.0,-0.44,2022-23 -> 2024-25,CAVEAT: items differ across years but map to a constant competency framework. Item-level year comparisons mix learning and instrument change; competency-level comparisons are more defensible (still assume similar difficulty within competency). Prefer rankings and competency-level statements across years.
Hassan,B0005 arasikere,C0483 gandasi,71.88,40.0,77,71.01,35.0,273,-0.87,-5.0,-0.44,2022-23 -> 2024-25,CAVEAT: items differ across years but map to a constant competency framework. Item-level year comparisons mix learning and instrument change; competency-level comparisons are more defensible (still assume similar difficulty within competency). Prefer rankings and competency-level statements across years.
Kolar,B0100 mulbagal,C1278 nangali,48.73,5.0,130,47.88,10.0,229,-0.85,5.0,-0.42,2022-23 -> 2024-25,CAVEAT: items differ across years but map to a constant competency framework. Item-level year comparisons mix learning and instrument change; competency-level comparisons are more defensible (still assume similar difficulty within competency). Prefer rankings and competency-level statements across years.
Bidar,B0019 bhalki,C1318 nittur (b),45.72,10.0,152,44.89,10.0,44,-0.83,0.0,-0.42,2022-23 -> 2024-25,CAVEAT: items differ across years but map to a constant competency framework. Item-level year comparisons mix learning and instrument change; competency-level comparisons are more defensible (still assume similar difficulty within competency). Prefer rankings and competency-level statements across years.
Dharwad,B0076 kalghatagi,C1220 mukkal,61.99,25.0,264,61.16,30.0,541,-0.83,5.0,-0.42,2022-23 -> 2024-25,CAVEAT: items differ across years but map to a constant competency framework. Item-level year comparisons mix learning and instrument change; competency-level comparisons are more defensible (still assume similar difficulty within competency). Prefer rankings and competency-level statements across years.
Yadgir,B0123 shorapur,C1057 laxmipur,59.22,15.0,448,58.42,10.0,590,-0.8,-5.0,-0.4,2022-23 -> 2024-25,CAVEAT: items differ across years but map to a constant competency framework. Item-level year comparisons mix learning and instrument change; competency-level comparisons are more defensible (still assume similar difficulty within competency). Prefer rankings and competency-level statements across years.
Raichur,B0126 sindhanur,C0540 gunda,56.97,10.5,132,56.19,25.0,194,-0.78,14.5,-0.39,2022-23 -> 2024-25,CAVEAT: items differ across years but map to a constant competency framework. Item-level year comparisons mix learning and instrument change; competency-level comparisons are more defensible (still assume similar difficulty within competency). Prefer rankings and competency-level statements across years.
Bagalkote,B0009 bagalkot,C0217 bhagavati,77.76,40.0,114,76.98,45.0,567,-0.78,5.0,-0.39,2022-23 -> 2024-25,CAVEAT: items differ across years but map to a constant competency framework. Item-level year comparisons mix learning and instrument change; competency-level comparisons are more defensible (still assume similar difficulty within competency). Prefer rankings and competency-level statements across years.
Kodagu,B0129 somavarpet,C0596 handli,59.71,20.0,102,58.96,23.0,77,-0.75,3.0,-0.38,2022-23 -> 2024-25,CAVEAT: items differ across years but map to a constant competency framework. Item-level year comparisons mix learning and instrument change; competency-level comparisons are more defensible (still assume similar difficulty within competency). Prefer rankings and competency-level statements across years.
Chikkaballapura,B0124 sidlaghatta,C1612 thummanahalli,46.69,10.0,240,45.95,15.0,131,-0.74,5.0,-0.37,2022-23 -> 2024-25,CAVEAT: items differ across years but map to a constant competency framework. Item-level year comparisons mix learning and instrument change; competency-level comparisons are more defensible (still assume similar difficulty within competency). Prefer rankings and competency-level statements across years.
Raichur,B0126 sindhanur,C0403 devi camp,43.39,5.0,403,42.67,5.0,317,-0.72,0.0,-0.36,2022-23 -> 2024-25,CAVEAT: items differ across years but map to a constant competency framework. Item-level year comparisons mix learning and instrument change; competency-level comparisons are more defensible (still assume similar difficulty within competency). Prefer rankings and competency-level statements across years.
Bagalkote,B0021 bilagi,C1711 yadahalli,58.87,20.0,115,58.21,15.0,238,-0.66,-5.0,-0.33,2022-23 -> 2024-25,CAVEAT: items differ across years but map to a constant competency framework. Item-level year comparisons mix learning and instrument change; competency-level comparisons are more defensible (still assume similar difficulty within competency). Prefer rankings and competency-level statements across years.
Chitradurga,B0097 molakalmur,C0763 j.b.halli,33.46,0.0,298,32.82,0.0,335,-0.64,0.0,-0.32,2022-23 -> 2024-25,CAVEAT: items differ across years but map to a constant competency framework. Item-level year comparisons mix learning and instrument change; competency-level comparisons are more defensible (still assume similar difficulty within competency). Prefer rankings and competency-level statements across years.
Mandya,B0093 malavally,C0153 bandur,62.71,33.0,59,62.1,20.0,155,-0.61,-13.0,-0.3,2022-23 -> 2024-25,CAVEAT: items differ across years but map to a constant competency framework. Item-level year comparisons mix learning and instrument change; competency-level comparisons are more defensible (still assume similar difficulty within competency). Prefer rankings and competency-level statements across years.
Mysuru,B0104 nanjanagud,C1591 thandava pura,52.73,15.0,119,52.17,15.0,233,-0.56,0.0,-0.28,2022-23 -> 2024-25,CAVEAT: items differ across years but map to a constant competency framework. Item-level year comparisons mix learning and instrument change; competency-level comparisons are more defensible (still assume similar difficulty within competency). Prefer rankings and competency-level statements across years.
Bengaluru Rural,B0107 nelamangala,C1142 maralakunte,68.56,40.0,118,68.05,35.0,113,-0.51,-5.0,-0.26,2022-23 -> 2024-25,CAVEAT: items differ across years but map to a constant competency framework. Item-level year comparisons mix learning and instrument change; competency-level comparisons are more defensible (still assume similar difficulty within competency). Prefer rankings and competency-level statements across years.
Kalaburagi,B0073 jewargi,C1114 malli,55.84,15.0,670,55.35,11.0,683,-0.49,-4.0,-0.24,2022-23 -> 2024-25,CAVEAT: items differ across years but map to a constant competency framework. Item-level year comparisons mix learning and instrument change; competency-level comparisons are more defensible (still assume similar difficulty within competency). Prefer rankings and competency-level statements across years.
Chitradurga,B0060 holalkere,C0241 bidarakere,56.95,10.0,110,56.47,15.0,85,-0.48,5.0,-0.24,2022-23 -> 2024-25,CAVEAT: items differ across years but map to a constant competency framework. Item-level year comparisons mix learning and instrument change; competency-level comparisons are more defensible (still assume similar difficulty within competency). Prefer rankings and competency-level statements across years.
Bengaluru Rural,B0064 hosakote,C0277 bylanarasapura,61.08,25.0,176,60.62,25.0,243,-0.46,0.0,-0.23,2022-23 -> 2024-25,CAVEAT: items differ across years but map to a constant competency framework. Item-level year comparisons mix learning and instrument change; competency-level comparisons are more defensible (still assume similar difficulty within competency). Prefer rankings and competency-level statements across years.
Bagalkote,B0099 mudhol,C2637 soragaon,60.96,20.5,182,60.5,25.0,327,-0.46,4.5,-0.23,2022-23 -> 2024-25,CAVEAT: items differ across years but map to a constant competency framework. Item-level year comparisons mix learning and instrument change; competency-level comparisons are more defensible (still assume similar difficulty within competency). Prefer rankings and competency-level statements across years.
Tumakuru,B0136 tumkur,C0609 haraluru,70.06,31.0,83,69.61,40.0,114,-0.45,9.0,-0.22,2022-23 -> 2024-25,CAVEAT: items differ across years but map to a constant competency framework. Item-level year comparisons mix learning and instrument change; competency-level comparisons are more defensible (still assume similar difficulty within competency). Prefer rankings and competency-level statements across years.
Chitradurga,B0035 chitradurga,C0759 iyyanahalli kurubarahatti,35.33,0.0,106,35.0,2.0,135,-0.33,2.0,-0.16,2022-23 -> 2024-25,CAVEAT: items differ across years but map to a constant competency framework. Item-level year comparisons mix learning and instrument change; competency-level comparisons are more defensible (still assume similar difficulty within competency). Prefer rankings and competency-level statements across years.
Koppal,B0085 kuknoor,C1126 mangalore,50.03,15.0,160,49.73,20.0,148,-0.3,5.0,-0.15,2022-23 -> 2024-25,CAVEAT: items differ across years but map to a constant competency framework. Item-level year comparisons mix learning and instrument change; competency-level comparisons are more defensible (still assume similar difficulty within competency). Prefer rankings and competency-level statements across years.
Kolar,B0131 srinivasapur,C1038 kurigepalli,46.61,9.0,59,46.32,10.0,57,-0.29,1.0,-0.14,2022-23 -> 2024-25,CAVEAT: items differ across years but map to a constant competency framework. Item-level year comparisons mix learning and instrument change; competency-level comparisons are more defensible (still assume similar difficulty within competency). Prefer rankings and competency-level statements across years.
Chamarajanagara,B0027 chamarajanagar,C1261 nagavalli,53.43,10.0,197,53.21,8.0,207,-0.22,-2.0,-0.11,2022-23 -> 2024-25,CAVEAT: items differ across years but map to a constant competency framework. Item-level year comparisons mix learning and instrument change; competency-level comparisons are more defensible (still assume similar difficulty within competency). Prefer rankings and competency-level statements across years.
Koppal,B0143 yelburga,C0335 chikkamyagiri,47.15,10.0,344,46.93,10.0,262,-0.22,0.0,-0.11,2022-23 -> 2024-25,CAVEAT: items differ across years but map to a constant competency framework. Item-level year comparisons mix learning and instrument change; competency-level comparisons are more defensible (still assume similar difficulty within competency). Prefer rankings and competency-level statements across years.
Gadag,B0122 shirhatti,C1091 magadi,49.75,10.0,242,49.53,15.0,300,-0.22,5.0,-0.11,2022-23 -> 2024-25,CAVEAT: items differ across years but map to a constant competency framework. Item-level year comparisons mix learning and instrument change; competency-level comparisons are more defensible (still assume similar difficulty within competency). Prefer rankings and competency-level statements across years.
Chikkaballapura,B0030 chikkaballapur,C1146 marasanahalli,62.5,25.0,98,62.3,25.0,113,-0.2,0.0,-0.1,2022-23 -> 2024-25,CAVEAT: items differ across years but map to a constant competency framework. Item-level year comparisons mix learning and instrument change; competency-level comparisons are more defensible (still assume similar difficulty within competency). Prefer rankings and competency-level statements across years.
Raichur,B0039 devadurga,C0999 kottadoddi,52.81,20.0,224,52.61,20.0,163,-0.2,0.0,-0.1,2022-23 -> 2024-25,CAVEAT: items differ across years but map to a constant competency framework. Item-level year comparisons mix learning and instrument change; competency-level comparisons are more defensible (still assume similar difficulty within competency). Prefer rankings and competency-level statements across years.
Kalaburagi,B0036 chittapur,C0085 arankal,37.91,0.0,258,37.71,10.0,179,-0.2,10.0,-0.1,2022-23 -> 2024-25,CAVEAT: items differ across years but map to a constant competency framework. Item-level year comparisons mix learning and instrument change; competency-level comparisons are more defensible (still assume similar difficulty within competency). Prefer rankings and competency-level statements across years.
Chamarajanagara,B0027 chamarajanagar,C0122 bagali,70.56,40.0,162,70.38,35.0,275,-0.18,-5.0,-0.09,2022-23 -> 2024-25,CAVEAT: items differ across years but map to a constant competency framework. Item-level year comparisons mix learning and instrument change; competency-level comparisons are more defensible (still assume similar difficulty within competency). Prefer rankings and competency-level statements across years.
Koppal,B0143 yelburga,C1211 mudhol,58.66,10.0,582,58.5,10.0,441,-0.16,0.0,-0.08,2022-23 -> 2024-25,CAVEAT: items differ across years but map to a constant competency framework. Item-level year comparisons mix learning and instrument change; competency-level comparisons are more defensible (still assume similar difficulty within competency). Prefer rankings and competency-level statements across years.
Chitradurga,B0063 hosadurga,C0191 belaguru,56.48,5.0,81,56.33,10.0,165,-0.15,5.0,-0.08,2022-23 -> 2024-25,CAVEAT: items differ across years but map to a constant competency framework. Item-level year comparisons mix learning and instrument change; competency-level comparisons are more defensible (still assume similar difficulty within competency). Prefer rankings and competency-level statements across years.
Chikkaballapura,B0030 chikkaballapur,C1534 srirampura,54.83,20.0,145,54.72,18.5,158,-0.11,-1.5,-0.06,2022-23 -> 2024-25,CAVEAT: items differ across years but map to a constant competency framework. Item-level year comparisons mix learning and instrument change; competency-level comparisons are more defensible (still assume similar difficulty within competency). Prefer rankings and competency-level statements across years.
Raichur,B0089 lingasugur,C0157 bannigol,47.85,10.0,393,47.75,10.0,295,-0.1,0.0,-0.05,2022-23 -> 2024-25,CAVEAT: items differ across years but map to a constant competency framework. Item-level year comparisons mix learning and instrument change; competency-level comparisons are more defensible (still assume similar difficulty within competency). Prefer rankings and competency-level statements across years.
Kolar,B0131 srinivasapur,C1368 pulugoorkote,44.9,5.0,143,44.82,5.0,113,-0.08,0.0,-0.04,2022-23 -> 2024-25,CAVEAT: items differ across years but map to a constant competency framework. Item-level year comparisons mix learning and instrument change; competency-level comparisons are more defensible (still assume similar difficulty within competency). Prefer rankings and competency-level statements across years.
Kalaburagi,B0002 aland,C0450 durga siroor,45.87,10.0,335,45.82,12.5,276,-0.05,2.5,-0.02,2022-23 -> 2024-25,CAVEAT: items differ across years but map to a constant competency framework. Item-level year comparisons mix learning and instrument change; competency-level comparisons are more defensible (still assume similar difficulty within competency). Prefer rankings and competency-level statements across years.
Bidar,B0015 basavakalyan,C0617 harkood,44.62,10.0,340,44.6,9.0,249,-0.02,-1.0,-0.01,2022-23 -> 2024-25,CAVEAT: items differ across years but map to a constant competency framework. Item-level year comparisons mix learning and instrument change; competency-level comparisons are more defensible (still assume similar difficulty within competency). Prefer rankings and competency-level statements across years.
Raichur,B0096 manvi,C1367 potnal,44.42,10.0,258,44.51,10.5,122,0.09,0.5,0.04,2022-23 -> 2024-25,CAVEAT: items differ across years but map to a constant competency framework. Item-level year comparisons mix learning and instrument change; competency-level comparisons are more defensible (still assume similar difficulty within competency). Prefer rankings and competency-level statements across years.
Chikkaballapura,B0010 bagepally,C1148 marganukunte,39.11,5.0,190,39.21,5.0,158,0.1,0.0,0.05,2022-23 -> 2024-25,CAVEAT: items differ across years but map to a constant competency framework. Item-level year comparisons mix learning and instrument change; competency-level comparisons are more defensible (still assume similar difficulty within competency). Prefer rankings and competency-level statements across years.
Kalaburagi,B0048 gulbarga north,C0619 harsoor,46.13,5.0,234,46.25,20.0,84,0.12,15.0,0.06,2022-23 -> 2024-25,CAVEAT: items differ across years but map to a constant competency framework. Item-level year comparisons mix learning and instrument change; competency-level comparisons are more defensible (still assume similar difficulty within competency). Prefer rankings and competency-level statements across years.
Kodagu,B0092 madikeri,C1090 madikeri,67.16,30.0,67,67.29,45.0,72,0.13,15.0,0.06,2022-23 -> 2024-25,CAVEAT: items differ across years but map to a constant competency framework. Item-level year comparisons mix learning and instrument change; competency-level comparisons are more defensible (still assume similar difficulty within competency). Prefer rankings and competency-level statements across years.
Haveri,B0023 byadagi,C2603 shidenur,64.91,25.0,164,65.05,30.0,523,0.14,5.0,0.07,2022-23 -> 2024-25,CAVEAT: items differ across years but map to a constant competency framework. Item-level year comparisons mix learning and instrument change; competency-level comparisons are more defensible (still assume similar difficulty within competency). Prefer rankings and competency-level statements across years.
Gadag,B0115 ron,C1526 soodi,53.7,15.0,142,53.84,10.0,358,0.14,-5.0,0.07,2022-23 -> 2024-25,CAVEAT: items differ across years but map to a constant competency framework. Item-level year comparisons mix learning and instrument change; competency-level comparisons are more defensible (still assume similar difficulty within competency). Prefer rankings and competency-level statements across years.
Kalaburagi,B0119 sedam,C0965 kolakunda,32.03,0.0,232,32.24,5.0,212,0.21,5.0,0.1,2022-23 -> 2024-25,CAVEAT: items differ across years but map to a constant competency framework. Item-level year comparisons mix learning and instrument change; competency-level comparisons are more defensible (still assume similar difficulty within competency). Prefer rankings and competency-level statements across years.
Kalaburagi,B0073 jewargi,C0966 kolakur,54.88,20.0,249,55.14,20.0,180,0.26,0.0,0.13,2022-23 -> 2024-25,CAVEAT: items differ across years but map to a constant competency framework. Item-level year comparisons mix learning and instrument change; competency-level comparisons are more defensible (still assume similar difficulty within competency). Prefer rankings and competency-level statements across years.
Chitradurga,B0063 hosadurga,C0129 baguru,56.54,20.0,136,56.83,17.0,235,0.29,-3.0,0.14,2022-23 -> 2024-25,CAVEAT: items differ across years but map to a constant competency framework. Item-level year comparisons mix learning and instrument change; competency-level comparisons are more defensible (still assume similar difficulty within competency). Prefer rankings and competency-level statements across years.
Tumakuru,B0136 tumkur,C1312 niduvalalu,72.08,40.0,77,72.38,41.0,63,0.3,1.0,0.15,2022-23 -> 2024-25,CAVEAT: items differ across years but map to a constant competency framework. Item-level year comparisons mix learning and instrument change; competency-level comparisons are more defensible (still assume similar difficulty within competency). Prefer rankings and competency-level statements across years.
Tumakuru,B0031 chiknayakanhalli,C1601 thimmanahalli,53.72,15.0,148,54.07,20.0,86,0.35,5.0,0.18,2022-23 -> 2024-25,CAVEAT: items differ across years but map to a constant competency framework. Item-level year comparisons mix learning and instrument change; competency-level comparisons are more defensible (still assume similar difficulty within competency). Prefer rankings and competency-level statements across years.
Raichur,B0089 lingasugur,C1446 santekellur,45.79,10.0,429,46.14,7.0,105,0.35,-3.0,0.18,2022-23 -> 2024-25,CAVEAT: items differ across years but map to a constant competency framework. Item-level year comparisons mix learning and instrument change; competency-level comparisons are more defensible (still assume similar difficulty within competency). Prefer rankings and competency-level statements across years.
Dharwad,B0086 kundagol,C0618 harlapur,66.41,39.0,149,66.77,35.0,300,0.36,-4.0,0.18,2022-23 -> 2024-25,CAVEAT: items differ across years but map to a constant competency framework. Item-level year comparisons mix learning and instrument change; competency-level comparisons are more defensible (still assume similar difficulty within competency). Prefer rankings and competency-level statements across years.
Kalaburagi,B0033 chincholi,C0347 chimmaidalai,41.9,2.0,295,42.4,5.0,225,0.5,3.0,0.25,2022-23 -> 2024-25,CAVEAT: items differ across years but map to a constant competency framework. Item-level year comparisons mix learning and instrument change; competency-level comparisons are more defensible (still assume similar difficulty within competency). Prefer rankings and competency-level statements across years.
Chitradurga,B0026 challakere,C0436 dodderi,36.87,5.0,345,37.37,0.0,283,0.5,-5.0,0.25,2022-23 -> 2024-25,CAVEAT: items differ across years but map to a constant competency framework. Item-level year comparisons mix learning and instrument change; competency-level comparisons are more defensible (still assume similar difficulty within competency). Prefer rankings and competency-level statements across years.
Raichur,B0126 sindhanur,C0526 gudadur,48.92,5.0,106,49.5,10.0,150,0.58,5.0,0.29,2022-23 -> 2024-25,CAVEAT: items differ across years but map to a constant competency framework. Item-level year comparisons mix learning and instrument change; competency-level comparisons are more defensible (still assume similar difficulty within competency). Prefer rankings and competency-level statements across years.
Bengaluru Rural,B0040 devanahalli,C0433 doddasanne,88.67,75.0,180,89.26,75.0,141,0.59,0.0,0.29,2022-23 -> 2024-25,CAVEAT: items differ across years but map to a constant competency framework. Item-level year comparisons mix learning and instrument change; competency-level comparisons are more defensible (still assume similar difficulty within competency). Prefer rankings and competency-level statements across years.
Tumakuru,B0136 tumkur,C1330 oordigere,59.65,16.0,143,60.24,23.5,168,0.59,7.5,0.29,2022-23 -> 2024-25,CAVEAT: items differ across years but map to a constant competency framework. Item-level year comparisons mix learning and instrument change; competency-level comparisons are more defensible (still assume similar difficulty within competency). Prefer rankings and competency-level statements across years.
Chitradurga,B0059 hiriyur,C0937 khandenahalli,56.76,15.0,148,57.39,17.5,46,0.63,2.5,0.32,2022-23 -> 2024-25,CAVEAT: items differ across years but map to a constant competency framework. Item-level year comparisons mix learning and instrument change; competency-level comparisons are more defensible (still assume similar difficulty within competency). Prefer rankings and competency-level statements across years.
Dharwad,B0076 kalghatagi,C0477 galagi hulakoppa,58.43,15.0,506,59.07,25.0,302,0.64,10.0,0.32,2022-23 -> 2024-25,CAVEAT: items differ across years but map to a constant competency framework. Item-level year comparisons mix learning and instrument change; competency-level comparisons are more defensible (still assume similar difficulty within competency). Prefer rankings and competency-level statements across years.
Kalaburagi,B0048 gulbarga north,C1329 okali,50.32,10.0,78,50.96,13.0,47,0.64,3.0,0.32,2022-23 -> 2024-25,CAVEAT: items differ across years but map to a constant competency framework. Item-level year comparisons mix learning and instrument change; competency-level comparisons are more defensible (still assume similar difficulty within competency). Prefer rankings and competency-level statements across years.
Chikkaballapura,B0030 chikkaballapur,C1366 poshettihalli,51.49,10.0,198,52.27,15.0,154,0.78,5.0,0.39,2022-23 -> 2024-25,CAVEAT: items differ across years but map to a constant competency framework. Item-level year comparisons mix learning and instrument change; competency-level comparisons are more defensible (still assume similar difficulty within competency). Prefer rankings and competency-level statements across years.
Chikkaballapura,B0034 chintamani,C0978 konapalli,62.45,20.0,141,63.23,20.0,172,0.78,0.0,0.39,2022-23 -> 2024-25,CAVEAT: items differ across years but map to a constant competency framework. Item-level year comparisons mix learning and instrument change; competency-level comparisons are more defensible (still assume similar difficulty within competency). Prefer rankings and competency-level statements across years.
Chikkaballapura,B0124 sidlaghatta,C0309 cheemangala,55.4,20.0,99,56.21,20.0,281,0.81,0.0,0.4,2022-23 -> 2024-25,CAVEAT: items differ across years but map to a constant competency framework. Item-level year comparisons mix learning and instrument change; competency-level comparisons are more defensible (still assume similar difficulty within competency). Prefer rankings and competency-level statements across years.
Raichur,B0039 devadurga,C0484 gandhal,57.27,15.0,247,58.14,25.0,86,0.87,10.0,0.44,2022-23 -> 2024-25,CAVEAT: items differ across years but map to a constant competency framework. Item-level year comparisons mix learning and instrument change; competency-level comparisons are more defensible (still assume similar difficulty within competency). Prefer rankings and competency-level statements across years.
Chitradurga,B0059 hiriyur,C1680 v.v.pura,46.05,15.0,215,46.92,10.0,167,0.87,-5.0,0.44,2022-23 -> 2024-25,CAVEAT: items differ across years but map to a constant competency framework. Item-level year comparisons mix learning and instrument change; competency-level comparisons are more defensible (still assume similar difficulty within competency). Prefer rankings and competency-level statements across years.
Chitradurga,B0059 hiriyur,C0084 aranakatte,51.12,5.0,192,51.99,16.0,113,0.87,11.0,0.44,2022-23 -> 2024-25,CAVEAT: items differ across years but map to a constant competency framework. Item-level year comparisons mix learning and instrument change; competency-level comparisons are more defensible (still assume similar difficulty within competency). Prefer rankings and competency-level statements across years.
Kalaburagi,B0002 aland,C1454 sarsamba,36.55,0.0,323,37.46,5.0,252,0.91,5.0,0.46,2022-23 -> 2024-25,CAVEAT: items differ across years but map to a constant competency framework. Item-level year comparisons mix learning and instrument change; competency-level comparisons are more defensible (still assume similar difficulty within competency). Prefer rankings and competency-level statements across years.
Mandya,B0090 maddur,C1005 kowdale,60.21,40.0,73,61.14,25.0,70,0.93,-15.0,0.46,2022-23 -> 2024-25,CAVEAT: items differ across years but map to a constant competency framework. Item-level year comparisons mix learning and instrument change; competency-level comparisons are more defensible (still assume similar difficulty within competency). Prefer rankings and competency-level statements across years.
Bengaluru Rural,B0107 nelamangala,C1523 sompura,58.46,15.5,162,59.43,27.5,106,0.97,12.0,0.48,2022-23 -> 2024-25,CAVEAT: items differ across years but map to a constant competency framework. Item-level year comparisons mix learning and instrument change; competency-level comparisons are more defensible (still assume similar difficulty within competency). Prefer rankings and competency-level statements across years.
Chikkaballapura,B0034 chintamani,C1273 nandiganahalli,63.12,30.0,88,64.17,20.0,132,1.05,-10.0,0.52,2022-23 -> 2024-25,CAVEAT: items differ across years but map to a constant competency framework. Item-level year comparisons mix learning and instrument change; competency-level comparisons are more defensible (still assume similar difficulty within competency). Prefer rankings and competency-level statements across years.
Bidar,B0015 basavakalyan,C0851 kalkora,27.87,5.0,143,28.93,5.0,131,1.06,0.0,0.53,2022-23 -> 2024-25,CAVEAT: items differ across years but map to a constant competency framework. Item-level year comparisons mix learning and instrument change; competency-level comparisons are more defensible (still assume similar difficulty within competency). Prefer rankings and competency-level statements across years.
Raichur,B0089 lingasugur,C0846 kalapur,46.38,10.0,214,47.45,15.0,106,1.07,5.0,0.54,2022-23 -> 2024-25,CAVEAT: items differ across years but map to a constant competency framework. Item-level year comparisons mix learning and instrument change; competency-level comparisons are more defensible (still assume similar difficulty within competency). Prefer rankings and competency-level statements across years.
Bidar,B0015 basavakalyan,C1316 nirgudi,36.31,5.0,176,37.4,5.0,100,1.09,0.0,0.54,2022-23 -> 2024-25,CAVEAT: items differ across years but map to a constant competency framework. Item-level year comparisons mix learning and instrument change; competency-level comparisons are more defensible (still assume similar difficulty within competency). Prefer rankings and competency-level statements across years.
Chitradurga,B0063 hosadurga,C0434 doddathekalavatti,50.77,5.0,265,51.88,10.0,407,1.11,5.0,0.56,2022-23 -> 2024-25,CAVEAT: items differ across years but map to a constant competency framework. Item-level year comparisons mix learning and instrument change; competency-level comparisons are more defensible (still assume similar difficulty within competency). Prefer rankings and competency-level statements across years.
Bengaluru Rural,B0107 nelamangala,C0019 agalakuppe,64.06,30.0,101,65.19,20.0,132,1.13,-10.0,0.56,2022-23 -> 2024-25,CAVEAT: items differ across years but map to a constant competency framework. Item-level year comparisons mix learning and instrument change; competency-level comparisons are more defensible (still assume similar difficulty within competency). Prefer rankings and competency-level statements across years.
Davanagere,B0056 harihara,C0163 banuvalli,48.5,10.0,360,49.66,10.0,484,1.16,0.0,0.58,2022-23 -> 2024-25,CAVEAT: items differ across years but map to a constant competency framework. Item-level year comparisons mix learning and instrument change; competency-level comparisons are more defensible (still assume similar difficulty within competency). Prefer rankings and competency-level statements across years.
Kalaburagi,B0036 chittapur,C0631 hebbal,36.48,5.0,233,37.64,5.0,231,1.16,0.0,0.58,2022-23 -> 2024-25,CAVEAT: items differ across years but map to a constant competency framework. Item-level year comparisons mix learning and instrument change; competency-level comparisons are more defensible (still assume similar difficulty within competency). Prefer rankings and competency-level statements across years.
Kalaburagi,B0119 sedam,C1211 mudhol,26.62,0.0,145,27.79,5.0,86,1.17,5.0,0.58,2022-23 -> 2024-25,CAVEAT: items differ across years but map to a constant competency framework. Item-level year comparisons mix learning and instrument change; competency-level comparisons are more defensible (still assume similar difficulty within competency). Prefer rankings and competency-level statements across years.
Kalaburagi,B0048 gulbarga north,C1096 mahagaon,48.18,10.0,99,49.38,20.0,144,1.2,10.0,0.6,2022-23 -> 2024-25,CAVEAT: items differ across years but map to a constant competency framework. Item-level year comparisons mix learning and instrument change; competency-level comparisons are more defensible (still assume similar difficulty within competency). Prefer rankings and competency-level statements across years.
Koppal,B0088 kustagi,C0444 dotihal,48.85,10.0,418,50.05,20.0,101,1.2,10.0,0.6,2022-23 -> 2024-25,CAVEAT: items differ across years but map to a constant competency framework. Item-level year comparisons mix learning and instrument change; competency-level comparisons are more defensible (still assume similar difficulty within competency). Prefer rankings and competency-level statements across years.
Kodagu,B0092 madikeri,C1437 sampaje,65.39,25.0,152,66.7,35.0,153,1.31,10.0,0.66,2022-23 -> 2024-25,CAVEAT: items differ across years but map to a constant competency framework. Item-level year comparisons mix learning and instrument change; competency-level comparisons are more defensible (still assume similar difficulty within competency). Prefer rankings and competency-level statements across years.
Gadag,B0115 ron,C0096 asuti,64.85,35.0,267,66.17,30.0,564,1.32,-5.0,0.66,2022-23 -> 2024-25,CAVEAT: items differ across years but map to a constant competency framework. Item-level year comparisons mix learning and instrument change; competency-level comparisons are more defensible (still assume similar difficulty within competency). Prefer rankings and competency-level statements across years.
Bidar,B0019 bhalki,C0570 halbarga (urdu),25.97,0.0,119,27.31,5.0,214,1.34,5.0,0.67,2022-23 -> 2024-25,CAVEAT: items differ across years but map to a constant competency framework. Item-level year comparisons mix learning and instrument change; competency-level comparisons are more defensible (still assume similar difficulty within competency). Prefer rankings and competency-level statements across years.
Tumakuru,B0046 gubbi,C0052 ammana ghatta,74.85,45.0,98,76.19,36.0,113,1.34,-9.0,0.67,2022-23 -> 2024-25,CAVEAT: items differ across years but map to a constant competency framework. Item-level year comparisons mix learning and instrument change; competency-level comparisons are more defensible (still assume similar difficulty within competency). Prefer rankings and competency-level statements across years.
Tumakuru,B0136 tumkur,C1473 seethakal,64.47,25.0,114,65.83,20.0,127,1.36,-5.0,0.68,2022-23 -> 2024-25,CAVEAT: items differ across years but map to a constant competency framework. Item-level year comparisons mix learning and instrument change; competency-level comparisons are more defensible (still assume similar difficulty within competency). Prefer rankings and competency-level statements across years.
Chitradurga,B0026 challakere,C0770 jajuru,37.92,5.0,197,39.29,5.0,541,1.37,0.0,0.68,2022-23 -> 2024-25,CAVEAT: items differ across years but map to a constant competency framework. Item-level year comparisons mix learning and instrument change; competency-level comparisons are more defensible (still assume similar difficulty within competency). Prefer rankings and competency-level statements across years.
Kolar,B0100 mulbagal,C1214 mudiyanur,67.19,25.0,80,68.6,24.0,89,1.41,-1.0,0.7,2022-23 -> 2024-25,CAVEAT: items differ across years but map to a constant competency framework. Item-level year comparisons mix learning and instrument change; competency-level comparisons are more defensible (still assume similar difficulty within competency). Prefer rankings and competency-level statements across years.
Yadgir,B0141 yadgir,C0475 gajarkot,51.29,10.0,284,52.7,25.0,159,1.41,15.0,0.7,2022-23 -> 2024-25,CAVEAT: items differ across years but map to a constant competency framework. Item-level year comparisons mix learning and instrument change; competency-level comparisons are more defensible (still assume similar difficulty within competency). Prefer rankings and competency-level statements across years.
Chitradurga,B0059 hiriyur,C0115 babbur,48.02,5.0,260,49.43,5.0,512,1.41,0.0,0.7,2022-23 -> 2024-25,CAVEAT: items differ across years but map to a constant competency framework. Item-level year comparisons mix learning and instrument change; competency-level comparisons are more defensible (still assume similar difficulty within competency). Prefer rankings and competency-level statements across years.
Bidar,B0019 bhalki,C1707 wanjarkhed marathi,50.0,15.0,107,51.43,11.5,84,1.43,-3.5,0.72,2022-23 -> 2024-25,CAVEAT: items differ across years but map to a constant competency framework. Item-level year comparisons mix learning and instrument change; competency-level comparisons are more defensible (still assume similar difficulty within competency). Prefer rankings and competency-level statements across years.
Mysuru,B0133 t.n.pura,C1106 maliyur,49.13,10.0,86,50.6,10.0,116,1.47,0.0,0.74,2022-23 -> 2024-25,CAVEAT: items differ across years but map to a constant competency framework. Item-level year comparisons mix learning and instrument change; competency-level comparisons are more defensible (still assume similar difficulty within competency). Prefer rankings and competency-level statements across years.
Davanagere,B0037 davanagere(n),C0886 kandanakovi,56.83,10.0,63,58.3,20.5,112,1.47,10.5,0.74,2022-23 -> 2024-25,CAVEAT: items differ across years but map to a constant competency framework. Item-level year comparisons mix learning and instrument change; competency-level comparisons are more defensible (still assume similar difficulty within competency). Prefer rankings and competency-level statements across years.
Raichur,B0039 devadurga,C1109 malladevaragudda,39.82,5.0,169,41.32,10.0,266,1.5,5.0,0.75,2022-23 -> 2024-25,CAVEAT: items differ across years but map to a constant competency framework. Item-level year comparisons mix learning and instrument change; competency-level comparisons are more defensible (still assume similar difficulty within competency). Prefer rankings and competency-level statements across years.
Kodagu,B0140 virajpet,C1044 kutta,36.56,0.0,211,38.06,5.0,183,1.5,5.0,0.75,2022-23 -> 2024-25,CAVEAT: items differ across years but map to a constant competency framework. Item-level year comparisons mix learning and instrument change; competency-level comparisons are more defensible (still assume similar difficulty within competency). Prefer rankings and competency-level statements across years.
Dharwad,B0076 kalghatagi,C1558 tabakadhonnali,59.7,20.0,627,61.23,30.0,733,1.53,10.0,0.76,2022-23 -> 2024-25,CAVEAT: items differ across years but map to a constant competency framework. Item-level year comparisons mix learning and instrument change; competency-level comparisons are more defensible (still assume similar difficulty within competency). Prefer rankings and competency-level statements across years.
Chitradurga,B0026 challakere,C1388 ramajogihalli,57.67,10.0,343,59.21,20.0,158,1.54,10.0,0.77,2022-23 -> 2024-25,CAVEAT: items differ across years but map to a constant competency framework. Item-level year comparisons mix learning and instrument change; competency-level comparisons are more defensible (still assume similar difficulty within competency). Prefer rankings and competency-level statements across years.
Yadgir,B0141 yadgir,C0120 badiyal,51.59,15.0,85,53.14,25.0,236,1.55,10.0,0.78,2022-23 -> 2024-25,CAVEAT: items differ across years but map to a constant competency framework. Item-level year comparisons mix learning and instrument change; competency-level comparisons are more defensible (still assume similar difficulty within competency). Prefer rankings and competency-level statements across years.
Mandya,B0093 malavally,C1909 byadarahalli,60.67,25.0,67,62.22,34.0,79,1.55,9.0,0.78,2022-23 -> 2024-25,CAVEAT: items differ across years but map to a constant competency framework. Item-level year comparisons mix learning and instrument change; competency-level comparisons are more defensible (still assume similar difficulty within competency). Prefer rankings and competency-level statements across years.
Dharwad,B0076 kalghatagi,C1009 kudalagi,50.76,10.0,283,52.32,17.5,196,1.56,7.5,0.78,2022-23 -> 2024-25,CAVEAT: items differ across years but map to a constant competency framework. Item-level year comparisons mix learning and instrument change; competency-level comparisons are more defensible (still assume similar difficulty within competency). Prefer rankings and competency-level statements across years.
Davanagere,B0062 honnali,C0192 belaguthi,58.28,8.0,67,59.88,20.0,206,1.6,12.0,0.8,2022-23 -> 2024-25,CAVEAT: items differ across years but map to a constant competency framework. Item-level year comparisons mix learning and instrument change; competency-level comparisons are more defensible (still assume similar difficulty within competency). Prefer rankings and competency-level statements across years.
Raichur,B0089 lingasugur,C0455 echanal,41.23,5.0,379,42.84,5.0,513,1.61,0.0,0.8,2022-23 -> 2024-25,CAVEAT: items differ across years but map to a constant competency framework. Item-level year comparisons mix learning and instrument change; competency-level comparisons are more defensible (still assume similar difficulty within competency). Prefer rankings and competency-level statements across years.
Belagavi,B0130 soundatti,C1636 ugargol,62.35,30.0,130,64.01,25.0,186,1.66,-5.0,0.83,2022-23 -> 2024-25,CAVEAT: items differ across years but map to a constant competency framework. Item-level year comparisons mix learning and instrument change; competency-level comparisons are more defensible (still assume similar difficulty within competency). Prefer rankings and competency-level statements across years.
Chitradurga,B0035 chitradurga,C1026 kunabevu,38.29,5.0,170,39.96,5.0,392,1.67,0.0,0.84,2022-23 -> 2024-25,CAVEAT: items differ across years but map to a constant competency framework. Item-level year comparisons mix learning and instrument change; competency-level comparisons are more defensible (still assume similar difficulty within competency). Prefer rankings and competency-level statements across years.
Raichur,B0089 lingasugur,C0547 guragunta,33.35,5.0,387,35.02,5.0,329,1.67,0.0,0.84,2022-23 -> 2024-25,CAVEAT: items differ across years but map to a constant competency framework. Item-level year comparisons mix learning and instrument change; competency-level comparisons are more defensible (still assume similar difficulty within competency). Prefer rankings and competency-level statements across years.
Gadag,B0122 shirhatti,C1485 shigli,58.11,10.0,299,59.8,25.0,349,1.69,15.0,0.84,2022-23 -> 2024-25,CAVEAT: items differ across years but map to a constant competency framework. Item-level year comparisons mix learning and instrument change; competency-level comparisons are more defensible (still assume similar difficulty within competency). Prefer rankings and competency-level statements across years.
Belagavi,B0075 kagwad,C1488 shiraguppi,54.4,15.0,116,56.12,15.0,223,1.72,0.0,0.86,2022-23 -> 2024-25,CAVEAT: items differ across years but map to a constant competency framework. Item-level year comparisons mix learning and instrument change; competency-level comparisons are more defensible (still assume similar difficulty within competency). Prefer rankings and competency-level statements across years.
Chamarajanagara,B0054 hanur,C1328 odeyarapalya,55.31,20.0,176,57.05,15.0,117,1.74,-5.0,0.87,2022-23 -> 2024-25,CAVEAT: items differ across years but map to a constant competency framework. Item-level year comparisons mix learning and instrument change; competency-level comparisons are more defensible (still assume similar difficulty within competency). Prefer rankings and competency-level statements across years.
Chamarajanagara,B0050 gundlupet,C0339 chikkathuppuru,50.07,10.0,381,51.85,15.0,176,1.78,5.0,0.89,2022-23 -> 2024-25,CAVEAT: items differ across years but map to a constant competency framework. Item-level year comparisons mix learning and instrument change; competency-level comparisons are more defensible (still assume similar difficulty within competency). Prefer rankings and competency-level statements across years.
Kalaburagi,B0036 chittapur,C1077 madaboola,40.75,5.0,179,42.56,16.5,154,1.81,11.5,0.9,2022-23 -> 2024-25,CAVEAT: items differ across years but map to a constant competency framework. Item-level year comparisons mix learning and instrument change; competency-level comparisons are more defensible (still assume similar difficulty within competency). Prefer rankings and competency-level statements across years.
Chitradurga,B0063 hosadurga,C0732 hunavinadu,52.91,14.0,129,54.73,15.0,203,1.82,1.0,0.91,2022-23 -> 2024-25,CAVEAT: items differ across years but map to a constant competency framework. Item-level year comparisons mix learning and instrument change; competency-level comparisons are more defensible (still assume similar difficulty within competency). Prefer rankings and competency-level statements across years.
Yadgir,B0141 yadgir,C1370 putpak,41.44,10.0,97,43.27,10.0,127,1.83,0.0,0.92,2022-23 -> 2024-25,CAVEAT: items differ across years but map to a constant competency framework. Item-level year comparisons mix learning and instrument change; competency-level comparisons are more defensible (still assume similar difficulty within competency). Prefer rankings and competency-level statements across years.
Chitradurga,B0063 hosadurga,C0528 guddadaneralakere,50.56,15.0,162,52.39,10.0,331,1.83,-5.0,0.92,2022-23 -> 2024-25,CAVEAT: items differ across years but map to a constant competency framework. Item-level year comparisons mix learning and instrument change; competency-level comparisons are more defensible (still assume similar difficulty within competency). Prefer rankings and competency-level statements across years.
Kalaburagi,B0002 aland,C0676 hodalur,36.1,5.0,364,37.97,5.0,290,1.87,0.0,0.94,2022-23 -> 2024-25,CAVEAT: items differ across years but map to a constant competency framework. Item-level year comparisons mix learning and instrument change; competency-level comparisons are more defensible (still assume similar difficulty within competency). Prefer rankings and competency-level statements across years.
Davanagere,B0028 channagiri,C0649 hire kogaluru,58.22,15.0,76,60.17,25.0,151,1.95,10.0,0.98,2022-23 -> 2024-25,CAVEAT: items differ across years but map to a constant competency framework. Item-level year comparisons mix learning and instrument change; competency-level comparisons are more defensible (still assume similar difficulty within competency). Prefer rankings and competency-level statements across years.
Chitradurga,B0097 molakalmur,C0592 hanagal,24.03,0.0,365,26.0,0.0,653,1.97,0.0,0.98,2022-23 -> 2024-25,CAVEAT: items differ across years but map to a constant competency framework. Item-level year comparisons mix learning and instrument change; competency-level comparisons are more defensible (still assume similar difficulty within competency). Prefer rankings and competency-level statements across years.
Belagavi,B0067 hukkeri,C1310 nidasoshi,70.52,45.0,144,72.53,35.0,409,2.01,-10.0,1.0,2022-23 -> 2024-25,CAVEAT: items differ across years but map to a constant competency framework. Item-level year comparisons mix learning and instrument change; competency-level comparisons are more defensible (still assume similar difficulty within competency). Prefer rankings and competency-level statements across years.
Gadag,B0122 shirhatti,C1550 suranagi,49.68,10.0,298,51.69,20.0,358,2.01,10.0,1.0,2022-23 -> 2024-25,CAVEAT: items differ across years but map to a constant competency framework. Item-level year comparisons mix learning and instrument change; competency-level comparisons are more defensible (still assume similar difficulty within competency). Prefer rankings and competency-level statements across years.
Bidar,B0019 bhalki,C1049 lakhangaon,38.42,5.0,206,40.47,10.0,53,2.05,5.0,1.02,2022-23 -> 2024-25,CAVEAT: items differ across years but map to a constant competency framework. Item-level year comparisons mix learning and instrument change; competency-level comparisons are more defensible (still assume similar difficulty within competency). Prefer rankings and competency-level statements across years.
Kalaburagi,B0036 chittapur,C0688 honguntta,31.32,0.0,261,33.38,5.0,392,2.06,5.0,1.03,2022-23 -> 2024-25,CAVEAT: items differ across years but map to a constant competency framework. Item-level year comparisons mix learning and instrument change; competency-level comparisons are more defensible (still assume similar difficulty within competency). Prefer rankings and competency-level statements across years.
Gadag,B0122 shirhatti,C0160 bannikoppa,40.11,5.0,136,42.17,10.0,323,2.06,5.0,1.03,2022-23 -> 2024-25,CAVEAT: items differ across years but map to a constant competency framework. Item-level year comparisons mix learning and instrument change; competency-level comparisons are more defensible (still assume similar difficulty within competency). Prefer rankings and competency-level statements across years.
Chitradurga,B0035 chitradurga,C0959 kogunde,38.09,0.0,186,40.19,5.0,180,2.1,5.0,1.05,2022-23 -> 2024-25,CAVEAT: items differ across years but map to a constant competency framework. Item-level year comparisons mix learning and instrument change; competency-level comparisons are more defensible (still assume similar difficulty within competency). Prefer rankings and competency-level statements across years.
Kodagu,B0140 virajpet,C0134 balele,58.87,15.0,203,60.97,35.0,77,2.1,20.0,1.05,2022-23 -> 2024-25,CAVEAT: items differ across years but map to a constant competency framework. Item-level year comparisons mix learning and instrument change; competency-level comparisons are more defensible (still assume similar difficulty within competency). Prefer rankings and competency-level statements across years.
Yadgir,B0123 shorapur,C1252 naganur,54.37,5.0,269,56.48,15.0,199,2.11,10.0,1.05,2022-23 -> 2024-25,CAVEAT: items differ across years but map to a constant competency framework. Item-level year comparisons mix learning and instrument change; competency-level comparisons are more defensible (still assume similar difficulty within competency). Prefer rankings and competency-level statements across years.
Kodagu,B0129 somavarpet,C2040 gonimarur,55.36,15.5,42,57.48,25.0,115,2.12,9.5,1.06,2022-23 -> 2024-25,CAVEAT: items differ across years but map to a constant competency framework. Item-level year comparisons mix learning and instrument change; competency-level comparisons are more defensible (still assume similar difficulty within competency). Prefer rankings and competency-level statements across years.
Davanagere,B0038 davanagere(s),C1095 mahadevipura,57.1,22.0,105,59.23,29.5,130,2.13,7.5,1.07,2022-23 -> 2024-25,CAVEAT: items differ across years but map to a constant competency framework. Item-level year comparisons mix learning and instrument change; competency-level comparisons are more defensible (still assume similar difficulty within competency). Prefer rankings and competency-level statements across years.
Bidar,B0007 aurad,C0865 kamalnagar,46.88,5.0,138,49.02,5.0,178,2.14,0.0,1.07,2022-23 -> 2024-25,CAVEAT: items differ across years but map to a constant competency framework. Item-level year comparisons mix learning and instrument change; competency-level comparisons are more defensible (still assume similar difficulty within competency). Prefer rankings and competency-level statements across years.
Bidar,B0020 bidar,C1122 mandaknalli,45.37,10.0,187,47.52,15.0,165,2.15,5.0,1.08,2022-23 -> 2024-25,CAVEAT: items differ across years but map to a constant competency framework. Item-level year comparisons mix learning and instrument change; competency-level comparisons are more defensible (still assume similar difficulty within competency). Prefer rankings and competency-level statements across years.
Chikkaballapura,B0034 chintamani,C1563 talagavara,50.47,10.0,258,52.65,10.0,151,2.18,0.0,1.09,2022-23 -> 2024-25,CAVEAT: items differ across years but map to a constant competency framework. Item-level year comparisons mix learning and instrument change; competency-level comparisons are more defensible (still assume similar difficulty within competency). Prefer rankings and competency-level statements across years.
Bidar,B0068 humnabad,C0581 hallikhed (k),73.61,50.0,294,75.8,45.0,264,2.19,-5.0,1.1,2022-23 -> 2024-25,CAVEAT: items differ across years but map to a constant competency framework. Item-level year comparisons mix learning and instrument change; competency-level comparisons are more defensible (still assume similar difficulty within competency). Prefer rankings and competency-level statements across years.
Chitradurga,B0063 hosadurga,C0404 devigere,42.16,5.0,167,44.36,5.0,258,2.2,0.0,1.1,2022-23 -> 2024-25,CAVEAT: items differ across years but map to a constant competency framework. Item-level year comparisons mix learning and instrument change; competency-level comparisons are more defensible (still assume similar difficulty within competency). Prefer rankings and competency-level statements across years.
Chamarajanagara,B0054 hanur,C1498 shyagyam,61.04,25.0,207,63.25,30.0,160,2.21,5.0,1.1,2022-23 -> 2024-25,CAVEAT: items differ across years but map to a constant competency framework. Item-level year comparisons mix learning and instrument change; competency-level comparisons are more defensible (still assume similar difficulty within competency). Prefer rankings and competency-level statements across years.
Ballari,B0012 ballari east,C1510 sirivara,56.79,20.0,521,59.07,20.0,842,2.28,0.0,1.14,2022-23 -> 2024-25,CAVEAT: items differ across years but map to a constant competency framework. Item-level year comparisons mix learning and instrument change; competency-level comparisons are more defensible (still assume similar difficulty within competency). Prefer rankings and competency-level statements across years.
Tumakuru,B0031 chiknayakanhalli,C0506 godekere,62.65,20.0,132,64.93,25.0,135,2.28,5.0,1.14,2022-23 -> 2024-25,CAVEAT: items differ across years but map to a constant competency framework. Item-level year comparisons mix learning and instrument change; competency-level comparisons are more defensible (still assume similar difficulty within competency). Prefer rankings and competency-level statements across years.
Yadgir,B0141 yadgir,C1394 ramsamudra,48.4,5.0,234,50.77,20.0,168,2.37,15.0,1.18,2022-23 -> 2024-25,CAVEAT: items differ across years but map to a constant competency framework. Item-level year comparisons mix learning and instrument change; competency-level comparisons are more defensible (still assume similar difficulty within competency). Prefer rankings and competency-level statements across years.
Kolar,B0079 kolar,C0193 belamaranahalli,62.41,20.5,112,64.89,25.0,179,2.48,4.5,1.24,2022-23 -> 2024-25,CAVEAT: items differ across years but map to a constant competency framework. Item-level year comparisons mix learning and instrument change; competency-level comparisons are more defensible (still assume similar difficulty within competency). Prefer rankings and competency-level statements across years.
Kodagu,B0129 somavarpet,C0213 bessur,57.43,17.5,76,59.92,26.0,63,2.49,8.5,1.24,2022-23 -> 2024-25,CAVEAT: items differ across years but map to a constant competency framework. Item-level year comparisons mix learning and instrument change; competency-level comparisons are more defensible (still assume similar difficulty within competency). Prefer rankings and competency-level statements across years.
Raichur,B0111 raichur,C1162 matamari,41.52,5.0,545,44.02,5.0,564,2.5,0.0,1.25,2022-23 -> 2024-25,CAVEAT: items differ across years but map to a constant competency framework. Item-level year comparisons mix learning and instrument change; competency-level comparisons are more defensible (still assume similar difficulty within competency). Prefer rankings and competency-level statements across years.
Raichur,B0111 raichur,C0245 bijanigera,56.1,20.0,177,58.6,15.0,89,2.5,-5.0,1.25,2022-23 -> 2024-25,CAVEAT: items differ across years but map to a constant competency framework. Item-level year comparisons mix learning and instrument change; competency-level comparisons are more defensible (still assume similar difficulty within competency). Prefer rankings and competency-level statements across years.
Kalaburagi,B0002 aland,C0349 chinchansoor,48.17,10.0,317,50.68,25.0,228,2.51,15.0,1.26,2022-23 -> 2024-25,CAVEAT: items differ across years but map to a constant competency framework. Item-level year comparisons mix learning and instrument change; competency-level comparisons are more defensible (still assume similar difficulty within competency). Prefer rankings and competency-level statements across years.
Davanagere,B0028 channagiri,C0781 jammapura,45.37,5.0,107,47.92,9.5,130,2.55,4.5,1.28,2022-23 -> 2024-25,CAVEAT: items differ across years but map to a constant competency framework. Item-level year comparisons mix learning and instrument change; competency-level comparisons are more defensible (still assume similar difficulty within competency). Prefer rankings and competency-level statements across years.
Davanagere,B0071 jagalur,C0241 bidarakere,30.98,0.0,215,33.55,0.0,306,2.57,0.0,1.28,2022-23 -> 2024-25,CAVEAT: items differ across years but map to a constant competency framework. Item-level year comparisons mix learning and instrument change; competency-level comparisons are more defensible (still assume similar difficulty within competency). Prefer rankings and competency-level statements across years.
Chamarajanagara,B0142 yelandur,C1739 yelandur,36.74,9.0,109,39.31,5.0,153,2.57,-4.0,1.28,2022-23 -> 2024-25,CAVEAT: items differ across years but map to a constant competency framework. Item-level year comparisons mix learning and instrument change; competency-level comparisons are more defensible (still assume similar difficulty within competency). Prefer rankings and competency-level statements across years.
Tumakuru,B0127 sira,C0234 bhoovanahally,60.69,25.0,131,63.28,25.0,316,2.59,0.0,1.3,2022-23 -> 2024-25,CAVEAT: items differ across years but map to a constant competency framework. Item-level year comparisons mix learning and instrument change; competency-level comparisons are more defensible (still assume similar difficulty within competency). Prefer rankings and competency-level statements across years.
Bidar,B0020 bidar,C1103 malegaon,31.91,0.0,249,34.54,5.0,263,2.63,5.0,1.32,2022-23 -> 2024-25,CAVEAT: items differ across years but map to a constant competency framework. Item-level year comparisons mix learning and instrument change; competency-level comparisons are more defensible (still assume similar difficulty within competency). Prefer rankings and competency-level statements across years.
Chitradurga,B0035 chitradurga,C1073 m.k.hatti,46.29,10.0,302,49.02,10.0,158,2.73,0.0,1.36,2022-23 -> 2024-25,CAVEAT: items differ across years but map to a constant competency framework. Item-level year comparisons mix learning and instrument change; competency-level comparisons are more defensible (still assume similar difficulty within competency). Prefer rankings and competency-level statements across years.
Gadag,B0122 shirhatti,C0180 battur,58.68,27.0,235,61.43,30.0,346,2.75,3.0,1.38,2022-23 -> 2024-25,CAVEAT: items differ across years but map to a constant competency framework. Item-level year comparisons mix learning and instrument change; competency-level comparisons are more defensible (still assume similar difficulty within competency). Prefer rankings and competency-level statements across years.
Gadag,B0122 shirhatti,C0438 doddur,47.89,10.0,133,50.68,10.0,331,2.79,0.0,1.4,2022-23 -> 2024-25,CAVEAT: items differ across years but map to a constant competency framework. Item-level year comparisons mix learning and instrument change; competency-level comparisons are more defensible (still assume similar difficulty within competency). Prefer rankings and competency-level statements across years.
Chikkaballapura,B0124 sidlaghatta,C0220 bhaktharahalli,50.04,15.0,138,52.83,15.0,221,2.79,0.0,1.4,2022-23 -> 2024-25,CAVEAT: items differ across years but map to a constant competency framework. Item-level year comparisons mix learning and instrument change; competency-level comparisons are more defensible (still assume similar difficulty within competency). Prefer rankings and competency-level statements across years.
Mandya,B0090 maddur,C1611 thorebommanahally,55.94,15.0,90,58.79,25.0,210,2.85,10.0,1.42,2022-23 -> 2024-25,CAVEAT: items differ across years but map to a constant competency framework. Item-level year comparisons mix learning and instrument change; competency-level comparisons are more defensible (still assume similar difficulty within competency). Prefer rankings and competency-level statements across years.
Davanagere,B0028 channagiri,C0833 kagathuru,39.7,5.0,67,42.58,10.0,149,2.88,5.0,1.44,2022-23 -> 2024-25,CAVEAT: items differ across years but map to a constant competency framework. Item-level year comparisons mix learning and instrument change; competency-level comparisons are more defensible (still assume similar difficulty within competency). Prefer rankings and competency-level statements across years.
Bagalkote,B0069 hunagund,C1264 nagur,75.98,50.0,66,78.86,70.0,92,2.88,20.0,1.44,2022-23 -> 2024-25,CAVEAT: items differ across years but map to a constant competency framework. Item-level year comparisons mix learning and instrument change; competency-level comparisons are more defensible (still assume similar difficulty within competency). Prefer rankings and competency-level statements across years.
Bidar,B0068 humnabad,C0580 hallikhed (b),33.13,0.0,107,36.01,5.0,89,2.88,5.0,1.44,2022-23 -> 2024-25,CAVEAT: items differ across years but map to a constant competency framework. Item-level year comparisons mix learning and instrument change; competency-level comparisons are more defensible (still assume similar difficulty within competency). Prefer rankings and competency-level statements across years.
Bengaluru Rural,B0107 nelamangala,C1519 soladevanahalli,60.96,30.0,140,63.85,30.0,139,2.89,0.0,1.44,2022-23 -> 2024-25,CAVEAT: items differ across years but map to a constant competency framework. Item-level year comparisons mix learning and instrument change; competency-level comparisons are more defensible (still assume similar difficulty within competency). Prefer rankings and competency-level statements across years.
Koppal,B0143 yelburga,C1687 vajrabandi,45.02,5.0,421,47.92,15.0,113,2.9,10.0,1.45,2022-23 -> 2024-25,CAVEAT: items differ across years but map to a constant competency framework. Item-level year comparisons mix learning and instrument change; competency-level comparisons are more defensible (still assume similar difficulty within competency). Prefer rankings and competency-level statements across years.
Yadgir,B0141 yadgir,C0037 allipur,44.1,5.5,162,47.0,15.0,80,2.9,9.5,1.45,2022-23 -> 2024-25,CAVEAT: items differ across years but map to a constant competency framework. Item-level year comparisons mix learning and instrument change; competency-level comparisons are more defensible (still assume similar difficulty within competency). Prefer rankings and competency-level statements across years.
Bengaluru Rural,B0107 nelamangala,C1554 t. beguru,61.32,20.0,152,64.24,29.0,119,2.92,9.0,1.46,2022-23 -> 2024-25,CAVEAT: items differ across years but map to a constant competency framework. Item-level year comparisons mix learning and instrument change; competency-level comparisons are more defensible (still assume similar difficulty within competency). Prefer rankings and competency-level statements across years.
Chamarajanagara,B0054 hanur,C0148 bandahalli,62.56,20.0,168,65.56,30.0,152,3.0,10.0,1.5,2022-23 -> 2024-25,CAVEAT: items differ across years but map to a constant competency framework. Item-level year comparisons mix learning and instrument change; competency-level comparisons are more defensible (still assume similar difficulty within competency). Prefer rankings and competency-level statements across years.
Bengaluru Rural,B0040 devanahalli,C1700 vishwanathapura,86.14,65.0,263,89.16,75.0,131,3.02,10.0,1.51,2022-23 -> 2024-25,CAVEAT: items differ across years but map to a constant competency framework. Item-level year comparisons mix learning and instrument change; competency-level comparisons are more defensible (still assume similar difficulty within competency). Prefer rankings and competency-level statements across years.
Kalaburagi,B0049 gulbarga south,C0562 hagargundagi,46.53,10.0,382,49.55,5.0,145,3.02,-5.0,1.51,2022-23 -> 2024-25,CAVEAT: items differ across years but map to a constant competency framework. Item-level year comparisons mix learning and instrument change; competency-level comparisons are more defensible (still assume similar difficulty within competency). Prefer rankings and competency-level statements across years.
Bidar,B0015 basavakalyan,C1204 mudbi,38.89,5.0,126,41.91,0.0,141,3.02,-5.0,1.51,2022-23 -> 2024-25,CAVEAT: items differ across years but map to a constant competency framework. Item-level year comparisons mix learning and instrument change; competency-level comparisons are more defensible (still assume similar difficulty within competency). Prefer rankings and competency-level statements across years.
Kalaburagi,B0036 chittapur,C1583 tengali,28.85,0.0,300,31.88,0.0,160,3.03,0.0,1.52,2022-23 -> 2024-25,CAVEAT: items differ across years but map to a constant competency framework. Item-level year comparisons mix learning and instrument change; competency-level comparisons are more defensible (still assume similar difficulty within competency). Prefer rankings and competency-level statements across years.
Dharwad,B0076 kalghatagi,C1240 muttagi,67.69,30.0,336,70.74,38.0,397,3.05,8.0,1.52,2022-23 -> 2024-25,CAVEAT: items differ across years but map to a constant competency framework. Item-level year comparisons mix learning and instrument change; competency-level comparisons are more defensible (still assume similar difficulty within competency). Prefer rankings and competency-level statements across years.
Davanagere,B0062 honnali,C1324 nyamathi,53.37,10.0,98,56.5,20.0,173,3.13,10.0,1.56,2022-23 -> 2024-25,CAVEAT: items differ across years but map to a constant competency framework. Item-level year comparisons mix learning and instrument change; competency-level comparisons are more defensible (still assume similar difficulty within competency). Prefer rankings and competency-level statements across years.
Kodagu,B0092 madikeri,C1358 peraje,66.99,36.0,93,70.14,35.0,71,3.15,-1.0,1.58,2022-23 -> 2024-25,CAVEAT: items differ across years but map to a constant competency framework. Item-level year comparisons mix learning and instrument change; competency-level comparisons are more defensible (still assume similar difficulty within competency). Prefer rankings and competency-level statements across years.
Tumakuru,B0091 madhugiri,C0953 kodlapura,48.91,5.0,101,52.06,15.0,233,3.15,10.0,1.58,2022-23 -> 2024-25,CAVEAT: items differ across years but map to a constant competency framework. Item-level year comparisons mix learning and instrument change; competency-level comparisons are more defensible (still assume similar difficulty within competency). Prefer rankings and competency-level statements across years.
Chitradurga,B0059 hiriyur,C0950 kodihalli,43.52,10.0,162,46.69,10.0,177,3.17,0.0,1.58,2022-23 -> 2024-25,CAVEAT: items differ across years but map to a constant competency framework. Item-level year comparisons mix learning and instrument change; competency-level comparisons are more defensible (still assume similar difficulty within competency). Prefer rankings and competency-level statements across years.
Chamarajanagara,B0080 kollegala,C0863 kamagere,70.48,40.0,146,73.66,55.0,134,3.18,15.0,1.59,2022-23 -> 2024-25,CAVEAT: items differ across years but map to a constant competency framework. Item-level year comparisons mix learning and instrument change; competency-level comparisons are more defensible (still assume similar difficulty within competency). Prefer rankings and competency-level statements across years.
Chikkaballapura,B0124 sidlaghatta,C0488 ganjigunte,47.27,10.0,128,50.45,15.0,122,3.18,5.0,1.59,2022-23 -> 2024-25,CAVEAT: items differ across years but map to a constant competency framework. Item-level year comparisons mix learning and instrument change; competency-level comparisons are more defensible (still assume similar difficulty within competency). Prefer rankings and competency-level statements across years.
Kalaburagi,B0001 afzalpur,C0385 deval gangapur,38.03,5.0,325,41.23,0.0,458,3.2,-5.0,1.6,2022-23 -> 2024-25,CAVEAT: items differ across years but map to a constant competency framework. Item-level year comparisons mix learning and instrument change; competency-level comparisons are more defensible (still assume similar difficulty within competency). Prefer rankings and competency-level statements across years.
Kolar,B0131 srinivasapur,C1213 mudimadagu,45.7,5.0,71,48.98,10.0,54,3.28,5.0,1.64,2022-23 -> 2024-25,CAVEAT: items differ across years but map to a constant competency framework. Item-level year comparisons mix learning and instrument change; competency-level comparisons are more defensible (still assume similar difficulty within competency). Prefer rankings and competency-level statements across years.
Ballari,B0012 ballari east,C0991 korlagundi,66.44,35.0,496,69.73,35.0,665,3.29,0.0,1.64,2022-23 -> 2024-25,CAVEAT: items differ across years but map to a constant competency framework. Item-level year comparisons mix learning and instrument change; competency-level comparisons are more defensible (still assume similar difficulty within competency). Prefer rankings and competency-level statements across years.
Mysuru,B0104 nanjanagud,C0643 hemmaragala,48.87,5.0,173,52.18,20.0,241,3.31,15.0,1.66,2022-23 -> 2024-25,CAVEAT: items differ across years but map to a constant competency framework. Item-level year comparisons mix learning and instrument change; competency-level comparisons are more defensible (still assume similar difficulty within competency). Prefer rankings and competency-level statements across years.
Kalaburagi,B0036 chittapur,C0542 gundagurthi,26.8,0.0,270,30.13,5.0,260,3.33,5.0,1.66,2022-23 -> 2024-25,CAVEAT: items differ across years but map to a constant competency framework. Item-level year comparisons mix learning and instrument change; competency-level comparisons are more defensible (still assume similar difficulty within competency). Prefer rankings and competency-level statements across years.
Bengaluru Rural,B0040 devanahalli,C0239 bidaluru,83.97,60.0,295,87.33,74.5,290,3.36,14.5,1.68,2022-23 -> 2024-25,CAVEAT: items differ across years but map to a constant competency framework. Item-level year comparisons mix learning and instrument change; competency-level comparisons are more defensible (still assume similar difficulty within competency). Prefer rankings and competency-level statements across years.
Vijayapura,B0016 basavan bagewadi,C1281 narasalagi,77.98,55.0,151,81.34,60.0,370,3.36,5.0,1.68,2022-23 -> 2024-25,CAVEAT: items differ across years but map to a constant competency framework. Item-level year comparisons mix learning and instrument change; competency-level comparisons are more defensible (still assume similar difficulty within competency). Prefer rankings and competency-level statements across years.
Kalaburagi,B0036 chittapur,C1401 ravoor,40.11,5.0,237,43.48,10.0,310,3.37,5.0,1.68,2022-23 -> 2024-25,CAVEAT: items differ across years but map to a constant competency framework. Item-level year comparisons mix learning and instrument change; competency-level comparisons are more defensible (still assume similar difficulty within competency). Prefer rankings and competency-level statements across years.
Chikkaballapura,B0047 gudibanda,C1727 yallodu,59.79,20.0,73,63.16,23.0,87,3.37,3.0,1.68,2022-23 -> 2024-25,CAVEAT: items differ across years but map to a constant competency framework. Item-level year comparisons mix learning and instrument change; competency-level comparisons are more defensible (still assume similar difficulty within competency). Prefer rankings and competency-level statements across years.
Ballari,B0012 ballari east,C1191 moka,37.41,0.0,471,40.79,5.0,434,3.38,5.0,1.69,2022-23 -> 2024-25,CAVEAT: items differ across years but map to a constant competency framework. Item-level year comparisons mix learning and instrument change; competency-level comparisons are more defensible (still assume similar difficulty within competency). Prefer rankings and competency-level statements across years.
Raichur,B0126 sindhanur,C1391 ramathnal,46.96,9.5,130,50.36,16.5,124,3.4,7.0,1.7,2022-23 -> 2024-25,CAVEAT: items differ across years but map to a constant competency framework. Item-level year comparisons mix learning and instrument change; competency-level comparisons are more defensible (still assume similar difficulty within competency). Prefer rankings and competency-level statements across years.
Chikkaballapura,B0034 chintamani,C0265 booragamakalahalli,57.16,10.0,167,60.57,15.0,176,3.41,5.0,1.7,2022-23 -> 2024-25,CAVEAT: items differ across years but map to a constant competency framework. Item-level year comparisons mix learning and instrument change; competency-level comparisons are more defensible (still assume similar difficulty within competency). Prefer rankings and competency-level statements across years.
Kodagu,B0140 virajpet,C1699 virajpet,36.33,15.0,30,39.75,9.5,20,3.42,-5.5,1.71,2022-23 -> 2024-25,CAVEAT: items differ across years but map to a constant competency framework. Item-level year comparisons mix learning and instrument change; competency-level comparisons are more defensible (still assume similar difficulty within competency). Prefer rankings and competency-level statements across years.
Davanagere,B0028 channagiri,C1449 santhebennuru-1,58.65,20.0,96,62.07,25.0,276,3.42,5.0,1.71,2022-23 -> 2024-25,CAVEAT: items differ across years but map to a constant competency framework. Item-level year comparisons mix learning and instrument change; competency-level comparisons are more defensible (still assume similar difficulty within competency). Prefer rankings and competency-level statements across years.
Chamarajanagara,B0027 chamarajanagar,C0042 aluru,42.13,5.0,89,45.57,5.0,87,3.44,0.0,1.72,2022-23 -> 2024-25,CAVEAT: items differ across years but map to a constant competency framework. Item-level year comparisons mix learning and instrument change; competency-level comparisons are more defensible (still assume similar difficulty within competency). Prefer rankings and competency-level statements across years.
Yadgir,B0141 yadgir,C0636 hedgimadra,46.39,5.0,249,49.83,20.0,177,3.44,15.0,1.72,2022-23 -> 2024-25,CAVEAT: items differ across years but map to a constant competency framework. Item-level year comparisons mix learning and instrument change; competency-level comparisons are more defensible (still assume similar difficulty within competency). Prefer rankings and competency-level statements across years.
Gadag,B0105 naragund,C1549 surakod,57.83,10.0,242,61.28,30.0,285,3.45,20.0,1.72,2022-23 -> 2024-25,CAVEAT: items differ across years but map to a constant competency framework. Item-level year comparisons mix learning and instrument change; competency-level comparisons are more defensible (still assume similar difficulty within competency). Prefer rankings and competency-level statements across years.
Raichur,B0089 lingasugur,C0394 devarabhupur,38.89,1.5,294,42.48,10.0,218,3.59,8.5,1.8,2022-23 -> 2024-25,CAVEAT: items differ across years but map to a constant competency framework. Item-level year comparisons mix learning and instrument change; competency-level comparisons are more defensible (still assume similar difficulty within competency). Prefer rankings and competency-level statements across years.
Kalaburagi,B0036 chittapur,C0038 allolli,31.56,0.0,425,35.16,5.0,348,3.6,5.0,1.8,2022-23 -> 2024-25,CAVEAT: items differ across years but map to a constant competency framework. Item-level year comparisons mix learning and instrument change; competency-level comparisons are more defensible (still assume similar difficulty within competency). Prefer rankings and competency-level statements across years.
Tumakuru,B0127 sira,C0452 dwaranakunte,51.9,15.0,142,55.55,10.0,119,3.65,-5.0,1.82,2022-23 -> 2024-25,CAVEAT: items differ across years but map to a constant competency framework. Item-level year comparisons mix learning and instrument change; competency-level comparisons are more defensible (still assume similar difficulty within competency). Prefer rankings and competency-level statements across years.
Tumakuru,B0082 koratagere,C0029 akkirampura,58.08,30.0,73,61.75,25.0,191,3.67,-5.0,1.84,2022-23 -> 2024-25,CAVEAT: items differ across years but map to a constant competency framework. Item-level year comparisons mix learning and instrument change; competency-level comparisons are more defensible (still assume similar difficulty within competency). Prefer rankings and competency-level statements across years.
Belagavi,B0011 bailhongal,C0270 budarkatti,58.45,25.0,152,62.16,20.0,570,3.71,-5.0,1.86,2022-23 -> 2024-25,CAVEAT: items differ across years but map to a constant competency framework. Item-level year comparisons mix learning and instrument change; competency-level comparisons are more defensible (still assume similar difficulty within competency). Prefer rankings and competency-level statements across years.
Haveri,B0121 shiggoan,C0976 konankeri,61.48,25.0,125,65.25,30.0,218,3.77,5.0,1.88,2022-23 -> 2024-25,CAVEAT: items differ across years but map to a constant competency framework. Item-level year comparisons mix learning and instrument change; competency-level comparisons are more defensible (still assume similar difficulty within competency). Prefer rankings and competency-level statements across years.
Raichur,B0096 manvi,C0857 kallur,45.17,10.0,266,49.0,22.0,105,3.83,12.0,1.92,2022-23 -> 2024-25,CAVEAT: items differ across years but map to a constant competency framework. Item-level year comparisons mix learning and instrument change; competency-level comparisons are more defensible (still assume similar difficulty within competency). Prefer rankings and competency-level statements across years.
Chitradurga,B0063 hosadurga,C0101 attimage bhovihatti,48.94,5.0,156,52.8,10.0,161,3.86,5.0,1.93,2022-23 -> 2024-25,CAVEAT: items differ across years but map to a constant competency framework. Item-level year comparisons mix learning and instrument change; competency-level comparisons are more defensible (still assume similar difficulty within competency). Prefer rankings and competency-level statements across years.
Chamarajanagara,B0054 hanur,C1326 odakehalla,30.0,0.0,177,33.97,9.0,29,3.97,9.0,1.98,2022-23 -> 2024-25,CAVEAT: items differ across years but map to a constant competency framework. Item-level year comparisons mix learning and instrument change; competency-level comparisons are more defensible (still assume similar difficulty within competency). Prefer rankings and competency-level statements across years.
Chikkaballapura,B0030 chikkaballapur,C1371 r.g. halli,54.82,10.5,112,58.79,20.0,128,3.97,9.5,1.98,2022-23 -> 2024-25,CAVEAT: items differ across years but map to a constant competency framework. Item-level year comparisons mix learning and instrument change; competency-level comparisons are more defensible (still assume similar difficulty within competency). Prefer rankings and competency-level statements across years.
Davanagere,B0028 channagiri,C0912 kathalagere,44.24,0.0,105,48.21,5.0,329,3.97,5.0,1.98,2022-23 -> 2024-25,CAVEAT: items differ across years but map to a constant competency framework. Item-level year comparisons mix learning and instrument change; competency-level comparisons are more defensible (still assume similar difficulty within competency). Prefer rankings and competency-level statements across years.
Davanagere,B0056 harihara,C0684 holesirigere,48.11,10.0,185,52.1,15.0,314,3.99,5.0,2.0,2022-23 -> 2024-25,CAVEAT: items differ across years but map to a constant competency framework. Item-level year comparisons mix learning and instrument change; competency-level comparisons are more defensible (still assume similar difficulty within competency). Prefer rankings and competency-level statements across years.
Kolar,B0094 malur,C1071 m.c.halli,46.4,10.0,221,50.42,15.0,216,4.02,5.0,2.01,2022-23 -> 2024-25,CAVEAT: items differ across years but map to a constant competency framework. Item-level year comparisons mix learning and instrument change; competency-level comparisons are more defensible (still assume similar difficulty within competency). Prefer rankings and competency-level statements across years.
Chikkaballapura,B0030 chikkaballapur,C1293 nayanahalli,62.72,20.0,134,66.79,35.0,170,4.07,15.0,2.04,2022-23 -> 2024-25,CAVEAT: items differ across years but map to a constant competency framework. Item-level year comparisons mix learning and instrument change; competency-level comparisons are more defensible (still assume similar difficulty within competency). Prefer rankings and competency-level statements across years.
Kolar,B0094 malur,C0811 k.g. halli,45.39,10.0,140,49.55,5.0,122,4.16,-5.0,2.08,2022-23 -> 2024-25,CAVEAT: items differ across years but map to a constant competency framework. Item-level year comparisons mix learning and instrument change; competency-level comparisons are more defensible (still assume similar difficulty within competency). Prefer rankings and competency-level statements across years.
Bengaluru Rural,B0042 doddaballapura,C1418 s s ghati,56.26,15.0,257,60.43,35.0,104,4.17,20.0,2.08,2022-23 -> 2024-25,CAVEAT: items differ across years but map to a constant competency framework. Item-level year comparisons mix learning and instrument change; competency-level comparisons are more defensible (still assume similar difficulty within competency). Prefer rankings and competency-level statements across years.
Kolar,B0131 srinivasapur,C0278 byraganahalli,55.0,10.0,70,59.21,15.0,57,4.21,5.0,2.1,2022-23 -> 2024-25,CAVEAT: items differ across years but map to a constant competency framework. Item-level year comparisons mix learning and instrument change; competency-level comparisons are more defensible (still assume similar difficulty within competency). Prefer rankings and competency-level statements across years.
Tumakuru,B0087 kunigal,C0593 hanchipura,61.29,25.0,58,65.52,30.0,105,4.23,5.0,2.12,2022-23 -> 2024-25,CAVEAT: items differ across years but map to a constant competency framework. Item-level year comparisons mix learning and instrument change; competency-level comparisons are more defensible (still assume similar difficulty within competency). Prefer rankings and competency-level statements across years.
Tumakuru,B0087 kunigal,C0185 begur,56.78,25.0,45,61.02,31.0,83,4.24,6.0,2.12,2022-23 -> 2024-25,CAVEAT: items differ across years but map to a constant competency framework. Item-level year comparisons mix learning and instrument change; competency-level comparisons are more defensible (still assume similar difficulty within competency). Prefer rankings and competency-level statements across years.
Mysuru,B0133 t.n.pura,C1564 talakadu,49.38,5.0,176,53.62,10.0,138,4.24,5.0,2.12,2022-23 -> 2024-25,CAVEAT: items differ across years but map to a constant competency framework. Item-level year comparisons mix learning and instrument change; competency-level comparisons are more defensible (still assume similar difficulty within competency). Prefer rankings and competency-level statements across years.
Chitradurga,B0063 hosadurga,C0426 doddaghatta,40.66,5.0,197,44.91,5.0,158,4.25,0.0,2.12,2022-23 -> 2024-25,CAVEAT: items differ across years but map to a constant competency framework. Item-level year comparisons mix learning and instrument change; competency-level comparisons are more defensible (still assume similar difficulty within competency). Prefer rankings and competency-level statements across years.
Ramanagara,B0112 ramanagara,C1172 mayaganahalli,74.02,50.0,51,78.28,50.0,131,4.26,0.0,2.13,2022-23 -> 2024-25,CAVEAT: items differ across years but map to a constant competency framework. Item-level year comparisons mix learning and instrument change; competency-level comparisons are more defensible (still assume similar difficulty within competency). Prefer rankings and competency-level statements across years.
Chitradurga,B0063 hosadurga,C1111 mallappanahalli,62.77,25.0,215,67.05,25.0,100,4.28,0.0,2.14,2022-23 -> 2024-25,CAVEAT: items differ across years but map to a constant competency framework. Item-level year comparisons mix learning and instrument change; competency-level comparisons are more defensible (still assume similar difficulty within competency). Prefer rankings and competency-level statements across years.
Gadag,B0122 shirhatti,C0957 koganur,62.53,34.5,160,66.88,30.0,317,4.35,-4.5,2.18,2022-23 -> 2024-25,CAVEAT: items differ across years but map to a constant competency framework. Item-level year comparisons mix learning and instrument change; competency-level comparisons are more defensible (still assume similar difficulty within competency). Prefer rankings and competency-level statements across years.
Tumakuru,B0127 sira,C0207 benche,53.61,15.0,165,58.0,20.0,180,4.39,5.0,2.2,2022-23 -> 2024-25,CAVEAT: items differ across years but map to a constant competency framework. Item-level year comparisons mix learning and instrument change; competency-level comparisons are more defensible (still assume similar difficulty within competency). Prefer rankings and competency-level statements across years.
Kolar,B0131 srinivasapur,C0372 dalasanur,57.69,12.0,65,62.09,25.0,67,4.4,13.0,2.2,2022-23 -> 2024-25,CAVEAT: items differ across years but map to a constant competency framework. Item-level year comparisons mix learning and instrument change; competency-level comparisons are more defensible (still assume similar difficulty within competency). Prefer rankings and competency-level statements across years.
Bidar,B0007 aurad,C1453 santhpur,44.71,10.0,120,49.13,5.0,46,4.42,-5.0,2.21,2022-23 -> 2024-25,CAVEAT: items differ across years but map to a constant competency framework. Item-level year comparisons mix learning and instrument change; competency-level comparisons are more defensible (still assume similar difficulty within competency). Prefer rankings and competency-level statements across years.
Tumakuru,B0087 kunigal,C0439 dombarahatty,55.65,5.0,46,60.18,20.0,223,4.53,15.0,2.27,2022-23 -> 2024-25,CAVEAT: items differ across years but map to a constant competency framework. Item-level year comparisons mix learning and instrument change; competency-level comparisons are more defensible (still assume similar difficulty within competency). Prefer rankings and competency-level statements across years.
Ballari,B0012 ballari east,C1504 sidiginamola,36.38,0.0,366,40.98,5.0,398,4.6,5.0,2.3,2022-23 -> 2024-25,CAVEAT: items differ across years but map to a constant competency framework. Item-level year comparisons mix learning and instrument change; competency-level comparisons are more defensible (still assume similar difficulty within competency). Prefer rankings and competency-level statements across years.
Belagavi,B0113 ramdurg,C1129 manihal,73.93,50.0,271,78.59,55.0,807,4.66,5.0,2.33,2022-23 -> 2024-25,CAVEAT: items differ across years but map to a constant competency framework. Item-level year comparisons mix learning and instrument change; competency-level comparisons are more defensible (still assume similar difficulty within competency). Prefer rankings and competency-level statements across years.
Vijayapura,B0025 chadachan,C1754 zalaki,73.83,55.0,137,78.49,55.0,239,4.66,0.0,2.33,2022-23 -> 2024-25,CAVEAT: items differ across years but map to a constant competency framework. Item-level year comparisons mix learning and instrument change; competency-level comparisons are more defensible (still assume similar difficulty within competency). Prefer rankings and competency-level statements across years.
Bengaluru Rural,B0042 doddaballapura,C0417 dodda belavangala,54.81,20.0,265,59.57,25.0,115,4.76,5.0,2.38,2022-23 -> 2024-25,CAVEAT: items differ across years but map to a constant competency framework. Item-level year comparisons mix learning and instrument change; competency-level comparisons are more defensible (still assume similar difficulty within competency). Prefer rankings and competency-level statements across years.
Chamarajanagara,B0080 kollegala,C0996 kothanur,41.79,5.0,296,46.56,15.0,299,4.77,10.0,2.38,2022-23 -> 2024-25,CAVEAT: items differ across years but map to a constant competency framework. Item-level year comparisons mix learning and instrument change; competency-level comparisons are more defensible (still assume similar difficulty within competency). Prefer rankings and competency-level statements across years.
Kalaburagi,B0001 afzalpur,C0149 bandarwad,38.31,5.0,332,43.08,10.0,177,4.77,5.0,2.38,2022-23 -> 2024-25,CAVEAT: items differ across years but map to a constant competency framework. Item-level year comparisons mix learning and instrument change; competency-level comparisons are more defensible (still assume similar difficulty within competency). Prefer rankings and competency-level statements across years.
Chikkaballapura,B0010 bagepally,C0126 bagepally,51.69,10.0,118,56.52,15.0,105,4.83,5.0,2.42,2022-23 -> 2024-25,CAVEAT: items differ across years but map to a constant competency framework. Item-level year comparisons mix learning and instrument change; competency-level comparisons are more defensible (still assume similar difficulty within competency). Prefer rankings and competency-level statements across years.
Tumakuru,B0127 sira,C0521 gowdagere,48.87,15.0,93,53.7,25.0,185,4.83,10.0,2.42,2022-23 -> 2024-25,CAVEAT: items differ across years but map to a constant competency framework. Item-level year comparisons mix learning and instrument change; competency-level comparisons are more defensible (still assume similar difficulty within competency). Prefer rankings and competency-level statements across years.
Raichur,B0096 manvi,C1677 utaknoor,57.02,20.0,173,61.92,20.0,91,4.9,0.0,2.45,2022-23 -> 2024-25,CAVEAT: items differ across years but map to a constant competency framework. Item-level year comparisons mix learning and instrument change; competency-level comparisons are more defensible (still assume similar difficulty within competency). Prefer rankings and competency-level statements across years.
Bidar,B0015 basavakalyan,C1637 ujalam,66.26,35.0,115,71.18,40.0,119,4.92,5.0,2.46,2022-23 -> 2024-25,CAVEAT: items differ across years but map to a constant competency framework. Item-level year comparisons mix learning and instrument change; competency-level comparisons are more defensible (still assume similar difficulty within competency). Prefer rankings and competency-level statements across years.
Bengaluru Rural,B0064 hosakote,C1541 sulibele,51.27,10.0,177,56.21,15.0,190,4.94,5.0,2.47,2022-23 -> 2024-25,CAVEAT: items differ across years but map to a constant competency framework. Item-level year comparisons mix learning and instrument change; competency-level comparisons are more defensible (still assume similar difficulty within competency). Prefer rankings and competency-level statements across years.
Mysuru,B0133 t.n.pura,C1710 yadadore,67.27,32.5,86,72.23,50.0,121,4.96,17.5,2.48,2022-23 -> 2024-25,CAVEAT: items differ across years but map to a constant competency framework. Item-level year comparisons mix learning and instrument change; competency-level comparisons are more defensible (still assume similar difficulty within competency). Prefer rankings and competency-level statements across years.
Raichur,B0126 sindhanur,C0002 7 mile camp,51.47,15.0,336,56.43,20.0,214,4.96,5.0,2.48,2022-23 -> 2024-25,CAVEAT: items differ across years but map to a constant competency framework. Item-level year comparisons mix learning and instrument change; competency-level comparisons are more defensible (still assume similar difficulty within competency). Prefer rankings and competency-level statements across years.
Kalaburagi,B0073 jewargi,C0490 ganwar,41.14,5.0,308,46.12,15.0,237,4.98,10.0,2.49,2022-23 -> 2024-25,CAVEAT: items differ across years but map to a constant competency framework. Item-level year comparisons mix learning and instrument change; competency-level comparisons are more defensible (still assume similar difficulty within competency). Prefer rankings and competency-level statements across years.
Tumakuru,B0082 koratagere,C0352 chinnahalli,64.6,30.0,63,69.72,34.0,229,5.12,4.0,2.56,2022-23 -> 2024-25,CAVEAT: items differ across years but map to a constant competency framework. Item-level year comparisons mix learning and instrument change; competency-level comparisons are more defensible (still assume similar difficulty within competency). Prefer rankings and competency-level statements across years.
Chitradurga,B0026 challakere,C1307 neralagunte,33.12,0.0,157,38.26,5.0,138,5.14,5.0,2.57,2022-23 -> 2024-25,CAVEAT: items differ across years but map to a constant competency framework. Item-level year comparisons mix learning and instrument change; competency-level comparisons are more defensible (still assume similar difficulty within competency). Prefer rankings and competency-level statements across years.
Davanagere,B0028 channagiri,C0330 chikkaganguru,48.63,10.0,73,53.8,15.0,142,5.17,5.0,2.58,2022-23 -> 2024-25,CAVEAT: items differ across years but map to a constant competency framework. Item-level year comparisons mix learning and instrument change; competency-level comparisons are more defensible (still assume similar difficulty within competency). Prefer rankings and competency-level statements across years.
Kodagu,B0140 virajpet,C0859 kalthodu,54.1,20.0,167,59.29,23.0,147,5.19,3.0,2.6,2022-23 -> 2024-25,CAVEAT: items differ across years but map to a constant competency framework. Item-level year comparisons mix learning and instrument change; competency-level comparisons are more defensible (still assume similar difficulty within competency). Prefer rankings and competency-level statements across years.
Bagalkote,B0069 hunagund,C0743 ilkal middle,69.76,50.0,165,74.96,40.0,249,5.2,-10.0,2.6,2022-23 -> 2024-25,CAVEAT: items differ across years but map to a constant competency framework. Item-level year comparisons mix learning and instrument change; competency-level comparisons are more defensible (still assume similar difficulty within competency). Prefer rankings and competency-level statements across years.
Bidar,B0068 humnabad,C0595 handikera,54.25,20.0,288,59.49,20.0,226,5.24,0.0,2.62,2022-23 -> 2024-25,CAVEAT: items differ across years but map to a constant competency framework. Item-level year comparisons mix learning and instrument change; competency-level comparisons are more defensible (still assume similar difficulty within competency). Prefer rankings and competency-level statements across years.
Bidar,B0019 bhalki,C0441 dongapur,43.49,5.0,152,48.78,10.0,41,5.29,5.0,2.64,2022-23 -> 2024-25,CAVEAT: items differ across years but map to a constant competency framework. Item-level year comparisons mix learning and instrument change; competency-level comparisons are more defensible (still assume similar difficulty within competency). Prefer rankings and competency-level statements across years.
Chitradurga,B0035 chitradurga,C0748 ingaladal,39.9,5.0,149,45.19,10.0,132,5.29,5.0,2.64,2022-23 -> 2024-25,CAVEAT: items differ across years but map to a constant competency framework. Item-level year comparisons mix learning and instrument change; competency-level comparisons are more defensible (still assume similar difficulty within competency). Prefer rankings and competency-level statements across years.
Koppal,B0088 kustagi,C1441 sanganahal,53.41,20.0,151,58.72,30.0,113,5.31,10.0,2.66,2022-23 -> 2024-25,CAVEAT: items differ across years but map to a constant competency framework. Item-level year comparisons mix learning and instrument change; competency-level comparisons are more defensible (still assume similar difficulty within competency). Prefer rankings and competency-level statements across years.
Chikkaballapura,B0010 bagepally,C1075 m.nallagutapalli,40.99,5.0,233,46.32,16.0,53,5.33,11.0,2.66,2022-23 -> 2024-25,CAVEAT: items differ across years but map to a constant competency framework. Item-level year comparisons mix learning and instrument change; competency-level comparisons are more defensible (still assume similar difficulty within competency). Prefer rankings and competency-level statements across years.
Tumakuru,B0087 kunigal,C0798 jodi hosahalli,65.76,40.0,72,71.09,47.0,55,5.33,7.0,2.66,2022-23 -> 2024-25,CAVEAT: items differ across years but map to a constant competency framework. Item-level year comparisons mix learning and instrument change; competency-level comparisons are more defensible (still assume similar difficulty within competency). Prefer rankings and competency-level statements across years.
Belagavi,B0130 soundatti,C0707 hosur,69.78,50.0,135,75.12,45.0,212,5.34,-5.0,2.67,2022-23 -> 2024-25,CAVEAT: items differ across years but map to a constant competency framework. Item-level year comparisons mix learning and instrument change; competency-level comparisons are more defensible (still assume similar difficulty within competency). Prefer rankings and competency-level statements across years.
Chamarajanagara,B0080 kollegala,C1088 madhuvanahalli,46.77,5.0,220,52.17,20.0,182,5.4,15.0,2.7,2022-23 -> 2024-25,CAVEAT: items differ across years but map to a constant competency framework. Item-level year comparisons mix learning and instrument change; competency-level comparisons are more defensible (still assume similar difficulty within competency). Prefer rankings and competency-level statements across years.
Raichur,B0111 raichur,C0468 gadhar,48.7,15.0,104,54.15,25.0,59,5.45,10.0,2.72,2022-23 -> 2024-25,CAVEAT: items differ across years but map to a constant competency framework. Item-level year comparisons mix learning and instrument change; competency-level comparisons are more defensible (still assume similar difficulty within competency). Prefer rankings and competency-level statements across years.
Gadag,B0102 mundaragi,C0826 kadampur,56.74,20.0,298,62.25,25.0,482,5.51,5.0,2.76,2022-23 -> 2024-25,CAVEAT: items differ across years but map to a constant competency framework. Item-level year comparisons mix learning and instrument change; competency-level comparisons are more defensible (still assume similar difficulty within competency). Prefer rankings and competency-level statements across years.
Chitradurga,B0063 hosadurga,C1072 m.g.dibba,55.63,10.0,183,61.18,20.0,271,5.55,10.0,2.78,2022-23 -> 2024-25,CAVEAT: items differ across years but map to a constant competency framework. Item-level year comparisons mix learning and instrument change; competency-level comparisons are more defensible (still assume similar difficulty within competency). Prefer rankings and competency-level statements across years.
Chitradurga,B0063 hosadurga,C0920 kellodu,46.77,5.0,167,52.35,15.0,155,5.58,10.0,2.79,2022-23 -> 2024-25,CAVEAT: items differ across years but map to a constant competency framework. Item-level year comparisons mix learning and instrument change; competency-level comparisons are more defensible (still assume similar difficulty within competency). Prefer rankings and competency-level statements across years.
Bidar,B0019 bhalki,C1178 mehakar,52.01,5.0,137,57.64,20.0,106,5.63,15.0,2.82,2022-23 -> 2024-25,CAVEAT: items differ across years but map to a constant competency framework. Item-level year comparisons mix learning and instrument change; competency-level comparisons are more defensible (still assume similar difficulty within competency). Prefer rankings and competency-level statements across years.
Gadag,B0043 gadag rural,C1051 lakkundi,44.74,10.0,152,50.37,10.0,615,5.63,0.0,2.82,2022-23 -> 2024-25,CAVEAT: items differ across years but map to a constant competency framework. Item-level year comparisons mix learning and instrument change; competency-level comparisons are more defensible (still assume similar difficulty within competency). Prefer rankings and competency-level statements across years.
Tumakuru,B0127 sira,C1588 thalagunda,58.5,15.0,120,64.13,25.0,98,5.63,10.0,2.82,2022-23 -> 2024-25,CAVEAT: items differ across years but map to a constant competency framework. Item-level year comparisons mix learning and instrument change; competency-level comparisons are more defensible (still assume similar difficulty within competency). Prefer rankings and competency-level statements across years.
Davanagere,B0028 channagiri,C0304 channeshapura,53.9,6.0,123,59.57,30.0,152,5.67,24.0,2.84,2022-23 -> 2024-25,CAVEAT: items differ across years but map to a constant competency framework. Item-level year comparisons mix learning and instrument change; competency-level comparisons are more defensible (still assume similar difficulty within competency). Prefer rankings and competency-level statements across years.
Raichur,B0089 lingasugur,C1061 lingasugur rural,45.73,5.0,151,51.45,10.0,173,5.72,5.0,2.86,2022-23 -> 2024-25,CAVEAT: items differ across years but map to a constant competency framework. Item-level year comparisons mix learning and instrument change; competency-level comparisons are more defensible (still assume similar difficulty within competency). Prefer rankings and competency-level statements across years.
Kodagu,B0129 somavarpet,C1477 shanthalli,59.38,20.0,40,65.14,37.5,36,5.76,17.5,2.88,2022-23 -> 2024-25,CAVEAT: items differ across years but map to a constant competency framework. Item-level year comparisons mix learning and instrument change; competency-level comparisons are more defensible (still assume similar difficulty within competency). Prefer rankings and competency-level statements across years.
Davanagere,B0037 davanagere(n),C0457 elebethur,43.94,10.0,104,49.74,15.0,391,5.8,5.0,2.9,2022-23 -> 2024-25,CAVEAT: items differ across years but map to a constant competency framework. Item-level year comparisons mix learning and instrument change; competency-level comparisons are more defensible (still assume similar difficulty within competency). Prefer rankings and competency-level statements across years.
Chikkaballapura,B0010 bagepally,C1520 somanathapura,50.39,13.5,38,56.2,10.0,50,5.81,-3.5,2.9,2022-23 -> 2024-25,CAVEAT: items differ across years but map to a constant competency framework. Item-level year comparisons mix learning and instrument change; competency-level comparisons are more defensible (still assume similar difficulty within competency). Prefer rankings and competency-level statements across years.
Vijayanagara,B0052 hagaribommanahalli,C0158 bannikal,35.93,0.0,279,41.75,5.0,463,5.82,5.0,2.91,2022-23 -> 2024-25,CAVEAT: items differ across years but map to a constant competency framework. Item-level year comparisons mix learning and instrument change; competency-level comparisons are more defensible (still assume similar difficulty within competency). Prefer rankings and competency-level statements across years.
Kolar,B0131 srinivasapur,C1054 lakshmipura,50.14,10.0,209,56.05,15.0,110,5.91,5.0,2.96,2022-23 -> 2024-25,CAVEAT: items differ across years but map to a constant competency framework. Item-level year comparisons mix learning and instrument change; competency-level comparisons are more defensible (still assume similar difficulty within competency). Prefer rankings and competency-level statements across years.
Hassan,B0018 belur,C0817 kachihally,64.0,27.0,65,70.0,40.0,102,6.0,13.0,3.0,2022-23 -> 2024-25,CAVEAT: items differ across years but map to a constant competency framework. Item-level year comparisons mix learning and instrument change; competency-level comparisons are more defensible (still assume similar difficulty within competency). Prefer rankings and competency-level statements across years.
Bidar,B0020 bidar,C0831 kadwad,43.76,10.0,141,49.82,10.0,140,6.06,0.0,3.03,2022-23 -> 2024-25,CAVEAT: items differ across years but map to a constant competency framework. Item-level year comparisons mix learning and instrument change; competency-level comparisons are more defensible (still assume similar difficulty within competency). Prefer rankings and competency-level statements across years.
Chitradurga,B0063 hosadurga,C0850 kalkere,50.92,10.0,206,57.03,12.5,96,6.11,2.5,3.06,2022-23 -> 2024-25,CAVEAT: items differ across years but map to a constant competency framework. Item-level year comparisons mix learning and instrument change; competency-level comparisons are more defensible (still assume similar difficulty within competency). Prefer rankings and competency-level statements across years.
Gadag,B0102 mundaragi,C1486 shingtalur,47.82,10.0,285,54.03,30.0,180,6.21,20.0,3.1,2022-23 -> 2024-25,CAVEAT: items differ across years but map to a constant competency framework. Item-level year comparisons mix learning and instrument change; competency-level comparisons are more defensible (still assume similar difficulty within competency). Prefer rankings and competency-level statements across years.
Kalaburagi,B0073 jewargi,C0070 ankalagi,40.62,0.0,514,46.87,5.0,380,6.25,5.0,3.12,2022-23 -> 2024-25,CAVEAT: items differ across years but map to a constant competency framework. Item-level year comparisons mix learning and instrument change; competency-level comparisons are more defensible (still assume similar difficulty within competency). Prefer rankings and competency-level statements across years.
Davanagere,B0028 channagiri,C0838 kakanur,53.72,13.0,39,60.0,30.0,121,6.28,17.0,3.14,2022-23 -> 2024-25,CAVEAT: items differ across years but map to a constant competency framework. Item-level year comparisons mix learning and instrument change; competency-level comparisons are more defensible (still assume similar difficulty within competency). Prefer rankings and competency-level statements across years.
Chamarajanagara,B0142 yelandur,C0447 duggahatti,42.41,5.0,141,48.72,10.0,192,6.31,5.0,3.16,2022-23 -> 2024-25,CAVEAT: items differ across years but map to a constant competency framework. Item-level year comparisons mix learning and instrument change; competency-level comparisons are more defensible (still assume similar difficulty within competency). Prefer rankings and competency-level statements across years.
Kodagu,B0129 somavarpet,C0955 kodlipet,55.53,25.0,85,61.86,30.0,70,6.33,5.0,3.16,2022-23 -> 2024-25,CAVEAT: items differ across years but map to a constant competency framework. Item-level year comparisons mix learning and instrument change; competency-level comparisons are more defensible (still assume similar difficulty within competency). Prefer rankings and competency-level statements across years.
Bidar,B0019 bhalki,C0222 bhalki (urdu),38.24,0.0,102,44.7,10.0,166,6.46,10.0,3.23,2022-23 -> 2024-25,CAVEAT: items differ across years but map to a constant competency framework. Item-level year comparisons mix learning and instrument change; competency-level comparisons are more defensible (still assume similar difficulty within competency). Prefer rankings and competency-level statements across years.
Mandya,B0103 nagamangala,C0818 kadaba hally,60.47,35.0,118,67.0,27.0,55,6.53,-8.0,3.26,2022-23 -> 2024-25,CAVEAT: items differ across years but map to a constant competency framework. Item-level year comparisons mix learning and instrument change; competency-level comparisons are more defensible (still assume similar difficulty within competency). Prefer rankings and competency-level statements across years.
Bengaluru Rural,B0042 doddaballapura,C1087 madhure kodihalli,56.62,13.5,68,63.19,34.0,69,6.57,20.5,3.28,2022-23 -> 2024-25,CAVEAT: items differ across years but map to a constant competency framework. Item-level year comparisons mix learning and instrument change; competency-level comparisons are more defensible (still assume similar difficulty within competency). Prefer rankings and competency-level statements across years.
Bagalkote,B0021 bilagi,C1031 kundargi,53.87,17.5,146,60.46,30.0,358,6.59,12.5,3.3,2022-23 -> 2024-25,CAVEAT: items differ across years but map to a constant competency framework. Item-level year comparisons mix learning and instrument change; competency-level comparisons are more defensible (still assume similar difficulty within competency). Prefer rankings and competency-level statements across years.
Belagavi,B0006 athani,C1373 raderahatti,54.4,10.0,150,61.02,25.0,372,6.62,15.0,3.31,2022-23 -> 2024-25,CAVEAT: items differ across years but map to a constant competency framework. Item-level year comparisons mix learning and instrument change; competency-level comparisons are more defensible (still assume similar difficulty within competency). Prefer rankings and competency-level statements across years.
Chikkaballapura,B0010 bagepally,C1190 mittemari,36.24,4.0,109,42.87,10.0,108,6.63,6.0,3.32,2022-23 -> 2024-25,CAVEAT: items differ across years but map to a constant competency framework. Item-level year comparisons mix learning and instrument change; competency-level comparisons are more defensible (still assume similar difficulty within competency). Prefer rankings and competency-level statements across years.
Mysuru,B0133 t.n.pura,C1395 rangasamudra,62.8,30.0,198,69.49,40.0,225,6.69,10.0,3.34,2022-23 -> 2024-25,CAVEAT: items differ across years but map to a constant competency framework. Item-level year comparisons mix learning and instrument change; competency-level comparisons are more defensible (still assume similar difficulty within competency). Prefer rankings and competency-level statements across years.
Bidar,B0020 bidar,C0467 gadagi,57.14,19.5,220,63.84,25.5,202,6.7,6.0,3.35,2022-23 -> 2024-25,CAVEAT: items differ across years but map to a constant competency framework. Item-level year comparisons mix learning and instrument change; competency-level comparisons are more defensible (still assume similar difficulty within competency). Prefer rankings and competency-level statements across years.
Tumakuru,B0046 gubbi,C0525 gubbi hosahalli,71.78,30.0,115,78.49,50.0,317,6.71,20.0,3.36,2022-23 -> 2024-25,CAVEAT: items differ across years but map to a constant competency framework. Item-level year comparisons mix learning and instrument change; competency-level comparisons are more defensible (still assume similar difficulty within competency). Prefer rankings and competency-level statements across years.
Chamarajanagara,B0027 chamarajanagar,C0832 kagalavadi,52.98,20.0,166,59.75,25.5,142,6.77,5.5,3.38,2022-23 -> 2024-25,CAVEAT: items differ across years but map to a constant competency framework. Item-level year comparisons mix learning and instrument change; competency-level comparisons are more defensible (still assume similar difficulty within competency). Prefer rankings and competency-level statements across years.
Davanagere,B0056 harihara,C0962 kokkanuru,77.85,55.0,381,84.66,65.0,311,6.81,10.0,3.4,2022-23 -> 2024-25,CAVEAT: items differ across years but map to a constant competency framework. Item-level year comparisons mix learning and instrument change; competency-level comparisons are more defensible (still assume similar difficulty within competency). Prefer rankings and competency-level statements across years.
Chitradurga,B0059 hiriyur,C0410 dharmapura,46.08,5.0,172,52.91,15.0,225,6.83,10.0,3.42,2022-23 -> 2024-25,CAVEAT: items differ across years but map to a constant competency framework. Item-level year comparisons mix learning and instrument change; competency-level comparisons are more defensible (still assume similar difficulty within competency). Prefer rankings and competency-level statements across years.
Chitradurga,B0035 chitradurga,C0654 hireguntanuru,33.21,4.5,210,40.1,10.0,202,6.89,5.5,3.44,2022-23 -> 2024-25,CAVEAT: items differ across years but map to a constant competency framework. Item-level year comparisons mix learning and instrument change; competency-level comparisons are more defensible (still assume similar difficulty within competency). Prefer rankings and competency-level statements across years.
Tumakuru,B0136 tumkur,C1112 mallasandra,54.49,25.0,79,61.54,30.0,81,7.05,5.0,3.52,2022-23 -> 2024-25,CAVEAT: items differ across years but map to a constant competency framework. Item-level year comparisons mix learning and instrument change; competency-level comparisons are more defensible (still assume similar difficulty within competency). Prefer rankings and competency-level statements across years.
Raichur,B0039 devadurga,C0808 k. irabagera,45.64,5.0,212,52.76,12.0,105,7.12,7.0,3.56,2022-23 -> 2024-25,CAVEAT: items differ across years but map to a constant competency framework. Item-level year comparisons mix learning and instrument change; competency-level comparisons are more defensible (still assume similar difficulty within competency). Prefer rankings and competency-level statements across years.
Bagalkote,B0009 bagalkot,C1516 sitimani r s,79.92,55.0,131,87.04,70.0,196,7.12,15.0,3.56,2022-23 -> 2024-25,CAVEAT: items differ across years but map to a constant competency framework. Item-level year comparisons mix learning and instrument change; competency-level comparisons are more defensible (still assume similar difficulty within competency). Prefer rankings and competency-level statements across years.
Mandya,B0090 maddur,C0810 k.bellur,48.98,10.0,83,56.12,20.0,94,7.14,10.0,3.57,2022-23 -> 2024-25,CAVEAT: items differ across years but map to a constant competency framework. Item-level year comparisons mix learning and instrument change; competency-level comparisons are more defensible (still assume similar difficulty within competency). Prefer rankings and competency-level statements across years.
Tumakuru,B0087 kunigal,C0369 d hosahalli,62.16,30.0,74,69.42,39.0,139,7.26,9.0,3.63,2022-23 -> 2024-25,CAVEAT: items differ across years but map to a constant competency framework. Item-level year comparisons mix learning and instrument change; competency-level comparisons are more defensible (still assume similar difficulty within competency). Prefer rankings and competency-level statements across years.
Chitradurga,B0035 chitradurga,C0431 doddalaghatta,37.84,0.0,139,45.14,8.0,277,7.3,8.0,3.65,2022-23 -> 2024-25,CAVEAT: items differ across years but map to a constant competency framework. Item-level year comparisons mix learning and instrument change; competency-level comparisons are more defensible (still assume similar difficulty within competency). Prefer rankings and competency-level statements across years.
Bengaluru Rural,B0042 doddaballapura,C0932 kesthuru,63.04,25.0,69,70.35,35.0,43,7.31,10.0,3.66,2022-23 -> 2024-25,CAVEAT: items differ across years but map to a constant competency framework. Item-level year comparisons mix learning and instrument change; competency-level comparisons are more defensible (still assume similar difficulty within competency). Prefer rankings and competency-level statements across years.
Ramanagara,B0077 kanakapura,C1143 maralebekuppe,53.89,19.5,90,61.36,32.0,55,7.47,12.5,3.74,2022-23 -> 2024-25,CAVEAT: items differ across years but map to a constant competency framework. Item-level year comparisons mix learning and instrument change; competency-level comparisons are more defensible (still assume similar difficulty within competency). Prefer rankings and competency-level statements across years.
Tumakuru,B0087 kunigal,C0987 koppa,64.78,20.0,67,72.27,45.0,86,7.49,25.0,3.74,2022-23 -> 2024-25,CAVEAT: items differ across years but map to a constant competency framework. Item-level year comparisons mix learning and instrument change; competency-level comparisons are more defensible (still assume similar difficulty within competency). Prefer rankings and competency-level statements across years.
Gadag,B0115 ron,C1308 nidagundi,55.9,20.0,294,63.42,30.0,444,7.52,10.0,3.76,2022-23 -> 2024-25,CAVEAT: items differ across years but map to a constant competency framework. Item-level year comparisons mix learning and instrument change; competency-level comparisons are more defensible (still assume similar difficulty within competency). Prefer rankings and competency-level statements across years.
Dharwad,B0041 dharwad,C0634 hebballi,72.04,40.0,597,79.57,43.5,428,7.53,3.5,3.76,2022-23 -> 2024-25,CAVEAT: items differ across years but map to a constant competency framework. Item-level year comparisons mix learning and instrument change; competency-level comparisons are more defensible (still assume similar difficulty within competency). Prefer rankings and competency-level statements across years.
Bidar,B0007 aurad,C1544 sundal,53.41,15.0,88,61.01,26.5,74,7.6,11.5,3.8,2022-23 -> 2024-25,CAVEAT: items differ across years but map to a constant competency framework. Item-level year comparisons mix learning and instrument change; competency-level comparisons are more defensible (still assume similar difficulty within competency). Prefer rankings and competency-level statements across years.
Gadag,B0115 ron,C0655 hirehal,70.96,35.0,301,78.57,55.0,422,7.61,20.0,3.8,2022-23 -> 2024-25,CAVEAT: items differ across years but map to a constant competency framework. Item-level year comparisons mix learning and instrument change; competency-level comparisons are more defensible (still assume similar difficulty within competency). Prefer rankings and competency-level statements across years.
Kalaburagi,B0073 jewargi,C1286 naribol,42.07,6.0,413,49.7,5.0,526,7.63,-1.0,3.82,2022-23 -> 2024-25,CAVEAT: items differ across years but map to a constant competency framework. Item-level year comparisons mix learning and instrument change; competency-level comparisons are more defensible (still assume similar difficulty within competency). Prefer rankings and competency-level statements across years.
Tumakuru,B0087 kunigal,C1736 yediyur,60.8,30.0,75,68.53,40.0,95,7.73,10.0,3.86,2022-23 -> 2024-25,CAVEAT: items differ across years but map to a constant competency framework. Item-level year comparisons mix learning and instrument change; competency-level comparisons are more defensible (still assume similar difficulty within competency). Prefer rankings and competency-level statements across years.
Gadag,B0105 naragund,C1490 shirol,47.86,5.0,210,55.59,20.0,272,7.73,15.0,3.86,2022-23 -> 2024-25,CAVEAT: items differ across years but map to a constant competency framework. Item-level year comparisons mix learning and instrument change; competency-level comparisons are more defensible (still assume similar difficulty within competency). Prefer rankings and competency-level statements across years.
Mysuru,B0133 t.n.pura,C1530 sosale,49.78,10.0,200,57.52,20.0,218,7.74,10.0,3.87,2022-23 -> 2024-25,CAVEAT: items differ across years but map to a constant competency framework. Item-level year comparisons mix learning and instrument change; competency-level comparisons are more defensible (still assume similar difficulty within competency). Prefer rankings and competency-level statements across years.
Haveri,B0149 haveri,C2220 kabbur,52.86,10.0,154,60.61,30.0,387,7.75,20.0,3.88,2022-23 -> 2024-25,CAVEAT: items differ across years but map to a constant competency framework. Item-level year comparisons mix learning and instrument change; competency-level comparisons are more defensible (still assume similar difficulty within competency). Prefer rankings and competency-level statements across years.
Dharwad,B0076 kalghatagi,C0448 dumwad,51.74,10.0,728,59.58,25.5,642,7.84,15.5,3.92,2022-23 -> 2024-25,CAVEAT: items differ across years but map to a constant competency framework. Item-level year comparisons mix learning and instrument change; competency-level comparisons are more defensible (still assume similar difficulty within competency). Prefer rankings and competency-level statements across years.
Yadgir,B0141 yadgir,C0076 anpur,44.76,5.0,254,52.61,15.0,301,7.85,10.0,3.92,2022-23 -> 2024-25,CAVEAT: items differ across years but map to a constant competency framework. Item-level year comparisons mix learning and instrument change; competency-level comparisons are more defensible (still assume similar difficulty within competency). Prefer rankings and competency-level statements across years.
Haveri,B0114 ranebennur,C0564 halageri,56.49,25.0,141,64.34,30.0,422,7.85,5.0,3.92,2022-23 -> 2024-25,CAVEAT: items differ across years but map to a constant competency framework. Item-level year comparisons mix learning and instrument change; competency-level comparisons are more defensible (still assume similar difficulty within competency). Prefer rankings and competency-level statements across years.
Kalaburagi,B0073 jewargi,C1305 nelogi,40.07,0.0,277,47.97,20.0,172,7.9,20.0,3.95,2022-23 -> 2024-25,CAVEAT: items differ across years but map to a constant competency framework. Item-level year comparisons mix learning and instrument change; competency-level comparisons are more defensible (still assume similar difficulty within competency). Prefer rankings and competency-level statements across years.
Chikkaballapura,B0030 chikkaballapur,C1124 mandikal,54.67,25.0,91,62.58,30.0,62,7.91,5.0,3.96,2022-23 -> 2024-25,CAVEAT: items differ across years but map to a constant competency framework. Item-level year comparisons mix learning and instrument change; competency-level comparisons are more defensible (still assume similar difficulty within competency). Prefer rankings and competency-level statements across years.
Dharwad,B0086 kundagol,C0653 hiregunjal,66.8,15.0,244,74.85,50.0,343,8.05,35.0,4.02,2022-23 -> 2024-25,CAVEAT: items differ across years but map to a constant competency framework. Item-level year comparisons mix learning and instrument change; competency-level comparisons are more defensible (still assume similar difficulty within competency). Prefer rankings and competency-level statements across years.
Ballari,B0128 siruguppa,C1398 raravi,51.2,15.0,421,59.35,20.0,184,8.15,5.0,4.07,2022-23 -> 2024-25,CAVEAT: items differ across years but map to a constant competency framework. Item-level year comparisons mix learning and instrument change; competency-level comparisons are more defensible (still assume similar difficulty within competency). Prefer rankings and competency-level statements across years.
Chikkaballapura,B0034 chintamani,C0925 kencharalhalli,39.11,5.0,107,47.34,8.0,47,8.23,3.0,4.11,2022-23 -> 2024-25,CAVEAT: items differ across years but map to a constant competency framework. Item-level year comparisons mix learning and instrument change; competency-level comparisons are more defensible (still assume similar difficulty within competency). Prefer rankings and competency-level statements across years.
Belagavi,B0130 soundatti,C0697 hoolikatti,66.59,40.0,138,74.85,50.0,452,8.26,10.0,4.13,2022-23 -> 2024-25,CAVEAT: items differ across years but map to a constant competency framework. Item-level year comparisons mix learning and instrument change; competency-level comparisons are more defensible (still assume similar difficulty within competency). Prefer rankings and competency-level statements across years.
Chikkaballapura,B0124 sidlaghatta,C1342 palicherlu,47.16,10.0,262,55.49,20.5,92,8.33,10.5,4.16,2022-23 -> 2024-25,CAVEAT: items differ across years but map to a constant competency framework. Item-level year comparisons mix learning and instrument change; competency-level comparisons are more defensible (still assume similar difficulty within competency). Prefer rankings and competency-level statements across years.
Belagavi,B0108 nippani,C0478 galatga,39.58,5.0,132,47.96,9.5,140,8.38,4.5,4.19,2022-23 -> 2024-25,CAVEAT: items differ across years but map to a constant competency framework. Item-level year comparisons mix learning and instrument change; competency-level comparisons are more defensible (still assume similar difficulty within competency). Prefer rankings and competency-level statements across years.
Tumakuru,B0137 turuvekere,C1682 vadavana ghatta,74.71,45.0,140,83.13,65.0,126,8.42,20.0,4.21,2022-23 -> 2024-25,CAVEAT: items differ across years but map to a constant competency framework. Item-level year comparisons mix learning and instrument change; competency-level comparisons are more defensible (still assume similar difficulty within competency). Prefer rankings and competency-level statements across years.
Chikkaballapura,B0034 chintamani,C0275 buradagunte,33.48,0.5,112,42.03,5.0,106,8.55,4.5,4.28,2022-23 -> 2024-25,CAVEAT: items differ across years but map to a constant competency framework. Item-level year comparisons mix learning and instrument change; competency-level comparisons are more defensible (still assume similar difficulty within competency). Prefer rankings and competency-level statements across years.
Tumakuru,B0135 tiptur,C0584 halukurike,72.55,35.0,261,81.25,60.0,116,8.7,25.0,4.35,2022-23 -> 2024-25,CAVEAT: items differ across years but map to a constant competency framework. Item-level year comparisons mix learning and instrument change; competency-level comparisons are more defensible (still assume similar difficulty within competency). Prefer rankings and competency-level statements across years.
Tumakuru,B0046 gubbi,C0857 kallur,73.19,44.0,149,81.9,60.0,145,8.71,16.0,4.36,2022-23 -> 2024-25,CAVEAT: items differ across years but map to a constant competency framework. Item-level year comparisons mix learning and instrument change; competency-level comparisons are more defensible (still assume similar difficulty within competency). Prefer rankings and competency-level statements across years.
Raichur,B0111 raichur,C0501 gillesugur,42.97,10.0,222,51.72,5.0,134,8.75,-5.0,4.38,2022-23 -> 2024-25,CAVEAT: items differ across years but map to a constant competency framework. Item-level year comparisons mix learning and instrument change; competency-level comparisons are more defensible (still assume similar difficulty within competency). Prefer rankings and competency-level statements across years.
Hassan,B0029 channarayapatna,C0129 baguru,74.64,44.5,110,83.41,60.0,248,8.77,15.5,4.39,2022-23 -> 2024-25,CAVEAT: items differ across years but map to a constant competency framework. Item-level year comparisons mix learning and instrument change; competency-level comparisons are more defensible (still assume similar difficulty within competency). Prefer rankings and competency-level statements across years.
Tumakuru,B0087 kunigal,C1150 markonahalli,54.16,15.0,89,63.04,25.0,79,8.88,10.0,4.44,2022-23 -> 2024-25,CAVEAT: items differ across years but map to a constant competency framework. Item-level year comparisons mix learning and instrument change; competency-level comparisons are more defensible (still assume similar difficulty within competency). Prefer rankings and competency-level statements across years.
Bengaluru Rural,B0040 devanahalli,C0247 bijjavara,73.33,40.0,117,82.23,50.0,150,8.9,10.0,4.45,2022-23 -> 2024-25,CAVEAT: items differ across years but map to a constant competency framework. Item-level year comparisons mix learning and instrument change; competency-level comparisons are more defensible (still assume similar difficulty within competency). Prefer rankings and competency-level statements across years.
Mysuru,B0133 t.n.pura,C0934 kethupura,53.32,20.0,292,62.63,25.0,230,9.31,5.0,4.66,2022-23 -> 2024-25,CAVEAT: items differ across years but map to a constant competency framework. Item-level year comparisons mix learning and instrument change; competency-level comparisons are more defensible (still assume similar difficulty within competency). Prefer rankings and competency-level statements across years.
Raichur,B0039 devadurga,C0440 dondambralli,35.22,5.0,202,44.75,15.0,239,9.53,10.0,4.76,2022-23 -> 2024-25,CAVEAT: items differ across years but map to a constant competency framework. Item-level year comparisons mix learning and instrument change; competency-level comparisons are more defensible (still assume similar difficulty within competency). Prefer rankings and competency-level statements across years.
Davanagere,B0062 honnali,C0345 chiluru,38.94,0.0,94,48.59,10.0,216,9.65,10.0,4.82,2022-23 -> 2024-25,CAVEAT: items differ across years but map to a constant competency framework. Item-level year comparisons mix learning and instrument change; competency-level comparisons are more defensible (still assume similar difficulty within competency). Prefer rankings and competency-level statements across years.
Mysuru,B0104 nanjanagud,C0638 heggadahalli,47.02,10.0,94,56.67,15.0,338,9.65,5.0,4.82,2022-23 -> 2024-25,CAVEAT: items differ across years but map to a constant competency framework. Item-level year comparisons mix learning and instrument change; competency-level comparisons are more defensible (still assume similar difficulty within competency). Prefer rankings and competency-level statements across years.
Kolar,B0100 mulbagal,C1402 rayalamanadinne,63.88,30.0,139,73.54,23.0,127,9.66,-7.0,4.83,2022-23 -> 2024-25,CAVEAT: items differ across years but map to a constant competency framework. Item-level year comparisons mix learning and instrument change; competency-level comparisons are more defensible (still assume similar difficulty within competency). Prefer rankings and competency-level statements across years.
Bidar,B0015 basavakalyan,C0295 chandikapur,36.4,5.0,286,46.09,10.0,211,9.69,5.0,4.84,2022-23 -> 2024-25,CAVEAT: items differ across years but map to a constant competency framework. Item-level year comparisons mix learning and instrument change; competency-level comparisons are more defensible (still assume similar difficulty within competency). Prefer rankings and competency-level statements across years.
Ramanagara,B0112 ramanagara,C1696 vibhutikere,66.19,30.0,59,75.93,50.0,108,9.74,20.0,4.87,2022-23 -> 2024-25,CAVEAT: items differ across years but map to a constant competency framework. Item-level year comparisons mix learning and instrument change; competency-level comparisons are more defensible (still assume similar difficulty within competency). Prefer rankings and competency-level statements across years.
Chitradurga,B0063 hosadurga,C0494 gavirangapura,55.06,10.0,243,64.82,30.0,196,9.76,20.0,4.88,2022-23 -> 2024-25,CAVEAT: items differ across years but map to a constant competency framework. Item-level year comparisons mix learning and instrument change; competency-level comparisons are more defensible (still assume similar difficulty within competency). Prefer rankings and competency-level statements across years.
Bagalkote,B0009 bagalkot,C0215 bevoor,67.13,33.0,87,76.95,55.0,388,9.82,22.0,4.91,2022-23 -> 2024-25,CAVEAT: items differ across years but map to a constant competency framework. Item-level year comparisons mix learning and instrument change; competency-level comparisons are more defensible (still assume similar difficulty within competency). Prefer rankings and competency-level statements across years.
Hassan,B0029 channarayapatna,C0408 dhammaningala,57.5,10.0,50,67.36,17.0,125,9.86,7.0,4.93,2022-23 -> 2024-25,CAVEAT: items differ across years but map to a constant competency framework. Item-level year comparisons mix learning and instrument change; competency-level comparisons are more defensible (still assume similar difficulty within competency). Prefer rankings and competency-level statements across years.
Yadgir,B0141 yadgir,C0079 arakera(k),50.23,5.0,286,60.23,20.0,238,10.0,15.0,5.0,2022-23 -> 2024-25,CAVEAT: items differ across years but map to a constant competency framework. Item-level year comparisons mix learning and instrument change; competency-level comparisons are more defensible (still assume similar difficulty within competency). Prefer rankings and competency-level statements across years.
Kalaburagi,B0048 gulbarga north,C0102 aurab (b),41.8,5.0,272,51.92,15.0,342,10.12,10.0,5.06,2022-23 -> 2024-25,CAVEAT: items differ across years but map to a constant competency framework. Item-level year comparisons mix learning and instrument change; competency-level comparisons are more defensible (still assume similar difficulty within competency). Prefer rankings and competency-level statements across years.
Bengaluru Rural,B0040 devanahalli,C1747 yeliyuru,66.25,0.0,132,76.41,32.5,96,10.16,32.5,5.08,2022-23 -> 2024-25,CAVEAT: items differ across years but map to a constant competency framework. Item-level year comparisons mix learning and instrument change; competency-level comparisons are more defensible (still assume similar difficulty within competency). Prefer rankings and competency-level statements across years.
Tumakuru,B0091 madhugiri,C0739 i.d.hally,43.66,5.0,119,53.85,15.0,179,10.19,10.0,5.09,2022-23 -> 2024-25,CAVEAT: items differ across years but map to a constant competency framework. Item-level year comparisons mix learning and instrument change; competency-level comparisons are more defensible (still assume similar difficulty within competency). Prefer rankings and competency-level statements across years.
Chitradurga,B0035 chitradurga,C1055 lakshmisagara,47.4,5.0,183,57.66,20.0,156,10.26,15.0,5.13,2022-23 -> 2024-25,CAVEAT: items differ across years but map to a constant competency framework. Item-level year comparisons mix learning and instrument change; competency-level comparisons are more defensible (still assume similar difficulty within competency). Prefer rankings and competency-level statements across years.
Mandya,B0103 nagamangala,C0368 chunchanahalli,73.04,50.0,56,83.3,65.0,56,10.26,15.0,5.13,2022-23 -> 2024-25,CAVEAT: items differ across years but map to a constant competency framework. Item-level year comparisons mix learning and instrument change; competency-level comparisons are more defensible (still assume similar difficulty within competency). Prefer rankings and competency-level statements across years.
Raichur,B0111 raichur,C0296 chandrabanda,40.36,5.0,222,50.84,10.0,357,10.48,5.0,5.24,2022-23 -> 2024-25,CAVEAT: items differ across years but map to a constant competency framework. Item-level year comparisons mix learning and instrument change; competency-level comparisons are more defensible (still assume similar difficulty within competency). Prefer rankings and competency-level statements across years.
Bengaluru Rural,B0042 doddaballapura,C0591 hanabe,56.22,15.0,127,66.8,37.5,86,10.58,22.5,5.29,2022-23 -> 2024-25,CAVEAT: items differ across years but map to a constant competency framework. Item-level year comparisons mix learning and instrument change; competency-level comparisons are more defensible (still assume similar difficulty within competency). Prefer rankings and competency-level statements across years.
Kalaburagi,B0001 afzalpur,C1407 revoor (b),64.36,15.0,520,74.98,45.0,259,10.62,30.0,5.31,2022-23 -> 2024-25,CAVEAT: items differ across years but map to a constant competency framework. Item-level year comparisons mix learning and instrument change; competency-level comparisons are more defensible (still assume similar difficulty within competency). Prefer rankings and competency-level statements across years.
Chikkaballapura,B0034 chintamani,C1503 siddepalli,47.38,10.0,143,58.03,20.0,76,10.65,10.0,5.32,2022-23 -> 2024-25,CAVEAT: items differ across years but map to a constant competency framework. Item-level year comparisons mix learning and instrument change; competency-level comparisons are more defensible (still assume similar difficulty within competency). Prefer rankings and competency-level statements across years.
Koppal,B0044 gangavathi,C0901 karatagi west,48.26,15.0,118,58.97,30.0,107,10.71,15.0,5.36,2022-23 -> 2024-25,CAVEAT: items differ across years but map to a constant competency framework. Item-level year comparisons mix learning and instrument change; competency-level comparisons are more defensible (still assume similar difficulty within competency). Prefer rankings and competency-level statements across years.
Bidar,B0015 basavakalyan,C1384 rajola,38.33,0.0,264,49.18,15.0,159,10.85,15.0,5.42,2022-23 -> 2024-25,CAVEAT: items differ across years but map to a constant competency framework. Item-level year comparisons mix learning and instrument change; competency-level comparisons are more defensible (still assume similar difficulty within competency). Prefer rankings and competency-level statements across years.
Chitradurga,B0035 chitradurga,C0188 belagatta,33.02,0.0,210,44.02,5.0,454,11.0,5.0,5.5,2022-23 -> 2024-25,CAVEAT: items differ across years but map to a constant competency framework. Item-level year comparisons mix learning and instrument change; competency-level comparisons are more defensible (still assume similar difficulty within competency). Prefer rankings and competency-level statements across years.
Kolar,B0131 srinivasapur,C0762 j thimmasandra,57.31,15.0,93,68.38,35.0,68,11.07,20.0,5.54,2022-23 -> 2024-25,CAVEAT: items differ across years but map to a constant competency framework. Item-level year comparisons mix learning and instrument change; competency-level comparisons are more defensible (still assume similar difficulty within competency). Prefer rankings and competency-level statements across years.
Chitradurga,B0097 molakalmur,C0400 devasamudra,24.95,0.0,283,36.18,5.0,752,11.23,5.0,5.62,2022-23 -> 2024-25,CAVEAT: items differ across years but map to a constant competency framework. Item-level year comparisons mix learning and instrument change; competency-level comparisons are more defensible (still assume similar difficulty within competency). Prefer rankings and competency-level statements across years.
Kodagu,B0140 virajpet,C0510 gonikoppal,49.83,15.0,202,61.09,25.0,137,11.26,10.0,5.63,2022-23 -> 2024-25,CAVEAT: items differ across years but map to a constant competency framework. Item-level year comparisons mix learning and instrument change; competency-level comparisons are more defensible (still assume similar difficulty within competency). Prefer rankings and competency-level statements across years.
Chikkaballapura,B0010 bagepally,C1372 raccheruvu,42.75,0.0,40,54.09,15.0,33,11.34,15.0,5.67,2022-23 -> 2024-25,CAVEAT: items differ across years but map to a constant competency framework. Item-level year comparisons mix learning and instrument change; competency-level comparisons are more defensible (still assume similar difficulty within competency). Prefer rankings and competency-level statements across years.
Dharwad,B0041 dharwad,C1691 veerapur,57.11,15.0,206,68.53,40.0,242,11.42,25.0,5.71,2022-23 -> 2024-25,CAVEAT: items differ across years but map to a constant competency framework. Item-level year comparisons mix learning and instrument change; competency-level comparisons are more defensible (still assume similar difficulty within competency). Prefer rankings and competency-level statements across years.
Kalaburagi,B0033 chincholi,C0980 konchawaram,44.15,10.0,183,55.59,20.0,162,11.44,10.0,5.72,2022-23 -> 2024-25,CAVEAT: items differ across years but map to a constant competency framework. Item-level year comparisons mix learning and instrument change; competency-level comparisons are more defensible (still assume similar difficulty within competency). Prefer rankings and competency-level statements across years.
Bidar,B0015 basavakalyan,C0235 bhosga marathi,44.52,5.0,220,56.0,25.0,100,11.48,20.0,5.74,2022-23 -> 2024-25,CAVEAT: items differ across years but map to a constant competency framework. Item-level year comparisons mix learning and instrument change; competency-level comparisons are more defensible (still assume similar difficulty within competency). Prefer rankings and competency-level statements across years.
Chitradurga,B0063 hosadurga,C1100 malali,52.02,10.0,136,63.54,26.0,103,11.52,16.0,5.76,2022-23 -> 2024-25,CAVEAT: items differ across years but map to a constant competency framework. Item-level year comparisons mix learning and instrument change; competency-level comparisons are more defensible (still assume similar difficulty within competency). Prefer rankings and competency-level statements across years.
Tumakuru,B0046 gubbi,C1170 mavinahalli,75.49,50.0,142,87.13,70.0,129,11.64,20.0,5.82,2022-23 -> 2024-25,CAVEAT: items differ across years but map to a constant competency framework. Item-level year comparisons mix learning and instrument change; competency-level comparisons are more defensible (still assume similar difficulty within competency). Prefer rankings and competency-level statements across years.
Chamarajanagara,B0142 yelandur,C0538 gumballi,34.49,0.0,118,46.16,10.0,246,11.67,10.0,5.84,2022-23 -> 2024-25,CAVEAT: items differ across years but map to a constant competency framework. Item-level year comparisons mix learning and instrument change; competency-level comparisons are more defensible (still assume similar difficulty within competency). Prefer rankings and competency-level statements across years.
Tumakuru,B0135 tiptur,C0695 honnenahalli,66.38,24.5,80,78.3,50.0,162,11.92,25.5,5.96,2022-23 -> 2024-25,CAVEAT: items differ across years but map to a constant competency framework. Item-level year comparisons mix learning and instrument change; competency-level comparisons are more defensible (still assume similar difficulty within competency). Prefer rankings and competency-level statements across years.
Davanagere,B0028 channagiri,C0632 hebbalagere,46.71,15.0,85,58.73,15.0,292,12.02,0.0,6.01,2022-23 -> 2024-25,CAVEAT: items differ across years but map to a constant competency framework. Item-level year comparisons mix learning and instrument change; competency-level comparisons are more defensible (still assume similar difficulty within competency). Prefer rankings and competency-level statements across years.
Bengaluru Rural,B0064 hosakote,C1271 nandagudi,58.1,15.0,158,70.32,35.0,63,12.22,20.0,6.11,2022-23 -> 2024-25,CAVEAT: items differ across years but map to a constant competency framework. Item-level year comparisons mix learning and instrument change; competency-level comparisons are more defensible (still assume similar difficulty within competency). Prefer rankings and competency-level statements across years.
Tumakuru,B0046 gubbi,C1066 m h patna,76.77,55.0,144,89.14,65.0,116,12.37,10.0,6.18,2022-23 -> 2024-25,CAVEAT: items differ across years but map to a constant competency framework. Item-level year comparisons mix learning and instrument change; competency-level comparisons are more defensible (still assume similar difficulty within competency). Prefer rankings and competency-level statements across years.
Chamarajanagara,B0142 yelandur,C0931 kesthur,40.31,10.0,311,52.75,15.0,278,12.44,5.0,6.22,2022-23 -> 2024-25,CAVEAT: items differ across years but map to a constant competency framework. Item-level year comparisons mix learning and instrument change; competency-level comparisons are more defensible (still assume similar difficulty within competency). Prefer rankings and competency-level statements across years.
Kolar,B0100 mulbagal,C1041 kurudumale,43.26,5.0,89,55.85,0.0,141,12.59,-5.0,6.3,2022-23 -> 2024-25,CAVEAT: items differ across years but map to a constant competency framework. Item-level year comparisons mix learning and instrument change; competency-level comparisons are more defensible (still assume similar difficulty within competency). Prefer rankings and competency-level statements across years.
Mysuru,B0104 nanjanagud,C0843 kalale,40.89,5.0,90,53.63,17.0,285,12.74,12.0,6.37,2022-23 -> 2024-25,CAVEAT: items differ across years but map to a constant competency framework. Item-level year comparisons mix learning and instrument change; competency-level comparisons are more defensible (still assume similar difficulty within competency). Prefer rankings and competency-level statements across years.
Bengaluru Rural,B0040 devanahalli,C1268 nalluru,74.52,46.0,52,87.35,72.0,85,12.83,26.0,6.42,2022-23 -> 2024-25,CAVEAT: items differ across years but map to a constant competency framework. Item-level year comparisons mix learning and instrument change; competency-level comparisons are more defensible (still assume similar difficulty within competency). Prefer rankings and competency-level statements across years.
Davanagere,B0028 channagiri,C1058 lingadahalli,40.51,5.0,79,53.4,10.0,134,12.89,5.0,6.44,2022-23 -> 2024-25,CAVEAT: items differ across years but map to a constant competency framework. Item-level year comparisons mix learning and instrument change; competency-level comparisons are more defensible (still assume similar difficulty within competency). Prefer rankings and competency-level statements across years.
Kodagu,B0092 madikeri,C1179 mekeri,61.47,25.0,92,74.46,50.0,83,12.99,25.0,6.5,2022-23 -> 2024-25,CAVEAT: items differ across years but map to a constant competency framework. Item-level year comparisons mix learning and instrument change; competency-level comparisons are more defensible (still assume similar difficulty within competency). Prefer rankings and competency-level statements across years.
Chamarajanagara,B0054 hanur,C1152 martalli,47.32,11.0,153,60.47,32.5,86,13.15,21.5,6.58,2022-23 -> 2024-25,CAVEAT: items differ across years but map to a constant competency framework. Item-level year comparisons mix learning and instrument change; competency-level comparisons are more defensible (still assume similar difficulty within competency). Prefer rankings and competency-level statements across years.
Gadag,B0115 ron,C0005 abbigeri,60.64,25.0,280,73.93,50.0,749,13.29,25.0,6.64,2022-23 -> 2024-25,CAVEAT: items differ across years but map to a constant competency framework. Item-level year comparisons mix learning and instrument change; competency-level comparisons are more defensible (still assume similar difficulty within competency). Prefer rankings and competency-level statements across years.
Raichur,B0089 lingasugur,C1169 mavinabhavi,42.18,5.0,323,55.59,15.0,262,13.41,10.0,6.7,2022-23 -> 2024-25,CAVEAT: items differ across years but map to a constant competency framework. Item-level year comparisons mix learning and instrument change; competency-level comparisons are more defensible (still assume similar difficulty within competency). Prefer rankings and competency-level statements across years.
Raichur,B0111 raichur,C0484 gandhal,45.96,7.0,285,59.62,10.0,237,13.66,3.0,6.83,2022-23 -> 2024-25,CAVEAT: items differ across years but map to a constant competency framework. Item-level year comparisons mix learning and instrument change; competency-level comparisons are more defensible (still assume similar difficulty within competency). Prefer rankings and competency-level statements across years.
Chikkaballapura,B0010 bagepally,C0311 chelur,30.0,0.0,31,43.71,5.0,31,13.71,5.0,6.86,2022-23 -> 2024-25,CAVEAT: items differ across years but map to a constant competency framework. Item-level year comparisons mix learning and instrument change; competency-level comparisons are more defensible (still assume similar difficulty within competency). Prefer rankings and competency-level statements across years.
Kalaburagi,B0002 aland,C0935 khajuri,52.19,14.5,180,65.9,35.0,211,13.71,20.5,6.86,2022-23 -> 2024-25,CAVEAT: items differ across years but map to a constant competency framework. Item-level year comparisons mix learning and instrument change; competency-level comparisons are more defensible (still assume similar difficulty within competency). Prefer rankings and competency-level statements across years.
Kodagu,B0129 somavarpet,C1013 kudige,50.66,10.0,188,64.44,25.0,99,13.78,15.0,6.89,2022-23 -> 2024-25,CAVEAT: items differ across years but map to a constant competency framework. Item-level year comparisons mix learning and instrument change; competency-level comparisons are more defensible (still assume similar difficulty within competency). Prefer rankings and competency-level statements across years.
Chikkaballapura,B0034 chintamani,C0356 chinthamani-2,43.08,5.0,159,56.88,15.0,210,13.8,10.0,6.9,2022-23 -> 2024-25,CAVEAT: items differ across years but map to a constant competency framework. Item-level year comparisons mix learning and instrument change; competency-level comparisons are more defensible (still assume similar difficulty within competency). Prefer rankings and competency-level statements across years.
Raichur,B0096 manvi,C0569 halapur,74.69,65.0,180,88.57,70.0,272,13.88,5.0,6.94,2022-23 -> 2024-25,CAVEAT: items differ across years but map to a constant competency framework. Item-level year comparisons mix learning and instrument change; competency-level comparisons are more defensible (still assume similar difficulty within competency). Prefer rankings and competency-level statements across years.
Haveri,B0121 shiggoan,C1823 baad,52.64,15.0,89,66.53,25.0,264,13.89,10.0,6.94,2022-23 -> 2024-25,CAVEAT: items differ across years but map to a constant competency framework. Item-level year comparisons mix learning and instrument change; competency-level comparisons are more defensible (still assume similar difficulty within competency). Prefer rankings and competency-level statements across years.
Ramanagara,B0112 ramanagara,C0249 bilagumba,75.59,55.0,76,89.5,74.5,140,13.91,19.5,6.96,2022-23 -> 2024-25,CAVEAT: items differ across years but map to a constant competency framework. Item-level year comparisons mix learning and instrument change; competency-level comparisons are more defensible (still assume similar difficulty within competency). Prefer rankings and competency-level statements across years.
Tumakuru,B0031 chiknayakanhalli,C1722 yalanaadu,50.54,7.5,176,64.79,40.0,118,14.25,32.5,7.12,2022-23 -> 2024-25,CAVEAT: items differ across years but map to a constant competency framework. Item-level year comparisons mix learning and instrument change; competency-level comparisons are more defensible (still assume similar difficulty within competency). Prefer rankings and competency-level statements across years.
Gadag,B0122 shirhatti,C0287 chabbi,53.83,20.0,132,68.44,40.0,529,14.61,20.0,7.3,2022-23 -> 2024-25,CAVEAT: items differ across years but map to a constant competency framework. Item-level year comparisons mix learning and instrument change; competency-level comparisons are more defensible (still assume similar difficulty within competency). Prefer rankings and competency-level statements across years.
Kolar,B0131 srinivasapur,C1411 ronur,54.25,10.0,87,69.01,30.0,81,14.76,20.0,7.38,2022-23 -> 2024-25,CAVEAT: items differ across years but map to a constant competency framework. Item-level year comparisons mix learning and instrument change; competency-level comparisons are more defensible (still assume similar difficulty within competency). Prefer rankings and competency-level statements across years.
Mysuru,B0133 t.n.pura,C2450 muguru,51.88,15.0,176,66.66,35.0,304,14.78,20.0,7.39,2022-23 -> 2024-25,CAVEAT: items differ across years but map to a constant competency framework. Item-level year comparisons mix learning and instrument change; competency-level comparisons are more defensible (still assume similar difficulty within competency). Prefer rankings and competency-level statements across years.
Tumakuru,B0087 kunigal,C0645 herur,53.38,5.0,145,68.29,31.0,73,14.91,26.0,7.46,2022-23 -> 2024-25,CAVEAT: items differ across years but map to a constant competency framework. Item-level year comparisons mix learning and instrument change; competency-level comparisons are more defensible (still assume similar difficulty within competency). Prefer rankings and competency-level statements across years.
Raichur,B0089 lingasugur,C1410 roadlabanda,55.31,20.0,193,70.59,25.0,51,15.28,5.0,7.64,2022-23 -> 2024-25,CAVEAT: items differ across years but map to a constant competency framework. Item-level year comparisons mix learning and instrument change; competency-level comparisons are more defensible (still assume similar difficulty within competency). Prefer rankings and competency-level statements across years.
Mysuru,B0133 t.n.pura,C2078 halekempayyanahundi,48.9,5.0,145,64.9,23.5,288,16.0,18.5,8.0,2022-23 -> 2024-25,CAVEAT: items differ across years but map to a constant competency framework. Item-level year comparisons mix learning and instrument change; competency-level comparisons are more defensible (still assume similar difficulty within competency). Prefer rankings and competency-level statements across years.
Kalaburagi,B0033 chincholi,C0471 gadilingadalli,41.99,10.0,113,58.0,15.0,60,16.01,5.0,8.0,2022-23 -> 2024-25,CAVEAT: items differ across years but map to a constant competency framework. Item-level year comparisons mix learning and instrument change; competency-level comparisons are more defensible (still assume similar difficulty within competency). Prefer rankings and competency-level statements across years.
Gadag,B0122 shirhatti,C0463 futagao badni,57.93,25.0,275,73.97,45.0,523,16.04,20.0,8.02,2022-23 -> 2024-25,CAVEAT: items differ across years but map to a constant competency framework. Item-level year comparisons mix learning and instrument change; competency-level comparisons are more defensible (still assume similar difficulty within competency). Prefer rankings and competency-level statements across years.
Tumakuru,B0137 turuvekere,C1171 mavinakere,55.34,25.0,58,71.78,45.0,76,16.44,20.0,8.22,2022-23 -> 2024-25,CAVEAT: items differ across years but map to a constant competency framework. Item-level year comparisons mix learning and instrument change; competency-level comparisons are more defensible (still assume similar difficulty within competency). Prefer rankings and competency-level statements across years.
Chikkaballapura,B0010 bagepally,C0253 billur,26.89,0.0,106,43.49,10.0,166,16.6,10.0,8.3,2022-23 -> 2024-25,CAVEAT: items differ across years but map to a constant competency framework. Item-level year comparisons mix learning and instrument change; competency-level comparisons are more defensible (still assume similar difficulty within competency). Prefer rankings and competency-level statements across years.
Mysuru,B0104 nanjanagud,C1586 thagadur,34.13,0.0,150,50.87,10.0,287,16.74,10.0,8.37,2022-23 -> 2024-25,CAVEAT: items differ across years but map to a constant competency framework. Item-level year comparisons mix learning and instrument change; competency-level comparisons are more defensible (still assume similar difficulty within competency). Prefer rankings and competency-level statements across years.
Kalaburagi,B0033 chincholi,C0878 kanakapur,40.95,5.0,263,57.8,20.0,82,16.85,15.0,8.42,2022-23 -> 2024-25,CAVEAT: items differ across years but map to a constant competency framework. Item-level year comparisons mix learning and instrument change; competency-level comparisons are more defensible (still assume similar difficulty within competency). Prefer rankings and competency-level statements across years.
Bengaluru Rural,B0107 nelamangala,C1614 thyamagondlu,60.99,15.0,152,77.9,60.0,31,16.91,45.0,8.46,2022-23 -> 2024-25,CAVEAT: items differ across years but map to a constant competency framework. Item-level year comparisons mix learning and instrument change; competency-level comparisons are more defensible (still assume similar difficulty within competency). Prefer rankings and competency-level statements across years.
Bengaluru Rural,B0042 doddaballapura,C0559 hadonahalli,42.75,0.0,91,59.82,17.5,56,17.07,17.5,8.54,2022-23 -> 2024-25,CAVEAT: items differ across years but map to a constant competency framework. Item-level year comparisons mix learning and instrument change; competency-level comparisons are more defensible (still assume similar difficulty within competency). Prefer rankings and competency-level statements across years.
Davanagere,B0028 channagiri,C0927 kerebilachi,45.08,5.0,61,62.23,25.0,231,17.15,20.0,8.58,2022-23 -> 2024-25,CAVEAT: items differ across years but map to a constant competency framework. Item-level year comparisons mix learning and instrument change; competency-level comparisons are more defensible (still assume similar difficulty within competency). Prefer rankings and competency-level statements across years.
Bengaluru Rural,B0040 devanahalli,C0533 gudlumuddenahalli,68.65,35.0,100,85.96,70.0,114,17.31,35.0,8.66,2022-23 -> 2024-25,CAVEAT: items differ across years but map to a constant competency framework. Item-level year comparisons mix learning and instrument change; competency-level comparisons are more defensible (still assume similar difficulty within competency). Prefer rankings and competency-level statements across years.
Hassan,B0029 channarayapatna,C0413 didaga,73.63,45.0,51,91.12,80.0,58,17.49,35.0,8.74,2022-23 -> 2024-25,CAVEAT: items differ across years but map to a constant competency framework. Item-level year comparisons mix learning and instrument change; competency-level comparisons are more defensible (still assume similar difficulty within competency). Prefer rankings and competency-level statements across years.
Tumakuru,B0087 kunigal,C1001 kottagere,59.02,30.0,41,76.7,51.5,44,17.68,21.5,8.84,2022-23 -> 2024-25,CAVEAT: items differ across years but map to a constant competency framework. Item-level year comparisons mix learning and instrument change; competency-level comparisons are more defensible (still assume similar difficulty within competency). Prefer rankings and competency-level statements across years.
Tumakuru,B0046 gubbi,C0284 c s pura,53.54,25.0,89,71.23,25.0,231,17.69,0.0,8.84,2022-23 -> 2024-25,CAVEAT: items differ across years but map to a constant competency framework. Item-level year comparisons mix learning and instrument change; competency-level comparisons are more defensible (still assume similar difficulty within competency). Prefer rankings and competency-level statements across years.
Koppal,B0081 koppal,C0973 kolur,48.64,10.0,396,66.44,30.5,212,17.8,20.5,8.9,2022-23 -> 2024-25,CAVEAT: items differ across years but map to a constant competency framework. Item-level year comparisons mix learning and instrument change; competency-level comparisons are more defensible (still assume similar difficulty within competency). Prefer rankings and competency-level statements across years.
Bidar,B0020 bidar,C0171 baroor,24.75,0.0,198,42.93,10.0,121,18.18,10.0,9.09,2022-23 -> 2024-25,CAVEAT: items differ across years but map to a constant competency framework. Item-level year comparisons mix learning and instrument change; competency-level comparisons are more defensible (still assume similar difficulty within competency). Prefer rankings and competency-level statements across years.
Davanagere,B0028 channagiri,C0357 chiradoni,63.69,45.0,130,81.87,60.0,190,18.18,15.0,9.09,2022-23 -> 2024-25,CAVEAT: items differ across years but map to a constant competency framework. Item-level year comparisons mix learning and instrument change; competency-level comparisons are more defensible (still assume similar difficulty within competency). Prefer rankings and competency-level statements across years.
Tumakuru,B0046 gubbi,C0243 bidare,68.96,22.0,115,87.19,65.0,276,18.23,43.0,9.12,2022-23 -> 2024-25,CAVEAT: items differ across years but map to a constant competency framework. Item-level year comparisons mix learning and instrument change; competency-level comparisons are more defensible (still assume similar difficulty within competency). Prefer rankings and competency-level statements across years.
Gadag,B0115 ron,C1464 savadi,54.8,20.0,150,73.32,45.0,366,18.52,25.0,9.26,2022-23 -> 2024-25,CAVEAT: items differ across years but map to a constant competency framework. Item-level year comparisons mix learning and instrument change; competency-level comparisons are more defensible (still assume similar difficulty within competency). Prefer rankings and competency-level statements across years.
Raichur,B0111 raichur,C0775 jalibenchi,56.11,15.0,444,74.88,40.0,320,18.77,25.0,9.38,2022-23 -> 2024-25,CAVEAT: items differ across years but map to a constant competency framework. Item-level year comparisons mix learning and instrument change; competency-level comparisons are more defensible (still assume similar difficulty within competency). Prefer rankings and competency-level statements across years.
Mysuru,B0104 nanjanagud,C0724 hullahalli,38.83,5.0,64,57.71,25.0,315,18.88,20.0,9.44,2022-23 -> 2024-25,CAVEAT: items differ across years but map to a constant competency framework. Item-level year comparisons mix learning and instrument change; competency-level comparisons are more defensible (still assume similar difficulty within competency). Prefer rankings and competency-level statements across years.
Davanagere,B0028 channagiri,C1347 pandomati,49.09,5.0,164,67.99,35.0,184,18.9,30.0,9.45,2022-23 -> 2024-25,CAVEAT: items differ across years but map to a constant competency framework. Item-level year comparisons mix learning and instrument change; competency-level comparisons are more defensible (still assume similar difficulty within competency). Prefer rankings and competency-level statements across years.
Kalaburagi,B0073 jewargi,C0081 aralagundagi,46.63,10.0,349,65.63,15.0,444,19.0,5.0,9.5,2022-23 -> 2024-25,CAVEAT: items differ across years but map to a constant competency framework. Item-level year comparisons mix learning and instrument change; competency-level comparisons are more defensible (still assume similar difficulty within competency). Prefer rankings and competency-level statements across years.
Kalaburagi,B0002 aland,C1224 munahalli,40.0,0.0,197,59.0,30.0,231,19.0,30.0,9.5,2022-23 -> 2024-25,CAVEAT: items differ across years but map to a constant competency framework. Item-level year comparisons mix learning and instrument change; competency-level comparisons are more defensible (still assume similar difficulty within competency). Prefer rankings and competency-level statements across years.
Hassan,B0029 channarayapatna,C0536 gulsindha,67.05,30.0,100,86.26,70.0,211,19.21,40.0,9.6,2022-23 -> 2024-25,CAVEAT: items differ across years but map to a constant competency framework. Item-level year comparisons mix learning and instrument change; competency-level comparisons are more defensible (still assume similar difficulty within competency). Prefer rankings and competency-level statements across years.
Davanagere,B0037 davanagere(n),C1732 yaragunte,46.42,15.0,120,65.83,36.5,114,19.41,21.5,9.7,2022-23 -> 2024-25,CAVEAT: items differ across years but map to a constant competency framework. Item-level year comparisons mix learning and instrument change; competency-level comparisons are more defensible (still assume similar difficulty within competency). Prefer rankings and competency-level statements across years.
Davanagere,B0028 channagiri,C1615 thyavanige,52.06,10.0,80,71.62,30.0,229,19.56,20.0,9.78,2022-23 -> 2024-25,CAVEAT: items differ across years but map to a constant competency framework. Item-level year comparisons mix learning and instrument change; competency-level comparisons are more defensible (still assume similar difficulty within competency). Prefer rankings and competency-level statements across years.
Yadgir,B0120 shahapur,C0508 gogi,47.09,5.0,86,66.75,40.0,103,19.66,35.0,9.83,2022-23 -> 2024-25,CAVEAT: items differ across years but map to a constant competency framework. Item-level year comparisons mix learning and instrument change; competency-level comparisons are more defensible (still assume similar difficulty within competency). Prefer rankings and competency-level statements across years.
Chamarajanagara,B0054 hanur,C1064 lokkanahalli,43.12,5.0,261,62.81,20.0,270,19.69,15.0,9.84,2022-23 -> 2024-25,CAVEAT: items differ across years but map to a constant competency framework. Item-level year comparisons mix learning and instrument change; competency-level comparisons are more defensible (still assume similar difficulty within competency). Prefer rankings and competency-level statements across years.
Ballari,B0013 ballari west,"C0746 indiranagar,bellary",43.33,5.0,192,63.79,35.0,211,20.46,30.0,10.23,2022-23 -> 2024-25,CAVEAT: items differ across years but map to a constant competency framework. Item-level year comparisons mix learning and instrument change; competency-level comparisons are more defensible (still assume similar difficulty within competency). Prefer rankings and competency-level statements across years.
Kalaburagi,B0033 chincholi,C0469 gadikeshwar,45.7,5.0,330,66.31,35.0,164,20.61,30.0,10.3,2022-23 -> 2024-25,CAVEAT: items differ across years but map to a constant competency framework. Item-level year comparisons mix learning and instrument change; competency-level comparisons are more defensible (still assume similar difficulty within competency). Prefer rankings and competency-level statements across years.
Kolar,B0079 kolar,C0951 kodikannur,43.28,8.5,148,64.24,25.0,236,20.96,16.5,10.48,2022-23 -> 2024-25,CAVEAT: items differ across years but map to a constant competency framework. Item-level year comparisons mix learning and instrument change; competency-level comparisons are more defensible (still assume similar difficulty within competency). Prefer rankings and competency-level statements across years.
Chitradurga,B0059 hiriyur,C0414 dindavara,37.19,5.0,301,58.22,5.0,245,21.03,0.0,10.52,2022-23 -> 2024-25,CAVEAT: items differ across years but map to a constant competency framework. Item-level year comparisons mix learning and instrument change; competency-level comparisons are more defensible (still assume similar difficulty within competency). Prefer rankings and competency-level statements across years.
Kalaburagi,B0073 jewargi,C0742 ijeri,39.98,5.0,271,61.22,20.0,185,21.24,15.0,10.62,2022-23 -> 2024-25,CAVEAT: items differ across years but map to a constant competency framework. Item-level year comparisons mix learning and instrument change; competency-level comparisons are more defensible (still assume similar difficulty within competency). Prefer rankings and competency-level statements across years.
Bidar,B0015 basavakalyan,C1187 mirkhal marathi,32.34,0.0,47,55.06,20.0,90,22.72,20.0,11.36,2022-23 -> 2024-25,CAVEAT: items differ across years but map to a constant competency framework. Item-level year comparisons mix learning and instrument change; competency-level comparisons are more defensible (still assume similar difficulty within competency). Prefer rankings and competency-level statements across years.
Tumakuru,B0046 gubbi,C0311 chelur,57.64,25.0,146,81.12,45.0,384,23.48,20.0,11.74,2022-23 -> 2024-25,CAVEAT: items differ across years but map to a constant competency framework. Item-level year comparisons mix learning and instrument change; competency-level comparisons are more defensible (still assume similar difficulty within competency). Prefer rankings and competency-level statements across years.
Hassan,B0029 channarayapatna,C0780 jambur,69.14,30.0,105,92.75,80.0,71,23.61,50.0,11.8,2022-23 -> 2024-25,CAVEAT: items differ across years but map to a constant competency framework. Item-level year comparisons mix learning and instrument change; competency-level comparisons are more defensible (still assume similar difficulty within competency). Prefer rankings and competency-level statements across years.
Kalaburagi,B0119 sedam,C0947 kodala,44.16,5.0,280,67.9,35.0,264,23.74,30.0,11.87,2022-23 -> 2024-25,CAVEAT: items differ across years but map to a constant competency framework. Item-level year comparisons mix learning and instrument change; competency-level comparisons are more defensible (still assume similar difficulty within competency). Prefer rankings and competency-level statements across years.
Hassan,B0057 hassan,C1320 nitturu,58.89,18.5,158,85.43,65.0,235,26.54,46.5,13.27,2022-23 -> 2024-25,CAVEAT: items differ across years but map to a constant competency framework. Item-level year comparisons mix learning and instrument change; competency-level comparisons are more defensible (still assume similar difficulty within competency). Prefer rankings and competency-level statements across years.
Davanagere,B0028 channagiri,C0175 basavapatna,48.44,15.0,64,80.33,60.0,315,31.89,45.0,15.94,2022-23 -> 2024-25,CAVEAT: items differ across years but map to a constant competency framework. Item-level year comparisons mix learning and instrument change; competency-level comparisons are more defensible (still assume similar difficulty within competency). Prefer rankings and competency-level statements across years.
Hassan,B0029 channarayapatna,C0801 juttanahally,52.13,13.5,68,86.54,65.0,114,34.41,51.5,17.2,2022-23 -> 2024-25,CAVEAT: items differ across years but map to a constant competency framework. Item-level year comparisons mix learning and instrument change; competency-level comparisons are more defensible (still assume similar difficulty within competency). Prefer rankings and competency-level statements across years.
Ramanagara,B0112 ramanagara,C0161 bannikuppe(b),51.59,16.0,22,87.78,75.0,117,36.19,59.0,18.09,2022-23 -> 2024-25,CAVEAT: items differ across years but map to a constant competency framework. Item-level year comparisons mix learning and instrument change; competency-level comparisons are more defensible (still assume similar difficulty within competency). Prefer rankings and competency-level statements across years.
Kodagu,B0140 virajpet,C1607 thithimathi,40.76,10.0,198,77.85,55.0,144,37.09,45.0,18.54,2022-23 -> 2024-25,CAVEAT: items differ across years but map to a constant competency framework. Item-level year comparisons mix learning and instrument change; competency-level comparisons are more defensible (still assume similar difficulty within competency). Prefer rankings and competency-level statements across years.
Kodagu,B0140 virajpet,C1365 ponnampet,37.5,5.0,174,75.43,42.0,23,37.93,37.0,18.96,2022-23 -> 2024-25,CAVEAT: items differ across years but map to a constant competency framework. Item-level year comparisons mix learning and instrument change; competency-level comparisons are more defensible (still assume similar difficulty within competency). Prefer rankings and competency-level statements across years.
