district,block,cluster,gp,pct_mean_first,pct_floor_first,n_students_first,pct_mean_last,pct_floor_last,n_students_last,change_pp,floor_change_pp,annualised_pp,years,instrument_caveat
Ballari,B0117 sandur,C1185 metriki,5054 rajapura,70.13,45.0,112,19.32,0.0,155,-50.81,-45.0,-25.4,2022-23 -> 2024-25,CAVEAT: items differ across years but map to a constant competency framework. Item-level year comparisons mix learning and instrument change; competency-level comparisons are more defensible (still assume similar difficulty within competency). Prefer rankings and competency-level statements across years.
Raichur,B0096 manvi,C1442 sangapur,5202 sangapur,78.04,49.5,120,27.55,0.0,106,-50.49,-49.5,-25.24,2022-23 -> 2024-25,CAVEAT: items differ across years but map to a constant competency framework. Item-level year comparisons mix learning and instrument change; competency-level comparisons are more defensible (still assume similar difficulty within competency). Prefer rankings and competency-level statements across years.
Bidar,B0007 aurad,C0103 aurad urdu,1186 belkuni(ch),79.72,65.0,53,30.49,10.0,91,-49.23,-55.0,-24.62,2022-23 -> 2024-25,CAVEAT: items differ across years but map to a constant competency framework. Item-level year comparisons mix learning and instrument change; competency-level comparisons are more defensible (still assume similar difficulty within competency). Prefer rankings and competency-level statements across years.
Bidar,B0015 basavakalyan,C0203 belura,6453 belur,78.11,65.0,53,28.88,0.0,94,-49.23,-65.0,-24.62,2022-23 -> 2024-25,CAVEAT: items differ across years but map to a constant competency framework. Item-level year comparisons mix learning and instrument change; competency-level comparisons are more defensible (still assume similar difficulty within competency). Prefer rankings and competency-level statements across years.
Ballari,B0117 sandur,C1185 metriki,4436 metriki,81.2,65.0,251,32.48,10.0,272,-48.72,-55.0,-24.36,2022-23 -> 2024-25,CAVEAT: items differ across years but map to a constant competency framework. Item-level year comparisons mix learning and instrument change; competency-level comparisons are more defensible (still assume similar difficulty within competency). Prefer rankings and competency-level statements across years.
Ballari,B0013 ballari west,C0974 koluru,6155 yerrangaligi,71.22,43.0,127,25.46,0.0,164,-45.76,-43.0,-22.88,2022-23 -> 2024-25,CAVEAT: items differ across years but map to a constant competency framework. Item-level year comparisons mix learning and instrument change; competency-level comparisons are more defensible (still assume similar difficulty within competency). Prefer rankings and competency-level statements across years.
Vijayapura,B0070 indi,C1434 salotagi,5179 salutagi,88.44,80.0,135,43.52,10.0,311,-44.92,-70.0,-22.46,2022-23 -> 2024-25,CAVEAT: items differ across years but map to a constant competency framework. Item-level year comparisons mix learning and instrument change; competency-level comparisons are more defensible (still assume similar difficulty within competency). Prefer rankings and competency-level statements across years.
Vijayanagara,B0084 kudligi,C0812 k.iyana halli,3114 k.ayyenahalli,91.0,80.0,211,46.52,10.0,178,-44.48,-70.0,-22.24,2022-23 -> 2024-25,CAVEAT: items differ across years but map to a constant competency framework. Item-level year comparisons mix learning and instrument change; competency-level comparisons are more defensible (still assume similar difficulty within competency). Prefer rankings and competency-level statements across years.
Kodagu,B0140 virajpet,C1364 polibetta,6507 hosur,83.81,75.0,21,39.44,5.0,27,-44.37,-70.0,-22.18,2022-23 -> 2024-25,CAVEAT: items differ across years but map to a constant competency framework. Item-level year comparisons mix learning and instrument change; competency-level comparisons are more defensible (still assume similar difficulty within competency). Prefer rankings and competency-level statements across years.
Ballari,B0117 sandur,C0259 bomma gatta,6217 yerrayyana halli,69.46,40.0,177,25.21,0.0,216,-44.25,-40.0,-22.12,2022-23 -> 2024-25,CAVEAT: items differ across years but map to a constant competency framework. Item-level year comparisons mix learning and instrument change; competency-level comparisons are more defensible (still assume similar difficulty within competency). Prefer rankings and competency-level statements across years.
Yadgir,B0123 shorapur,C0543 gundalgera,803 arkera (j),74.31,46.5,174,30.21,0.0,219,-44.1,-46.5,-22.05,2022-23 -> 2024-25,CAVEAT: items differ across years but map to a constant competency framework. Item-level year comparisons mix learning and instrument change; competency-level comparisons are more defensible (still assume similar difficulty within competency). Prefer rankings and competency-level statements across years.
Vijayanagara,B0051 hadagali,C0648 hire hadagali,4118 magala,70.1,45.5,52,26.44,0.0,226,-43.66,-45.5,-21.83,2022-23 -> 2024-25,CAVEAT: items differ across years but map to a constant competency framework. Item-level year comparisons mix learning and instrument change; competency-level comparisons are more defensible (still assume similar difficulty within competency). Prefer rankings and competency-level statements across years.
Bengaluru Rural,B0040 devanahalli,C1747 yeliyuru,6198 mandibele,86.55,75.0,55,43.89,8.0,27,-42.66,-67.0,-21.33,2022-23 -> 2024-25,CAVEAT: items differ across years but map to a constant competency framework. Item-level year comparisons mix learning and instrument change; competency-level comparisons are more defensible (still assume similar difficulty within competency). Prefer rankings and competency-level statements across years.
Bidar,B0068 humnabad,C0712 hudgi,2817 hudgi,66.34,30.0,101,24.37,0.0,71,-41.97,-30.0,-20.98,2022-23 -> 2024-25,CAVEAT: items differ across years but map to a constant competency framework. Item-level year comparisons mix learning and instrument change; competency-level comparisons are more defensible (still assume similar difficulty within competency). Prefer rankings and competency-level statements across years.
Koppal,B0044 gangavathi,C0334 chikkajanthakal,3046 jangamarkalgudi,64.86,40.0,73,23.03,0.0,175,-41.83,-40.0,-20.92,2022-23 -> 2024-25,CAVEAT: items differ across years but map to a constant competency framework. Item-level year comparisons mix learning and instrument change; competency-level comparisons are more defensible (still assume similar difficulty within competency). Prefer rankings and competency-level statements across years.
Chitradurga,B0035 chitradurga,C0233 bheemasamudra,1121 beemasamudra,73.57,49.5,70,32.08,0.0,77,-41.49,-49.5,-20.74,2022-23 -> 2024-25,CAVEAT: items differ across years but map to a constant competency framework. Item-level year comparisons mix learning and instrument change; competency-level comparisons are more defensible (still assume similar difficulty within competency). Prefer rankings and competency-level statements across years.
Chitradurga,B0035 chitradurga,C0233 bheemasamudra,1390 bommenahalli,76.56,59.5,80,35.83,5.0,96,-40.73,-54.5,-20.36,2022-23 -> 2024-25,CAVEAT: items differ across years but map to a constant competency framework. Item-level year comparisons mix learning and instrument change; competency-level comparisons are more defensible (still assume similar difficulty within competency). Prefer rankings and competency-level statements across years.
Koppal,B0081 koppal,C0032 alawandi,1377 bochanahalli,66.24,30.0,129,25.82,0.0,194,-40.42,-30.0,-20.21,2022-23 -> 2024-25,CAVEAT: items differ across years but map to a constant competency framework. Item-level year comparisons mix learning and instrument change; competency-level comparisons are more defensible (still assume similar difficulty within competency). Prefer rankings and competency-level statements across years.
Bidar,B0019 bhalki,C0577 halhalli (k),1471 chalkapur,78.97,60.0,68,38.6,5.0,118,-40.37,-55.0,-20.18,2022-23 -> 2024-25,CAVEAT: items differ across years but map to a constant competency framework. Item-level year comparisons mix learning and instrument change; competency-level comparisons are more defensible (still assume similar difficulty within competency). Prefer rankings and competency-level statements across years.
Dharwad,B0041 dharwad,C1223 mummigatti,1592 chikkamalligwad,71.21,50.0,199,31.19,0.0,143,-40.02,-50.0,-20.01,2022-23 -> 2024-25,CAVEAT: items differ across years but map to a constant competency framework. Item-level year comparisons mix learning and instrument change; competency-level comparisons are more defensible (still assume similar difficulty within competency). Prefer rankings and competency-level statements across years.
Tumakuru,B0137 turuvekere,C0881 kanathur,3351 kanathuru,88.06,69.5,80,48.1,15.0,71,-39.96,-54.5,-19.98,2022-23 -> 2024-25,CAVEAT: items differ across years but map to a constant competency framework. Item-level year comparisons mix learning and instrument change; competency-level comparisons are more defensible (still assume similar difficulty within competency). Prefer rankings and competency-level statements across years.
Yadgir,B0120 shahapur,C1706 wanadurga,6019 wanadurga,72.74,55.0,175,33.08,5.0,177,-39.66,-50.0,-19.83,2022-23 -> 2024-25,CAVEAT: items differ across years but map to a constant competency framework. Item-level year comparisons mix learning and instrument change; competency-level comparisons are more defensible (still assume similar difficulty within competency). Prefer rankings and competency-level statements across years.
Koppal,B0081 koppal,C0018 agalakera,1023 bandiharlapur,72.89,50.0,102,33.32,5.0,137,-39.57,-45.0,-19.78,2022-23 -> 2024-25,CAVEAT: items differ across years but map to a constant competency framework. Item-level year comparisons mix learning and instrument change; competency-level comparisons are more defensible (still assume similar difficulty within competency). Prefer rankings and competency-level statements across years.
Koppal,B0143 yelburga,C1738 yelaburga,5199 sanganahal,67.37,35.0,116,27.86,0.0,117,-39.51,-35.0,-19.75,2022-23 -> 2024-25,CAVEAT: items differ across years but map to a constant competency framework. Item-level year comparisons mix learning and instrument change; competency-level comparisons are more defensible (still assume similar difficulty within competency). Prefer rankings and competency-level statements across years.
Kalaburagi,B0001 afzalpur,C0504 gobbur (b),1310 bidanoor,78.7,65.0,92,39.25,5.0,87,-39.45,-60.0,-19.72,2022-23 -> 2024-25,CAVEAT: items differ across years but map to a constant competency framework. Item-level year comparisons mix learning and instrument change; competency-level comparisons are more defensible (still assume similar difficulty within competency). Prefer rankings and competency-level statements across years.
Haveri,B0053 hanagal,C0132 balambeed,958 balambeed,80.92,60.0,169,41.78,10.0,138,-39.14,-50.0,-19.57,2022-23 -> 2024-25,CAVEAT: items differ across years but map to a constant competency framework. Item-level year comparisons mix learning and instrument change; competency-level comparisons are more defensible (still assume similar difficulty within competency). Prefer rankings and competency-level statements across years.
Mandya,B0093 malavally,C0700 hosa hally,2774 hosa hally,90.0,75.0,85,50.89,15.0,95,-39.11,-60.0,-19.56,2022-23 -> 2024-25,CAVEAT: items differ across years but map to a constant competency framework. Item-level year comparisons mix learning and instrument change; competency-level comparisons are more defensible (still assume similar difficulty within competency). Prefer rankings and competency-level statements across years.
Yadgir,B0141 yadgir,C1086 madhawar,4100 madhwar,68.1,27.0,58,29.0,0.0,50,-39.1,-27.0,-19.55,2022-23 -> 2024-25,CAVEAT: items differ across years but map to a constant competency framework. Item-level year comparisons mix learning and instrument change; competency-level comparisons are more defensible (still assume similar difficulty within competency). Prefer rankings and competency-level statements across years.
Ballari,B0128 siruguppa,C1010 kudarhal,3842 kududhurahal,61.31,30.0,180,22.35,0.0,226,-38.96,-30.0,-19.48,2022-23 -> 2024-25,CAVEAT: items differ across years but map to a constant competency framework. Item-level year comparisons mix learning and instrument change; competency-level comparisons are more defensible (still assume similar difficulty within competency). Prefer rankings and competency-level statements across years.
Belagavi,B0110 raibag,C0710 hubbarwadi,4404 mekali,79.73,45.0,149,41.46,8.0,137,-38.27,-37.0,-19.14,2022-23 -> 2024-25,CAVEAT: items differ across years but map to a constant competency framework. Item-level year comparisons mix learning and instrument change; competency-level comparisons are more defensible (still assume similar difficulty within competency). Prefer rankings and competency-level statements across years.
Raichur,B0126 sindhanur,C1412 roudakunda,5129 roudakunda,65.44,35.0,57,27.35,0.0,132,-38.09,-35.0,-19.04,2022-23 -> 2024-25,CAVEAT: items differ across years but map to a constant competency framework. Item-level year comparisons mix learning and instrument change; competency-level comparisons are more defensible (still assume similar difficulty within competency). Prefer rankings and competency-level statements across years.
Belagavi,B0110 raibag,C0710 hubbarwadi,2812 hubbarwadi,68.79,35.0,145,31.29,5.0,116,-37.5,-30.0,-18.75,2022-23 -> 2024-25,CAVEAT: items differ across years but map to a constant competency framework. Item-level year comparisons mix learning and instrument change; competency-level comparisons are more defensible (still assume similar difficulty within competency). Prefer rankings and competency-level statements across years.
Dharwad,B0066 hubli,C0914 katnur,3404 kantur,81.4,50.0,100,43.96,10.0,115,-37.44,-40.0,-18.72,2022-23 -> 2024-25,CAVEAT: items differ across years but map to a constant competency framework. Item-level year comparisons mix learning and instrument change; competency-level comparisons are more defensible (still assume similar difficulty within competency). Prefer rankings and competency-level statements across years.
Koppal,B0044 gangavathi,C0064 anegundi,709 anegundi,61.44,30.0,104,24.23,0.0,143,-37.21,-30.0,-18.6,2022-23 -> 2024-25,CAVEAT: items differ across years but map to a constant competency framework. Item-level year comparisons mix learning and instrument change; competency-level comparisons are more defensible (still assume similar difficulty within competency). Prefer rankings and competency-level statements across years.
Ramanagara,B0112 ramanagara,C0835 kailancha,3982 kylancha,79.32,50.0,103,42.2,10.0,59,-37.12,-40.0,-18.56,2022-23 -> 2024-25,CAVEAT: items differ across years but map to a constant competency framework. Item-level year comparisons mix learning and instrument change; competency-level comparisons are more defensible (still assume similar difficulty within competency). Prefer rankings and competency-level statements across years.
Chikkaballapura,B0034 chintamani,C0179 batlahalli,5043 raguttahalli,87.17,74.5,30,50.19,3.0,27,-36.98,-71.5,-18.49,2022-23 -> 2024-25,CAVEAT: items differ across years but map to a constant competency framework. Item-level year comparisons mix learning and instrument change; competency-level comparisons are more defensible (still assume similar difficulty within competency). Prefer rankings and competency-level statements across years.
Kalaburagi,B0001 afzalpur,C0517 gour (b),2167 gour (b),63.69,40.0,61,26.86,0.0,70,-36.83,-40.0,-18.42,2022-23 -> 2024-25,CAVEAT: items differ across years but map to a constant competency framework. Item-level year comparisons mix learning and instrument change; competency-level comparisons are more defensible (still assume similar difficulty within competency). Prefer rankings and competency-level statements across years.
Belagavi,B0113 ramdurg,C1625 turanur,5836 turanur,92.15,80.0,151,55.35,16.5,144,-36.8,-63.5,-18.4,2022-23 -> 2024-25,CAVEAT: items differ across years but map to a constant competency framework. Item-level year comparisons mix learning and instrument change; competency-level comparisons are more defensible (still assume similar difficulty within competency). Prefer rankings and competency-level statements across years.
Ballari,B0117 sandur,C0236 bhujanga nagar,4742 narasingapura,57.85,20.0,135,21.05,0.0,177,-36.8,-20.0,-18.4,2022-23 -> 2024-25,CAVEAT: items differ across years but map to a constant competency framework. Item-level year comparisons mix learning and instrument change; competency-level comparisons are more defensible (still assume similar difficulty within competency). Prefer rankings and competency-level statements across years.
Bidar,B0020 bidar,C0034 aliamber,6108 yaranalli,64.54,30.0,65,28.14,0.0,59,-36.4,-30.0,-18.2,2022-23 -> 2024-25,CAVEAT: items differ across years but map to a constant competency framework. Item-level year comparisons mix learning and instrument change; competency-level comparisons are more defensible (still assume similar difficulty within competency). Prefer rankings and competency-level statements across years.
Vijayapura,B0025 chadachan,C1321 nivaragi,213009168 umaraja,80.0,50.5,52,43.83,10.0,150,-36.17,-40.5,-18.08,2022-23 -> 2024-25,CAVEAT: items differ across years but map to a constant competency framework. Item-level year comparisons mix learning and instrument change; competency-level comparisons are more defensible (still assume similar difficulty within competency). Prefer rankings and competency-level statements across years.
Vijayapura,B0161 muddebihal,C1833 balabatti,6069 yalagur,79.73,60.0,150,44.19,10.0,192,-35.54,-50.0,-17.77,2022-23 -> 2024-25,CAVEAT: items differ across years but map to a constant competency framework. Item-level year comparisons mix learning and instrument change; competency-level comparisons are more defensible (still assume similar difficulty within competency). Prefer rankings and competency-level statements across years.
Dharwad,B0086 kundagol,C1752 yerguppi,2673 hirenarti,76.9,55.0,150,41.93,10.0,153,-34.97,-45.0,-17.48,2022-23 -> 2024-25,CAVEAT: items differ across years but map to a constant competency framework. Item-level year comparisons mix learning and instrument change; competency-level comparisons are more defensible (still assume similar difficulty within competency). Prefer rankings and competency-level statements across years.
Mandya,B0109 pandavapura,C1130 manikyanahalli,2338 halebeedu,81.97,65.0,89,47.14,15.0,96,-34.83,-50.0,-17.42,2022-23 -> 2024-25,CAVEAT: items differ across years but map to a constant competency framework. Item-level year comparisons mix learning and instrument change; competency-level comparisons are more defensible (still assume similar difficulty within competency). Prefer rankings and competency-level statements across years.
Dharwad,B0086 kundagol,C0749 ingalagi,6195 ingalagi,73.17,50.0,150,38.42,5.0,174,-34.75,-45.0,-17.38,2022-23 -> 2024-25,CAVEAT: items differ across years but map to a constant competency framework. Item-level year comparisons mix learning and instrument change; competency-level comparisons are more defensible (still assume similar difficulty within competency). Prefer rankings and competency-level statements across years.
Kodagu,B0129 somavarpet,C1265 najrayapatana,4799 nelliahudikeri,73.47,57.0,85,39.03,12.0,155,-34.44,-45.0,-17.22,2022-23 -> 2024-25,CAVEAT: items differ across years but map to a constant competency framework. Item-level year comparisons mix learning and instrument change; competency-level comparisons are more defensible (still assume similar difficulty within competency). Prefer rankings and competency-level statements across years.
Dharwad,B0066 hubli,C1489 shirguppi,2954 ingalahalli,68.48,35.5,102,34.1,5.0,128,-34.38,-30.5,-17.19,2022-23 -> 2024-25,CAVEAT: items differ across years but map to a constant competency framework. Item-level year comparisons mix learning and instrument change; competency-level comparisons are more defensible (still assume similar difficulty within competency). Prefer rankings and competency-level statements across years.
Hassan,B0003 alur,C0804 k hosakote,6632 mallapura,74.48,36.0,153,40.31,15.0,98,-34.17,-21.0,-17.08,2022-23 -> 2024-25,CAVEAT: items differ across years but map to a constant competency framework. Item-level year comparisons mix learning and instrument change; competency-level comparisons are more defensible (still assume similar difficulty within competency). Prefer rankings and competency-level statements across years.
Bidar,B0020 bidar,C1263 nagora,661 amlapur,74.21,45.0,76,40.08,10.0,61,-34.13,-35.0,-17.06,2022-23 -> 2024-25,CAVEAT: items differ across years but map to a constant competency framework. Item-level year comparisons mix learning and instrument change; competency-level comparisons are more defensible (still assume similar difficulty within competency). Prefer rankings and competency-level statements across years.
Vijayanagara,B0055 harapanahalli,C0086 arasikere,780 arasikere,61.33,35.0,124,27.32,0.0,205,-34.01,-35.0,-17.0,2022-23 -> 2024-25,CAVEAT: items differ across years but map to a constant competency framework. Item-level year comparisons mix learning and instrument change; competency-level comparisons are more defensible (still assume similar difficulty within competency). Prefer rankings and competency-level statements across years.
Vijayanagara,B0065 hosapete,"C0003 8th ward, kampli",5079 ramasagara,71.79,55.0,165,37.79,5.0,174,-34.0,-50.0,-17.0,2022-23 -> 2024-25,CAVEAT: items differ across years but map to a constant competency framework. Item-level year comparisons mix learning and instrument change; competency-level comparisons are more defensible (still assume similar difficulty within competency). Prefer rankings and competency-level statements across years.
Bidar,B0015 basavakalyan,C1457 sastapur,5255 sastapur,61.98,25.0,126,28.32,0.0,116,-33.66,-25.0,-16.83,2022-23 -> 2024-25,CAVEAT: items differ across years but map to a constant competency framework. Item-level year comparisons mix learning and instrument change; competency-level comparisons are more defensible (still assume similar difficulty within competency). Prefer rankings and competency-level statements across years.
Hassan,B0116 sakaleshapura,C0197 belegodu,922 bage,84.06,70.0,85,50.48,15.0,73,-33.58,-55.0,-16.79,2022-23 -> 2024-25,CAVEAT: items differ across years but map to a constant competency framework. Item-level year comparisons mix learning and instrument change; competency-level comparisons are more defensible (still assume similar difficulty within competency). Prefer rankings and competency-level statements across years.
Bidar,B0020 bidar,C1397 ranjolkheni,5440 sirsi (a),67.0,44.5,80,33.51,5.0,84,-33.49,-39.5,-16.75,2022-23 -> 2024-25,CAVEAT: items differ across years but map to a constant competency framework. Item-level year comparisons mix learning and instrument change; competency-level comparisons are more defensible (still assume similar difficulty within competency). Prefer rankings and competency-level statements across years.
Ballari,B0117 sandur,C0152 bandri,2280 h.k. halli,70.22,45.0,114,37.04,20.0,238,-33.18,-25.0,-16.59,2022-23 -> 2024-25,CAVEAT: items differ across years but map to a constant competency framework. Item-level year comparisons mix learning and instrument change; competency-level comparisons are more defensible (still assume similar difficulty within competency). Prefer rankings and competency-level statements across years.
Bidar,B0068 humnabad,C0205 bemalkheda,1207 bemalkheda,64.76,26.5,164,31.83,5.0,123,-32.93,-21.5,-16.46,2022-23 -> 2024-25,CAVEAT: items differ across years but map to a constant competency framework. Item-level year comparisons mix learning and instrument change; competency-level comparisons are more defensible (still assume similar difficulty within competency). Prefer rankings and competency-level statements across years.
Mandya,B0132 srirangapatna,C0376 darasaguppe,981 ballena hally,83.7,64.5,50,50.82,15.0,55,-32.88,-49.5,-16.44,2022-23 -> 2024-25,CAVEAT: items differ across years but map to a constant competency framework. Item-level year comparisons mix learning and instrument change; competency-level comparisons are more defensible (still assume similar difficulty within competency). Prefer rankings and competency-level statements across years.
Dharwad,B0106 navalgund,C0539 gummagol,6319 shirur,80.0,64.5,160,47.18,15.5,142,-32.82,-49.0,-16.41,2022-23 -> 2024-25,CAVEAT: items differ across years but map to a constant competency framework. Item-level year comparisons mix learning and instrument change; competency-level comparisons are more defensible (still assume similar difficulty within competency). Prefer rankings and competency-level statements across years.
Raichur,B0039 devadurga,C0476 galag,2025 galag,59.18,20.0,165,26.54,3.5,178,-32.64,-16.5,-16.32,2022-23 -> 2024-25,CAVEAT: items differ across years but map to a constant competency framework. Item-level year comparisons mix learning and instrument change; competency-level comparisons are more defensible (still assume similar difficulty within competency). Prefer rankings and competency-level statements across years.
Hassan,B0116 sakaleshapura,C0139 ballupete,3900 kuniganahalli,90.0,90.0,1,57.59,25.0,81,-32.41,-65.0,-16.2,2022-23 -> 2024-25,CAVEAT: items differ across years but map to a constant competency framework. Item-level year comparisons mix learning and instrument change; competency-level comparisons are more defensible (still assume similar difficulty within competency). Prefer rankings and competency-level statements across years.
Kalaburagi,B0036 chittapur,C0232 bheemanahalli,1938 dongaon,54.48,16.5,154,22.25,0.0,131,-32.23,-16.5,-16.12,2022-23 -> 2024-25,CAVEAT: items differ across years but map to a constant competency framework. Item-level year comparisons mix learning and instrument change; competency-level comparisons are more defensible (still assume similar difficulty within competency). Prefer rankings and competency-level statements across years.
Vijayanagara,B0084 kudligi,C0711 hudem,2816 hudem,63.03,27.5,66,30.81,0.0,74,-32.22,-27.5,-16.11,2022-23 -> 2024-25,CAVEAT: items differ across years but map to a constant competency framework. Item-level year comparisons mix learning and instrument change; competency-level comparisons are more defensible (still assume similar difficulty within competency). Prefer rankings and competency-level statements across years.
Chamarajanagara,B0054 hanur,C0607 hanur,4239 mangala,58.83,30.0,30,26.67,5.0,27,-32.16,-25.0,-16.08,2022-23 -> 2024-25,CAVEAT: items differ across years but map to a constant competency framework. Item-level year comparisons mix learning and instrument change; competency-level comparisons are more defensible (still assume similar difficulty within competency). Prefer rankings and competency-level statements across years.
Dharwad,B0041 dharwad,C0049 aminabhavi,6375 karadigudda,74.25,46.5,214,42.24,10.0,208,-32.01,-36.5,-16.0,2022-23 -> 2024-25,CAVEAT: items differ across years but map to a constant competency framework. Item-level year comparisons mix learning and instrument change; competency-level comparisons are more defensible (still assume similar difficulty within competency). Prefer rankings and competency-level statements across years.
Vijayanagara,B0051 hadagali,C1243 mylara,2908 hyarada,66.17,35.0,60,34.22,5.0,154,-31.95,-30.0,-15.98,2022-23 -> 2024-25,CAVEAT: items differ across years but map to a constant competency framework. Item-level year comparisons mix learning and instrument change; competency-level comparisons are more defensible (still assume similar difficulty within competency). Prefer rankings and competency-level statements across years.
Belagavi,B0011 bailhongal,C0194 belavadi,5854 udakeri,76.97,55.0,109,45.22,10.0,253,-31.75,-45.0,-15.88,2022-23 -> 2024-25,CAVEAT: items differ across years but map to a constant competency framework. Item-level year comparisons mix learning and instrument change; competency-level comparisons are more defensible (still assume similar difficulty within competency). Prefer rankings and competency-level statements across years.
Haveri,B0149 haveri,C1987 devihosur,1815 devihosur,83.71,65.0,151,52.04,20.0,196,-31.67,-45.0,-15.84,2022-23 -> 2024-25,CAVEAT: items differ across years but map to a constant competency framework. Item-level year comparisons mix learning and instrument change; competency-level comparisons are more defensible (still assume similar difficulty within competency). Prefer rankings and competency-level statements across years.
Dharwad,B0066 hubli,C1404 raynal,1794 devaragudihal,62.62,35.0,126,30.96,5.0,260,-31.66,-30.0,-15.83,2022-23 -> 2024-25,CAVEAT: items differ across years but map to a constant competency framework. Item-level year comparisons mix learning and instrument change; competency-level comparisons are more defensible (still assume similar difficulty within competency). Prefer rankings and competency-level statements across years.
Gadag,B0115 ron,C0507 gogeri,5077 ramapur,65.34,30.0,147,33.7,0.0,305,-31.64,-30.0,-15.82,2022-23 -> 2024-25,CAVEAT: items differ across years but map to a constant competency framework. Item-level year comparisons mix learning and instrument change; competency-level comparisons are more defensible (still assume similar difficulty within competency). Prefer rankings and competency-level statements across years.
Bengaluru Rural,B0040 devanahalli,C0300 channahalli,1246 bettakote,78.38,50.0,102,46.76,13.5,148,-31.62,-36.5,-15.81,2022-23 -> 2024-25,CAVEAT: items differ across years but map to a constant competency framework. Item-level year comparisons mix learning and instrument change; competency-level comparisons are more defensible (still assume similar difficulty within competency). Prefer rankings and competency-level statements across years.
Haveri,B0058 hirekerur,C0342 chikkerur,1615 chikkerur,79.75,50.0,162,48.19,8.5,138,-31.56,-41.5,-15.78,2022-23 -> 2024-25,CAVEAT: items differ across years but map to a constant competency framework. Item-level year comparisons mix learning and instrument change; competency-level comparisons are more defensible (still assume similar difficulty within competency). Prefer rankings and competency-level statements across years.
Kalaburagi,B0048 gulbarga north,C1525 sonth,5480 sonth,75.53,42.5,66,44.12,8.5,68,-31.41,-34.0,-15.7,2022-23 -> 2024-25,CAVEAT: items differ across years but map to a constant competency framework. Item-level year comparisons mix learning and instrument change; competency-level comparisons are more defensible (still assume similar difficulty within competency). Prefer rankings and competency-level statements across years.
Koppal,B0044 gangavathi,C0269 budagumpa,6323 budugumpa,62.29,32.0,155,30.92,0.0,190,-31.37,-32.0,-15.68,2022-23 -> 2024-25,CAVEAT: items differ across years but map to a constant competency framework. Item-level year comparisons mix learning and instrument change; competency-level comparisons are more defensible (still assume similar difficulty within competency). Prefer rankings and competency-level statements across years.
Tumakuru,B0137 turuvekere,C0146 banasandra,1008 banasandra,82.25,55.0,111,50.91,10.0,77,-31.34,-45.0,-15.67,2022-23 -> 2024-25,CAVEAT: items differ across years but map to a constant competency framework. Item-level year comparisons mix learning and instrument change; competency-level comparisons are more defensible (still assume similar difficulty within competency). Prefer rankings and competency-level statements across years.
Kalaburagi,B0119 sedam,C0872 kanagadda,3330 kanagadda,57.94,20.0,107,26.61,0.0,127,-31.33,-20.0,-15.66,2022-23 -> 2024-25,CAVEAT: items differ across years but map to a constant competency framework. Item-level year comparisons mix learning and instrument change; competency-level comparisons are more defensible (still assume similar difficulty within competency). Prefer rankings and competency-level statements across years.
Vijayanagara,B0065 hosapete,C1556 t.c.kamalapura,1417 bukkasagara,52.9,15.0,81,21.63,0.0,276,-31.27,-15.0,-15.64,2022-23 -> 2024-25,CAVEAT: items differ across years but map to a constant competency framework. Item-level year comparisons mix learning and instrument change; competency-level comparisons are more defensible (still assume similar difficulty within competency). Prefer rankings and competency-level statements across years.
Yadgir,B0123 shorapur,C0891 kannelli,935 baichbal,70.82,40.0,177,39.81,5.0,241,-31.01,-35.0,-15.5,2022-23 -> 2024-25,CAVEAT: items differ across years but map to a constant competency framework. Item-level year comparisons mix learning and instrument change; competency-level comparisons are more defensible (still assume similar difficulty within competency). Prefer rankings and competency-level statements across years.
Kalaburagi,B0002 aland,C0796 jidaga,3511 kawalga,58.67,30.0,105,27.73,5.0,66,-30.94,-25.0,-15.47,2022-23 -> 2024-25,CAVEAT: items differ across years but map to a constant competency framework. Item-level year comparisons mix learning and instrument change; competency-level comparisons are more defensible (still assume similar difficulty within competency). Prefer rankings and competency-level statements across years.
Vijayapura,B0139 vijayapura rural,C0022 aheri,557 aheri,85.74,70.0,148,54.82,15.0,307,-30.92,-55.0,-15.46,2022-23 -> 2024-25,CAVEAT: items differ across years but map to a constant competency framework. Item-level year comparisons mix learning and instrument change; competency-level comparisons are more defensible (still assume similar difficulty within competency). Prefer rankings and competency-level statements across years.
Vijayanagara,B0051 hadagali,C0680 holalu,2711 holalu,71.94,40.0,116,41.08,10.0,185,-30.86,-30.0,-15.43,2022-23 -> 2024-25,CAVEAT: items differ across years but map to a constant competency framework. Item-level year comparisons mix learning and instrument change; competency-level comparisons are more defensible (still assume similar difficulty within competency). Prefer rankings and competency-level statements across years.
Vijayanagara,B0052 hagaribommanahalli,C1196 morigeri,6581 sonna,72.45,40.0,137,41.73,8.0,197,-30.72,-32.0,-15.36,2022-23 -> 2024-25,CAVEAT: items differ across years but map to a constant competency framework. Item-level year comparisons mix learning and instrument change; competency-level comparisons are more defensible (still assume similar difficulty within competency). Prefer rankings and competency-level statements across years.
Yadgir,B0123 shorapur,C1108 malla (b),4182 malla (b),69.15,25.5,82,38.44,10.0,128,-30.71,-15.5,-15.36,2022-23 -> 2024-25,CAVEAT: items differ across years but map to a constant competency framework. Item-level year comparisons mix learning and instrument change; competency-level comparisons are more defensible (still assume similar difficulty within competency). Prefer rankings and competency-level statements across years.
Vijayanagara,B0051 hadagali,C0650 hire mallanakeri,2708 holagundhi,71.67,50.0,96,41.01,5.0,169,-30.66,-45.0,-15.33,2022-23 -> 2024-25,CAVEAT: items differ across years but map to a constant competency framework. Item-level year comparisons mix learning and instrument change; competency-level comparisons are more defensible (still assume similar difficulty within competency). Prefer rankings and competency-level statements across years.
Tumakuru,B0137 turuvekere,C0090 aremallenahalli,793 aremallenahalli,85.73,65.0,75,55.08,15.0,61,-30.65,-50.0,-15.32,2022-23 -> 2024-25,CAVEAT: items differ across years but map to a constant competency framework. Item-level year comparisons mix learning and instrument change; competency-level comparisons are more defensible (still assume similar difficulty within competency). Prefer rankings and competency-level statements across years.
Bidar,B0019 bhalki,C0571 halbarga,3750 konmelkunda,64.4,33.0,67,33.82,5.0,55,-30.58,-28.0,-15.29,2022-23 -> 2024-25,CAVEAT: items differ across years but map to a constant competency framework. Item-level year comparisons mix learning and instrument change; competency-level comparisons are more defensible (still assume similar difficulty within competency). Prefer rankings and competency-level statements across years.
Chitradurga,B0060 holalkere,C0544 gunderi,2245 gunderi,64.75,25.5,102,34.2,5.0,112,-30.55,-20.5,-15.28,2022-23 -> 2024-25,CAVEAT: items differ across years but map to a constant competency framework. Item-level year comparisons mix learning and instrument change; competency-level comparisons are more defensible (still assume similar difficulty within competency). Prefer rankings and competency-level statements across years.
Ballari,B0128 siruguppa,"C1511 siruguppa, 5th ward",1763 desanooru,59.24,32.0,85,28.74,5.0,107,-30.5,-27.0,-15.25,2022-23 -> 2024-25,CAVEAT: items differ across years but map to a constant competency framework. Item-level year comparisons mix learning and instrument change; competency-level comparisons are more defensible (still assume similar difficulty within competency). Prefer rankings and competency-level statements across years.
Vijayanagara,B0051 hadagali,C1531 sovena halli,6318 sovenahalli,69.6,35.0,99,39.11,10.0,140,-30.49,-25.0,-15.24,2022-23 -> 2024-25,CAVEAT: items differ across years but map to a constant competency framework. Item-level year comparisons mix learning and instrument change; competency-level comparisons are more defensible (still assume similar difficulty within competency). Prefer rankings and competency-level statements across years.
Ramanagara,B0077 kanakapura,C1000 kottagalu,3805 kottagalu,70.73,40.0,137,40.37,6.0,163,-30.36,-34.0,-15.18,2022-23 -> 2024-25,CAVEAT: items differ across years but map to a constant competency framework. Item-level year comparisons mix learning and instrument change; competency-level comparisons are more defensible (still assume similar difficulty within competency). Prefer rankings and competency-level statements across years.
Yadgir,B0141 yadgir,C0686 honagera,6263 bandalli,56.67,30.0,21,26.38,0.0,76,-30.29,-30.0,-15.14,2022-23 -> 2024-25,CAVEAT: items differ across years but map to a constant competency framework. Item-level year comparisons mix learning and instrument change; competency-level comparisons are more defensible (still assume similar difficulty within competency). Prefer rankings and competency-level statements across years.
Kalaburagi,B0002 aland,C0990 koralli,3773 koralli,62.35,40.0,136,32.06,3.5,68,-30.29,-36.5,-15.14,2022-23 -> 2024-25,CAVEAT: items differ across years but map to a constant competency framework. Item-level year comparisons mix learning and instrument change; competency-level comparisons are more defensible (still assume similar difficulty within competency). Prefer rankings and competency-level statements across years.
Bidar,B0068 humnabad,C0472 gadwanthi,4257 maniknagar,66.51,40.0,53,36.3,5.0,46,-30.21,-35.0,-15.1,2022-23 -> 2024-25,CAVEAT: items differ across years but map to a constant competency framework. Item-level year comparisons mix learning and instrument change; competency-level comparisons are more defensible (still assume similar difficulty within competency). Prefer rankings and competency-level statements across years.
Chitradurga,B0026 challakere,C1245 n mahadevapura,4623 n.mahadevapura,62.42,30.0,165,32.3,0.0,163,-30.12,-30.0,-15.06,2022-23 -> 2024-25,CAVEAT: items differ across years but map to a constant competency framework. Item-level year comparisons mix learning and instrument change; competency-level comparisons are more defensible (still assume similar difficulty within competency). Prefer rankings and competency-level statements across years.
Dharwad,B0086 kundagol,C0862 kamadolli,2636 hireharakuni,86.48,75.0,145,56.4,15.0,111,-30.08,-60.0,-15.04,2022-23 -> 2024-25,CAVEAT: items differ across years but map to a constant competency framework. Item-level year comparisons mix learning and instrument change; competency-level comparisons are more defensible (still assume similar difficulty within competency). Prefer rankings and competency-level statements across years.
Bidar,B0019 bhalki,C0409 dhannura (s),4169 malchapur,59.21,14.0,89,29.16,0.0,107,-30.05,-14.0,-15.02,2022-23 -> 2024-25,CAVEAT: items differ across years but map to a constant competency framework. Item-level year comparisons mix learning and instrument change; competency-level comparisons are more defensible (still assume similar difficulty within competency). Prefer rankings and competency-level statements across years.
Kalaburagi,B0001 afzalpur,C0141 baluragi,4707 nandargi,72.54,40.0,205,42.52,5.0,101,-30.02,-35.0,-15.01,2022-23 -> 2024-25,CAVEAT: items differ across years but map to a constant competency framework. Item-level year comparisons mix learning and instrument change; competency-level comparisons are more defensible (still assume similar difficulty within competency). Prefer rankings and competency-level statements across years.
Raichur,B0039 devadurga,C0773 jalahalli,3019 jalahalli,68.95,45.0,224,39.08,5.0,147,-29.87,-40.0,-14.94,2022-23 -> 2024-25,CAVEAT: items differ across years but map to a constant competency framework. Item-level year comparisons mix learning and instrument change; competency-level comparisons are more defensible (still assume similar difficulty within competency). Prefer rankings and competency-level statements across years.
Tumakuru,B0135 tiptur,C1304 nellikere,4803 nellikere,82.58,65.0,64,52.89,15.0,57,-29.69,-50.0,-14.84,2022-23 -> 2024-25,CAVEAT: items differ across years but map to a constant competency framework. Item-level year comparisons mix learning and instrument change; competency-level comparisons are more defensible (still assume similar difficulty within competency). Prefer rankings and competency-level statements across years.
Tumakuru,B0137 turuvekere,C0016 adithya patna,2294 hadavanahalli,82.89,59.0,109,53.22,15.0,90,-29.67,-44.0,-14.84,2022-23 -> 2024-25,CAVEAT: items differ across years but map to a constant competency framework. Item-level year comparisons mix learning and instrument change; competency-level comparisons are more defensible (still assume similar difficulty within competency). Prefer rankings and competency-level statements across years.
Kodagu,B0129 somavarpet,C1547 suntikoppa,5555 sunticoppa,76.51,41.0,43,46.91,11.5,34,-29.6,-29.5,-14.8,2022-23 -> 2024-25,CAVEAT: items differ across years but map to a constant competency framework. Item-level year comparisons mix learning and instrument change; competency-level comparisons are more defensible (still assume similar difficulty within competency). Prefer rankings and competency-level statements across years.
Koppal,B0088 kustagi,C0989 koradakera,2581 herabanegoal,57.54,20.0,124,27.97,0.0,212,-29.57,-20.0,-14.78,2022-23 -> 2024-25,CAVEAT: items differ across years but map to a constant competency framework. Item-level year comparisons mix learning and instrument change; competency-level comparisons are more defensible (still assume similar difficulty within competency). Prefer rankings and competency-level statements across years.
Bagalkote,B0072 jamakhandi,C0779 jamakhandi west,3170 kadapatti,71.58,43.5,60,42.09,5.0,86,-29.49,-38.5,-14.74,2022-23 -> 2024-25,CAVEAT: items differ across years but map to a constant competency framework. Item-level year comparisons mix learning and instrument change; competency-level comparisons are more defensible (still assume similar difficulty within competency). Prefer rankings and competency-level statements across years.
Kalaburagi,B0002 aland,C1432 salagar (v.k.),1162 belamagi,56.37,20.0,131,26.93,0.0,145,-29.44,-20.0,-14.72,2022-23 -> 2024-25,CAVEAT: items differ across years but map to a constant competency framework. Item-level year comparisons mix learning and instrument change; competency-level comparisons are more defensible (still assume similar difficulty within competency). Prefer rankings and competency-level statements across years.
Vijayanagara,B0084 kudligi,C0367 chowdapura,4471 moraba,45.19,5.0,107,15.8,0.0,138,-29.39,-5.0,-14.7,2022-23 -> 2024-25,CAVEAT: items differ across years but map to a constant competency framework. Item-level year comparisons mix learning and instrument change; competency-level comparisons are more defensible (still assume similar difficulty within competency). Prefer rankings and competency-level statements across years.
Belagavi,B0113 ramdurg,C1625 turanur,2089 ghatakanur,77.42,60.0,153,48.21,15.0,148,-29.21,-45.0,-14.6,2022-23 -> 2024-25,CAVEAT: items differ across years but map to a constant competency framework. Item-level year comparisons mix learning and instrument change; competency-level comparisons are more defensible (still assume similar difficulty within competency). Prefer rankings and competency-level statements across years.
Vijayanagara,B0065 hosapete,C0058 ananthasayana gudi,4671 nagenahalli,58.11,20.0,159,28.95,5.0,257,-29.16,-15.0,-14.58,2022-23 -> 2024-25,CAVEAT: items differ across years but map to a constant competency framework. Item-level year comparisons mix learning and instrument change; competency-level comparisons are more defensible (still assume similar difficulty within competency). Prefer rankings and competency-level statements across years.
Kalaburagi,B0001 afzalpur,C1156 mashal,4347 mashal,60.74,20.0,203,31.72,5.0,247,-29.02,-15.0,-14.51,2022-23 -> 2024-25,CAVEAT: items differ across years but map to a constant competency framework. Item-level year comparisons mix learning and instrument change; competency-level comparisons are more defensible (still assume similar difficulty within competency). Prefer rankings and competency-level statements across years.
Hassan,B0116 sakaleshapura,C0971 kollahally,213009171 malali,77.62,41.0,63,48.68,15.0,57,-28.94,-26.0,-14.47,2022-23 -> 2024-25,CAVEAT: items differ across years but map to a constant competency framework. Item-level year comparisons mix learning and instrument change; competency-level comparisons are more defensible (still assume similar difficulty within competency). Prefer rankings and competency-level statements across years.
Chikkaballapura,B0124 sidlaghatta,C0479 gambiranahalli,3045 jangamakote,58.76,30.0,97,29.89,0.0,90,-28.87,-30.0,-14.44,2022-23 -> 2024-25,CAVEAT: items differ across years but map to a constant competency framework. Item-level year comparisons mix learning and instrument change; competency-level comparisons are more defensible (still assume similar difficulty within competency). Prefer rankings and competency-level statements across years.
Bidar,B0007 aurad,C0683 holesamudra,3595 khed,81.07,61.5,14,52.21,20.0,68,-28.86,-41.5,-14.43,2022-23 -> 2024-25,CAVEAT: items differ across years but map to a constant competency framework. Item-level year comparisons mix learning and instrument change; competency-level comparisons are more defensible (still assume similar difficulty within competency). Prefer rankings and competency-level statements across years.
Vijayapura,B0070 indi,C0097 atharga,826 atharga,59.93,24.0,149,31.23,0.0,232,-28.7,-24.0,-14.35,2022-23 -> 2024-25,CAVEAT: items differ across years but map to a constant competency framework. Item-level year comparisons mix learning and instrument change; competency-level comparisons are more defensible (still assume similar difficulty within competency). Prefer rankings and competency-level statements across years.
Vijayapura,B0070 indi,C0068 anjutagi,718 anjutagi,77.26,55.0,144,48.61,15.0,101,-28.65,-40.0,-14.32,2022-23 -> 2024-25,CAVEAT: items differ across years but map to a constant competency framework. Item-level year comparisons mix learning and instrument change; competency-level comparisons are more defensible (still assume similar difficulty within competency). Prefer rankings and competency-level statements across years.
Kalaburagi,B0033 chincholi,C1414 rummangud,5135 rummangud,43.98,5.5,152,15.37,0.0,150,-28.61,-5.5,-14.3,2022-23 -> 2024-25,CAVEAT: items differ across years but map to a constant competency framework. Item-level year comparisons mix learning and instrument change; competency-level comparisons are more defensible (still assume similar difficulty within competency). Prefer rankings and competency-level statements across years.
Bidar,B0020 bidar,C0346 chimkod,1625 chilargi,60.3,28.0,67,31.82,5.0,66,-28.48,-23.0,-14.24,2022-23 -> 2024-25,CAVEAT: items differ across years but map to a constant competency framework. Item-level year comparisons mix learning and instrument change; competency-level comparisons are more defensible (still assume similar difficulty within competency). Prefer rankings and competency-level statements across years.
Kalaburagi,B0049 gulbarga south,C1274 nandikur,4631 nadikur,70.04,40.0,117,41.58,11.5,114,-28.46,-28.5,-14.23,2022-23 -> 2024-25,CAVEAT: items differ across years but map to a constant competency framework. Item-level year comparisons mix learning and instrument change; competency-level comparisons are more defensible (still assume similar difficulty within competency). Prefer rankings and competency-level statements across years.
Ballari,B0117 sandur,C1592 tharanagara,5940 vaddu,64.83,30.0,179,36.47,5.0,285,-28.36,-25.0,-14.18,2022-23 -> 2024-25,CAVEAT: items differ across years but map to a constant competency framework. Item-level year comparisons mix learning and instrument change; competency-level comparisons are more defensible (still assume similar difficulty within competency). Prefer rankings and competency-level statements across years.
Mandya,B0103 nagamangala,C0258 bogadi,1292 bhogadhi,86.36,70.0,92,58.08,25.0,107,-28.28,-45.0,-14.14,2022-23 -> 2024-25,CAVEAT: items differ across years but map to a constant competency framework. Item-level year comparisons mix learning and instrument change; competency-level comparisons are more defensible (still assume similar difficulty within competency). Prefer rankings and competency-level statements across years.
Vijayanagara,B0052 hagaribommanahalli,C0956 kogali,3672 kogali,64.93,35.0,143,36.67,5.0,156,-28.26,-30.0,-14.13,2022-23 -> 2024-25,CAVEAT: items differ across years but map to a constant competency framework. Item-level year comparisons mix learning and instrument change; competency-level comparisons are more defensible (still assume similar difficulty within competency). Prefer rankings and competency-level statements across years.
Vijayanagara,B0051 hadagali,C0758 ittigi,5922 uthangi,80.9,56.0,67,52.72,12.0,145,-28.18,-44.0,-14.09,2022-23 -> 2024-25,CAVEAT: items differ across years but map to a constant competency framework. Item-level year comparisons mix learning and instrument change; competency-level comparisons are more defensible (still assume similar difficulty within competency). Prefer rankings and competency-level statements across years.
Haveri,B0149 haveri,C2431 mevundi,4438 mevundi,75.76,45.0,144,47.61,15.0,115,-28.15,-30.0,-14.08,2022-23 -> 2024-25,CAVEAT: items differ across years but map to a constant competency framework. Item-level year comparisons mix learning and instrument change; competency-level comparisons are more defensible (still assume similar difficulty within competency). Prefer rankings and competency-level statements across years.
Koppal,B0081 koppal,C1227 munerabada,2801 hoshalli,73.96,32.5,96,45.82,10.0,202,-28.14,-22.5,-14.07,2022-23 -> 2024-25,CAVEAT: items differ across years but map to a constant competency framework. Item-level year comparisons mix learning and instrument change; competency-level comparisons are more defensible (still assume similar difficulty within competency). Prefer rankings and competency-level statements across years.
Dharwad,B0041 dharwad,C0039 alnavar,1208 benachi,82.05,60.0,193,54.05,15.0,169,-28.0,-45.0,-14.0,2022-23 -> 2024-25,CAVEAT: items differ across years but map to a constant competency framework. Item-level year comparisons mix learning and instrument change; competency-level comparisons are more defensible (still assume similar difficulty within competency). Prefer rankings and competency-level statements across years.
Koppal,B0044 gangavathi,C0172 basapattan,1075 basapattana,73.23,52.0,65,45.28,10.0,109,-27.95,-42.0,-13.98,2022-23 -> 2024-25,CAVEAT: items differ across years but map to a constant competency framework. Item-level year comparisons mix learning and instrument change; competency-level comparisons are more defensible (still assume similar difficulty within competency). Prefer rankings and competency-level statements across years.
Koppal,B0081 koppal,C0214 betageri,1234 betageri,55.22,20.0,69,27.3,5.0,141,-27.92,-15.0,-13.96,2022-23 -> 2024-25,CAVEAT: items differ across years but map to a constant competency framework. Item-level year comparisons mix learning and instrument change; competency-level comparisons are more defensible (still assume similar difficulty within competency). Prefer rankings and competency-level statements across years.
Bidar,B0015 basavakalyan,C0500 ghotal,4475 morkhandi,73.52,40.0,152,45.6,10.0,116,-27.92,-30.0,-13.96,2022-23 -> 2024-25,CAVEAT: items differ across years but map to a constant competency framework. Item-level year comparisons mix learning and instrument change; competency-level comparisons are more defensible (still assume similar difficulty within competency). Prefer rankings and competency-level statements across years.
Kodagu,B0092 madikeri,C1280 napoklu,978 ballamavatti,83.75,75.5,12,55.88,30.0,17,-27.87,-45.5,-13.94,2022-23 -> 2024-25,CAVEAT: items differ across years but map to a constant competency framework. Item-level year comparisons mix learning and instrument change; competency-level comparisons are more defensible (still assume similar difficulty within competency). Prefer rankings and competency-level statements across years.
Belagavi,B0078 khanapur,C1619 tolagi,3115 k.bagewadi,79.12,55.0,154,51.3,15.0,73,-27.82,-40.0,-13.91,2022-23 -> 2024-25,CAVEAT: items differ across years but map to a constant competency framework. Item-level year comparisons mix learning and instrument change; competency-level comparisons are more defensible (still assume similar difficulty within competency). Prefer rankings and competency-level statements across years.
Yadgir,B0123 shorapur,C1719 yaktapur,6062 yaktapur,72.32,30.0,82,44.52,10.0,251,-27.8,-20.0,-13.9,2022-23 -> 2024-25,CAVEAT: items differ across years but map to a constant competency framework. Item-level year comparisons mix learning and instrument change; competency-level comparisons are more defensible (still assume similar difficulty within competency). Prefer rankings and competency-level statements across years.
Vijayanagara,B0055 harapanahalli,C0820 kadabagere,3146 kadabagere,71.52,45.0,89,43.72,5.0,141,-27.8,-40.0,-13.9,2022-23 -> 2024-25,CAVEAT: items differ across years but map to a constant competency framework. Item-level year comparisons mix learning and instrument change; competency-level comparisons are more defensible (still assume similar difficulty within competency). Prefer rankings and competency-level statements across years.
Kalaburagi,B0048 gulbarga north,C0069 ankalaga,3929 kurikota,67.47,32.0,75,39.77,15.0,65,-27.7,-17.0,-13.85,2022-23 -> 2024-25,CAVEAT: items differ across years but map to a constant competency framework. Item-level year comparisons mix learning and instrument change; competency-level comparisons are more defensible (still assume similar difficulty within competency). Prefer rankings and competency-level statements across years.
Tumakuru,B0091 madhugiri,C0246 bijavara,2056 ganjalagunte,80.42,60.0,71,52.96,20.0,103,-27.46,-40.0,-13.73,2022-23 -> 2024-25,CAVEAT: items differ across years but map to a constant competency framework. Item-level year comparisons mix learning and instrument change; competency-level comparisons are more defensible (still assume similar difficulty within competency). Prefer rankings and competency-level statements across years.
Mandya,B0132 srirangapatna,C0080 arakere,6656 ballekere,78.44,50.0,93,51.17,15.0,81,-27.27,-35.0,-13.64,2022-23 -> 2024-25,CAVEAT: items differ across years but map to a constant competency framework. Item-level year comparisons mix learning and instrument change; competency-level comparisons are more defensible (still assume similar difficulty within competency). Prefer rankings and competency-level statements across years.
Koppal,B0088 kustagi,C0652 hiregonnagar,6176 habalakatti,65.9,35.0,94,38.69,5.0,137,-27.21,-30.0,-13.6,2022-23 -> 2024-25,CAVEAT: items differ across years but map to a constant competency framework. Item-level year comparisons mix learning and instrument change; competency-level comparisons are more defensible (still assume similar difficulty within competency). Prefer rankings and competency-level statements across years.
Bidar,B0068 humnabad,C0445 dubalgundi,3027 jalsangi,62.25,15.0,140,35.06,0.0,84,-27.19,-15.0,-13.6,2022-23 -> 2024-25,CAVEAT: items differ across years but map to a constant competency framework. Item-level year comparisons mix learning and instrument change; competency-level comparisons are more defensible (still assume similar difficulty within competency). Prefer rankings and competency-level statements across years.
Koppal,B0143 yelburga,C0545 gunnal,2033 ganadal,67.87,45.0,82,40.71,15.0,161,-27.16,-30.0,-13.58,2022-23 -> 2024-25,CAVEAT: items differ across years but map to a constant competency framework. Item-level year comparisons mix learning and instrument change; competency-level comparisons are more defensible (still assume similar difficulty within competency). Prefer rankings and competency-level statements across years.
Kalaburagi,B0048 gulbarga north,C0792 jeevanagi,4677 nagoor,66.11,35.0,126,39.03,8.5,98,-27.08,-26.5,-13.54,2022-23 -> 2024-25,CAVEAT: items differ across years but map to a constant competency framework. Item-level year comparisons mix learning and instrument change; competency-level comparisons are more defensible (still assume similar difficulty within competency). Prefer rankings and competency-level statements across years.
Kodagu,B0140 virajpet,C1174 mayamudi,4391 mayamudi,58.56,17.0,45,31.49,5.0,57,-27.07,-12.0,-13.54,2022-23 -> 2024-25,CAVEAT: items differ across years but map to a constant competency framework. Item-level year comparisons mix learning and instrument change; competency-level comparisons are more defensible (still assume similar difficulty within competency). Prefer rankings and competency-level statements across years.
Vijayanagara,B0084 kudligi,C0041 alur,634 aluru,75.44,45.0,136,48.51,5.0,84,-26.93,-40.0,-13.46,2022-23 -> 2024-25,CAVEAT: items differ across years but map to a constant competency framework. Item-level year comparisons mix learning and instrument change; competency-level comparisons are more defensible (still assume similar difficulty within competency). Prefer rankings and competency-level statements across years.
Dharwad,B0086 kundagol,C1745 yelival,6138 yeliwal,80.38,59.0,159,53.49,17.5,156,-26.89,-41.5,-13.44,2022-23 -> 2024-25,CAVEAT: items differ across years but map to a constant competency framework. Item-level year comparisons mix learning and instrument change; competency-level comparisons are more defensible (still assume similar difficulty within competency). Prefer rankings and competency-level statements across years.
Mandya,B0103 nagamangala,C0202 bellur,3058 javarana hally,75.92,54.5,60,49.2,6.5,44,-26.72,-48.0,-13.36,2022-23 -> 2024-25,CAVEAT: items differ across years but map to a constant competency framework. Item-level year comparisons mix learning and instrument change; competency-level comparisons are more defensible (still assume similar difficulty within competency). Prefer rankings and competency-level statements across years.
Belagavi,B0011 bailhongal,C1436 sampagaon,5188 sampgaon,78.98,60.0,137,52.28,20.0,254,-26.7,-40.0,-13.35,2022-23 -> 2024-25,CAVEAT: items differ across years but map to a constant competency framework. Item-level year comparisons mix learning and instrument change; competency-level comparisons are more defensible (still assume similar difficulty within competency). Prefer rankings and competency-level statements across years.
Dharwad,B0086 kundagol,C1029 kundagol,1784 devanur,73.0,42.0,135,46.31,19.5,130,-26.69,-22.5,-13.34,2022-23 -> 2024-25,CAVEAT: items differ across years but map to a constant competency framework. Item-level year comparisons mix learning and instrument change; competency-level comparisons are more defensible (still assume similar difficulty within competency). Prefer rankings and competency-level statements across years.
Bagalkote,B0072 jamakhandi,C1027 kunchanur,3873 kumbarhalla,68.88,20.0,120,42.23,5.0,231,-26.65,-15.0,-13.32,2022-23 -> 2024-25,CAVEAT: items differ across years but map to a constant competency framework. Item-level year comparisons mix learning and instrument change; competency-level comparisons are more defensible (still assume similar difficulty within competency). Prefer rankings and competency-level statements across years.
Kalaburagi,B0073 jewargi,C0794 jeratagi,3069 jeratagi 36,53.83,15.0,120,27.25,5.0,118,-26.58,-10.0,-13.29,2022-23 -> 2024-25,CAVEAT: items differ across years but map to a constant competency framework. Item-level year comparisons mix learning and instrument change; competency-level comparisons are more defensible (still assume similar difficulty within competency). Prefer rankings and competency-level statements across years.
Chamarajanagara,B0027 chamarajanagar,C2146 honganuru,2740 honganoor,63.3,27.0,115,36.74,7.0,115,-26.56,-20.0,-13.28,2022-23 -> 2024-25,CAVEAT: items differ across years but map to a constant competency framework. Item-level year comparisons mix learning and instrument change; competency-level comparisons are more defensible (still assume similar difficulty within competency). Prefer rankings and competency-level statements across years.
Ballari,B0117 sandur,C1007 krishnanagara,5390 shuseelanagara,46.26,5.0,175,19.74,0.0,286,-26.52,-5.0,-13.26,2022-23 -> 2024-25,CAVEAT: items differ across years but map to a constant competency framework. Item-level year comparisons mix learning and instrument change; competency-level comparisons are more defensible (still assume similar difficulty within competency). Prefer rankings and competency-level statements across years.
Vijayanagara,B0051 hadagali,C0648 hire hadagali,2587 herehadagali,66.76,25.0,85,40.5,0.0,181,-26.26,-25.0,-13.13,2022-23 -> 2024-25,CAVEAT: items differ across years but map to a constant competency framework. Item-level year comparisons mix learning and instrument change; competency-level comparisons are more defensible (still assume similar difficulty within competency). Prefer rankings and competency-level statements across years.
Dharwad,B0086 kundagol,C1029 kundagol,5367 shirur,75.82,54.0,79,49.6,20.0,75,-26.22,-34.0,-13.11,2022-23 -> 2024-25,CAVEAT: items differ across years but map to a constant competency framework. Item-level year comparisons mix learning and instrument change; competency-level comparisons are more defensible (still assume similar difficulty within competency). Prefer rankings and competency-level statements across years.
Dharwad,B0086 kundagol,C1463 saunshi,6151 yerebudhihal,80.85,49.0,159,54.68,25.0,155,-26.17,-24.0,-13.08,2022-23 -> 2024-25,CAVEAT: items differ across years but map to a constant competency framework. Item-level year comparisons mix learning and instrument change; competency-level comparisons are more defensible (still assume similar difficulty within competency). Prefer rankings and competency-level statements across years.
Tumakuru,B0136 tumkur,C0190 belagumba,1155 belagumba,89.49,75.0,89,63.36,35.0,113,-26.13,-40.0,-13.06,2022-23 -> 2024-25,CAVEAT: items differ across years but map to a constant competency framework. Item-level year comparisons mix learning and instrument change; competency-level comparisons are more defensible (still assume similar difficulty within competency). Prefer rankings and competency-level statements across years.
Vijayanagara,B0065 hosapete,C1101 malapana gudi,4162 malapanagudi,61.23,20.0,69,35.16,10.0,153,-26.07,-10.0,-13.04,2022-23 -> 2024-25,CAVEAT: items differ across years but map to a constant competency framework. Item-level year comparisons mix learning and instrument change; competency-level comparisons are more defensible (still assume similar difficulty within competency). Prefer rankings and competency-level statements across years.
Chikkaballapura,B0034 chintamani,C0836 kaiwara,3216 kaiwara,80.47,61.0,43,54.42,25.0,43,-26.05,-36.0,-13.02,2022-23 -> 2024-25,CAVEAT: items differ across years but map to a constant competency framework. Item-level year comparisons mix learning and instrument change; competency-level comparisons are more defensible (still assume similar difficulty within competency). Prefer rankings and competency-level statements across years.
Kodagu,B0129 somavarpet,C0633 hebbale,5432 sirangala,71.94,47.5,36,46.0,17.0,45,-25.94,-30.5,-12.97,2022-23 -> 2024-25,CAVEAT: items differ across years but map to a constant competency framework. Item-level year comparisons mix learning and instrument change; competency-level comparisons are more defensible (still assume similar difficulty within competency). Prefer rankings and competency-level statements across years.
Dharwad,B0086 kundagol,C0862 kamadolli,879 b.tarlgatta,87.21,70.0,165,61.28,20.0,156,-25.93,-50.0,-12.96,2022-23 -> 2024-25,CAVEAT: items differ across years but map to a constant competency framework. Item-level year comparisons mix learning and instrument change; competency-level comparisons are more defensible (still assume similar difficulty within competency). Prefer rankings and competency-level statements across years.
Gadag,B0122 shirhatti,C0631 hebbal,6209 hebbal,56.36,20.0,180,30.49,0.0,244,-25.87,-20.0,-12.94,2022-23 -> 2024-25,CAVEAT: items differ across years but map to a constant competency framework. Item-level year comparisons mix learning and instrument change; competency-level comparisons are more defensible (still assume similar difficulty within competency). Prefer rankings and competency-level statements across years.
Dharwad,B0106 navalgund,C0089 arekurahatti,6091 yamanur,65.65,32.5,246,39.78,5.0,224,-25.87,-27.5,-12.94,2022-23 -> 2024-25,CAVEAT: items differ across years but map to a constant competency framework. Item-level year comparisons mix learning and instrument change; competency-level comparisons are more defensible (still assume similar difficulty within competency). Prefer rankings and competency-level statements across years.
Ballari,B0013 ballari west,C0458 emmiganur,4805 nelludi,50.17,10.0,144,24.34,0.0,99,-25.83,-10.0,-12.92,2022-23 -> 2024-25,CAVEAT: items differ across years but map to a constant competency framework. Item-level year comparisons mix learning and instrument change; competency-level comparisons are more defensible (still assume similar difficulty within competency). Prefer rankings and competency-level statements across years.
Bidar,B0068 humnabad,C0205 bemalkheda,5855 udamnalli,79.17,60.0,168,53.45,20.0,152,-25.72,-40.0,-12.86,2022-23 -> 2024-25,CAVEAT: items differ across years but map to a constant competency framework. Item-level year comparisons mix learning and instrument change; competency-level comparisons are more defensible (still assume similar difficulty within competency). Prefer rankings and competency-level statements across years.
Kalaburagi,B0036 chittapur,C0232 bheemanahalli,6058 yagapur,52.98,30.5,52,27.27,5.0,141,-25.71,-25.5,-12.86,2022-23 -> 2024-25,CAVEAT: items differ across years but map to a constant competency framework. Item-level year comparisons mix learning and instrument change; competency-level comparisons are more defensible (still assume similar difficulty within competency). Prefer rankings and competency-level statements across years.
Bidar,B0020 bidar,C0787 janwada,3050 janwada,63.26,37.5,66,37.58,6.0,93,-25.68,-31.5,-12.84,2022-23 -> 2024-25,CAVEAT: items differ across years but map to a constant competency framework. Item-level year comparisons mix learning and instrument change; competency-level comparisons are more defensible (still assume similar difficulty within competency). Prefer rankings and competency-level statements across years.
Tumakuru,B0046 gubbi,C0704 hosakere,6490 hosakere,67.24,43.0,127,41.59,5.5,132,-25.65,-37.5,-12.82,2022-23 -> 2024-25,CAVEAT: items differ across years but map to a constant competency framework. Item-level year comparisons mix learning and instrument change; competency-level comparisons are more defensible (still assume similar difficulty within competency). Prefer rankings and competency-level statements across years.
Mandya,B0109 pandavapura,C1055 lakshmisagara,5781 tirumalasagara chatra,82.02,65.0,57,56.43,25.5,112,-25.59,-39.5,-12.8,2022-23 -> 2024-25,CAVEAT: items differ across years but map to a constant competency framework. Item-level year comparisons mix learning and instrument change; competency-level comparisons are more defensible (still assume similar difficulty within competency). Prefer rankings and competency-level statements across years.
Ballari,B0013 ballari west,C0496 genikehal,907 badanahatti,53.19,10.0,171,27.78,0.0,317,-25.41,-10.0,-12.7,2022-23 -> 2024-25,CAVEAT: items differ across years but map to a constant competency framework. Item-level year comparisons mix learning and instrument change; competency-level comparisons are more defensible (still assume similar difficulty within competency). Prefer rankings and competency-level statements across years.
Chikkaballapura,B0010 bagepally,C0125 bagepalli rural,4955 paragodu,62.96,30.0,130,37.58,10.0,151,-25.38,-20.0,-12.69,2022-23 -> 2024-25,CAVEAT: items differ across years but map to a constant competency framework. Item-level year comparisons mix learning and instrument change; competency-level comparisons are more defensible (still assume similar difficulty within competency). Prefer rankings and competency-level statements across years.
Belagavi,B0130 soundatti,C1231 murgod,4572 murgod,77.08,55.0,161,51.73,20.0,150,-25.35,-35.0,-12.68,2022-23 -> 2024-25,CAVEAT: items differ across years but map to a constant competency framework. Item-level year comparisons mix learning and instrument change; competency-level comparisons are more defensible (still assume similar difficulty within competency). Prefer rankings and competency-level statements across years.
Yadgir,B0123 shorapur,C0495 geddalmari,3082 jogundbhavi,68.73,30.0,142,43.38,5.0,247,-25.35,-25.0,-12.68,2022-23 -> 2024-25,CAVEAT: items differ across years but map to a constant competency framework. Item-level year comparisons mix learning and instrument change; competency-level comparisons are more defensible (still assume similar difficulty within competency). Prefer rankings and competency-level statements across years.
Raichur,B0111 raichur,C1162 matamari,5029 purthipalli,52.1,10.0,124,26.85,0.0,124,-25.25,-10.0,-12.62,2022-23 -> 2024-25,CAVEAT: items differ across years but map to a constant competency framework. Item-level year comparisons mix learning and instrument change; competency-level comparisons are more defensible (still assume similar difficulty within competency). Prefer rankings and competency-level statements across years.
Kalaburagi,B0119 sedam,C1396 ranjol,5098 ranjol,44.55,5.0,122,19.31,0.0,116,-25.24,-5.0,-12.62,2022-23 -> 2024-25,CAVEAT: items differ across years but map to a constant competency framework. Item-level year comparisons mix learning and instrument change; competency-level comparisons are more defensible (still assume similar difficulty within competency). Prefer rankings and competency-level statements across years.
Yadgir,B0123 shorapur,C1284 narayanpur,6417 narayanpur,56.65,15.0,176,31.44,3.5,218,-25.21,-11.5,-12.6,2022-23 -> 2024-25,CAVEAT: items differ across years but map to a constant competency framework. Item-level year comparisons mix learning and instrument change; competency-level comparisons are more defensible (still assume similar difficulty within competency). Prefer rankings and competency-level statements across years.
Yadgir,B0123 shorapur,C1203 mudanoor,550 agni,60.97,25.0,145,35.78,0.0,160,-25.19,-25.0,-12.6,2022-23 -> 2024-25,CAVEAT: items differ across years but map to a constant competency framework. Item-level year comparisons mix learning and instrument change; competency-level comparisons are more defensible (still assume similar difficulty within competency). Prefer rankings and competency-level statements across years.
Chikkaballapura,B0034 chintamani,C1065 m gollahalli,4035 m gollahalli,82.91,70.0,79,57.77,25.0,56,-25.14,-45.0,-12.57,2022-23 -> 2024-25,CAVEAT: items differ across years but map to a constant competency framework. Item-level year comparisons mix learning and instrument change; competency-level comparisons are more defensible (still assume similar difficulty within competency). Prefer rankings and competency-level statements across years.
Gadag,B0043 gadag rural,C0013 adavisomapaur,2507 hatalageri,71.84,45.0,152,46.74,10.0,250,-25.1,-35.0,-12.55,2022-23 -> 2024-25,CAVEAT: items differ across years but map to a constant competency framework. Item-level year comparisons mix learning and instrument change; competency-level comparisons are more defensible (still assume similar difficulty within competency). Prefer rankings and competency-level statements across years.
Mandya,B0132 srirangapatna,C1535 srirangapatna,4681 naguvanahally,72.84,40.0,81,47.75,5.0,71,-25.09,-35.0,-12.54,2022-23 -> 2024-25,CAVEAT: items differ across years but map to a constant competency framework. Item-level year comparisons mix learning and instrument change; competency-level comparisons are more defensible (still assume similar difficulty within competency). Prefer rankings and competency-level statements across years.
Kalaburagi,B0002 aland,C0451 duttargaon,3644 kodalhangarga,58.83,13.0,107,33.75,0.0,104,-25.08,-13.0,-12.54,2022-23 -> 2024-25,CAVEAT: items differ across years but map to a constant competency framework. Item-level year comparisons mix learning and instrument change; competency-level comparisons are more defensible (still assume similar difficulty within competency). Prefer rankings and competency-level statements across years.
Kodagu,B0140 virajpet,C1174 mayamudi,5007 ponnappasanthe,55.79,30.0,38,30.71,10.0,28,-25.08,-20.0,-12.54,2022-23 -> 2024-25,CAVEAT: items differ across years but map to a constant competency framework. Item-level year comparisons mix learning and instrument change; competency-level comparisons are more defensible (still assume similar difficulty within competency). Prefer rankings and competency-level statements across years.
Vijayanagara,B0065 hosapete,C1184 metri,1774 devalapura,55.55,15.0,110,30.5,0.0,210,-25.05,-15.0,-12.52,2022-23 -> 2024-25,CAVEAT: items differ across years but map to a constant competency framework. Item-level year comparisons mix learning and instrument change; competency-level comparisons are more defensible (still assume similar difficulty within competency). Prefer rankings and competency-level statements across years.
Yadgir,B0120 shahapur,C0443 doranahalli,1949 doranahalli,69.44,30.0,186,44.41,15.0,162,-25.03,-15.0,-12.52,2022-23 -> 2024-25,CAVEAT: items differ across years but map to a constant competency framework. Item-level year comparisons mix learning and instrument change; competency-level comparisons are more defensible (still assume similar difficulty within competency). Prefer rankings and competency-level statements across years.
Koppal,B0081 koppal,C0665 hiresindhogi,3484 kataraki gudlanur,60.67,23.0,97,35.66,0.0,228,-25.01,-23.0,-12.5,2022-23 -> 2024-25,CAVEAT: items differ across years but map to a constant competency framework. Item-level year comparisons mix learning and instrument change; competency-level comparisons are more defensible (still assume similar difficulty within competency). Prefer rankings and competency-level statements across years.
Dharwad,B0106 navalgund,C1289 navalagund 2,1173 belavatgi,58.15,20.0,119,33.18,0.0,206,-24.97,-20.0,-12.48,2022-23 -> 2024-25,CAVEAT: items differ across years but map to a constant competency framework. Item-level year comparisons mix learning and instrument change; competency-level comparisons are more defensible (still assume similar difficulty within competency). Prefer rankings and competency-level statements across years.
Vijayanagara,B0051 hadagali,C1260 nagathi basapura,4281 manyaramasalawada,63.08,25.0,78,38.12,8.5,88,-24.96,-16.5,-12.48,2022-23 -> 2024-25,CAVEAT: items differ across years but map to a constant competency framework. Item-level year comparisons mix learning and instrument change; competency-level comparisons are more defensible (still assume similar difficulty within competency). Prefer rankings and competency-level statements across years.
Kalaburagi,B0119 sedam,C0555 habala ( t ),6037 yadaga,61.79,30.0,70,36.86,6.0,113,-24.93,-24.0,-12.46,2022-23 -> 2024-25,CAVEAT: items differ across years but map to a constant competency framework. Item-level year comparisons mix learning and instrument change; competency-level comparisons are more defensible (still assume similar difficulty within competency). Prefer rankings and competency-level statements across years.
Vijayanagara,B0065 hosapete,C1348 papinayakana hall,2017 gadiganuru,70.55,35.0,128,45.66,10.0,205,-24.89,-25.0,-12.44,2022-23 -> 2024-25,CAVEAT: items differ across years but map to a constant competency framework. Item-level year comparisons mix learning and instrument change; competency-level comparisons are more defensible (still assume similar difficulty within competency). Prefer rankings and competency-level statements across years.
Tumakuru,B0031 chiknayakanhalli,C1115 malligere,4198 malligere,85.93,70.0,113,61.18,30.0,106,-24.75,-40.0,-12.38,2022-23 -> 2024-25,CAVEAT: items differ across years but map to a constant competency framework. Item-level year comparisons mix learning and instrument change; competency-level comparisons are more defensible (still assume similar difficulty within competency). Prefer rankings and competency-level statements across years.
Vijayanagara,B0051 hadagali,C0913 kathe bennur,3488 kaththebennur,64.26,35.0,61,39.57,4.0,139,-24.69,-31.0,-12.34,2022-23 -> 2024-25,CAVEAT: items differ across years but map to a constant competency framework. Item-level year comparisons mix learning and instrument change; competency-level comparisons are more defensible (still assume similar difficulty within competency). Prefer rankings and competency-level statements across years.
Kalaburagi,B0002 aland,C0238 bhusanoor,6172 hittal siroor,59.84,18.5,158,35.27,5.0,165,-24.57,-13.5,-12.28,2022-23 -> 2024-25,CAVEAT: items differ across years but map to a constant competency framework. Item-level year comparisons mix learning and instrument change; competency-level comparisons are more defensible (still assume similar difficulty within competency). Prefer rankings and competency-level statements across years.
Raichur,B0089 lingasugur,C1257 nagarhal,6188 halkavatagi,68.83,30.0,90,44.27,15.0,103,-24.56,-15.0,-12.28,2022-23 -> 2024-25,CAVEAT: items differ across years but map to a constant competency framework. Item-level year comparisons mix learning and instrument change; competency-level comparisons are more defensible (still assume similar difficulty within competency). Prefer rankings and competency-level statements across years.
Chamarajanagara,B0054 hanur,C1390 ramapura,6237 ramapura,65.6,28.0,67,41.05,5.0,153,-24.55,-23.0,-12.28,2022-23 -> 2024-25,CAVEAT: items differ across years but map to a constant competency framework. Item-level year comparisons mix learning and instrument change; competency-level comparisons are more defensible (still assume similar difficulty within competency). Prefer rankings and competency-level statements across years.
Mandya,B0103 nagamangala,C0894 karada hally,3418 karada hally,81.12,60.0,85,56.6,23.0,97,-24.52,-37.0,-12.26,2022-23 -> 2024-25,CAVEAT: items differ across years but map to a constant competency framework. Item-level year comparisons mix learning and instrument change; competency-level comparisons are more defensible (still assume similar difficulty within competency). Prefer rankings and competency-level statements across years.
Hassan,B0057 hassan,C1431 salagame,5164 salagame,77.41,57.5,56,52.92,19.5,60,-24.49,-38.0,-12.24,2022-23 -> 2024-25,CAVEAT: items differ across years but map to a constant competency framework. Item-level year comparisons mix learning and instrument change; competency-level comparisons are more defensible (still assume similar difficulty within competency). Prefer rankings and competency-level statements across years.
Vijayanagara,B0051 hadagali,C0758 ittigi,2985 ittigi,65.94,20.0,64,41.49,10.0,104,-24.45,-10.0,-12.22,2022-23 -> 2024-25,CAVEAT: items differ across years but map to a constant competency framework. Item-level year comparisons mix learning and instrument change; competency-level comparisons are more defensible (still assume similar difficulty within competency). Prefer rankings and competency-level statements across years.
Davanagere,B0062 honnali,C0554 h.gopagondanahalli,2272 h gopagondanahalli,72.42,41.5,124,47.98,15.0,109,-24.44,-26.5,-12.22,2022-23 -> 2024-25,CAVEAT: items differ across years but map to a constant competency framework. Item-level year comparisons mix learning and instrument change; competency-level comparisons are more defensible (still assume similar difficulty within competency). Prefer rankings and competency-level statements across years.
Bidar,B0007 aurad,C1232 murki,4574 murki,68.7,42.5,146,44.39,18.0,107,-24.31,-24.5,-12.16,2022-23 -> 2024-25,CAVEAT: items differ across years but map to a constant competency framework. Item-level year comparisons mix learning and instrument change; competency-level comparisons are more defensible (still assume similar difficulty within competency). Prefer rankings and competency-level statements across years.
Mandya,B0132 srirangapatna,C1339 pala hally,1153 belagola,79.57,60.0,105,55.27,12.0,75,-24.3,-48.0,-12.15,2022-23 -> 2024-25,CAVEAT: items differ across years but map to a constant competency framework. Item-level year comparisons mix learning and instrument change; competency-level comparisons are more defensible (still assume similar difficulty within competency). Prefer rankings and competency-level statements across years.
Bidar,B0068 humnabad,C0498 ghatboral,2090 ghatboral,36.67,5.0,39,12.44,0.0,43,-24.23,-5.0,-12.12,2022-23 -> 2024-25,CAVEAT: items differ across years but map to a constant competency framework. Item-level year comparisons mix learning and instrument change; competency-level comparisons are more defensible (still assume similar difficulty within competency). Prefer rankings and competency-level statements across years.
Vijayanagara,B0051 hadagali,C1243 mylara,3951 kuruvaththi,72.42,45.0,132,48.24,10.0,170,-24.18,-35.0,-12.09,2022-23 -> 2024-25,CAVEAT: items differ across years but map to a constant competency framework. Item-level year comparisons mix learning and instrument change; competency-level comparisons are more defensible (still assume similar difficulty within competency). Prefer rankings and competency-level statements across years.
Yadgir,B0141 yadgir,C1714 yadgir station,4511 mudnal,53.79,20.0,153,29.63,0.0,162,-24.16,-20.0,-12.08,2022-23 -> 2024-25,CAVEAT: items differ across years but map to a constant competency framework. Item-level year comparisons mix learning and instrument change; competency-level comparisons are more defensible (still assume similar difficulty within competency). Prefer rankings and competency-level statements across years.
Mandya,B0093 malavally,C0107 b g pura,1399 boppegowdana pura,65.95,35.0,95,41.9,5.0,105,-24.05,-30.0,-12.02,2022-23 -> 2024-25,CAVEAT: items differ across years but map to a constant competency framework. Item-level year comparisons mix learning and instrument change; competency-level comparisons are more defensible (still assume similar difficulty within competency). Prefer rankings and competency-level statements across years.
Raichur,B0089 lingasugur,C0181 bayyapur,1107 bayyapur,58.79,15.0,132,34.77,5.0,129,-24.02,-10.0,-12.01,2022-23 -> 2024-25,CAVEAT: items differ across years but map to a constant competency framework. Item-level year comparisons mix learning and instrument change; competency-level comparisons are more defensible (still assume similar difficulty within competency). Prefer rankings and competency-level statements across years.
Bagalkote,B0021 bilagi,C2668 teggi,5653 teggi,65.95,25.0,200,42.05,5.0,314,-23.9,-20.0,-11.95,2022-23 -> 2024-25,CAVEAT: items differ across years but map to a constant competency framework. Item-level year comparisons mix learning and instrument change; competency-level comparisons are more defensible (still assume similar difficulty within competency). Prefer rankings and competency-level statements across years.
Kalaburagi,B0119 sedam,C0555 habala ( t ),5662 telkur,53.43,15.0,118,29.56,0.0,125,-23.87,-15.0,-11.94,2022-23 -> 2024-25,CAVEAT: items differ across years but map to a constant competency framework. Item-level year comparisons mix learning and instrument change; competency-level comparisons are more defensible (still assume similar difficulty within competency). Prefer rankings and competency-level statements across years.
Belagavi,B0011 bailhongal,C0325 chikkabagewadi,1560 chikka bagewadi,81.37,60.0,139,57.56,21.0,133,-23.81,-39.0,-11.9,2022-23 -> 2024-25,CAVEAT: items differ across years but map to a constant competency framework. Item-level year comparisons mix learning and instrument change; competency-level comparisons are more defensible (still assume similar difficulty within competency). Prefer rankings and competency-level statements across years.
Raichur,B0096 manvi,C1621 torandinni,5796 toranadinni,53.91,15.0,128,30.15,0.0,102,-23.76,-15.0,-11.88,2022-23 -> 2024-25,CAVEAT: items differ across years but map to a constant competency framework. Item-level year comparisons mix learning and instrument change; competency-level comparisons are more defensible (still assume similar difficulty within competency). Prefer rankings and competency-level statements across years.
Mandya,B0132 srirangapatna,C0952 kodiyala,2032 gamana hally,74.25,50.0,120,50.52,10.0,165,-23.73,-40.0,-11.86,2022-23 -> 2024-25,CAVEAT: items differ across years but map to a constant competency framework. Item-level year comparisons mix learning and instrument change; competency-level comparisons are more defensible (still assume similar difficulty within competency). Prefer rankings and competency-level statements across years.
Koppal,B0143 yelburga,C1566 talakere,5611 talakeri,59.32,20.0,222,35.62,0.0,265,-23.7,-20.0,-11.85,2022-23 -> 2024-25,CAVEAT: items differ across years but map to a constant competency framework. Item-level year comparisons mix learning and instrument change; competency-level comparisons are more defensible (still assume similar difficulty within competency). Prefer rankings and competency-level statements across years.
Chamarajanagara,B0027 chamarajanagar,C0641 heggotara,2566 heggotara,64.22,25.0,135,40.53,5.0,159,-23.69,-20.0,-11.84,2022-23 -> 2024-25,CAVEAT: items differ across years but map to a constant competency framework. Item-level year comparisons mix learning and instrument change; competency-level comparisons are more defensible (still assume similar difficulty within competency). Prefer rankings and competency-level statements across years.
Bidar,B0068 humnabad,C0712 hudgi,5414 sindhankera,70.88,40.0,97,47.23,5.0,101,-23.65,-35.0,-11.82,2022-23 -> 2024-25,CAVEAT: items differ across years but map to a constant competency framework. Item-level year comparisons mix learning and instrument change; competency-level comparisons are more defensible (still assume similar difficulty within competency). Prefer rankings and competency-level statements across years.
Tumakuru,B0046 gubbi,C0427 doddaguni,1897 doddaguni,91.67,80.0,93,68.02,40.0,111,-23.65,-40.0,-11.82,2022-23 -> 2024-25,CAVEAT: items differ across years but map to a constant competency framework. Item-level year comparisons mix learning and instrument change; competency-level comparisons are more defensible (still assume similar difficulty within competency). Prefer rankings and competency-level statements across years.
Haveri,B0058 hirekerur,C2767 yattinahalli,6121 yattinalli m k,84.13,60.0,155,60.5,20.0,150,-23.63,-40.0,-11.82,2022-23 -> 2024-25,CAVEAT: items differ across years but map to a constant competency framework. Item-level year comparisons mix learning and instrument change; competency-level comparisons are more defensible (still assume similar difficulty within competency). Prefer rankings and competency-level statements across years.
Koppal,B0081 koppal,C0214 betageri,4366 mathur,65.33,35.0,120,41.71,5.0,173,-23.62,-30.0,-11.81,2022-23 -> 2024-25,CAVEAT: items differ across years but map to a constant competency framework. Item-level year comparisons mix learning and instrument change; competency-level comparisons are more defensible (still assume similar difficulty within competency). Prefer rankings and competency-level statements across years.
Dharwad,B0106 navalgund,C0789 javoor,2353 halkusugal,54.16,20.0,149,30.64,5.0,149,-23.52,-15.0,-11.76,2022-23 -> 2024-25,CAVEAT: items differ across years but map to a constant competency framework. Item-level year comparisons mix learning and instrument change; competency-level comparisons are more defensible (still assume similar difficulty within competency). Prefer rankings and competency-level statements across years.
Bidar,B0068 humnabad,C1632 udbal,4583 mustari,49.68,20.0,63,26.23,0.0,81,-23.45,-20.0,-11.72,2022-23 -> 2024-25,CAVEAT: items differ across years but map to a constant competency framework. Item-level year comparisons mix learning and instrument change; competency-level comparisons are more defensible (still assume similar difficulty within competency). Prefer rankings and competency-level statements across years.
Kalaburagi,B0073 jewargi,C0070 ankalagi,213009042 hullur,62.45,15.0,159,39.01,0.0,131,-23.44,-15.0,-11.72,2022-23 -> 2024-25,CAVEAT: items differ across years but map to a constant competency framework. Item-level year comparisons mix learning and instrument change; competency-level comparisons are more defensible (still assume similar difficulty within competency). Prefer rankings and competency-level statements across years.
Kalaburagi,B0033 chincholi,C0026 ainoli,565 ainolli,52.59,10.0,139,29.22,4.5,160,-23.37,-5.5,-11.68,2022-23 -> 2024-25,CAVEAT: items differ across years but map to a constant competency framework. Item-level year comparisons mix learning and instrument change; competency-level comparisons are more defensible (still assume similar difficulty within competency). Prefer rankings and competency-level statements across years.
Belagavi,B0098 mudalgi,C1716 yadwad,6047 yadawad,74.47,50.0,150,51.19,15.0,327,-23.28,-35.0,-11.64,2022-23 -> 2024-25,CAVEAT: items differ across years but map to a constant competency framework. Item-level year comparisons mix learning and instrument change; competency-level comparisons are more defensible (still assume similar difficulty within competency). Prefer rankings and competency-level statements across years.
Koppal,B0085 kuknoor,C1565 talakal,5619 talkal,64.67,35.0,195,41.41,5.0,252,-23.26,-30.0,-11.63,2022-23 -> 2024-25,CAVEAT: items differ across years but map to a constant competency framework. Item-level year comparisons mix learning and instrument change; competency-level comparisons are more defensible (still assume similar difficulty within competency). Prefer rankings and competency-level statements across years.
Tumakuru,B0082 koratagere,C0273 bukkapatna,2396 hanchihalli,79.81,60.0,79,56.57,35.0,51,-23.24,-25.0,-11.62,2022-23 -> 2024-25,CAVEAT: items differ across years but map to a constant competency framework. Item-level year comparisons mix learning and instrument change; competency-level comparisons are more defensible (still assume similar difficulty within competency). Prefer rankings and competency-level statements across years.
Kalaburagi,B0001 afzalpur,C1135 mannur,6449 mannur,69.14,32.0,175,45.94,15.0,224,-23.2,-17.0,-11.6,2022-23 -> 2024-25,CAVEAT: items differ across years but map to a constant competency framework. Item-level year comparisons mix learning and instrument change; competency-level comparisons are more defensible (still assume similar difficulty within competency). Prefer rankings and competency-level statements across years.
Vijayanagara,B0055 harapanahalli,C0211 bennehalli,1226 bennehalli,54.79,15.0,187,31.62,0.0,253,-23.17,-15.0,-11.58,2022-23 -> 2024-25,CAVEAT: items differ across years but map to a constant competency framework. Item-level year comparisons mix learning and instrument change; competency-level comparisons are more defensible (still assume similar difficulty within competency). Prefer rankings and competency-level statements across years.
Dharwad,B0106 navalgund,C1194 morab,4470 morab,69.13,35.0,178,46.0,10.0,304,-23.13,-25.0,-11.56,2022-23 -> 2024-25,CAVEAT: items differ across years but map to a constant competency framework. Item-level year comparisons mix learning and instrument change; competency-level comparisons are more defensible (still assume similar difficulty within competency). Prefer rankings and competency-level statements across years.
Ballari,B0128 siruguppa,C1572 talur,5924 uththanuru,76.31,55.0,179,53.18,15.0,222,-23.13,-40.0,-11.56,2022-23 -> 2024-25,CAVEAT: items differ across years but map to a constant competency framework. Item-level year comparisons mix learning and instrument change; competency-level comparisons are more defensible (still assume similar difficulty within competency). Prefer rankings and competency-level statements across years.
Koppal,B0088 kustagi,C1314 nilogal,4857 nilogal,63.92,20.0,134,40.89,5.0,219,-23.03,-15.0,-11.52,2022-23 -> 2024-25,CAVEAT: items differ across years but map to a constant competency framework. Item-level year comparisons mix learning and instrument change; competency-level comparisons are more defensible (still assume similar difficulty within competency). Prefer rankings and competency-level statements across years.
Gadag,B0115 ron,C1050 lakkalakatti,3991 lakkalakatti,58.92,26.0,143,35.89,5.0,254,-23.03,-21.0,-11.52,2022-23 -> 2024-25,CAVEAT: items differ across years but map to a constant competency framework. Item-level year comparisons mix learning and instrument change; competency-level comparisons are more defensible (still assume similar difficulty within competency). Prefer rankings and competency-level statements across years.
Vijayapura,B0125 sindagi,C1392 rampur pa,5086 rampur p a,72.28,45.0,151,49.27,15.0,158,-23.01,-30.0,-11.5,2022-23 -> 2024-25,CAVEAT: items differ across years but map to a constant competency framework. Item-level year comparisons mix learning and instrument change; competency-level comparisons are more defensible (still assume similar difficulty within competency). Prefer rankings and competency-level statements across years.
Yadgir,B0141 yadgir,C1713 yadgir rural,6031 warknalli,67.88,41.0,113,44.89,15.0,94,-22.99,-26.0,-11.5,2022-23 -> 2024-25,CAVEAT: items differ across years but map to a constant competency framework. Item-level year comparisons mix learning and instrument change; competency-level comparisons are more defensible (still assume similar difficulty within competency). Prefer rankings and competency-level statements across years.
Chamarajanagara,B0050 gundlupet,C0260 bommalapura,888 bachahalli,66.15,50.0,52,43.24,5.0,51,-22.91,-45.0,-11.46,2022-23 -> 2024-25,CAVEAT: items differ across years but map to a constant competency framework. Item-level year comparisons mix learning and instrument change; competency-level comparisons are more defensible (still assume similar difficulty within competency). Prefer rankings and competency-level statements across years.
Koppal,B0081 koppal,C0262 boodagumpa,2220 guladalli,61.7,35.0,88,38.81,5.0,122,-22.89,-30.0,-11.44,2022-23 -> 2024-25,CAVEAT: items differ across years but map to a constant competency framework. Item-level year comparisons mix learning and instrument change; competency-level comparisons are more defensible (still assume similar difficulty within competency). Prefer rankings and competency-level statements across years.
Gadag,B0043 gadag rural,C0621 harti,2494 harti,54.59,20.0,122,31.72,0.0,166,-22.87,-20.0,-11.44,2022-23 -> 2024-25,CAVEAT: items differ across years but map to a constant competency framework. Item-level year comparisons mix learning and instrument change; competency-level comparisons are more defensible (still assume similar difficulty within competency). Prefer rankings and competency-level statements across years.
Kalaburagi,B0048 gulbarga north,C0442 dongargaon,3613 kinnisadak,59.26,15.0,135,36.39,5.0,101,-22.87,-10.0,-11.44,2022-23 -> 2024-25,CAVEAT: items differ across years but map to a constant competency framework. Item-level year comparisons mix learning and instrument change; competency-level comparisons are more defensible (still assume similar difficulty within competency). Prefer rankings and competency-level statements across years.
Ballari,B0117 sandur,C1592 tharanagara,6308 thaluru,71.51,50.0,176,48.65,20.0,52,-22.86,-30.0,-11.43,2022-23 -> 2024-25,CAVEAT: items differ across years but map to a constant competency framework. Item-level year comparisons mix learning and instrument change; competency-level comparisons are more defensible (still assume similar difficulty within competency). Prefer rankings and competency-level statements across years.
Mandya,B0109 pandavapura,C0771 jakkana hally,3013 jakkana hally,78.45,60.0,84,55.7,20.0,136,-22.75,-40.0,-11.38,2022-23 -> 2024-25,CAVEAT: items differ across years but map to a constant competency framework. Item-level year comparisons mix learning and instrument change; competency-level comparisons are more defensible (still assume similar difficulty within competency). Prefer rankings and competency-level statements across years.
Belagavi,B0098 mudalgi,C0214 betageri,2159 gosabal,67.8,35.0,143,45.05,10.0,307,-22.75,-25.0,-11.38,2022-23 -> 2024-25,CAVEAT: items differ across years but map to a constant competency framework. Item-level year comparisons mix learning and instrument change; competency-level comparisons are more defensible (still assume similar difficulty within competency). Prefer rankings and competency-level statements across years.
Kalaburagi,B0002 aland,C1287 narona,1291 bhodan,63.79,25.0,91,41.09,10.0,110,-22.7,-15.0,-11.35,2022-23 -> 2024-25,CAVEAT: items differ across years but map to a constant competency framework. Item-level year comparisons mix learning and instrument change; competency-level comparisons are more defensible (still assume similar difficulty within competency). Prefer rankings and competency-level statements across years.
Koppal,B0088 kustagi,C0606 hanumasagar,3136 kabbaragi,69.94,45.5,82,47.24,20.0,116,-22.7,-25.5,-11.35,2022-23 -> 2024-25,CAVEAT: items differ across years but map to a constant competency framework. Item-level year comparisons mix learning and instrument change; competency-level comparisons are more defensible (still assume similar difficulty within competency). Prefer rankings and competency-level statements across years.
Kalaburagi,B0036 chittapur,C1462 satnoor,5265 satnoor,53.33,14.5,60,30.63,2.0,95,-22.7,-12.5,-11.35,2022-23 -> 2024-25,CAVEAT: items differ across years but map to a constant competency framework. Item-level year comparisons mix learning and instrument change; competency-level comparisons are more defensible (still assume similar difficulty within competency). Prefer rankings and competency-level statements across years.
Chitradurga,B0063 hosadurga,C0783 janakal,3040 janakal,61.04,30.0,249,38.37,5.0,196,-22.67,-25.0,-11.34,2022-23 -> 2024-25,CAVEAT: items differ across years but map to a constant competency framework. Item-level year comparisons mix learning and instrument change; competency-level comparisons are more defensible (still assume similar difficulty within competency). Prefer rankings and competency-level statements across years.
Tumakuru,B0136 tumkur,C0635 hebburu,2540 hebburu,76.57,60.0,102,53.9,15.0,118,-22.67,-45.0,-11.34,2022-23 -> 2024-25,CAVEAT: items differ across years but map to a constant competency framework. Item-level year comparisons mix learning and instrument change; competency-level comparisons are more defensible (still assume similar difficulty within competency). Prefer rankings and competency-level statements across years.
Raichur,B0111 raichur,C1506 singanodi,5425 singanodi,44.64,10.0,112,22.08,0.0,171,-22.56,-10.0,-11.28,2022-23 -> 2024-25,CAVEAT: items differ across years but map to a constant competency framework. Item-level year comparisons mix learning and instrument change; competency-level comparisons are more defensible (still assume similar difficulty within competency). Prefer rankings and competency-level statements across years.
Vijayanagara,B0051 hadagali,C1243 mylara,4611 mylara,60.67,25.0,67,38.19,10.0,116,-22.48,-15.0,-11.24,2022-23 -> 2024-25,CAVEAT: items differ across years but map to a constant competency framework. Item-level year comparisons mix learning and instrument change; competency-level comparisons are more defensible (still assume similar difficulty within competency). Prefer rankings and competency-level statements across years.
Kalaburagi,B0073 jewargi,C1123 mandewal,3289 kallur 2,61.19,15.0,164,38.71,5.0,151,-22.48,-10.0,-11.24,2022-23 -> 2024-25,CAVEAT: items differ across years but map to a constant competency framework. Item-level year comparisons mix learning and instrument change; competency-level comparisons are more defensible (still assume similar difficulty within competency). Prefer rankings and competency-level statements across years.
Dharwad,B0041 dharwad,C1285 narendra,4028 lokur,75.99,55.0,217,53.62,15.0,210,-22.37,-40.0,-11.18,2022-23 -> 2024-25,CAVEAT: items differ across years but map to a constant competency framework. Item-level year comparisons mix learning and instrument change; competency-level comparisons are more defensible (still assume similar difficulty within competency). Prefer rankings and competency-level statements across years.
Dharwad,B0066 hubli,C1690 varur,5977 varur,66.22,40.0,98,43.95,20.0,143,-22.27,-20.0,-11.14,2022-23 -> 2024-25,CAVEAT: items differ across years but map to a constant competency framework. Item-level year comparisons mix learning and instrument change; competency-level comparisons are more defensible (still assume similar difficulty within competency). Prefer rankings and competency-level statements across years.
Bidar,B0019 bhalki,C0043 alwai marathi,832 attarga,58.7,9.5,50,36.44,5.0,45,-22.26,-4.5,-11.13,2022-23 -> 2024-25,CAVEAT: items differ across years but map to a constant competency framework. Item-level year comparisons mix learning and instrument change; competency-level comparisons are more defensible (still assume similar difficulty within competency). Prefer rankings and competency-level statements across years.
Bidar,B0015 basavakalyan,C1136 manthal,4275 manthal,63.75,25.0,100,41.52,10.0,122,-22.23,-15.0,-11.12,2022-23 -> 2024-25,CAVEAT: items differ across years but map to a constant competency framework. Item-level year comparisons mix learning and instrument change; competency-level comparisons are more defensible (still assume similar difficulty within competency). Prefer rankings and competency-level statements across years.
Ballari,B0128 siruguppa,C1069 m suguru,4499 muddatanuru,51.03,20.0,180,28.87,0.0,204,-22.16,-20.0,-11.08,2022-23 -> 2024-25,CAVEAT: items differ across years but map to a constant competency framework. Item-level year comparisons mix learning and instrument change; competency-level comparisons are more defensible (still assume similar difficulty within competency). Prefer rankings and competency-level statements across years.
Bengaluru Rural,B0042 doddaballapura,C0067 anjanamurthynagara,1874 dodda tumkuru,79.6,57.0,25,57.5,20.0,40,-22.1,-37.0,-11.05,2022-23 -> 2024-25,CAVEAT: items differ across years but map to a constant competency framework. Item-level year comparisons mix learning and instrument change; competency-level comparisons are more defensible (still assume similar difficulty within competency). Prefer rankings and competency-level statements across years.
Koppal,B0081 koppal,C0218 bhahaddurbandi,932 bahadhurbandi,64.9,35.0,146,42.83,10.0,159,-22.07,-25.0,-11.04,2022-23 -> 2024-25,CAVEAT: items differ across years but map to a constant competency framework. Item-level year comparisons mix learning and instrument change; competency-level comparisons are more defensible (still assume similar difficulty within competency). Prefer rankings and competency-level statements across years.
Vijayanagara,B0055 harapanahalli,C1028 kunchuru,3884 kunchooru,49.54,10.0,185,27.48,0.0,210,-22.06,-10.0,-11.03,2022-23 -> 2024-25,CAVEAT: items differ across years but map to a constant competency framework. Item-level year comparisons mix learning and instrument change; competency-level comparisons are more defensible (still assume similar difficulty within competency). Prefer rankings and competency-level statements across years.
Chamarajanagara,B0027 chamarajanagar,C1423 sagade,5150 sagade,70.23,38.5,88,48.19,10.0,91,-22.04,-28.5,-11.02,2022-23 -> 2024-25,CAVEAT: items differ across years but map to a constant competency framework. Item-level year comparisons mix learning and instrument change; competency-level comparisons are more defensible (still assume similar difficulty within competency). Prefer rankings and competency-level statements across years.
Koppal,B0081 koppal,C0502 gingera,2100 ginigera,67.5,30.0,150,45.47,10.0,254,-22.03,-20.0,-11.02,2022-23 -> 2024-25,CAVEAT: items differ across years but map to a constant competency framework. Item-level year comparisons mix learning and instrument change; competency-level comparisons are more defensible (still assume similar difficulty within competency). Prefer rankings and competency-level statements across years.
Vijayanagara,B0055 harapanahalli,C1598 theligi,1959 duggavathi,57.71,25.0,96,35.68,5.0,139,-22.03,-20.0,-11.02,2022-23 -> 2024-25,CAVEAT: items differ across years but map to a constant competency framework. Item-level year comparisons mix learning and instrument change; competency-level comparisons are more defensible (still assume similar difficulty within competency). Prefer rankings and competency-level statements across years.
Yadgir,B0141 yadgir,C1427 saidapur,1179 belguda,59.47,15.0,95,37.5,5.0,126,-21.97,-10.0,-10.98,2022-23 -> 2024-25,CAVEAT: items differ across years but map to a constant competency framework. Item-level year comparisons mix learning and instrument change; competency-level comparisons are more defensible (still assume similar difficulty within competency). Prefer rankings and competency-level statements across years.
Gadag,B0115 ron,C1385 rajur,6568 kuntoji,63.48,25.0,145,41.54,10.0,314,-21.94,-15.0,-10.97,2022-23 -> 2024-25,CAVEAT: items differ across years but map to a constant competency framework. Item-level year comparisons mix learning and instrument change; competency-level comparisons are more defensible (still assume similar difficulty within competency). Prefer rankings and competency-level statements across years.
Kalaburagi,B0049 gulbarga south,C0462 faratabad,1995 fartabad,53.12,12.5,176,31.25,0.0,152,-21.87,-12.5,-10.94,2022-23 -> 2024-25,CAVEAT: items differ across years but map to a constant competency framework. Item-level year comparisons mix learning and instrument change; competency-level comparisons are more defensible (still assume similar difficulty within competency). Prefer rankings and competency-level statements across years.
Kalaburagi,B0049 gulbarga south,C0562 hagargundagi,3512 kawalga (b),48.95,15.0,148,27.12,5.0,85,-21.83,-10.0,-10.92,2022-23 -> 2024-25,CAVEAT: items differ across years but map to a constant competency framework. Item-level year comparisons mix learning and instrument change; competency-level comparisons are more defensible (still assume similar difficulty within competency). Prefer rankings and competency-level statements across years.
Bidar,B0068 humnabad,C0472 gadwanthi,3381 kankatta,79.79,60.0,119,58.04,20.0,130,-21.75,-40.0,-10.88,2022-23 -> 2024-25,CAVEAT: items differ across years but map to a constant competency framework. Item-level year comparisons mix learning and instrument change; competency-level comparisons are more defensible (still assume similar difficulty within competency). Prefer rankings and competency-level statements across years.
Chikkaballapura,B0030 chikkaballapur,C1360 peresandra,4991 peresandra,82.1,66.0,93,60.44,24.0,79,-21.66,-42.0,-10.83,2022-23 -> 2024-25,CAVEAT: items differ across years but map to a constant competency framework. Item-level year comparisons mix learning and instrument change; competency-level comparisons are more defensible (still assume similar difficulty within competency). Prefer rankings and competency-level statements across years.
Hassan,B0018 belur,C0958 kogodu,1528 cheekanahally,80.47,60.0,32,58.9,30.0,59,-21.57,-30.0,-10.78,2022-23 -> 2024-25,CAVEAT: items differ across years but map to a constant competency framework. Item-level year comparisons mix learning and instrument change; competency-level comparisons are more defensible (still assume similar difficulty within competency). Prefer rankings and competency-level statements across years.
Vijayanagara,B0084 kudligi,"C1017 kudligi, for girls",2588 herehegdal,48.38,7.0,105,26.82,0.0,146,-21.56,-7.0,-10.78,2022-23 -> 2024-25,CAVEAT: items differ across years but map to a constant competency framework. Item-level year comparisons mix learning and instrument change; competency-level comparisons are more defensible (still assume similar difficulty within competency). Prefer rankings and competency-level statements across years.
Tumakuru,B0091 madhugiri,C0353 chinnenahally,213009173 chinnenahalli,80.0,76.0,2,58.45,25.0,139,-21.55,-51.0,-10.78,2022-23 -> 2024-25,CAVEAT: items differ across years but map to a constant competency framework. Item-level year comparisons mix learning and instrument change; competency-level comparisons are more defensible (still assume similar difficulty within competency). Prefer rankings and competency-level statements across years.
Chamarajanagara,B0027 chamarajanagar,C1261 nagavalli,3098 jyothigowdanapura,59.39,33.5,98,37.91,0.0,98,-21.48,-33.5,-10.74,2022-23 -> 2024-25,CAVEAT: items differ across years but map to a constant competency framework. Item-level year comparisons mix learning and instrument change; competency-level comparisons are more defensible (still assume similar difficulty within competency). Prefer rankings and competency-level statements across years.
Chitradurga,B0035 chitradurga,C0226 bharamasagara,1275 bharmasagara,50.14,10.0,210,28.67,1.0,143,-21.47,-9.0,-10.74,2022-23 -> 2024-25,CAVEAT: items differ across years but map to a constant competency framework. Item-level year comparisons mix learning and instrument change; competency-level comparisons are more defensible (still assume similar difficulty within competency). Prefer rankings and competency-level statements across years.
Vijayanagara,B0051 hadagali,C0680 holalu,1745 dasanahalli,51.42,15.0,123,29.97,0.0,159,-21.45,-15.0,-10.72,2022-23 -> 2024-25,CAVEAT: items differ across years but map to a constant competency framework. Item-level year comparisons mix learning and instrument change; competency-level comparisons are more defensible (still assume similar difficulty within competency). Prefer rankings and competency-level statements across years.
Davanagere,B0062 honnali,C0192 belaguthi,3498 katthige,58.28,8.0,67,36.85,0.0,54,-21.43,-8.0,-10.72,2022-23 -> 2024-25,CAVEAT: items differ across years but map to a constant competency framework. Item-level year comparisons mix learning and instrument change; competency-level comparisons are more defensible (still assume similar difficulty within competency). Prefer rankings and competency-level statements across years.
Chikkaballapura,B0030 chikkaballapur,C0982 kondenahalli,3743 kondenahalli,63.09,25.0,68,41.67,0.0,60,-21.42,-25.0,-10.71,2022-23 -> 2024-25,CAVEAT: items differ across years but map to a constant competency framework. Item-level year comparisons mix learning and instrument change; competency-level comparisons are more defensible (still assume similar difficulty within competency). Prefer rankings and competency-level statements across years.
Ramanagara,B0112 ramanagara,C0279 byramangala,1307 bhyramangala,92.21,81.5,34,70.79,35.0,63,-21.42,-46.5,-10.71,2022-23 -> 2024-25,CAVEAT: items differ across years but map to a constant competency framework. Item-level year comparisons mix learning and instrument change; competency-level comparisons are more defensible (still assume similar difficulty within competency). Prefer rankings and competency-level statements across years.
Bidar,B0015 basavakalyan,C1382 rajeshwar,5059 rajeshwar,39.16,5.0,95,17.77,0.0,132,-21.39,-5.0,-10.7,2022-23 -> 2024-25,CAVEAT: items differ across years but map to a constant competency framework. Item-level year comparisons mix learning and instrument change; competency-level comparisons are more defensible (still assume similar difficulty within competency). Prefer rankings and competency-level statements across years.
Raichur,B0126 sindhanur,C0119 badarli,2545 hedaginal,67.05,35.0,73,45.7,15.0,86,-21.35,-20.0,-10.68,2022-23 -> 2024-25,CAVEAT: items differ across years but map to a constant competency framework. Item-level year comparisons mix learning and instrument change; competency-level comparisons are more defensible (still assume similar difficulty within competency). Prefer rankings and competency-level statements across years.
Chikkaballapura,B0124 sidlaghatta,C1181 melur,2407 handiganala,76.34,55.0,71,55.0,20.0,75,-21.34,-35.0,-10.67,2022-23 -> 2024-25,CAVEAT: items differ across years but map to a constant competency framework. Item-level year comparisons mix learning and instrument change; competency-level comparisons are more defensible (still assume similar difficulty within competency). Prefer rankings and competency-level statements across years.
Tumakuru,B0031 chiknayakanhalli,C1163 mathighatta,4361 mathigatta,90.68,80.0,125,69.34,35.0,128,-21.34,-45.0,-10.67,2022-23 -> 2024-25,CAVEAT: items differ across years but map to a constant competency framework. Item-level year comparisons mix learning and instrument change; competency-level comparisons are more defensible (still assume similar difficulty within competency). Prefer rankings and competency-level statements across years.
Ballari,B0117 sandur,C1610 thoranagal,5747 thoranagallu,58.98,25.5,132,37.66,5.0,342,-21.32,-20.5,-10.66,2022-23 -> 2024-25,CAVEAT: items differ across years but map to a constant competency framework. Item-level year comparisons mix learning and instrument change; competency-level comparisons are more defensible (still assume similar difficulty within competency). Prefer rankings and competency-level statements across years.
Ramanagara,B0077 kanakapura,C0640 hegganuru,5928 uyyamballi,54.71,15.0,51,33.4,5.0,128,-21.31,-10.0,-10.66,2022-23 -> 2024-25,CAVEAT: items differ across years but map to a constant competency framework. Item-level year comparisons mix learning and instrument change; competency-level comparisons are more defensible (still assume similar difficulty within competency). Prefer rankings and competency-level statements across years.
Chamarajanagara,B0027 chamarajanagar,C0078 arakala vadi,6102 yaraganahalli,64.53,35.0,43,43.3,7.5,56,-21.23,-27.5,-10.62,2022-23 -> 2024-25,CAVEAT: items differ across years but map to a constant competency framework. Item-level year comparisons mix learning and instrument change; competency-level comparisons are more defensible (still assume similar difficulty within competency). Prefer rankings and competency-level statements across years.
Mandya,B0103 nagamangala,C1303 nelligere,4800 nelligere,82.62,65.0,86,61.4,25.0,93,-21.22,-40.0,-10.61,2022-23 -> 2024-25,CAVEAT: items differ across years but map to a constant competency framework. Item-level year comparisons mix learning and instrument change; competency-level comparisons are more defensible (still assume similar difficulty within competency). Prefer rankings and competency-level statements across years.
Vijayanagara,B0055 harapanahalli,C1089 madihalli,683 anajigere,54.97,10.0,153,33.78,0.0,164,-21.19,-10.0,-10.6,2022-23 -> 2024-25,CAVEAT: items differ across years but map to a constant competency framework. Item-level year comparisons mix learning and instrument change; competency-level comparisons are more defensible (still assume similar difficulty within competency). Prefer rankings and competency-level statements across years.
Haveri,B0058 hirekerur,C0658 hirekabbar,6562 hallur,66.33,25.0,139,45.22,10.0,182,-21.11,-15.0,-10.56,2022-23 -> 2024-25,CAVEAT: items differ across years but map to a constant competency framework. Item-level year comparisons mix learning and instrument change; competency-level comparisons are more defensible (still assume similar difficulty within competency). Prefer rankings and competency-level statements across years.
Gadag,B0115 ron,C0507 gogeri,2111 gogeri,51.47,10.0,146,30.37,0.0,258,-21.1,-10.0,-10.55,2022-23 -> 2024-25,CAVEAT: items differ across years but map to a constant competency framework. Item-level year comparisons mix learning and instrument change; competency-level comparisons are more defensible (still assume similar difficulty within competency). Prefer rankings and competency-level statements across years.
Koppal,B0081 koppal,C0941 kinnal(bhagyanagar),4096 madhinur,63.52,30.0,64,42.44,5.0,84,-21.08,-25.0,-10.54,2022-23 -> 2024-25,CAVEAT: items differ across years but map to a constant competency framework. Item-level year comparisons mix learning and instrument change; competency-level comparisons are more defensible (still assume similar difficulty within competency). Prefer rankings and competency-level statements across years.
Gadag,B0115 ron,C0682 holealur,2862 hunagundi,55.26,30.0,117,34.18,5.0,91,-21.08,-25.0,-10.54,2022-23 -> 2024-25,CAVEAT: items differ across years but map to a constant competency framework. Item-level year comparisons mix learning and instrument change; competency-level comparisons are more defensible (still assume similar difficulty within competency). Prefer rankings and competency-level statements across years.
Chamarajanagara,B0027 chamarajanagar,C0612 harave,2462 harave,65.22,34.0,45,44.15,15.0,47,-21.07,-19.0,-10.54,2022-23 -> 2024-25,CAVEAT: items differ across years but map to a constant competency framework. Item-level year comparisons mix learning and instrument change; competency-level comparisons are more defensible (still assume similar difficulty within competency). Prefer rankings and competency-level statements across years.
Dharwad,B0106 navalgund,C1482 shelwadi,5301 shalavadi,48.24,10.0,139,27.2,0.0,91,-21.04,-10.0,-10.52,2022-23 -> 2024-25,CAVEAT: items differ across years but map to a constant competency framework. Item-level year comparisons mix learning and instrument change; competency-level comparisons are more defensible (still assume similar difficulty within competency). Prefer rankings and competency-level statements across years.
Yadgir,B0141 yadgir,C1394 ramsamudra,5089 ramsamudra,74.93,53.0,67,53.89,20.0,81,-21.04,-33.0,-10.52,2022-23 -> 2024-25,CAVEAT: items differ across years but map to a constant competency framework. Item-level year comparisons mix learning and instrument change; competency-level comparisons are more defensible (still assume similar difficulty within competency). Prefer rankings and competency-level statements across years.
Vijayanagara,B0051 hadagali,C0561 hagaranooru,3113 k ayyanahalli,47.63,15.0,76,26.64,0.0,107,-20.99,-15.0,-10.5,2022-23 -> 2024-25,CAVEAT: items differ across years but map to a constant competency framework. Item-level year comparisons mix learning and instrument change; competency-level comparisons are more defensible (still assume similar difficulty within competency). Prefer rankings and competency-level statements across years.
Raichur,B0039 devadurga,C1546 sunkeswarahal,6202 shavanthagera,55.96,30.0,47,35.0,0.0,66,-20.96,-30.0,-10.48,2022-23 -> 2024-25,CAVEAT: items differ across years but map to a constant competency framework. Item-level year comparisons mix learning and instrument change; competency-level comparisons are more defensible (still assume similar difficulty within competency). Prefer rankings and competency-level statements across years.
Vijayanagara,B0084 kudligi,"C1639 ujjini, for girls",4862 nimbalagere,56.05,20.0,129,35.09,5.0,170,-20.96,-15.0,-10.48,2022-23 -> 2024-25,CAVEAT: items differ across years but map to a constant competency framework. Item-level year comparisons mix learning and instrument change; competency-level comparisons are more defensible (still assume similar difficulty within competency). Prefer rankings and competency-level statements across years.
Kodagu,B0140 virajpet,C0053 ammathi vantiangadi,2367 halugunda,81.1,55.0,68,60.17,28.5,58,-20.93,-26.5,-10.46,2022-23 -> 2024-25,CAVEAT: items differ across years but map to a constant competency framework. Item-level year comparisons mix learning and instrument change; competency-level comparisons are more defensible (still assume similar difficulty within competency). Prefer rankings and competency-level statements across years.
Vijayanagara,B0051 hadagali,C1517 sogi,6406 nandihalli,69.8,45.0,75,48.9,20.0,73,-20.9,-25.0,-10.45,2022-23 -> 2024-25,CAVEAT: items differ across years but map to a constant competency framework. Item-level year comparisons mix learning and instrument change; competency-level comparisons are more defensible (still assume similar difficulty within competency). Prefer rankings and competency-level statements across years.
Kodagu,B0140 virajpet,C1364 polibetta,5004 polibetta,59.67,25.0,60,38.78,12.0,45,-20.89,-13.0,-10.44,2022-23 -> 2024-25,CAVEAT: items differ across years but map to a constant competency framework. Item-level year comparisons mix learning and instrument change; competency-level comparisons are more defensible (still assume similar difficulty within competency). Prefer rankings and competency-level statements across years.
Tumakuru,B0127 sira,C1081 madalooru,4067 madaluru,63.98,35.0,127,43.13,10.0,142,-20.85,-25.0,-10.42,2022-23 -> 2024-25,CAVEAT: items differ across years but map to a constant competency framework. Item-level year comparisons mix learning and instrument change; competency-level comparisons are more defensible (still assume similar difficulty within competency). Prefer rankings and competency-level statements across years.
Vijayanagara,B0055 harapanahalli,C0086 arasikere,5755 thouduru,52.7,15.0,217,31.86,0.0,236,-20.84,-15.0,-10.42,2022-23 -> 2024-25,CAVEAT: items differ across years but map to a constant competency framework. Item-level year comparisons mix learning and instrument change; competency-level comparisons are more defensible (still assume similar difficulty within competency). Prefer rankings and competency-level statements across years.
Mandya,B0103 nagamangala,C0693 honnavara,6466 honnavara,75.38,55.0,104,54.55,13.0,77,-20.83,-42.0,-10.42,2022-23 -> 2024-25,CAVEAT: items differ across years but map to a constant competency framework. Item-level year comparisons mix learning and instrument change; competency-level comparisons are more defensible (still assume similar difficulty within competency). Prefer rankings and competency-level statements across years.
Kalaburagi,B0119 sedam,C1082 madana,4071 madana,47.96,15.0,164,27.13,5.0,141,-20.83,-10.0,-10.42,2022-23 -> 2024-25,CAVEAT: items differ across years but map to a constant competency framework. Item-level year comparisons mix learning and instrument change; competency-level comparisons are more defensible (still assume similar difficulty within competency). Prefer rankings and competency-level statements across years.
Kalaburagi,B0048 gulbarga north,C0442 dongargaon,1941 dongargoan,47.55,8.5,98,26.79,0.0,81,-20.76,-8.5,-10.38,2022-23 -> 2024-25,CAVEAT: items differ across years but map to a constant competency framework. Item-level year comparisons mix learning and instrument change; competency-level comparisons are more defensible (still assume similar difficulty within competency). Prefer rankings and competency-level statements across years.
Bagalkote,B0021 bilagi,C1501 siddapur,4654 nagaral,69.87,40.0,156,49.16,7.0,225,-20.71,-33.0,-10.36,2022-23 -> 2024-25,CAVEAT: items differ across years but map to a constant competency framework. Item-level year comparisons mix learning and instrument change; competency-level comparisons are more defensible (still assume similar difficulty within competency). Prefer rankings and competency-level statements across years.
Hassan,B0018 belur,C0958 kogodu,2887 hunuganahally,75.95,60.0,21,55.25,35.0,61,-20.7,-25.0,-10.35,2022-23 -> 2024-25,CAVEAT: items differ across years but map to a constant competency framework. Item-level year comparisons mix learning and instrument change; competency-level comparisons are more defensible (still assume similar difficulty within competency). Prefer rankings and competency-level statements across years.
Vijayanagara,B0065 hosapete,C0344 chilakana hatti,1624 chilakanahatti,53.56,16.0,163,32.95,0.0,375,-20.61,-16.0,-10.3,2022-23 -> 2024-25,CAVEAT: items differ across years but map to a constant competency framework. Item-level year comparisons mix learning and instrument change; competency-level comparisons are more defensible (still assume similar difficulty within competency). Prefer rankings and competency-level statements across years.
Gadag,B0043 gadag rural,C1724 yalishirur,6078 yalishirur,66.17,30.0,145,45.57,10.0,290,-20.6,-20.0,-10.3,2022-23 -> 2024-25,CAVEAT: items differ across years but map to a constant competency framework. Item-level year comparisons mix learning and instrument change; competency-level comparisons are more defensible (still assume similar difficulty within competency). Prefer rankings and competency-level statements across years.
Chitradurga,B0035 chitradurga,C0459 esamudra,1988 esamudra,51.37,15.0,131,30.77,0.0,163,-20.6,-15.0,-10.3,2022-23 -> 2024-25,CAVEAT: items differ across years but map to a constant competency framework. Item-level year comparisons mix learning and instrument change; competency-level comparisons are more defensible (still assume similar difficulty within competency). Prefer rankings and competency-level statements across years.
Kodagu,B0140 virajpet,C0840 kakotu parambu,3228 kakotuparambu,79.7,61.0,33,59.11,13.5,28,-20.59,-47.5,-10.3,2022-23 -> 2024-25,CAVEAT: items differ across years but map to a constant competency framework. Item-level year comparisons mix learning and instrument change; competency-level comparisons are more defensible (still assume similar difficulty within competency). Prefer rankings and competency-level statements across years.
Tumakuru,B0135 tiptur,C0531 gudigondanahalli,2205 gudigondanahalli,75.62,50.0,89,55.05,20.0,101,-20.57,-30.0,-10.28,2022-23 -> 2024-25,CAVEAT: items differ across years but map to a constant competency framework. Item-level year comparisons mix learning and instrument change; competency-level comparisons are more defensible (still assume similar difficulty within competency). Prefer rankings and competency-level statements across years.
Vijayanagara,B0055 harapanahalli,C0321 chigateri,1554 chigateri,52.14,15.0,124,31.59,5.0,145,-20.55,-10.0,-10.28,2022-23 -> 2024-25,CAVEAT: items differ across years but map to a constant competency framework. Item-level year comparisons mix learning and instrument change; competency-level comparisons are more defensible (still assume similar difficulty within competency). Prefer rankings and competency-level statements across years.
Yadgir,B0123 shorapur,C1145 maranal,4296 maranal,65.75,30.0,173,45.21,10.0,218,-20.54,-20.0,-10.27,2022-23 -> 2024-25,CAVEAT: items differ across years but map to a constant competency framework. Item-level year comparisons mix learning and instrument change; competency-level comparisons are more defensible (still assume similar difficulty within competency). Prefer rankings and competency-level statements across years.
Ramanagara,B0077 kanakapura,C0816 kabbal,3135 kabbalu,81.93,62.5,96,61.39,25.0,90,-20.54,-37.5,-10.27,2022-23 -> 2024-25,CAVEAT: items differ across years but map to a constant competency framework. Item-level year comparisons mix learning and instrument change; competency-level comparisons are more defensible (still assume similar difficulty within competency). Prefer rankings and competency-level statements across years.
Chitradurga,B0059 hiriyur,C0017 adivala,527 adivala,57.34,20.0,218,36.83,5.0,199,-20.51,-15.0,-10.26,2022-23 -> 2024-25,CAVEAT: items differ across years but map to a constant competency framework. Item-level year comparisons mix learning and instrument change; competency-level comparisons are more defensible (still assume similar difficulty within competency). Prefer rankings and competency-level statements across years.
Mandya,B0109 pandavapura,C1346 pandava pura,1574 chikkade,86.19,75.0,42,65.71,35.0,63,-20.48,-40.0,-10.24,2022-23 -> 2024-25,CAVEAT: items differ across years but map to a constant competency framework. Item-level year comparisons mix learning and instrument change; competency-level comparisons are more defensible (still assume similar difficulty within competency). Prefer rankings and competency-level statements across years.
Koppal,B0044 gangavathi,C0064 anegundi,5192 sanapur,57.66,19.0,109,37.19,10.0,80,-20.47,-9.0,-10.23,2022-23 -> 2024-25,CAVEAT: items differ across years but map to a constant competency framework. Item-level year comparisons mix learning and instrument change; competency-level comparisons are more defensible (still assume similar difficulty within competency). Prefer rankings and competency-level statements across years.
Tumakuru,B0087 kunigal,C0923 kempanahalli,6493 kempanahalli,78.06,50.0,103,57.59,25.0,56,-20.47,-25.0,-10.23,2022-23 -> 2024-25,CAVEAT: items differ across years but map to a constant competency framework. Item-level year comparisons mix learning and instrument change; competency-level comparisons are more defensible (still assume similar difficulty within competency). Prefer rankings and competency-level statements across years.
Bengaluru Rural,B0064 hosakote,C0766 jadigenahalli,3585 khaji hosahalli,57.8,20.0,84,37.33,5.0,60,-20.47,-15.0,-10.23,2022-23 -> 2024-25,CAVEAT: items differ across years but map to a constant competency framework. Item-level year comparisons mix learning and instrument change; competency-level comparisons are more defensible (still assume similar difficulty within competency). Prefer rankings and competency-level statements across years.
Raichur,B0111 raichur,C0318 chicksugur,1550 chickasuguru,55.99,20.0,136,35.56,5.0,108,-20.43,-15.0,-10.22,2022-23 -> 2024-25,CAVEAT: items differ across years but map to a constant competency framework. Item-level year comparisons mix learning and instrument change; competency-level comparisons are more defensible (still assume similar difficulty within competency). Prefer rankings and competency-level statements across years.
Vijayanagara,B0084 kudligi,C0297 chandrasekhara pura,1194 belligatti,44.09,10.0,175,23.66,0.0,179,-20.43,-10.0,-10.22,2022-23 -> 2024-25,CAVEAT: items differ across years but map to a constant competency framework. Item-level year comparisons mix learning and instrument change; competency-level comparisons are more defensible (still assume similar difficulty within competency). Prefer rankings and competency-level statements across years.
Bagalkote,B0069 hunagund,C0644 heremagi,1665 chittaragi,66.34,33.0,97,45.94,10.0,143,-20.4,-23.0,-10.2,2022-23 -> 2024-25,CAVEAT: items differ across years but map to a constant competency framework. Item-level year comparisons mix learning and instrument change; competency-level comparisons are more defensible (still assume similar difficulty within competency). Prefer rankings and competency-level statements across years.
Chamarajanagara,B0080 kollegala,C1222 mulluru,5603 tagarapura,83.72,65.0,156,63.32,35.0,149,-20.4,-30.0,-10.2,2022-23 -> 2024-25,CAVEAT: items differ across years but map to a constant competency framework. Item-level year comparisons mix learning and instrument change; competency-level comparisons are more defensible (still assume similar difficulty within competency). Prefer rankings and competency-level statements across years.
Koppal,B0044 gangavathi,C1234 musalapur,4580 musalapura,72.94,50.0,124,52.57,10.0,187,-20.37,-40.0,-10.19,2022-23 -> 2024-25,CAVEAT: items differ across years but map to a constant competency framework. Item-level year comparisons mix learning and instrument change; competency-level comparisons are more defensible (still assume similar difficulty within competency). Prefer rankings and competency-level statements across years.
Bidar,B0068 humnabad,C0298 changlera,1502 changlera,82.22,65.0,169,61.92,35.0,177,-20.3,-30.0,-10.15,2022-23 -> 2024-25,CAVEAT: items differ across years but map to a constant competency framework. Item-level year comparisons mix learning and instrument change; competency-level comparisons are more defensible (still assume similar difficulty within competency). Prefer rankings and competency-level statements across years.
Haveri,B0118 savanur,C1487 shirabadagi,1627 chillurbadni,67.15,40.0,156,46.86,10.0,191,-20.29,-30.0,-10.15,2022-23 -> 2024-25,CAVEAT: items differ across years but map to a constant competency framework. Item-level year comparisons mix learning and instrument change; competency-level comparisons are more defensible (still assume similar difficulty within competency). Prefer rankings and competency-level statements across years.
Chitradurga,B0026 challakere,C1177 meerasabeehalli,1507 channammanagathihalli,49.14,10.0,162,28.85,0.0,152,-20.29,-10.0,-10.15,2022-23 -> 2024-25,CAVEAT: items differ across years but map to a constant competency framework. Item-level year comparisons mix learning and instrument change; competency-level comparisons are more defensible (still assume similar difficulty within competency). Prefer rankings and competency-level statements across years.
Kalaburagi,B0036 chittapur,C1363 pethsiroor,4336 martur,39.03,5.0,165,18.81,0.0,159,-20.22,-5.0,-10.11,2022-23 -> 2024-25,CAVEAT: items differ across years but map to a constant competency framework. Item-level year comparisons mix learning and instrument change; competency-level comparisons are more defensible (still assume similar difficulty within competency). Prefer rankings and competency-level statements across years.
Kalaburagi,B0033 chincholi,C1311 nidgunda,4841 nidgunda,40.34,10.0,132,20.14,0.0,107,-20.2,-10.0,-10.1,2022-23 -> 2024-25,CAVEAT: items differ across years but map to a constant competency framework. Item-level year comparisons mix learning and instrument change; competency-level comparisons are more defensible (still assume similar difficulty within competency). Prefer rankings and competency-level statements across years.
Hassan,B0116 sakaleshapura,C0919 kelagalale,1361 biradahalli,70.77,40.0,39,50.62,14.5,40,-20.15,-25.5,-10.08,2022-23 -> 2024-25,CAVEAT: items differ across years but map to a constant competency framework. Item-level year comparisons mix learning and instrument change; competency-level comparisons are more defensible (still assume similar difficulty within competency). Prefer rankings and competency-level statements across years.
Mandya,B0090 maddur,C0212 besagara hally,1231 besagara hally,68.19,25.0,91,48.04,15.0,120,-20.15,-10.0,-10.08,2022-23 -> 2024-25,CAVEAT: items differ across years but map to a constant competency framework. Item-level year comparisons mix learning and instrument change; competency-level comparisons are more defensible (still assume similar difficulty within competency). Prefer rankings and competency-level statements across years.
Bengaluru Rural,B0064 hosakote,C0210 bendiganahalli,2983 ittasandra,74.62,37.0,65,54.53,15.0,85,-20.09,-22.0,-10.04,2022-23 -> 2024-25,CAVEAT: items differ across years but map to a constant competency framework. Item-level year comparisons mix learning and instrument change; competency-level comparisons are more defensible (still assume similar difficulty within competency). Prefer rankings and competency-level statements across years.
Chitradurga,B0026 challakere,C1349 parashurampura,4961 parashurampura,53.5,11.5,204,33.43,0.0,258,-20.07,-11.5,-10.04,2022-23 -> 2024-25,CAVEAT: items differ across years but map to a constant competency framework. Item-level year comparisons mix learning and instrument change; competency-level comparisons are more defensible (still assume similar difficulty within competency). Prefer rankings and competency-level statements across years.
Bidar,B0019 bhalki,C0229 bhatsangvi,4433 methimelkunda,63.4,28.5,78,43.47,5.0,59,-19.93,-23.5,-9.96,2022-23 -> 2024-25,CAVEAT: items differ across years but map to a constant competency framework. Item-level year comparisons mix learning and instrument change; competency-level comparisons are more defensible (still assume similar difficulty within competency). Prefer rankings and competency-level statements across years.
Mandya,B0103 nagamangala,C1244 mylarapattana,2440 haradana hally,77.9,50.0,112,57.99,23.0,127,-19.91,-27.0,-9.96,2022-23 -> 2024-25,CAVEAT: items differ across years but map to a constant competency framework. Item-level year comparisons mix learning and instrument change; competency-level comparisons are more defensible (still assume similar difficulty within competency). Prefer rankings and competency-level statements across years.
Yadgir,B0123 shorapur,C1108 malla (b),6066 yalagi,62.21,20.0,149,42.35,5.0,200,-19.86,-15.0,-9.93,2022-23 -> 2024-25,CAVEAT: items differ across years but map to a constant competency framework. Item-level year comparisons mix learning and instrument change; competency-level comparisons are more defensible (still assume similar difficulty within competency). Prefer rankings and competency-level statements across years.
Ballari,B0013 ballari west,C0856 kallukamba,3287 kallukamba,47.19,15.0,137,27.34,0.0,252,-19.85,-15.0,-9.92,2022-23 -> 2024-25,CAVEAT: items differ across years but map to a constant competency framework. Item-level year comparisons mix learning and instrument change; competency-level comparisons are more defensible (still assume similar difficulty within competency). Prefer rankings and competency-level statements across years.
Dharwad,B0066 hubli,C0082 aralikatti,6259 b.aralikatti,59.55,20.0,101,39.7,5.0,117,-19.85,-15.0,-9.92,2022-23 -> 2024-25,CAVEAT: items differ across years but map to a constant competency framework. Item-level year comparisons mix learning and instrument change; competency-level comparisons are more defensible (still assume similar difficulty within competency). Prefer rankings and competency-level statements across years.
Bidar,B0068 humnabad,C1515 sitalgera,5442 sitalgera,69.72,39.5,90,49.89,15.0,88,-19.83,-24.5,-9.92,2022-23 -> 2024-25,CAVEAT: items differ across years but map to a constant competency framework. Item-level year comparisons mix learning and instrument change; competency-level comparisons are more defensible (still assume similar difficulty within competency). Prefer rankings and competency-level statements across years.
Vijayanagara,B0051 hadagali,C0561 hagaranooru,2304 hagaranoor,54.46,10.0,111,34.64,5.0,168,-19.82,-5.0,-9.91,2022-23 -> 2024-25,CAVEAT: items differ across years but map to a constant competency framework. Item-level year comparisons mix learning and instrument change; competency-level comparisons are more defensible (still assume similar difficulty within competency). Prefer rankings and competency-level statements across years.
Yadgir,B0120 shahapur,C1492 shirwal,5370 shirwal,68.64,40.0,107,48.83,0.0,183,-19.81,-40.0,-9.9,2022-23 -> 2024-25,CAVEAT: items differ across years but map to a constant competency framework. Item-level year comparisons mix learning and instrument change; competency-level comparisons are more defensible (still assume similar difficulty within competency). Prefer rankings and competency-level statements across years.
Mandya,B0132 srirangapatna,C1094 mahadevapura,4124 mahadevapura,62.7,40.0,139,42.91,0.0,86,-19.79,-40.0,-9.9,2022-23 -> 2024-25,CAVEAT: items differ across years but map to a constant competency framework. Item-level year comparisons mix learning and instrument change; competency-level comparisons are more defensible (still assume similar difficulty within competency). Prefer rankings and competency-level statements across years.
Tumakuru,B0137 turuvekere,C1063 lokkammana halli,4023 lokammanahalli,82.01,60.0,77,62.25,20.0,91,-19.76,-40.0,-9.88,2022-23 -> 2024-25,CAVEAT: items differ across years but map to a constant competency framework. Item-level year comparisons mix learning and instrument change; competency-level comparisons are more defensible (still assume similar difficulty within competency). Prefer rankings and competency-level statements across years.
Raichur,B0111 raichur,C1731 yaragera,6661 jambaladinni,61.7,20.0,44,41.94,10.0,67,-19.76,-10.0,-9.88,2022-23 -> 2024-25,CAVEAT: items differ across years but map to a constant competency framework. Item-level year comparisons mix learning and instrument change; competency-level comparisons are more defensible (still assume similar difficulty within competency). Prefer rankings and competency-level statements across years.
Mandya,B0103 nagamangala,C0687 honakere,2733 honakere,69.31,50.0,58,49.63,5.0,54,-19.68,-45.0,-9.84,2022-23 -> 2024-25,CAVEAT: items differ across years but map to a constant competency framework. Item-level year comparisons mix learning and instrument change; competency-level comparisons are more defensible (still assume similar difficulty within competency). Prefer rankings and competency-level statements across years.
Mandya,B0132 srirangapatna,C0482 ganangooru,3128 k.shettahally,78.79,60.0,70,59.14,10.0,70,-19.65,-50.0,-9.82,2022-23 -> 2024-25,CAVEAT: items differ across years but map to a constant competency framework. Item-level year comparisons mix learning and instrument change; competency-level comparisons are more defensible (still assume similar difficulty within competency). Prefer rankings and competency-level statements across years.
Vijayanagara,B0084 kudligi,C1094 mahadevapura,749 appayyanahalli,50.56,7.0,135,30.94,0.0,133,-19.62,-7.0,-9.81,2022-23 -> 2024-25,CAVEAT: items differ across years but map to a constant competency framework. Item-level year comparisons mix learning and instrument change; competency-level comparisons are more defensible (still assume similar difficulty within competency). Prefer rankings and competency-level statements across years.
Koppal,B0088 kustagi,C0717 hulgeri,3482 katapura,51.23,12.5,106,31.64,0.0,168,-19.59,-12.5,-9.8,2022-23 -> 2024-25,CAVEAT: items differ across years but map to a constant competency framework. Item-level year comparisons mix learning and instrument change; competency-level comparisons are more defensible (still assume similar difficulty within competency). Prefer rankings and competency-level statements across years.
Tumakuru,B0137 turuvekere,C0673 hittala koppa,4254 manichenduru,76.28,49.0,109,56.71,17.5,76,-19.57,-31.5,-9.78,2022-23 -> 2024-25,CAVEAT: items differ across years but map to a constant competency framework. Item-level year comparisons mix learning and instrument change; competency-level comparisons are more defensible (still assume similar difficulty within competency). Prefer rankings and competency-level statements across years.
Kalaburagi,B0002 aland,C1161 mataki,3614 kinnisultan,53.36,15.0,134,33.8,0.0,154,-19.56,-15.0,-9.78,2022-23 -> 2024-25,CAVEAT: items differ across years but map to a constant competency framework. Item-level year comparisons mix learning and instrument change; competency-level comparisons are more defensible (still assume similar difficulty within competency). Prefer rankings and competency-level statements across years.
Koppal,B0088 kustagi,C0717 hulgeri,6181 antaratana,60.83,30.0,151,41.29,10.0,132,-19.54,-20.0,-9.77,2022-23 -> 2024-25,CAVEAT: items differ across years but map to a constant competency framework. Item-level year comparisons mix learning and instrument change; competency-level comparisons are more defensible (still assume similar difficulty within competency). Prefer rankings and competency-level statements across years.
Hassan,B0018 belur,C0248 bikkodu,1336 bikkodu,66.82,55.0,44,47.33,15.0,45,-19.49,-40.0,-9.74,2022-23 -> 2024-25,CAVEAT: items differ across years but map to a constant competency framework. Item-level year comparisons mix learning and instrument change; competency-level comparisons are more defensible (still assume similar difficulty within competency). Prefer rankings and competency-level statements across years.
Koppal,B0044 gangavathi,C0930 kesarahatti,2596 heruru,50.75,10.0,120,31.26,0.0,195,-19.49,-10.0,-9.74,2022-23 -> 2024-25,CAVEAT: items differ across years but map to a constant competency framework. Item-level year comparisons mix learning and instrument change; competency-level comparisons are more defensible (still assume similar difficulty within competency). Prefer rankings and competency-level statements across years.
Mandya,B0109 pandavapura,C0328 chikkabyadarahalli,3333 kanagana maradi,81.13,70.0,53,61.65,25.0,91,-19.48,-45.0,-9.74,2022-23 -> 2024-25,CAVEAT: items differ across years but map to a constant competency framework. Item-level year comparisons mix learning and instrument change; competency-level comparisons are more defensible (still assume similar difficulty within competency). Prefer rankings and competency-level statements across years.
Vijayanagara,B0065 hosapete,C1101 malapana gudi,2378 hampi,53.48,24.0,79,34.01,0.0,156,-19.47,-24.0,-9.73,2022-23 -> 2024-25,CAVEAT: items differ across years but map to a constant competency framework. Item-level year comparisons mix learning and instrument change; competency-level comparisons are more defensible (still assume similar difficulty within competency). Prefer rankings and competency-level statements across years.
Koppal,B0143 yelburga,C0215 bevoor,4567 murade,53.49,20.0,106,34.03,0.0,221,-19.46,-20.0,-9.73,2022-23 -> 2024-25,CAVEAT: items differ across years but map to a constant competency framework. Item-level year comparisons mix learning and instrument change; competency-level comparisons are more defensible (still assume similar difficulty within competency). Prefer rankings and competency-level statements across years.
Kalaburagi,B0049 gulbarga south,C0230 bheemalli,1289 bhimalli,54.95,12.5,96,35.5,9.0,109,-19.45,-3.5,-9.73,2022-23 -> 2024-25,CAVEAT: items differ across years but map to a constant competency framework. Item-level year comparisons mix learning and instrument change; competency-level comparisons are more defensible (still assume similar difficulty within competency). Prefer rankings and competency-level statements across years.
Bagalkote,B0021 bilagi,C0884 kandagal,2101 girisagar,75.75,55.0,120,56.3,10.0,185,-19.45,-45.0,-9.73,2022-23 -> 2024-25,CAVEAT: items differ across years but map to a constant competency framework. Item-level year comparisons mix learning and instrument change; competency-level comparisons are more defensible (still assume similar difficulty within competency). Prefer rankings and competency-level statements across years.
Chamarajanagara,B0027 chamarajanagar,C1125 mangala,6264 mangala,56.72,15.0,116,37.36,5.0,104,-19.36,-10.0,-9.68,2022-23 -> 2024-25,CAVEAT: items differ across years but map to a constant competency framework. Item-level year comparisons mix learning and instrument change; competency-level comparisons are more defensible (still assume similar difficulty within competency). Prefer rankings and competency-level statements across years.
Kalaburagi,B0049 gulbarga south,C0689 honna kiranagi,1996 firozabad,53.26,10.0,132,33.9,10.0,123,-19.36,0.0,-9.68,2022-23 -> 2024-25,CAVEAT: items differ across years but map to a constant competency framework. Item-level year comparisons mix learning and instrument change; competency-level comparisons are more defensible (still assume similar difficulty within competency). Prefer rankings and competency-level statements across years.
Tumakuru,B0046 gubbi,C0983 kondli,3746 kondli,83.72,65.0,113,64.36,25.0,109,-19.36,-40.0,-9.68,2022-23 -> 2024-25,CAVEAT: items differ across years but map to a constant competency framework. Item-level year comparisons mix learning and instrument change; competency-level comparisons are more defensible (still assume similar difficulty within competency). Prefer rankings and competency-level statements across years.
Kolar,B0131 srinivasapur,C0524 gownipalli,2177 gownipalli,44.14,10.0,145,24.79,0.0,48,-19.35,-10.0,-9.68,2022-23 -> 2024-25,CAVEAT: items differ across years but map to a constant competency framework. Item-level year comparisons mix learning and instrument change; competency-level comparisons are more defensible (still assume similar difficulty within competency). Prefer rankings and competency-level statements across years.
Chitradurga,B0059 hiriyur,C0620 harthikote,2063 gannayakanahalli,68.59,30.0,85,49.27,15.0,124,-19.32,-15.0,-9.66,2022-23 -> 2024-25,CAVEAT: items differ across years but map to a constant competency framework. Item-level year comparisons mix learning and instrument change; competency-level comparisons are more defensible (still assume similar difficulty within competency). Prefer rankings and competency-level statements across years.
Bidar,B0007 aurad,C1004 koudgoan,1841 dhupathmahagaon,70.94,45.0,80,51.62,14.0,99,-19.32,-31.0,-9.66,2022-23 -> 2024-25,CAVEAT: items differ across years but map to a constant competency framework. Item-level year comparisons mix learning and instrument change; competency-level comparisons are more defensible (still assume similar difficulty within competency). Prefer rankings and competency-level statements across years.
Ballari,B0128 siruguppa,C0802 k belgal,3116 k.belagallu,34.67,5.0,169,15.4,0.0,260,-19.27,-5.0,-9.64,2022-23 -> 2024-25,CAVEAT: items differ across years but map to a constant competency framework. Item-level year comparisons mix learning and instrument change; competency-level comparisons are more defensible (still assume similar difficulty within competency). Prefer rankings and competency-level statements across years.
Chikkaballapura,B0124 sidlaghatta,C1422 sadali,5146 sadali,61.9,30.0,71,42.69,15.0,91,-19.21,-15.0,-9.6,2022-23 -> 2024-25,CAVEAT: items differ across years but map to a constant competency framework. Item-level year comparisons mix learning and instrument change; competency-level comparisons are more defensible (still assume similar difficulty within competency). Prefer rankings and competency-level statements across years.
Bidar,B0007 aurad,C0354 chintaki,4672 nagmarpalli,78.02,53.5,58,58.82,35.0,51,-19.2,-18.5,-9.6,2022-23 -> 2024-25,CAVEAT: items differ across years but map to a constant competency framework. Item-level year comparisons mix learning and instrument change; competency-level comparisons are more defensible (still assume similar difficulty within competency). Prefer rankings and competency-level statements across years.
Kalaburagi,B0073 jewargi,C0061 andola,1365 biryal 11,56.58,34.5,120,37.42,10.0,184,-19.16,-24.5,-9.58,2022-23 -> 2024-25,CAVEAT: items differ across years but map to a constant competency framework. Item-level year comparisons mix learning and instrument change; competency-level comparisons are more defensible (still assume similar difficulty within competency). Prefer rankings and competency-level statements across years.
Vijayanagara,B0051 hadagali,C0913 kathe bennur,4138 makarabbi,58.75,21.5,44,39.62,10.0,145,-19.13,-11.5,-9.56,2022-23 -> 2024-25,CAVEAT: items differ across years but map to a constant competency framework. Item-level year comparisons mix learning and instrument change; competency-level comparisons are more defensible (still assume similar difficulty within competency). Prefer rankings and competency-level statements across years.
Vijayanagara,B0051 hadagali,C0758 ittigi,4126 mahajanadhahalli,60.98,20.0,133,41.86,5.0,159,-19.12,-15.0,-9.56,2022-23 -> 2024-25,CAVEAT: items differ across years but map to a constant competency framework. Item-level year comparisons mix learning and instrument change; competency-level comparisons are more defensible (still assume similar difficulty within competency). Prefer rankings and competency-level statements across years.
Ballari,B0117 sandur,C0363 chornur,1675 choranuru,84.48,61.5,154,65.41,33.0,147,-19.07,-28.5,-9.54,2022-23 -> 2024-25,CAVEAT: items differ across years but map to a constant competency framework. Item-level year comparisons mix learning and instrument change; competency-level comparisons are more defensible (still assume similar difficulty within competency). Prefer rankings and competency-level statements across years.
Tumakuru,B0137 turuvekere,C0282 bythara hosahalli,1441 byatharahosahalli,82.33,60.0,45,63.28,40.0,58,-19.05,-20.0,-9.52,2022-23 -> 2024-25,CAVEAT: items differ across years but map to a constant competency framework. Item-level year comparisons mix learning and instrument change; competency-level comparisons are more defensible (still assume similar difficulty within competency). Prefer rankings and competency-level statements across years.
Raichur,B0096 manvi,C0661 hirekotnekal,1296 bhoghavati,75.91,60.0,160,56.86,30.0,228,-19.05,-30.0,-9.52,2022-23 -> 2024-25,CAVEAT: items differ across years but map to a constant competency framework. Item-level year comparisons mix learning and instrument change; competency-level comparisons are more defensible (still assume similar difficulty within competency). Prefer rankings and competency-level statements across years.
Gadag,B0043 gadag rural,C0685 hombal,2729 hombal,64.24,33.5,158,45.21,10.0,267,-19.03,-23.5,-9.52,2022-23 -> 2024-25,CAVEAT: items differ across years but map to a constant competency framework. Item-level year comparisons mix learning and instrument change; competency-level comparisons are more defensible (still assume similar difficulty within competency). Prefer rankings and competency-level statements across years.
Davanagere,B0056 harihara,C0392 devara belakere,1790 devara belakere,56.17,20.0,154,37.16,5.0,141,-19.01,-15.0,-9.5,2022-23 -> 2024-25,CAVEAT: items differ across years but map to a constant competency framework. Item-level year comparisons mix learning and instrument change; competency-level comparisons are more defensible (still assume similar difficulty within competency). Prefer rankings and competency-level statements across years.
Koppal,B0044 gangavathi,C0930 kesarahatti,3569 kesarahatti,67.46,35.0,128,48.46,15.0,191,-19.0,-20.0,-9.5,2022-23 -> 2024-25,CAVEAT: items differ across years but map to a constant competency framework. Item-level year comparisons mix learning and instrument change; competency-level comparisons are more defensible (still assume similar difficulty within competency). Prefer rankings and competency-level statements across years.
Ballari,B0013 ballari west,C0856 kallukamba,2282 h.veerapura,42.85,0.0,130,23.88,0.0,249,-18.97,0.0,-9.48,2022-23 -> 2024-25,CAVEAT: items differ across years but map to a constant competency framework. Item-level year comparisons mix learning and instrument change; competency-level comparisons are more defensible (still assume similar difficulty within competency). Prefer rankings and competency-level statements across years.
Ballari,B0117 sandur,C0259 bomma gatta,1384 bommagatta,46.58,5.0,139,27.62,0.0,246,-18.96,-5.0,-9.48,2022-23 -> 2024-25,CAVEAT: items differ across years but map to a constant competency framework. Item-level year comparisons mix learning and instrument change; competency-level comparisons are more defensible (still assume similar difficulty within competency). Prefer rankings and competency-level statements across years.
Tumakuru,B0087 kunigal,C0722 huliyurdurga,2275 h l durga,71.61,34.5,90,52.67,20.0,90,-18.94,-14.5,-9.47,2022-23 -> 2024-25,CAVEAT: items differ across years but map to a constant competency framework. Item-level year comparisons mix learning and instrument change; competency-level comparisons are more defensible (still assume similar difficulty within competency). Prefer rankings and competency-level statements across years.
Kalaburagi,B0001 afzalpur,C0385 deval gangapur,1770 deval ganagapur,49.41,15.0,85,30.52,0.0,105,-18.89,-15.0,-9.44,2022-23 -> 2024-25,CAVEAT: items differ across years but map to a constant competency framework. Item-level year comparisons mix learning and instrument change; competency-level comparisons are more defensible (still assume similar difficulty within competency). Prefer rankings and competency-level statements across years.
Kodagu,B0092 madikeri,C0308 chayyandane,3726 konanjageri,66.57,40.0,35,47.74,20.0,31,-18.83,-20.0,-9.42,2022-23 -> 2024-25,CAVEAT: items differ across years but map to a constant competency framework. Item-level year comparisons mix learning and instrument change; competency-level comparisons are more defensible (still assume similar difficulty within competency). Prefer rankings and competency-level statements across years.
Kalaburagi,B0001 afzalpur,C1536 station gangapur,3674 koganoor,57.47,20.0,172,38.66,3.5,108,-18.81,-16.5,-9.4,2022-23 -> 2024-25,CAVEAT: items differ across years but map to a constant competency framework. Item-level year comparisons mix learning and instrument change; competency-level comparisons are more defensible (still assume similar difficulty within competency). Prefer rankings and competency-level statements across years.
Mandya,B0132 srirangapatna,C0080 arakere,5669 thadagavadi,72.73,42.5,86,53.93,10.0,75,-18.8,-32.5,-9.4,2022-23 -> 2024-25,CAVEAT: items differ across years but map to a constant competency framework. Item-level year comparisons mix learning and instrument change; competency-level comparisons are more defensible (still assume similar difficulty within competency). Prefer rankings and competency-level statements across years.
Koppal,B0044 gangavathi,C0329 chikkadankanakal,3064 jeeral,58.24,25.0,71,39.46,15.0,65,-18.78,-10.0,-9.39,2022-23 -> 2024-25,CAVEAT: items differ across years but map to a constant competency framework. Item-level year comparisons mix learning and instrument change; competency-level comparisons are more defensible (still assume similar difficulty within competency). Prefer rankings and competency-level statements across years.
Koppal,B0088 kustagi,C1207 mudenoor,6210 shiragumpi,55.38,15.0,169,36.61,5.0,127,-18.77,-10.0,-9.38,2022-23 -> 2024-25,CAVEAT: items differ across years but map to a constant competency framework. Item-level year comparisons mix learning and instrument change; competency-level comparisons are more defensible (still assume similar difficulty within competency). Prefer rankings and competency-level statements across years.
Vijayanagara,B0065 hosapete,C1538 suggenahalli,5517 suggenahalli,60.03,25.0,149,41.27,0.0,110,-18.76,-25.0,-9.38,2022-23 -> 2024-25,CAVEAT: items differ across years but map to a constant competency framework. Item-level year comparisons mix learning and instrument change; competency-level comparisons are more defensible (still assume similar difficulty within competency). Prefer rankings and competency-level statements across years.
Tumakuru,B0135 tiptur,C1527 sooguru,943 bajagooru,87.38,70.0,61,68.65,45.0,48,-18.73,-25.0,-9.36,2022-23 -> 2024-25,CAVEAT: items differ across years but map to a constant competency framework. Item-level year comparisons mix learning and instrument change; competency-level comparisons are more defensible (still assume similar difficulty within competency). Prefer rankings and competency-level statements across years.
Yadgir,B0123 shorapur,C1381 rajankolur,5051 rajankollur,72.89,40.0,166,54.18,10.0,176,-18.71,-30.0,-9.35,2022-23 -> 2024-25,CAVEAT: items differ across years but map to a constant competency framework. Item-level year comparisons mix learning and instrument change; competency-level comparisons are more defensible (still assume similar difficulty within competency). Prefer rankings and competency-level statements across years.
Koppal,B0081 koppal,C0623 hasagal,1571 chikkabommanal,49.17,10.0,205,30.49,0.0,134,-18.68,-10.0,-9.34,2022-23 -> 2024-25,CAVEAT: items differ across years but map to a constant competency framework. Item-level year comparisons mix learning and instrument change; competency-level comparisons are more defensible (still assume similar difficulty within competency). Prefer rankings and competency-level statements across years.
Bagalkote,B0072 jamakhandi,C0735 hunnur,2878 hunnur,84.52,61.0,93,65.86,35.0,238,-18.66,-26.0,-9.33,2022-23 -> 2024-25,CAVEAT: items differ across years but map to a constant competency framework. Item-level year comparisons mix learning and instrument change; competency-level comparisons are more defensible (still assume similar difficulty within competency). Prefer rankings and competency-level statements across years.
Chamarajanagara,B0027 chamarajanagar,C0608 haradana halli,1835 dhoddamole,62.18,25.0,124,43.52,15.0,128,-18.66,-10.0,-9.33,2022-23 -> 2024-25,CAVEAT: items differ across years but map to a constant competency framework. Item-level year comparisons mix learning and instrument change; competency-level comparisons are more defensible (still assume similar difficulty within competency). Prefer rankings and competency-level statements across years.
Tumakuru,B0087 kunigal,C0503 girigowdana palya,5230 santhemavathuru,79.68,60.0,78,61.02,16.5,64,-18.66,-43.5,-9.33,2022-23 -> 2024-25,CAVEAT: items differ across years but map to a constant competency framework. Item-level year comparisons mix learning and instrument change; competency-level comparisons are more defensible (still assume similar difficulty within competency). Prefer rankings and competency-level statements across years.
Kodagu,B0140 virajpet,C1555 t. shettigeri,5585 t. shettigeri,53.22,15.0,45,34.59,8.0,37,-18.63,-7.0,-9.31,2022-23 -> 2024-25,CAVEAT: items differ across years but map to a constant competency framework. Item-level year comparisons mix learning and instrument change; competency-level comparisons are more defensible (still assume similar difficulty within competency). Prefer rankings and competency-level statements across years.
Bengaluru Rural,B0042 doddaballapura,C0639 heggadihalli,2558 heggadihalli,70.59,33.5,68,51.98,15.0,58,-18.61,-18.5,-9.3,2022-23 -> 2024-25,CAVEAT: items differ across years but map to a constant competency framework. Item-level year comparisons mix learning and instrument change; competency-level comparisons are more defensible (still assume similar difficulty within competency). Prefer rankings and competency-level statements across years.
Yadgir,B0123 shorapur,C0948 kodekal,2305 hagaratagi,73.93,50.0,131,55.33,19.0,169,-18.6,-31.0,-9.3,2022-23 -> 2024-25,CAVEAT: items differ across years but map to a constant competency framework. Item-level year comparisons mix learning and instrument change; competency-level comparisons are more defensible (still assume similar difficulty within competency). Prefer rankings and competency-level statements across years.
Belagavi,B0113 ramdurg,C1208 mudenur,2319 halagatti,73.61,43.0,147,55.04,25.0,127,-18.57,-18.0,-9.28,2022-23 -> 2024-25,CAVEAT: items differ across years but map to a constant competency framework. Item-level year comparisons mix learning and instrument change; competency-level comparisons are more defensible (still assume similar difficulty within competency). Prefer rankings and competency-level statements across years.
Koppal,B0044 gangavathi,C1290 navali,3425 karadona,66.05,30.0,196,47.51,10.0,169,-18.54,-20.0,-9.27,2022-23 -> 2024-25,CAVEAT: items differ across years but map to a constant competency framework. Item-level year comparisons mix learning and instrument change; competency-level comparisons are more defensible (still assume similar difficulty within competency). Prefer rankings and competency-level statements across years.
Tumakuru,B0127 sira,C1577 tavarekere,6516 hosuru,67.28,39.0,169,48.77,15.0,122,-18.51,-24.0,-9.26,2022-23 -> 2024-25,CAVEAT: items differ across years but map to a constant competency framework. Item-level year comparisons mix learning and instrument change; competency-level comparisons are more defensible (still assume similar difficulty within competency). Prefer rankings and competency-level statements across years.
Kalaburagi,B0033 chincholi,C0348 chimmanchod,1633 chimmanchod,46.35,5.0,163,27.88,0.0,139,-18.47,-5.0,-9.23,2022-23 -> 2024-25,CAVEAT: items differ across years but map to a constant competency framework. Item-level year comparisons mix learning and instrument change; competency-level comparisons are more defensible (still assume similar difficulty within competency). Prefer rankings and competency-level statements across years.
Dharwad,B0066 hubli,C1323 noolvi,4890 nulvi,72.72,40.0,125,54.26,25.0,215,-18.46,-15.0,-9.23,2022-23 -> 2024-25,CAVEAT: items differ across years but map to a constant competency framework. Item-level year comparisons mix learning and instrument change; competency-level comparisons are more defensible (still assume similar difficulty within competency). Prefer rankings and competency-level statements across years.
Mandya,B0090 maddur,C0324 chikkaarasinakere,1565 chikkaarasina kere,73.12,46.5,24,54.7,25.0,66,-18.42,-21.5,-9.21,2022-23 -> 2024-25,CAVEAT: items differ across years but map to a constant competency framework. Item-level year comparisons mix learning and instrument change; competency-level comparisons are more defensible (still assume similar difficulty within competency). Prefer rankings and competency-level statements across years.
Tumakuru,B0137 turuvekere,C1438 sampige hosahalli,5190 sampige hosahalli,82.44,60.0,154,64.07,31.0,113,-18.37,-29.0,-9.19,2022-23 -> 2024-25,CAVEAT: items differ across years but map to a constant competency framework. Item-level year comparisons mix learning and instrument change; competency-level comparisons are more defensible (still assume similar difficulty within competency). Prefer rankings and competency-level statements across years.
Chitradurga,B0060 holalkere,C1571 talikatte,5834 tuppudahalli,57.32,10.0,256,39.01,5.0,91,-18.31,-5.0,-9.16,2022-23 -> 2024-25,CAVEAT: items differ across years but map to a constant competency framework. Item-level year comparisons mix learning and instrument change; competency-level comparisons are more defensible (still assume similar difficulty within competency). Prefer rankings and competency-level statements across years.
Hassan,B0057 hassan,C0604 hanumanthapura,2433 hanumanthapura,80.5,55.0,180,62.2,21.5,134,-18.3,-33.5,-9.15,2022-23 -> 2024-25,CAVEAT: items differ across years but map to a constant competency framework. Item-level year comparisons mix learning and instrument change; competency-level comparisons are more defensible (still assume similar difficulty within competency). Prefer rankings and competency-level statements across years.
Bagalkote,B0072 jamakhandi,C0735 hunnur,4081 madarakandi,73.92,44.5,120,55.65,20.0,232,-18.27,-24.5,-9.14,2022-23 -> 2024-25,CAVEAT: items differ across years but map to a constant competency framework. Item-level year comparisons mix learning and instrument change; competency-level comparisons are more defensible (still assume similar difficulty within competency). Prefer rankings and competency-level statements across years.
Dharwad,B0041 dharwad,C0049 aminabhavi,4311 marevad,51.67,5.0,201,33.45,5.0,200,-18.22,0.0,-9.11,2022-23 -> 2024-25,CAVEAT: items differ across years but map to a constant competency framework. Item-level year comparisons mix learning and instrument change; competency-level comparisons are more defensible (still assume similar difficulty within competency). Prefer rankings and competency-level statements across years.
Yadgir,B0123 shorapur,C0399 devargonal,1806 devargonal,64.4,40.0,150,46.4,10.0,221,-18.0,-30.0,-9.0,2022-23 -> 2024-25,CAVEAT: items differ across years but map to a constant competency framework. Item-level year comparisons mix learning and instrument change; competency-level comparisons are more defensible (still assume similar difficulty within competency). Prefer rankings and competency-level statements across years.
Kalaburagi,B0033 chincholi,C1540 sulepeth,5527 sulepeth,57.96,15.0,103,39.97,6.0,143,-17.99,-9.0,-9.0,2022-23 -> 2024-25,CAVEAT: items differ across years but map to a constant competency framework. Item-level year comparisons mix learning and instrument change; competency-level comparisons are more defensible (still assume similar difficulty within competency). Prefer rankings and competency-level statements across years.
Raichur,B0126 sindhanur,C0515 goudanbhavi,2165 goudanabhavi,61.77,15.0,62,43.78,15.0,82,-17.99,0.0,-9.0,2022-23 -> 2024-25,CAVEAT: items differ across years but map to a constant competency framework. Item-level year comparisons mix learning and instrument change; competency-level comparisons are more defensible (still assume similar difficulty within competency). Prefer rankings and competency-level statements across years.
Gadag,B0102 mundaragi,C1225 mundaragi rural,2598 hesarur,52.28,20.0,151,34.3,5.0,151,-17.98,-15.0,-8.99,2022-23 -> 2024-25,CAVEAT: items differ across years but map to a constant competency framework. Item-level year comparisons mix learning and instrument change; competency-level comparisons are more defensible (still assume similar difficulty within competency). Prefer rankings and competency-level statements across years.
Kalaburagi,B0002 aland,C0046 ambalaga,6187 muddadaga,48.1,9.5,50,30.12,5.0,83,-17.98,-4.5,-8.99,2022-23 -> 2024-25,CAVEAT: items differ across years but map to a constant competency framework. Item-level year comparisons mix learning and instrument change; competency-level comparisons are more defensible (still assume similar difficulty within competency). Prefer rankings and competency-level statements across years.
Chamarajanagara,B0027 chamarajanagar,C0044 amachavadi,636 amachavadi,50.21,10.0,168,32.23,4.0,119,-17.98,-6.0,-8.99,2022-23 -> 2024-25,CAVEAT: items differ across years but map to a constant competency framework. Item-level year comparisons mix learning and instrument change; competency-level comparisons are more defensible (still assume similar difficulty within competency). Prefer rankings and competency-level statements across years.
Chitradurga,B0026 challakere,C1292 nayakanahatti,2163 goudagere,41.14,0.0,193,23.17,0.0,210,-17.97,0.0,-8.98,2022-23 -> 2024-25,CAVEAT: items differ across years but map to a constant competency framework. Item-level year comparisons mix learning and instrument change; competency-level comparisons are more defensible (still assume similar difficulty within competency). Prefer rankings and competency-level statements across years.
Raichur,B0111 raichur,C0401 devasugur,1810 devasuguru,58.46,20.0,204,40.53,0.0,275,-17.93,-20.0,-8.96,2022-23 -> 2024-25,CAVEAT: items differ across years but map to a constant competency framework. Item-level year comparisons mix learning and instrument change; competency-level comparisons are more defensible (still assume similar difficulty within competency). Prefer rankings and competency-level statements across years.
Raichur,B0089 lingasugur,C1176 mediknal,4397 medikinahal,59.89,25.0,174,41.96,10.0,230,-17.93,-15.0,-8.96,2022-23 -> 2024-25,CAVEAT: items differ across years but map to a constant competency framework. Item-level year comparisons mix learning and instrument change; competency-level comparisons are more defensible (still assume similar difficulty within competency). Prefer rankings and competency-level statements across years.
Davanagere,B0062 honnali,C1060 lingapura,4019 lingapura,48.46,13.0,107,30.55,0.0,110,-17.91,-13.0,-8.96,2022-23 -> 2024-25,CAVEAT: items differ across years but map to a constant competency framework. Item-level year comparisons mix learning and instrument change; competency-level comparisons are more defensible (still assume similar difficulty within competency). Prefer rankings and competency-level statements across years.
Ballari,B0128 siruguppa,C1247 nadanga,877 b.m.suguru,53.82,10.0,119,35.92,5.0,168,-17.9,-5.0,-8.95,2022-23 -> 2024-25,CAVEAT: items differ across years but map to a constant competency framework. Item-level year comparisons mix learning and instrument change; competency-level comparisons are more defensible (still assume similar difficulty within competency). Prefer rankings and competency-level statements across years.
Mandya,B0109 pandavapura,C0915 katteri,3497 katteri,78.96,65.0,111,61.08,33.5,88,-17.88,-31.5,-8.94,2022-23 -> 2024-25,CAVEAT: items differ across years but map to a constant competency framework. Item-level year comparisons mix learning and instrument change; competency-level comparisons are more defensible (still assume similar difficulty within competency). Prefer rankings and competency-level statements across years.
Mandya,B0103 nagamangala,C1173 mayagonahalli,4389 mayagona hally,68.26,42.0,95,50.45,10.0,66,-17.81,-32.0,-8.9,2022-23 -> 2024-25,CAVEAT: items differ across years but map to a constant competency framework. Item-level year comparisons mix learning and instrument change; competency-level comparisons are more defensible (still assume similar difficulty within competency). Prefer rankings and competency-level statements across years.
Kodagu,B0140 virajpet,C0510 gonikoppal,811 arvathoklu,49.7,15.0,33,31.9,5.0,21,-17.8,-10.0,-8.9,2022-23 -> 2024-25,CAVEAT: items differ across years but map to a constant competency framework. Item-level year comparisons mix learning and instrument change; competency-level comparisons are more defensible (still assume similar difficulty within competency). Prefer rankings and competency-level statements across years.
Yadgir,B0141 yadgir,C0305 chapetla,3218 kakalwar,61.23,34.0,69,43.44,12.5,96,-17.79,-21.5,-8.9,2022-23 -> 2024-25,CAVEAT: items differ across years but map to a constant competency framework. Item-level year comparisons mix learning and instrument change; competency-level comparisons are more defensible (still assume similar difficulty within competency). Prefer rankings and competency-level statements across years.
Tumakuru,B0046 gubbi,C1121 manchaladore,4218 manchaladore,67.24,35.0,165,49.45,10.0,172,-17.79,-25.0,-8.9,2022-23 -> 2024-25,CAVEAT: items differ across years but map to a constant competency framework. Item-level year comparisons mix learning and instrument change; competency-level comparisons are more defensible (still assume similar difficulty within competency). Prefer rankings and competency-level statements across years.
Haveri,B0118 savanur,C1723 yalavagi,6142 yelvigi,71.12,42.0,165,53.44,25.0,276,-17.68,-17.0,-8.84,2022-23 -> 2024-25,CAVEAT: items differ across years but map to a constant competency framework. Item-level year comparisons mix learning and instrument change; competency-level comparisons are more defensible (still assume similar difficulty within competency). Prefer rankings and competency-level statements across years.
Bagalkote,B0008 badami,C0204 beluru,1201 belur,66.33,24.5,94,48.66,10.0,161,-17.67,-14.5,-8.84,2022-23 -> 2024-25,CAVEAT: items differ across years but map to a constant competency framework. Item-level year comparisons mix learning and instrument change; competency-level comparisons are more defensible (still assume similar difficulty within competency). Prefer rankings and competency-level statements across years.
Kodagu,B0092 madikeri,C0822 kadagadalu,3153 kadagadalu,68.36,35.0,55,50.74,15.0,61,-17.62,-20.0,-8.81,2022-23 -> 2024-25,CAVEAT: items differ across years but map to a constant competency framework. Item-level year comparisons mix learning and instrument change; competency-level comparisons are more defensible (still assume similar difficulty within competency). Prefer rankings and competency-level statements across years.
Mandya,B0093 malavally,C1320 nitturu,4018 lingapattana,75.44,48.0,34,57.84,30.0,67,-17.6,-18.0,-8.8,2022-23 -> 2024-25,CAVEAT: items differ across years but map to a constant competency framework. Item-level year comparisons mix learning and instrument change; competency-level comparisons are more defensible (still assume similar difficulty within competency). Prefer rankings and competency-level statements across years.
Raichur,B0096 manvi,C0637 heera,2553 heera,61.46,40.0,171,43.89,16.0,63,-17.57,-24.0,-8.78,2022-23 -> 2024-25,CAVEAT: items differ across years but map to a constant competency framework. Item-level year comparisons mix learning and instrument change; competency-level comparisons are more defensible (still assume similar difficulty within competency). Prefer rankings and competency-level statements across years.
Bagalkote,B0099 mudhol,C0225 bhantanur,1272 bhantanur,57.56,25.0,86,40.0,10.0,142,-17.56,-15.0,-8.78,2022-23 -> 2024-25,CAVEAT: items differ across years but map to a constant competency framework. Item-level year comparisons mix learning and instrument change; competency-level comparisons are more defensible (still assume similar difficulty within competency). Prefer rankings and competency-level statements across years.
Chamarajanagara,B0050 gundlupet,C0698 horeyala,2771 horeyala,58.82,20.0,76,41.29,10.0,93,-17.53,-10.0,-8.77,2022-23 -> 2024-25,CAVEAT: items differ across years but map to a constant competency framework. Item-level year comparisons mix learning and instrument change; competency-level comparisons are more defensible (still assume similar difficulty within competency). Prefer rankings and competency-level statements across years.
Kalaburagi,B0036 chittapur,C0566 halakatta,3149 kadaboor,51.68,15.0,113,34.15,5.0,88,-17.53,-10.0,-8.77,2022-23 -> 2024-25,CAVEAT: items differ across years but map to a constant competency framework. Item-level year comparisons mix learning and instrument change; competency-level comparisons are more defensible (still assume similar difficulty within competency). Prefer rankings and competency-level statements across years.
Koppal,B0044 gangavathi,C0877 kanakagiri south,2647 hirekheda,54.22,15.0,187,36.69,5.0,231,-17.53,-10.0,-8.77,2022-23 -> 2024-25,CAVEAT: items differ across years but map to a constant competency framework. Item-level year comparisons mix learning and instrument change; competency-level comparisons are more defensible (still assume similar difficulty within competency). Prefer rankings and competency-level statements across years.
Mysuru,B0104 nanjanagud,C0720 hulimavu,2298 hadinaru,66.0,30.0,110,48.48,10.0,115,-17.52,-20.0,-8.76,2022-23 -> 2024-25,CAVEAT: items differ across years but map to a constant competency framework. Item-level year comparisons mix learning and instrument change; competency-level comparisons are more defensible (still assume similar difficulty within competency). Prefer rankings and competency-level statements across years.
Dharwad,B0076 kalghatagi,C0407 devikoppa,5630 tambur,56.65,20.0,115,39.13,10.0,156,-17.52,-10.0,-8.76,2022-23 -> 2024-25,CAVEAT: items differ across years but map to a constant competency framework. Item-level year comparisons mix learning and instrument change; competency-level comparisons are more defensible (still assume similar difficulty within competency). Prefer rankings and competency-level statements across years.
Raichur,B0089 lingasugur,C0546 guntagol,2258 guntagol,59.04,10.0,26,41.52,5.0,122,-17.52,-5.0,-8.76,2022-23 -> 2024-25,CAVEAT: items differ across years but map to a constant competency framework. Item-level year comparisons mix learning and instrument change; competency-level comparisons are more defensible (still assume similar difficulty within competency). Prefer rankings and competency-level statements across years.
Bengaluru Rural,B0042 doddaballapura,C0694 honnawara,2753 honnavara,84.82,65.0,56,67.3,36.0,63,-17.52,-29.0,-8.76,2022-23 -> 2024-25,CAVEAT: items differ across years but map to a constant competency framework. Item-level year comparisons mix learning and instrument change; competency-level comparisons are more defensible (still assume similar difficulty within competency). Prefer rankings and competency-level statements across years.
Davanagere,B0028 channagiri,C0396 devarahalli,1796 devarahalli,62.5,25.0,66,45.0,10.0,57,-17.5,-15.0,-8.75,2022-23 -> 2024-25,CAVEAT: items differ across years but map to a constant competency framework. Item-level year comparisons mix learning and instrument change; competency-level comparisons are more defensible (still assume similar difficulty within competency). Prefer rankings and competency-level statements across years.
Koppal,B0081 koppal,C0502 gingera,2619 hirebaganal,55.36,20.0,138,37.86,10.0,180,-17.5,-10.0,-8.75,2022-23 -> 2024-25,CAVEAT: items differ across years but map to a constant competency framework. Item-level year comparisons mix learning and instrument change; competency-level comparisons are more defensible (still assume similar difficulty within competency). Prefer rankings and competency-level statements across years.
Chikkaballapura,B0034 chintamani,C0821 kadadhanamari,3151 kadadanamari,66.75,25.0,20,49.25,14.5,20,-17.5,-10.5,-8.75,2022-23 -> 2024-25,CAVEAT: items differ across years but map to a constant competency framework. Item-level year comparisons mix learning and instrument change; competency-level comparisons are more defensible (still assume similar difficulty within competency). Prefer rankings and competency-level statements across years.
Kolar,B0079 kolar,C0611 harathi,2461 harati,66.56,30.0,167,49.08,10.0,142,-17.48,-20.0,-8.74,2022-23 -> 2024-25,CAVEAT: items differ across years but map to a constant competency framework. Item-level year comparisons mix learning and instrument change; competency-level comparisons are more defensible (still assume similar difficulty within competency). Prefer rankings and competency-level statements across years.
Chamarajanagara,B0080 kollegala,C1343 palya,1821 dhanagere,64.7,33.5,118,47.24,15.0,116,-17.46,-18.5,-8.73,2022-23 -> 2024-25,CAVEAT: items differ across years but map to a constant competency framework. Item-level year comparisons mix learning and instrument change; competency-level comparisons are more defensible (still assume similar difficulty within competency). Prefer rankings and competency-level statements across years.
Koppal,B0044 gangavathi,C0291 challur,4130 mailapur,57.88,25.0,182,40.45,5.0,165,-17.43,-20.0,-8.72,2022-23 -> 2024-25,CAVEAT: items differ across years but map to a constant competency framework. Item-level year comparisons mix learning and instrument change; competency-level comparisons are more defensible (still assume similar difficulty within competency). Prefer rankings and competency-level statements across years.
Koppal,B0044 gangavathi,C0269 budagumpa,6221 yardona,55.32,15.0,190,37.91,10.0,172,-17.41,-5.0,-8.7,2022-23 -> 2024-25,CAVEAT: items differ across years but map to a constant competency framework. Item-level year comparisons mix learning and instrument change; competency-level comparisons are more defensible (still assume similar difficulty within competency). Prefer rankings and competency-level statements across years.
Vijayanagara,B0055 harapanahalli,C0541 gundagaththi,6050 yadihalli,57.14,20.0,175,39.77,5.0,175,-17.37,-15.0,-8.69,2022-23 -> 2024-25,CAVEAT: items differ across years but map to a constant competency framework. Item-level year comparisons mix learning and instrument change; competency-level comparisons are more defensible (still assume similar difficulty within competency). Prefer rankings and competency-level statements across years.
Vijayanagara,B0052 hagaribommanahalli,C1590 thambra halli,5685 thambrahalli,55.97,25.0,145,38.6,0.0,179,-17.37,-25.0,-8.69,2022-23 -> 2024-25,CAVEAT: items differ across years but map to a constant competency framework. Item-level year comparisons mix learning and instrument change; competency-level comparisons are more defensible (still assume similar difficulty within competency). Prefer rankings and competency-level statements across years.
Kalaburagi,B0002 aland,C0238 bhusanoor,1303 bhusnoor,44.13,15.0,69,26.76,0.0,111,-17.37,-15.0,-8.69,2022-23 -> 2024-25,CAVEAT: items differ across years but map to a constant competency framework. Item-level year comparisons mix learning and instrument change; competency-level comparisons are more defensible (still assume similar difficulty within competency). Prefer rankings and competency-level statements across years.
Mandya,B0093 malavally,C0565 halagur,2323 halaguru,73.48,52.5,66,56.16,15.0,82,-17.32,-37.5,-8.66,2022-23 -> 2024-25,CAVEAT: items differ across years but map to a constant competency framework. Item-level year comparisons mix learning and instrument change; competency-level comparisons are more defensible (still assume similar difficulty within competency). Prefer rankings and competency-level statements across years.
Bagalkote,B0021 bilagi,C1711 yadahalli,6040 yadahalli,58.87,20.0,115,41.56,8.5,138,-17.31,-11.5,-8.66,2022-23 -> 2024-25,CAVEAT: items differ across years but map to a constant competency framework. Item-level year comparisons mix learning and instrument change; competency-level comparisons are more defensible (still assume similar difficulty within competency). Prefer rankings and competency-level statements across years.
Ballari,B0013 ballari west,C0496 genikehal,2085 genakihal,47.04,15.0,142,29.79,5.0,215,-17.25,-10.0,-8.62,2022-23 -> 2024-25,CAVEAT: items differ across years but map to a constant competency framework. Item-level year comparisons mix learning and instrument change; competency-level comparisons are more defensible (still assume similar difficulty within competency). Prefer rankings and competency-level statements across years.
Koppal,B0081 koppal,C0918 kawalur,3513 kawalur,57.45,22.5,106,40.21,10.0,216,-17.24,-12.5,-8.62,2022-23 -> 2024-25,CAVEAT: items differ across years but map to a constant competency framework. Item-level year comparisons mix learning and instrument change; competency-level comparisons are more defensible (still assume similar difficulty within competency). Prefer rankings and competency-level statements across years.
Mandya,B0103 nagamangala,C1133 mannahalli,4267 mannahally,68.1,50.0,105,50.86,15.0,76,-17.24,-35.0,-8.62,2022-23 -> 2024-25,CAVEAT: items differ across years but map to a constant competency framework. Item-level year comparisons mix learning and instrument change; competency-level comparisons are more defensible (still assume similar difficulty within competency). Prefer rankings and competency-level statements across years.
Koppal,B0044 gangavathi,C1692 venkatagiri,551 agoli,57.96,15.0,81,40.74,10.0,141,-17.22,-5.0,-8.61,2022-23 -> 2024-25,CAVEAT: items differ across years but map to a constant competency framework. Item-level year comparisons mix learning and instrument change; competency-level comparisons are more defensible (still assume similar difficulty within competency). Prefer rankings and competency-level statements across years.
Koppal,B0081 koppal,C0672 hitnal,2829 hulagi,46.58,5.0,73,29.37,5.0,205,-17.21,0.0,-8.6,2022-23 -> 2024-25,CAVEAT: items differ across years but map to a constant competency framework. Item-level year comparisons mix learning and instrument change; competency-level comparisons are more defensible (still assume similar difficulty within competency). Prefer rankings and competency-level statements across years.
Dharwad,B0041 dharwad,C0049 aminabhavi,667 amminabhavi,82.89,60.5,192,65.69,30.0,180,-17.2,-30.5,-8.6,2022-23 -> 2024-25,CAVEAT: items differ across years but map to a constant competency framework. Item-level year comparisons mix learning and instrument change; competency-level comparisons are more defensible (still assume similar difficulty within competency). Prefer rankings and competency-level statements across years.
Mandya,B0103 nagamangala,C0393 devara mallanayakanahalli,1799 devaramallanayakana hally,80.2,55.0,51,63.0,20.0,60,-17.2,-35.0,-8.6,2022-23 -> 2024-25,CAVEAT: items differ across years but map to a constant competency framework. Item-level year comparisons mix learning and instrument change; competency-level comparisons are more defensible (still assume similar difficulty within competency). Prefer rankings and competency-level statements across years.
Gadag,B0122 shirhatti,C1485 shigli,6197 ramagiri (s),80.3,60.0,99,63.11,40.0,95,-17.19,-20.0,-8.6,2022-23 -> 2024-25,CAVEAT: items differ across years but map to a constant competency framework. Item-level year comparisons mix learning and instrument change; competency-level comparisons are more defensible (still assume similar difficulty within competency). Prefer rankings and competency-level statements across years.
Bidar,B0019 bhalki,C0571 halbarga,5403 siddeshwar,55.82,15.0,79,38.65,1.5,74,-17.17,-13.5,-8.58,2022-23 -> 2024-25,CAVEAT: items differ across years but map to a constant competency framework. Item-level year comparisons mix learning and instrument change; competency-level comparisons are more defensible (still assume similar difficulty within competency). Prefer rankings and competency-level statements across years.
Ballari,B0117 sandur,C0152 bandri,4846 nidugurthi,38.42,0.0,177,21.26,0.0,247,-17.16,0.0,-8.58,2022-23 -> 2024-25,CAVEAT: items differ across years but map to a constant competency framework. Item-level year comparisons mix learning and instrument change; competency-level comparisons are more defensible (still assume similar difficulty within competency). Prefer rankings and competency-level statements across years.
Vijayanagara,B0051 hadagali,C0557 hadagali gramina,4761 navali,52.5,20.0,48,35.34,5.5,102,-17.16,-14.5,-8.58,2022-23 -> 2024-25,CAVEAT: items differ across years but map to a constant competency framework. Item-level year comparisons mix learning and instrument change; competency-level comparisons are more defensible (still assume similar difficulty within competency). Prefer rankings and competency-level statements across years.
Koppal,B0081 koppal,C0502 gingera,213009033 halavarthi,52.62,25.0,107,35.48,0.0,156,-17.14,-25.0,-8.57,2022-23 -> 2024-25,CAVEAT: items differ across years but map to a constant competency framework. Item-level year comparisons mix learning and instrument change; competency-level comparisons are more defensible (still assume similar difficulty within competency). Prefer rankings and competency-level statements across years.
Davanagere,B0071 jagalur,C1518 sokke,2262 gurusiddapura,42.27,5.0,172,25.15,0.0,203,-17.12,-5.0,-8.56,2022-23 -> 2024-25,CAVEAT: items differ across years but map to a constant competency framework. Item-level year comparisons mix learning and instrument change; competency-level comparisons are more defensible (still assume similar difficulty within competency). Prefer rankings and competency-level statements across years.
Koppal,B0088 kustagi,C0662 hiremannapur,6180 gumageri,57.69,15.0,132,40.59,9.0,119,-17.1,-6.0,-8.55,2022-23 -> 2024-25,CAVEAT: items differ across years but map to a constant competency framework. Item-level year comparisons mix learning and instrument change; competency-level comparisons are more defensible (still assume similar difficulty within competency). Prefer rankings and competency-level statements across years.
Gadag,B0105 naragund,C0985 konnur,6445 konnur,66.63,34.5,150,49.58,15.0,226,-17.05,-19.5,-8.52,2022-23 -> 2024-25,CAVEAT: items differ across years but map to a constant competency framework. Item-level year comparisons mix learning and instrument change; competency-level comparisons are more defensible (still assume similar difficulty within competency). Prefer rankings and competency-level statements across years.
Kolar,B0100 mulbagal,C1678 uthanur,5923 uthanur,71.89,35.0,61,54.85,10.0,100,-17.04,-25.0,-8.52,2022-23 -> 2024-25,CAVEAT: items differ across years but map to a constant competency framework. Item-level year comparisons mix learning and instrument change; competency-level comparisons are more defensible (still assume similar difficulty within competency). Prefer rankings and competency-level statements across years.
Davanagere,B0062 honnali,C0206 benakanahalli,6462 benakanahalli,54.13,20.0,103,37.09,0.0,117,-17.04,-20.0,-8.52,2022-23 -> 2024-25,CAVEAT: items differ across years but map to a constant competency framework. Item-level year comparisons mix learning and instrument change; competency-level comparisons are more defensible (still assume similar difficulty within competency). Prefer rankings and competency-level statements across years.
Kalaburagi,B0002 aland,C1287 narona,4756 narona,53.2,10.0,136,36.26,5.0,159,-16.94,-5.0,-8.47,2022-23 -> 2024-25,CAVEAT: items differ across years but map to a constant competency framework. Item-level year comparisons mix learning and instrument change; competency-level comparisons are more defensible (still assume similar difficulty within competency). Prefer rankings and competency-level statements across years.
Gadag,B0122 shirhatti,C0825 kadakol,4050 machenahalli,66.57,35.0,150,49.71,15.0,87,-16.86,-20.0,-8.43,2022-23 -> 2024-25,CAVEAT: items differ across years but map to a constant competency framework. Item-level year comparisons mix learning and instrument change; competency-level comparisons are more defensible (still assume similar difficulty within competency). Prefer rankings and competency-level statements across years.
Raichur,B0039 devadurga,C0036 alkod,6216 bhomanagunda,42.79,10.0,163,25.94,0.0,175,-16.85,-10.0,-8.42,2022-23 -> 2024-25,CAVEAT: items differ across years but map to a constant competency framework. Item-level year comparisons mix learning and instrument change; competency-level comparisons are more defensible (still assume similar difficulty within competency). Prefer rankings and competency-level statements across years.
Mysuru,B0133 t.n.pura,C0283 c b hundi,5574 t doddapura,60.69,25.0,108,43.86,10.0,110,-16.83,-15.0,-8.42,2022-23 -> 2024-25,CAVEAT: items differ across years but map to a constant competency framework. Item-level year comparisons mix learning and instrument change; competency-level comparisons are more defensible (still assume similar difficulty within competency). Prefer rankings and competency-level statements across years.
Tumakuru,B0082 koratagere,C1743 yelerampura,6134 yelerampura,72.11,45.0,116,55.3,20.0,117,-16.81,-25.0,-8.4,2022-23 -> 2024-25,CAVEAT: items differ across years but map to a constant competency framework. Item-level year comparisons mix learning and instrument change; competency-level comparisons are more defensible (still assume similar difficulty within competency). Prefer rankings and competency-level statements across years.
Koppal,B0044 gangavathi,C1533 sriramanagar,213009031 mustur,53.72,10.0,98,36.92,5.0,125,-16.8,-5.0,-8.4,2022-23 -> 2024-25,CAVEAT: items differ across years but map to a constant competency framework. Item-level year comparisons mix learning and instrument change; competency-level comparisons are more defensible (still assume similar difficulty within competency). Prefer rankings and competency-level statements across years.
Belagavi,B0017 belgaum rural,C0888 kangrali bk,3373 kangrali b.k.,78.72,55.0,196,61.95,35.0,185,-16.77,-20.0,-8.38,2022-23 -> 2024-25,CAVEAT: items differ across years but map to a constant competency framework. Item-level year comparisons mix learning and instrument change; competency-level comparisons are more defensible (still assume similar difficulty within competency). Prefer rankings and competency-level statements across years.
Haveri,B0118 savanur,C0628 hattimattur,2517 hattimattur,72.31,45.0,160,55.54,20.0,213,-16.77,-25.0,-8.38,2022-23 -> 2024-25,CAVEAT: items differ across years but map to a constant competency framework. Item-level year comparisons mix learning and instrument change; competency-level comparisons are more defensible (still assume similar difficulty within competency). Prefer rankings and competency-level statements across years.
Yadgir,B0141 yadgir,C0305 chapetla,1546 chepetla,46.12,10.0,121,29.39,0.0,114,-16.73,-10.0,-8.36,2022-23 -> 2024-25,CAVEAT: items differ across years but map to a constant competency framework. Item-level year comparisons mix learning and instrument change; competency-level comparisons are more defensible (still assume similar difficulty within competency). Prefer rankings and competency-level statements across years.
Chikkaballapura,B0034 chintamani,C1230 muragamale,4569 muragamalla,62.33,30.0,101,45.6,3.5,58,-16.73,-26.5,-8.36,2022-23 -> 2024-25,CAVEAT: items differ across years but map to a constant competency framework. Item-level year comparisons mix learning and instrument change; competency-level comparisons are more defensible (still assume similar difficulty within competency). Prefer rankings and competency-level statements across years.
Raichur,B0096 manvi,C0514 gorkal,5551 sunkeshwer,57.15,22.0,65,40.44,10.0,90,-16.71,-12.0,-8.35,2022-23 -> 2024-25,CAVEAT: items differ across years but map to a constant competency framework. Item-level year comparisons mix learning and instrument change; competency-level comparisons are more defensible (still assume similar difficulty within competency). Prefer rankings and competency-level statements across years.
Koppal,B0044 gangavathi,C1501 siddapur,2250 gunduru,62.62,25.0,107,45.93,10.0,91,-16.69,-15.0,-8.34,2022-23 -> 2024-25,CAVEAT: items differ across years but map to a constant competency framework. Item-level year comparisons mix learning and instrument change; competency-level comparisons are more defensible (still assume similar difficulty within competency). Prefer rankings and competency-level statements across years.
Dharwad,B0076 kalghatagi,C0381 dastikoppa,6626 dastikoppa,74.46,35.5,102,57.77,10.0,141,-16.69,-25.5,-8.34,2022-23 -> 2024-25,CAVEAT: items differ across years but map to a constant competency framework. Item-level year comparisons mix learning and instrument change; competency-level comparisons are more defensible (still assume similar difficulty within competency). Prefer rankings and competency-level statements across years.
Vijayanagara,B0055 harapanahalli,C0358 chirasthahalli,1656 chirasthahalli,57.5,20.0,100,40.83,5.0,156,-16.67,-15.0,-8.34,2022-23 -> 2024-25,CAVEAT: items differ across years but map to a constant competency framework. Item-level year comparisons mix learning and instrument change; competency-level comparisons are more defensible (still assume similar difficulty within competency). Prefer rankings and competency-level statements across years.
Kalaburagi,B0073 jewargi,C0040 aloor,213009048 karakihalli,55.8,20.0,125,39.13,5.0,126,-16.67,-15.0,-8.34,2022-23 -> 2024-25,CAVEAT: items differ across years but map to a constant competency framework. Item-level year comparisons mix learning and instrument change; competency-level comparisons are more defensible (still assume similar difficulty within competency). Prefer rankings and competency-level statements across years.
Kalaburagi,B0033 chincholi,C0026 ainoli,4637 nagaidalai,52.46,14.5,140,35.82,10.0,140,-16.64,-4.5,-8.32,2022-23 -> 2024-25,CAVEAT: items differ across years but map to a constant competency framework. Item-level year comparisons mix learning and instrument change; competency-level comparisons are more defensible (still assume similar difficulty within competency). Prefer rankings and competency-level statements across years.
Mandya,B0093 malavally,C0558 hadli,543 agasana pura,64.75,35.0,119,48.11,10.5,82,-16.64,-24.5,-8.32,2022-23 -> 2024-25,CAVEAT: items differ across years but map to a constant competency framework. Item-level year comparisons mix learning and instrument change; competency-level comparisons are more defensible (still assume similar difficulty within competency). Prefer rankings and competency-level statements across years.
Chitradurga,B0059 hiriyur,C1730 yaraballi,4042 m.d.kote,58.93,25.0,122,42.31,10.0,143,-16.62,-15.0,-8.31,2022-23 -> 2024-25,CAVEAT: items differ across years but map to a constant competency framework. Item-level year comparisons mix learning and instrument change; competency-level comparisons are more defensible (still assume similar difficulty within competency). Prefer rankings and competency-level statements across years.
Ballari,B0128 siruguppa,C1509 sirigeri,5436 sirigeri,60.0,25.0,165,43.38,5.0,262,-16.62,-20.0,-8.31,2022-23 -> 2024-25,CAVEAT: items differ across years but map to a constant competency framework. Item-level year comparisons mix learning and instrument change; competency-level comparisons are more defensible (still assume similar difficulty within competency). Prefer rankings and competency-level statements across years.
Mandya,B0090 maddur,C0807 k. honnalagere,3121 k.honnalagere,66.58,35.0,76,50.03,5.0,143,-16.55,-30.0,-8.27,2022-23 -> 2024-25,CAVEAT: items differ across years but map to a constant competency framework. Item-level year comparisons mix learning and instrument change; competency-level comparisons are more defensible (still assume similar difficulty within competency). Prefer rankings and competency-level statements across years.
Bagalkote,B0099 mudhol,C1053 lakshanatti,4000 lakshanatti,67.74,35.0,73,51.2,15.0,92,-16.54,-20.0,-8.27,2022-23 -> 2024-25,CAVEAT: items differ across years but map to a constant competency framework. Item-level year comparisons mix learning and instrument change; competency-level comparisons are more defensible (still assume similar difficulty within competency). Prefer rankings and competency-level statements across years.
Haveri,B0058 hirekerur,C2170 hullatti,3885 kunchur,83.36,60.0,162,66.87,32.5,166,-16.49,-27.5,-8.24,2022-23 -> 2024-25,CAVEAT: items differ across years but map to a constant competency framework. Item-level year comparisons mix learning and instrument change; competency-level comparisons are more defensible (still assume similar difficulty within competency). Prefer rankings and competency-level statements across years.
Ballari,B0117 sandur,C1592 tharanagara,6350 bannihatti,48.17,5.0,153,31.7,5.0,153,-16.47,0.0,-8.23,2022-23 -> 2024-25,CAVEAT: items differ across years but map to a constant competency framework. Item-level year comparisons mix learning and instrument change; competency-level comparisons are more defensible (still assume similar difficulty within competency). Prefer rankings and competency-level statements across years.
Kodagu,B0092 madikeri,C1280 napoklu,6144 yemmemaadu,50.85,15.0,165,34.44,5.0,134,-16.41,-10.0,-8.2,2022-23 -> 2024-25,CAVEAT: items differ across years but map to a constant competency framework. Item-level year comparisons mix learning and instrument change; competency-level comparisons are more defensible (still assume similar difficulty within competency). Prefer rankings and competency-level statements across years.
Ballari,B0117 sandur,C1701 vittalapura,739 anthapura,49.19,15.0,179,32.82,5.0,225,-16.37,-10.0,-8.19,2022-23 -> 2024-25,CAVEAT: items differ across years but map to a constant competency framework. Item-level year comparisons mix learning and instrument change; competency-level comparisons are more defensible (still assume similar difficulty within competency). Prefer rankings and competency-level statements across years.
Gadag,B0105 naragund,C0767 jagapur,3344 kanakikoppa,53.61,15.0,104,37.29,0.0,120,-16.32,-15.0,-8.16,2022-23 -> 2024-25,CAVEAT: items differ across years but map to a constant competency framework. Item-level year comparisons mix learning and instrument change; competency-level comparisons are more defensible (still assume similar difficulty within competency). Prefer rankings and competency-level statements across years.
Bengaluru Rural,B0064 hosakote,C1435 samethanahalli,4590 muthsandra,67.35,25.0,100,51.05,7.0,95,-16.3,-18.0,-8.15,2022-23 -> 2024-25,CAVEAT: items differ across years but map to a constant competency framework. Item-level year comparisons mix learning and instrument change; competency-level comparisons are more defensible (still assume similar difficulty within competency). Prefer rankings and competency-level statements across years.
Bidar,B0019 bhalki,C1428 saigaon,5155 saigaon,72.02,25.0,84,55.73,30.0,117,-16.29,5.0,-8.15,2022-23 -> 2024-25,CAVEAT: items differ across years but map to a constant competency framework. Item-level year comparisons mix learning and instrument change; competency-level comparisons are more defensible (still assume similar difficulty within competency). Prefer rankings and competency-level statements across years.
Gadag,B0115 ron,C0682 holealur,639 amaragol,67.87,30.0,150,51.6,20.0,178,-16.27,-10.0,-8.14,2022-23 -> 2024-25,CAVEAT: items differ across years but map to a constant competency framework. Item-level year comparisons mix learning and instrument change; competency-level comparisons are more defensible (still assume similar difficulty within competency). Prefer rankings and competency-level statements across years.
Chikkaballapura,B0030 chikkaballapur,C1419 s.gollahalli,2124 gollahalli,52.91,20.0,91,36.65,5.0,97,-16.26,-15.0,-8.13,2022-23 -> 2024-25,CAVEAT: items differ across years but map to a constant competency framework. Item-level year comparisons mix learning and instrument change; competency-level comparisons are more defensible (still assume similar difficulty within competency). Prefer rankings and competency-level statements across years.
Koppal,B0081 koppal,C0032 alawandi,609 alawandi,54.96,15.0,113,38.77,5.0,175,-16.19,-10.0,-8.1,2022-23 -> 2024-25,CAVEAT: items differ across years but map to a constant competency framework. Item-level year comparisons mix learning and instrument change; competency-level comparisons are more defensible (still assume similar difficulty within competency). Prefer rankings and competency-level statements across years.
Tumakuru,B0127 sira,C1608 thogarugunte,4421 melukunte,62.52,26.0,133,46.33,15.0,120,-16.19,-11.0,-8.1,2022-23 -> 2024-25,CAVEAT: items differ across years but map to a constant competency framework. Item-level year comparisons mix learning and instrument change; competency-level comparisons are more defensible (still assume similar difficulty within competency). Prefer rankings and competency-level statements across years.
Dharwad,B0041 dharwad,C1217 mugad,4522 mugad,83.22,60.0,169,67.04,25.0,189,-16.18,-35.0,-8.09,2022-23 -> 2024-25,CAVEAT: items differ across years but map to a constant competency framework. Item-level year comparisons mix learning and instrument change; competency-level comparisons are more defensible (still assume similar difficulty within competency). Prefer rankings and competency-level statements across years.
Chitradurga,B0026 challakere,C1443 sanikere,5209 sanikere,53.3,10.0,326,37.14,5.0,154,-16.16,-5.0,-8.08,2022-23 -> 2024-25,CAVEAT: items differ across years but map to a constant competency framework. Item-level year comparisons mix learning and instrument change; competency-level comparisons are more defensible (still assume similar difficulty within competency). Prefer rankings and competency-level statements across years.
Belagavi,B0078 khanapur,C0664 hiremunolli,3150 kadachwad,69.78,35.0,160,53.63,15.0,84,-16.15,-20.0,-8.08,2022-23 -> 2024-25,CAVEAT: items differ across years but map to a constant competency framework. Item-level year comparisons mix learning and instrument change; competency-level comparisons are more defensible (still assume similar difficulty within competency). Prefer rankings and competency-level statements across years.
Bidar,B0019 bhalki,C0409 dhannura (s),2332 halbarga,57.66,15.5,32,41.57,10.0,70,-16.09,-5.5,-8.04,2022-23 -> 2024-25,CAVEAT: items differ across years but map to a constant competency framework. Item-level year comparisons mix learning and instrument change; competency-level comparisons are more defensible (still assume similar difficulty within competency). Prefer rankings and competency-level statements across years.
Davanagere,B0071 jagalur,C0251 bilichodu,2283 haalekal,54.81,15.0,160,38.75,5.0,112,-16.06,-10.0,-8.03,2022-23 -> 2024-25,CAVEAT: items differ across years but map to a constant competency framework. Item-level year comparisons mix learning and instrument change; competency-level comparisons are more defensible (still assume similar difficulty within competency). Prefer rankings and competency-level statements across years.
Haveri,B0023 byadagi,C0271 budupanhalli,3277 kalledevaru,61.84,30.0,147,45.78,10.0,185,-16.06,-20.0,-8.03,2022-23 -> 2024-25,CAVEAT: items differ across years but map to a constant competency framework. Item-level year comparisons mix learning and instrument change; competency-level comparisons are more defensible (still assume similar difficulty within competency). Prefer rankings and competency-level statements across years.
Mandya,B0103 nagamangala,C0310 cheenya,1531 cheenya,82.12,65.0,73,66.07,25.0,89,-16.05,-40.0,-8.02,2022-23 -> 2024-25,CAVEAT: items differ across years but map to a constant competency framework. Item-level year comparisons mix learning and instrument change; competency-level comparisons are more defensible (still assume similar difficulty within competency). Prefer rankings and competency-level statements across years.
Vijayanagara,B0055 harapanahalli,C0541 gundagaththi,2239 gundagarthi,52.34,20.0,111,36.31,3.0,107,-16.03,-17.0,-8.02,2022-23 -> 2024-25,CAVEAT: items differ across years but map to a constant competency framework. Item-level year comparisons mix learning and instrument change; competency-level comparisons are more defensible (still assume similar difficulty within competency). Prefer rankings and competency-level statements across years.
Raichur,B0111 raichur,C0318 chicksugur,5299 shakawadi,58.17,25.0,205,42.15,10.0,86,-16.02,-15.0,-8.01,2022-23 -> 2024-25,CAVEAT: items differ across years but map to a constant competency framework. Item-level year comparisons mix learning and instrument change; competency-level comparisons are more defensible (still assume similar difficulty within competency). Prefer rankings and competency-level statements across years.
Koppal,B0085 kuknoor,C0756 itagi,1033 banikoppa,50.92,15.0,103,34.91,5.0,109,-16.01,-10.0,-8.0,2022-23 -> 2024-25,CAVEAT: items differ across years but map to a constant competency framework. Item-level year comparisons mix learning and instrument change; competency-level comparisons are more defensible (still assume similar difficulty within competency). Prefer rankings and competency-level statements across years.
Hassan,B0057 hassan,C1197 mosalehosahally,4476 mosale hosahally,65.85,30.0,193,49.86,15.0,142,-15.99,-15.0,-8.0,2022-23 -> 2024-25,CAVEAT: items differ across years but map to a constant competency framework. Item-level year comparisons mix learning and instrument change; competency-level comparisons are more defensible (still assume similar difficulty within competency). Prefer rankings and competency-level statements across years.
Kalaburagi,B0033 chincholi,C0954 kodli,2703 hodebeernalli,55.36,15.0,154,39.38,10.0,105,-15.98,-5.0,-7.99,2022-23 -> 2024-25,CAVEAT: items differ across years but map to a constant competency framework. Item-level year comparisons mix learning and instrument change; competency-level comparisons are more defensible (still assume similar difficulty within competency). Prefer rankings and competency-level statements across years.
Kodagu,B0140 virajpet,C0303 channenakote,4170 maldare,58.78,25.0,45,42.88,20.0,59,-15.9,-5.0,-7.95,2022-23 -> 2024-25,CAVEAT: items differ across years but map to a constant competency framework. Item-level year comparisons mix learning and instrument change; competency-level comparisons are more defensible (still assume similar difficulty within competency). Prefer rankings and competency-level statements across years.
Tumakuru,B0082 koratagere,C0967 kolala,3692 kolala,70.0,31.5,104,54.11,15.0,112,-15.89,-16.5,-7.94,2022-23 -> 2024-25,CAVEAT: items differ across years but map to a constant competency framework. Item-level year comparisons mix learning and instrument change; competency-level comparisons are more defensible (still assume similar difficulty within competency). Prefer rankings and competency-level statements across years.
Chitradurga,B0035 chitradurga,C0331 chikkagondanahalli,1577 chikkagondanahalli,66.17,30.0,184,50.32,15.0,188,-15.85,-15.0,-7.92,2022-23 -> 2024-25,CAVEAT: items differ across years but map to a constant competency framework. Item-level year comparisons mix learning and instrument change; competency-level comparisons are more defensible (still assume similar difficulty within competency). Prefer rankings and competency-level statements across years.
Chitradurga,B0026 challakere,C0423 doddachellur,1891 doddachellur,58.38,16.5,114,42.57,5.0,105,-15.81,-11.5,-7.9,2022-23 -> 2024-25,CAVEAT: items differ across years but map to a constant competency framework. Item-level year comparisons mix learning and instrument change; competency-level comparisons are more defensible (still assume similar difficulty within competency). Prefer rankings and competency-level statements across years.
Davanagere,B0062 honnali,C1718 yakkanahalli,3861 kulambi,53.66,20.0,41,37.93,5.0,87,-15.73,-15.0,-7.86,2022-23 -> 2024-25,CAVEAT: items differ across years but map to a constant competency framework. Item-level year comparisons mix learning and instrument change; competency-level comparisons are more defensible (still assume similar difficulty within competency). Prefer rankings and competency-level statements across years.
Vijayanagara,B0051 hadagali,C0650 hire mallanakeri,2662 hiremallanakere,69.4,38.5,58,53.7,25.0,100,-15.7,-13.5,-7.85,2022-23 -> 2024-25,CAVEAT: items differ across years but map to a constant competency framework. Item-level year comparisons mix learning and instrument change; competency-level comparisons are more defensible (still assume similar difficulty within competency). Prefer rankings and competency-level statements across years.
Chamarajanagara,B0080 kollegala,C1222 mulluru,2453 harale,53.57,15.0,105,37.88,5.0,118,-15.69,-10.0,-7.84,2022-23 -> 2024-25,CAVEAT: items differ across years but map to a constant competency framework. Item-level year comparisons mix learning and instrument change; competency-level comparisons are more defensible (still assume similar difficulty within competency). Prefer rankings and competency-level statements across years.
Tumakuru,B0087 kunigal,C0737 huthridurga,2901 hutharidhurga,81.44,65.0,73,65.76,35.0,72,-15.68,-30.0,-7.84,2022-23 -> 2024-25,CAVEAT: items differ across years but map to a constant competency framework. Item-level year comparisons mix learning and instrument change; competency-level comparisons are more defensible (still assume similar difficulty within competency). Prefer rankings and competency-level statements across years.
Mandya,B0109 pandavapura,C0915 katteri,763 aralakuppe,79.2,55.0,88,63.53,25.0,68,-15.67,-30.0,-7.84,2022-23 -> 2024-25,CAVEAT: items differ across years but map to a constant competency framework. Item-level year comparisons mix learning and instrument change; competency-level comparisons are more defensible (still assume similar difficulty within competency). Prefer rankings and competency-level statements across years.
Koppal,B0081 koppal,C1019 kukanapalli,3275 kallatavaragera,66.21,38.0,157,50.55,15.0,91,-15.66,-23.0,-7.83,2022-23 -> 2024-25,CAVEAT: items differ across years but map to a constant competency framework. Item-level year comparisons mix learning and instrument change; competency-level comparisons are more defensible (still assume similar difficulty within competency). Prefer rankings and competency-level statements across years.
Gadag,B0043 gadag rural,C0187 beladadi,1143 beladhadi,52.99,15.0,154,37.34,4.0,169,-15.65,-11.0,-7.82,2022-23 -> 2024-25,CAVEAT: items differ across years but map to a constant competency framework. Item-level year comparisons mix learning and instrument change; competency-level comparisons are more defensible (still assume similar difficulty within competency). Prefer rankings and competency-level statements across years.
Bidar,B0007 aurad,C1622 torna,1494 chandoori,79.52,60.0,21,63.88,35.0,49,-15.64,-25.0,-7.82,2022-23 -> 2024-25,CAVEAT: items differ across years but map to a constant competency framework. Item-level year comparisons mix learning and instrument change; competency-level comparisons are more defensible (still assume similar difficulty within competency). Prefer rankings and competency-level statements across years.
Koppal,B0085 kuknoor,C0756 itagi,6614 itagi,60.5,25.0,161,44.89,5.0,137,-15.61,-20.0,-7.8,2022-23 -> 2024-25,CAVEAT: items differ across years but map to a constant competency framework. Item-level year comparisons mix learning and instrument change; competency-level comparisons are more defensible (still assume similar difficulty within competency). Prefer rankings and competency-level statements across years.
Hassan,B0018 belur,C1872 belur,1562 chikka medur,78.65,52.0,85,63.09,35.0,97,-15.56,-17.0,-7.78,2022-23 -> 2024-25,CAVEAT: items differ across years but map to a constant competency framework. Item-level year comparisons mix learning and instrument change; competency-level comparisons are more defensible (still assume similar difficulty within competency). Prefer rankings and competency-level statements across years.
Bagalkote,B0099 mudhol,C1679 uttur,5971 vantagodi,71.06,49.0,85,55.5,20.0,140,-15.56,-29.0,-7.78,2022-23 -> 2024-25,CAVEAT: items differ across years but map to a constant competency framework. Item-level year comparisons mix learning and instrument change; competency-level comparisons are more defensible (still assume similar difficulty within competency). Prefer rankings and competency-level statements across years.
Vijayanagara,B0065 hosapete,C0384 deva samudra,1808 devasamudhra,46.78,15.0,180,31.23,0.0,223,-15.55,-15.0,-7.78,2022-23 -> 2024-25,CAVEAT: items differ across years but map to a constant competency framework. Item-level year comparisons mix learning and instrument change; competency-level comparisons are more defensible (still assume similar difficulty within competency). Prefer rankings and competency-level statements across years.
Chamarajanagara,B0080 kollegala,C1222 mulluru,4545 mulluru,65.95,40.0,116,50.41,23.5,98,-15.54,-16.5,-7.77,2022-23 -> 2024-25,CAVEAT: items differ across years but map to a constant competency framework. Item-level year comparisons mix learning and instrument change; competency-level comparisons are more defensible (still assume similar difficulty within competency). Prefer rankings and competency-level statements across years.
Koppal,B0081 koppal,C1019 kukanapalli,2947 indragi,72.35,40.0,51,56.81,25.0,226,-15.54,-15.0,-7.77,2022-23 -> 2024-25,CAVEAT: items differ across years but map to a constant competency framework. Item-level year comparisons mix learning and instrument change; competency-level comparisons are more defensible (still assume similar difficulty within competency). Prefer rankings and competency-level statements across years.
Chamarajanagara,B0050 gundlupet,C1334 paduguru,4917 paduguru,62.25,15.0,111,46.73,11.0,113,-15.52,-4.0,-7.76,2022-23 -> 2024-25,CAVEAT: items differ across years but map to a constant competency framework. Item-level year comparisons mix learning and instrument change; competency-level comparisons are more defensible (still assume similar difficulty within competency). Prefer rankings and competency-level statements across years.
Koppal,B0088 kustagi,C1182 menedhal,4425 menadal,56.88,20.0,93,41.38,10.0,235,-15.5,-10.0,-7.75,2022-23 -> 2024-25,CAVEAT: items differ across years but map to a constant competency framework. Item-level year comparisons mix learning and instrument change; competency-level comparisons are more defensible (still assume similar difficulty within competency). Prefer rankings and competency-level statements across years.
Vijayanagara,B0055 harapanahalli,C1598 theligi,5661 teligi,57.72,15.0,123,42.23,5.0,195,-15.49,-10.0,-7.74,2022-23 -> 2024-25,CAVEAT: items differ across years but map to a constant competency framework. Item-level year comparisons mix learning and instrument change; competency-level comparisons are more defensible (still assume similar difficulty within competency). Prefer rankings and competency-level statements across years.
Vijayanagara,B0055 harapanahalli,C0820 kadabagere,4834 nichchavvanahalli,44.61,5.0,181,29.16,0.0,185,-15.45,-5.0,-7.72,2022-23 -> 2024-25,CAVEAT: items differ across years but map to a constant competency framework. Item-level year comparisons mix learning and instrument change; competency-level comparisons are more defensible (still assume similar difficulty within competency). Prefer rankings and competency-level statements across years.
Hassan,B0029 channarayapatna,C0408 dhammaningala,1728 dammaningala,57.5,10.0,50,42.05,10.0,44,-15.45,0.0,-7.72,2022-23 -> 2024-25,CAVEAT: items differ across years but map to a constant competency framework. Item-level year comparisons mix learning and instrument change; competency-level comparisons are more defensible (still assume similar difficulty within competency). Prefer rankings and competency-level statements across years.
Koppal,B0081 koppal,C0941 kinnal(bhagyanagar),3610 kinnal,64.09,20.0,104,48.69,10.0,214,-15.4,-10.0,-7.7,2022-23 -> 2024-25,CAVEAT: items differ across years but map to a constant competency framework. Item-level year comparisons mix learning and instrument change; competency-level comparisons are more defensible (still assume similar difficulty within competency). Prefer rankings and competency-level statements across years.
Kalaburagi,B0073 jewargi,C0647 hippargi,2609 hipparga 24,51.96,15.0,140,36.56,5.0,96,-15.4,-10.0,-7.7,2022-23 -> 2024-25,CAVEAT: items differ across years but map to a constant competency framework. Item-level year comparisons mix learning and instrument change; competency-level comparisons are more defensible (still assume similar difficulty within competency). Prefer rankings and competency-level statements across years.
Vijayanagara,B0084 kudligi,C0359 chirathagundu,1657 chirathagundu,37.28,0.0,116,21.88,0.0,120,-15.4,0.0,-7.7,2022-23 -> 2024-25,CAVEAT: items differ across years but map to a constant competency framework. Item-level year comparisons mix learning and instrument change; competency-level comparisons are more defensible (still assume similar difficulty within competency). Prefer rankings and competency-level statements across years.
Kodagu,B0140 virajpet,C0859 kalthodu,1374 bittangala,60.23,35.0,44,44.83,20.0,30,-15.4,-15.0,-7.7,2022-23 -> 2024-25,CAVEAT: items differ across years but map to a constant competency framework. Item-level year comparisons mix learning and instrument change; competency-level comparisons are more defensible (still assume similar difficulty within competency). Prefer rankings and competency-level statements across years.
Dharwad,B0066 hubli,C0276 byahatti,1432 byahatti,82.59,60.0,187,67.2,20.0,370,-15.39,-40.0,-7.7,2022-23 -> 2024-25,CAVEAT: items differ across years but map to a constant competency framework. Item-level year comparisons mix learning and instrument change; competency-level comparisons are more defensible (still assume similar difficulty within competency). Prefer rankings and competency-level statements across years.
Raichur,B0089 lingasugur,C1141 maraladinni,519 adavibhavi tanda,52.57,20.0,101,37.23,5.0,155,-15.34,-15.0,-7.67,2022-23 -> 2024-25,CAVEAT: items differ across years but map to a constant competency framework. Item-level year comparisons mix learning and instrument change; competency-level comparisons are more defensible (still assume similar difficulty within competency). Prefer rankings and competency-level statements across years.
Koppal,B0081 koppal,C0564 halageri,2347 halgeri,67.63,35.0,118,52.33,20.0,105,-15.3,-15.0,-7.65,2022-23 -> 2024-25,CAVEAT: items differ across years but map to a constant competency framework. Item-level year comparisons mix learning and instrument change; competency-level comparisons are more defensible (still assume similar difficulty within competency). Prefer rankings and competency-level statements across years.
Raichur,B0126 sindhanur,C0777 jalihal,1096 bassapur (k),43.83,10.0,98,28.55,0.0,76,-15.28,-10.0,-7.64,2022-23 -> 2024-25,CAVEAT: items differ across years but map to a constant competency framework. Item-level year comparisons mix learning and instrument change; competency-level comparisons are more defensible (still assume similar difficulty within competency). Prefer rankings and competency-level statements across years.
Chamarajanagara,B0027 chamarajanagar,C1125 mangala,1294 bhogapura,59.77,25.0,64,44.5,15.0,50,-15.27,-10.0,-7.64,2022-23 -> 2024-25,CAVEAT: items differ across years but map to a constant competency framework. Item-level year comparisons mix learning and instrument change; competency-level comparisons are more defensible (still assume similar difficulty within competency). Prefer rankings and competency-level statements across years.
Vijayanagara,B0065 hosapete,C0602 hanumanahalli,1733 danapura,55.62,20.0,219,40.37,10.0,246,-15.25,-10.0,-7.62,2022-23 -> 2024-25,CAVEAT: items differ across years but map to a constant competency framework. Item-level year comparisons mix learning and instrument change; competency-level comparisons are more defensible (still assume similar difficulty within competency). Prefer rankings and competency-level statements across years.
Ballari,B0013 ballari west,C0974 koluru,5460 somasamudra,39.61,10.0,154,24.37,0.0,213,-15.24,-10.0,-7.62,2022-23 -> 2024-25,CAVEAT: items differ across years but map to a constant competency framework. Item-level year comparisons mix learning and instrument change; competency-level comparisons are more defensible (still assume similar difficulty within competency). Prefer rankings and competency-level statements across years.
Hassan,B0061 holenarasipura,C1256 nagaranahalli,4658 nagaranahally,58.64,20.0,143,43.41,5.0,116,-15.23,-15.0,-7.62,2022-23 -> 2024-25,CAVEAT: items differ across years but map to a constant competency framework. Item-level year comparisons mix learning and instrument change; competency-level comparisons are more defensible (still assume similar difficulty within competency). Prefer rankings and competency-level statements across years.
Chitradurga,B0026 challakere,C0114 b.n.pura,1150 belagere,53.31,10.0,234,38.1,0.0,166,-15.21,-10.0,-7.6,2022-23 -> 2024-25,CAVEAT: items differ across years but map to a constant competency framework. Item-level year comparisons mix learning and instrument change; competency-level comparisons are more defensible (still assume similar difficulty within competency). Prefer rankings and competency-level statements across years.
Tumakuru,B0136 tumkur,C1325 obalapura,6539 obalapura,79.07,55.0,124,63.92,34.0,79,-15.15,-21.0,-7.58,2022-23 -> 2024-25,CAVEAT: items differ across years but map to a constant competency framework. Item-level year comparisons mix learning and instrument change; competency-level comparisons are more defensible (still assume similar difficulty within competency). Prefer rankings and competency-level statements across years.
Tumakuru,B0127 sira,C1430 sakshihalli,5070 ramalingapura,67.71,39.5,190,52.56,25.0,129,-15.15,-14.5,-7.58,2022-23 -> 2024-25,CAVEAT: items differ across years but map to a constant competency framework. Item-level year comparisons mix learning and instrument change; competency-level comparisons are more defensible (still assume similar difficulty within competency). Prefer rankings and competency-level statements across years.
Chitradurga,B0060 holalkere,C1571 talikatte,5617 talikatte,66.8,25.0,150,51.65,15.0,142,-15.15,-10.0,-7.58,2022-23 -> 2024-25,CAVEAT: items differ across years but map to a constant competency framework. Item-level year comparisons mix learning and instrument change; competency-level comparisons are more defensible (still assume similar difficulty within competency). Prefer rankings and competency-level statements across years.
Chamarajanagara,B0027 chamarajanagar,C1643 ummatturu,4768 navilur,61.43,26.0,42,46.28,29.0,39,-15.15,3.0,-7.58,2022-23 -> 2024-25,CAVEAT: items differ across years but map to a constant competency framework. Item-level year comparisons mix learning and instrument change; competency-level comparisons are more defensible (still assume similar difficulty within competency). Prefer rankings and competency-level statements across years.
Tumakuru,B0137 turuvekere,C0371 dabbe ghatta,1717 dabbeghatta,75.44,45.0,57,60.31,25.0,49,-15.13,-20.0,-7.56,2022-23 -> 2024-25,CAVEAT: items differ across years but map to a constant competency framework. Item-level year comparisons mix learning and instrument change; competency-level comparisons are more defensible (still assume similar difficulty within competency). Prefer rankings and competency-level statements across years.
Koppal,B0081 koppal,C1033 kunikeri,3902 kunikeri,56.28,25.0,149,41.18,10.0,106,-15.1,-15.0,-7.55,2022-23 -> 2024-25,CAVEAT: items differ across years but map to a constant competency framework. Item-level year comparisons mix learning and instrument change; competency-level comparisons are more defensible (still assume similar difficulty within competency). Prefer rankings and competency-level statements across years.
Chamarajanagara,B0050 gundlupet,C0733 hundipura,6291 shivapura,70.6,36.5,42,55.5,25.0,70,-15.1,-11.5,-7.55,2022-23 -> 2024-25,CAVEAT: items differ across years but map to a constant competency framework. Item-level year comparisons mix learning and instrument change; competency-level comparisons are more defensible (still assume similar difficulty within competency). Prefer rankings and competency-level statements across years.
Tumakuru,B0031 chiknayakanhalli,C0327 chikkabidare,1863 dodda bidare,64.33,30.0,127,49.24,10.0,105,-15.09,-20.0,-7.54,2022-23 -> 2024-25,CAVEAT: items differ across years but map to a constant competency framework. Item-level year comparisons mix learning and instrument change; competency-level comparisons are more defensible (still assume similar difficulty within competency). Prefer rankings and competency-level statements across years.
Chitradurga,B0026 challakere,C1177 meerasabeehalli,4401 meerasaabihalli,39.12,5.0,154,24.04,0.0,157,-15.08,-5.0,-7.54,2022-23 -> 2024-25,CAVEAT: items differ across years but map to a constant competency framework. Item-level year comparisons mix learning and instrument change; competency-level comparisons are more defensible (still assume similar difficulty within competency). Prefer rankings and competency-level statements across years.
Hassan,B0116 sakaleshapura,C0919 kelagalale,5864 udevara,62.18,40.0,78,47.17,15.0,60,-15.01,-25.0,-7.5,2022-23 -> 2024-25,CAVEAT: items differ across years but map to a constant competency framework. Item-level year comparisons mix learning and instrument change; competency-level comparisons are more defensible (still assume similar difficulty within competency). Prefer rankings and competency-level statements across years.
Belagavi,B0078 khanapur,C0756 itagi,2976 itagi,76.76,45.0,156,61.76,25.0,156,-15.0,-20.0,-7.5,2022-23 -> 2024-25,CAVEAT: items differ across years but map to a constant competency framework. Item-level year comparisons mix learning and instrument change; competency-level comparisons are more defensible (still assume similar difficulty within competency). Prefer rankings and competency-level statements across years.
Gadag,B0102 mundaragi,C0992 korlahalli,3780 korlahalli,56.61,25.0,124,41.64,10.0,171,-14.97,-15.0,-7.48,2022-23 -> 2024-25,CAVEAT: items differ across years but map to a constant competency framework. Item-level year comparisons mix learning and instrument change; competency-level comparisons are more defensible (still assume similar difficulty within competency). Prefer rankings and competency-level statements across years.
Tumakuru,B0031 chiknayakanhalli,C0435 doddennegere,1923 doddayennegere,61.69,25.0,172,46.73,5.0,133,-14.96,-20.0,-7.48,2022-23 -> 2024-25,CAVEAT: items differ across years but map to a constant competency framework. Item-level year comparisons mix learning and instrument change; competency-level comparisons are more defensible (still assume similar difficulty within competency). Prefer rankings and competency-level statements across years.
Chamarajanagara,B0050 gundlupet,C0698 horeyala,3795 kotekere,58.02,11.5,124,43.07,10.0,114,-14.95,-1.5,-7.48,2022-23 -> 2024-25,CAVEAT: items differ across years but map to a constant competency framework. Item-level year comparisons mix learning and instrument change; competency-level comparisons are more defensible (still assume similar difficulty within competency). Prefer rankings and competency-level statements across years.
Dharwad,B0041 dharwad,C0492 garag,2067 garag,59.19,20.0,166,44.25,5.0,199,-14.94,-15.0,-7.47,2022-23 -> 2024-25,CAVEAT: items differ across years but map to a constant competency framework. Item-level year comparisons mix learning and instrument change; competency-level comparisons are more defensible (still assume similar difficulty within competency). Prefer rankings and competency-level statements across years.
Vijayanagara,B0065 hosapete,"C1698 vinobha,chithawadgi hpt",2807 hosuru,43.25,15.0,60,28.32,0.0,104,-14.93,-15.0,-7.46,2022-23 -> 2024-25,CAVEAT: items differ across years but map to a constant competency framework. Item-level year comparisons mix learning and instrument change; competency-level comparisons are more defensible (still assume similar difficulty within competency). Prefer rankings and competency-level statements across years.
Chamarajanagara,B0050 gundlupet,C0598 hangala,2418 hangala,55.41,10.0,110,40.49,5.0,72,-14.92,-5.0,-7.46,2022-23 -> 2024-25,CAVEAT: items differ across years but map to a constant competency framework. Item-level year comparisons mix learning and instrument change; competency-level comparisons are more defensible (still assume similar difficulty within competency). Prefer rankings and competency-level statements across years.
Davanagere,B0062 honnali,C0520 govinakovi,2450 haralahalli,55.45,15.0,89,40.53,5.0,85,-14.92,-10.0,-7.46,2022-23 -> 2024-25,CAVEAT: items differ across years but map to a constant competency framework. Item-level year comparisons mix learning and instrument change; competency-level comparisons are more defensible (still assume similar difficulty within competency). Prefer rankings and competency-level statements across years.
Haveri,B0053 hanagal,C1774 akkialur,580 akkialur,78.51,40.0,114,63.65,35.0,52,-14.86,-5.0,-7.43,2022-23 -> 2024-25,CAVEAT: items differ across years but map to a constant competency framework. Item-level year comparisons mix learning and instrument change; competency-level comparisons are more defensible (still assume similar difficulty within competency). Prefer rankings and competency-level statements across years.
Vijayanagara,B0065 hosapete,C0465 g.nagalapura,4640 nagalapura,50.77,15.0,163,35.92,5.0,229,-14.85,-10.0,-7.42,2022-23 -> 2024-25,CAVEAT: items differ across years but map to a constant competency framework. Item-level year comparisons mix learning and instrument change; competency-level comparisons are more defensible (still assume similar difficulty within competency). Prefer rankings and competency-level statements across years.
Raichur,B0096 manvi,C0622 harvi,2497 harvi,52.03,15.0,79,37.22,5.0,72,-14.81,-10.0,-7.4,2022-23 -> 2024-25,CAVEAT: items differ across years but map to a constant competency framework. Item-level year comparisons mix learning and instrument change; competency-level comparisons are more defensible (still assume similar difficulty within competency). Prefer rankings and competency-level statements across years.
Dharwad,B0041 dharwad,C0492 garag,2422 hangarki,69.4,31.5,134,54.61,10.0,114,-14.79,-21.5,-7.4,2022-23 -> 2024-25,CAVEAT: items differ across years but map to a constant competency framework. Item-level year comparisons mix learning and instrument change; competency-level comparisons are more defensible (still assume similar difficulty within competency). Prefer rankings and competency-level statements across years.
Gadag,B0115 ron,C0994 kotabal,3788 kotabal,45.36,10.0,140,30.58,3.5,198,-14.78,-6.5,-7.39,2022-23 -> 2024-25,CAVEAT: items differ across years but map to a constant competency framework. Item-level year comparisons mix learning and instrument change; competency-level comparisons are more defensible (still assume similar difficulty within competency). Prefer rankings and competency-level statements across years.
Chitradurga,B0026 challakere,C1245 n mahadevapura,5723 thimmappanahalli,42.91,5.5,222,28.15,5.0,170,-14.76,-0.5,-7.38,2022-23 -> 2024-25,CAVEAT: items differ across years but map to a constant competency framework. Item-level year comparisons mix learning and instrument change; competency-level comparisons are more defensible (still assume similar difficulty within competency). Prefer rankings and competency-level statements across years.
Vijayanagara,B0065 hosapete,C1348 papinayakana hall,1448 byluvaddigeri,61.06,25.0,118,46.32,20.0,95,-14.74,-5.0,-7.37,2022-23 -> 2024-25,CAVEAT: items differ across years but map to a constant competency framework. Item-level year comparisons mix learning and instrument change; competency-level comparisons are more defensible (still assume similar difficulty within competency). Prefer rankings and competency-level statements across years.
Bidar,B0068 humnabad,C1632 udbal,3646 kodambal,49.59,25.0,73,34.85,5.0,100,-14.74,-20.0,-7.37,2022-23 -> 2024-25,CAVEAT: items differ across years but map to a constant competency framework. Item-level year comparisons mix learning and instrument change; competency-level comparisons are more defensible (still assume similar difficulty within competency). Prefer rankings and competency-level statements across years.
Chamarajanagara,B0054 hanur,C1331 p.g.palya,4908 p g palya,77.93,47.0,29,63.19,27.5,36,-14.74,-19.5,-7.37,2022-23 -> 2024-25,CAVEAT: items differ across years but map to a constant competency framework. Item-level year comparisons mix learning and instrument change; competency-level comparisons are more defensible (still assume similar difficulty within competency). Prefer rankings and competency-level statements across years.
Raichur,B0089 lingasugur,C1570 talekhan,5615 talekhan,56.25,20.0,148,41.52,5.0,207,-14.73,-15.0,-7.36,2022-23 -> 2024-25,CAVEAT: items differ across years but map to a constant competency framework. Item-level year comparisons mix learning and instrument change; competency-level comparisons are more defensible (still assume similar difficulty within competency). Prefer rankings and competency-level statements across years.
Kodagu,B0092 madikeri,C0313 cherambane,213009030 cherambane,68.51,31.0,37,53.8,17.5,46,-14.71,-13.5,-7.36,2022-23 -> 2024-25,CAVEAT: items differ across years but map to a constant competency framework. Item-level year comparisons mix learning and instrument change; competency-level comparisons are more defensible (still assume similar difficulty within competency). Prefer rankings and competency-level statements across years.
Dharwad,B0066 hubli,C1489 shirguppi,3702 koliwad,72.82,55.0,71,58.13,19.0,99,-14.69,-36.0,-7.34,2022-23 -> 2024-25,CAVEAT: items differ across years but map to a constant competency framework. Item-level year comparisons mix learning and instrument change; competency-level comparisons are more defensible (still assume similar difficulty within competency). Prefer rankings and competency-level statements across years.
Chikkaballapura,B0034 chintamani,C0343 chilakalanerpu,1623 chilakalanerpu,57.98,21.0,42,43.29,8.5,38,-14.69,-12.5,-7.34,2022-23 -> 2024-25,CAVEAT: items differ across years but map to a constant competency framework. Item-level year comparisons mix learning and instrument change; competency-level comparisons are more defensible (still assume similar difficulty within competency). Prefer rankings and competency-level statements across years.
Vijayanagara,B0055 harapanahalli,C0519 goverahalli,2474 harkanalu,50.3,10.0,115,35.64,0.0,195,-14.66,-10.0,-7.33,2022-23 -> 2024-25,CAVEAT: items differ across years but map to a constant competency framework. Item-level year comparisons mix learning and instrument change; competency-level comparisons are more defensible (still assume similar difficulty within competency). Prefer rankings and competency-level statements across years.
Belagavi,B0130 soundatti,C1636 ugargol,1239 betsur,62.35,30.0,130,47.69,15.0,108,-14.66,-15.0,-7.33,2022-23 -> 2024-25,CAVEAT: items differ across years but map to a constant competency framework. Item-level year comparisons mix learning and instrument change; competency-level comparisons are more defensible (still assume similar difficulty within competency). Prefer rankings and competency-level statements across years.
Vijayanagara,B0055 harapanahalli,C0122 bagali,6329 bagali,47.05,10.0,105,32.39,5.0,153,-14.66,-5.0,-7.33,2022-23 -> 2024-25,CAVEAT: items differ across years but map to a constant competency framework. Item-level year comparisons mix learning and instrument change; competency-level comparisons are more defensible (still assume similar difficulty within competency). Prefer rankings and competency-level statements across years.
Vijayanagara,B0052 hagaribommanahalli,C0380 dashamapura,1744 dasamapura,38.32,5.0,161,23.69,0.0,160,-14.63,-5.0,-7.32,2022-23 -> 2024-25,CAVEAT: items differ across years but map to a constant competency framework. Item-level year comparisons mix learning and instrument change; competency-level comparisons are more defensible (still assume similar difficulty within competency). Prefer rankings and competency-level statements across years.
Chitradurga,B0063 hosadurga,C1166 mattodu,4364 mathodu,53.1,5.0,145,38.48,0.0,135,-14.62,-5.0,-7.31,2022-23 -> 2024-25,CAVEAT: items differ across years but map to a constant competency framework. Item-level year comparisons mix learning and instrument change; competency-level comparisons are more defensible (still assume similar difficulty within competency). Prefer rankings and competency-level statements across years.
Vijayanagara,B0051 hadagali,C0648 hire hadagali,1122 beerabbi,55.85,25.0,106,41.23,0.0,81,-14.62,-25.0,-7.31,2022-23 -> 2024-25,CAVEAT: items differ across years but map to a constant competency framework. Item-level year comparisons mix learning and instrument change; competency-level comparisons are more defensible (still assume similar difficulty within competency). Prefer rankings and competency-level statements across years.
Kolar,B0131 srinivasapur,C1270 nambihalli,4701 nambuhalli,77.98,55.0,104,63.37,28.5,98,-14.61,-26.5,-7.3,2022-23 -> 2024-25,CAVEAT: items differ across years but map to a constant competency framework. Item-level year comparisons mix learning and instrument change; competency-level comparisons are more defensible (still assume similar difficulty within competency). Prefer rankings and competency-level statements across years.
Dharwad,B0041 dharwad,C1578 tegur,6486 kotur,84.19,65.0,217,69.6,45.0,273,-14.59,-20.0,-7.3,2022-23 -> 2024-25,CAVEAT: items differ across years but map to a constant competency framework. Item-level year comparisons mix learning and instrument change; competency-level comparisons are more defensible (still assume similar difficulty within competency). Prefer rankings and competency-level statements across years.
Bidar,B0019 bhalki,C0875 kanaji,3337 kanaji,48.1,25.0,63,33.51,3.0,57,-14.59,-22.0,-7.3,2022-23 -> 2024-25,CAVEAT: items differ across years but map to a constant competency framework. Item-level year comparisons mix learning and instrument change; competency-level comparisons are more defensible (still assume similar difficulty within competency). Prefer rankings and competency-level statements across years.
Ballari,B0128 siruguppa,C0378 darur,5194 sanavasapura,37.99,5.0,162,23.41,0.0,274,-14.58,-5.0,-7.29,2022-23 -> 2024-25,CAVEAT: items differ across years but map to a constant competency framework. Item-level year comparisons mix learning and instrument change; competency-level comparisons are more defensible (still assume similar difficulty within competency). Prefer rankings and competency-level statements across years.
Bagalkote,B0072 jamakhandi,C0729 hulyal,2859 hulyal,75.21,55.0,97,60.66,30.0,121,-14.55,-25.0,-7.28,2022-23 -> 2024-25,CAVEAT: items differ across years but map to a constant competency framework. Item-level year comparisons mix learning and instrument change; competency-level comparisons are more defensible (still assume similar difficulty within competency). Prefer rankings and competency-level statements across years.
Koppal,B0044 gangavathi,C0291 challur,1535 chellur,65.22,37.5,46,50.71,16.0,42,-14.51,-21.5,-7.26,2022-23 -> 2024-25,CAVEAT: items differ across years but map to a constant competency framework. Item-level year comparisons mix learning and instrument change; competency-level comparisons are more defensible (still assume similar difficulty within competency). Prefer rankings and competency-level statements across years.
Koppal,B0044 gangavathi,C0291 challur,6225 hulkihal,55.9,16.5,184,41.4,5.0,146,-14.5,-11.5,-7.25,2022-23 -> 2024-25,CAVEAT: items differ across years but map to a constant competency framework. Item-level year comparisons mix learning and instrument change; competency-level comparisons are more defensible (still assume similar difficulty within competency). Prefer rankings and competency-level statements across years.
Gadag,B0043 gadag rural,C0874 kanaginahal,3334 kanaginahal,66.88,30.0,128,52.39,15.0,132,-14.49,-15.0,-7.24,2022-23 -> 2024-25,CAVEAT: items differ across years but map to a constant competency framework. Item-level year comparisons mix learning and instrument change; competency-level comparisons are more defensible (still assume similar difficulty within competency). Prefer rankings and competency-level statements across years.
Tumakuru,B0136 tumkur,C0272 bugudanahalli,1413 buduganahalli,67.84,38.0,67,53.39,15.0,118,-14.45,-23.0,-7.22,2022-23 -> 2024-25,CAVEAT: items differ across years but map to a constant competency framework. Item-level year comparisons mix learning and instrument change; competency-level comparisons are more defensible (still assume similar difficulty within competency). Prefer rankings and competency-level statements across years.
Davanagere,B0037 davanagere(n),C0057 anaji,6447 anaji,54.47,5.0,159,40.03,5.0,144,-14.44,0.0,-7.22,2022-23 -> 2024-25,CAVEAT: items differ across years but map to a constant competency framework. Item-level year comparisons mix learning and instrument change; competency-level comparisons are more defensible (still assume similar difficulty within competency). Prefer rankings and competency-level statements across years.
Kalaburagi,B0073 jewargi,C0254 bilwar,960 balbatti 19,52.58,10.0,180,38.18,5.0,157,-14.4,-5.0,-7.2,2022-23 -> 2024-25,CAVEAT: items differ across years but map to a constant competency framework. Item-level year comparisons mix learning and instrument change; competency-level comparisons are more defensible (still assume similar difficulty within competency). Prefer rankings and competency-level statements across years.
Bidar,B0007 aurad,C1042 kushnoor-t,3956 kushnoor (t),63.2,40.0,61,48.81,10.0,88,-14.39,-30.0,-7.2,2022-23 -> 2024-25,CAVEAT: items differ across years but map to a constant competency framework. Item-level year comparisons mix learning and instrument change; competency-level comparisons are more defensible (still assume similar difficulty within competency). Prefer rankings and competency-level statements across years.
Chikkaballapura,B0124 sidlaghatta,C0397 devaramalluru,3808 kottanoor,55.95,20.0,37,41.6,8.0,47,-14.35,-12.0,-7.18,2022-23 -> 2024-25,CAVEAT: items differ across years but map to a constant competency framework. Item-level year comparisons mix learning and instrument change; competency-level comparisons are more defensible (still assume similar difficulty within competency). Prefer rankings and competency-level statements across years.
Bengaluru Rural,B0064 hosakote,C0031 alappanahalli,3996 lakkondahalli,59.49,15.0,78,45.18,15.0,83,-14.31,0.0,-7.16,2022-23 -> 2024-25,CAVEAT: items differ across years but map to a constant competency framework. Item-level year comparisons mix learning and instrument change; competency-level comparisons are more defensible (still assume similar difficulty within competency). Prefer rankings and competency-level statements across years.
Hassan,B0029 channarayapatna,C0668 hirisave,2684 hirisave,58.72,25.0,141,44.42,5.0,154,-14.3,-20.0,-7.15,2022-23 -> 2024-25,CAVEAT: items differ across years but map to a constant competency framework. Item-level year comparisons mix learning and instrument change; competency-level comparisons are more defensible (still assume similar difficulty within competency). Prefer rankings and competency-level statements across years.
Vijayanagara,B0052 hagaribommanahalli,C0118 bachigondana halli,3160 kadalabalu,50.47,13.5,128,36.19,5.0,180,-14.28,-8.5,-7.14,2022-23 -> 2024-25,CAVEAT: items differ across years but map to a constant competency framework. Item-level year comparisons mix learning and instrument change; competency-level comparisons are more defensible (still assume similar difficulty within competency). Prefer rankings and competency-level statements across years.
Bidar,B0015 basavakalyan,C1136 manthal,2249 gundur,55.16,10.5,92,40.89,10.0,73,-14.27,-0.5,-7.14,2022-23 -> 2024-25,CAVEAT: items differ across years but map to a constant competency framework. Item-level year comparisons mix learning and instrument change; competency-level comparisons are more defensible (still assume similar difficulty within competency). Prefer rankings and competency-level statements across years.
Dharwad,B0066 hubli,C1137 mantur,1270 bhandiwad,62.52,29.0,115,48.25,10.0,120,-14.27,-19.0,-7.14,2022-23 -> 2024-25,CAVEAT: items differ across years but map to a constant competency framework. Item-level year comparisons mix learning and instrument change; competency-level comparisons are more defensible (still assume similar difficulty within competency). Prefer rankings and competency-level statements across years.
Koppal,B0081 koppal,C0918 kawalur,2513 hatti (a),61.7,30.0,144,47.46,10.0,179,-14.24,-20.0,-7.12,2022-23 -> 2024-25,CAVEAT: items differ across years but map to a constant competency framework. Item-level year comparisons mix learning and instrument change; competency-level comparisons are more defensible (still assume similar difficulty within competency). Prefer rankings and competency-level statements across years.
Dharwad,B0076 kalghatagi,C0381 dastikoppa,4062 madakihonnalli,64.96,30.0,131,50.73,10.0,151,-14.23,-20.0,-7.12,2022-23 -> 2024-25,CAVEAT: items differ across years but map to a constant competency framework. Item-level year comparisons mix learning and instrument change; competency-level comparisons are more defensible (still assume similar difficulty within competency). Prefer rankings and competency-level statements across years.
Yadgir,B0141 yadgir,C1744 yelheri,6083 yalleheri,50.15,10.0,102,35.92,5.0,120,-14.23,-5.0,-7.12,2022-23 -> 2024-25,CAVEAT: items differ across years but map to a constant competency framework. Item-level year comparisons mix learning and instrument change; competency-level comparisons are more defensible (still assume similar difficulty within competency). Prefer rankings and competency-level statements across years.
Mandya,B0090 maddur,C0642 hemmanahally,2575 hemmana hally,65.36,32.0,28,51.14,15.0,44,-14.22,-17.0,-7.11,2022-23 -> 2024-25,CAVEAT: items differ across years but map to a constant competency framework. Item-level year comparisons mix learning and instrument change; competency-level comparisons are more defensible (still assume similar difficulty within competency). Prefer rankings and competency-level statements across years.
Bengaluru Rural,B0042 doddaballapura,C0880 kanasavadi,3349 kanasawadi,65.09,30.0,106,50.88,8.0,97,-14.21,-22.0,-7.1,2022-23 -> 2024-25,CAVEAT: items differ across years but map to a constant competency framework. Item-level year comparisons mix learning and instrument change; competency-level comparisons are more defensible (still assume similar difficulty within competency). Prefer rankings and competency-level statements across years.
Vijayanagara,B0065 hosapete,"C1420 s.n.pet, kampli",5193 sanapura,42.55,5.0,153,28.36,5.0,165,-14.19,0.0,-7.1,2022-23 -> 2024-25,CAVEAT: items differ across years but map to a constant competency framework. Item-level year comparisons mix learning and instrument change; competency-level comparisons are more defensible (still assume similar difficulty within competency). Prefer rankings and competency-level statements across years.
Chikkaballapura,B0030 chikkaballapur,C1272 nandi,4712 nandi,49.35,20.0,124,35.16,5.0,94,-14.19,-15.0,-7.1,2022-23 -> 2024-25,CAVEAT: items differ across years but map to a constant competency framework. Item-level year comparisons mix learning and instrument change; competency-level comparisons are more defensible (still assume similar difficulty within competency). Prefer rankings and competency-level statements across years.
Vijayanagara,B0055 harapanahalli,C0211 bennehalli,521 adavihalli,47.03,10.0,185,32.86,5.0,203,-14.17,-5.0,-7.08,2022-23 -> 2024-25,CAVEAT: items differ across years but map to a constant competency framework. Item-level year comparisons mix learning and instrument change; competency-level comparisons are more defensible (still assume similar difficulty within competency). Prefer rankings and competency-level statements across years.
Dharwad,B0076 kalghatagi,C0407 devikoppa,1818 devikoppa,55.47,10.0,235,41.32,5.0,186,-14.15,-5.0,-7.08,2022-23 -> 2024-25,CAVEAT: items differ across years but map to a constant competency framework. Item-level year comparisons mix learning and instrument change; competency-level comparisons are more defensible (still assume similar difficulty within competency). Prefer rankings and competency-level statements across years.
Yadgir,B0120 shahapur,C0576 halgera,2320 halagera,56.01,18.5,158,41.87,15.0,123,-14.14,-3.5,-7.07,2022-23 -> 2024-25,CAVEAT: items differ across years but map to a constant competency framework. Item-level year comparisons mix learning and instrument change; competency-level comparisons are more defensible (still assume similar difficulty within competency). Prefer rankings and competency-level statements across years.
Raichur,B0089 lingasugur,C1338 paidoddi,4926 paidoddi,53.22,16.5,104,39.11,10.0,169,-14.11,-6.5,-7.06,2022-23 -> 2024-25,CAVEAT: items differ across years but map to a constant competency framework. Item-level year comparisons mix learning and instrument change; competency-level comparisons are more defensible (still assume similar difficulty within competency). Prefer rankings and competency-level statements across years.
Bidar,B0007 aurad,C0286 ch dapka,1461 ch dapka,70.33,35.5,122,56.25,25.0,84,-14.08,-10.5,-7.04,2022-23 -> 2024-25,CAVEAT: items differ across years but map to a constant competency framework. Item-level year comparisons mix learning and instrument change; competency-level comparisons are more defensible (still assume similar difficulty within competency). Prefer rankings and competency-level statements across years.
Dharwad,B0106 navalgund,C0072 annigeri 2,2359 hallikeri (d),78.33,55.0,153,64.25,25.0,153,-14.08,-30.0,-7.04,2022-23 -> 2024-25,CAVEAT: items differ across years but map to a constant competency framework. Item-level year comparisons mix learning and instrument change; competency-level comparisons are more defensible (still assume similar difficulty within competency). Prefer rankings and competency-level statements across years.
Dharwad,B0066 hubli,C0914 katnur,3423 karadikoppa,81.76,65.0,94,67.69,30.0,186,-14.07,-35.0,-7.04,2022-23 -> 2024-25,CAVEAT: items differ across years but map to a constant competency framework. Item-level year comparisons mix learning and instrument change; competency-level comparisons are more defensible (still assume similar difficulty within competency). Prefer rankings and competency-level statements across years.
Chitradurga,B0035 chitradurga,C1205 muddapura,4498 muddapura,45.79,5.0,242,31.73,0.0,263,-14.06,-5.0,-7.03,2022-23 -> 2024-25,CAVEAT: items differ across years but map to a constant competency framework. Item-level year comparisons mix learning and instrument change; competency-level comparisons are more defensible (still assume similar difficulty within competency). Prefer rankings and competency-level statements across years.
Bengaluru Rural,B0064 hosakote,C0428 doddahulluru,1868 dodda hulluru,47.83,10.0,99,33.77,5.0,81,-14.06,-5.0,-7.03,2022-23 -> 2024-25,CAVEAT: items differ across years but map to a constant competency framework. Item-level year comparisons mix learning and instrument change; competency-level comparisons are more defensible (still assume similar difficulty within competency). Prefer rankings and competency-level statements across years.
Raichur,B0126 sindhanur,C1336 pagadadinni,1423 buthaladinni,62.07,28.0,87,48.04,5.0,112,-14.03,-23.0,-7.02,2022-23 -> 2024-25,CAVEAT: items differ across years but map to a constant competency framework. Item-level year comparisons mix learning and instrument change; competency-level comparisons are more defensible (still assume similar difficulty within competency). Prefer rankings and competency-level statements across years.
Koppal,B0143 yelburga,C0545 gunnal,2237 gunal,60.19,20.0,135,46.2,11.0,133,-13.99,-9.0,-7.0,2022-23 -> 2024-25,CAVEAT: items differ across years but map to a constant competency framework. Item-level year comparisons mix learning and instrument change; competency-level comparisons are more defensible (still assume similar difficulty within competency). Prefer rankings and competency-level statements across years.
Tumakuru,B0137 turuvekere,C0981 kondajji,6440 kondajji,67.91,40.0,103,53.96,20.0,82,-13.95,-20.0,-6.98,2022-23 -> 2024-25,CAVEAT: items differ across years but map to a constant competency framework. Item-level year comparisons mix learning and instrument change; competency-level comparisons are more defensible (still assume similar difficulty within competency). Prefer rankings and competency-level statements across years.
Mandya,B0093 malavally,C1375 ragibommana hally,5041 ragibommana hally,67.96,25.0,71,54.08,14.5,60,-13.88,-10.5,-6.94,2022-23 -> 2024-25,CAVEAT: items differ across years but map to a constant competency framework. Item-level year comparisons mix learning and instrument change; competency-level comparisons are more defensible (still assume similar difficulty within competency). Prefer rankings and competency-level statements across years.
Gadag,B0102 mundaragi,C1186 meundi,4437 meundi,69.39,35.0,157,55.53,23.5,208,-13.86,-11.5,-6.93,2022-23 -> 2024-25,CAVEAT: items differ across years but map to a constant competency framework. Item-level year comparisons mix learning and instrument change; competency-level comparisons are more defensible (still assume similar difficulty within competency). Prefer rankings and competency-level statements across years.
Koppal,B0085 kuknoor,C0256 binnal,6150 yerahanchinal,49.05,10.0,206,35.21,0.0,192,-13.84,-10.0,-6.92,2022-23 -> 2024-25,CAVEAT: items differ across years but map to a constant competency framework. Item-level year comparisons mix learning and instrument change; competency-level comparisons are more defensible (still assume similar difficulty within competency). Prefer rankings and competency-level statements across years.
Bidar,B0019 bhalki,C0860 kalwadi,1718 dadagi,43.95,10.0,57,30.11,7.5,46,-13.84,-2.5,-6.92,2022-23 -> 2024-25,CAVEAT: items differ across years but map to a constant competency framework. Item-level year comparisons mix learning and instrument change; competency-level comparisons are more defensible (still assume similar difficulty within competency). Prefer rankings and competency-level statements across years.
Yadgir,B0123 shorapur,C0543 gundalgera,3701 kolihal,42.64,5.0,157,28.81,0.0,201,-13.83,-5.0,-6.92,2022-23 -> 2024-25,CAVEAT: items differ across years but map to a constant competency framework. Item-level year comparisons mix learning and instrument change; competency-level comparisons are more defensible (still assume similar difficulty within competency). Prefer rankings and competency-level statements across years.
Chamarajanagara,B0050 gundlupet,C1584 terakanambi,948 balachavadi,64.54,25.0,97,50.76,10.0,79,-13.78,-15.0,-6.89,2022-23 -> 2024-25,CAVEAT: items differ across years but map to a constant competency framework. Item-level year comparisons mix learning and instrument change; competency-level comparisons are more defensible (still assume similar difficulty within competency). Prefer rankings and competency-level statements across years.
Yadgir,B0123 shorapur,C0133 balashettihal,3310 kamanatagi,64.2,27.0,175,50.43,10.0,243,-13.77,-17.0,-6.88,2022-23 -> 2024-25,CAVEAT: items differ across years but map to a constant competency framework. Item-level year comparisons mix learning and instrument change; competency-level comparisons are more defensible (still assume similar difficulty within competency). Prefer rankings and competency-level statements across years.
Kalaburagi,B0119 sedam,C0872 kanagadda,4394 medak,39.57,5.0,176,25.81,0.0,186,-13.76,-5.0,-6.88,2022-23 -> 2024-25,CAVEAT: items differ across years but map to a constant competency framework. Item-level year comparisons mix learning and instrument change; competency-level comparisons are more defensible (still assume similar difficulty within competency). Prefer rankings and competency-level statements across years.
Tumakuru,B0137 turuvekere,C0725 hullekere,2850 hullekere,76.62,49.0,99,62.87,25.0,87,-13.75,-24.0,-6.88,2022-23 -> 2024-25,CAVEAT: items differ across years but map to a constant competency framework. Item-level year comparisons mix learning and instrument change; competency-level comparisons are more defensible (still assume similar difficulty within competency). Prefer rankings and competency-level statements across years.
Dharwad,B0041 dharwad,C0039 alnavar,3145 kadabagatti,85.13,65.0,159,71.38,35.0,159,-13.75,-30.0,-6.88,2022-23 -> 2024-25,CAVEAT: items differ across years but map to a constant competency framework. Item-level year comparisons mix learning and instrument change; competency-level comparisons are more defensible (still assume similar difficulty within competency). Prefer rankings and competency-level statements across years.
Raichur,B0039 devadurga,C0094 arkera,758 arakere,49.12,5.0,239,35.41,5.0,258,-13.71,0.0,-6.86,2022-23 -> 2024-25,CAVEAT: items differ across years but map to a constant competency framework. Item-level year comparisons mix learning and instrument change; competency-level comparisons are more defensible (still assume similar difficulty within competency). Prefer rankings and competency-level statements across years.
Bidar,B0019 bhalki,C0938 khatak-chincholi,1755 dawargaon,43.37,5.0,89,29.67,5.0,107,-13.7,0.0,-6.85,2022-23 -> 2024-25,CAVEAT: items differ across years but map to a constant competency framework. Item-level year comparisons mix learning and instrument change; competency-level comparisons are more defensible (still assume similar difficulty within competency). Prefer rankings and competency-level statements across years.
Bengaluru Rural,B0107 nelamangala,C0088 arebommanahalli,786 arebommanahalli,68.6,45.0,118,54.94,23.5,88,-13.66,-21.5,-6.83,2022-23 -> 2024-25,CAVEAT: items differ across years but map to a constant competency framework. Item-level year comparisons mix learning and instrument change; competency-level comparisons are more defensible (still assume similar difficulty within competency). Prefer rankings and competency-level statements across years.
Tumakuru,B0137 turuvekere,C0065 anekere,712 anekere,84.15,65.0,94,70.51,45.0,89,-13.64,-20.0,-6.82,2022-23 -> 2024-25,CAVEAT: items differ across years but map to a constant competency framework. Item-level year comparisons mix learning and instrument change; competency-level comparisons are more defensible (still assume similar difficulty within competency). Prefer rankings and competency-level statements across years.
Bidar,B0015 basavakalyan,C1201 muchalam,2157 gorta b,45.12,15.0,42,31.49,3.0,37,-13.63,-12.0,-6.82,2022-23 -> 2024-25,CAVEAT: items differ across years but map to a constant competency framework. Item-level year comparisons mix learning and instrument change; competency-level comparisons are more defensible (still assume similar difficulty within competency). Prefer rankings and competency-level statements across years.
Kodagu,B0129 somavarpet,C1524 somvarpet,2383 hanagallu,75.42,51.5,24,61.82,40.0,22,-13.6,-11.5,-6.8,2022-23 -> 2024-25,CAVEAT: items differ across years but map to a constant competency framework. Item-level year comparisons mix learning and instrument change; competency-level comparisons are more defensible (still assume similar difficulty within competency). Prefer rankings and competency-level statements across years.
Tumakuru,B0031 chiknayakanhalli,C0189 belaguli,1154 belaguli,73.39,45.0,158,59.81,30.0,107,-13.58,-15.0,-6.79,2022-23 -> 2024-25,CAVEAT: items differ across years but map to a constant competency framework. Item-level year comparisons mix learning and instrument change; competency-level comparisons are more defensible (still assume similar difficulty within competency). Prefer rankings and competency-level statements across years.
Ballari,B0012 ballari east,C1415 rupanagudi,1474 challagurki,33.98,5.0,147,20.42,0.0,168,-13.56,-5.0,-6.78,2022-23 -> 2024-25,CAVEAT: items differ across years but map to a constant competency framework. Item-level year comparisons mix learning and instrument change; competency-level comparisons are more defensible (still assume similar difficulty within competency). Prefer rankings and competency-level statements across years.
Ballari,B0012 ballari east,C0145 banapura,1078 basarakodu,34.86,5.0,110,21.31,0.0,245,-13.55,-5.0,-6.78,2022-23 -> 2024-25,CAVEAT: items differ across years but map to a constant competency framework. Item-level year comparisons mix learning and instrument change; competency-level comparisons are more defensible (still assume similar difficulty within competency). Prefer rankings and competency-level statements across years.
Raichur,B0126 sindhanur,C0164 bappur,1055 bappur,47.44,5.0,78,33.91,5.0,184,-13.53,0.0,-6.76,2022-23 -> 2024-25,CAVEAT: items differ across years but map to a constant competency framework. Item-level year comparisons mix learning and instrument change; competency-level comparisons are more defensible (still assume similar difficulty within competency). Prefer rankings and competency-level statements across years.
Ballari,B0012 ballari east,C0062 andral,1991 etthinabudhihal,44.13,5.0,207,30.64,0.0,251,-13.49,-5.0,-6.74,2022-23 -> 2024-25,CAVEAT: items differ across years but map to a constant competency framework. Item-level year comparisons mix learning and instrument change; competency-level comparisons are more defensible (still assume similar difficulty within competency). Prefer rankings and competency-level statements across years.
Hassan,B0116 sakaleshapura,C0197 belegodu,1152 belagodu,60.67,20.5,82,47.22,20.0,99,-13.45,-0.5,-6.72,2022-23 -> 2024-25,CAVEAT: items differ across years but map to a constant competency framework. Item-level year comparisons mix learning and instrument change; competency-level comparisons are more defensible (still assume similar difficulty within competency). Prefer rankings and competency-level statements across years.
Vijayanagara,B0055 harapanahalli,C1164 mathihalli,4365 maththihalli,53.86,10.5,92,40.41,10.0,97,-13.45,-0.5,-6.72,2022-23 -> 2024-25,CAVEAT: items differ across years but map to a constant competency framework. Item-level year comparisons mix learning and instrument change; competency-level comparisons are more defensible (still assume similar difficulty within competency). Prefer rankings and competency-level statements across years.
Vijayanagara,B0052 hagaribommanahalli,C0587 hampapattana,2374 hampapattana,47.94,5.0,243,34.5,0.0,268,-13.44,-5.0,-6.72,2022-23 -> 2024-25,CAVEAT: items differ across years but map to a constant competency framework. Item-level year comparisons mix learning and instrument change; competency-level comparisons are more defensible (still assume similar difficulty within competency). Prefer rankings and competency-level statements across years.
Raichur,B0096 manvi,C0098 athnoor,831 attanur,48.4,15.0,159,34.97,3.0,147,-13.43,-12.0,-6.72,2022-23 -> 2024-25,CAVEAT: items differ across years but map to a constant competency framework. Item-level year comparisons mix learning and instrument change; competency-level comparisons are more defensible (still assume similar difficulty within competency). Prefer rankings and competency-level statements across years.
Kolar,B0094 malur,C0338 chikkathirupathi,1608 chikkathirupathi,57.9,25.0,93,44.48,15.0,124,-13.42,-10.0,-6.71,2022-23 -> 2024-25,CAVEAT: items differ across years but map to a constant competency framework. Item-level year comparisons mix learning and instrument change; competency-level comparisons are more defensible (still assume similar difficulty within competency). Prefer rankings and competency-level statements across years.
Koppal,B0088 kustagi,C0012 adavibhavi,6208 adavibhavi,54.49,15.0,187,41.1,5.0,286,-13.39,-10.0,-6.7,2022-23 -> 2024-25,CAVEAT: items differ across years but map to a constant competency framework. Item-level year comparisons mix learning and instrument change; competency-level comparisons are more defensible (still assume similar difficulty within competency). Prefer rankings and competency-level statements across years.
Ballari,B0013 ballari west,C0856 kallukamba,4907 orvai,51.92,20.0,182,38.56,5.0,209,-13.36,-15.0,-6.68,2022-23 -> 2024-25,CAVEAT: items differ across years but map to a constant competency framework. Item-level year comparisons mix learning and instrument change; competency-level comparisons are more defensible (still assume similar difficulty within competency). Prefer rankings and competency-level statements across years.
Chikkaballapura,B0034 chintamani,C0050 amitaganahalli,5913 upparpet,67.72,35.0,92,54.41,11.0,93,-13.31,-24.0,-6.66,2022-23 -> 2024-25,CAVEAT: items differ across years but map to a constant competency framework. Item-level year comparisons mix learning and instrument change; competency-level comparisons are more defensible (still assume similar difficulty within competency). Prefer rankings and competency-level statements across years.
Kolar,B0131 srinivasapur,C1521 somayajalahalli,5463 somayajalapalli,63.19,20.0,237,49.89,10.0,185,-13.3,-10.0,-6.65,2022-23 -> 2024-25,CAVEAT: items differ across years but map to a constant competency framework. Item-level year comparisons mix learning and instrument change; competency-level comparisons are more defensible (still assume similar difficulty within competency). Prefer rankings and competency-level statements across years.
Kalaburagi,B0002 aland,C0451 duttargaon,1969 duttargaon,55.69,20.0,159,42.45,10.0,151,-13.24,-10.0,-6.62,2022-23 -> 2024-25,CAVEAT: items differ across years but map to a constant competency framework. Item-level year comparisons mix learning and instrument change; competency-level comparisons are more defensible (still assume similar difficulty within competency). Prefer rankings and competency-level statements across years.
Tumakuru,B0087 kunigal,C0803 k h halli,3105 k h halli,72.65,40.0,51,59.44,30.0,54,-13.21,-10.0,-6.6,2022-23 -> 2024-25,CAVEAT: items differ across years but map to a constant competency framework. Item-level year comparisons mix learning and instrument change; competency-level comparisons are more defensible (still assume similar difficulty within competency). Prefer rankings and competency-level statements across years.
Haveri,B0114 ranebennur,C2103 haranagiri,2459 harangiri,85.83,65.0,211,72.62,50.0,189,-13.21,-15.0,-6.6,2022-23 -> 2024-25,CAVEAT: items differ across years but map to a constant competency framework. Item-level year comparisons mix learning and instrument change; competency-level comparisons are more defensible (still assume similar difficulty within competency). Prefer rankings and competency-level statements across years.
Chamarajanagara,B0142 yelandur,C0020 agara,4209 mamballi,68.5,39.5,70,55.29,20.0,51,-13.21,-19.5,-6.6,2022-23 -> 2024-25,CAVEAT: items differ across years but map to a constant competency framework. Item-level year comparisons mix learning and instrument change; competency-level comparisons are more defensible (still assume similar difficulty within competency). Prefer rankings and competency-level statements across years.
Koppal,B0081 koppal,C0672 hitnal,2690 hitnal,74.71,46.0,87,61.55,25.0,171,-13.16,-21.0,-6.58,2022-23 -> 2024-25,CAVEAT: items differ across years but map to a constant competency framework. Item-level year comparisons mix learning and instrument change; competency-level comparisons are more defensible (still assume similar difficulty within competency). Prefer rankings and competency-level statements across years.
Chitradurga,B0063 hosadurga,C0493 garaga,5689 thandaga,64.8,25.0,171,51.66,15.0,175,-13.14,-10.0,-6.57,2022-23 -> 2024-25,CAVEAT: items differ across years but map to a constant competency framework. Item-level year comparisons mix learning and instrument change; competency-level comparisons are more defensible (still assume similar difficulty within competency). Prefer rankings and competency-level statements across years.
Chamarajanagara,B0027 chamarajanagar,C0970 kolipalya,5022 punajnoor,47.44,0.0,86,34.33,0.0,45,-13.11,0.0,-6.56,2022-23 -> 2024-25,CAVEAT: items differ across years but map to a constant competency framework. Item-level year comparisons mix learning and instrument change; competency-level comparisons are more defensible (still assume similar difficulty within competency). Prefer rankings and competency-level statements across years.
Kalaburagi,B0049 gulbarga south,C1355 pattan,4417 melkunda (b),43.98,5.0,172,30.9,5.0,172,-13.08,0.0,-6.54,2022-23 -> 2024-25,CAVEAT: items differ across years but map to a constant competency framework. Item-level year comparisons mix learning and instrument change; competency-level comparisons are more defensible (still assume similar difficulty within competency). Prefer rankings and competency-level statements across years.
Kodagu,B0092 madikeri,C0308 chayyandane,4751 nariandada,59.65,20.0,114,46.57,14.5,70,-13.08,-5.5,-6.54,2022-23 -> 2024-25,CAVEAT: items differ across years but map to a constant competency framework. Item-level year comparisons mix learning and instrument change; competency-level comparisons are more defensible (still assume similar difficulty within competency). Prefer rankings and competency-level statements across years.
Koppal,B0081 koppal,C0018 agalakera,535 agalakera,71.83,30.0,41,58.77,35.0,146,-13.06,5.0,-6.53,2022-23 -> 2024-25,CAVEAT: items differ across years but map to a constant competency framework. Item-level year comparisons mix learning and instrument change; competency-level comparisons are more defensible (still assume similar difficulty within competency). Prefer rankings and competency-level statements across years.
Chitradurga,B0060 holalkere,C0553 h.d.pura,2527 h.d.pura,57.44,15.0,160,44.38,10.0,232,-13.06,-5.0,-6.53,2022-23 -> 2024-25,CAVEAT: items differ across years but map to a constant competency framework. Item-level year comparisons mix learning and instrument change; competency-level comparisons are more defensible (still assume similar difficulty within competency). Prefer rankings and competency-level statements across years.
Gadag,B0043 gadag rural,C1528 soratur,5488 soratur,52.76,15.0,190,39.72,5.0,308,-13.04,-10.0,-6.52,2022-23 -> 2024-25,CAVEAT: items differ across years but map to a constant competency framework. Item-level year comparisons mix learning and instrument change; competency-level comparisons are more defensible (still assume similar difficulty within competency). Prefer rankings and competency-level statements across years.
Kalaburagi,B0036 chittapur,C1363 pethsiroor,6252 mugalanagaon,35.77,5.0,111,22.73,0.0,108,-13.04,-5.0,-6.52,2022-23 -> 2024-25,CAVEAT: items differ across years but map to a constant competency framework. Item-level year comparisons mix learning and instrument change; competency-level comparisons are more defensible (still assume similar difficulty within competency). Prefer rankings and competency-level statements across years.
Vijayanagara,B0084 kudligi,C0474 gajapura,3361 kandagallu,55.21,20.0,141,42.18,10.0,119,-13.03,-10.0,-6.52,2022-23 -> 2024-25,CAVEAT: items differ across years but map to a constant competency framework. Item-level year comparisons mix learning and instrument change; competency-level comparisons are more defensible (still assume similar difficulty within competency). Prefer rankings and competency-level statements across years.
Kodagu,B0140 virajpet,C0303 channenakote,1545 chennayanakote,52.55,12.0,55,39.53,16.5,64,-13.02,4.5,-6.51,2022-23 -> 2024-25,CAVEAT: items differ across years but map to a constant competency framework. Item-level year comparisons mix learning and instrument change; competency-level comparisons are more defensible (still assume similar difficulty within competency). Prefer rankings and competency-level statements across years.
Vijayanagara,B0084 kudligi,C0768 jagatagere,3243 kalapura,60.09,35.0,53,47.07,18.5,58,-13.02,-16.5,-6.51,2022-23 -> 2024-25,CAVEAT: items differ across years but map to a constant competency framework. Item-level year comparisons mix learning and instrument change; competency-level comparisons are more defensible (still assume similar difficulty within competency). Prefer rankings and competency-level statements across years.
Chitradurga,B0026 challakere,C1388 ramajogihalli,5068 ramajogihalli,72.22,35.0,124,59.21,20.0,158,-13.01,-15.0,-6.5,2022-23 -> 2024-25,CAVEAT: items differ across years but map to a constant competency framework. Item-level year comparisons mix learning and instrument change; competency-level comparisons are more defensible (still assume similar difficulty within competency). Prefer rankings and competency-level statements across years.
Tumakuru,B0135 tiptur,C0280 byranayakanahalli,4216 manakikere,77.78,52.5,106,64.87,35.0,116,-12.91,-17.5,-6.46,2022-23 -> 2024-25,CAVEAT: items differ across years but map to a constant competency framework. Item-level year comparisons mix learning and instrument change; competency-level comparisons are more defensible (still assume similar difficulty within competency). Prefer rankings and competency-level statements across years.
Davanagere,B0028 channagiri,C1380 rajagondanahalli,5048 rajagondanahalli,62.18,20.0,87,49.29,13.0,77,-12.89,-7.0,-6.44,2022-23 -> 2024-25,CAVEAT: items differ across years but map to a constant competency framework. Item-level year comparisons mix learning and instrument change; competency-level comparisons are more defensible (still assume similar difficulty within competency). Prefer rankings and competency-level statements across years.
Bidar,B0007 aurad,C0456 eklara,1978 eklara,65.2,35.0,25,52.32,23.5,28,-12.88,-11.5,-6.44,2022-23 -> 2024-25,CAVEAT: items differ across years but map to a constant competency framework. Item-level year comparisons mix learning and instrument change; competency-level comparisons are more defensible (still assume similar difficulty within competency). Prefer rankings and competency-level statements across years.
Raichur,B0089 lingasugur,C1250 nagalapur,4639 nagalapur,58.29,20.0,240,45.44,10.0,270,-12.85,-10.0,-6.42,2022-23 -> 2024-25,CAVEAT: items differ across years but map to a constant competency framework. Item-level year comparisons mix learning and instrument change; competency-level comparisons are more defensible (still assume similar difficulty within competency). Prefer rankings and competency-level statements across years.
Tumakuru,B0082 koratagere,C1168 mavathur,4382 mavatturu,72.24,45.0,87,59.39,16.5,82,-12.85,-28.5,-6.42,2022-23 -> 2024-25,CAVEAT: items differ across years but map to a constant competency framework. Item-level year comparisons mix learning and instrument change; competency-level comparisons are more defensible (still assume similar difficulty within competency). Prefer rankings and competency-level statements across years.
Tumakuru,B0137 turuvekere,C1175 mayasandra,4392 mayasandra,92.02,85.0,84,79.19,24.5,74,-12.83,-60.5,-6.42,2022-23 -> 2024-25,CAVEAT: items differ across years but map to a constant competency framework. Item-level year comparisons mix learning and instrument change; competency-level comparisons are more defensible (still assume similar difficulty within competency). Prefer rankings and competency-level statements across years.
Tumakuru,B0087 kunigal,C0240 bidanagere,6073 yaleyur,80.32,55.5,62,67.5,30.0,70,-12.82,-25.5,-6.41,2022-23 -> 2024-25,CAVEAT: items differ across years but map to a constant competency framework. Item-level year comparisons mix learning and instrument change; competency-level comparisons are more defensible (still assume similar difficulty within competency). Prefer rankings and competency-level statements across years.
Chamarajanagara,B0027 chamarajanagar,C2146 honganuru,4344 masanapura,83.09,68.0,97,70.29,55.0,70,-12.8,-13.0,-6.4,2022-23 -> 2024-25,CAVEAT: items differ across years but map to a constant competency framework. Item-level year comparisons mix learning and instrument change; competency-level comparisons are more defensible (still assume similar difficulty within competency). Prefer rankings and competency-level statements across years.
Bengaluru Rural,B0042 doddaballapura,C0719 hulikunte,2839 hulikunte,60.96,25.0,114,48.19,10.0,102,-12.77,-15.0,-6.38,2022-23 -> 2024-25,CAVEAT: items differ across years but map to a constant competency framework. Item-level year comparisons mix learning and instrument change; competency-level comparisons are more defensible (still assume similar difficulty within competency). Prefer rankings and competency-level statements across years.
Bengaluru Rural,B0042 doddaballapura,C0095 aroodi,808 aroodi,63.69,30.0,137,50.93,15.5,102,-12.76,-14.5,-6.38,2022-23 -> 2024-25,CAVEAT: items differ across years but map to a constant competency framework. Item-level year comparisons mix learning and instrument change; competency-level comparisons are more defensible (still assume similar difficulty within competency). Prefer rankings and competency-level statements across years.
Kalaburagi,B0119 sedam,C1107 malkhed,4181 malkhed,41.95,10.0,182,29.19,5.0,204,-12.76,-5.0,-6.38,2022-23 -> 2024-25,CAVEAT: items differ across years but map to a constant competency framework. Item-level year comparisons mix learning and instrument change; competency-level comparisons are more defensible (still assume similar difficulty within competency). Prefer rankings and competency-level statements across years.
Yadgir,B0123 shorapur,C0389 devapur,1786 devapur,63.29,25.0,129,50.53,15.0,180,-12.76,-10.0,-6.38,2022-23 -> 2024-25,CAVEAT: items differ across years but map to a constant competency framework. Item-level year comparisons mix learning and instrument change; competency-level comparisons are more defensible (still assume similar difficulty within competency). Prefer rankings and competency-level statements across years.
Dharwad,B0041 dharwad,C1120 managundi,4213 managundi,67.06,40.0,214,54.31,20.0,189,-12.75,-20.0,-6.38,2022-23 -> 2024-25,CAVEAT: items differ across years but map to a constant competency framework. Item-level year comparisons mix learning and instrument change; competency-level comparisons are more defensible (still assume similar difficulty within competency). Prefer rankings and competency-level statements across years.
Davanagere,B0028 channagiri,C0904 karekatte,3446 karekatte,44.45,5.0,55,31.72,0.0,90,-12.73,-5.0,-6.36,2022-23 -> 2024-25,CAVEAT: items differ across years but map to a constant competency framework. Item-level year comparisons mix learning and instrument change; competency-level comparisons are more defensible (still assume similar difficulty within competency). Prefer rankings and competency-level statements across years.
Tumakuru,B0087 kunigal,C0055 amruthur,3642 kodagihalli,76.36,55.0,59,63.64,19.0,55,-12.72,-36.0,-6.36,2022-23 -> 2024-25,CAVEAT: items differ across years but map to a constant competency framework. Item-level year comparisons mix learning and instrument change; competency-level comparisons are more defensible (still assume similar difficulty within competency). Prefer rankings and competency-level statements across years.
Haveri,B0053 hanagal,C1806 araleshwar,5276 savasagi,66.57,41.0,153,53.87,15.0,124,-12.7,-26.0,-6.35,2022-23 -> 2024-25,CAVEAT: items differ across years but map to a constant competency framework. Item-level year comparisons mix learning and instrument change; competency-level comparisons are more defensible (still assume similar difficulty within competency). Prefer rankings and competency-level statements across years.
Yadgir,B0141 yadgir,C0105 azalapur,574 ajlapur,42.62,5.0,63,29.93,5.0,67,-12.69,0.0,-6.34,2022-23 -> 2024-25,CAVEAT: items differ across years but map to a constant competency framework. Item-level year comparisons mix learning and instrument change; competency-level comparisons are more defensible (still assume similar difficulty within competency). Prefer rankings and competency-level statements across years.
Kalaburagi,B0049 gulbarga south,C1277 nandur (k),3957 kusnoor,43.16,8.0,87,30.48,0.0,84,-12.68,-8.0,-6.34,2022-23 -> 2024-25,CAVEAT: items differ across years but map to a constant competency framework. Item-level year comparisons mix learning and instrument change; competency-level comparisons are more defensible (still assume similar difficulty within competency). Prefer rankings and competency-level statements across years.
Kalaburagi,B0036 chittapur,C1269 nalwar,4688 nalawar,45.56,10.0,177,32.89,6.0,123,-12.67,-4.0,-6.34,2022-23 -> 2024-25,CAVEAT: items differ across years but map to a constant competency framework. Item-level year comparisons mix learning and instrument change; competency-level comparisons are more defensible (still assume similar difficulty within competency). Prefer rankings and competency-level statements across years.
Koppal,B0088 kustagi,C0662 hiremannapur,2611 hiramanapura,51.46,10.5,82,38.79,0.0,228,-12.67,-10.5,-6.34,2022-23 -> 2024-25,CAVEAT: items differ across years but map to a constant competency framework. Item-level year comparisons mix learning and instrument change; competency-level comparisons are more defensible (still assume similar difficulty within competency). Prefer rankings and competency-level statements across years.
Bengaluru Rural,B0042 doddaballapura,C0083 aralumallige,771 aralu mallige,67.39,25.0,90,54.73,16.5,74,-12.66,-8.5,-6.33,2022-23 -> 2024-25,CAVEAT: items differ across years but map to a constant competency framework. Item-level year comparisons mix learning and instrument change; competency-level comparisons are more defensible (still assume similar difficulty within competency). Prefer rankings and competency-level statements across years.
Koppal,B0081 koppal,C0262 boodagumpa,1405 budagumpa,49.05,10.0,142,36.41,5.0,174,-12.64,-5.0,-6.32,2022-23 -> 2024-25,CAVEAT: items differ across years but map to a constant competency framework. Item-level year comparisons mix learning and instrument change; competency-level comparisons are more defensible (still assume similar difficulty within competency). Prefer rankings and competency-level statements across years.
Mysuru,B0133 t.n.pura,C0319 chidaravalli,1866 dodda hebbagilu,56.96,10.5,102,44.34,15.0,76,-12.62,4.5,-6.31,2022-23 -> 2024-25,CAVEAT: items differ across years but map to a constant competency framework. Item-level year comparisons mix learning and instrument change; competency-level comparisons are more defensible (still assume similar difficulty within competency). Prefer rankings and competency-level statements across years.
Vijayanagara,B0051 hadagali,C0557 hadagali gramina,3718 kombali,47.1,10.0,112,34.48,5.0,115,-12.62,-5.0,-6.31,2022-23 -> 2024-25,CAVEAT: items differ across years but map to a constant competency framework. Item-level year comparisons mix learning and instrument change; competency-level comparisons are more defensible (still assume similar difficulty within competency). Prefer rankings and competency-level statements across years.
Bidar,B0020 bidar,C0968 kolar(k),3695 kolar (k),51.43,15.0,70,38.83,10.0,60,-12.6,-5.0,-6.3,2022-23 -> 2024-25,CAVEAT: items differ across years but map to a constant competency framework. Item-level year comparisons mix learning and instrument change; competency-level comparisons are more defensible (still assume similar difficulty within competency). Prefer rankings and competency-level statements across years.
Chamarajanagara,B0054 hanur,C1076 maaralli,1854 dinnalli,48.62,6.5,94,36.11,1.0,63,-12.51,-5.5,-6.26,2022-23 -> 2024-25,CAVEAT: items differ across years but map to a constant competency framework. Item-level year comparisons mix learning and instrument change; competency-level comparisons are more defensible (still assume similar difficulty within competency). Prefer rankings and competency-level statements across years.
Chamarajanagara,B0050 gundlupet,C0815 kabbahalli,3132 kabbahalli,69.69,30.0,98,57.18,23.5,78,-12.51,-6.5,-6.26,2022-23 -> 2024-25,CAVEAT: items differ across years but map to a constant competency framework. Item-level year comparisons mix learning and instrument change; competency-level comparisons are more defensible (still assume similar difficulty within competency). Prefer rankings and competency-level statements across years.
Davanagere,B0028 channagiri,C0330 chikkaganguru,1576 chikkaganguru,48.63,10.0,73,36.13,10.0,62,-12.5,0.0,-6.25,2022-23 -> 2024-25,CAVEAT: items differ across years but map to a constant competency framework. Item-level year comparisons mix learning and instrument change; competency-level comparisons are more defensible (still assume similar difficulty within competency). Prefer rankings and competency-level statements across years.
Hassan,B0057 hassan,C0071 ankapura,726 ankapura,73.39,45.5,62,60.91,29.0,99,-12.48,-16.5,-6.24,2022-23 -> 2024-25,CAVEAT: items differ across years but map to a constant competency framework. Item-level year comparisons mix learning and instrument change; competency-level comparisons are more defensible (still assume similar difficulty within competency). Prefer rankings and competency-level statements across years.
Tumakuru,B0127 sira,C0690 honnagondanahally,4122 magodu,59.68,18.5,108,47.22,10.0,218,-12.46,-8.5,-6.23,2022-23 -> 2024-25,CAVEAT: items differ across years but map to a constant competency framework. Item-level year comparisons mix learning and instrument change; competency-level comparisons are more defensible (still assume similar difficulty within competency). Prefer rankings and competency-level statements across years.
Tumakuru,B0031 chiknayakanhalli,C0480 ganadaalu,3550 kenkere,71.64,45.0,67,59.18,20.0,55,-12.46,-25.0,-6.23,2022-23 -> 2024-25,CAVEAT: items differ across years but map to a constant competency framework. Item-level year comparisons mix learning and instrument change; competency-level comparisons are more defensible (still assume similar difficulty within competency). Prefer rankings and competency-level statements across years.
Ramanagara,B0077 kanakapura,C0950 kodihalli,6393 kodihalli,62.9,35.0,124,50.44,15.0,114,-12.46,-20.0,-6.23,2022-23 -> 2024-25,CAVEAT: items differ across years but map to a constant competency framework. Item-level year comparisons mix learning and instrument change; competency-level comparisons are more defensible (still assume similar difficulty within competency). Prefer rankings and competency-level statements across years.
Tumakuru,B0127 sira,C0274 bukkapattana,6251 kurubarahalli,78.31,55.0,169,65.86,35.0,134,-12.45,-20.0,-6.22,2022-23 -> 2024-25,CAVEAT: items differ across years but map to a constant competency framework. Item-level year comparisons mix learning and instrument change; competency-level comparisons are more defensible (still assume similar difficulty within competency). Prefer rankings and competency-level statements across years.
Yadgir,B0123 shorapur,C0948 kodekal,1056 baradevnal,53.37,0.0,172,40.92,5.0,184,-12.45,5.0,-6.22,2022-23 -> 2024-25,CAVEAT: items differ across years but map to a constant competency framework. Item-level year comparisons mix learning and instrument change; competency-level comparisons are more defensible (still assume similar difficulty within competency). Prefer rankings and competency-level statements across years.
Koppal,B0085 kuknoor,C1020 kukanoor,1210 benakal,44.43,10.0,106,32.0,0.0,140,-12.43,-10.0,-6.22,2022-23 -> 2024-25,CAVEAT: items differ across years but map to a constant competency framework. Item-level year comparisons mix learning and instrument change; competency-level comparisons are more defensible (still assume similar difficulty within competency). Prefer rankings and competency-level statements across years.
Yadgir,B0141 yadgir,C0984 konkal,6309 konkal,47.6,10.0,196,35.17,5.0,208,-12.43,-5.0,-6.22,2022-23 -> 2024-25,CAVEAT: items differ across years but map to a constant competency framework. Item-level year comparisons mix learning and instrument change; competency-level comparisons are more defensible (still assume similar difficulty within competency). Prefer rankings and competency-level statements across years.
Kalaburagi,B0002 aland,C0450 durga siroor,4860 nimbal,57.24,15.0,116,44.85,15.0,103,-12.39,0.0,-6.2,2022-23 -> 2024-25,CAVEAT: items differ across years but map to a constant competency framework. Item-level year comparisons mix learning and instrument change; competency-level comparisons are more defensible (still assume similar difficulty within competency). Prefer rankings and competency-level statements across years.
Bidar,B0020 bidar,C1397 ranjolkheni,5115 rekulagi,49.53,10.0,137,37.14,10.0,91,-12.39,0.0,-6.2,2022-23 -> 2024-25,CAVEAT: items differ across years but map to a constant competency framework. Item-level year comparisons mix learning and instrument change; competency-level comparisons are more defensible (still assume similar difficulty within competency). Prefer rankings and competency-level statements across years.
Vijayanagara,B0055 harapanahalli,C0321 chigateri,4128 maiduru,45.65,10.0,184,33.28,5.0,215,-12.37,-5.0,-6.18,2022-23 -> 2024-25,CAVEAT: items differ across years but map to a constant competency framework. Item-level year comparisons mix learning and instrument change; competency-level comparisons are more defensible (still assume similar difficulty within competency). Prefer rankings and competency-level statements across years.
Belagavi,B0017 belgaum rural,C0889 kangrali kh,3374 kangrali k.h.,86.75,70.0,146,74.38,50.5,162,-12.37,-19.5,-6.18,2022-23 -> 2024-25,CAVEAT: items differ across years but map to a constant competency framework. Item-level year comparisons mix learning and instrument change; competency-level comparisons are more defensible (still assume similar difficulty within competency). Prefer rankings and competency-level statements across years.
Raichur,B0096 manvi,C1298 neer manvi,4786 neeramanvi,48.39,5.0,180,36.02,0.0,205,-12.37,-5.0,-6.18,2022-23 -> 2024-25,CAVEAT: items differ across years but map to a constant competency framework. Item-level year comparisons mix learning and instrument change; competency-level comparisons are more defensible (still assume similar difficulty within competency). Prefer rankings and competency-level statements across years.
Chamarajanagara,B0050 gundlupet,C1683 vaddagere,3650 kodasoge,59.21,20.5,82,46.86,10.0,97,-12.35,-10.5,-6.18,2022-23 -> 2024-25,CAVEAT: items differ across years but map to a constant competency framework. Item-level year comparisons mix learning and instrument change; competency-level comparisons are more defensible (still assume similar difficulty within competency). Prefer rankings and competency-level statements across years.
Koppal,B0044 gangavathi,C0334 chikkajanthakal,1732 danapura,50.62,15.0,96,38.31,10.0,172,-12.31,-5.0,-6.16,2022-23 -> 2024-25,CAVEAT: items differ across years but map to a constant competency framework. Item-level year comparisons mix learning and instrument change; competency-level comparisons are more defensible (still assume similar difficulty within competency). Prefer rankings and competency-level statements across years.
Kodagu,B0129 somavarpet,C1084 madapur,6677 madapura,61.8,29.0,50,49.5,20.0,60,-12.3,-9.0,-6.15,2022-23 -> 2024-25,CAVEAT: items differ across years but map to a constant competency framework. Item-level year comparisons mix learning and instrument change; competency-level comparisons are more defensible (still assume similar difficulty within competency). Prefer rankings and competency-level statements across years.
Chikkaballapura,B0034 chintamani,C0836 kaiwara,6522 masthenahalli,62.78,20.0,79,50.51,10.0,69,-12.27,-10.0,-6.14,2022-23 -> 2024-25,CAVEAT: items differ across years but map to a constant competency framework. Item-level year comparisons mix learning and instrument change; competency-level comparisons are more defensible (still assume similar difficulty within competency). Prefer rankings and competency-level statements across years.
Yadgir,B0123 shorapur,C0903 kardakal,3424 karadkal,44.55,10.0,99,32.32,0.0,84,-12.23,-10.0,-6.12,2022-23 -> 2024-25,CAVEAT: items differ across years but map to a constant competency framework. Item-level year comparisons mix learning and instrument change; competency-level comparisons are more defensible (still assume similar difficulty within competency). Prefer rankings and competency-level statements across years.
Mandya,B0103 nagamangala,C0232 bheemanahalli,1282 bheemana hally,81.15,65.0,26,68.96,25.0,91,-12.19,-40.0,-6.1,2022-23 -> 2024-25,CAVEAT: items differ across years but map to a constant competency framework. Item-level year comparisons mix learning and instrument change; competency-level comparisons are more defensible (still assume similar difficulty within competency). Prefer rankings and competency-level statements across years.
Mandya,B0090 maddur,C0074 annuru,1313 bidara hally,69.44,40.0,62,57.25,25.0,129,-12.19,-15.0,-6.1,2022-23 -> 2024-25,CAVEAT: items differ across years but map to a constant competency framework. Item-level year comparisons mix learning and instrument change; competency-level comparisons are more defensible (still assume similar difficulty within competency). Prefer rankings and competency-level statements across years.
Raichur,B0126 sindhanur,C1374 ragalparvi,2140 gonwar,44.37,10.0,150,32.19,0.0,199,-12.18,-10.0,-6.09,2022-23 -> 2024-25,CAVEAT: items differ across years but map to a constant competency framework. Item-level year comparisons mix learning and instrument change; competency-level comparisons are more defensible (still assume similar difficulty within competency). Prefer rankings and competency-level statements across years.
Chamarajanagara,B0054 hanur,C1006 kowdalli,3922 kuratti hosur,53.84,20.0,73,41.67,1.0,33,-12.17,-19.0,-6.08,2022-23 -> 2024-25,CAVEAT: items differ across years but map to a constant competency framework. Item-level year comparisons mix learning and instrument change; competency-level comparisons are more defensible (still assume similar difficulty within competency). Prefer rankings and competency-level statements across years.
Yadgir,B0120 shahapur,C1561 tadibidi,5586 t. wadagera,70.16,35.0,191,58.02,17.5,126,-12.14,-17.5,-6.07,2022-23 -> 2024-25,CAVEAT: items differ across years but map to a constant competency framework. Item-level year comparisons mix learning and instrument change; competency-level comparisons are more defensible (still assume similar difficulty within competency). Prefer rankings and competency-level statements across years.
Yadgir,B0141 yadgir,C0686 honagera,2742 hongera,42.59,0.0,197,30.45,0.0,121,-12.14,0.0,-6.07,2022-23 -> 2024-25,CAVEAT: items differ across years but map to a constant competency framework. Item-level year comparisons mix learning and instrument change; competency-level comparisons are more defensible (still assume similar difficulty within competency). Prefer rankings and competency-level statements across years.
Chamarajanagara,B0050 gundlupet,C0231 bheemanabeedu,1230 berambadi,49.28,11.0,83,37.15,0.0,65,-12.13,-11.0,-6.06,2022-23 -> 2024-25,CAVEAT: items differ across years but map to a constant competency framework. Item-level year comparisons mix learning and instrument change; competency-level comparisons are more defensible (still assume similar difficulty within competency). Prefer rankings and competency-level statements across years.
Bengaluru Rural,B0064 hosakote,C0186 beguru,3320 kambalipura,66.08,34.5,130,53.95,15.0,110,-12.13,-19.5,-6.06,2022-23 -> 2024-25,CAVEAT: items differ across years but map to a constant competency framework. Item-level year comparisons mix learning and instrument change; competency-level comparisons are more defensible (still assume similar difficulty within competency). Prefer rankings and competency-level statements across years.
Koppal,B0044 gangavathi,C0754 islampur west,5938 vaddarhatti,68.17,35.0,161,56.05,27.5,86,-12.12,-7.5,-6.06,2022-23 -> 2024-25,CAVEAT: items differ across years but map to a constant competency framework. Item-level year comparisons mix learning and instrument change; competency-level comparisons are more defensible (still assume similar difficulty within competency). Prefer rankings and competency-level statements across years.
Dharwad,B0106 navalgund,C0539 gummagol,2233 gummagol,75.47,50.0,160,63.39,45.0,211,-12.08,-5.0,-6.04,2022-23 -> 2024-25,CAVEAT: items differ across years but map to a constant competency framework. Item-level year comparisons mix learning and instrument change; competency-level comparisons are more defensible (still assume similar difficulty within competency). Prefer rankings and competency-level statements across years.
Tumakuru,B0082 koratagere,C0719 hulikunte,6432 hulikunte,63.69,25.0,61,51.62,15.0,71,-12.07,-10.0,-6.04,2022-23 -> 2024-25,CAVEAT: items differ across years but map to a constant competency framework. Item-level year comparisons mix learning and instrument change; competency-level comparisons are more defensible (still assume similar difficulty within competency). Prefer rankings and competency-level statements across years.
Chitradurga,B0060 holalkere,C0011 adanuru,515 adanuru,60.13,15.0,190,48.08,10.0,156,-12.05,-5.0,-6.02,2022-23 -> 2024-25,CAVEAT: items differ across years but map to a constant competency framework. Item-level year comparisons mix learning and instrument change; competency-level comparisons are more defensible (still assume similar difficulty within competency). Prefer rankings and competency-level statements across years.
Dharwad,B0041 dharwad,C0691 honnapur,2749 honnapur,75.4,52.5,176,63.36,15.0,171,-12.04,-37.5,-6.02,2022-23 -> 2024-25,CAVEAT: items differ across years but map to a constant competency framework. Item-level year comparisons mix learning and instrument change; competency-level comparisons are more defensible (still assume similar difficulty within competency). Prefer rankings and competency-level statements across years.
Vijayanagara,B0051 hadagali,C1260 nagathi basapura,4665 nagathibasapura,67.59,30.0,114,55.56,29.5,80,-12.03,-0.5,-6.02,2022-23 -> 2024-25,CAVEAT: items differ across years but map to a constant competency framework. Item-level year comparisons mix learning and instrument change; competency-level comparisons are more defensible (still assume similar difficulty within competency). Prefer rankings and competency-level statements across years.
Chamarajanagara,B0050 gundlupet,C0231 bheemanabeedu,1281 bheemana beedu,53.32,20.0,119,41.29,5.0,112,-12.03,-15.0,-6.02,2022-23 -> 2024-25,CAVEAT: items differ across years but map to a constant competency framework. Item-level year comparisons mix learning and instrument change; competency-level comparisons are more defensible (still assume similar difficulty within competency). Prefer rankings and competency-level statements across years.
Ramanagara,B0077 kanakapura,C0834 kaggalahalli,3205 kaggalahalli,61.75,25.0,126,49.74,15.0,117,-12.01,-10.0,-6.0,2022-23 -> 2024-25,CAVEAT: items differ across years but map to a constant competency framework. Item-level year comparisons mix learning and instrument change; competency-level comparisons are more defensible (still assume similar difficulty within competency). Prefer rankings and competency-level statements across years.
Kodagu,B0129 somavarpet,C1084 madapur,2444 haradoor,75.0,55.0,31,63.0,40.0,40,-12.0,-15.0,-6.0,2022-23 -> 2024-25,CAVEAT: items differ across years but map to a constant competency framework. Item-level year comparisons mix learning and instrument change; competency-level comparisons are more defensible (still assume similar difficulty within competency). Prefer rankings and competency-level statements across years.
Chamarajanagara,B0027 chamarajanagar,C0608 haradana halli,2442 haradhanahalli,73.68,50.0,125,61.69,30.0,83,-11.99,-20.0,-6.0,2022-23 -> 2024-25,CAVEAT: items differ across years but map to a constant competency framework. Item-level year comparisons mix learning and instrument change; competency-level comparisons are more defensible (still assume similar difficulty within competency). Prefer rankings and competency-level statements across years.
Raichur,B0126 sindhanur,C0513 gorebal,2155 gorebal (s),49.16,10.0,167,37.19,0.0,139,-11.97,-10.0,-5.98,2022-23 -> 2024-25,CAVEAT: items differ across years but map to a constant competency framework. Item-level year comparisons mix learning and instrument change; competency-level comparisons are more defensible (still assume similar difficulty within competency). Prefer rankings and competency-level statements across years.
Chitradurga,B0063 hosadurga,C1078 madadakere,4056 madadakere,52.9,8.0,107,40.94,5.0,144,-11.96,-3.0,-5.98,2022-23 -> 2024-25,CAVEAT: items differ across years but map to a constant competency framework. Item-level year comparisons mix learning and instrument change; competency-level comparisons are more defensible (still assume similar difficulty within competency). Prefer rankings and competency-level statements across years.
Vijayanagara,B0084 kudligi,C1023 kulumehatti,5016 pujarahalli,49.18,15.0,97,37.23,10.0,103,-11.95,-5.0,-5.98,2022-23 -> 2024-25,CAVEAT: items differ across years but map to a constant competency framework. Item-level year comparisons mix learning and instrument change; competency-level comparisons are more defensible (still assume similar difficulty within competency). Prefer rankings and competency-level statements across years.
Tumakuru,B0087 kunigal,C1259 nagasandra,4663 nagasandra,65.99,35.0,91,54.05,12.0,105,-11.94,-23.0,-5.97,2022-23 -> 2024-25,CAVEAT: items differ across years but map to a constant competency framework. Item-level year comparisons mix learning and instrument change; competency-level comparisons are more defensible (still assume similar difficulty within competency). Prefer rankings and competency-level statements across years.
Hassan,B0061 holenarasipura,C0614 hariharapura,6625 hariharapura,63.96,20.0,82,52.05,15.0,95,-11.91,-5.0,-5.96,2022-23 -> 2024-25,CAVEAT: items differ across years but map to a constant competency framework. Item-level year comparisons mix learning and instrument change; competency-level comparisons are more defensible (still assume similar difficulty within competency). Prefer rankings and competency-level statements across years.
Kolar,B0131 srinivasapur,C1241 muttakapalli,4588 muthakapalli,55.5,15.0,130,43.59,5.0,124,-11.91,-10.0,-5.96,2022-23 -> 2024-25,CAVEAT: items differ across years but map to a constant competency framework. Item-level year comparisons mix learning and instrument change; competency-level comparisons are more defensible (still assume similar difficulty within competency). Prefer rankings and competency-level statements across years.
Bidar,B0020 bidar,C0063 andura,5205 sangolgi,40.0,5.0,78,28.1,0.0,116,-11.9,-5.0,-5.95,2022-23 -> 2024-25,CAVEAT: items differ across years but map to a constant competency framework. Item-level year comparisons mix learning and instrument change; competency-level comparisons are more defensible (still assume similar difficulty within competency). Prefer rankings and competency-level statements across years.
Tumakuru,B0136 tumkur,C0537 gulur,2230 guluru,84.04,65.0,171,72.14,40.0,187,-11.9,-25.0,-5.95,2022-23 -> 2024-25,CAVEAT: items differ across years but map to a constant competency framework. Item-level year comparisons mix learning and instrument change; competency-level comparisons are more defensible (still assume similar difficulty within competency). Prefer rankings and competency-level statements across years.
Ramanagara,B0077 kanakapura,C0323 chikka muduvadi,1595 chikkamuduvadi,64.95,24.0,107,53.06,17.5,126,-11.89,-6.5,-5.94,2022-23 -> 2024-25,CAVEAT: items differ across years but map to a constant competency framework. Item-level year comparisons mix learning and instrument change; competency-level comparisons are more defensible (still assume similar difficulty within competency). Prefer rankings and competency-level statements across years.
Kalaburagi,B0002 aland,C1466 savaleshwar,5280 sawaleshwar,31.22,0.0,148,19.35,0.0,147,-11.87,0.0,-5.94,2022-23 -> 2024-25,CAVEAT: items differ across years but map to a constant competency framework. Item-level year comparisons mix learning and instrument change; competency-level comparisons are more defensible (still assume similar difficulty within competency). Prefer rankings and competency-level statements across years.
Kalaburagi,B0002 aland,C1315 nimbarga,4863 nimbarga,57.72,25.0,136,45.85,10.0,82,-11.87,-15.0,-5.94,2022-23 -> 2024-25,CAVEAT: items differ across years but map to a constant competency framework. Item-level year comparisons mix learning and instrument change; competency-level comparisons are more defensible (still assume similar difficulty within competency). Prefer rankings and competency-level statements across years.
Kalaburagi,B0036 chittapur,C1462 satnoor,4457 mogala,55.75,16.0,73,43.9,4.0,59,-11.85,-12.0,-5.92,2022-23 -> 2024-25,CAVEAT: items differ across years but map to a constant competency framework. Item-level year comparisons mix learning and instrument change; competency-level comparisons are more defensible (still assume similar difficulty within competency). Prefer rankings and competency-level statements across years.
Koppal,B0044 gangavathi,C1641 ulenoor,5888 ulenoor,64.14,20.0,99,52.31,0.0,117,-11.83,-20.0,-5.92,2022-23 -> 2024-25,CAVEAT: items differ across years but map to a constant competency framework. Item-level year comparisons mix learning and instrument change; competency-level comparisons are more defensible (still assume similar difficulty within competency). Prefer rankings and competency-level statements across years.
Gadag,B0043 gadag rural,C0077 antur bentur,3937 kurtakoti,53.52,5.0,149,41.73,10.0,269,-11.79,5.0,-5.9,2022-23 -> 2024-25,CAVEAT: items differ across years but map to a constant competency framework. Item-level year comparisons mix learning and instrument change; competency-level comparisons are more defensible (still assume similar difficulty within competency). Prefer rankings and competency-level statements across years.
Hassan,B0061 holenarasipura,C0573 halekote,6544 halekote,58.98,11.5,54,47.21,10.0,43,-11.77,-1.5,-5.88,2022-23 -> 2024-25,CAVEAT: items differ across years but map to a constant competency framework. Item-level year comparisons mix learning and instrument change; competency-level comparisons are more defensible (still assume similar difficulty within competency). Prefer rankings and competency-level statements across years.
Ballari,B0013 ballari west,C1499 siddamman halli,5396 siddammanahalli,39.31,10.0,72,27.56,1.5,84,-11.75,-8.5,-5.88,2022-23 -> 2024-25,CAVEAT: items differ across years but map to a constant competency framework. Item-level year comparisons mix learning and instrument change; competency-level comparisons are more defensible (still assume similar difficulty within competency). Prefer rankings and competency-level statements across years.
Kodagu,B0140 virajpet,C0054 ammatti,3461 karmadu,55.85,25.0,47,44.1,14.0,39,-11.75,-11.0,-5.88,2022-23 -> 2024-25,CAVEAT: items differ across years but map to a constant competency framework. Item-level year comparisons mix learning and instrument change; competency-level comparisons are more defensible (still assume similar difficulty within competency). Prefer rankings and competency-level statements across years.
Dharwad,B0076 kalghatagi,C1220 mukkal,5647 tavarageri,59.12,20.5,142,47.38,19.0,189,-11.74,-1.5,-5.87,2022-23 -> 2024-25,CAVEAT: items differ across years but map to a constant competency framework. Item-level year comparisons mix learning and instrument change; competency-level comparisons are more defensible (still assume similar difficulty within competency). Prefer rankings and competency-level statements across years.
Haveri,B0114 ranebennur,C0997 kotihal,6232 lingadahalli,76.34,50.0,190,64.62,30.0,92,-11.72,-20.0,-5.86,2022-23 -> 2024-25,CAVEAT: items differ across years but map to a constant competency framework. Item-level year comparisons mix learning and instrument change; competency-level comparisons are more defensible (still assume similar difficulty within competency). Prefer rankings and competency-level statements across years.
Chitradurga,B0026 challakere,C1443 sanikere,5452 somaguddu,50.72,10.0,138,39.12,5.0,119,-11.6,-5.0,-5.8,2022-23 -> 2024-25,CAVEAT: items differ across years but map to a constant competency framework. Item-level year comparisons mix learning and instrument change; competency-level comparisons are more defensible (still assume similar difficulty within competency). Prefer rankings and competency-level statements across years.
Bidar,B0015 basavakalyan,C0944 kitta,3629 kitta,47.07,14.5,70,35.47,5.0,75,-11.6,-9.5,-5.8,2022-23 -> 2024-25,CAVEAT: items differ across years but map to a constant competency framework. Item-level year comparisons mix learning and instrument change; competency-level comparisons are more defensible (still assume similar difficulty within competency). Prefer rankings and competency-level statements across years.
Yadgir,B0120 shahapur,C1294 naykal,4775 naykal,55.96,20.5,162,44.41,15.0,135,-11.55,-5.5,-5.78,2022-23 -> 2024-25,CAVEAT: items differ across years but map to a constant competency framework. Item-level year comparisons mix learning and instrument change; competency-level comparisons are more defensible (still assume similar difficulty within competency). Prefer rankings and competency-level statements across years.
Ballari,B0117 sandur,C0236 bhujanga nagar,6586 devagiri,44.62,10.0,52,33.1,10.0,50,-11.52,0.0,-5.76,2022-23 -> 2024-25,CAVEAT: items differ across years but map to a constant competency framework. Item-level year comparisons mix learning and instrument change; competency-level comparisons are more defensible (still assume similar difficulty within competency). Prefer rankings and competency-level statements across years.
Chitradurga,B0059 hiriyur,C0616 hariyebbe,2473 hariyebbe,57.96,15.0,142,46.44,5.0,167,-11.52,-10.0,-5.76,2022-23 -> 2024-25,CAVEAT: items differ across years but map to a constant competency framework. Item-level year comparisons mix learning and instrument change; competency-level comparisons are more defensible (still assume similar difficulty within competency). Prefer rankings and competency-level statements across years.
Bidar,B0015 basavakalyan,C0500 ghotal,2096 ghotala,56.44,15.0,167,44.97,15.0,165,-11.47,0.0,-5.74,2022-23 -> 2024-25,CAVEAT: items differ across years but map to a constant competency framework. Item-level year comparisons mix learning and instrument change; competency-level comparisons are more defensible (still assume similar difficulty within competency). Prefer rankings and competency-level statements across years.
Davanagere,B0038 davanagere(s),C0556 hadadi,4360 mathi,64.39,30.0,99,52.94,19.0,109,-11.45,-11.0,-5.72,2022-23 -> 2024-25,CAVEAT: items differ across years but map to a constant competency framework. Item-level year comparisons mix learning and instrument change; competency-level comparisons are more defensible (still assume similar difficulty within competency). Prefer rankings and competency-level statements across years.
Kolar,B0079 kolar,C0757 itharasanahalli,2979 itharasanahalli,67.84,30.0,97,56.4,20.0,82,-11.44,-10.0,-5.72,2022-23 -> 2024-25,CAVEAT: items differ across years but map to a constant competency framework. Item-level year comparisons mix learning and instrument change; competency-level comparisons are more defensible (still assume similar difficulty within competency). Prefer rankings and competency-level statements across years.
Davanagere,B0071 jagalur,C1236 musturu,3276 kalledevarapura,54.02,20.0,148,42.6,10.0,125,-11.42,-10.0,-5.71,2022-23 -> 2024-25,CAVEAT: items differ across years but map to a constant competency framework. Item-level year comparisons mix learning and instrument change; competency-level comparisons are more defensible (still assume similar difficulty within competency). Prefer rankings and competency-level statements across years.
Yadgir,B0120 shahapur,C1706 wanadurga,3224 kakkasgera,48.81,15.0,109,37.39,5.0,140,-11.42,-10.0,-5.71,2022-23 -> 2024-25,CAVEAT: items differ across years but map to a constant competency framework. Item-level year comparisons mix learning and instrument change; competency-level comparisons are more defensible (still assume similar difficulty within competency). Prefer rankings and competency-level statements across years.
Ramanagara,B0112 ramanagara,C1479 shanuboganahalli,5392 shyanubhoganahalli,70.16,41.5,64,58.75,10.0,88,-11.41,-31.5,-5.7,2022-23 -> 2024-25,CAVEAT: items differ across years but map to a constant competency framework. Item-level year comparisons mix learning and instrument change; competency-level comparisons are more defensible (still assume similar difficulty within competency). Prefer rankings and competency-level statements across years.
Tumakuru,B0082 koratagere,C0681 holavanahalli,2715 holavanahalli,71.67,17.5,66,60.26,35.0,115,-11.41,17.5,-5.7,2022-23 -> 2024-25,CAVEAT: items differ across years but map to a constant competency framework. Item-level year comparisons mix learning and instrument change; competency-level comparisons are more defensible (still assume similar difficulty within competency). Prefer rankings and competency-level statements across years.
Tumakuru,B0136 tumkur,C1261 nagavalli,2052 gangona halli,83.86,67.0,79,72.46,50.0,71,-11.4,-17.0,-5.7,2022-23 -> 2024-25,CAVEAT: items differ across years but map to a constant competency framework. Item-level year comparisons mix learning and instrument change; competency-level comparisons are more defensible (still assume similar difficulty within competency). Prefer rankings and competency-level statements across years.
Ballari,B0128 siruguppa,C0378 darur,3469 karuru,51.31,15.0,130,39.93,5.0,211,-11.38,-10.0,-5.69,2022-23 -> 2024-25,CAVEAT: items differ across years but map to a constant competency framework. Item-level year comparisons mix learning and instrument change; competency-level comparisons are more defensible (still assume similar difficulty within competency). Prefer rankings and competency-level statements across years.
Kalaburagi,B0001 afzalpur,C1536 station gangapur,2211 gudoor,48.66,5.0,145,37.28,5.0,79,-11.38,0.0,-5.69,2022-23 -> 2024-25,CAVEAT: items differ across years but map to a constant competency framework. Item-level year comparisons mix learning and instrument change; competency-level comparisons are more defensible (still assume similar difficulty within competency). Prefer rankings and competency-level statements across years.
Dharwad,B0041 dharwad,C1645 uppina betageri,5013 pudakalakatti,83.57,65.0,140,72.22,37.0,135,-11.35,-28.0,-5.68,2022-23 -> 2024-25,CAVEAT: items differ across years but map to a constant competency framework. Item-level year comparisons mix learning and instrument change; competency-level comparisons are more defensible (still assume similar difficulty within competency). Prefer rankings and competency-level statements across years.
Yadgir,B0120 shahapur,C1039 kurkunda,3165 kadamgera (b),57.23,21.0,173,45.89,9.5,190,-11.34,-11.5,-5.67,2022-23 -> 2024-25,CAVEAT: items differ across years but map to a constant competency framework. Item-level year comparisons mix learning and instrument change; competency-level comparisons are more defensible (still assume similar difficulty within competency). Prefer rankings and competency-level statements across years.
Chamarajanagara,B0050 gundlupet,C0231 bheemanabeedu,3391 kannegala,61.36,30.0,77,50.05,20.0,105,-11.31,-10.0,-5.66,2022-23 -> 2024-25,CAVEAT: items differ across years but map to a constant competency framework. Item-level year comparisons mix learning and instrument change; competency-level comparisons are more defensible (still assume similar difficulty within competency). Prefer rankings and competency-level statements across years.
Kalaburagi,B0073 jewargi,C0061 andola,705 andola 10,41.49,5.0,154,30.2,14.0,49,-11.29,9.0,-5.64,2022-23 -> 2024-25,CAVEAT: items differ across years but map to a constant competency framework. Item-level year comparisons mix learning and instrument change; competency-level comparisons are more defensible (still assume similar difficulty within competency). Prefer rankings and competency-level statements across years.
Vijayanagara,B0052 hagaribommanahalli,C0552 h.b. halli,4167 malavi,43.07,5.0,135,31.81,0.0,155,-11.26,-5.0,-5.63,2022-23 -> 2024-25,CAVEAT: items differ across years but map to a constant competency framework. Item-level year comparisons mix learning and instrument change; competency-level comparisons are more defensible (still assume similar difficulty within competency). Prefer rankings and competency-level statements across years.
Chamarajanagara,B0027 chamarajanagar,C0293 chamarajanagar-1v,3838 kudluru,56.07,20.0,70,44.85,13.0,67,-11.22,-7.0,-5.61,2022-23 -> 2024-25,CAVEAT: items differ across years but map to a constant competency framework. Item-level year comparisons mix learning and instrument change; competency-level comparisons are more defensible (still assume similar difficulty within competency). Prefer rankings and competency-level statements across years.
Ballari,B0012 ballari east,C1352 patelanagar bellary,642 amarapura,42.57,10.0,140,31.39,0.0,231,-11.18,-10.0,-5.59,2022-23 -> 2024-25,CAVEAT: items differ across years but map to a constant competency framework. Item-level year comparisons mix learning and instrument change; competency-level comparisons are more defensible (still assume similar difficulty within competency). Prefer rankings and competency-level statements across years.
Chikkaballapura,B0034 chintamani,C0424 doddaganjuru,1892 doddaganjur,72.31,45.5,52,61.14,26.0,57,-11.17,-19.5,-5.58,2022-23 -> 2024-25,CAVEAT: items differ across years but map to a constant competency framework. Item-level year comparisons mix learning and instrument change; competency-level comparisons are more defensible (still assume similar difficulty within competency). Prefer rankings and competency-level statements across years.
Tumakuru,B0091 madhugiri,C0949 kodigenahally,6645 kodigenahalli,65.06,25.0,87,53.9,15.0,86,-11.16,-10.0,-5.58,2022-23 -> 2024-25,CAVEAT: items differ across years but map to a constant competency framework. Item-level year comparisons mix learning and instrument change; competency-level comparisons are more defensible (still assume similar difficulty within competency). Prefer rankings and competency-level statements across years.
Dharwad,B0041 dharwad,C0049 aminabhavi,3347 kanakur,86.95,65.0,197,75.8,42.5,286,-11.15,-22.5,-5.58,2022-23 -> 2024-25,CAVEAT: items differ across years but map to a constant competency framework. Item-level year comparisons mix learning and instrument change; competency-level comparisons are more defensible (still assume similar difficulty within competency). Prefer rankings and competency-level statements across years.
Mysuru,B0104 nanjanagud,C0421 dodda kavalande,4815 nerale,58.82,20.0,114,47.69,10.0,80,-11.13,-10.0,-5.56,2022-23 -> 2024-25,CAVEAT: items differ across years but map to a constant competency framework. Item-level year comparisons mix learning and instrument change; competency-level comparisons are more defensible (still assume similar difficulty within competency). Prefer rankings and competency-level statements across years.
Tumakuru,B0087 kunigal,C0221 bhaktharahally,1267 bhaktharahalli,69.44,33.5,108,58.31,20.0,130,-11.13,-13.5,-5.56,2022-23 -> 2024-25,CAVEAT: items differ across years but map to a constant competency framework. Item-level year comparisons mix learning and instrument change; competency-level comparisons are more defensible (still assume similar difficulty within competency). Prefer rankings and competency-level statements across years.
Chamarajanagara,B0054 hanur,C1328 odeyarapalya,6272 bailooru,54.21,10.0,76,43.09,2.0,55,-11.12,-8.0,-5.56,2022-23 -> 2024-25,CAVEAT: items differ across years but map to a constant competency framework. Item-level year comparisons mix learning and instrument change; competency-level comparisons are more defensible (still assume similar difficulty within competency). Prefer rankings and competency-level statements across years.
Chitradurga,B0063 hosadurga,C0191 belaguru,1156 belaguru,56.48,5.0,81,45.39,0.0,77,-11.09,-5.0,-5.54,2022-23 -> 2024-25,CAVEAT: items differ across years but map to a constant competency framework. Item-level year comparisons mix learning and instrument change; competency-level comparisons are more defensible (still assume similar difficulty within competency). Prefer rankings and competency-level statements across years.
Dharwad,B0041 dharwad,C1223 mummigatti,4550 mummigatti,70.39,35.0,206,59.32,25.0,199,-11.07,-10.0,-5.54,2022-23 -> 2024-25,CAVEAT: items differ across years but map to a constant competency framework. Item-level year comparisons mix learning and instrument change; competency-level comparisons are more defensible (still assume similar difficulty within competency). Prefer rankings and competency-level statements across years.
Raichur,B0089 lingasugur,C0516 goudur,2166 goudur,50.19,15.0,189,39.12,10.0,193,-11.07,-5.0,-5.54,2022-23 -> 2024-25,CAVEAT: items differ across years but map to a constant competency framework. Item-level year comparisons mix learning and instrument change; competency-level comparisons are more defensible (still assume similar difficulty within competency). Prefer rankings and competency-level statements across years.
Bengaluru Rural,B0064 hosakote,C1495 shivanapura,5381 shivanapura,66.45,33.0,107,55.38,15.0,120,-11.07,-18.0,-5.54,2022-23 -> 2024-25,CAVEAT: items differ across years but map to a constant competency framework. Item-level year comparisons mix learning and instrument change; competency-level comparisons are more defensible (still assume similar difficulty within competency). Prefer rankings and competency-level statements across years.
Kolar,B0131 srinivasapur,C0092 arikunte,795 arikunte,69.91,41.5,54,58.85,13.0,39,-11.06,-28.5,-5.53,2022-23 -> 2024-25,CAVEAT: items differ across years but map to a constant competency framework. Item-level year comparisons mix learning and instrument change; competency-level comparisons are more defensible (still assume similar difficulty within competency). Prefer rankings and competency-level statements across years.
Chamarajanagara,B0050 gundlupet,C0339 chikkathuppuru,6483 annuru,52.73,20.0,86,41.67,0.0,51,-11.06,-20.0,-5.53,2022-23 -> 2024-25,CAVEAT: items differ across years but map to a constant competency framework. Item-level year comparisons mix learning and instrument change; competency-level comparisons are more defensible (still assume similar difficulty within competency). Prefer rankings and competency-level statements across years.
Gadag,B0122 shirhatti,C0438 doddur,516 adarakatti,47.89,10.0,133,36.85,0.0,154,-11.04,-10.0,-5.52,2022-23 -> 2024-25,CAVEAT: items differ across years but map to a constant competency framework. Item-level year comparisons mix learning and instrument change; competency-level comparisons are more defensible (still assume similar difficulty within competency). Prefer rankings and competency-level statements across years.
Koppal,B0081 koppal,C0218 bhahaddurbandi,2130 gondabal,68.9,35.0,91,57.87,25.5,122,-11.03,-9.5,-5.52,2022-23 -> 2024-25,CAVEAT: items differ across years but map to a constant competency framework. Item-level year comparisons mix learning and instrument change; competency-level comparisons are more defensible (still assume similar difficulty within competency). Prefer rankings and competency-level statements across years.
Yadgir,B0141 yadgir,C0885 kandakoor,3368 kandkur,53.73,19.0,59,42.72,10.0,81,-11.01,-9.0,-5.5,2022-23 -> 2024-25,CAVEAT: items differ across years but map to a constant competency framework. Item-level year comparisons mix learning and instrument change; competency-level comparisons are more defensible (still assume similar difficulty within competency). Prefer rankings and competency-level statements across years.
Dharwad,B0086 kundagol,C0749 ingalagi,3822 kubihal,74.37,46.0,143,63.45,15.0,193,-10.92,-31.0,-5.46,2022-23 -> 2024-25,CAVEAT: items differ across years but map to a constant competency framework. Item-level year comparisons mix learning and instrument change; competency-level comparisons are more defensible (still assume similar difficulty within competency). Prefer rankings and competency-level statements across years.
Gadag,B0043 gadag rural,C0621 harti,6557 asundi,55.43,20.0,139,44.54,8.5,248,-10.89,-11.5,-5.44,2022-23 -> 2024-25,CAVEAT: items differ across years but map to a constant competency framework. Item-level year comparisons mix learning and instrument change; competency-level comparisons are more defensible (still assume similar difficulty within competency). Prefer rankings and competency-level statements across years.
Koppal,B0088 kustagi,C0652 hiregonnagar,2583 heragonagara,50.4,10.0,124,39.54,0.0,131,-10.86,-10.0,-5.43,2022-23 -> 2024-25,CAVEAT: items differ across years but map to a constant competency framework. Item-level year comparisons mix learning and instrument change; competency-level comparisons are more defensible (still assume similar difficulty within competency). Prefer rankings and competency-level statements across years.
Kodagu,B0129 somavarpet,C1476 shanivarsanthe,5304 shanivarsanthe,62.6,25.0,50,51.76,20.0,68,-10.84,-5.0,-5.42,2022-23 -> 2024-25,CAVEAT: items differ across years but map to a constant competency framework. Item-level year comparisons mix learning and instrument change; competency-level comparisons are more defensible (still assume similar difficulty within competency). Prefer rankings and competency-level statements across years.
Yadgir,B0120 shahapur,C0630 hayyal (b),3749 konkal,39.9,10.0,193,29.08,0.0,200,-10.82,-10.0,-5.41,2022-23 -> 2024-25,CAVEAT: items differ across years but map to a constant competency framework. Item-level year comparisons mix learning and instrument change; competency-level comparisons are more defensible (still assume similar difficulty within competency). Prefer rankings and competency-level statements across years.
Koppal,B0085 kuknoor,C1011 kudarimoti,6282 nelajeri,39.62,10.0,131,28.82,0.0,131,-10.8,-10.0,-5.4,2022-23 -> 2024-25,CAVEAT: items differ across years but map to a constant competency framework. Item-level year comparisons mix learning and instrument change; competency-level comparisons are more defensible (still assume similar difficulty within competency). Prefer rankings and competency-level statements across years.
Gadag,B0043 gadag rural,C0332 chikkahandigol,1579 chikkahandigol,71.68,45.0,119,60.89,30.0,146,-10.79,-15.0,-5.4,2022-23 -> 2024-25,CAVEAT: items differ across years but map to a constant competency framework. Item-level year comparisons mix learning and instrument change; competency-level comparisons are more defensible (still assume similar difficulty within competency). Prefer rankings and competency-level statements across years.
Kalaburagi,B0073 jewargi,C0040 aloor,6076 yalgod 20,44.14,5.0,157,33.36,2.0,125,-10.78,-3.0,-5.39,2022-23 -> 2024-25,CAVEAT: items differ across years but map to a constant competency framework. Item-level year comparisons mix learning and instrument change; competency-level comparisons are more defensible (still assume similar difficulty within competency). Prefer rankings and competency-level statements across years.
Chamarajanagara,B0054 hanur,C1326 odakehalla,5005 ponnachi,44.74,15.0,38,33.97,9.0,29,-10.77,-6.0,-5.38,2022-23 -> 2024-25,CAVEAT: items differ across years but map to a constant competency framework. Item-level year comparisons mix learning and instrument change; competency-level comparisons are more defensible (still assume similar difficulty within competency). Prefer rankings and competency-level statements across years.
Tumakuru,B0137 turuvekere,C1228 muniyur,4564 muniyuru,95.61,90.0,99,84.84,55.0,91,-10.77,-35.0,-5.38,2022-23 -> 2024-25,CAVEAT: items differ across years but map to a constant competency framework. Item-level year comparisons mix learning and instrument change; competency-level comparisons are more defensible (still assume similar difficulty within competency). Prefer rankings and competency-level statements across years.
Bengaluru Rural,B0064 hosakote,C0388 devanagundi,1778 devanagundi,71.06,45.0,94,60.3,30.0,82,-10.76,-15.0,-5.38,2022-23 -> 2024-25,CAVEAT: items differ across years but map to a constant competency framework. Item-level year comparisons mix learning and instrument change; competency-level comparisons are more defensible (still assume similar difficulty within competency). Prefer rankings and competency-level statements across years.
Kalaburagi,B0033 chincholi,C0347 chimmaidalai,1631 chimmaidalai,45.0,10.0,84,34.26,5.0,27,-10.74,-5.0,-5.37,2022-23 -> 2024-25,CAVEAT: items differ across years but map to a constant competency framework. Item-level year comparisons mix learning and instrument change; competency-level comparisons are more defensible (still assume similar difficulty within competency). Prefer rankings and competency-level statements across years.
Hassan,B0018 belur,C2110 hebbalu,6673 hebbalu,73.57,50.0,77,62.84,26.5,74,-10.73,-23.5,-5.36,2022-23 -> 2024-25,CAVEAT: items differ across years but map to a constant competency framework. Item-level year comparisons mix learning and instrument change; competency-level comparisons are more defensible (still assume similar difficulty within competency). Prefer rankings and competency-level statements across years.
Vijayanagara,B0055 harapanahalli,C1296 neelagunda,3124 k.kallahalli,47.37,5.0,171,36.64,5.0,207,-10.73,0.0,-5.36,2022-23 -> 2024-25,CAVEAT: items differ across years but map to a constant competency framework. Item-level year comparisons mix learning and instrument change; competency-level comparisons are more defensible (still assume similar difficulty within competency). Prefer rankings and competency-level statements across years.
Gadag,B0105 naragund,C0767 jagapur,2871 hunashikatti,54.7,20.0,148,43.99,9.0,169,-10.71,-11.0,-5.36,2022-23 -> 2024-25,CAVEAT: items differ across years but map to a constant competency framework. Item-level year comparisons mix learning and instrument change; competency-level comparisons are more defensible (still assume similar difficulty within competency). Prefer rankings and competency-level statements across years.
Raichur,B0111 raichur,C0484 gandhal,6206 n malkapur,40.86,5.0,110,30.16,0.0,96,-10.7,-5.0,-5.35,2022-23 -> 2024-25,CAVEAT: items differ across years but map to a constant competency framework. Item-level year comparisons mix learning and instrument change; competency-level comparisons are more defensible (still assume similar difficulty within competency). Prefer rankings and competency-level statements across years.
Koppal,B0088 kustagi,C0289 chalageri,1470 chalgera,57.75,23.5,118,47.05,15.0,132,-10.7,-8.5,-5.35,2022-23 -> 2024-25,CAVEAT: items differ across years but map to a constant competency framework. Item-level year comparisons mix learning and instrument change; competency-level comparisons are more defensible (still assume similar difficulty within competency). Prefer rankings and competency-level statements across years.
Chitradurga,B0026 challakere,C0437 doddullarthy,3298 kaluvehally,40.23,5.0,155,29.53,0.0,150,-10.7,-5.0,-5.35,2022-23 -> 2024-25,CAVEAT: items differ across years but map to a constant competency framework. Item-level year comparisons mix learning and instrument change; competency-level comparisons are more defensible (still assume similar difficulty within competency). Prefer rankings and competency-level statements across years.
Vijayanagara,B0055 harapanahalli,C0663 hiremegalagere,2666 hiremegalagere,52.85,10.0,114,42.16,5.0,148,-10.69,-5.0,-5.34,2022-23 -> 2024-25,CAVEAT: items differ across years but map to a constant competency framework. Item-level year comparisons mix learning and instrument change; competency-level comparisons are more defensible (still assume similar difficulty within competency). Prefer rankings and competency-level statements across years.
Mandya,B0103 nagamangala,C1056 lalanakere,4006 lalana kere,70.19,50.0,54,59.52,25.5,42,-10.67,-24.5,-5.34,2022-23 -> 2024-25,CAVEAT: items differ across years but map to a constant competency framework. Item-level year comparisons mix learning and instrument change; competency-level comparisons are more defensible (still assume similar difficulty within competency). Prefer rankings and competency-level statements across years.
Vijayanagara,B0055 harapanahalli,C1164 mathihalli,5256 sasvehalli,47.56,5.0,125,36.94,5.0,162,-10.62,0.0,-5.31,2022-23 -> 2024-25,CAVEAT: items differ across years but map to a constant competency framework. Item-level year comparisons mix learning and instrument change; competency-level comparisons are more defensible (still assume similar difficulty within competency). Prefer rankings and competency-level statements across years.
Raichur,B0111 raichur,C0296 chandrabanda,1495 chandrabanda,40.36,5.0,222,29.77,0.0,107,-10.59,-5.0,-5.3,2022-23 -> 2024-25,CAVEAT: items differ across years but map to a constant competency framework. Item-level year comparisons mix learning and instrument change; competency-level comparisons are more defensible (still assume similar difficulty within competency). Prefer rankings and competency-level statements across years.
Ballari,B0117 sandur,C0509 gollalingammanahalli,2125 gollalingamanahalli,31.36,0.0,177,20.81,0.0,235,-10.55,0.0,-5.28,2022-23 -> 2024-25,CAVEAT: items differ across years but map to a constant competency framework. Item-level year comparisons mix learning and instrument change; competency-level comparisons are more defensible (still assume similar difficulty within competency). Prefer rankings and competency-level statements across years.
Ballari,B0012 ballari east,C0567 halakundi,5210 sanjeevarayanakote,33.83,0.0,154,23.29,0.0,315,-10.54,0.0,-5.27,2022-23 -> 2024-25,CAVEAT: items differ across years but map to a constant competency framework. Item-level year comparisons mix learning and instrument change; competency-level comparisons are more defensible (still assume similar difficulty within competency). Prefer rankings and competency-level statements across years.
Raichur,B0039 devadurga,C0466 gabbur,6226 hemnal,51.15,15.0,109,40.61,13.0,57,-10.54,-2.0,-5.27,2022-23 -> 2024-25,CAVEAT: items differ across years but map to a constant competency framework. Item-level year comparisons mix learning and instrument change; competency-level comparisons are more defensible (still assume similar difficulty within competency). Prefer rankings and competency-level statements across years.
Haveri,B0053 hanagal,C2624 shyadaguppi,5570 syadguppi,70.6,35.0,150,60.07,30.0,153,-10.53,-5.0,-5.26,2022-23 -> 2024-25,CAVEAT: items differ across years but map to a constant competency framework. Item-level year comparisons mix learning and instrument change; competency-level comparisons are more defensible (still assume similar difficulty within competency). Prefer rankings and competency-level statements across years.
Kodagu,B0140 virajpet,C0134 balele,966 balele,71.95,60.0,118,61.46,45.0,41,-10.49,-15.0,-5.24,2022-23 -> 2024-25,CAVEAT: items differ across years but map to a constant competency framework. Item-level year comparisons mix learning and instrument change; competency-level comparisons are more defensible (still assume similar difficulty within competency). Prefer rankings and competency-level statements across years.
Chitradurga,B0026 challakere,C0156 banjigere,1110 bedaredihalli,49.82,5.0,111,39.34,5.0,114,-10.48,0.0,-5.24,2022-23 -> 2024-25,CAVEAT: items differ across years but map to a constant competency framework. Item-level year comparisons mix learning and instrument change; competency-level comparisons are more defensible (still assume similar difficulty within competency). Prefer rankings and competency-level statements across years.
Chitradurga,B0035 chitradurga,C0761 j n kote,2996 j.n.kote,53.47,10.0,202,43.03,10.0,223,-10.44,0.0,-5.22,2022-23 -> 2024-25,CAVEAT: items differ across years but map to a constant competency framework. Item-level year comparisons mix learning and instrument change; competency-level comparisons are more defensible (still assume similar difficulty within competency). Prefer rankings and competency-level statements across years.
Chamarajanagara,B0050 gundlupet,C0185 begur,5039 raghavapura,59.54,23.5,98,49.12,11.5,74,-10.42,-12.0,-5.21,2022-23 -> 2024-25,CAVEAT: items differ across years but map to a constant competency framework. Item-level year comparisons mix learning and instrument change; competency-level comparisons are more defensible (still assume similar difficulty within competency). Prefer rankings and competency-level statements across years.
Raichur,B0126 sindhanur,C1497 shri venkteswara camp,1721 dadesugur,48.35,15.0,79,37.97,10.0,79,-10.38,-5.0,-5.19,2022-23 -> 2024-25,CAVEAT: items differ across years but map to a constant competency framework. Item-level year comparisons mix learning and instrument change; competency-level comparisons are more defensible (still assume similar difficulty within competency). Prefer rankings and competency-level statements across years.
Tumakuru,B0136 tumkur,C0285 c t kere,1458 c t kere,61.98,25.0,139,51.64,15.0,140,-10.34,-10.0,-5.17,2022-23 -> 2024-25,CAVEAT: items differ across years but map to a constant competency framework. Item-level year comparisons mix learning and instrument change; competency-level comparisons are more defensible (still assume similar difficulty within competency). Prefer rankings and competency-level statements across years.
Kalaburagi,B0073 jewargi,C1114 malli,213009040 kachapur,56.11,15.0,149,45.77,10.0,150,-10.34,-5.0,-5.17,2022-23 -> 2024-25,CAVEAT: items differ across years but map to a constant competency framework. Item-level year comparisons mix learning and instrument change; competency-level comparisons are more defensible (still assume similar difficulty within competency). Prefer rankings and competency-level statements across years.
Chamarajanagara,B0054 hanur,C1018 kuduluru,2821 hugyam,45.46,5.0,151,35.14,5.0,110,-10.32,0.0,-5.16,2022-23 -> 2024-25,CAVEAT: items differ across years but map to a constant competency framework. Item-level year comparisons mix learning and instrument change; competency-level comparisons are more defensible (still assume similar difficulty within competency). Prefer rankings and competency-level statements across years.
Vijayanagara,B0065 hosapete,"C0001 15th ward, hospet",3269 kallahallli,37.28,5.0,112,26.97,0.0,114,-10.31,-5.0,-5.16,2022-23 -> 2024-25,CAVEAT: items differ across years but map to a constant competency framework. Item-level year comparisons mix learning and instrument change; competency-level comparisons are more defensible (still assume similar difficulty within competency). Prefer rankings and competency-level statements across years.
Dharwad,B0041 dharwad,C1560 tadakod,3787 kotabagi,59.05,20.0,194,48.74,14.5,330,-10.31,-5.5,-5.16,2022-23 -> 2024-25,CAVEAT: items differ across years but map to a constant competency framework. Item-level year comparisons mix learning and instrument change; competency-level comparisons are more defensible (still assume similar difficulty within competency). Prefer rankings and competency-level statements across years.
Yadgir,B0141 yadgir,C0627 hattikuni,2516 hattikuni,53.19,15.0,180,42.89,10.0,102,-10.3,-5.0,-5.15,2022-23 -> 2024-25,CAVEAT: items differ across years but map to a constant competency framework. Item-level year comparisons mix learning and instrument change; competency-level comparisons are more defensible (still assume similar difficulty within competency). Prefer rankings and competency-level statements across years.
Vijayanagara,B0065 hosapete,C1184 metri,4435 metri,49.48,5.0,126,39.21,1.5,114,-10.27,-3.5,-5.14,2022-23 -> 2024-25,CAVEAT: items differ across years but map to a constant competency framework. Item-level year comparisons mix learning and instrument change; competency-level comparisons are more defensible (still assume similar difficulty within competency). Prefer rankings and competency-level statements across years.
Gadag,B0043 gadag rural,C0723 hulkoti,2844 hulkoti,59.92,28.0,64,49.65,15.0,142,-10.27,-13.0,-5.14,2022-23 -> 2024-25,CAVEAT: items differ across years but map to a constant competency framework. Item-level year comparisons mix learning and instrument change; competency-level comparisons are more defensible (still assume similar difficulty within competency). Prefer rankings and competency-level statements across years.
Chamarajanagara,B0027 chamarajanagar,C1633 udigala,3809 kotthalavadi,57.04,20.0,115,46.77,10.0,113,-10.27,-10.0,-5.14,2022-23 -> 2024-25,CAVEAT: items differ across years but map to a constant competency framework. Item-level year comparisons mix learning and instrument change; competency-level comparisons are more defensible (still assume similar difficulty within competency). Prefer rankings and competency-level statements across years.
Chitradurga,B0026 challakere,C1337 pagadalabande,4925 pagadalabande,51.9,3.5,218,41.64,5.0,213,-10.26,1.5,-5.13,2022-23 -> 2024-25,CAVEAT: items differ across years but map to a constant competency framework. Item-level year comparisons mix learning and instrument change; competency-level comparisons are more defensible (still assume similar difficulty within competency). Prefer rankings and competency-level statements across years.
Kolar,B0131 srinivasapur,C1055 lakshmisagara,4004 laksmisagara,61.74,32.0,95,51.49,10.0,74,-10.25,-22.0,-5.12,2022-23 -> 2024-25,CAVEAT: items differ across years but map to a constant competency framework. Item-level year comparisons mix learning and instrument change; competency-level comparisons are more defensible (still assume similar difficulty within competency). Prefer rankings and competency-level statements across years.
Raichur,B0039 devadurga,C1155 masarakal,4345 masarakal,53.45,15.0,187,43.21,20.0,84,-10.24,5.0,-5.12,2022-23 -> 2024-25,CAVEAT: items differ across years but map to a constant competency framework. Item-level year comparisons mix learning and instrument change; competency-level comparisons are more defensible (still assume similar difficulty within competency). Prefer rankings and competency-level statements across years.
Gadag,B0043 gadag rural,C0714 huilagol,2822 huilagol,53.43,15.0,118,43.23,10.0,268,-10.2,-5.0,-5.1,2022-23 -> 2024-25,CAVEAT: items differ across years but map to a constant competency framework. Item-level year comparisons mix learning and instrument change; competency-level comparisons are more defensible (still assume similar difficulty within competency). Prefer rankings and competency-level statements across years.
Davanagere,B0071 jagalur,C0549 guthidurga,2266 guttidurga,48.59,5.0,216,38.39,5.0,168,-10.2,0.0,-5.1,2022-23 -> 2024-25,CAVEAT: items differ across years but map to a constant competency framework. Item-level year comparisons mix learning and instrument change; competency-level comparisons are more defensible (still assume similar difficulty within competency). Prefer rankings and competency-level statements across years.
Ballari,B0128 siruguppa,C0924 kenchanagudda,3541 kenchanagudda,34.62,5.0,183,24.45,0.0,281,-10.17,-5.0,-5.08,2022-23 -> 2024-25,CAVEAT: items differ across years but map to a constant competency framework. Item-level year comparisons mix learning and instrument change; competency-level comparisons are more defensible (still assume similar difficulty within competency). Prefer rankings and competency-level statements across years.
Tumakuru,B0135 tiptur,C1322 nonavinakere,4880 nonavinakere,73.47,41.0,193,63.3,25.0,264,-10.17,-16.0,-5.08,2022-23 -> 2024-25,CAVEAT: items differ across years but map to a constant competency framework. Item-level year comparisons mix learning and instrument change; competency-level comparisons are more defensible (still assume similar difficulty within competency). Prefer rankings and competency-level statements across years.
Bidar,B0015 basavakalyan,C0944 kitta,1825 dhanura k,71.92,46.0,73,61.75,15.0,63,-10.17,-31.0,-5.08,2022-23 -> 2024-25,CAVEAT: items differ across years but map to a constant competency framework. Item-level year comparisons mix learning and instrument change; competency-level comparisons are more defensible (still assume similar difficulty within competency). Prefer rankings and competency-level statements across years.
Kolar,B0094 malur,C1015 kudiyanur,3833 kudiyanur,56.78,20.0,146,46.62,18.5,108,-10.16,-1.5,-5.08,2022-23 -> 2024-25,CAVEAT: items differ across years but map to a constant competency framework. Item-level year comparisons mix learning and instrument change; competency-level comparisons are more defensible (still assume similar difficulty within competency). Prefer rankings and competency-level statements across years.
Tumakuru,B0127 sira,C1577 tavarekere,6352 tavarekere,67.71,40.0,201,57.55,30.0,145,-10.16,-10.0,-5.08,2022-23 -> 2024-25,CAVEAT: items differ across years but map to a constant competency framework. Item-level year comparisons mix learning and instrument change; competency-level comparisons are more defensible (still assume similar difficulty within competency). Prefer rankings and competency-level statements across years.
Dharwad,B0041 dharwad,C1120 managundi,4272 mansur,86.07,70.0,197,75.94,50.0,149,-10.13,-20.0,-5.06,2022-23 -> 2024-25,CAVEAT: items differ across years but map to a constant competency framework. Item-level year comparisons mix learning and instrument change; competency-level comparisons are more defensible (still assume similar difficulty within competency). Prefer rankings and competency-level statements across years.
Dharwad,B0086 kundagol,C1463 saunshi,6162 pashupathihal,70.9,40.0,111,60.82,30.0,110,-10.08,-10.0,-5.04,2022-23 -> 2024-25,CAVEAT: items differ across years but map to a constant competency framework. Item-level year comparisons mix learning and instrument change; competency-level comparisons are more defensible (still assume similar difficulty within competency). Prefer rankings and competency-level statements across years.
Vijayanagara,B0084 kudligi,"C1017 kudligi, for girls",5443 sivapura,31.99,0.0,136,21.93,0.0,197,-10.06,0.0,-5.03,2022-23 -> 2024-25,CAVEAT: items differ across years but map to a constant competency framework. Item-level year comparisons mix learning and instrument change; competency-level comparisons are more defensible (still assume similar difficulty within competency). Prefer rankings and competency-level statements across years.
Hassan,B0003 alur,C0430 doddakanagalu,1903 doddakanagalu,68.03,20.0,61,58.0,27.0,35,-10.03,7.0,-5.02,2022-23 -> 2024-25,CAVEAT: items differ across years but map to a constant competency framework. Item-level year comparisons mix learning and instrument change; competency-level comparisons are more defensible (still assume similar difficulty within competency). Prefer rankings and competency-level statements across years.
Raichur,B0089 lingasugur,C0890 kannal,3384 kannal,47.86,10.0,154,37.87,5.0,148,-9.99,-5.0,-5.0,2022-23 -> 2024-25,CAVEAT: items differ across years but map to a constant competency framework. Item-level year comparisons mix learning and instrument change; competency-level comparisons are more defensible (still assume similar difficulty within competency). Prefer rankings and competency-level statements across years.
Kalaburagi,B0049 gulbarga south,C0230 bheemalli,5273 savalagi b,44.92,7.5,66,34.94,5.0,82,-9.98,-2.5,-4.99,2022-23 -> 2024-25,CAVEAT: items differ across years but map to a constant competency framework. Item-level year comparisons mix learning and instrument change; competency-level comparisons are more defensible (still assume similar difficulty within competency). Prefer rankings and competency-level statements across years.
Kolar,B0131 srinivasapur,C0675 hodali,2701 hodali,72.84,35.0,95,62.89,20.0,83,-9.95,-15.0,-4.98,2022-23 -> 2024-25,CAVEAT: items differ across years but map to a constant competency framework. Item-level year comparisons mix learning and instrument change; competency-level comparisons are more defensible (still assume similar difficulty within competency). Prefer rankings and competency-level statements across years.
Davanagere,B0062 honnali,C1548 surahonne,1521 chatnahalli,53.38,5.0,74,43.45,10.0,74,-9.93,5.0,-4.96,2022-23 -> 2024-25,CAVEAT: items differ across years but map to a constant competency framework. Item-level year comparisons mix learning and instrument change; competency-level comparisons are more defensible (still assume similar difficulty within competency). Prefer rankings and competency-level statements across years.
Tumakuru,B0082 koratagere,C1596 theetha,5716 thetha,57.36,25.5,72,47.44,25.0,45,-9.92,-0.5,-4.96,2022-23 -> 2024-25,CAVEAT: items differ across years but map to a constant competency framework. Item-level year comparisons mix learning and instrument change; competency-level comparisons are more defensible (still assume similar difficulty within competency). Prefer rankings and competency-level statements across years.
Chamarajanagara,B0027 chamarajanagar,C1633 udigala,5865 udigala,55.8,11.0,113,45.88,15.0,91,-9.92,4.0,-4.96,2022-23 -> 2024-25,CAVEAT: items differ across years but map to a constant competency framework. Item-level year comparisons mix learning and instrument change; competency-level comparisons are more defensible (still assume similar difficulty within competency). Prefer rankings and competency-level statements across years.
Chikkaballapura,B0124 sidlaghatta,C0220 bhaktharahalli,946 baktharahalli,65.17,24.0,29,55.28,10.0,36,-9.89,-14.0,-4.95,2022-23 -> 2024-25,CAVEAT: items differ across years but map to a constant competency framework. Item-level year comparisons mix learning and instrument change; competency-level comparisons are more defensible (still assume similar difficulty within competency). Prefer rankings and competency-level statements across years.
Gadag,B0102 mundaragi,C0842 kalakeri,3235 kalakeri,47.8,10.0,150,37.92,10.0,120,-9.88,0.0,-4.94,2022-23 -> 2024-25,CAVEAT: items differ across years but map to a constant competency framework. Item-level year comparisons mix learning and instrument change; competency-level comparisons are more defensible (still assume similar difficulty within competency). Prefer rankings and competency-level statements across years.
Kolar,B0131 srinivasapur,C0524 gownipalli,3660 kodihalli,66.0,34.5,70,56.13,10.0,75,-9.87,-24.5,-4.94,2022-23 -> 2024-25,CAVEAT: items differ across years but map to a constant competency framework. Item-level year comparisons mix learning and instrument change; competency-level comparisons are more defensible (still assume similar difficulty within competency). Prefer rankings and competency-level statements across years.
Dharwad,B0076 kalghatagi,C0487 ganjigatti,2057 ganjigatti,54.91,15.0,168,45.04,10.0,127,-9.87,-5.0,-4.94,2022-23 -> 2024-25,CAVEAT: items differ across years but map to a constant competency framework. Item-level year comparisons mix learning and instrument change; competency-level comparisons are more defensible (still assume similar difficulty within competency). Prefer rankings and competency-level statements across years.
Raichur,B0096 manvi,C1298 neer manvi,3410 kapagal,55.38,20.0,91,45.51,5.0,107,-9.87,-15.0,-4.94,2022-23 -> 2024-25,CAVEAT: items differ across years but map to a constant competency framework. Item-level year comparisons mix learning and instrument change; competency-level comparisons are more defensible (still assume similar difficulty within competency). Prefer rankings and competency-level statements across years.
Davanagere,B0062 honnali,C0080 arakere,6510 arakere,43.92,10.0,51,34.09,0.0,44,-9.83,-10.0,-4.92,2022-23 -> 2024-25,CAVEAT: items differ across years but map to a constant competency framework. Item-level year comparisons mix learning and instrument change; competency-level comparisons are more defensible (still assume similar difficulty within competency). Prefer rankings and competency-level statements across years.
Ballari,B0128 siruguppa,C1069 m suguru,4046 m.suguru,34.77,0.0,173,24.98,0.0,229,-9.79,0.0,-4.9,2022-23 -> 2024-25,CAVEAT: items differ across years but map to a constant competency framework. Item-level year comparisons mix learning and instrument change; competency-level comparisons are more defensible (still assume similar difficulty within competency). Prefer rankings and competency-level statements across years.
Kodagu,B0140 virajpet,C1044 kutta,5503 srimangala,33.52,0.0,71,23.73,2.0,55,-9.79,2.0,-4.9,2022-23 -> 2024-25,CAVEAT: items differ across years but map to a constant competency framework. Item-level year comparisons mix learning and instrument change; competency-level comparisons are more defensible (still assume similar difficulty within competency). Prefer rankings and competency-level statements across years.
Mandya,B0109 pandavapura,C0613 haravu,3118 k.bettahally,78.19,50.0,58,68.4,40.0,72,-9.79,-10.0,-4.9,2022-23 -> 2024-25,CAVEAT: items differ across years but map to a constant competency framework. Item-level year comparisons mix learning and instrument change; competency-level comparisons are more defensible (still assume similar difficulty within competency). Prefer rankings and competency-level statements across years.
Dharwad,B0041 dharwad,C1645 uppina betageri,5914 uppina betageri,80.03,56.0,163,70.26,41.5,274,-9.77,-14.5,-4.89,2022-23 -> 2024-25,CAVEAT: items differ across years but map to a constant competency framework. Item-level year comparisons mix learning and instrument change; competency-level comparisons are more defensible (still assume similar difficulty within competency). Prefer rankings and competency-level statements across years.
Gadag,B0115 ron,C0726 hullur,1594 chikkamannur,55.16,10.0,154,45.4,10.0,175,-9.76,0.0,-4.88,2022-23 -> 2024-25,CAVEAT: items differ across years but map to a constant competency framework. Item-level year comparisons mix learning and instrument change; competency-level comparisons are more defensible (still assume similar difficulty within competency). Prefer rankings and competency-level statements across years.
Kolar,B0131 srinivasapur,C1741 yeldur,6132 yeldur,62.88,15.0,66,53.13,5.0,75,-9.75,-10.0,-4.88,2022-23 -> 2024-25,CAVEAT: items differ across years but map to a constant competency framework. Item-level year comparisons mix learning and instrument change; competency-level comparisons are more defensible (still assume similar difficulty within competency). Prefer rankings and competency-level statements across years.
Ballari,B0013 ballari west,C1014 kudithini,1983 elubenchi,49.13,10.0,109,39.41,5.0,204,-9.72,-5.0,-4.86,2022-23 -> 2024-25,CAVEAT: items differ across years but map to a constant competency framework. Item-level year comparisons mix learning and instrument change; competency-level comparisons are more defensible (still assume similar difficulty within competency). Prefer rankings and competency-level statements across years.
Belagavi,B0075 kagwad,C1635 ugar bk,5872 ugar bk,54.21,15.0,89,44.5,9.5,100,-9.71,-5.5,-4.86,2022-23 -> 2024-25,CAVEAT: items differ across years but map to a constant competency framework. Item-level year comparisons mix learning and instrument change; competency-level comparisons are more defensible (still assume similar difficulty within competency). Prefer rankings and competency-level statements across years.
Yadgir,B0141 yadgir,C0885 kandakoor,6220 yempad,32.91,0.0,139,23.2,0.0,147,-9.71,0.0,-4.86,2022-23 -> 2024-25,CAVEAT: items differ across years but map to a constant competency framework. Item-level year comparisons mix learning and instrument change; competency-level comparisons are more defensible (still assume similar difficulty within competency). Prefer rankings and competency-level statements across years.
Chitradurga,B0026 challakere,C0437 doddullarthy,1921 doddaullarthi,38.28,3.0,137,28.57,5.0,129,-9.71,2.0,-4.86,2022-23 -> 2024-25,CAVEAT: items differ across years but map to a constant competency framework. Item-level year comparisons mix learning and instrument change; competency-level comparisons are more defensible (still assume similar difficulty within competency). Prefer rankings and competency-level statements across years.
Kalaburagi,B0119 sedam,C0446 duganoor,5413 sindanamadu,55.45,10.0,122,45.76,15.0,145,-9.69,5.0,-4.84,2022-23 -> 2024-25,CAVEAT: items differ across years but map to a constant competency framework. Item-level year comparisons mix learning and instrument change; competency-level comparisons are more defensible (still assume similar difficulty within competency). Prefer rankings and competency-level statements across years.
Vijayapura,B0025 chadachan,C1856 baradol,1057 baradol,81.97,50.0,99,72.3,40.0,350,-9.67,-10.0,-4.84,2022-23 -> 2024-25,CAVEAT: items differ across years but map to a constant competency framework. Item-level year comparisons mix learning and instrument change; competency-level comparisons are more defensible (still assume similar difficulty within competency). Prefer rankings and competency-level statements across years.
Tumakuru,B0127 sira,C1306 neralagudda,4812 neralagudda,57.99,20.0,132,48.32,15.0,143,-9.67,-5.0,-4.84,2022-23 -> 2024-25,CAVEAT: items differ across years but map to a constant competency framework. Item-level year comparisons mix learning and instrument change; competency-level comparisons are more defensible (still assume similar difficulty within competency). Prefer rankings and competency-level statements across years.
Mandya,B0109 pandavapura,C1046 kyathana hally,3551 kennalu,80.67,60.0,45,71.0,30.0,75,-9.67,-30.0,-4.84,2022-23 -> 2024-25,CAVEAT: items differ across years but map to a constant competency framework. Item-level year comparisons mix learning and instrument change; competency-level comparisons are more defensible (still assume similar difficulty within competency). Prefer rankings and competency-level statements across years.
Kodagu,B0092 madikeri,C0839 kakkabe,3903 kunjila,58.82,27.0,55,49.19,13.5,68,-9.63,-13.5,-4.82,2022-23 -> 2024-25,CAVEAT: items differ across years but map to a constant competency framework. Item-level year comparisons mix learning and instrument change; competency-level comparisons are more defensible (still assume similar difficulty within competency). Prefer rankings and competency-level statements across years.
Tumakuru,B0046 gubbi,C1319 nittur,4038 m n kote,76.92,55.0,65,67.3,40.5,102,-9.62,-14.5,-4.81,2022-23 -> 2024-25,CAVEAT: items differ across years but map to a constant competency framework. Item-level year comparisons mix learning and instrument change; competency-level comparisons are more defensible (still assume similar difficulty within competency). Prefer rankings and competency-level statements across years.
Raichur,B0126 sindhanur,C0969 kolbala,3687 kolabal,54.32,22.5,66,44.71,10.0,102,-9.61,-12.5,-4.8,2022-23 -> 2024-25,CAVEAT: items differ across years but map to a constant competency framework. Item-level year comparisons mix learning and instrument change; competency-level comparisons are more defensible (still assume similar difficulty within competency). Prefer rankings and competency-level statements across years.
Raichur,B0111 raichur,C0775 jalibenchi,6407 mamadapur,64.8,35.0,75,55.19,15.0,77,-9.61,-20.0,-4.8,2022-23 -> 2024-25,CAVEAT: items differ across years but map to a constant competency framework. Item-level year comparisons mix learning and instrument change; competency-level comparisons are more defensible (still assume similar difficulty within competency). Prefer rankings and competency-level statements across years.
Vijayanagara,B0052 hagaribommanahalli,C0956 kogali,4798 nelkuderi,56.87,18.0,67,47.28,10.0,134,-9.59,-8.0,-4.8,2022-23 -> 2024-25,CAVEAT: items differ across years but map to a constant competency framework. Item-level year comparisons mix learning and instrument change; competency-level comparisons are more defensible (still assume similar difficulty within competency). Prefer rankings and competency-level statements across years.
Koppal,B0044 gangavathi,C1501 siddapur,6538 siddapura,54.51,15.0,71,44.93,15.0,143,-9.58,0.0,-4.79,2022-23 -> 2024-25,CAVEAT: items differ across years but map to a constant competency framework. Item-level year comparisons mix learning and instrument change; competency-level comparisons are more defensible (still assume similar difficulty within competency). Prefer rankings and competency-level statements across years.
Raichur,B0096 manvi,C1345 pamanakallur,4945 pamanakallur,62.06,15.0,97,52.48,5.0,103,-9.58,-10.0,-4.79,2022-23 -> 2024-25,CAVEAT: items differ across years but map to a constant competency framework. Item-level year comparisons mix learning and instrument change; competency-level comparisons are more defensible (still assume similar difficulty within competency). Prefer rankings and competency-level statements across years.
Bidar,B0007 aurad,C1544 sundal,904 badalgaon,61.67,35.0,33,52.11,25.0,38,-9.56,-10.0,-4.78,2022-23 -> 2024-25,CAVEAT: items differ across years but map to a constant competency framework. Item-level year comparisons mix learning and instrument change; competency-level comparisons are more defensible (still assume similar difficulty within competency). Prefer rankings and competency-level statements across years.
Koppal,B0044 gangavathi,C0172 basapattan,6224 chikka benakal,62.11,30.0,71,52.55,5.0,141,-9.56,-25.0,-4.78,2022-23 -> 2024-25,CAVEAT: items differ across years but map to a constant competency framework. Item-level year comparisons mix learning and instrument change; competency-level comparisons are more defensible (still assume similar difficulty within competency). Prefer rankings and competency-level statements across years.
Hassan,B0003 alur,C1542 sulugodu kudige,2059 ganjigere,73.62,42.5,76,64.07,20.0,70,-9.55,-22.5,-4.78,2022-23 -> 2024-25,CAVEAT: items differ across years but map to a constant competency framework. Item-level year comparisons mix learning and instrument change; competency-level comparisons are more defensible (still assume similar difficulty within competency). Prefer rankings and competency-level statements across years.
Ballari,B0012 ballari east,C0145 banapura,5968 vanenoor,36.77,5.0,189,27.26,0.0,197,-9.51,-5.0,-4.76,2022-23 -> 2024-25,CAVEAT: items differ across years but map to a constant competency framework. Item-level year comparisons mix learning and instrument change; competency-level comparisons are more defensible (still assume similar difficulty within competency). Prefer rankings and competency-level statements across years.
Davanagere,B0028 channagiri,C0299 channagiri,539 agarabannihatti,57.09,15.0,43,47.62,19.5,40,-9.47,4.5,-4.74,2022-23 -> 2024-25,CAVEAT: items differ across years but map to a constant competency framework. Item-level year comparisons mix learning and instrument change; competency-level comparisons are more defensible (still assume similar difficulty within competency). Prefer rankings and competency-level statements across years.
Koppal,B0088 kustagi,C0717 hulgeri,2828 hulagera,50.94,20.0,117,41.48,5.0,122,-9.46,-15.0,-4.73,2022-23 -> 2024-25,CAVEAT: items differ across years but map to a constant competency framework. Item-level year comparisons mix learning and instrument change; competency-level comparisons are more defensible (still assume similar difficulty within competency). Prefer rankings and competency-level statements across years.
Hassan,B0061 holenarasipura,C0582 hallimysore,2364 hallymysore,55.87,15.5,132,46.42,6.0,123,-9.45,-9.5,-4.72,2022-23 -> 2024-25,CAVEAT: items differ across years but map to a constant competency framework. Item-level year comparisons mix learning and instrument change; competency-level comparisons are more defensible (still assume similar difficulty within competency). Prefer rankings and competency-level statements across years.
Yadgir,B0123 shorapur,C0903 kardakal,2559 hegganadoddi,36.49,0.0,164,27.08,0.0,185,-9.41,0.0,-4.7,2022-23 -> 2024-25,CAVEAT: items differ across years but map to a constant competency framework. Item-level year comparisons mix learning and instrument change; competency-level comparisons are more defensible (still assume similar difficulty within competency). Prefer rankings and competency-level statements across years.
Kalaburagi,B0036 chittapur,C0224 bhankur,4150 malagatti,44.36,10.0,133,34.95,0.0,108,-9.41,-10.0,-4.7,2022-23 -> 2024-25,CAVEAT: items differ across years but map to a constant competency framework. Item-level year comparisons mix learning and instrument change; competency-level comparisons are more defensible (still assume similar difficulty within competency). Prefer rankings and competency-level statements across years.
Raichur,B0089 lingasugur,C0048 amdihal,638 amadihal,61.51,17.5,86,52.11,20.0,71,-9.4,2.5,-4.7,2022-23 -> 2024-25,CAVEAT: items differ across years but map to a constant competency framework. Item-level year comparisons mix learning and instrument change; competency-level comparisons are more defensible (still assume similar difficulty within competency). Prefer rankings and competency-level statements across years.
Dharwad,B0066 hubli,C0276 byahatti,2543 hebsur,87.5,70.5,132,78.11,50.0,172,-9.39,-20.5,-4.7,2022-23 -> 2024-25,CAVEAT: items differ across years but map to a constant competency framework. Item-level year comparisons mix learning and instrument change; competency-level comparisons are more defensible (still assume similar difficulty within competency). Prefer rankings and competency-level statements across years.
Koppal,B0143 yelburga,C0150 bandi,1021 bandi,42.16,5.0,208,32.77,2.0,265,-9.39,-3.0,-4.7,2022-23 -> 2024-25,CAVEAT: items differ across years but map to a constant competency framework. Item-level year comparisons mix learning and instrument change; competency-level comparisons are more defensible (still assume similar difficulty within competency). Prefer rankings and competency-level statements across years.
Chitradurga,B0060 holalkere,C0454 echagatta,1660 chitrahalli,47.39,15.0,88,38.04,5.0,179,-9.35,-10.0,-4.68,2022-23 -> 2024-25,CAVEAT: items differ across years but map to a constant competency framework. Item-level year comparisons mix learning and instrument change; competency-level comparisons are more defensible (still assume similar difficulty within competency). Prefer rankings and competency-level statements across years.
Kalaburagi,B0048 gulbarga north,C0069 ankalaga,882 babalad i k,60.72,30.0,76,51.38,22.0,65,-9.34,-8.0,-4.67,2022-23 -> 2024-25,CAVEAT: items differ across years but map to a constant competency framework. Item-level year comparisons mix learning and instrument change; competency-level comparisons are more defensible (still assume similar difficulty within competency). Prefer rankings and competency-level statements across years.
Ballari,B0117 sandur,C0363 chornur,5496 sovenahalli,46.1,5.0,127,36.76,0.0,142,-9.34,-5.0,-4.67,2022-23 -> 2024-25,CAVEAT: items differ across years but map to a constant competency framework. Item-level year comparisons mix learning and instrument change; competency-level comparisons are more defensible (still assume similar difficulty within competency). Prefer rankings and competency-level statements across years.
Chitradurga,B0060 holalkere,C0111 b.durga,872 b.durga,49.26,5.0,142,39.96,0.0,128,-9.3,-5.0,-4.65,2022-23 -> 2024-25,CAVEAT: items differ across years but map to a constant competency framework. Item-level year comparisons mix learning and instrument change; competency-level comparisons are more defensible (still assume similar difficulty within competency). Prefer rankings and competency-level statements across years.
Tumakuru,B0031 chiknayakanhalli,C1484 shettykere,5328 shettikere,71.73,33.5,98,62.43,25.0,74,-9.3,-8.5,-4.65,2022-23 -> 2024-25,CAVEAT: items differ across years but map to a constant competency framework. Item-level year comparisons mix learning and instrument change; competency-level comparisons are more defensible (still assume similar difficulty within competency). Prefer rankings and competency-level statements across years.
Kalaburagi,B0073 jewargi,C1704 wadgera,6015 wadgera 29,36.26,0.0,171,26.96,0.0,224,-9.3,0.0,-4.65,2022-23 -> 2024-25,CAVEAT: items differ across years but map to a constant competency framework. Item-level year comparisons mix learning and instrument change; competency-level comparisons are more defensible (still assume similar difficulty within competency). Prefer rankings and competency-level statements across years.
Bengaluru Rural,B0107 nelamangala,C0261 bommanahalli,1298 bhoodihal,59.76,25.0,169,50.49,15.0,143,-9.27,-10.0,-4.64,2022-23 -> 2024-25,CAVEAT: items differ across years but map to a constant competency framework. Item-level year comparisons mix learning and instrument change; competency-level comparisons are more defensible (still assume similar difficulty within competency). Prefer rankings and competency-level statements across years.
Raichur,B0126 sindhanur,C0513 gorebal,1506 channali,53.17,10.0,232,43.92,9.0,189,-9.25,-1.0,-4.62,2022-23 -> 2024-25,CAVEAT: items differ across years but map to a constant competency framework. Item-level year comparisons mix learning and instrument change; competency-level comparisons are more defensible (still assume similar difficulty within competency). Prefer rankings and competency-level statements across years.
Yadgir,B0120 shahapur,C0209 bendebembali,1221 bendebembali,41.41,5.0,163,32.16,0.0,197,-9.25,-5.0,-4.62,2022-23 -> 2024-25,CAVEAT: items differ across years but map to a constant competency framework. Item-level year comparisons mix learning and instrument change; competency-level comparisons are more defensible (still assume similar difficulty within competency). Prefer rankings and competency-level statements across years.
Yadgir,B0120 shahapur,C1294 naykal,2228 gulsaram,62.52,35.0,143,53.27,20.0,84,-9.25,-15.0,-4.62,2022-23 -> 2024-25,CAVEAT: items differ across years but map to a constant competency framework. Item-level year comparisons mix learning and instrument change; competency-level comparisons are more defensible (still assume similar difficulty within competency). Prefer rankings and competency-level statements across years.
Kolar,B0094 malur,C1159 masthi,2501 hasandahalli,63.13,20.0,107,53.93,15.0,131,-9.2,-5.0,-4.6,2022-23 -> 2024-25,CAVEAT: items differ across years but map to a constant competency framework. Item-level year comparisons mix learning and instrument change; competency-level comparisons are more defensible (still assume similar difficulty within competency). Prefer rankings and competency-level statements across years.
Yadgir,B0120 shahapur,C0250 bilhar,1342 bilhar,41.75,5.0,166,32.55,5.0,192,-9.2,0.0,-4.6,2022-23 -> 2024-25,CAVEAT: items differ across years but map to a constant competency framework. Item-level year comparisons mix learning and instrument change; competency-level comparisons are more defensible (still assume similar difficulty within competency). Prefer rankings and competency-level statements across years.
Chikkaballapura,B0010 bagepally,C0873 kanagamakalapalli,3370 kangamakalapalli,52.85,15.0,121,43.65,7.0,115,-9.2,-8.0,-4.6,2022-23 -> 2024-25,CAVEAT: items differ across years but map to a constant competency framework. Item-level year comparisons mix learning and instrument change; competency-level comparisons are more defensible (still assume similar difficulty within competency). Prefer rankings and competency-level statements across years.
Ballari,B0128 siruguppa,C0625 hatcholli,2285 hachcholi,49.01,10.0,181,39.82,5.0,254,-9.19,-5.0,-4.59,2022-23 -> 2024-25,CAVEAT: items differ across years but map to a constant competency framework. Item-level year comparisons mix learning and instrument change; competency-level comparisons are more defensible (still assume similar difficulty within competency). Prefer rankings and competency-level statements across years.
Chitradurga,B0035 chitradurga,C0511 gonuru,2194 guddadarangavvanahalli,50.93,5.0,225,41.75,5.0,223,-9.18,0.0,-4.59,2022-23 -> 2024-25,CAVEAT: items differ across years but map to a constant competency framework. Item-level year comparisons mix learning and instrument change; competency-level comparisons are more defensible (still assume similar difficulty within competency). Prefer rankings and competency-level statements across years.
Bengaluru Rural,B0107 nelamangala,C0418 dodda bele,1885 doddabele,74.04,43.0,57,64.86,40.0,73,-9.18,-3.0,-4.59,2022-23 -> 2024-25,CAVEAT: items differ across years but map to a constant competency framework. Item-level year comparisons mix learning and instrument change; competency-level comparisons are more defensible (still assume similar difficulty within competency). Prefer rankings and competency-level statements across years.
Ballari,B0012 ballari east,C1415 rupanagudi,5136 rupanagudi,28.6,0.0,182,19.46,0.0,280,-9.14,0.0,-4.57,2022-23 -> 2024-25,CAVEAT: items differ across years but map to a constant competency framework. Item-level year comparisons mix learning and instrument change; competency-level comparisons are more defensible (still assume similar difficulty within competency). Prefer rankings and competency-level statements across years.
Hassan,B0005 arasikere,C0769 jajur,6248 jajur,56.36,15.0,99,47.23,10.0,119,-9.13,-5.0,-4.56,2022-23 -> 2024-25,CAVEAT: items differ across years but map to a constant competency framework. Item-level year comparisons mix learning and instrument change; competency-level comparisons are more defensible (still assume similar difficulty within competency). Prefer rankings and competency-level statements across years.
Chitradurga,B0035 chitradurga,C0326 chikkabennuru,1436 byalahal,48.33,5.0,81,39.21,0.0,108,-9.12,-5.0,-4.56,2022-23 -> 2024-25,CAVEAT: items differ across years but map to a constant competency framework. Item-level year comparisons mix learning and instrument change; competency-level comparisons are more defensible (still assume similar difficulty within competency). Prefer rankings and competency-level statements across years.
Chitradurga,B0026 challakere,C0518 gourasamudra,2179 gowrasamudra,33.95,0.0,294,24.84,0.0,335,-9.11,0.0,-4.55,2022-23 -> 2024-25,CAVEAT: items differ across years but map to a constant competency framework. Item-level year comparisons mix learning and instrument change; competency-level comparisons are more defensible (still assume similar difficulty within competency). Prefer rankings and competency-level statements across years.
Dharwad,B0066 hubli,C1323 noolvi,518 adargunchi,84.56,75.0,160,75.47,50.0,244,-9.09,-25.0,-4.54,2022-23 -> 2024-25,CAVEAT: items differ across years but map to a constant competency framework. Item-level year comparisons mix learning and instrument change; competency-level comparisons are more defensible (still assume similar difficulty within competency). Prefer rankings and competency-level statements across years.
Chitradurga,B0059 hiriyur,C0109 b roppa,4283 maradihalli,53.98,15.0,113,44.9,10.0,146,-9.08,-5.0,-4.54,2022-23 -> 2024-25,CAVEAT: items differ across years but map to a constant competency framework. Item-level year comparisons mix learning and instrument change; competency-level comparisons are more defensible (still assume similar difficulty within competency). Prefer rankings and competency-level statements across years.
Bengaluru Rural,B0040 devanahalli,C1693 venkatagirikote,5989 venkatagirikote,86.6,68.0,97,77.53,60.0,83,-9.07,-8.0,-4.54,2022-23 -> 2024-25,CAVEAT: items differ across years but map to a constant competency framework. Item-level year comparisons mix learning and instrument change; competency-level comparisons are more defensible (still assume similar difficulty within competency). Prefer rankings and competency-level statements across years.
Raichur,B0096 manvi,C0637 heera,1640 chincharaki,45.07,5.0,76,36.02,0.0,59,-9.05,-5.0,-4.52,2022-23 -> 2024-25,CAVEAT: items differ across years but map to a constant competency framework. Item-level year comparisons mix learning and instrument change; competency-level comparisons are more defensible (still assume similar difficulty within competency). Prefer rankings and competency-level statements across years.
Kalaburagi,B0049 gulbarga south,C1277 nandur (k),4725 nandur (k),46.88,10.0,176,37.84,10.0,111,-9.04,0.0,-4.52,2022-23 -> 2024-25,CAVEAT: items differ across years but map to a constant competency framework. Item-level year comparisons mix learning and instrument change; competency-level comparisons are more defensible (still assume similar difficulty within competency). Prefer rankings and competency-level statements across years.
Davanagere,B0056 harihara,C0159 bannikodu,3101 k bevinalli,50.17,10.0,118,41.15,0.0,126,-9.02,-10.0,-4.51,2022-23 -> 2024-25,CAVEAT: items differ across years but map to a constant competency framework. Item-level year comparisons mix learning and instrument change; competency-level comparisons are more defensible (still assume similar difficulty within competency). Prefer rankings and competency-level statements across years.
Bidar,B0015 basavakalyan,C0203 belura,1235 betbalkunda,62.44,27.5,86,53.45,20.0,74,-8.99,-7.5,-4.5,2022-23 -> 2024-25,CAVEAT: items differ across years but map to a constant competency framework. Item-level year comparisons mix learning and instrument change; competency-level comparisons are more defensible (still assume similar difficulty within competency). Prefer rankings and competency-level statements across years.
Raichur,B0096 manvi,C1037 kurdi,3923 kurdi,39.21,5.0,114,30.23,5.0,173,-8.98,0.0,-4.49,2022-23 -> 2024-25,CAVEAT: items differ across years but map to a constant competency framework. Item-level year comparisons mix learning and instrument change; competency-level comparisons are more defensible (still assume similar difficulty within competency). Prefer rankings and competency-level statements across years.
Tumakuru,B0091 madhugiri,C1502 siddapura,6314 siddapura,67.95,30.0,56,58.99,25.0,119,-8.96,-5.0,-4.48,2022-23 -> 2024-25,CAVEAT: items differ across years but map to a constant competency framework. Item-level year comparisons mix learning and instrument change; competency-level comparisons are more defensible (still assume similar difficulty within competency). Prefer rankings and competency-level statements across years.
Ballari,B0012 ballari east,C0567 halakundi,2326 halakundhi,33.15,0.0,205,24.21,0.0,208,-8.94,0.0,-4.47,2022-23 -> 2024-25,CAVEAT: items differ across years but map to a constant competency framework. Item-level year comparisons mix learning and instrument change; competency-level comparisons are more defensible (still assume similar difficulty within competency). Prefer rankings and competency-level statements across years.
Raichur,B0126 sindhanur,C1412 roudakunda,4537 mukkunda,60.71,25.0,205,51.8,20.0,217,-8.91,-5.0,-4.46,2022-23 -> 2024-25,CAVEAT: items differ across years but map to a constant competency framework. Item-level year comparisons mix learning and instrument change; competency-level comparisons are more defensible (still assume similar difficulty within competency). Prefer rankings and competency-level statements across years.
Gadag,B0122 shirhatti,C0957 koganur,3675 koganur,62.53,34.5,160,53.64,20.0,121,-8.89,-14.5,-4.45,2022-23 -> 2024-25,CAVEAT: items differ across years but map to a constant competency framework. Item-level year comparisons mix learning and instrument change; competency-level comparisons are more defensible (still assume similar difficulty within competency). Prefer rankings and competency-level statements across years.
Ballari,B0128 siruguppa,C1628 u hosalli,5911 upparahosahalli,42.48,10.0,143,33.6,5.0,146,-8.88,-5.0,-4.44,2022-23 -> 2024-25,CAVEAT: items differ across years but map to a constant competency framework. Item-level year comparisons mix learning and instrument change; competency-level comparisons are more defensible (still assume similar difficulty within competency). Prefer rankings and competency-level statements across years.
Raichur,B0111 raichur,C1147 marched,4219 manchalapur,43.75,10.0,188,34.89,8.0,87,-8.86,-2.0,-4.43,2022-23 -> 2024-25,CAVEAT: items differ across years but map to a constant competency framework. Item-level year comparisons mix learning and instrument change; competency-level comparisons are more defensible (still assume similar difficulty within competency). Prefer rankings and competency-level statements across years.
Kalaburagi,B0073 jewargi,C0830 kadkol,3185 kadkol 34,51.18,15.0,85,42.32,10.0,190,-8.86,-5.0,-4.43,2022-23 -> 2024-25,CAVEAT: items differ across years but map to a constant competency framework. Item-level year comparisons mix learning and instrument change; competency-level comparisons are more defensible (still assume similar difficulty within competency). Prefer rankings and competency-level statements across years.
Chikkaballapura,B0030 chikkaballapur,C0066 angarekanahalli,714 angarekanahalli,53.38,15.0,191,44.53,5.0,203,-8.85,-10.0,-4.43,2022-23 -> 2024-25,CAVEAT: items differ across years but map to a constant competency framework. Item-level year comparisons mix learning and instrument change; competency-level comparisons are more defensible (still assume similar difficulty within competency). Prefer rankings and competency-level statements across years.
Chitradurga,B0026 challakere,C0387 devamarikunte,1800 devaramarikunte,46.69,10.0,210,37.88,5.0,203,-8.81,-5.0,-4.41,2022-23 -> 2024-25,CAVEAT: items differ across years but map to a constant competency framework. Item-level year comparisons mix learning and instrument change; competency-level comparisons are more defensible (still assume similar difficulty within competency). Prefer rankings and competency-level statements across years.
Gadag,B0102 mundaragi,C0242 bidaralli,6229 bidarahalli,55.33,25.0,152,46.54,15.0,162,-8.79,-10.0,-4.4,2022-23 -> 2024-25,CAVEAT: items differ across years but map to a constant competency framework. Item-level year comparisons mix learning and instrument change; competency-level comparisons are more defensible (still assume similar difficulty within competency). Prefer rankings and competency-level statements across years.
Bengaluru Rural,B0064 hosakote,C0388 devanagundi,743 anugondanahalli,63.91,30.0,46,55.12,20.0,80,-8.79,-10.0,-4.4,2022-23 -> 2024-25,CAVEAT: items differ across years but map to a constant competency framework. Item-level year comparisons mix learning and instrument change; competency-level comparisons are more defensible (still assume similar difficulty within competency). Prefer rankings and competency-level statements across years.
Gadag,B0115 ron,C0726 hullur,4189 mallapur,55.27,10.0,130,46.49,15.0,131,-8.78,5.0,-4.39,2022-23 -> 2024-25,CAVEAT: items differ across years but map to a constant competency framework. Item-level year comparisons mix learning and instrument change; competency-level comparisons are more defensible (still assume similar difficulty within competency). Prefer rankings and competency-level statements across years.
Davanagere,B0028 channagiri,C1058 lingadahalli,6231 lingadahalli,40.51,5.0,79,31.77,5.0,62,-8.74,0.0,-4.37,2022-23 -> 2024-25,CAVEAT: items differ across years but map to a constant competency framework. Item-level year comparisons mix learning and instrument change; competency-level comparisons are more defensible (still assume similar difficulty within competency). Prefer rankings and competency-level statements across years.
Bengaluru Rural,B0040 devanahalli,C1030 kundana,3888 kundana,92.29,80.0,72,83.56,59.5,90,-8.73,-20.5,-4.36,2022-23 -> 2024-25,CAVEAT: items differ across years but map to a constant competency framework. Item-level year comparisons mix learning and instrument change; competency-level comparisons are more defensible (still assume similar difficulty within competency). Prefer rankings and competency-level statements across years.
Haveri,B0121 shiggoan,C1284 narayanpur,6416 narayanpur,76.89,50.0,161,68.16,45.0,155,-8.73,-5.0,-4.36,2022-23 -> 2024-25,CAVEAT: items differ across years but map to a constant competency framework. Item-level year comparisons mix learning and instrument change; competency-level comparisons are more defensible (still assume similar difficulty within competency). Prefer rankings and competency-level statements across years.
Chitradurga,B0097 molakalmur,C1258 nagasamudra,1613 chikkerahalli,27.9,0.0,198,19.2,0.0,220,-8.7,0.0,-4.35,2022-23 -> 2024-25,CAVEAT: items differ across years but map to a constant competency framework. Item-level year comparisons mix learning and instrument change; competency-level comparisons are more defensible (still assume similar difficulty within competency). Prefer rankings and competency-level statements across years.
Ballari,B0013 ballari west,C0151 bandihatti bellary,1148 belagallu,44.08,10.0,190,35.39,5.0,254,-8.69,-5.0,-4.34,2022-23 -> 2024-25,CAVEAT: items differ across years but map to a constant competency framework. Item-level year comparisons mix learning and instrument change; competency-level comparisons are more defensible (still assume similar difficulty within competency). Prefer rankings and competency-level statements across years.
Ballari,B0012 ballari east,C0374 dammur,5417 sindigeri,48.96,5.0,130,40.28,10.0,179,-8.68,5.0,-4.34,2022-23 -> 2024-25,CAVEAT: items differ across years but map to a constant competency framework. Item-level year comparisons mix learning and instrument change; competency-level comparisons are more defensible (still assume similar difficulty within competency). Prefer rankings and competency-level statements across years.
Chitradurga,B0097 molakalmur,C0979 konasagara,3745 kondlahalli,52.28,5.0,230,43.61,10.0,323,-8.67,5.0,-4.34,2022-23 -> 2024-25,CAVEAT: items differ across years but map to a constant competency framework. Item-level year comparisons mix learning and instrument change; competency-level comparisons are more defensible (still assume similar difficulty within competency). Prefer rankings and competency-level statements across years.
Haveri,B0121 shiggoan,C0162 bannur,6355 bannur,83.05,60.0,146,74.39,50.0,82,-8.66,-10.0,-4.33,2022-23 -> 2024-25,CAVEAT: items differ across years but map to a constant competency framework. Item-level year comparisons mix learning and instrument change; competency-level comparisons are more defensible (still assume similar difficulty within competency). Prefer rankings and competency-level statements across years.
Chamarajanagara,B0054 hanur,C1076 maaralli,4444 minyam,32.96,10.0,103,24.31,0.0,87,-8.65,-10.0,-4.32,2022-23 -> 2024-25,CAVEAT: items differ across years but map to a constant competency framework. Item-level year comparisons mix learning and instrument change; competency-level comparisons are more defensible (still assume similar difficulty within competency). Prefer rankings and competency-level statements across years.
Ballari,B0117 sandur,C1592 tharanagara,5695 tharanagara,39.33,5.0,164,30.69,0.0,173,-8.64,-5.0,-4.32,2022-23 -> 2024-25,CAVEAT: items differ across years but map to a constant competency framework. Item-level year comparisons mix learning and instrument change; competency-level comparisons are more defensible (still assume similar difficulty within competency). Prefer rankings and competency-level statements across years.
Chikkaballapura,B0034 chintamani,C0806 k raguttahalli,3789 kotagal,65.89,32.5,96,57.26,21.0,93,-8.63,-11.5,-4.32,2022-23 -> 2024-25,CAVEAT: items differ across years but map to a constant competency framework. Item-level year comparisons mix learning and instrument change; competency-level comparisons are more defensible (still assume similar difficulty within competency). Prefer rankings and competency-level statements across years.
Bagalkote,B0008 badami,C0578 haligeri,213009165 haligeri,65.52,32.5,96,56.89,30.0,132,-8.63,-2.5,-4.32,2022-23 -> 2024-25,CAVEAT: items differ across years but map to a constant competency framework. Item-level year comparisons mix learning and instrument change; competency-level comparisons are more defensible (still assume similar difficulty within competency). Prefer rankings and competency-level statements across years.
Chamarajanagara,B0054 hanur,C0148 bandahalli,4212 managalli,61.01,20.0,79,52.39,20.0,71,-8.62,0.0,-4.31,2022-23 -> 2024-25,CAVEAT: items differ across years but map to a constant competency framework. Item-level year comparisons mix learning and instrument change; competency-level comparisons are more defensible (still assume similar difficulty within competency). Prefer rankings and competency-level statements across years.
Bengaluru Rural,B0042 doddaballapura,C0377 dargajogihalli,6640 kodigehalli,66.09,30.0,78,57.47,29.0,79,-8.62,-1.0,-4.31,2022-23 -> 2024-25,CAVEAT: items differ across years but map to a constant competency framework. Item-level year comparisons mix learning and instrument change; competency-level comparisons are more defensible (still assume similar difficulty within competency). Prefer rankings and competency-level statements across years.
Haveri,B0058 hirekerur,C2301 kod,3636 kod,58.61,13.0,97,50.0,10.0,151,-8.61,-3.0,-4.3,2022-23 -> 2024-25,CAVEAT: items differ across years but map to a constant competency framework. Item-level year comparisons mix learning and instrument change; competency-level comparisons are more defensible (still assume similar difficulty within competency). Prefer rankings and competency-level statements across years.
Bidar,B0020 bidar,C0467 gadagi,4323 markhal,68.55,40.0,114,59.94,20.0,81,-8.61,-20.0,-4.3,2022-23 -> 2024-25,CAVEAT: items differ across years but map to a constant competency framework. Item-level year comparisons mix learning and instrument change; competency-level comparisons are more defensible (still assume similar difficulty within competency). Prefer rankings and competency-level statements across years.
Raichur,B0089 lingasugur,C0455 echanal,6366 neeralakeri,43.71,0.0,171,35.1,5.0,206,-8.61,5.0,-4.3,2022-23 -> 2024-25,CAVEAT: items differ across years but map to a constant competency framework. Item-level year comparisons mix learning and instrument change; competency-level comparisons are more defensible (still assume similar difficulty within competency). Prefer rankings and competency-level statements across years.
Kalaburagi,B0002 aland,C1559 tadakal,5600 tadkal,45.43,15.0,92,36.82,9.0,99,-8.61,-6.0,-4.3,2022-23 -> 2024-25,CAVEAT: items differ across years but map to a constant competency framework. Item-level year comparisons mix learning and instrument change; competency-level comparisons are more defensible (still assume similar difficulty within competency). Prefer rankings and competency-level statements across years.
Bidar,B0015 basavakalyan,C1201 muchalam,5791 toglur,45.14,10.0,74,36.56,0.0,90,-8.58,-10.0,-4.29,2022-23 -> 2024-25,CAVEAT: items differ across years but map to a constant competency framework. Item-level year comparisons mix learning and instrument change; competency-level comparisons are more defensible (still assume similar difficulty within competency). Prefer rankings and competency-level statements across years.
Bagalkote,B0099 mudhol,C1218 mugalkhod,4525 mugalkhod,49.14,30.0,128,40.57,5.0,299,-8.57,-25.0,-4.28,2022-23 -> 2024-25,CAVEAT: items differ across years but map to a constant competency framework. Item-level year comparisons mix learning and instrument change; competency-level comparisons are more defensible (still assume similar difficulty within competency). Prefer rankings and competency-level statements across years.
Chitradurga,B0059 hiriyur,C0006 abbinahole,503 abbinahole,63.59,25.0,135,55.04,15.0,137,-8.55,-10.0,-4.28,2022-23 -> 2024-25,CAVEAT: items differ across years but map to a constant competency framework. Item-level year comparisons mix learning and instrument change; competency-level comparisons are more defensible (still assume similar difficulty within competency). Prefer rankings and competency-level statements across years.
Mysuru,B0104 nanjanagud,C0720 hulimavu,2841 hulimavu,60.73,25.0,137,52.19,15.0,144,-8.54,-10.0,-4.27,2022-23 -> 2024-25,CAVEAT: items differ across years but map to a constant competency framework. Item-level year comparisons mix learning and instrument change; competency-level comparisons are more defensible (still assume similar difficulty within competency). Prefer rankings and competency-level statements across years.
Koppal,B0085 kuknoor,C1565 talakal,1268 bhanapura,55.22,10.0,116,46.68,10.0,190,-8.54,0.0,-4.27,2022-23 -> 2024-25,CAVEAT: items differ across years but map to a constant competency framework. Item-level year comparisons mix learning and instrument change; competency-level comparisons are more defensible (still assume similar difficulty within competency). Prefer rankings and competency-level statements across years.
Kolar,B0131 srinivasapur,C1733 yaramvaripalli,6154 yerramvaripalli,58.44,30.0,96,49.92,15.0,66,-8.52,-15.0,-4.26,2022-23 -> 2024-25,CAVEAT: items differ across years but map to a constant competency framework. Item-level year comparisons mix learning and instrument change; competency-level comparisons are more defensible (still assume similar difficulty within competency). Prefer rankings and competency-level statements across years.
Raichur,B0039 devadurga,C0476 galag,4557 mundaragi,42.43,1.5,304,33.92,0.0,143,-8.51,-1.5,-4.26,2022-23 -> 2024-25,CAVEAT: items differ across years but map to a constant competency framework. Item-level year comparisons mix learning and instrument change; competency-level comparisons are more defensible (still assume similar difficulty within competency). Prefer rankings and competency-level statements across years.
Koppal,B0085 kuknoor,C0256 binnal,4229 mandalageri,57.86,10.0,126,49.36,15.0,117,-8.5,5.0,-4.25,2022-23 -> 2024-25,CAVEAT: items differ across years but map to a constant competency framework. Item-level year comparisons mix learning and instrument change; competency-level comparisons are more defensible (still assume similar difficulty within competency). Prefer rankings and competency-level statements across years.
Chitradurga,B0059 hiriyur,C0024 aimangala,2936 imangala,43.83,10.0,179,35.34,5.0,194,-8.49,-5.0,-4.24,2022-23 -> 2024-25,CAVEAT: items differ across years but map to a constant competency framework. Item-level year comparisons mix learning and instrument change; competency-level comparisons are more defensible (still assume similar difficulty within competency). Prefer rankings and competency-level statements across years.
Tumakuru,B0127 sira,C0166 baragooru,6276 hosahalli,65.24,30.0,82,56.75,25.0,60,-8.49,-5.0,-4.24,2022-23 -> 2024-25,CAVEAT: items differ across years but map to a constant competency framework. Item-level year comparisons mix learning and instrument change; competency-level comparisons are more defensible (still assume similar difficulty within competency). Prefer rankings and competency-level statements across years.
Chamarajanagara,B0027 chamarajanagar,C0612 harave,4173 maleyuru,51.01,10.0,89,42.53,15.0,75,-8.48,5.0,-4.24,2022-23 -> 2024-25,CAVEAT: items differ across years but map to a constant competency framework. Item-level year comparisons mix learning and instrument change; competency-level comparisons are more defensible (still assume similar difficulty within competency). Prefer rankings and competency-level statements across years.
Raichur,B0096 manvi,C0917 kavithal,2635 hirehanagi,49.88,10.0,171,41.41,5.0,163,-8.47,-5.0,-4.24,2022-23 -> 2024-25,CAVEAT: items differ across years but map to a constant competency framework. Item-level year comparisons mix learning and instrument change; competency-level comparisons are more defensible (still assume similar difficulty within competency). Prefer rankings and competency-level statements across years.
Kalaburagi,B0073 jewargi,C0040 aloor,630 aloor 22,51.01,10.0,164,42.56,10.0,131,-8.45,0.0,-4.22,2022-23 -> 2024-25,CAVEAT: items differ across years but map to a constant competency framework. Item-level year comparisons mix learning and instrument change; competency-level comparisons are more defensible (still assume similar difficulty within competency). Prefer rankings and competency-level statements across years.
Davanagere,B0056 harihara,C0201 belludi,2385 hanagavadi,62.64,27.0,165,54.19,20.0,135,-8.45,-7.0,-4.22,2022-23 -> 2024-25,CAVEAT: items differ across years but map to a constant competency framework. Item-level year comparisons mix learning and instrument change; competency-level comparisons are more defensible (still assume similar difficulty within competency). Prefer rankings and competency-level statements across years.
Vijayanagara,B0052 hagaribommanahalli,C1140 marabbihal,4282 marabbihal,56.43,21.0,143,47.99,20.0,127,-8.44,-1.0,-4.22,2022-23 -> 2024-25,CAVEAT: items differ across years but map to a constant competency framework. Item-level year comparisons mix learning and instrument change; competency-level comparisons are more defensible (still assume similar difficulty within competency). Prefer rankings and competency-level statements across years.
Chikkaballapura,B0047 gudibanda,C0589 hampasandra,2377 hampasandra,46.08,5.0,97,37.65,10.0,102,-8.43,5.0,-4.22,2022-23 -> 2024-25,CAVEAT: items differ across years but map to a constant competency framework. Item-level year comparisons mix learning and instrument change; competency-level comparisons are more defensible (still assume similar difficulty within competency). Prefer rankings and competency-level statements across years.
Ballari,B0012 ballari east,C1191 moka,4461 moka,48.87,5.0,190,40.45,5.0,242,-8.42,0.0,-4.21,2022-23 -> 2024-25,CAVEAT: items differ across years but map to a constant competency framework. Item-level year comparisons mix learning and instrument change; competency-level comparisons are more defensible (still assume similar difficulty within competency). Prefer rankings and competency-level statements across years.
Kodagu,B0092 madikeri,C0216 bhagamandala,1258 bhagamandala,54.67,15.0,121,46.25,20.0,40,-8.42,5.0,-4.21,2022-23 -> 2024-25,CAVEAT: items differ across years but map to a constant competency framework. Item-level year comparisons mix learning and instrument change; competency-level comparisons are more defensible (still assume similar difficulty within competency). Prefer rankings and competency-level statements across years.
Yadgir,B0141 yadgir,C0076 anpur,3008 jaigram,38.49,1.0,73,30.08,5.0,65,-8.41,4.0,-4.2,2022-23 -> 2024-25,CAVEAT: items differ across years but map to a constant competency framework. Item-level year comparisons mix learning and instrument change; competency-level comparisons are more defensible (still assume similar difficulty within competency). Prefer rankings and competency-level statements across years.
Chikkaballapura,B0030 chikkaballapur,C0316 chickballapur rural,4220 manchanabele,56.67,15.0,108,48.27,15.0,110,-8.4,0.0,-4.2,2022-23 -> 2024-25,CAVEAT: items differ across years but map to a constant competency framework. Item-level year comparisons mix learning and instrument change; competency-level comparisons are more defensible (still assume similar difficulty within competency). Prefer rankings and competency-level statements across years.
Chikkaballapura,B0047 gudibanda,C1522 somenahalli,5465 somenahalli,40.19,5.0,161,31.8,5.0,178,-8.39,0.0,-4.2,2022-23 -> 2024-25,CAVEAT: items differ across years but map to a constant competency framework. Item-level year comparisons mix learning and instrument change; competency-level comparisons are more defensible (still assume similar difficulty within competency). Prefer rankings and competency-level statements across years.
Haveri,B0053 hanagal,C2691 tilavalli,5774 tiluvalli,69.57,40.0,141,61.19,25.0,113,-8.38,-15.0,-4.19,2022-23 -> 2024-25,CAVEAT: items differ across years but map to a constant competency framework. Item-level year comparisons mix learning and instrument change; competency-level comparisons are more defensible (still assume similar difficulty within competency). Prefer rankings and competency-level statements across years.
Bidar,B0015 basavakalyan,C0617 harkood,1979 ekloora,49.45,10.5,82,41.08,5.0,74,-8.37,-5.5,-4.18,2022-23 -> 2024-25,CAVEAT: items differ across years but map to a constant competency framework. Item-level year comparisons mix learning and instrument change; competency-level comparisons are more defensible (still assume similar difficulty within competency). Prefer rankings and competency-level statements across years.
Tumakuru,B0137 turuvekere,C1566 talakere,5620 talkere,85.31,59.5,130,76.95,55.0,110,-8.36,-4.5,-4.18,2022-23 -> 2024-25,CAVEAT: items differ across years but map to a constant competency framework. Item-level year comparisons mix learning and instrument change; competency-level comparisons are more defensible (still assume similar difficulty within competency). Prefer rankings and competency-level statements across years.
Yadgir,B0123 shorapur,C0402 devatkal,1811 devatkal,45.19,10.0,157,36.83,5.0,164,-8.36,-5.0,-4.18,2022-23 -> 2024-25,CAVEAT: items differ across years but map to a constant competency framework. Item-level year comparisons mix learning and instrument change; competency-level comparisons are more defensible (still assume similar difficulty within competency). Prefer rankings and competency-level statements across years.
Chamarajanagara,B0050 gundlupet,C0021 agathagowdanahalli,547 agathagowdana halli,62.13,20.5,82,53.77,15.0,73,-8.36,-5.5,-4.18,2022-23 -> 2024-25,CAVEAT: items differ across years but map to a constant competency framework. Item-level year comparisons mix learning and instrument change; competency-level comparisons are more defensible (still assume similar difficulty within competency). Prefer rankings and competency-level statements across years.
Chitradurga,B0026 challakere,C0156 banjigere,4269 mannekote,35.94,0.0,144,27.62,0.0,143,-8.32,0.0,-4.16,2022-23 -> 2024-25,CAVEAT: items differ across years but map to a constant competency framework. Item-level year comparisons mix learning and instrument change; competency-level comparisons are more defensible (still assume similar difficulty within competency). Prefer rankings and competency-level statements across years.
Kodagu,B0092 madikeri,C0313 cherambane,1245 bettageri,68.75,49.5,40,60.45,25.0,33,-8.3,-24.5,-4.15,2022-23 -> 2024-25,CAVEAT: items differ across years but map to a constant competency framework. Item-level year comparisons mix learning and instrument change; competency-level comparisons are more defensible (still assume similar difficulty within competency). Prefer rankings and competency-level statements across years.
Bengaluru Rural,B0064 hosakote,C0852 kalkunte,3265 kalkunte agrahara,56.11,5.0,45,47.81,18.5,48,-8.3,13.5,-4.15,2022-23 -> 2024-25,CAVEAT: items differ across years but map to a constant competency framework. Item-level year comparisons mix learning and instrument change; competency-level comparisons are more defensible (still assume similar difficulty within competency). Prefer rankings and competency-level statements across years.
Yadgir,B0120 shahapur,C0209 bendebembali,5825 tumakur,39.81,5.0,106,31.53,4.5,150,-8.28,-0.5,-4.14,2022-23 -> 2024-25,CAVEAT: items differ across years but map to a constant competency framework. Item-level year comparisons mix learning and instrument change; competency-level comparisons are more defensible (still assume similar difficulty within competency). Prefer rankings and competency-level statements across years.
Chitradurga,B0060 holalkere,C1597 thekalavatti,5708 thekalavatti,52.57,5.0,175,44.3,10.0,128,-8.27,5.0,-4.14,2022-23 -> 2024-25,CAVEAT: items differ across years but map to a constant competency framework. Item-level year comparisons mix learning and instrument change; competency-level comparisons are more defensible (still assume similar difficulty within competency). Prefer rankings and competency-level statements across years.
Chitradurga,B0026 challakere,C1295 neelagethanahatti,4689 nalegetanahatti,30.28,5.0,216,22.04,0.0,194,-8.24,-5.0,-4.12,2022-23 -> 2024-25,CAVEAT: items differ across years but map to a constant competency framework. Item-level year comparisons mix learning and instrument change; competency-level comparisons are more defensible (still assume similar difficulty within competency). Prefer rankings and competency-level statements across years.
Vijayanagara,B0084 kudligi,C0711 hudem,3094 jummobanahalli,34.78,0.0,90,26.55,0.0,103,-8.23,0.0,-4.11,2022-23 -> 2024-25,CAVEAT: items differ across years but map to a constant competency framework. Item-level year comparisons mix learning and instrument change; competency-level comparisons are more defensible (still assume similar difficulty within competency). Prefer rankings and competency-level statements across years.
Koppal,B0044 gangavathi,C1144 marali,4292 marali,43.37,5.0,126,35.15,5.0,135,-8.22,0.0,-4.11,2022-23 -> 2024-25,CAVEAT: items differ across years but map to a constant competency framework. Item-level year comparisons mix learning and instrument change; competency-level comparisons are more defensible (still assume similar difficulty within competency). Prefer rankings and competency-level statements across years.
Chikkaballapura,B0010 bagepally,C1344 palyakere,4943 palyakere,49.61,20.0,51,41.4,0.0,68,-8.21,-20.0,-4.1,2022-23 -> 2024-25,CAVEAT: items differ across years but map to a constant competency framework. Item-level year comparisons mix learning and instrument change; competency-level comparisons are more defensible (still assume similar difficulty within competency). Prefer rankings and competency-level statements across years.
Chikkaballapura,B0124 sidlaghatta,C0007 abloodu,505 abloodu,54.15,20.0,88,45.95,10.0,116,-8.2,-10.0,-4.1,2022-23 -> 2024-25,CAVEAT: items differ across years but map to a constant competency framework. Item-level year comparisons mix learning and instrument change; competency-level comparisons are more defensible (still assume similar difficulty within competency). Prefer rankings and competency-level statements across years.
Kalaburagi,B0036 chittapur,C0972 kollur,6418 kollur,43.12,0.0,141,34.92,0.0,119,-8.2,0.0,-4.1,2022-23 -> 2024-25,CAVEAT: items differ across years but map to a constant competency framework. Item-level year comparisons mix learning and instrument change; competency-level comparisons are more defensible (still assume similar difficulty within competency). Prefer rankings and competency-level statements across years.
Tumakuru,B0127 sira,C0268 brahmasandra,5286 seebi agrahara,55.95,10.5,152,47.77,15.0,119,-8.18,4.5,-4.09,2022-23 -> 2024-25,CAVEAT: items differ across years but map to a constant competency framework. Item-level year comparisons mix learning and instrument change; competency-level comparisons are more defensible (still assume similar difficulty within competency). Prefer rankings and competency-level statements across years.
Kalaburagi,B0119 sedam,C0446 duganoor,1960 dugnoor,47.91,10.0,141,39.73,5.0,150,-8.18,-5.0,-4.09,2022-23 -> 2024-25,CAVEAT: items differ across years but map to a constant competency framework. Item-level year comparisons mix learning and instrument change; competency-level comparisons are more defensible (still assume similar difficulty within competency). Prefer rankings and competency-level statements across years.
Mandya,B0103 nagamangala,C0705 hosakki palya,3258 kalingana hally,74.1,57.5,106,65.93,24.5,70,-8.17,-33.0,-4.08,2022-23 -> 2024-25,CAVEAT: items differ across years but map to a constant competency framework. Item-level year comparisons mix learning and instrument change; competency-level comparisons are more defensible (still assume similar difficulty within competency). Prefer rankings and competency-level statements across years.
Vijayanagara,B0052 hagaribommanahalli,C0587 hampapattana,2318 halagapura,56.82,20.0,140,48.66,15.0,183,-8.16,-5.0,-4.08,2022-23 -> 2024-25,CAVEAT: items differ across years but map to a constant competency framework. Item-level year comparisons mix learning and instrument change; competency-level comparisons are more defensible (still assume similar difficulty within competency). Prefer rankings and competency-level statements across years.
Kalaburagi,B0001 afzalpur,C1407 revoor (b),5119 revoor (b),80.34,55.0,161,72.18,25.0,117,-8.16,-30.0,-4.08,2022-23 -> 2024-25,CAVEAT: items differ across years but map to a constant competency framework. Item-level year comparisons mix learning and instrument change; competency-level comparisons are more defensible (still assume similar difficulty within competency). Prefer rankings and competency-level statements across years.
Dharwad,B0066 hubli,C1404 raynal,5113 raynal,58.93,25.5,122,50.78,15.0,173,-8.15,-10.5,-4.07,2022-23 -> 2024-25,CAVEAT: items differ across years but map to a constant competency framework. Item-level year comparisons mix learning and instrument change; competency-level comparisons are more defensible (still assume similar difficulty within competency). Prefer rankings and competency-level statements across years.
Koppal,B0088 kustagi,C0989 koradakera,6185 hirenandihal,51.58,10.0,114,43.44,15.0,106,-8.14,5.0,-4.07,2022-23 -> 2024-25,CAVEAT: items differ across years but map to a constant competency framework. Item-level year comparisons mix learning and instrument change; competency-level comparisons are more defensible (still assume similar difficulty within competency). Prefer rankings and competency-level statements across years.
Kalaburagi,B0036 chittapur,C0972 kollur,6265 rampurahalli,42.84,5.0,104,34.71,0.0,86,-8.13,-5.0,-4.06,2022-23 -> 2024-25,CAVEAT: items differ across years but map to a constant competency framework. Item-level year comparisons mix learning and instrument change; competency-level comparisons are more defensible (still assume similar difficulty within competency). Prefer rankings and competency-level statements across years.
Tumakuru,B0135 tiptur,C0870 kamparahalli,4346 masavana ghatta,67.36,50.0,53,59.26,25.0,61,-8.1,-25.0,-4.05,2022-23 -> 2024-25,CAVEAT: items differ across years but map to a constant competency framework. Item-level year comparisons mix learning and instrument change; competency-level comparisons are more defensible (still assume similar difficulty within competency). Prefer rankings and competency-level statements across years.
Kodagu,B0129 somavarpet,C0633 hebbale,5750 thorenoor,73.97,58.0,39,65.87,45.0,46,-8.1,-13.0,-4.05,2022-23 -> 2024-25,CAVEAT: items differ across years but map to a constant competency framework. Item-level year comparisons mix learning and instrument change; competency-level comparisons are more defensible (still assume similar difficulty within competency). Prefer rankings and competency-level statements across years.
Kalaburagi,B0033 chincholi,C0025 ainapur,6373 ainapur,49.3,5.5,172,41.22,5.0,176,-8.08,-0.5,-4.04,2022-23 -> 2024-25,CAVEAT: items differ across years but map to a constant competency framework. Item-level year comparisons mix learning and instrument change; competency-level comparisons are more defensible (still assume similar difficulty within competency). Prefer rankings and competency-level statements across years.
Bidar,B0068 humnabad,C1131 manna-ekhelli,4266 mannaekhelli,40.29,10.5,102,32.22,0.0,97,-8.07,-10.5,-4.04,2022-23 -> 2024-25,CAVEAT: items differ across years but map to a constant competency framework. Item-level year comparisons mix learning and instrument change; competency-level comparisons are more defensible (still assume similar difficulty within competency). Prefer rankings and competency-level statements across years.
Bengaluru Rural,B0107 nelamangala,C1494 shivagange,5375 shivagange,60.61,20.0,131,52.56,15.0,127,-8.05,-5.0,-4.02,2022-23 -> 2024-25,CAVEAT: items differ across years but map to a constant competency framework. Item-level year comparisons mix learning and instrument change; competency-level comparisons are more defensible (still assume similar difficulty within competency). Prefer rankings and competency-level statements across years.
Dharwad,B0076 kalghatagi,C0381 dastikoppa,1171 belavantar,67.62,35.0,141,59.57,20.0,221,-8.05,-15.0,-4.02,2022-23 -> 2024-25,CAVEAT: items differ across years but map to a constant competency framework. Item-level year comparisons mix learning and instrument change; competency-level comparisons are more defensible (still assume similar difficulty within competency). Prefer rankings and competency-level statements across years.
Haveri,B0023 byadagi,C1154 masanagi,4342 masanagi,60.07,25.0,150,52.03,15.0,143,-8.04,-10.0,-4.02,2022-23 -> 2024-25,CAVEAT: items differ across years but map to a constant competency framework. Item-level year comparisons mix learning and instrument change; competency-level comparisons are more defensible (still assume similar difficulty within competency). Prefer rankings and competency-level statements across years.
Bidar,B0020 bidar,C0124 bagdal,921 bagdal,24.66,0.0,87,16.63,0.0,126,-8.03,0.0,-4.02,2022-23 -> 2024-25,CAVEAT: items differ across years but map to a constant competency framework. Item-level year comparisons mix learning and instrument change; competency-level comparisons are more defensible (still assume similar difficulty within competency). Prefer rankings and competency-level statements across years.
Kalaburagi,B0036 chittapur,C1462 satnoor,1846 diggaon,47.98,14.0,119,39.96,15.0,116,-8.02,1.0,-4.01,2022-23 -> 2024-25,CAVEAT: items differ across years but map to a constant competency framework. Item-level year comparisons mix learning and instrument change; competency-level comparisons are more defensible (still assume similar difficulty within competency). Prefer rankings and competency-level statements across years.
Raichur,B0096 manvi,C0514 gorkal,2156 gorkal,46.52,14.0,99,38.53,10.0,156,-7.99,-4.0,-4.0,2022-23 -> 2024-25,CAVEAT: items differ across years but map to a constant competency framework. Item-level year comparisons mix learning and instrument change; competency-level comparisons are more defensible (still assume similar difficulty within competency). Prefer rankings and competency-level statements across years.
Gadag,B0043 gadag rural,C0723 hulkoti,1359 binkadakatti,56.08,10.0,51,48.1,15.0,105,-7.98,5.0,-3.99,2022-23 -> 2024-25,CAVEAT: items differ across years but map to a constant competency framework. Item-level year comparisons mix learning and instrument change; competency-level comparisons are more defensible (still assume similar difficulty within competency). Prefer rankings and competency-level statements across years.
Chitradurga,B0035 chitradurga,C1079 madakaripura,4060 madakaripura,53.95,10.0,119,45.98,10.0,127,-7.97,0.0,-3.98,2022-23 -> 2024-25,CAVEAT: items differ across years but map to a constant competency framework. Item-level year comparisons mix learning and instrument change; competency-level comparisons are more defensible (still assume similar difficulty within competency). Prefer rankings and competency-level statements across years.
Bagalkote,B0021 bilagi,C1543 sunag,5543 sunag,55.89,15.0,257,47.93,15.0,239,-7.96,0.0,-3.98,2022-23 -> 2024-25,CAVEAT: items differ across years but map to a constant competency framework. Item-level year comparisons mix learning and instrument change; competency-level comparisons are more defensible (still assume similar difficulty within competency). Prefer rankings and competency-level statements across years.
Davanagere,B0062 honnali,C1327 odeyarahathuru,2046 ganganakote,56.36,20.0,44,48.41,15.0,41,-7.95,-5.0,-3.98,2022-23 -> 2024-25,CAVEAT: items differ across years but map to a constant competency framework. Item-level year comparisons mix learning and instrument change; competency-level comparisons are more defensible (still assume similar difficulty within competency). Prefer rankings and competency-level statements across years.
Kolar,B0131 srinivasapur,C1403 rayalpadu,5110 rayalapadu,63.28,29.5,90,55.34,11.0,103,-7.94,-18.5,-3.97,2022-23 -> 2024-25,CAVEAT: items differ across years but map to a constant competency framework. Item-level year comparisons mix learning and instrument change; competency-level comparisons are more defensible (still assume similar difficulty within competency). Prefer rankings and competency-level statements across years.
Tumakuru,B0137 turuvekere,C1529 soravanahalli,5490 soravanahalli,68.89,35.0,81,60.99,40.0,86,-7.9,5.0,-3.95,2022-23 -> 2024-25,CAVEAT: items differ across years but map to a constant competency framework. Item-level year comparisons mix learning and instrument change; competency-level comparisons are more defensible (still assume similar difficulty within competency). Prefer rankings and competency-level statements across years.
Chikkaballapura,B0124 sidlaghatta,C0176 basettyhalli,1090 basettihalli,60.52,20.0,164,52.64,21.5,104,-7.88,1.5,-3.94,2022-23 -> 2024-25,CAVEAT: items differ across years but map to a constant competency framework. Item-level year comparisons mix learning and instrument change; competency-level comparisons are more defensible (still assume similar difficulty within competency). Prefer rankings and competency-level statements across years.
Raichur,B0039 devadurga,C1045 kyadigera,3967 kyadigera,39.69,0.0,147,31.84,2.0,185,-7.85,2.0,-3.92,2022-23 -> 2024-25,CAVEAT: items differ across years but map to a constant competency framework. Item-level year comparisons mix learning and instrument change; competency-level comparisons are more defensible (still assume similar difficulty within competency). Prefer rankings and competency-level statements across years.
Kalaburagi,B0036 chittapur,C0566 halakatta,3311 kamarwadi,36.54,5.0,104,28.7,0.0,77,-7.84,-5.0,-3.92,2022-23 -> 2024-25,CAVEAT: items differ across years but map to a constant competency framework. Item-level year comparisons mix learning and instrument change; competency-level comparisons are more defensible (still assume similar difficulty within competency). Prefer rankings and competency-level statements across years.
Bengaluru Rural,B0064 hosakote,C0425 doddagattiganabbe,1865 dodda gattiganabbe,59.63,25.0,94,51.8,15.0,139,-7.83,-10.0,-3.92,2022-23 -> 2024-25,CAVEAT: items differ across years but map to a constant competency framework. Item-level year comparisons mix learning and instrument change; competency-level comparisons are more defensible (still assume similar difficulty within competency). Prefer rankings and competency-level statements across years.
Raichur,B0039 devadurga,C0772 jalahalli west,1694 cinchodi,55.25,20.0,238,47.48,15.0,111,-7.77,-5.0,-3.88,2022-23 -> 2024-25,CAVEAT: items differ across years but map to a constant competency framework. Item-level year comparisons mix learning and instrument change; competency-level comparisons are more defensible (still assume similar difficulty within competency). Prefer rankings and competency-level statements across years.
Chitradurga,B0026 challakere,C0512 gopanahalli,4657 nagaramgere,45.33,5.0,107,37.56,5.0,127,-7.77,0.0,-3.88,2022-23 -> 2024-25,CAVEAT: items differ across years but map to a constant competency framework. Item-level year comparisons mix learning and instrument change; competency-level comparisons are more defensible (still assume similar difficulty within competency). Prefer rankings and competency-level statements across years.
Chitradurga,B0060 holalkere,C1246 n.g.halli,4622 n.g.halli,58.55,18.0,107,50.79,15.0,101,-7.76,-3.0,-3.88,2022-23 -> 2024-25,CAVEAT: items differ across years but map to a constant competency framework. Item-level year comparisons mix learning and instrument change; competency-level comparisons are more defensible (still assume similar difficulty within competency). Prefer rankings and competency-level statements across years.
Kodagu,B0092 madikeri,C1233 murnadu,2702 hoddur,59.74,20.0,116,52.0,20.0,110,-7.74,0.0,-3.87,2022-23 -> 2024-25,CAVEAT: items differ across years but map to a constant competency framework. Item-level year comparisons mix learning and instrument change; competency-level comparisons are more defensible (still assume similar difficulty within competency). Prefer rankings and competency-level statements across years.
Raichur,B0111 raichur,C0793 jegarkal,3066 jegarkal,35.38,0.0,209,27.67,0.0,288,-7.71,0.0,-3.86,2022-23 -> 2024-25,CAVEAT: items differ across years but map to a constant competency framework. Item-level year comparisons mix learning and instrument change; competency-level comparisons are more defensible (still assume similar difficulty within competency). Prefer rankings and competency-level statements across years.
Gadag,B0105 naragund,C0660 hirekoppa,5978 vasan,55.94,25.0,96,48.23,15.0,93,-7.71,-10.0,-3.86,2022-23 -> 2024-25,CAVEAT: items differ across years but map to a constant competency framework. Item-level year comparisons mix learning and instrument change; competency-level comparisons are more defensible (still assume similar difficulty within competency). Prefer rankings and competency-level statements across years.
Kolar,B0079 kolar,C1282 narasapura,1196 bellur,66.76,34.0,139,59.07,25.0,113,-7.69,-9.0,-3.84,2022-23 -> 2024-25,CAVEAT: items differ across years but map to a constant competency framework. Item-level year comparisons mix learning and instrument change; competency-level comparisons are more defensible (still assume similar difficulty within competency). Prefer rankings and competency-level statements across years.
Vijayanagara,B0084 kudligi,C1070 m.b. iyyana halli,1013 banavikallu,41.67,0.5,282,34.03,5.0,226,-7.64,4.5,-3.82,2022-23 -> 2024-25,CAVEAT: items differ across years but map to a constant competency framework. Item-level year comparisons mix learning and instrument change; competency-level comparisons are more defensible (still assume similar difficulty within competency). Prefer rankings and competency-level statements across years.
Kalaburagi,B0073 jewargi,C1123 mandewal,4231 mandewal 35,49.86,5.0,176,42.25,10.0,209,-7.61,5.0,-3.8,2022-23 -> 2024-25,CAVEAT: items differ across years but map to a constant competency framework. Item-level year comparisons mix learning and instrument change; competency-level comparisons are more defensible (still assume similar difficulty within competency). Prefer rankings and competency-level statements across years.
Chamarajanagara,B0027 chamarajanagar,C1423 sagade,3857 kulagana,60.67,29.5,60,53.06,25.0,67,-7.61,-4.5,-3.8,2022-23 -> 2024-25,CAVEAT: items differ across years but map to a constant competency framework. Item-level year comparisons mix learning and instrument change; competency-level comparisons are more defensible (still assume similar difficulty within competency). Prefer rankings and competency-level statements across years.
Yadgir,B0123 shorapur,C1686 vajjal,5947 vajjal,52.74,17.0,155,45.15,10.0,200,-7.59,-7.0,-3.8,2022-23 -> 2024-25,CAVEAT: items differ across years but map to a constant competency framework. Item-level year comparisons mix learning and instrument change; competency-level comparisons are more defensible (still assume similar difficulty within competency). Prefer rankings and competency-level statements across years.
Chikkaballapura,B0047 gudibanda,C0182 beechaganahalli,1115 beechaganahalli,43.15,10.0,100,35.56,5.0,124,-7.59,-5.0,-3.8,2022-23 -> 2024-25,CAVEAT: items differ across years but map to a constant competency framework. Item-level year comparisons mix learning and instrument change; competency-level comparisons are more defensible (still assume similar difficulty within competency). Prefer rankings and competency-level statements across years.
Bidar,B0015 basavakalyan,C1048 ladwanthi,1100 batgera,45.27,5.5,92,37.7,11.5,74,-7.57,6.0,-3.78,2022-23 -> 2024-25,CAVEAT: items differ across years but map to a constant competency framework. Item-level year comparisons mix learning and instrument change; competency-level comparisons are more defensible (still assume similar difficulty within competency). Prefer rankings and competency-level statements across years.
Chikkaballapura,B0010 bagepally,C0288 chakavelu,5017 pulagal,57.66,10.0,62,50.12,10.0,40,-7.54,0.0,-3.77,2022-23 -> 2024-25,CAVEAT: items differ across years but map to a constant competency framework. Item-level year comparisons mix learning and instrument change; competency-level comparisons are more defensible (still assume similar difficulty within competency). Prefer rankings and competency-level statements across years.
Koppal,B0081 koppal,C1227 munerabada,4562 munirabad,49.31,20.0,123,41.79,5.0,156,-7.52,-15.0,-3.76,2022-23 -> 2024-25,CAVEAT: items differ across years but map to a constant competency framework. Item-level year comparisons mix learning and instrument change; competency-level comparisons are more defensible (still assume similar difficulty within competency). Prefer rankings and competency-level statements across years.
Dharwad,B0041 dharwad,C1217 mugad,6297 kalkeri,81.78,64.0,169,74.27,50.0,199,-7.51,-14.0,-3.76,2022-23 -> 2024-25,CAVEAT: items differ across years but map to a constant competency framework. Item-level year comparisons mix learning and instrument change; competency-level comparisons are more defensible (still assume similar difficulty within competency). Prefer rankings and competency-level statements across years.
Kalaburagi,B0073 jewargi,C0794 jeratagi,213009028 nedalgi,67.94,25.0,175,60.48,15.0,188,-7.46,-10.0,-3.73,2022-23 -> 2024-25,CAVEAT: items differ across years but map to a constant competency framework. Item-level year comparisons mix learning and instrument change; competency-level comparisons are more defensible (still assume similar difficulty within competency). Prefer rankings and competency-level statements across years.
Gadag,B0043 gadag rural,C0013 adavisomapaur,522 adavisomapur,64.37,30.0,150,56.92,20.0,307,-7.45,-10.0,-3.72,2022-23 -> 2024-25,CAVEAT: items differ across years but map to a constant competency framework. Item-level year comparisons mix learning and instrument change; competency-level comparisons are more defensible (still assume similar difficulty within competency). Prefer rankings and competency-level statements across years.
Ballari,B0128 siruguppa,C0802 k belgal,3129 k.suguru,42.87,15.0,176,35.42,1.5,144,-7.45,-13.5,-3.72,2022-23 -> 2024-25,CAVEAT: items differ across years but map to a constant competency framework. Item-level year comparisons mix learning and instrument change; competency-level comparisons are more defensible (still assume similar difficulty within competency). Prefer rankings and competency-level statements across years.
Vijayanagara,B0052 hagaribommanahalli,C0601 hansi,1227 bennekallu,47.97,10.0,190,40.53,5.0,187,-7.44,-5.0,-3.72,2022-23 -> 2024-25,CAVEAT: items differ across years but map to a constant competency framework. Item-level year comparisons mix learning and instrument change; competency-level comparisons are more defensible (still assume similar difficulty within competency). Prefer rankings and competency-level statements across years.
Gadag,B0102 mundaragi,C1361 petalur,6254 hallikeri (g),54.96,15.0,138,47.53,8.5,168,-7.43,-6.5,-3.72,2022-23 -> 2024-25,CAVEAT: items differ across years but map to a constant competency framework. Item-level year comparisons mix learning and instrument change; competency-level comparisons are more defensible (still assume similar difficulty within competency). Prefer rankings and competency-level statements across years.
Koppal,B0044 gangavathi,C0657 hirejanthakal,5203 sangapura,44.53,10.0,86,37.12,5.0,172,-7.41,-5.0,-3.7,2022-23 -> 2024-25,CAVEAT: items differ across years but map to a constant competency framework. Item-level year comparisons mix learning and instrument change; competency-level comparisons are more defensible (still assume similar difficulty within competency). Prefer rankings and competency-level statements across years.
Raichur,B0126 sindhanur,C0515 goudanbhavi,5859 udbal (u),55.33,15.5,122,47.93,15.0,111,-7.4,-0.5,-3.7,2022-23 -> 2024-25,CAVEAT: items differ across years but map to a constant competency framework. Item-level year comparisons mix learning and instrument change; competency-level comparisons are more defensible (still assume similar difficulty within competency). Prefer rankings and competency-level statements across years.
Tumakuru,B0127 sira,C0268 brahmasandra,1648 chinnenahalli,66.46,30.0,113,59.07,25.0,97,-7.39,-5.0,-3.7,2022-23 -> 2024-25,CAVEAT: items differ across years but map to a constant competency framework. Item-level year comparisons mix learning and instrument change; competency-level comparisons are more defensible (still assume similar difficulty within competency). Prefer rankings and competency-level statements across years.
Chitradurga,B0097 molakalmur,C0979 konasagara,3732 konasagara,45.93,5.0,248,38.54,0.0,285,-7.39,-5.0,-3.7,2022-23 -> 2024-25,CAVEAT: items differ across years but map to a constant competency framework. Item-level year comparisons mix learning and instrument change; competency-level comparisons are more defensible (still assume similar difficulty within competency). Prefer rankings and competency-level statements across years.
Chitradurga,B0026 challakere,C0437 doddullarthy,4609 mylanahalli,36.51,0.0,202,29.14,0.0,214,-7.37,0.0,-3.68,2022-23 -> 2024-25,CAVEAT: items differ across years but map to a constant competency framework. Item-level year comparisons mix learning and instrument change; competency-level comparisons are more defensible (still assume similar difficulty within competency). Prefer rankings and competency-level statements across years.
Dharwad,B0066 hubli,C1137 mantur,2371 halyal,87.22,65.0,97,79.85,50.0,130,-7.37,-15.0,-3.68,2022-23 -> 2024-25,CAVEAT: items differ across years but map to a constant competency framework. Item-level year comparisons mix learning and instrument change; competency-level comparisons are more defensible (still assume similar difficulty within competency). Prefer rankings and competency-level statements across years.
Kalaburagi,B0002 aland,C1432 salagar (v.k.),5174 salgar,42.19,0.0,48,34.82,5.0,56,-7.37,5.0,-3.68,2022-23 -> 2024-25,CAVEAT: items differ across years but map to a constant competency framework. Item-level year comparisons mix learning and instrument change; competency-level comparisons are more defensible (still assume similar difficulty within competency). Prefer rankings and competency-level statements across years.
Raichur,B0111 raichur,C0741 idapanur,2924 idapanur,47.72,15.0,239,40.37,0.0,217,-7.35,-15.0,-3.68,2022-23 -> 2024-25,CAVEAT: items differ across years but map to a constant competency framework. Item-level year comparisons mix learning and instrument change; competency-level comparisons are more defensible (still assume similar difficulty within competency). Prefer rankings and competency-level statements across years.
Koppal,B0088 kustagi,C0606 hanumasagar,6238 yaragera,64.96,25.0,130,57.61,20.0,134,-7.35,-5.0,-3.68,2022-23 -> 2024-25,CAVEAT: items differ across years but map to a constant competency framework. Item-level year comparisons mix learning and instrument change; competency-level comparisons are more defensible (still assume similar difficulty within competency). Prefer rankings and competency-level statements across years.
Chikkaballapura,B0124 sidlaghatta,C0412 dibburahalli,1843 dibburahalli,56.1,28.0,77,48.79,17.0,95,-7.31,-11.0,-3.66,2022-23 -> 2024-25,CAVEAT: items differ across years but map to a constant competency framework. Item-level year comparisons mix learning and instrument change; competency-level comparisons are more defensible (still assume similar difficulty within competency). Prefer rankings and competency-level statements across years.
Koppal,B0081 koppal,C0564 halageri,4896 ojanahalli,63.35,25.0,170,56.08,25.0,111,-7.27,0.0,-3.64,2022-23 -> 2024-25,CAVEAT: items differ across years but map to a constant competency framework. Item-level year comparisons mix learning and instrument change; competency-level comparisons are more defensible (still assume similar difficulty within competency). Prefer rankings and competency-level statements across years.
Tumakuru,B0082 koratagere,C0106 b d pura,862 b d pura,61.6,20.0,100,54.34,25.0,114,-7.26,5.0,-3.63,2022-23 -> 2024-25,CAVEAT: items differ across years but map to a constant competency framework. Item-level year comparisons mix learning and instrument change; competency-level comparisons are more defensible (still assume similar difficulty within competency). Prefer rankings and competency-level statements across years.
Davanagere,B0062 honnali,C1465 savalanga,1650 chinnikatte,59.35,35.0,116,52.1,20.0,105,-7.25,-15.0,-3.62,2022-23 -> 2024-25,CAVEAT: items differ across years but map to a constant competency framework. Item-level year comparisons mix learning and instrument change; competency-level comparisons are more defensible (still assume similar difficulty within competency). Prefer rankings and competency-level statements across years.
Dharwad,B0066 hubli,C0082 aralikatti,1527 chebbi,83.65,65.0,141,76.41,55.0,181,-7.24,-10.0,-3.62,2022-23 -> 2024-25,CAVEAT: items differ across years but map to a constant competency framework. Item-level year comparisons mix learning and instrument change; competency-level comparisons are more defensible (still assume similar difficulty within competency). Prefer rankings and competency-level statements across years.
Bidar,B0068 humnabad,C0472 gadwanthi,1837 dhumansoor,80.23,70.0,43,73.0,44.5,30,-7.23,-25.5,-3.62,2022-23 -> 2024-25,CAVEAT: items differ across years but map to a constant competency framework. Item-level year comparisons mix learning and instrument change; competency-level comparisons are more defensible (still assume similar difficulty within competency). Prefer rankings and competency-level statements across years.
Haveri,B0023 byadagi,C0257 bisalahalli,1366 bisalahalli,68.99,35.0,153,61.76,25.0,176,-7.23,-10.0,-3.62,2022-23 -> 2024-25,CAVEAT: items differ across years but map to a constant competency framework. Item-level year comparisons mix learning and instrument change; competency-level comparisons are more defensible (still assume similar difficulty within competency). Prefer rankings and competency-level statements across years.
Bengaluru Rural,B0040 devanahalli,C0776 jalige,3024 jalige,87.67,70.0,146,80.45,50.0,290,-7.22,-20.0,-3.61,2022-23 -> 2024-25,CAVEAT: items differ across years but map to a constant competency framework. Item-level year comparisons mix learning and instrument change; competency-level comparisons are more defensible (still assume similar difficulty within competency). Prefer rankings and competency-level statements across years.
Tumakuru,B0031 chiknayakanhalli,C0594 handanakere,2403 handanakere,62.15,24.0,79,54.93,25.0,72,-7.22,1.0,-3.61,2022-23 -> 2024-25,CAVEAT: items differ across years but map to a constant competency framework. Item-level year comparisons mix learning and instrument change; competency-level comparisons are more defensible (still assume similar difficulty within competency). Prefer rankings and competency-level statements across years.
Chitradurga,B0035 chitradurga,C0505 godabanahal,5472 sondekola,44.8,5.0,126,37.59,0.0,108,-7.21,-5.0,-3.6,2022-23 -> 2024-25,CAVEAT: items differ across years but map to a constant competency framework. Item-level year comparisons mix learning and instrument change; competency-level comparisons are more defensible (still assume similar difficulty within competency). Prefer rankings and competency-level statements across years.
Raichur,B0089 lingasugur,C1691 veerapur,746 anvari,41.73,5.0,185,34.54,0.5,142,-7.19,-4.5,-3.6,2022-23 -> 2024-25,CAVEAT: items differ across years but map to a constant competency framework. Item-level year comparisons mix learning and instrument change; competency-level comparisons are more defensible (still assume similar difficulty within competency). Prefer rankings and competency-level statements across years.
Koppal,B0143 yelburga,C0150 bandi,6280 tummaraguddi,40.17,5.0,209,32.99,5.0,269,-7.18,0.0,-3.59,2022-23 -> 2024-25,CAVEAT: items differ across years but map to a constant competency framework. Item-level year comparisons mix learning and instrument change; competency-level comparisons are more defensible (still assume similar difficulty within competency). Prefer rankings and competency-level statements across years.
Chitradurga,B0063 hosadurga,C0390 devapura,1787 devapura,45.36,4.0,179,38.2,0.0,153,-7.16,-4.0,-3.58,2022-23 -> 2024-25,CAVEAT: items differ across years but map to a constant competency framework. Item-level year comparisons mix learning and instrument change; competency-level comparisons are more defensible (still assume similar difficulty within competency). Prefer rankings and competency-level statements across years.
Tumakuru,B0082 koratagere,C0352 chinnahalli,4969 pathaganahally,64.6,30.0,63,57.45,11.0,53,-7.15,-19.0,-3.58,2022-23 -> 2024-25,CAVEAT: items differ across years but map to a constant competency framework. Item-level year comparisons mix learning and instrument change; competency-level comparisons are more defensible (still assume similar difficulty within competency). Prefer rankings and competency-level statements across years.
Chamarajanagara,B0027 chamarajanagar,C1447 santhe marahalli,3538 kempanapura,46.03,10.0,117,38.89,9.5,90,-7.14,-0.5,-3.57,2022-23 -> 2024-25,CAVEAT: items differ across years but map to a constant competency framework. Item-level year comparisons mix learning and instrument change; competency-level comparisons are more defensible (still assume similar difficulty within competency). Prefer rankings and competency-level statements across years.
Chikkaballapura,B0034 chintamani,C0659 hirekattigenahalli,2644 hirekattigenahalli,53.66,15.0,131,46.56,10.0,112,-7.1,-5.0,-3.55,2022-23 -> 2024-25,CAVEAT: items differ across years but map to a constant competency framework. Item-level year comparisons mix learning and instrument change; competency-level comparisons are more defensible (still assume similar difficulty within competency). Prefer rankings and competency-level statements across years.
Chamarajanagara,B0050 gundlupet,C0165 baragi,4811 nenekatte,56.1,20.0,109,49.02,10.0,107,-7.08,-10.0,-3.54,2022-23 -> 2024-25,CAVEAT: items differ across years but map to a constant competency framework. Item-level year comparisons mix learning and instrument change; competency-level comparisons are more defensible (still assume similar difficulty within competency). Prefer rankings and competency-level statements across years.
Raichur,B0126 sindhanur,C0969 kolbala,6219 yelekudalagi,62.13,28.0,89,55.06,10.5,82,-7.07,-17.5,-3.54,2022-23 -> 2024-25,CAVEAT: items differ across years but map to a constant competency framework. Item-level year comparisons mix learning and instrument change; competency-level comparisons are more defensible (still assume similar difficulty within competency). Prefer rankings and competency-level statements across years.
Kolar,B0131 srinivasapur,C1158 mastenahalli,4352 masthenahalli,69.13,26.5,104,62.06,20.0,90,-7.07,-6.5,-3.54,2022-23 -> 2024-25,CAVEAT: items differ across years but map to a constant competency framework. Item-level year comparisons mix learning and instrument change; competency-level comparisons are more defensible (still assume similar difficulty within competency). Prefer rankings and competency-level statements across years.
Gadag,B0122 shirhatti,C0199 bellatti,3735 konchigeri,50.99,10.0,121,43.97,5.0,170,-7.02,-5.0,-3.51,2022-23 -> 2024-25,CAVEAT: items differ across years but map to a constant competency framework. Item-level year comparisons mix learning and instrument change; competency-level comparisons are more defensible (still assume similar difficulty within competency). Prefer rankings and competency-level statements across years.
Kalaburagi,B0073 jewargi,C1286 naribol,4752 naribol 7,50.04,10.0,142,43.02,10.0,194,-7.02,0.0,-3.51,2022-23 -> 2024-25,CAVEAT: items differ across years but map to a constant competency framework. Item-level year comparisons mix learning and instrument change; competency-level comparisons are more defensible (still assume similar difficulty within competency). Prefer rankings and competency-level statements across years.
Bagalkote,B0099 mudhol,C2637 soragaon,3860 kulali,60.96,20.5,182,53.94,20.0,132,-7.02,-0.5,-3.51,2022-23 -> 2024-25,CAVEAT: items differ across years but map to a constant competency framework. Item-level year comparisons mix learning and instrument change; competency-level comparisons are more defensible (still assume similar difficulty within competency). Prefer rankings and competency-level statements across years.
Davanagere,B0028 channagiri,C1450 santhebennuru-2,4396 medikere,56.82,25.0,88,49.81,10.0,81,-7.01,-15.0,-3.5,2022-23 -> 2024-25,CAVEAT: items differ across years but map to a constant competency framework. Item-level year comparisons mix learning and instrument change; competency-level comparisons are more defensible (still assume similar difficulty within competency). Prefer rankings and competency-level statements across years.
Chamarajanagara,B0027 chamarajanagar,C1643 ummatturu,5904 ummatthuru,59.09,6.0,33,52.09,12.5,86,-7.0,6.5,-3.5,2022-23 -> 2024-25,CAVEAT: items differ across years but map to a constant competency framework. Item-level year comparisons mix learning and instrument change; competency-level comparisons are more defensible (still assume similar difficulty within competency). Prefer rankings and competency-level statements across years.
Tumakuru,B0137 turuvekere,C1483 shettygondana halli,5329 shettygondanahalli,73.27,55.0,136,66.28,35.0,117,-6.99,-20.0,-3.5,2022-23 -> 2024-25,CAVEAT: items differ across years but map to a constant competency framework. Item-level year comparisons mix learning and instrument change; competency-level comparisons are more defensible (still assume similar difficulty within competency). Prefer rankings and competency-level statements across years.
Belagavi,B0017 belgaum rural,C0575 halga,1097 bastwad,79.97,62.0,145,72.98,55.0,129,-6.99,-7.0,-3.5,2022-23 -> 2024-25,CAVEAT: items differ across years but map to a constant competency framework. Item-level year comparisons mix learning and instrument change; competency-level comparisons are more defensible (still assume similar difficulty within competency). Prefer rankings and competency-level statements across years.
Mandya,B0103 nagamangala,C1594 thattekere,3400 kanthapura,61.86,40.0,110,54.88,25.0,82,-6.98,-15.0,-3.49,2022-23 -> 2024-25,CAVEAT: items differ across years but map to a constant competency framework. Item-level year comparisons mix learning and instrument change; competency-level comparisons are more defensible (still assume similar difficulty within competency). Prefer rankings and competency-level statements across years.
Gadag,B0043 gadag rural,C1003 kotumachagi,3810 kotumachagi,52.5,15.0,134,45.53,10.0,206,-6.97,-5.0,-3.48,2022-23 -> 2024-25,CAVEAT: items differ across years but map to a constant competency framework. Item-level year comparisons mix learning and instrument change; competency-level comparisons are more defensible (still assume similar difficulty within competency). Prefer rankings and competency-level statements across years.
Bengaluru Rural,B0040 devanahalli,C0300 channahalli,6570 channahalli,82.66,60.0,77,75.7,55.0,57,-6.96,-5.0,-3.48,2022-23 -> 2024-25,CAVEAT: items differ across years but map to a constant competency framework. Item-level year comparisons mix learning and instrument change; competency-level comparisons are more defensible (still assume similar difficulty within competency). Prefer rankings and competency-level statements across years.
Vijayanagara,B0051 hadagali,C1517 sogi,5446 sogi,45.19,5.0,105,38.23,0.0,116,-6.96,-5.0,-3.48,2022-23 -> 2024-25,CAVEAT: items differ across years but map to a constant competency framework. Item-level year comparisons mix learning and instrument change; competency-level comparisons are more defensible (still assume similar difficulty within competency). Prefer rankings and competency-level statements across years.
Tumakuru,B0127 sira,C0234 bhoovanahally,1305 bhuvanahalli,60.69,25.0,131,53.78,20.0,148,-6.91,-5.0,-3.46,2022-23 -> 2024-25,CAVEAT: items differ across years but map to a constant competency framework. Item-level year comparisons mix learning and instrument change; competency-level comparisons are more defensible (still assume similar difficulty within competency). Prefer rankings and competency-level statements across years.
Bidar,B0068 humnabad,C0208 benchincholi,1219 benchincholi,38.8,5.0,108,31.94,5.0,80,-6.86,0.0,-3.43,2022-23 -> 2024-25,CAVEAT: items differ across years but map to a constant competency framework. Item-level year comparisons mix learning and instrument change; competency-level comparisons are more defensible (still assume similar difficulty within competency). Prefer rankings and competency-level statements across years.
Bidar,B0015 basavakalyan,C0755 islampur,2971 islamapur,43.12,10.0,48,36.27,2.0,55,-6.85,-8.0,-3.42,2022-23 -> 2024-25,CAVEAT: items differ across years but map to a constant competency framework. Item-level year comparisons mix learning and instrument change; competency-level comparisons are more defensible (still assume similar difficulty within competency). Prefer rankings and competency-level statements across years.
Chitradurga,B0035 chitradurga,C1502 siddapura,6194 siddapura (c),37.63,5.0,116,30.79,0.0,126,-6.84,-5.0,-3.42,2022-23 -> 2024-25,CAVEAT: items differ across years but map to a constant competency framework. Item-level year comparisons mix learning and instrument change; competency-level comparisons are more defensible (still assume similar difficulty within competency). Prefer rankings and competency-level statements across years.
Raichur,B0126 sindhanur,C0403 devi camp,4924 pagadadinni,51.69,10.0,198,44.85,10.0,166,-6.84,0.0,-3.42,2022-23 -> 2024-25,CAVEAT: items differ across years but map to a constant competency framework. Item-level year comparisons mix learning and instrument change; competency-level comparisons are more defensible (still assume similar difficulty within competency). Prefer rankings and competency-level statements across years.
Kalaburagi,B0048 gulbarga north,C1525 sonth,4313 margutti,42.43,5.0,105,35.6,10.0,91,-6.83,5.0,-3.42,2022-23 -> 2024-25,CAVEAT: items differ across years but map to a constant competency framework. Item-level year comparisons mix learning and instrument change; competency-level comparisons are more defensible (still assume similar difficulty within competency). Prefer rankings and competency-level statements across years.
Kodagu,B0129 somavarpet,C1547 suntikoppa,3641 kodagarahalli,85.75,70.0,20,78.93,63.0,14,-6.82,-7.0,-3.41,2022-23 -> 2024-25,CAVEAT: items differ across years but map to a constant competency framework. Item-level year comparisons mix learning and instrument change; competency-level comparisons are more defensible (still assume similar difficulty within competency). Prefer rankings and competency-level statements across years.
Chitradurga,B0026 challakere,C0656 hirehalli,6390 hirehalli,35.18,0.0,226,28.37,0.0,249,-6.81,0.0,-3.4,2022-23 -> 2024-25,CAVEAT: items differ across years but map to a constant competency framework. Item-level year comparisons mix learning and instrument change; competency-level comparisons are more defensible (still assume similar difficulty within competency). Prefer rankings and competency-level statements across years.
Gadag,B0122 shirhatti,C1091 magadi,4116 magadi,51.71,15.0,140,44.91,15.0,111,-6.8,0.0,-3.4,2022-23 -> 2024-25,CAVEAT: items differ across years but map to a constant competency framework. Item-level year comparisons mix learning and instrument change; competency-level comparisons are more defensible (still assume similar difficulty within competency). Prefer rankings and competency-level statements across years.
Kodagu,B0092 madikeri,C0906 karike,3452 karike,57.5,25.0,44,50.74,10.0,61,-6.76,-15.0,-3.38,2022-23 -> 2024-25,CAVEAT: items differ across years but map to a constant competency framework. Item-level year comparisons mix learning and instrument change; competency-level comparisons are more defensible (still assume similar difficulty within competency). Prefer rankings and competency-level statements across years.
Chamarajanagara,B0050 gundlupet,C0260 bommalapura,1385 bommalapura,46.56,5.0,96,39.81,5.0,104,-6.75,0.0,-3.38,2022-23 -> 2024-25,CAVEAT: items differ across years but map to a constant competency framework. Item-level year comparisons mix learning and instrument change; competency-level comparisons are more defensible (still assume similar difficulty within competency). Prefer rankings and competency-level statements across years.
Vijayanagara,B0084 kudligi,C1070 m.b. iyyana halli,2449 harakabavi,48.12,23.5,138,41.39,5.0,165,-6.73,-18.5,-3.36,2022-23 -> 2024-25,CAVEAT: items differ across years but map to a constant competency framework. Item-level year comparisons mix learning and instrument change; competency-level comparisons are more defensible (still assume similar difficulty within competency). Prefer rankings and competency-level statements across years.
Kalaburagi,B0036 chittapur,C0224 bhankur,1271 bhankur,43.83,5.0,158,37.13,5.0,148,-6.7,0.0,-3.35,2022-23 -> 2024-25,CAVEAT: items differ across years but map to a constant competency framework. Item-level year comparisons mix learning and instrument change; competency-level comparisons are more defensible (still assume similar difficulty within competency). Prefer rankings and competency-level statements across years.
Ballari,B0117 sandur,C0152 bandri,1026 bandri,42.03,7.5,106,35.34,5.0,104,-6.69,-2.5,-3.34,2022-23 -> 2024-25,CAVEAT: items differ across years but map to a constant competency framework. Item-level year comparisons mix learning and instrument change; competency-level comparisons are more defensible (still assume similar difficulty within competency). Prefer rankings and competency-level statements across years.
Kalaburagi,B0073 jewargi,C0795 jewargi south,2480 harnoor 13,43.03,10.0,147,36.34,5.0,161,-6.69,-5.0,-3.34,2022-23 -> 2024-25,CAVEAT: items differ across years but map to a constant competency framework. Item-level year comparisons mix learning and instrument change; competency-level comparisons are more defensible (still assume similar difficulty within competency). Prefer rankings and competency-level statements across years.
Kodagu,B0129 somavarpet,C0837 kajuru,560 aigur,69.18,35.0,49,62.5,29.5,30,-6.68,-5.5,-3.34,2022-23 -> 2024-25,CAVEAT: items differ across years but map to a constant competency framework. Item-level year comparisons mix learning and instrument change; competency-level comparisons are more defensible (still assume similar difficulty within competency). Prefer rankings and competency-level statements across years.
Raichur,B0111 raichur,C0741 idapanur,2256 gunjhalli,70.79,45.0,234,64.12,45.0,285,-6.67,0.0,-3.34,2022-23 -> 2024-25,CAVEAT: items differ across years but map to a constant competency framework. Item-level year comparisons mix learning and instrument change; competency-level comparisons are more defensible (still assume similar difficulty within competency). Prefer rankings and competency-level statements across years.
Bidar,B0068 humnabad,C0208 benchincholi,4082 madargaon,54.27,10.0,75,47.62,10.0,63,-6.65,0.0,-3.32,2022-23 -> 2024-25,CAVEAT: items differ across years but map to a constant competency framework. Item-level year comparisons mix learning and instrument change; competency-level comparisons are more defensible (still assume similar difficulty within competency). Prefer rankings and competency-level statements across years.
Bengaluru Rural,B0042 doddaballapura,C0377 dargajogihalli,1742 dargajogihalli,78.79,59.0,29,72.22,49.5,18,-6.57,-9.5,-3.28,2022-23 -> 2024-25,CAVEAT: items differ across years but map to a constant competency framework. Item-level year comparisons mix learning and instrument change; competency-level comparisons are more defensible (still assume similar difficulty within competency). Prefer rankings and competency-level statements across years.
Bidar,B0015 basavakalyan,C0944 kitta,4482 muchalam,49.86,10.0,69,43.29,10.0,73,-6.57,0.0,-3.28,2022-23 -> 2024-25,CAVEAT: items differ across years but map to a constant competency framework. Item-level year comparisons mix learning and instrument change; competency-level comparisons are more defensible (still assume similar difficulty within competency). Prefer rankings and competency-level statements across years.
Chamarajanagara,B0027 chamarajanagar,C0832 kagalavadi,3201 kagalavadi,57.56,28.5,78,51.02,25.0,54,-6.54,-3.5,-3.27,2022-23 -> 2024-25,CAVEAT: items differ across years but map to a constant competency framework. Item-level year comparisons mix learning and instrument change; competency-level comparisons are more defensible (still assume similar difficulty within competency). Prefer rankings and competency-level statements across years.
Kodagu,B0092 madikeri,C1233 murnadu,3403 kanthur murnad,53.6,25.0,129,47.07,15.0,138,-6.53,-10.0,-3.26,2022-23 -> 2024-25,CAVEAT: items differ across years but map to a constant competency framework. Item-level year comparisons mix learning and instrument change; competency-level comparisons are more defensible (still assume similar difficulty within competency). Prefer rankings and competency-level statements across years.
Dharwad,B0076 kalghatagi,C0487 ganjigatti,6169 bhogenagarakoppa,60.0,25.0,168,53.48,25.0,135,-6.52,0.0,-3.26,2022-23 -> 2024-25,CAVEAT: items differ across years but map to a constant competency framework. Item-level year comparisons mix learning and instrument change; competency-level comparisons are more defensible (still assume similar difficulty within competency). Prefer rankings and competency-level statements across years.
Bidar,B0015 basavakalyan,C0295 chandikapur,1492 chandikapur,47.21,5.0,131,40.71,15.0,92,-6.5,10.0,-3.25,2022-23 -> 2024-25,CAVEAT: items differ across years but map to a constant competency framework. Item-level year comparisons mix learning and instrument change; competency-level comparisons are more defensible (still assume similar difficulty within competency). Prefer rankings and competency-level statements across years.
Vijayapura,B0139 vijayapura rural,C0674 hittinahalli,2695 hittanahalli,74.45,40.0,154,67.96,35.0,235,-6.49,-5.0,-3.24,2022-23 -> 2024-25,CAVEAT: items differ across years but map to a constant competency framework. Item-level year comparisons mix learning and instrument change; competency-level comparisons are more defensible (still assume similar difficulty within competency). Prefer rankings and competency-level statements across years.
Ballari,B0128 siruguppa,C0625 hatcholli,1124 beerahalli,41.85,0.0,181,35.36,3.5,238,-6.49,3.5,-3.24,2022-23 -> 2024-25,CAVEAT: items differ across years but map to a constant competency framework. Item-level year comparisons mix learning and instrument change; competency-level comparisons are more defensible (still assume similar difficulty within competency). Prefer rankings and competency-level statements across years.
Gadag,B0115 ron,C1526 soodi,5514 sudi,53.7,15.0,142,47.21,8.0,217,-6.49,-7.0,-3.24,2022-23 -> 2024-25,CAVEAT: items differ across years but map to a constant competency framework. Item-level year comparisons mix learning and instrument change; competency-level comparisons are more defensible (still assume similar difficulty within competency). Prefer rankings and competency-level statements across years.
Davanagere,B0037 davanagere(n),C1940 chikkabudihal,3187 kadlebalu,38.69,0.0,320,32.23,5.0,269,-6.46,5.0,-3.23,2022-23 -> 2024-25,CAVEAT: items differ across years but map to a constant competency framework. Item-level year comparisons mix learning and instrument change; competency-level comparisons are more defensible (still assume similar difficulty within competency). Prefer rankings and competency-level statements across years.
Chamarajanagara,B0027 chamarajanagar,C0608 haradana halli,1368 bisalavadi,51.15,10.0,91,44.71,20.0,69,-6.44,10.0,-3.22,2022-23 -> 2024-25,CAVEAT: items differ across years but map to a constant competency framework. Item-level year comparisons mix learning and instrument change; competency-level comparisons are more defensible (still assume similar difficulty within competency). Prefer rankings and competency-level statements across years.
Belagavi,B0130 soundatti,C0745 inamhongal,2939 inam hongal,75.91,55.0,126,69.47,40.0,209,-6.44,-15.0,-3.22,2022-23 -> 2024-25,CAVEAT: items differ across years but map to a constant competency framework. Item-level year comparisons mix learning and instrument change; competency-level comparisons are more defensible (still assume similar difficulty within competency). Prefer rankings and competency-level statements across years.
Chamarajanagara,B0054 hanur,C1064 lokkanahalli,1591 chikkamalapura,59.0,22.0,55,52.56,15.0,45,-6.44,-7.0,-3.22,2022-23 -> 2024-25,CAVEAT: items differ across years but map to a constant competency framework. Item-level year comparisons mix learning and instrument change; competency-level comparisons are more defensible (still assume similar difficulty within competency). Prefer rankings and competency-level statements across years.
Gadag,B0122 shirhatti,C0199 bellatti,1190 bellatti,54.97,20.0,169,48.56,10.0,277,-6.41,-10.0,-3.2,2022-23 -> 2024-25,CAVEAT: items differ across years but map to a constant competency framework. Item-level year comparisons mix learning and instrument change; competency-level comparisons are more defensible (still assume similar difficulty within competency). Prefer rankings and competency-level statements across years.
Gadag,B0115 ron,C0195 belavanaki,6122 yavagal,47.24,5.0,147,40.83,5.0,198,-6.41,0.0,-3.2,2022-23 -> 2024-25,CAVEAT: items differ across years but map to a constant competency framework. Item-level year comparisons mix learning and instrument change; competency-level comparisons are more defensible (still assume similar difficulty within competency). Prefer rankings and competency-level statements across years.
Vijayanagara,B0084 kudligi,C0699 hosa halli,2589 herekumbalakunte,54.5,10.0,160,48.11,10.0,167,-6.39,0.0,-3.2,2022-23 -> 2024-25,CAVEAT: items differ across years but map to a constant competency framework. Item-level year comparisons mix learning and instrument change; competency-level comparisons are more defensible (still assume similar difficulty within competency). Prefer rankings and competency-level statements across years.
Bidar,B0019 bhalki,C1195 morambi,4472 morambi,55.31,25.0,65,48.92,15.0,51,-6.39,-10.0,-3.2,2022-23 -> 2024-25,CAVEAT: items differ across years but map to a constant competency framework. Item-level year comparisons mix learning and instrument change; competency-level comparisons are more defensible (still assume similar difficulty within competency). Prefer rankings and competency-level statements across years.
Mandya,B0132 srirangapatna,C0809 k. r. sagara,3126 k.r.sagara,71.25,50.0,96,64.88,35.5,42,-6.37,-14.5,-3.18,2022-23 -> 2024-25,CAVEAT: items differ across years but map to a constant competency framework. Item-level year comparisons mix learning and instrument change; competency-level comparisons are more defensible (still assume similar difficulty within competency). Prefer rankings and competency-level statements across years.
Kalaburagi,B0033 chincholi,C1414 rummangud,1487 chandankera,50.21,15.0,165,43.85,10.0,131,-6.36,-5.0,-3.18,2022-23 -> 2024-25,CAVEAT: items differ across years but map to a constant competency framework. Item-level year comparisons mix learning and instrument change; competency-level comparisons are more defensible (still assume similar difficulty within competency). Prefer rankings and competency-level statements across years.
Tumakuru,B0046 gubbi,C0560 hagalavadi,2303 hagalavadi,80.39,55.0,114,74.04,40.0,115,-6.35,-15.0,-3.18,2022-23 -> 2024-25,CAVEAT: items differ across years but map to a constant competency framework. Item-level year comparisons mix learning and instrument change; competency-level comparisons are more defensible (still assume similar difficulty within competency). Prefer rankings and competency-level statements across years.
Tumakuru,B0031 chiknayakanhalli,C0167 baragur,1060 baragooru,71.02,40.0,133,64.67,30.0,122,-6.35,-10.0,-3.18,2022-23 -> 2024-25,CAVEAT: items differ across years but map to a constant competency framework. Item-level year comparisons mix learning and instrument change; competency-level comparisons are more defensible (still assume similar difficulty within competency). Prefer rankings and competency-level statements across years.
Dharwad,B0076 kalghatagi,C1558 tabakadhonnali,1126 beeravalli,68.88,35.0,233,62.56,25.0,217,-6.32,-10.0,-3.16,2022-23 -> 2024-25,CAVEAT: items differ across years but map to a constant competency framework. Item-level year comparisons mix learning and instrument change; competency-level comparisons are more defensible (still assume similar difficulty within competency). Prefer rankings and competency-level statements across years.
Bidar,B0020 bidar,C0831 kadwad,1522 chatnalli,49.15,17.0,65,42.84,13.5,58,-6.31,-3.5,-3.16,2022-23 -> 2024-25,CAVEAT: items differ across years but map to a constant competency framework. Item-level year comparisons mix learning and instrument change; competency-level comparisons are more defensible (still assume similar difficulty within competency). Prefer rankings and competency-level statements across years.
Tumakuru,B0031 chiknayakanhalli,C1036 kuppuru,3916 kuppuru,71.54,45.0,133,65.24,31.0,123,-6.3,-14.0,-3.15,2022-23 -> 2024-25,CAVEAT: items differ across years but map to a constant competency framework. Item-level year comparisons mix learning and instrument change; competency-level comparisons are more defensible (still assume similar difficulty within competency). Prefer rankings and competency-level statements across years.
Kalaburagi,B0119 sedam,C1040 kurkunta,3933 kurkunta,36.68,0.0,143,30.43,0.0,152,-6.25,0.0,-3.12,2022-23 -> 2024-25,CAVEAT: items differ across years but map to a constant competency framework. Item-level year comparisons mix learning and instrument change; competency-level comparisons are more defensible (still assume similar difficulty within competency). Prefer rankings and competency-level statements across years.
Vijayanagara,B0084 kudligi,C0322 chikka jogi halli,4135 makanadaku,40.18,5.0,57,33.94,0.0,118,-6.24,-5.0,-3.12,2022-23 -> 2024-25,CAVEAT: items differ across years but map to a constant competency framework. Item-level year comparisons mix learning and instrument change; competency-level comparisons are more defensible (still assume similar difficulty within competency). Prefer rankings and competency-level statements across years.
Yadgir,B0120 shahapur,C1085 maddarki,4485 mudabool,66.5,25.0,123,60.31,20.0,213,-6.19,-5.0,-3.1,2022-23 -> 2024-25,CAVEAT: items differ across years but map to a constant competency framework. Item-level year comparisons mix learning and instrument change; competency-level comparisons are more defensible (still assume similar difficulty within competency). Prefer rankings and competency-level statements across years.
Kalaburagi,B0119 sedam,C1040 kurkunta,4107 madkal,35.09,0.0,108,28.92,0.0,65,-6.17,0.0,-3.08,2022-23 -> 2024-25,CAVEAT: items differ across years but map to a constant competency framework. Item-level year comparisons mix learning and instrument change; competency-level comparisons are more defensible (still assume similar difficulty within competency). Prefer rankings and competency-level statements across years.
Kalaburagi,B0073 jewargi,C0081 aralagundagi,766 aralgundagi 33,42.83,0.0,175,36.67,5.0,198,-6.16,5.0,-3.08,2022-23 -> 2024-25,CAVEAT: items differ across years but map to a constant competency framework. Item-level year comparisons mix learning and instrument change; competency-level comparisons are more defensible (still assume similar difficulty within competency). Prefer rankings and competency-level statements across years.
Dharwad,B0106 navalgund,C0072 annigeri 2,1257 bhadrapur,50.64,20.0,102,44.49,5.0,117,-6.15,-15.0,-3.08,2022-23 -> 2024-25,CAVEAT: items differ across years but map to a constant competency framework. Item-level year comparisons mix learning and instrument change; competency-level comparisons are more defensible (still assume similar difficulty within competency). Prefer rankings and competency-level statements across years.
Chamarajanagara,B0027 chamarajanagar,C0078 arakala vadi,757 arakalavadi,57.05,15.5,122,50.9,14.5,100,-6.15,-1.0,-3.08,2022-23 -> 2024-25,CAVEAT: items differ across years but map to a constant competency framework. Item-level year comparisons mix learning and instrument change; competency-level comparisons are more defensible (still assume similar difficulty within competency). Prefer rankings and competency-level statements across years.
Kalaburagi,B0033 chincholi,C1399 ratkal,2333 halcher,41.41,15.0,117,35.26,0.0,77,-6.15,-15.0,-3.08,2022-23 -> 2024-25,CAVEAT: items differ across years but map to a constant competency framework. Item-level year comparisons mix learning and instrument change; competency-level comparisons are more defensible (still assume similar difficulty within competency). Prefer rankings and competency-level statements across years.
Bidar,B0020 bidar,C1288 naubad,620 aliyabad (j),50.34,10.0,44,44.19,13.0,37,-6.15,3.0,-3.08,2022-23 -> 2024-25,CAVEAT: items differ across years but map to a constant competency framework. Item-level year comparisons mix learning and instrument change; competency-level comparisons are more defensible (still assume similar difficulty within competency). Prefer rankings and competency-level statements across years.
Bengaluru Rural,B0064 hosakote,C0031 alappanahalli,3869 kumbalahalli,55.61,13.5,98,49.46,10.0,120,-6.15,-3.5,-3.08,2022-23 -> 2024-25,CAVEAT: items differ across years but map to a constant competency framework. Item-level year comparisons mix learning and instrument change; competency-level comparisons are more defensible (still assume similar difficulty within competency). Prefer rankings and competency-level statements across years.
Chitradurga,B0060 holalkere,C0111 b.durga,2257 gunjiganuru,53.23,7.5,96,47.09,10.0,86,-6.14,2.5,-3.07,2022-23 -> 2024-25,CAVEAT: items differ across years but map to a constant competency framework. Item-level year comparisons mix learning and instrument change; competency-level comparisons are more defensible (still assume similar difficulty within competency). Prefer rankings and competency-level statements across years.
Chitradurga,B0035 chitradurga,C0964 kolahal,590 alagavadi,35.17,0.0,209,29.05,0.0,184,-6.12,0.0,-3.06,2022-23 -> 2024-25,CAVEAT: items differ across years but map to a constant competency framework. Item-level year comparisons mix learning and instrument change; competency-level comparisons are more defensible (still assume similar difficulty within competency). Prefer rankings and competency-level statements across years.
Chikkaballapura,B0010 bagepally,C1354 pathapalya,4970 pathapalya,42.29,10.0,109,36.2,5.0,100,-6.09,-5.0,-3.04,2022-23 -> 2024-25,CAVEAT: items differ across years but map to a constant competency framework. Item-level year comparisons mix learning and instrument change; competency-level comparisons are more defensible (still assume similar difficulty within competency). Prefer rankings and competency-level statements across years.
Kalaburagi,B0002 aland,C1083 madanhipparga,4070 madan hipparga,46.33,5.0,143,40.24,0.0,189,-6.09,-5.0,-3.04,2022-23 -> 2024-25,CAVEAT: items differ across years but map to a constant competency framework. Item-level year comparisons mix learning and instrument change; competency-level comparisons are more defensible (still assume similar difficulty within competency). Prefer rankings and competency-level statements across years.
Bidar,B0015 basavakalyan,C0755 islampur,6111 yarbag,30.98,5.0,66,24.89,0.0,88,-6.09,-5.0,-3.04,2022-23 -> 2024-25,CAVEAT: items differ across years but map to a constant competency framework. Item-level year comparisons mix learning and instrument change; competency-level comparisons are more defensible (still assume similar difficulty within competency). Prefer rankings and competency-level statements across years.
Koppal,B0044 gangavathi,C1641 ulenoor,6223 bennur,52.55,15.0,163,46.47,10.0,133,-6.08,-5.0,-3.04,2022-23 -> 2024-25,CAVEAT: items differ across years but map to a constant competency framework. Item-level year comparisons mix learning and instrument change; competency-level comparisons are more defensible (still assume similar difficulty within competency). Prefer rankings and competency-level statements across years.
Hassan,B0057 hassan,C1472 seege,5287 seege,65.94,35.0,101,59.88,20.0,81,-6.06,-15.0,-3.03,2022-23 -> 2024-25,CAVEAT: items differ across years but map to a constant competency framework. Item-level year comparisons mix learning and instrument change; competency-level comparisons are more defensible (still assume similar difficulty within competency). Prefer rankings and competency-level statements across years.
Tumakuru,B0137 turuvekere,C1439 sampige,5189 sampige,67.6,37.0,75,61.55,20.0,71,-6.05,-17.0,-3.02,2022-23 -> 2024-25,CAVEAT: items differ across years but map to a constant competency framework. Item-level year comparisons mix learning and instrument change; competency-level comparisons are more defensible (still assume similar difficulty within competency). Prefer rankings and competency-level statements across years.
Bidar,B0019 bhalki,C1708 warwatti (b),6032 warwatti (b),33.08,0.0,60,27.03,0.0,59,-6.05,0.0,-3.02,2022-23 -> 2024-25,CAVEAT: items differ across years but map to a constant competency framework. Item-level year comparisons mix learning and instrument change; competency-level comparisons are more defensible (still assume similar difficulty within competency). Prefer rankings and competency-level statements across years.
Dharwad,B0066 hubli,C1690 varur,950 balagali,70.33,40.0,121,64.29,20.0,225,-6.04,-20.0,-3.02,2022-23 -> 2024-25,CAVEAT: items differ across years but map to a constant competency framework. Item-level year comparisons mix learning and instrument change; competency-level comparisons are more defensible (still assume similar difficulty within competency). Prefer rankings and competency-level statements across years.
Kolar,B0079 kolar,C0824 kadahalli,663 ammanallur,57.64,18.0,87,51.6,10.5,72,-6.04,-7.5,-3.02,2022-23 -> 2024-25,CAVEAT: items differ across years but map to a constant competency framework. Item-level year comparisons mix learning and instrument change; competency-level comparisons are more defensible (still assume similar difficulty within competency). Prefer rankings and competency-level statements across years.
Raichur,B0089 lingasugur,C0455 echanal,1975 eachanal,45.09,15.0,117,39.08,5.0,125,-6.01,-10.0,-3.0,2022-23 -> 2024-25,CAVEAT: items differ across years but map to a constant competency framework. Item-level year comparisons mix learning and instrument change; competency-level comparisons are more defensible (still assume similar difficulty within competency). Prefer rankings and competency-level statements across years.
Kalaburagi,B0033 chincholi,C0382 degalmadi,1757 degalmadi,38.96,5.0,125,32.96,0.0,135,-6.0,-5.0,-3.0,2022-23 -> 2024-25,CAVEAT: items differ across years but map to a constant competency framework. Item-level year comparisons mix learning and instrument change; competency-level comparisons are more defensible (still assume similar difficulty within competency). Prefer rankings and competency-level statements across years.
Mandya,B0103 nagamangala,C0986 koochahalli,2131 gondena hally,77.89,65.0,64,71.92,40.0,91,-5.97,-25.0,-2.98,2022-23 -> 2024-25,CAVEAT: items differ across years but map to a constant competency framework. Item-level year comparisons mix learning and instrument change; competency-level comparisons are more defensible (still assume similar difficulty within competency). Prefer rankings and competency-level statements across years.
Kalaburagi,B0001 afzalpur,C0898 karajagi,3431 karajagi,45.14,5.0,175,39.18,10.0,202,-5.96,5.0,-2.98,2022-23 -> 2024-25,CAVEAT: items differ across years but map to a constant competency framework. Item-level year comparisons mix learning and instrument change; competency-level comparisons are more defensible (still assume similar difficulty within competency). Prefer rankings and competency-level statements across years.
Kodagu,B0092 madikeri,C1179 mekeri,3236 kalakeri nidugane,86.67,77.0,3,80.71,61.0,7,-5.96,-16.0,-2.98,2022-23 -> 2024-25,CAVEAT: items differ across years but map to a constant competency framework. Item-level year comparisons mix learning and instrument change; competency-level comparisons are more defensible (still assume similar difficulty within competency). Prefer rankings and competency-level statements across years.
Kalaburagi,B0036 chittapur,C0993 korwar,3784 korwar,34.64,0.0,151,28.68,0.0,95,-5.96,0.0,-2.98,2022-23 -> 2024-25,CAVEAT: items differ across years but map to a constant competency framework. Item-level year comparisons mix learning and instrument change; competency-level comparisons are more defensible (still assume similar difficulty within competency). Prefer rankings and competency-level statements across years.
Bidar,B0068 humnabad,C1632 udbal,2974 itaga,33.21,0.0,156,27.26,0.0,146,-5.95,0.0,-2.98,2022-23 -> 2024-25,CAVEAT: items differ across years but map to a constant competency framework. Item-level year comparisons mix learning and instrument change; competency-level comparisons are more defensible (still assume similar difficulty within competency). Prefer rankings and competency-level statements across years.
Belagavi,B0078 khanapur,C0237 bhuranki,1302 bhuranki,52.97,10.0,153,47.04,10.0,81,-5.93,0.0,-2.96,2022-23 -> 2024-25,CAVEAT: items differ across years but map to a constant competency framework. Item-level year comparisons mix learning and instrument change; competency-level comparisons are more defensible (still assume similar difficulty within competency). Prefer rankings and competency-level statements across years.
Kalaburagi,B0073 jewargi,C0040 aloor,213009049 sathkhed,47.07,10.0,145,41.14,10.0,162,-5.93,0.0,-2.96,2022-23 -> 2024-25,CAVEAT: items differ across years but map to a constant competency framework. Item-level year comparisons mix learning and instrument change; competency-level comparisons are more defensible (still assume similar difficulty within competency). Prefer rankings and competency-level statements across years.
Hassan,B0061 holenarasipura,C1202 mudalahippe,4492 mudalahippe,59.42,25.0,121,53.5,15.0,80,-5.92,-10.0,-2.96,2022-23 -> 2024-25,CAVEAT: items differ across years but map to a constant competency framework. Item-level year comparisons mix learning and instrument change; competency-level comparisons are more defensible (still assume similar difficulty within competency). Prefer rankings and competency-level statements across years.
Koppal,B0088 kustagi,C0940 killarahatti,3607 killarahatti,64.55,25.0,99,58.63,25.0,135,-5.92,0.0,-2.96,2022-23 -> 2024-25,CAVEAT: items differ across years but map to a constant competency framework. Item-level year comparisons mix learning and instrument change; competency-level comparisons are more defensible (still assume similar difficulty within competency). Prefer rankings and competency-level statements across years.
Vijayanagara,B0084 kudligi,C1254 nagaraja kottur,1965 dupadahalli,70.09,47.0,235,64.18,30.0,141,-5.91,-17.0,-2.96,2022-23 -> 2024-25,CAVEAT: items differ across years but map to a constant competency framework. Item-level year comparisons mix learning and instrument change; competency-level comparisons are more defensible (still assume similar difficulty within competency). Prefer rankings and competency-level statements across years.
Haveri,B0121 shiggoan,C1928 chandapur,2809 hotanhalli,74.47,47.0,85,68.58,50.0,113,-5.89,3.0,-2.94,2022-23 -> 2024-25,CAVEAT: items differ across years but map to a constant competency framework. Item-level year comparisons mix learning and instrument change; competency-level comparisons are more defensible (still assume similar difficulty within competency). Prefer rankings and competency-level statements across years.
Yadgir,B0141 yadgir,C1751 yergole,6114 yargole,60.1,26.0,52,54.22,15.0,58,-5.88,-11.0,-2.94,2022-23 -> 2024-25,CAVEAT: items differ across years but map to a constant competency framework. Item-level year comparisons mix learning and instrument change; competency-level comparisons are more defensible (still assume similar difficulty within competency). Prefer rankings and competency-level statements across years.
Bidar,B0068 humnabad,C0445 dubalgundi,5284 sedol,45.87,20.0,52,40.0,10.0,51,-5.87,-10.0,-2.94,2022-23 -> 2024-25,CAVEAT: items differ across years but map to a constant competency framework. Item-level year comparisons mix learning and instrument change; competency-level comparisons are more defensible (still assume similar difficulty within competency). Prefer rankings and competency-level statements across years.
Kalaburagi,B0119 sedam,C0872 kanagadda,2980 itkal,44.18,5.0,141,38.31,5.0,172,-5.87,0.0,-2.94,2022-23 -> 2024-25,CAVEAT: items differ across years but map to a constant competency framework. Item-level year comparisons mix learning and instrument change; competency-level comparisons are more defensible (still assume similar difficulty within competency). Prefer rankings and competency-level statements across years.
Kalaburagi,B0036 chittapur,C1363 pethsiroor,4998 peth siroor,42.48,5.0,103,36.62,12.0,65,-5.86,7.0,-2.93,2022-23 -> 2024-25,CAVEAT: items differ across years but map to a constant competency framework. Item-level year comparisons mix learning and instrument change; competency-level comparisons are more defensible (still assume similar difficulty within competency). Prefer rankings and competency-level statements across years.
Bengaluru Rural,B0107 nelamangala,C0624 hasuruvalli,2506 hasuravalli,70.48,45.0,84,64.62,35.0,91,-5.86,-10.0,-2.93,2022-23 -> 2024-25,CAVEAT: items differ across years but map to a constant competency framework. Item-level year comparisons mix learning and instrument change; competency-level comparisons are more defensible (still assume similar difficulty within competency). Prefer rankings and competency-level statements across years.
Davanagere,B0071 jagalur,C0406 devikere,1817 devikere,37.56,2.0,295,31.7,0.0,200,-5.86,-2.0,-2.93,2022-23 -> 2024-25,CAVEAT: items differ across years but map to a constant competency framework. Item-level year comparisons mix learning and instrument change; competency-level comparisons are more defensible (still assume similar difficulty within competency). Prefer rankings and competency-level statements across years.
Bidar,B0007 aurad,C1062 lingi marathi,1392 bonthi,77.14,55.0,28,71.29,50.0,66,-5.85,-5.0,-2.92,2022-23 -> 2024-25,CAVEAT: items differ across years but map to a constant competency framework. Item-level year comparisons mix learning and instrument change; competency-level comparisons are more defensible (still assume similar difficulty within competency). Prefer rankings and competency-level statements across years.
Dharwad,B0076 kalghatagi,C1189 mishrikoti,4450 mishrikoti,51.16,10.0,177,45.31,0.0,193,-5.85,-10.0,-2.92,2022-23 -> 2024-25,CAVEAT: items differ across years but map to a constant competency framework. Item-level year comparisons mix learning and instrument change; competency-level comparisons are more defensible (still assume similar difficulty within competency). Prefer rankings and competency-level statements across years.
Yadgir,B0141 yadgir,C0636 hedgimadra,802 arkera (b),49.61,10.0,127,43.78,10.0,82,-5.83,0.0,-2.92,2022-23 -> 2024-25,CAVEAT: items differ across years but map to a constant competency framework. Item-level year comparisons mix learning and instrument change; competency-level comparisons are more defensible (still assume similar difficulty within competency). Prefer rankings and competency-level statements across years.
Raichur,B0111 raichur,C0318 chicksugur,6043 yadalapur,46.43,10.0,220,40.6,15.0,133,-5.83,5.0,-2.92,2022-23 -> 2024-25,CAVEAT: items differ across years but map to a constant competency framework. Item-level year comparisons mix learning and instrument change; competency-level comparisons are more defensible (still assume similar difficulty within competency). Prefer rankings and competency-level statements across years.
Tumakuru,B0135 tiptur,C1253 nagaraghatta,4651 nagaraghatta,72.7,50.0,111,66.88,36.0,93,-5.82,-14.0,-2.91,2022-23 -> 2024-25,CAVEAT: items differ across years but map to a constant competency framework. Item-level year comparisons mix learning and instrument change; competency-level comparisons are more defensible (still assume similar difficulty within competency). Prefer rankings and competency-level statements across years.
Hassan,B0005 arasikere,C0127 bageshpura,925 bageshpura,81.67,65.0,81,75.85,50.0,71,-5.82,-15.0,-2.91,2022-23 -> 2024-25,CAVEAT: items differ across years but map to a constant competency framework. Item-level year comparisons mix learning and instrument change; competency-level comparisons are more defensible (still assume similar difficulty within competency). Prefer rankings and competency-level statements across years.
Raichur,B0096 manvi,C1442 sangapur,3120 k.gudadinni,29.97,0.0,160,24.2,0.0,119,-5.77,0.0,-2.88,2022-23 -> 2024-25,CAVEAT: items differ across years but map to a constant competency framework. Item-level year comparisons mix learning and instrument change; competency-level comparisons are more defensible (still assume similar difficulty within competency). Prefer rankings and competency-level statements across years.
Koppal,B0085 kuknoor,C1011 kudarimoti,2582 herabedenal,47.27,10.0,97,41.52,10.0,138,-5.75,0.0,-2.88,2022-23 -> 2024-25,CAVEAT: items differ across years but map to a constant competency framework. Item-level year comparisons mix learning and instrument change; competency-level comparisons are more defensible (still assume similar difficulty within competency). Prefer rankings and competency-level statements across years.
Davanagere,B0028 channagiri,C1595 thavarekere,5702 thavarekere,46.44,5.0,73,40.71,10.0,63,-5.73,5.0,-2.86,2022-23 -> 2024-25,CAVEAT: items differ across years but map to a constant competency framework. Item-level year comparisons mix learning and instrument change; competency-level comparisons are more defensible (still assume similar difficulty within competency). Prefer rankings and competency-level statements across years.
Gadag,B0102 mundaragi,C0373 dambal,1726 dambal,42.11,5.0,180,36.4,5.0,413,-5.71,0.0,-2.86,2022-23 -> 2024-25,CAVEAT: items differ across years but map to a constant competency framework. Item-level year comparisons mix learning and instrument change; competency-level comparisons are more defensible (still assume similar difficulty within competency). Prefer rankings and competency-level statements across years.
Chikkaballapura,B0034 chintamani,C0750 iragampalli,2963 iragampalli,60.91,30.0,66,55.23,12.0,65,-5.68,-18.0,-2.84,2022-23 -> 2024-25,CAVEAT: items differ across years but map to a constant competency framework. Item-level year comparisons mix learning and instrument change; competency-level comparisons are more defensible (still assume similar difficulty within competency). Prefer rankings and competency-level statements across years.
Vijayanagara,B0065 hosapete,"C0003 8th ward, kampli",4878 no.10muddapura,54.46,25.0,177,48.83,10.0,295,-5.63,-15.0,-2.82,2022-23 -> 2024-25,CAVEAT: items differ across years but map to a constant competency framework. Item-level year comparisons mix learning and instrument change; competency-level comparisons are more defensible (still assume similar difficulty within competency). Prefer rankings and competency-level statements across years.
Ballari,B0128 siruguppa,C1509 sirigeri,3734 konchegeri,29.34,0.0,175,23.73,0.0,204,-5.61,0.0,-2.8,2022-23 -> 2024-25,CAVEAT: items differ across years but map to a constant competency framework. Item-level year comparisons mix learning and instrument change; competency-level comparisons are more defensible (still assume similar difficulty within competency). Prefer rankings and competency-level statements across years.
Kalaburagi,B0033 chincholi,C1474 shadipur,5295 shadipur,45.59,10.0,110,40.0,10.0,82,-5.59,0.0,-2.8,2022-23 -> 2024-25,CAVEAT: items differ across years but map to a constant competency framework. Item-level year comparisons mix learning and instrument change; competency-level comparisons are more defensible (still assume similar difficulty within competency). Prefer rankings and competency-level statements across years.
Kalaburagi,B0073 jewargi,C0647 hippargi,5475 sonna 17,45.0,10.0,111,39.41,1.0,93,-5.59,-9.0,-2.8,2022-23 -> 2024-25,CAVEAT: items differ across years but map to a constant competency framework. Item-level year comparisons mix learning and instrument change; competency-level comparisons are more defensible (still assume similar difficulty within competency). Prefer rankings and competency-level statements across years.
Belagavi,B0108 nippani,C1862 bedakihal,5296 shaemanewadi,60.04,20.0,124,54.45,20.0,145,-5.59,0.0,-2.8,2022-23 -> 2024-25,CAVEAT: items differ across years but map to a constant competency framework. Item-level year comparisons mix learning and instrument change; competency-level comparisons are more defensible (still assume similar difficulty within competency). Prefer rankings and competency-level statements across years.
Vijayanagara,B0055 harapanahalli,C0519 goverahalli,5736 thogarikatte,38.03,5.0,150,32.46,0.0,116,-5.57,-5.0,-2.78,2022-23 -> 2024-25,CAVEAT: items differ across years but map to a constant competency framework. Item-level year comparisons mix learning and instrument change; competency-level comparisons are more defensible (still assume similar difficulty within competency). Prefer rankings and competency-level statements across years.
Haveri,B0121 shiggoan,C0976 konankeri,3727 konankeri,61.48,25.0,125,55.94,20.0,117,-5.54,-5.0,-2.77,2022-23 -> 2024-25,CAVEAT: items differ across years but map to a constant competency framework. Item-level year comparisons mix learning and instrument change; competency-level comparisons are more defensible (still assume similar difficulty within competency). Prefer rankings and competency-level statements across years.
Bengaluru Rural,B0107 nelamangala,C0695 honnenahalli,6470 honnenahalli,58.98,20.5,132,53.44,20.0,112,-5.54,-0.5,-2.77,2022-23 -> 2024-25,CAVEAT: items differ across years but map to a constant competency framework. Item-level year comparisons mix learning and instrument change; competency-level comparisons are more defensible (still assume similar difficulty within competency). Prefer rankings and competency-level statements across years.
Kalaburagi,B0033 chincholi,C1399 ratkal,5105 ratkal,54.48,11.5,124,48.95,20.0,176,-5.53,8.5,-2.76,2022-23 -> 2024-25,CAVEAT: items differ across years but map to a constant competency framework. Item-level year comparisons mix learning and instrument change; competency-level comparisons are more defensible (still assume similar difficulty within competency). Prefer rankings and competency-level statements across years.
Kodagu,B0129 somavarpet,C1477 shanthalli,5742 tholur shettalli,67.0,39.0,10,61.47,35.0,17,-5.53,-4.0,-2.76,2022-23 -> 2024-25,CAVEAT: items differ across years but map to a constant competency framework. Item-level year comparisons mix learning and instrument change; competency-level comparisons are more defensible (still assume similar difficulty within competency). Prefer rankings and competency-level statements across years.
Koppal,B0088 kustagi,C0989 koradakera,3768 koradakera,40.89,5.0,202,35.42,5.0,190,-5.47,0.0,-2.74,2022-23 -> 2024-25,CAVEAT: items differ across years but map to a constant competency framework. Item-level year comparisons mix learning and instrument change; competency-level comparisons are more defensible (still assume similar difficulty within competency). Prefer rankings and competency-level statements across years.
Tumakuru,B0031 chiknayakanhalli,C1067 m mantapa,1961 dugudihalli,86.64,67.5,76,81.2,62.5,46,-5.44,-5.0,-2.72,2022-23 -> 2024-25,CAVEAT: items differ across years but map to a constant competency framework. Item-level year comparisons mix learning and instrument change; competency-level comparisons are more defensible (still assume similar difficulty within competency). Prefer rankings and competency-level statements across years.
Chitradurga,B0060 holalkere,C1573 talya,5628 talya,49.61,6.0,103,44.18,8.0,147,-5.43,2.0,-2.72,2022-23 -> 2024-25,CAVEAT: items differ across years but map to a constant competency framework. Item-level year comparisons mix learning and instrument change; competency-level comparisons are more defensible (still assume similar difficulty within competency). Prefer rankings and competency-level statements across years.
Koppal,B0081 koppal,C0751 irakalagada,4012 lebageri,53.62,20.0,130,48.21,15.0,126,-5.41,-5.0,-2.7,2022-23 -> 2024-25,CAVEAT: items differ across years but map to a constant competency framework. Item-level year comparisons mix learning and instrument change; competency-level comparisons are more defensible (still assume similar difficulty within competency). Prefer rankings and competency-level statements across years.
Vijayanagara,B0055 harapanahalli,C0869 kammathahalli,5019 punabhaghatta,42.54,0.0,118,37.16,0.0,169,-5.38,0.0,-2.69,2022-23 -> 2024-25,CAVEAT: items differ across years but map to a constant competency framework. Item-level year comparisons mix learning and instrument change; competency-level comparisons are more defensible (still assume similar difficulty within competency). Prefer rankings and competency-level statements across years.
Belagavi,B0032 chikodi,C0908 karoshi,3463 karoshi,89.14,75.0,128,83.77,65.0,134,-5.37,-10.0,-2.68,2022-23 -> 2024-25,CAVEAT: items differ across years but map to a constant competency framework. Item-level year comparisons mix learning and instrument change; competency-level comparisons are more defensible (still assume similar difficulty within competency). Prefer rankings and competency-level statements across years.
Ballari,B0128 siruguppa,C0378 darur,1453 byrapur,72.62,35.0,162,67.26,45.0,232,-5.36,10.0,-2.68,2022-23 -> 2024-25,CAVEAT: items differ across years but map to a constant competency framework. Item-level year comparisons mix learning and instrument change; competency-level comparisons are more defensible (still assume similar difficulty within competency). Prefer rankings and competency-level statements across years.
Davanagere,B0062 honnali,C1465 savalanga,5274 savalanga,61.38,29.5,120,56.05,24.5,100,-5.33,-5.0,-2.66,2022-23 -> 2024-25,CAVEAT: items differ across years but map to a constant competency framework. Item-level year comparisons mix learning and instrument change; competency-level comparisons are more defensible (still assume similar difficulty within competency). Prefer rankings and competency-level statements across years.
Bengaluru Rural,B0107 nelamangala,C0087 arasinakunte,6281 gollahalli,64.35,35.0,84,59.05,21.5,84,-5.3,-13.5,-2.65,2022-23 -> 2024-25,CAVEAT: items differ across years but map to a constant competency framework. Item-level year comparisons mix learning and instrument change; competency-level comparisons are more defensible (still assume similar difficulty within competency). Prefer rankings and competency-level statements across years.
Chikkaballapura,B0010 bagepally,C0395 devaragudipalli,1795 devaragudipalli,56.38,15.0,156,51.1,11.0,163,-5.28,-4.0,-2.64,2022-23 -> 2024-25,CAVEAT: items differ across years but map to a constant competency framework. Item-level year comparisons mix learning and instrument change; competency-level comparisons are more defensible (still assume similar difficulty within competency). Prefer rankings and competency-level statements across years.
Kalaburagi,B0048 gulbarga north,C0858 kalmood,3295 kalmod,40.0,8.5,128,34.73,10.0,74,-5.27,1.5,-2.64,2022-23 -> 2024-25,CAVEAT: items differ across years but map to a constant competency framework. Item-level year comparisons mix learning and instrument change; competency-level comparisons are more defensible (still assume similar difficulty within competency). Prefer rankings and competency-level statements across years.
Koppal,B0085 kuknoor,C1020 kukanoor,5062 rajuru,54.63,13.0,107,49.37,15.0,87,-5.26,2.0,-2.63,2022-23 -> 2024-25,CAVEAT: items differ across years but map to a constant competency framework. Item-level year comparisons mix learning and instrument change; competency-level comparisons are more defensible (still assume similar difficulty within competency). Prefer rankings and competency-level statements across years.
Koppal,B0044 gangavathi,C0877 kanakagiri south,5526 sulekal,51.08,20.0,157,45.82,15.0,104,-5.26,-5.0,-2.63,2022-23 -> 2024-25,CAVEAT: items differ across years but map to a constant competency framework. Item-level year comparisons mix learning and instrument change; competency-level comparisons are more defensible (still assume similar difficulty within competency). Prefer rankings and competency-level statements across years.
Mysuru,B0133 t.n.pura,C1530 sosale,6305 somanathapura,50.0,20.0,84,44.74,12.5,76,-5.26,-7.5,-2.63,2022-23 -> 2024-25,CAVEAT: items differ across years but map to a constant competency framework. Item-level year comparisons mix learning and instrument change; competency-level comparisons are more defensible (still assume similar difficulty within competency). Prefer rankings and competency-level statements across years.
Yadgir,B0120 shahapur,C0306 chatnalli,6679 chatnalli,48.29,10.0,175,43.04,15.0,74,-5.25,5.0,-2.62,2022-23 -> 2024-25,CAVEAT: items differ across years but map to a constant competency framework. Item-level year comparisons mix learning and instrument change; competency-level comparisons are more defensible (still assume similar difficulty within competency). Prefer rankings and competency-level statements across years.
Kalaburagi,B0073 jewargi,C0966 kolakur,3704 kolkur 5,57.16,15.0,109,52.0,15.0,105,-5.16,0.0,-2.58,2022-23 -> 2024-25,CAVEAT: items differ across years but map to a constant competency framework. Item-level year comparisons mix learning and instrument change; competency-level comparisons are more defensible (still assume similar difficulty within competency). Prefer rankings and competency-level statements across years.
Bidar,B0007 aurad,C0103 aurad urdu,5469 sonal,82.58,65.0,31,77.42,55.0,33,-5.16,-10.0,-2.58,2022-23 -> 2024-25,CAVEAT: items differ across years but map to a constant competency framework. Item-level year comparisons mix learning and instrument change; competency-level comparisons are more defensible (still assume similar difficulty within competency). Prefer rankings and competency-level statements across years.
Koppal,B0044 gangavathi,C0334 chikkajanthakal,1582 chikkajantakal,41.72,5.0,119,36.56,5.0,125,-5.16,0.0,-2.58,2022-23 -> 2024-25,CAVEAT: items differ across years but map to a constant competency framework. Item-level year comparisons mix learning and instrument change; competency-level comparisons are more defensible (still assume similar difficulty within competency). Prefer rankings and competency-level statements across years.
Kalaburagi,B0033 chincholi,C0954 kodli,3667 kodli,36.17,5.0,183,31.01,5.0,198,-5.16,0.0,-2.58,2022-23 -> 2024-25,CAVEAT: items differ across years but map to a constant competency framework. Item-level year comparisons mix learning and instrument change; competency-level comparisons are more defensible (still assume similar difficulty within competency). Prefer rankings and competency-level statements across years.
Chikkaballapura,B0010 bagepally,C0008 achaganapalli,3089 joolapalya,41.05,10.0,114,35.9,5.0,100,-5.15,-5.0,-2.58,2022-23 -> 2024-25,CAVEAT: items differ across years but map to a constant competency framework. Item-level year comparisons mix learning and instrument change; competency-level comparisons are more defensible (still assume similar difficulty within competency). Prefer rankings and competency-level statements across years.
Chamarajanagara,B0080 kollegala,C1034 kunthur,3881 kunagalli,42.05,5.0,144,36.91,5.0,144,-5.14,0.0,-2.57,2022-23 -> 2024-25,CAVEAT: items differ across years but map to a constant competency framework. Item-level year comparisons mix learning and instrument change; competency-level comparisons are more defensible (still assume similar difficulty within competency). Prefer rankings and competency-level statements across years.
Dharwad,B0041 dharwad,C1120 managundi,6115 yarikoppa,82.02,65.0,218,76.88,50.0,215,-5.14,-15.0,-2.57,2022-23 -> 2024-25,CAVEAT: items differ across years but map to a constant competency framework. Item-level year comparisons mix learning and instrument change; competency-level comparisons are more defensible (still assume similar difficulty within competency). Prefer rankings and competency-level statements across years.
Koppal,B0088 kustagi,C0244 bijakal,1135 bejakal,47.46,10.0,177,42.34,15.0,152,-5.12,5.0,-2.56,2022-23 -> 2024-25,CAVEAT: items differ across years but map to a constant competency framework. Item-level year comparisons mix learning and instrument change; competency-level comparisons are more defensible (still assume similar difficulty within competency). Prefer rankings and competency-level statements across years.
Raichur,B0096 manvi,C1138 manvi rural,4065 madallpur,50.82,10.0,171,45.72,15.0,83,-5.1,5.0,-2.55,2022-23 -> 2024-25,CAVEAT: items differ across years but map to a constant competency framework. Item-level year comparisons mix learning and instrument change; competency-level comparisons are more defensible (still assume similar difficulty within competency). Prefer rankings and competency-level statements across years.
Koppal,B0143 yelburga,C0215 bevoor,1256 bevur,43.75,8.0,287,38.66,5.0,149,-5.09,-3.0,-2.54,2022-23 -> 2024-25,CAVEAT: items differ across years but map to a constant competency framework. Item-level year comparisons mix learning and instrument change; competency-level comparisons are more defensible (still assume similar difficulty within competency). Prefer rankings and competency-level statements across years.
Chitradurga,B0097 molakalmur,C0763 j.b.halli,2994 j.b.halli,40.22,5.0,181,35.13,0.0,189,-5.09,-5.0,-2.54,2022-23 -> 2024-25,CAVEAT: items differ across years but map to a constant competency framework. Item-level year comparisons mix learning and instrument change; competency-level comparisons are more defensible (still assume similar difficulty within competency). Prefer rankings and competency-level statements across years.
Davanagere,B0028 channagiri,C0833 kagathuru,2984 ittige,39.7,5.0,67,34.61,8.5,38,-5.09,3.5,-2.54,2022-23 -> 2024-25,CAVEAT: items differ across years but map to a constant competency framework. Item-level year comparisons mix learning and instrument change; competency-level comparisons are more defensible (still assume similar difficulty within competency). Prefer rankings and competency-level statements across years.
Vijayanagara,B0084 kudligi,C0322 chikka jogi halli,2243 gundamunagu,40.0,2.5,26,34.94,0.0,176,-5.06,-2.5,-2.53,2022-23 -> 2024-25,CAVEAT: items differ across years but map to a constant competency framework. Item-level year comparisons mix learning and instrument change; competency-level comparisons are more defensible (still assume similar difficulty within competency). Prefer rankings and competency-level statements across years.
Tumakuru,B0135 tiptur,C0584 halukurike,2368 halukurike,86.29,65.0,116,81.25,60.0,116,-5.04,-5.0,-2.52,2022-23 -> 2024-25,CAVEAT: items differ across years but map to a constant competency framework. Item-level year comparisons mix learning and instrument change; competency-level comparisons are more defensible (still assume similar difficulty within competency). Prefer rankings and competency-level statements across years.
Ballari,B0117 sandur,C1610 thoranagal,1831 dharoji,32.67,0.0,180,27.64,5.0,282,-5.03,5.0,-2.52,2022-23 -> 2024-25,CAVEAT: items differ across years but map to a constant competency framework. Item-level year comparisons mix learning and instrument change; competency-level comparisons are more defensible (still assume similar difficulty within competency). Prefer rankings and competency-level statements across years.
Ballari,B0012 ballari east,C1504 sidiginamola,4956 paramadevanahalli,61.3,15.0,135,56.29,24.5,120,-5.01,9.5,-2.51,2022-23 -> 2024-25,CAVEAT: items differ across years but map to a constant competency framework. Item-level year comparisons mix learning and instrument change; competency-level comparisons are more defensible (still assume similar difficulty within competency). Prefer rankings and competency-level statements across years.
Chitradurga,B0059 hiriyur,C0115 babbur,884 babbur,41.28,5.0,94,36.28,5.0,94,-5.0,0.0,-2.5,2022-23 -> 2024-25,CAVEAT: items differ across years but map to a constant competency framework. Item-level year comparisons mix learning and instrument change; competency-level comparisons are more defensible (still assume similar difficulty within competency). Prefer rankings and competency-level statements across years.
Tumakuru,B0136 tumkur,C1330 oordigere,4900 oordigere,59.65,16.0,143,54.65,20.0,115,-5.0,4.0,-2.5,2022-23 -> 2024-25,CAVEAT: items differ across years but map to a constant competency framework. Item-level year comparisons mix learning and instrument change; competency-level comparisons are more defensible (still assume similar difficulty within competency). Prefer rankings and competency-level statements across years.
Dharwad,B0076 kalghatagi,C0477 galagi hulakoppa,2003 basavanakoppa,65.53,30.0,169,60.54,30.0,129,-4.99,0.0,-2.49,2022-23 -> 2024-25,CAVEAT: items differ across years but map to a constant competency framework. Item-level year comparisons mix learning and instrument change; competency-level comparisons are more defensible (still assume similar difficulty within competency). Prefer rankings and competency-level statements across years.
Bidar,B0019 bhalki,C0047 ambesangvi,653 ambesangavi,38.41,0.0,82,33.47,5.0,72,-4.94,5.0,-2.47,2022-23 -> 2024-25,CAVEAT: items differ across years but map to a constant competency framework. Item-level year comparisons mix learning and instrument change; competency-level comparisons are more defensible (still assume similar difficulty within competency). Prefer rankings and competency-level statements across years.
Davanagere,B0071 jagalur,C0251 bilichodu,1343 bilichodu,49.46,10.0,112,44.53,10.0,139,-4.93,0.0,-2.46,2022-23 -> 2024-25,CAVEAT: items differ across years but map to a constant competency framework. Item-level year comparisons mix learning and instrument change; competency-level comparisons are more defensible (still assume similar difficulty within competency). Prefer rankings and competency-level statements across years.
Mysuru,B0133 t.n.pura,C0946 kodagahalli,3638 kodaga halli,80.45,56.0,123,75.52,52.5,106,-4.93,-3.5,-2.46,2022-23 -> 2024-25,CAVEAT: items differ across years but map to a constant competency framework. Item-level year comparisons mix learning and instrument change; competency-level comparisons are more defensible (still assume similar difficulty within competency). Prefer rankings and competency-level statements across years.
Kodagu,B0092 madikeri,C0216 bhagamandala,568 aiyangeri,62.0,29.0,50,57.08,15.0,60,-4.92,-14.0,-2.46,2022-23 -> 2024-25,CAVEAT: items differ across years but map to a constant competency framework. Item-level year comparisons mix learning and instrument change; competency-level comparisons are more defensible (still assume similar difficulty within competency). Prefer rankings and competency-level statements across years.
Yadgir,B0120 shahapur,C1425 sagar,5103 rastapur,46.23,15.0,159,41.31,10.0,202,-4.92,-5.0,-2.46,2022-23 -> 2024-25,CAVEAT: items differ across years but map to a constant competency framework. Item-level year comparisons mix learning and instrument change; competency-level comparisons are more defensible (still assume similar difficulty within competency). Prefer rankings and competency-level statements across years.
Haveri,B0023 byadagi,C2603 shidenur,3565 kervadi,64.91,25.0,164,60.0,20.5,162,-4.91,-4.5,-2.46,2022-23 -> 2024-25,CAVEAT: items differ across years but map to a constant competency framework. Item-level year comparisons mix learning and instrument change; competency-level comparisons are more defensible (still assume similar difficulty within competency). Prefer rankings and competency-level statements across years.
Kalaburagi,B0036 chittapur,C0688 honguntta,2743 hongunta,23.63,0.0,106,18.73,0.0,138,-4.9,0.0,-2.45,2022-23 -> 2024-25,CAVEAT: items differ across years but map to a constant competency framework. Item-level year comparisons mix learning and instrument change; competency-level comparisons are more defensible (still assume similar difficulty within competency). Prefer rankings and competency-level statements across years.
Chamarajanagara,B0142 yelandur,C2377 maddur,4090 maddur,64.73,40.0,73,59.83,33.5,88,-4.9,-6.5,-2.45,2022-23 -> 2024-25,CAVEAT: items differ across years but map to a constant competency framework. Item-level year comparisons mix learning and instrument change; competency-level comparisons are more defensible (still assume similar difficulty within competency). Prefer rankings and competency-level statements across years.
Tumakuru,B0127 sira,C0422 doddaagrahara,2823 huildore,52.06,10.0,223,47.17,5.0,187,-4.89,-5.0,-2.44,2022-23 -> 2024-25,CAVEAT: items differ across years but map to a constant competency framework. Item-level year comparisons mix learning and instrument change; competency-level comparisons are more defensible (still assume similar difficulty within competency). Prefer rankings and competency-level statements across years.
Raichur,B0126 sindhanur,C0002 7 mile camp,2254 gunjahalli,57.44,20.0,133,52.57,10.0,107,-4.87,-10.0,-2.44,2022-23 -> 2024-25,CAVEAT: items differ across years but map to a constant competency framework. Item-level year comparisons mix learning and instrument change; competency-level comparisons are more defensible (still assume similar difficulty within competency). Prefer rankings and competency-level statements across years.
Chikkaballapura,B0124 sidlaghatta,C1612 thummanahalli,5758 thumanahalli,50.76,10.0,119,45.95,15.0,131,-4.81,5.0,-2.4,2022-23 -> 2024-25,CAVEAT: items differ across years but map to a constant competency framework. Item-level year comparisons mix learning and instrument change; competency-level comparisons are more defensible (still assume similar difficulty within competency). Prefer rankings and competency-level statements across years.
Raichur,B0111 raichur,C0844 kalamala,3292 kalmal,50.26,13.5,78,45.47,22.0,75,-4.79,8.5,-2.4,2022-23 -> 2024-25,CAVEAT: items differ across years but map to a constant competency framework. Item-level year comparisons mix learning and instrument change; competency-level comparisons are more defensible (still assume similar difficulty within competency). Prefer rankings and competency-level statements across years.
Koppal,B0044 gangavathi,C0718 hulihydar,213009037 hulihyadar,44.45,12.5,136,39.66,15.0,207,-4.79,2.5,-2.4,2022-23 -> 2024-25,CAVEAT: items differ across years but map to a constant competency framework. Item-level year comparisons mix learning and instrument change; competency-level comparisons are more defensible (still assume similar difficulty within competency). Prefer rankings and competency-level statements across years.
Vijayanagara,B0084 kudligi,C0367 chowdapura,1682 chowdapura,34.98,5.0,217,30.19,0.0,133,-4.79,-5.0,-2.4,2022-23 -> 2024-25,CAVEAT: items differ across years but map to a constant competency framework. Item-level year comparisons mix learning and instrument change; competency-level comparisons are more defensible (still assume similar difficulty within competency). Prefer rankings and competency-level statements across years.
Chitradurga,B0026 challakere,C1567 talaku,5609 talak,49.5,5.0,231,44.72,10.0,197,-4.78,5.0,-2.39,2022-23 -> 2024-25,CAVEAT: items differ across years but map to a constant competency framework. Item-level year comparisons mix learning and instrument change; competency-level comparisons are more defensible (still assume similar difficulty within competency). Prefer rankings and competency-level statements across years.
Kolar,B0131 srinivasapur,C0014 addagal,525 addgal,60.93,15.0,91,56.18,20.0,93,-4.75,5.0,-2.38,2022-23 -> 2024-25,CAVEAT: items differ across years but map to a constant competency framework. Item-level year comparisons mix learning and instrument change; competency-level comparisons are more defensible (still assume similar difficulty within competency). Prefer rankings and competency-level statements across years.
Koppal,B0143 yelburga,C1566 talakere,213009045 bodur,47.8,5.0,175,43.05,10.0,118,-4.75,5.0,-2.38,2022-23 -> 2024-25,CAVEAT: items differ across years but map to a constant competency framework. Item-level year comparisons mix learning and instrument change; competency-level comparisons are more defensible (still assume similar difficulty within competency). Prefer rankings and competency-level statements across years.
Chitradurga,B0026 challakere,C0512 gopanahalli,2147 gopanahalli,46.39,10.0,137,41.64,5.0,119,-4.75,-5.0,-2.38,2022-23 -> 2024-25,CAVEAT: items differ across years but map to a constant competency framework. Item-level year comparisons mix learning and instrument change; competency-level comparisons are more defensible (still assume similar difficulty within competency). Prefer rankings and competency-level statements across years.
Chitradurga,B0060 holalkere,C0454 echagatta,5590 t.nulenuru,57.02,15.0,84,52.31,7.0,65,-4.71,-8.0,-2.36,2022-23 -> 2024-25,CAVEAT: items differ across years but map to a constant competency framework. Item-level year comparisons mix learning and instrument change; competency-level comparisons are more defensible (still assume similar difficulty within competency). Prefer rankings and competency-level statements across years.
Kodagu,B0092 madikeri,C1090 madikeri,4092 made,71.73,44.0,49,67.02,40.5,52,-4.71,-3.5,-2.36,2022-23 -> 2024-25,CAVEAT: items differ across years but map to a constant competency framework. Item-level year comparisons mix learning and instrument change; competency-level comparisons are more defensible (still assume similar difficulty within competency). Prefer rankings and competency-level statements across years.
Haveri,B0118 savanur,C0895 karadagi,3419 karadagi,72.33,50.0,159,67.64,35.0,159,-4.69,-15.0,-2.34,2022-23 -> 2024-25,CAVEAT: items differ across years but map to a constant competency framework. Item-level year comparisons mix learning and instrument change; competency-level comparisons are more defensible (still assume similar difficulty within competency). Prefer rankings and competency-level statements across years.
Raichur,B0039 devadurga,C0534 gugal,2216 gugal,53.1,15.0,174,48.42,20.0,130,-4.68,5.0,-2.34,2022-23 -> 2024-25,CAVEAT: items differ across years but map to a constant competency framework. Item-level year comparisons mix learning and instrument change; competency-level comparisons are more defensible (still assume similar difficulty within competency). Prefer rankings and competency-level statements across years.
Raichur,B0126 sindhanur,C0777 jalihal,2043 gandhinagar,43.29,5.0,181,38.64,5.0,202,-4.65,0.0,-2.32,2022-23 -> 2024-25,CAVEAT: items differ across years but map to a constant competency framework. Item-level year comparisons mix learning and instrument change; competency-level comparisons are more defensible (still assume similar difficulty within competency). Prefer rankings and competency-level statements across years.
Tumakuru,B0127 sira,C0420 dodda hulikunte,1900 doddahulikunte,57.06,30.0,80,52.47,20.0,99,-4.59,-10.0,-2.3,2022-23 -> 2024-25,CAVEAT: items differ across years but map to a constant competency framework. Item-level year comparisons mix learning and instrument change; competency-level comparisons are more defensible (still assume similar difficulty within competency). Prefer rankings and competency-level statements across years.
Davanagere,B0056 harihara,C0684 holesirigere,6133 yelehole,51.14,10.0,110,46.56,10.0,109,-4.58,0.0,-2.29,2022-23 -> 2024-25,CAVEAT: items differ across years but map to a constant competency framework. Item-level year comparisons mix learning and instrument change; competency-level comparisons are more defensible (still assume similar difficulty within competency). Prefer rankings and competency-level statements across years.
Chikkaballapura,B0030 chikkaballapur,C1293 nayanahalli,6379 ajjavara,73.0,50.0,65,68.44,45.0,106,-4.56,-5.0,-2.28,2022-23 -> 2024-25,CAVEAT: items differ across years but map to a constant competency framework. Item-level year comparisons mix learning and instrument change; competency-level comparisons are more defensible (still assume similar difficulty within competency). Prefer rankings and competency-level statements across years.
Chamarajanagara,B0050 gundlupet,C0340 chikkati,4871 nitre,47.97,5.0,185,43.42,10.0,183,-4.55,5.0,-2.28,2022-23 -> 2024-25,CAVEAT: items differ across years but map to a constant competency framework. Item-level year comparisons mix learning and instrument change; competency-level comparisons are more defensible (still assume similar difficulty within competency). Prefer rankings and competency-level statements across years.
Bidar,B0020 bidar,C1103 malegaon,4172 malegaon,33.01,5.0,108,28.47,0.0,88,-4.54,-5.0,-2.27,2022-23 -> 2024-25,CAVEAT: items differ across years but map to a constant competency framework. Item-level year comparisons mix learning and instrument change; competency-level comparisons are more defensible (still assume similar difficulty within competency). Prefer rankings and competency-level statements across years.
Chitradurga,B0060 holalkere,C1387 ramagiri,5035 r.nulenuru,62.63,20.0,116,58.12,10.0,80,-4.51,-10.0,-2.26,2022-23 -> 2024-25,CAVEAT: items differ across years but map to a constant competency framework. Item-level year comparisons mix learning and instrument change; competency-level comparisons are more defensible (still assume similar difficulty within competency). Prefer rankings and competency-level statements across years.
Raichur,B0089 lingasugur,C1257 nagarhal,4735 narakaladinni,51.84,5.0,87,47.35,15.0,51,-4.49,10.0,-2.24,2022-23 -> 2024-25,CAVEAT: items differ across years but map to a constant competency framework. Item-level year comparisons mix learning and instrument change; competency-level comparisons are more defensible (still assume similar difficulty within competency). Prefer rankings and competency-level statements across years.
Ramanagara,B0077 kanakapura,C0853 kallahalli,6469 kallahalli,71.52,41.0,33,67.03,35.0,74,-4.49,-6.0,-2.24,2022-23 -> 2024-25,CAVEAT: items differ across years but map to a constant competency framework. Item-level year comparisons mix learning and instrument change; competency-level comparisons are more defensible (still assume similar difficulty within competency). Prefer rankings and competency-level statements across years.
Tumakuru,B0087 kunigal,C1638 ujjani,5879 ujjani,71.09,45.0,87,66.62,35.0,74,-4.47,-10.0,-2.23,2022-23 -> 2024-25,CAVEAT: items differ across years but map to a constant competency framework. Item-level year comparisons mix learning and instrument change; competency-level comparisons are more defensible (still assume similar difficulty within competency). Prefer rankings and competency-level statements across years.
Bengaluru Rural,B0040 devanahalli,C0961 koira,3682 koira,88.06,68.0,147,83.59,60.0,124,-4.47,-8.0,-2.23,2022-23 -> 2024-25,CAVEAT: items differ across years but map to a constant competency framework. Item-level year comparisons mix learning and instrument change; competency-level comparisons are more defensible (still assume similar difficulty within competency). Prefer rankings and competency-level statements across years.
Kodagu,B0140 virajpet,C1555 t. shettigeri,2818 hudikeri,44.45,6.5,64,40.0,0.0,29,-4.45,-6.5,-2.22,2022-23 -> 2024-25,CAVEAT: items differ across years but map to a constant competency framework. Item-level year comparisons mix learning and instrument change; competency-level comparisons are more defensible (still assume similar difficulty within competency). Prefer rankings and competency-level statements across years.
Chitradurga,B0097 molakalmur,C1574 tammenahalli,5687 thammenahalli,27.88,0.0,404,23.47,0.0,445,-4.41,0.0,-2.2,2022-23 -> 2024-25,CAVEAT: items differ across years but map to a constant competency framework. Item-level year comparisons mix learning and instrument change; competency-level comparisons are more defensible (still assume similar difficulty within competency). Prefer rankings and competency-level statements across years.
Mandya,B0103 nagamangala,C0267 brahmadevara hally,1403 bramhadevara hally,65.76,35.0,118,61.35,25.0,111,-4.41,-10.0,-2.2,2022-23 -> 2024-25,CAVEAT: items differ across years but map to a constant competency framework. Item-level year comparisons mix learning and instrument change; competency-level comparisons are more defensible (still assume similar difficulty within competency). Prefer rankings and competency-level statements across years.
Mandya,B0109 pandavapura,C1545 sunka thonnuru,2683 hirimarali,69.1,40.0,105,64.71,15.0,69,-4.39,-25.0,-2.2,2022-23 -> 2024-25,CAVEAT: items differ across years but map to a constant competency framework. Item-level year comparisons mix learning and instrument change; competency-level comparisons are more defensible (still assume similar difficulty within competency). Prefer rankings and competency-level statements across years.
Chitradurga,B0063 hosadurga,C1481 sheeranakatte,3995 lakkihalli,40.07,5.0,206,35.68,5.0,213,-4.39,0.0,-2.2,2022-23 -> 2024-25,CAVEAT: items differ across years but map to a constant competency framework. Item-level year comparisons mix learning and instrument change; competency-level comparisons are more defensible (still assume similar difficulty within competency). Prefer rankings and competency-level statements across years.
Chitradurga,B0035 chitradurga,C0505 godabanahal,2105 godabanahal,59.39,20.0,66,55.0,15.0,56,-4.39,-5.0,-2.2,2022-23 -> 2024-25,CAVEAT: items differ across years but map to a constant competency framework. Item-level year comparisons mix learning and instrument change; competency-level comparisons are more defensible (still assume similar difficulty within competency). Prefer rankings and competency-level statements across years.
Bidar,B0015 basavakalyan,C1048 ladwanthi,3987 ladwanthi,71.56,40.0,48,67.21,30.0,34,-4.35,-10.0,-2.18,2022-23 -> 2024-25,CAVEAT: items differ across years but map to a constant competency framework. Item-level year comparisons mix learning and instrument change; competency-level comparisons are more defensible (still assume similar difficulty within competency). Prefer rankings and competency-level statements across years.
Chitradurga,B0059 hiriyur,C1157 maskalmatti,2778 hosa yelanadu,43.59,5.0,153,39.25,5.0,127,-4.34,0.0,-2.17,2022-23 -> 2024-25,CAVEAT: items differ across years but map to a constant competency framework. Item-level year comparisons mix learning and instrument change; competency-level comparisons are more defensible (still assume similar difficulty within competency). Prefer rankings and competency-level statements across years.
Koppal,B0081 koppal,C0214 betageri,1372 bisrahalli,47.93,5.0,111,43.6,10.0,193,-4.33,5.0,-2.16,2022-23 -> 2024-25,CAVEAT: items differ across years but map to a constant competency framework. Item-level year comparisons mix learning and instrument change; competency-level comparisons are more defensible (still assume similar difficulty within competency). Prefer rankings and competency-level statements across years.
Chikkaballapura,B0010 bagepally,C0537 gulur,2229 gulur,47.06,5.0,85,42.74,5.0,84,-4.32,0.0,-2.16,2022-23 -> 2024-25,CAVEAT: items differ across years but map to a constant competency framework. Item-level year comparisons mix learning and instrument change; competency-level comparisons are more defensible (still assume similar difficulty within competency). Prefer rankings and competency-level statements across years.
Ballari,B0012 ballari east,C0991 korlagundi,3779 korlagundhi,68.93,45.0,169,64.65,25.0,257,-4.28,-20.0,-2.14,2022-23 -> 2024-25,CAVEAT: items differ across years but map to a constant competency framework. Item-level year comparisons mix learning and instrument change; competency-level comparisons are more defensible (still assume similar difficulty within competency). Prefer rankings and competency-level statements across years.
Bidar,B0007 aurad,C0527 gudapalli,2212 gudpalli,45.43,5.0,82,41.15,5.0,52,-4.28,0.0,-2.14,2022-23 -> 2024-25,CAVEAT: items differ across years but map to a constant competency framework. Item-level year comparisons mix learning and instrument change; competency-level comparisons are more defensible (still assume similar difficulty within competency). Prefer rankings and competency-level statements across years.
Kolar,B0094 malur,C1071 m.c.halli,4105 madivala,52.97,20.0,96,48.71,15.0,112,-4.26,-5.0,-2.13,2022-23 -> 2024-25,CAVEAT: items differ across years but map to a constant competency framework. Item-level year comparisons mix learning and instrument change; competency-level comparisons are more defensible (still assume similar difficulty within competency). Prefer rankings and competency-level statements across years.
Davanagere,B0028 channagiri,C1615 thyavanige,3537 kempanahalli,52.06,10.0,80,47.8,14.0,59,-4.26,4.0,-2.13,2022-23 -> 2024-25,CAVEAT: items differ across years but map to a constant competency framework. Item-level year comparisons mix learning and instrument change; competency-level comparisons are more defensible (still assume similar difficulty within competency). Prefer rankings and competency-level statements across years.
Kolar,B0079 kolar,C0184 beglihosahalli,1899 doddahasala,60.69,21.5,94,56.43,15.0,77,-4.26,-6.5,-2.13,2022-23 -> 2024-25,CAVEAT: items differ across years but map to a constant competency framework. Item-level year comparisons mix learning and instrument change; competency-level comparisons are more defensible (still assume similar difficulty within competency). Prefer rankings and competency-level statements across years.
Vijayanagara,B0055 harapanahalli,C1507 singrihalli,5430 singrihalli,41.4,5.0,118,37.15,10.0,158,-4.25,5.0,-2.12,2022-23 -> 2024-25,CAVEAT: items differ across years but map to a constant competency framework. Item-level year comparisons mix learning and instrument change; competency-level comparisons are more defensible (still assume similar difficulty within competency). Prefer rankings and competency-level statements across years.
Vijayanagara,B0084 kudligi,C0360 chiribi,5522 suladahalli,46.68,10.0,101,42.45,5.0,161,-4.23,-5.0,-2.12,2022-23 -> 2024-25,CAVEAT: items differ across years but map to a constant competency framework. Item-level year comparisons mix learning and instrument change; competency-level comparisons are more defensible (still assume similar difficulty within competency). Prefer rankings and competency-level statements across years.
Kalaburagi,B0036 chittapur,C0993 korwar,2162 gotur,31.01,0.0,168,26.8,0.0,147,-4.21,0.0,-2.1,2022-23 -> 2024-25,CAVEAT: items differ across years but map to a constant competency framework. Item-level year comparisons mix learning and instrument change; competency-level comparisons are more defensible (still assume similar difficulty within competency). Prefer rankings and competency-level statements across years.
Dharwad,B0066 hubli,C0276 byahatti,5536 sulla,72.38,35.0,170,68.19,35.0,224,-4.19,0.0,-2.1,2022-23 -> 2024-25,CAVEAT: items differ across years but map to a constant competency framework. Item-level year comparisons mix learning and instrument change; competency-level comparisons are more defensible (still assume similar difficulty within competency). Prefer rankings and competency-level statements across years.
Raichur,B0126 sindhanur,C1599 thidigol,5770 tidigol,61.83,25.0,172,57.64,20.0,74,-4.19,-5.0,-2.1,2022-23 -> 2024-25,CAVEAT: items differ across years but map to a constant competency framework. Item-level year comparisons mix learning and instrument change; competency-level comparisons are more defensible (still assume similar difficulty within competency). Prefer rankings and competency-level statements across years.
Chitradurga,B0035 chitradurga,C0853 kallahalli,1971 dyamavvanahalli,46.4,10.0,172,42.22,0.0,180,-4.18,-10.0,-2.09,2022-23 -> 2024-25,CAVEAT: items differ across years but map to a constant competency framework. Item-level year comparisons mix learning and instrument change; competency-level comparisons are more defensible (still assume similar difficulty within competency). Prefer rankings and competency-level statements across years.
Vijayanagara,B0052 hagaribommanahalli,C0956 kogali,586 alabooru,66.64,40.0,134,62.46,43.5,128,-4.18,3.5,-2.09,2022-23 -> 2024-25,CAVEAT: items differ across years but map to a constant competency framework. Item-level year comparisons mix learning and instrument change; competency-level comparisons are more defensible (still assume similar difficulty within competency). Prefer rankings and competency-level statements across years.
Bidar,B0015 basavakalyan,C0960 kohinoor,3680 kohinoor,41.83,10.0,145,37.66,10.0,141,-4.17,0.0,-2.08,2022-23 -> 2024-25,CAVEAT: items differ across years but map to a constant competency framework. Item-level year comparisons mix learning and instrument change; competency-level comparisons are more defensible (still assume similar difficulty within competency). Prefer rankings and competency-level statements across years.
Raichur,B0126 sindhanur,C0119 badarli,910 badarli,62.54,25.0,177,58.38,21.5,74,-4.16,-3.5,-2.08,2022-23 -> 2024-25,CAVEAT: items differ across years but map to a constant competency framework. Item-level year comparisons mix learning and instrument change; competency-level comparisons are more defensible (still assume similar difficulty within competency). Prefer rankings and competency-level statements across years.
Vijayapura,B0016 basavan bagewadi,C0756 itagi,6667 hebbal,69.9,46.0,143,65.75,25.0,214,-4.15,-21.0,-2.08,2022-23 -> 2024-25,CAVEAT: items differ across years but map to a constant competency framework. Item-level year comparisons mix learning and instrument change; competency-level comparisons are more defensible (still assume similar difficulty within competency). Prefer rankings and competency-level statements across years.
Yadgir,B0141 yadgir,C0137 balichakra,3606 killankera,44.95,10.0,99,40.8,5.0,100,-4.15,-5.0,-2.08,2022-23 -> 2024-25,CAVEAT: items differ across years but map to a constant competency framework. Item-level year comparisons mix learning and instrument change; competency-level comparisons are more defensible (still assume similar difficulty within competency). Prefer rankings and competency-level statements across years.
Ramanagara,B0112 ramanagara,C0615 harisandra,2471 harisandra,82.59,64.0,29,78.45,45.0,148,-4.14,-19.0,-2.07,2022-23 -> 2024-25,CAVEAT: items differ across years but map to a constant competency framework. Item-level year comparisons mix learning and instrument change; competency-level comparisons are more defensible (still assume similar difficulty within competency). Prefer rankings and competency-level statements across years.
Yadgir,B0120 shahapur,C1640 ukkinal,5884 ukkinal,50.21,15.0,95,46.08,6.0,83,-4.13,-9.0,-2.06,2022-23 -> 2024-25,CAVEAT: items differ across years but map to a constant competency framework. Item-level year comparisons mix learning and instrument change; competency-level comparisons are more defensible (still assume similar difficulty within competency). Prefer rankings and competency-level statements across years.
Raichur,B0126 sindhanur,C0845 kalamangi,5898 umaluti,45.78,10.0,96,41.65,15.0,115,-4.13,5.0,-2.06,2022-23 -> 2024-25,CAVEAT: items differ across years but map to a constant competency framework. Item-level year comparisons mix learning and instrument change; competency-level comparisons are more defensible (still assume similar difficulty within competency). Prefer rankings and competency-level statements across years.
Dharwad,B0106 navalgund,C1194 morab,5780 tirlapur,43.28,10.0,157,39.17,0.0,168,-4.11,-10.0,-2.06,2022-23 -> 2024-25,CAVEAT: items differ across years but map to a constant competency framework. Item-level year comparisons mix learning and instrument change; competency-level comparisons are more defensible (still assume similar difficulty within competency). Prefer rankings and competency-level statements across years.
Tumakuru,B0046 gubbi,C0035 alilughatta,618 alilaghatta,88.59,75.0,245,84.48,65.0,87,-4.11,-10.0,-2.06,2022-23 -> 2024-25,CAVEAT: items differ across years but map to a constant competency framework. Item-level year comparisons mix learning and instrument change; competency-level comparisons are more defensible (still assume similar difficulty within competency). Prefer rankings and competency-level statements across years.
Kalaburagi,B0002 aland,C1454 sarsamba,5248 sarsamba,43.83,5.0,171,39.72,5.0,144,-4.11,0.0,-2.06,2022-23 -> 2024-25,CAVEAT: items differ across years but map to a constant competency framework. Item-level year comparisons mix learning and instrument change; competency-level comparisons are more defensible (still assume similar difficulty within competency). Prefer rankings and competency-level statements across years.
Bidar,B0019 bhalki,C0228 bhatambra,1277 bhatambra,43.03,10.0,94,38.96,10.0,67,-4.07,0.0,-2.04,2022-23 -> 2024-25,CAVEAT: items differ across years but map to a constant competency framework. Item-level year comparisons mix learning and instrument change; competency-level comparisons are more defensible (still assume similar difficulty within competency). Prefer rankings and competency-level statements across years.
Kolar,B0094 malur,C1052 lakkur,3999 lakkur,57.27,20.0,99,53.21,15.0,98,-4.06,-5.0,-2.03,2022-23 -> 2024-25,CAVEAT: items differ across years but map to a constant competency framework. Item-level year comparisons mix learning and instrument change; competency-level comparisons are more defensible (still assume similar difficulty within competency). Prefer rankings and competency-level statements across years.
Kalaburagi,B0002 aland,C0823 kadaganchi,3183 kadganchi,55.48,20.0,126,51.48,25.0,108,-4.0,5.0,-2.0,2022-23 -> 2024-25,CAVEAT: items differ across years but map to a constant competency framework. Item-level year comparisons mix learning and instrument change; competency-level comparisons are more defensible (still assume similar difficulty within competency). Prefer rankings and competency-level statements across years.
Yadgir,B0141 yadgir,C0475 gajarkot,2023 gajarkot,59.06,24.5,90,55.07,25.0,75,-3.99,0.5,-2.0,2022-23 -> 2024-25,CAVEAT: items differ across years but map to a constant competency framework. Item-level year comparisons mix learning and instrument change; competency-level comparisons are more defensible (still assume similar difficulty within competency). Prefer rankings and competency-level statements across years.
Davanagere,B0037 davanagere(n),C0457 elebethur,3157 kadajji,43.94,10.0,104,39.95,10.0,102,-3.99,0.0,-2.0,2022-23 -> 2024-25,CAVEAT: items differ across years but map to a constant competency framework. Item-level year comparisons mix learning and instrument change; competency-level comparisons are more defensible (still assume similar difficulty within competency). Prefer rankings and competency-level statements across years.
Chamarajanagara,B0054 hanur,C1006 kowdalli,5325 shettalli,57.36,20.0,108,53.37,17.5,46,-3.99,-2.5,-2.0,2022-23 -> 2024-25,CAVEAT: items differ across years but map to a constant competency framework. Item-level year comparisons mix learning and instrument change; competency-level comparisons are more defensible (still assume similar difficulty within competency). Prefer rankings and competency-level statements across years.
Raichur,B0126 sindhanur,C0702 hosahalli (ej),2804 hossalli,53.69,20.0,249,49.72,15.0,141,-3.97,-5.0,-1.98,2022-23 -> 2024-25,CAVEAT: items differ across years but map to a constant competency framework. Item-level year comparisons mix learning and instrument change; competency-level comparisons are more defensible (still assume similar difficulty within competency). Prefer rankings and competency-level statements across years.
Raichur,B0039 devadurga,C0466 gabbur,2008 gabbur,31.14,0.0,176,27.18,0.0,190,-3.96,0.0,-1.98,2022-23 -> 2024-25,CAVEAT: items differ across years but map to a constant competency framework. Item-level year comparisons mix learning and instrument change; competency-level comparisons are more defensible (still assume similar difficulty within competency). Prefer rankings and competency-level statements across years.
Bidar,B0019 bhalki,C1049 lakhangaon,4010 lanjwad,44.42,5.5,52,40.47,10.0,53,-3.95,4.5,-1.98,2022-23 -> 2024-25,CAVEAT: items differ across years but map to a constant competency framework. Item-level year comparisons mix learning and instrument change; competency-level comparisons are more defensible (still assume similar difficulty within competency). Prefer rankings and competency-level statements across years.
Koppal,B0088 kustagi,C0662 hiremannapur,3362 kandakoru,48.78,5.0,131,44.85,10.0,166,-3.93,5.0,-1.96,2022-23 -> 2024-25,CAVEAT: items differ across years but map to a constant competency framework. Item-level year comparisons mix learning and instrument change; competency-level comparisons are more defensible (still assume similar difficulty within competency). Prefer rankings and competency-level statements across years.
Tumakuru,B0136 tumkur,C0138 ballagere,977 ballagere,72.6,50.0,121,68.67,50.0,109,-3.93,0.0,-1.96,2022-23 -> 2024-25,CAVEAT: items differ across years but map to a constant competency framework. Item-level year comparisons mix learning and instrument change; competency-level comparisons are more defensible (still assume similar difficulty within competency). Prefer rankings and competency-level statements across years.
Kalaburagi,B0049 gulbarga south,C0462 faratabad,213009036 saradagi b,41.31,5.0,99,37.41,4.5,110,-3.9,-0.5,-1.95,2022-23 -> 2024-25,CAVEAT: items differ across years but map to a constant competency framework. Item-level year comparisons mix learning and instrument change; competency-level comparisons are more defensible (still assume similar difficulty within competency). Prefer rankings and competency-level statements across years.
Tumakuru,B0031 chiknayakanhalli,C0506 godekere,2109 godekere,62.65,20.0,132,58.77,20.0,102,-3.88,0.0,-1.94,2022-23 -> 2024-25,CAVEAT: items differ across years but map to a constant competency framework. Item-level year comparisons mix learning and instrument change; competency-level comparisons are more defensible (still assume similar difficulty within competency). Prefer rankings and competency-level statements across years.
Yadgir,B0123 shorapur,C0402 devatkal,3140 kachaknoor,57.81,15.0,153,53.94,20.0,141,-3.87,5.0,-1.94,2022-23 -> 2024-25,CAVEAT: items differ across years but map to a constant competency framework. Item-level year comparisons mix learning and instrument change; competency-level comparisons are more defensible (still assume similar difficulty within competency). Prefer rankings and competency-level statements across years.
Raichur,B0039 devadurga,C1249 nagadadinni,4636 nagadadinni,38.6,0.0,246,34.75,4.5,200,-3.85,4.5,-1.92,2022-23 -> 2024-25,CAVEAT: items differ across years but map to a constant competency framework. Item-level year comparisons mix learning and instrument change; competency-level comparisons are more defensible (still assume similar difficulty within competency). Prefer rankings and competency-level statements across years.
Chikkaballapura,B0124 sidlaghatta,C0753 irgappanahalli,5139 s devaganahalli,60.72,15.0,125,56.88,15.0,109,-3.84,0.0,-1.92,2022-23 -> 2024-25,CAVEAT: items differ across years but map to a constant competency framework. Item-level year comparisons mix learning and instrument change; competency-level comparisons are more defensible (still assume similar difficulty within competency). Prefer rankings and competency-level statements across years.
Tumakuru,B0046 gubbi,C0740 idagur,2919 idagooru,87.57,70.0,134,83.76,62.0,125,-3.81,-8.0,-1.9,2022-23 -> 2024-25,CAVEAT: items differ across years but map to a constant competency framework. Item-level year comparisons mix learning and instrument change; competency-level comparisons are more defensible (still assume similar difficulty within competency). Prefer rankings and competency-level statements across years.
Chitradurga,B0060 holalkere,C0060 andanuru,702 andanuru,47.88,5.0,125,44.09,2.0,115,-3.79,-3.0,-1.9,2022-23 -> 2024-25,CAVEAT: items differ across years but map to a constant competency framework. Item-level year comparisons mix learning and instrument change; competency-level comparisons are more defensible (still assume similar difficulty within competency). Prefer rankings and competency-level statements across years.
Raichur,B0096 manvi,C0622 harvi,4058 madagiri,51.56,10.0,135,47.77,20.0,56,-3.79,10.0,-1.9,2022-23 -> 2024-25,CAVEAT: items differ across years but map to a constant competency framework. Item-level year comparisons mix learning and instrument change; competency-level comparisons are more defensible (still assume similar difficulty within competency). Prefer rankings and competency-level statements across years.
Vijayanagara,B0084 kudligi,C0699 hosa halli,2784 hosahalli,48.61,10.0,158,44.83,0.0,203,-3.78,-10.0,-1.89,2022-23 -> 2024-25,CAVEAT: items differ across years but map to a constant competency framework. Item-level year comparisons mix learning and instrument change; competency-level comparisons are more defensible (still assume similar difficulty within competency). Prefer rankings and competency-level statements across years.
Bengaluru Rural,B0064 hosakote,C1216 mugabala,4521 mugabala,57.76,17.5,116,54.0,15.0,135,-3.76,-2.5,-1.88,2022-23 -> 2024-25,CAVEAT: items differ across years but map to a constant competency framework. Item-level year comparisons mix learning and instrument change; competency-level comparisons are more defensible (still assume similar difficulty within competency). Prefer rankings and competency-level statements across years.
Ballari,B0012 ballari east,C0374 dammur,1729 dammur,32.03,5.0,153,28.27,0.0,139,-3.76,-5.0,-1.88,2022-23 -> 2024-25,CAVEAT: items differ across years but map to a constant competency framework. Item-level year comparisons mix learning and instrument change; competency-level comparisons are more defensible (still assume similar difficulty within competency). Prefer rankings and competency-level statements across years.
Kalaburagi,B0033 chincholi,C1433 salagar basantpur,5165 salagar basantpur,39.66,5.0,131,35.92,0.0,147,-3.74,-5.0,-1.87,2022-23 -> 2024-25,CAVEAT: items differ across years but map to a constant competency framework. Item-level year comparisons mix learning and instrument change; competency-level comparisons are more defensible (still assume similar difficulty within competency). Prefer rankings and competency-level statements across years.
Tumakuru,B0031 chiknayakanhalli,C0480 ganadaalu,2034 ganadalu,64.34,35.0,158,60.61,30.0,157,-3.73,-5.0,-1.86,2022-23 -> 2024-25,CAVEAT: items differ across years but map to a constant competency framework. Item-level year comparisons mix learning and instrument change; competency-level comparisons are more defensible (still assume similar difficulty within competency). Prefer rankings and competency-level statements across years.
Chamarajanagara,B0142 yelandur,C2377 maddur,2174 gowdahalli,64.22,30.0,83,60.49,25.0,113,-3.73,-5.0,-1.86,2022-23 -> 2024-25,CAVEAT: items differ across years but map to a constant competency framework. Item-level year comparisons mix learning and instrument change; competency-level comparisons are more defensible (still assume similar difficulty within competency). Prefer rankings and competency-level statements across years.
Kalaburagi,B0002 aland,C1740 yelasangi,2290 hadalgi,66.88,37.5,276,63.15,25.0,84,-3.73,-12.5,-1.86,2022-23 -> 2024-25,CAVEAT: items differ across years but map to a constant competency framework. Item-level year comparisons mix learning and instrument change; competency-level comparisons are more defensible (still assume similar difficulty within competency). Prefer rankings and competency-level statements across years.
Chamarajanagara,B0050 gundlupet,C1584 terakanambi,5668 terakanambi,54.3,20.0,79,50.58,5.0,129,-3.72,-15.0,-1.86,2022-23 -> 2024-25,CAVEAT: items differ across years but map to a constant competency framework. Item-level year comparisons mix learning and instrument change; competency-level comparisons are more defensible (still assume similar difficulty within competency). Prefer rankings and competency-level statements across years.
Chikkaballapura,B0030 chikkaballapur,C1534 srirampura,534 agalagurki,57.6,20.0,50,53.9,20.0,68,-3.7,0.0,-1.85,2022-23 -> 2024-25,CAVEAT: items differ across years but map to a constant competency framework. Item-level year comparisons mix learning and instrument change; competency-level comparisons are more defensible (still assume similar difficulty within competency). Prefer rankings and competency-level statements across years.
Kalaburagi,B0036 chittapur,C0085 arankal,1111 bedasur,47.06,0.0,102,43.36,10.0,70,-3.7,10.0,-1.85,2022-23 -> 2024-25,CAVEAT: items differ across years but map to a constant competency framework. Item-level year comparisons mix learning and instrument change; competency-level comparisons are more defensible (still assume similar difficulty within competency). Prefer rankings and competency-level statements across years.
Yadgir,B0123 shorapur,C1616 tinthani,5777 tinthani,44.63,15.0,176,40.94,15.0,310,-3.69,0.0,-1.84,2022-23 -> 2024-25,CAVEAT: items differ across years but map to a constant competency framework. Item-level year comparisons mix learning and instrument change; competency-level comparisons are more defensible (still assume similar difficulty within competency). Prefer rankings and competency-level statements across years.
Dharwad,B0076 kalghatagi,C1240 muttagi,2009 gabyapur,73.5,50.0,163,69.81,45.0,131,-3.69,-5.0,-1.84,2022-23 -> 2024-25,CAVEAT: items differ across years but map to a constant competency framework. Item-level year comparisons mix learning and instrument change; competency-level comparisons are more defensible (still assume similar difficulty within competency). Prefer rankings and competency-level statements across years.
Kalaburagi,B0033 chincholi,C0902 karchkhed,3440 karchkhed,33.97,0.0,151,30.3,0.0,117,-3.67,0.0,-1.84,2022-23 -> 2024-25,CAVEAT: items differ across years but map to a constant competency framework. Item-level year comparisons mix learning and instrument change; competency-level comparisons are more defensible (still assume similar difficulty within competency). Prefer rankings and competency-level statements across years.
Gadag,B0115 ron,C1308 nidagundi,6488 nidagundi,58.12,16.5,144,54.46,15.0,157,-3.66,-1.5,-1.83,2022-23 -> 2024-25,CAVEAT: items differ across years but map to a constant competency framework. Item-level year comparisons mix learning and instrument change; competency-level comparisons are more defensible (still assume similar difficulty within competency). Prefer rankings and competency-level statements across years.
Davanagere,B0056 harihara,C0163 banuvalli,3172 kadar naykana halli,54.36,15.0,149,50.71,20.0,141,-3.65,5.0,-1.82,2022-23 -> 2024-25,CAVEAT: items differ across years but map to a constant competency framework. Item-level year comparisons mix learning and instrument change; competency-level comparisons are more defensible (still assume similar difficulty within competency). Prefer rankings and competency-level statements across years.
Chikkaballapura,B0034 chintamani,C0829 kaderanahalli,3772 koralaparthi,47.29,5.0,94,43.65,10.0,96,-3.64,5.0,-1.82,2022-23 -> 2024-25,CAVEAT: items differ across years but map to a constant competency framework. Item-level year comparisons mix learning and instrument change; competency-level comparisons are more defensible (still assume similar difficulty within competency). Prefer rankings and competency-level statements across years.
Hassan,B0061 holenarasipura,C0429 doddakadanoor,1902 doddakadanur,56.1,15.0,214,52.48,15.0,147,-3.62,0.0,-1.81,2022-23 -> 2024-25,CAVEAT: items differ across years but map to a constant competency framework. Item-level year comparisons mix learning and instrument change; competency-level comparisons are more defensible (still assume similar difficulty within competency). Prefer rankings and competency-level statements across years.
Vijayanagara,B0052 hagaribommanahalli,C0380 dashamapura,4113 madur,39.8,5.0,200,36.18,0.0,157,-3.62,-5.0,-1.81,2022-23 -> 2024-25,CAVEAT: items differ across years but map to a constant competency framework. Item-level year comparisons mix learning and instrument change; competency-level comparisons are more defensible (still assume similar difficulty within competency). Prefer rankings and competency-level statements across years.
Gadag,B0102 mundaragi,C0667 hirewaddtti,2483 harogeri,43.43,10.0,140,39.81,7.0,135,-3.62,-3.0,-1.81,2022-23 -> 2024-25,CAVEAT: items differ across years but map to a constant competency framework. Item-level year comparisons mix learning and instrument change; competency-level comparisons are more defensible (still assume similar difficulty within competency). Prefer rankings and competency-level statements across years.
Dharwad,B0041 dharwad,C0634 hebballi,5377 shivalli,60.03,35.0,175,56.41,33.5,128,-3.62,-1.5,-1.81,2022-23 -> 2024-25,CAVEAT: items differ across years but map to a constant competency framework. Item-level year comparisons mix learning and instrument change; competency-level comparisons are more defensible (still assume similar difficulty within competency). Prefer rankings and competency-level statements across years.
Bidar,B0019 bhalki,C0228 bhatambra,2154 gorchincholi,53.38,20.0,80,49.77,15.0,66,-3.61,-5.0,-1.8,2022-23 -> 2024-25,CAVEAT: items differ across years but map to a constant competency framework. Item-level year comparisons mix learning and instrument change; competency-level comparisons are more defensible (still assume similar difficulty within competency). Prefer rankings and competency-level statements across years.
Raichur,B0039 devadurga,C0036 alkod,621 alkod,37.0,5.0,233,33.39,10.0,214,-3.61,5.0,-1.8,2022-23 -> 2024-25,CAVEAT: items differ across years but map to a constant competency framework. Item-level year comparisons mix learning and instrument change; competency-level comparisons are more defensible (still assume similar difficulty within competency). Prefer rankings and competency-level statements across years.
Koppal,B0044 gangavathi,C1533 sriramanagar,5508 sriramanagar,52.3,27.5,76,48.74,15.0,111,-3.56,-12.5,-1.78,2022-23 -> 2024-25,CAVEAT: items differ across years but map to a constant competency framework. Item-level year comparisons mix learning and instrument change; competency-level comparisons are more defensible (still assume similar difficulty within competency). Prefer rankings and competency-level statements across years.
Raichur,B0089 lingasugur,C0157 bannigol,2889 hunur,52.3,15.0,174,48.75,10.0,152,-3.55,-5.0,-1.78,2022-23 -> 2024-25,CAVEAT: items differ across years but map to a constant competency framework. Item-level year comparisons mix learning and instrument change; competency-level comparisons are more defensible (still assume similar difficulty within competency). Prefer rankings and competency-level statements across years.
Chitradurga,B0063 hosadurga,C0129 baguru,717 anivala,57.95,20.0,44,54.41,20.0,34,-3.54,0.0,-1.77,2022-23 -> 2024-25,CAVEAT: items differ across years but map to a constant competency framework. Item-level year comparisons mix learning and instrument change; competency-level comparisons are more defensible (still assume similar difficulty within competency). Prefer rankings and competency-level statements across years.
Chikkaballapura,B0010 bagepally,C1148 marganukunte,3798 kothakote,55.73,20.0,62,52.2,20.0,66,-3.53,0.0,-1.76,2022-23 -> 2024-25,CAVEAT: items differ across years but map to a constant competency framework. Item-level year comparisons mix learning and instrument change; competency-level comparisons are more defensible (still assume similar difficulty within competency). Prefer rankings and competency-level statements across years.
Raichur,B0096 manvi,C0123 bagalwada,1431 byagavat,33.39,0.0,146,29.88,0.0,130,-3.51,0.0,-1.76,2022-23 -> 2024-25,CAVEAT: items differ across years but map to a constant competency framework. Item-level year comparisons mix learning and instrument change; competency-level comparisons are more defensible (still assume similar difficulty within competency). Prefer rankings and competency-level statements across years.
Ballari,B0117 sandur,C0236 bhujanga nagar,1301 bhujanganagara,35.57,10.0,106,32.07,5.0,140,-3.5,-5.0,-1.75,2022-23 -> 2024-25,CAVEAT: items differ across years but map to a constant competency framework. Item-level year comparisons mix learning and instrument change; competency-level comparisons are more defensible (still assume similar difficulty within competency). Prefer rankings and competency-level statements across years.
Davanagere,B0071 jagalur,C0241 bidarakere,6545 bidarakere,30.98,0.0,215,27.48,0.0,133,-3.5,0.0,-1.75,2022-23 -> 2024-25,CAVEAT: items differ across years but map to a constant competency framework. Item-level year comparisons mix learning and instrument change; competency-level comparisons are more defensible (still assume similar difficulty within competency). Prefer rankings and competency-level statements across years.
Chitradurga,B0026 challakere,C0497 ghataparthy,2076 gataparthi,32.74,0.0,276,29.26,0.0,195,-3.48,0.0,-1.74,2022-23 -> 2024-25,CAVEAT: items differ across years but map to a constant competency framework. Item-level year comparisons mix learning and instrument change; competency-level comparisons are more defensible (still assume similar difficulty within competency). Prefer rankings and competency-level statements across years.
Raichur,B0126 sindhanur,C0033 albanur,4083 madasiravar,43.16,5.0,212,39.69,5.0,178,-3.47,0.0,-1.74,2022-23 -> 2024-25,CAVEAT: items differ across years but map to a constant competency framework. Item-level year comparisons mix learning and instrument change; competency-level comparisons are more defensible (still assume similar difficulty within competency). Prefer rankings and competency-level statements across years.
Bidar,B0007 aurad,C0286 ch dapka,1619 chikli (u),73.21,50.0,81,69.75,45.0,61,-3.46,-5.0,-1.73,2022-23 -> 2024-25,CAVEAT: items differ across years but map to a constant competency framework. Item-level year comparisons mix learning and instrument change; competency-level comparisons are more defensible (still assume similar difficulty within competency). Prefer rankings and competency-level statements across years.
Dharwad,B0106 navalgund,C0089 arekurahatti,3249 kalavad,56.67,25.0,150,53.21,15.0,134,-3.46,-10.0,-1.73,2022-23 -> 2024-25,CAVEAT: items differ across years but map to a constant competency framework. Item-level year comparisons mix learning and instrument change; competency-level comparisons are more defensible (still assume similar difficulty within competency). Prefer rankings and competency-level statements across years.
Mysuru,B0104 nanjanagud,C0638 heggadahalli,5361 shirmalli,47.02,10.0,94,43.57,5.0,154,-3.45,-5.0,-1.72,2022-23 -> 2024-25,CAVEAT: items differ across years but map to a constant competency framework. Item-level year comparisons mix learning and instrument change; competency-level comparisons are more defensible (still assume similar difficulty within competency). Prefer rankings and competency-level statements across years.
Bengaluru Rural,B0040 devanahalli,C0301 channarayapatna,1510 channarayapatna,83.98,55.0,44,80.57,65.0,44,-3.41,10.0,-1.7,2022-23 -> 2024-25,CAVEAT: items differ across years but map to a constant competency framework. Item-level year comparisons mix learning and instrument change; competency-level comparisons are more defensible (still assume similar difficulty within competency). Prefer rankings and competency-level statements across years.
Kalaburagi,B0073 jewargi,C0490 ganwar,2066 ganwar 14,47.84,15.0,139,44.45,15.0,119,-3.39,0.0,-1.7,2022-23 -> 2024-25,CAVEAT: items differ across years but map to a constant competency framework. Item-level year comparisons mix learning and instrument change; competency-level comparisons are more defensible (still assume similar difficulty within competency). Prefer rankings and competency-level statements across years.
Kalaburagi,B0001 afzalpur,C1135 mannur,5850 udachan,76.03,45.0,180,72.67,35.0,236,-3.36,-10.0,-1.68,2022-23 -> 2024-25,CAVEAT: items differ across years but map to a constant competency framework. Item-level year comparisons mix learning and instrument change; competency-level comparisons are more defensible (still assume similar difficulty within competency). Prefer rankings and competency-level statements across years.
Mandya,B0093 malavally,C1557 t.kagepura,4794 nelamakana hally,58.59,23.0,39,55.23,5.0,65,-3.36,-18.0,-1.68,2022-23 -> 2024-25,CAVEAT: items differ across years but map to a constant competency framework. Item-level year comparisons mix learning and instrument change; competency-level comparisons are more defensible (still assume similar difficulty within competency). Prefer rankings and competency-level statements across years.
Dharwad,B0106 navalgund,C0539 gummagol,5350 shirakol,55.3,20.0,149,51.96,15.0,107,-3.34,-5.0,-1.67,2022-23 -> 2024-25,CAVEAT: items differ across years but map to a constant competency framework. Item-level year comparisons mix learning and instrument change; competency-level comparisons are more defensible (still assume similar difficulty within competency). Prefer rankings and competency-level statements across years.
Kalaburagi,B0036 chittapur,C0542 gundagurthi,2986 ivani,35.16,0.0,123,31.83,5.0,93,-3.33,5.0,-1.66,2022-23 -> 2024-25,CAVEAT: items differ across years but map to a constant competency framework. Item-level year comparisons mix learning and instrument change; competency-level comparisons are more defensible (still assume similar difficulty within competency). Prefer rankings and competency-level statements across years.
Tumakuru,B0031 chiknayakanhalli,C0887 kandhikere,3367 kandhikere,68.51,38.5,148,65.19,25.0,156,-3.32,-13.5,-1.66,2022-23 -> 2024-25,CAVEAT: items differ across years but map to a constant competency framework. Item-level year comparisons mix learning and instrument change; competency-level comparisons are more defensible (still assume similar difficulty within competency). Prefer rankings and competency-level statements across years.
Chitradurga,B0035 chitradurga,C0370 d.s.halli,1712 d.s.halli,37.68,0.0,140,34.38,0.0,170,-3.3,0.0,-1.65,2022-23 -> 2024-25,CAVEAT: items differ across years but map to a constant competency framework. Item-level year comparisons mix learning and instrument change; competency-level comparisons are more defensible (still assume similar difficulty within competency). Prefer rankings and competency-level statements across years.
Kalaburagi,B0002 aland,C1740 yelasangi,4106 madiyal,64.09,31.0,143,60.79,45.0,133,-3.3,14.0,-1.65,2022-23 -> 2024-25,CAVEAT: items differ across years but map to a constant competency framework. Item-level year comparisons mix learning and instrument change; competency-level comparisons are more defensible (still assume similar difficulty within competency). Prefer rankings and competency-level statements across years.
Kalaburagi,B0002 aland,C0823 kadaganchi,2118 gola (b),47.83,5.0,106,44.55,10.0,190,-3.28,5.0,-1.64,2022-23 -> 2024-25,CAVEAT: items differ across years but map to a constant competency framework. Item-level year comparisons mix learning and instrument change; competency-level comparisons are more defensible (still assume similar difficulty within competency). Prefer rankings and competency-level statements across years.
Tumakuru,B0087 kunigal,C0797 jinnagara,3076 jinnagara,68.2,23.0,97,64.92,24.5,60,-3.28,1.5,-1.64,2022-23 -> 2024-25,CAVEAT: items differ across years but map to a constant competency framework. Item-level year comparisons mix learning and instrument change; competency-level comparisons are more defensible (still assume similar difficulty within competency). Prefer rankings and competency-level statements across years.
Chitradurga,B0059 hiriyur,C0084 aranakatte,5093 ranganathapura,55.27,10.0,112,51.99,16.0,113,-3.28,6.0,-1.64,2022-23 -> 2024-25,CAVEAT: items differ across years but map to a constant competency framework. Item-level year comparisons mix learning and instrument change; competency-level comparisons are more defensible (still assume similar difficulty within competency). Prefer rankings and competency-level statements across years.
Mandya,B0103 nagamangala,C0059 anchechittanahalli,697 anchechittana hally,74.18,35.0,79,70.91,42.0,33,-3.27,7.0,-1.64,2022-23 -> 2024-25,CAVEAT: items differ across years but map to a constant competency framework. Item-level year comparisons mix learning and instrument change; competency-level comparisons are more defensible (still assume similar difficulty within competency). Prefer rankings and competency-level statements across years.
Vijayanagara,B0084 kudligi,C0736 hurlihal,2895 hurulihal,36.28,0.0,149,33.03,0.0,155,-3.25,0.0,-1.62,2022-23 -> 2024-25,CAVEAT: items differ across years but map to a constant competency framework. Item-level year comparisons mix learning and instrument change; competency-level comparisons are more defensible (still assume similar difficulty within competency). Prefer rankings and competency-level statements across years.
Belagavi,B0011 bailhongal,C0590 hanabarhatti,2380 hanabaratti,77.12,55.0,189,73.87,55.0,155,-3.25,0.0,-1.62,2022-23 -> 2024-25,CAVEAT: items differ across years but map to a constant competency framework. Item-level year comparisons mix learning and instrument change; competency-level comparisons are more defensible (still assume similar difficulty within competency). Prefer rankings and competency-level statements across years.
Yadgir,B0123 shorapur,C1057 laxmipur,2578 hemnoor,77.88,45.0,113,74.65,45.0,115,-3.23,0.0,-1.62,2022-23 -> 2024-25,CAVEAT: items differ across years but map to a constant competency framework. Item-level year comparisons mix learning and instrument change; competency-level comparisons are more defensible (still assume similar difficulty within competency). Prefer rankings and competency-level statements across years.
Chitradurga,B0026 challakere,C0436 dodderi,1412 budnahatti,27.52,5.0,151,24.3,0.0,136,-3.22,-5.0,-1.61,2022-23 -> 2024-25,CAVEAT: items differ across years but map to a constant competency framework. Item-level year comparisons mix learning and instrument change; competency-level comparisons are more defensible (still assume similar difficulty within competency). Prefer rankings and competency-level statements across years.
Chitradurga,B0097 molakalmur,C0592 hanagal,2382 hanagal,25.96,0.0,245,22.8,0.0,264,-3.16,0.0,-1.58,2022-23 -> 2024-25,CAVEAT: items differ across years but map to a constant competency framework. Item-level year comparisons mix learning and instrument change; competency-level comparisons are more defensible (still assume similar difficulty within competency). Prefer rankings and competency-level statements across years.
Haveri,B0114 ranebennur,C0289 chalageri,6616 itagi,70.5,40.0,191,67.35,30.0,196,-3.15,-10.0,-1.58,2022-23 -> 2024-25,CAVEAT: items differ across years but map to a constant competency framework. Item-level year comparisons mix learning and instrument change; competency-level comparisons are more defensible (still assume similar difficulty within competency). Prefer rankings and competency-level statements across years.
Chitradurga,B0060 holalkere,C1110 malladihalli,1963 dummi,46.05,5.0,138,42.92,10.0,144,-3.13,5.0,-1.56,2022-23 -> 2024-25,CAVEAT: items differ across years but map to a constant competency framework. Item-level year comparisons mix learning and instrument change; competency-level comparisons are more defensible (still assume similar difficulty within competency). Prefer rankings and competency-level statements across years.
Chitradurga,B0063 hosadurga,C0434 doddathekalavatti,3443 karehalli,50.72,10.0,138,47.59,10.0,137,-3.13,0.0,-1.56,2022-23 -> 2024-25,CAVEAT: items differ across years but map to a constant competency framework. Item-level year comparisons mix learning and instrument change; competency-level comparisons are more defensible (still assume similar difficulty within competency). Prefer rankings and competency-level statements across years.
Davanagere,B0028 channagiri,C0632 hebbalagere,2532 hebbalagere,46.71,15.0,85,43.58,5.0,60,-3.13,-10.0,-1.56,2022-23 -> 2024-25,CAVEAT: items differ across years but map to a constant competency framework. Item-level year comparisons mix learning and instrument change; competency-level comparisons are more defensible (still assume similar difficulty within competency). Prefer rankings and competency-level statements across years.
Yadgir,B0120 shahapur,C0626 hattigudur,1125 beeranoor,47.1,10.0,143,43.98,15.0,108,-3.12,5.0,-1.56,2022-23 -> 2024-25,CAVEAT: items differ across years but map to a constant competency framework. Item-level year comparisons mix learning and instrument change; competency-level comparisons are more defensible (still assume similar difficulty within competency). Prefer rankings and competency-level statements across years.
Chamarajanagara,B0080 kollegala,C1088 madhuvanahalli,4099 madhuvanahalli,46.14,10.0,140,43.02,10.0,116,-3.12,0.0,-1.56,2022-23 -> 2024-25,CAVEAT: items differ across years but map to a constant competency framework. Item-level year comparisons mix learning and instrument change; competency-level comparisons are more defensible (still assume similar difficulty within competency). Prefer rankings and competency-level statements across years.
Chamarajanagara,B0050 gundlupet,C0815 kabbahalli,5453 somahalli,61.65,5.0,103,58.53,10.0,102,-3.12,5.0,-1.56,2022-23 -> 2024-25,CAVEAT: items differ across years but map to a constant competency framework. Item-level year comparisons mix learning and instrument change; competency-level comparisons are more defensible (still assume similar difficulty within competency). Prefer rankings and competency-level statements across years.
Chamarajanagara,B0050 gundlupet,C1334 paduguru,3529 kelasuru,56.99,25.0,118,53.88,25.0,107,-3.11,0.0,-1.56,2022-23 -> 2024-25,CAVEAT: items differ across years but map to a constant competency framework. Item-level year comparisons mix learning and instrument change; competency-level comparisons are more defensible (still assume similar difficulty within competency). Prefer rankings and competency-level statements across years.
Chikkaballapura,B0030 chikkaballapur,C0411 dibbur,1842 dibbur,49.36,18.0,117,46.27,10.0,154,-3.09,-8.0,-1.54,2022-23 -> 2024-25,CAVEAT: items differ across years but map to a constant competency framework. Item-level year comparisons mix learning and instrument change; competency-level comparisons are more defensible (still assume similar difficulty within competency). Prefer rankings and competency-level statements across years.
Raichur,B0126 sindhanur,C0119 badarli,6166 valaballary,58.98,21.5,64,55.95,24.5,100,-3.03,3.0,-1.52,2022-23 -> 2024-25,CAVEAT: items differ across years but map to a constant competency framework. Item-level year comparisons mix learning and instrument change; competency-level comparisons are more defensible (still assume similar difficulty within competency). Prefer rankings and competency-level statements across years.
Dharwad,B0066 hubli,C1404 raynal,696 anchatageri,67.85,35.0,186,64.82,25.0,191,-3.03,-10.0,-1.52,2022-23 -> 2024-25,CAVEAT: items differ across years but map to a constant competency framework. Item-level year comparisons mix learning and instrument change; competency-level comparisons are more defensible (still assume similar difficulty within competency). Prefer rankings and competency-level statements across years.
Chamarajanagara,B0054 hanur,C1006 kowdalli,3815 kowdalli,46.07,15.0,89,43.07,15.0,109,-3.0,0.0,-1.5,2022-23 -> 2024-25,CAVEAT: items differ across years but map to a constant competency framework. Item-level year comparisons mix learning and instrument change; competency-level comparisons are more defensible (still assume similar difficulty within competency). Prefer rankings and competency-level statements across years.
Hassan,B0003 alur,C0866 kamathikudige,5624 talur,65.23,28.0,87,62.27,33.5,108,-2.96,5.5,-1.48,2022-23 -> 2024-25,CAVEAT: items differ across years but map to a constant competency framework. Item-level year comparisons mix learning and instrument change; competency-level comparisons are more defensible (still assume similar difficulty within competency). Prefer rankings and competency-level statements across years.
Koppal,B0044 gangavathi,C0329 chikkadankanakal,2393 hanaval,43.24,5.0,88,40.3,11.5,84,-2.94,6.5,-1.47,2022-23 -> 2024-25,CAVEAT: items differ across years but map to a constant competency framework. Item-level year comparisons mix learning and instrument change; competency-level comparisons are more defensible (still assume similar difficulty within competency). Prefer rankings and competency-level statements across years.
Raichur,B0111 raichur,C1424 sagamkunta,5151 sagamkunta,47.76,9.5,190,44.83,15.0,179,-2.93,5.5,-1.46,2022-23 -> 2024-25,CAVEAT: items differ across years but map to a constant competency framework. Item-level year comparisons mix learning and instrument change; competency-level comparisons are more defensible (still assume similar difficulty within competency). Prefer rankings and competency-level statements across years.
Kodagu,B0129 somavarpet,C0596 handli,4845 nidtha,63.2,24.5,50,60.27,23.0,37,-2.93,-1.5,-1.46,2022-23 -> 2024-25,CAVEAT: items differ across years but map to a constant competency framework. Item-level year comparisons mix learning and instrument change; competency-level comparisons are more defensible (still assume similar difficulty within competency). Prefer rankings and competency-level statements across years.
Bengaluru Rural,B0064 hosakote,C0852 kalkunte,2038 ganagaluru,64.38,25.0,73,61.48,26.5,64,-2.9,1.5,-1.45,2022-23 -> 2024-25,CAVEAT: items differ across years but map to a constant competency framework. Item-level year comparisons mix learning and instrument change; competency-level comparisons are more defensible (still assume similar difficulty within competency). Prefer rankings and competency-level statements across years.
Chamarajanagara,B0050 gundlupet,C0165 baragi,4533 mukhahalli,50.57,15.0,115,47.67,15.0,101,-2.9,0.0,-1.45,2022-23 -> 2024-25,CAVEAT: items differ across years but map to a constant competency framework. Item-level year comparisons mix learning and instrument change; competency-level comparisons are more defensible (still assume similar difficulty within competency). Prefer rankings and competency-level statements across years.
Bengaluru Rural,B0064 hosakote,C0277 bylanarasapura,1446 bylanarasapura,53.42,20.0,73,50.53,25.0,75,-2.89,5.0,-1.44,2022-23 -> 2024-25,CAVEAT: items differ across years but map to a constant competency framework. Item-level year comparisons mix learning and instrument change; competency-level comparisons are more defensible (still assume similar difficulty within competency). Prefer rankings and competency-level statements across years.
Belagavi,B0113 ramdurg,C1129 manihal,3632 kittur,72.5,45.0,150,69.61,45.0,246,-2.89,0.0,-1.44,2022-23 -> 2024-25,CAVEAT: items differ across years but map to a constant competency framework. Item-level year comparisons mix learning and instrument change; competency-level comparisons are more defensible (still assume similar difficulty within competency). Prefer rankings and competency-level statements across years.
Chamarajanagara,B0027 chamarajanagar,C1012 kuderu,3829 kuderu,46.8,1.0,103,43.92,18.5,88,-2.88,17.5,-1.44,2022-23 -> 2024-25,CAVEAT: items differ across years but map to a constant competency framework. Item-level year comparisons mix learning and instrument change; competency-level comparisons are more defensible (still assume similar difficulty within competency). Prefer rankings and competency-level statements across years.
Koppal,B0088 kustagi,C0289 chalageri,1214 benakanal,43.2,0.0,206,40.33,5.5,182,-2.87,5.5,-1.44,2022-23 -> 2024-25,CAVEAT: items differ across years but map to a constant competency framework. Item-level year comparisons mix learning and instrument change; competency-level comparisons are more defensible (still assume similar difficulty within competency). Prefer rankings and competency-level statements across years.
Kolar,B0079 kolar,C1681 vadagur,5933 vadagur,60.96,30.0,177,58.12,10.0,130,-2.84,-20.0,-1.42,2022-23 -> 2024-25,CAVEAT: items differ across years but map to a constant competency framework. Item-level year comparisons mix learning and instrument change; competency-level comparisons are more defensible (still assume similar difficulty within competency). Prefer rankings and competency-level statements across years.
Dharwad,B0106 navalgund,C0789 javoor,6262 alagavadi,70.88,35.0,137,68.06,40.0,152,-2.82,5.0,-1.41,2022-23 -> 2024-25,CAVEAT: items differ across years but map to a constant competency framework. Item-level year comparisons mix learning and instrument change; competency-level comparisons are more defensible (still assume similar difficulty within competency). Prefer rankings and competency-level statements across years.
Dharwad,B0076 kalghatagi,C1189 mishrikoti,5876 ugnikeri,68.96,35.0,169,66.15,35.0,338,-2.81,0.0,-1.4,2022-23 -> 2024-25,CAVEAT: items differ across years but map to a constant competency framework. Item-level year comparisons mix learning and instrument change; competency-level comparisons are more defensible (still assume similar difficulty within competency). Prefer rankings and competency-level statements across years.
Bagalkote,B0008 badami,C0911 katageri,3479 katageri,71.28,50.0,125,68.47,31.5,134,-2.81,-18.5,-1.4,2022-23 -> 2024-25,CAVEAT: items differ across years but map to a constant competency framework. Item-level year comparisons mix learning and instrument change; competency-level comparisons are more defensible (still assume similar difficulty within competency). Prefer rankings and competency-level statements across years.
Kalaburagi,B0119 sedam,C1409 ribbanpalli,5120 ribbanpalli,29.45,0.0,174,26.66,0.0,148,-2.79,0.0,-1.4,2022-23 -> 2024-25,CAVEAT: items differ across years but map to a constant competency framework. Item-level year comparisons mix learning and instrument change; competency-level comparisons are more defensible (still assume similar difficulty within competency). Prefer rankings and competency-level statements across years.
Mandya,B0093 malavally,C1557 t.kagepura,5679 thalagavadi,48.97,10.0,63,46.18,10.0,89,-2.79,0.0,-1.4,2022-23 -> 2024-25,CAVEAT: items differ across years but map to a constant competency framework. Item-level year comparisons mix learning and instrument change; competency-level comparisons are more defensible (still assume similar difficulty within competency). Prefer rankings and competency-level statements across years.
Raichur,B0126 sindhanur,C1408 rh no-1,5034 r.h.colony no-1,58.5,23.0,137,55.74,20.0,94,-2.76,-3.0,-1.38,2022-23 -> 2024-25,CAVEAT: items differ across years but map to a constant competency framework. Item-level year comparisons mix learning and instrument change; competency-level comparisons are more defensible (still assume similar difficulty within competency). Prefer rankings and competency-level statements across years.
Chikkaballapura,B0010 bagepally,C1750 yeragudi,4736 naramaddepalli,43.73,9.0,59,40.97,8.0,67,-2.76,-1.0,-1.38,2022-23 -> 2024-25,CAVEAT: items differ across years but map to a constant competency framework. Item-level year comparisons mix learning and instrument change; competency-level comparisons are more defensible (still assume similar difficulty within competency). Prefer rankings and competency-level statements across years.
Chitradurga,B0060 holalkere,C1387 ramagiri,5067 ramagiri (h),56.4,5.0,68,53.7,17.5,46,-2.7,12.5,-1.35,2022-23 -> 2024-25,CAVEAT: items differ across years but map to a constant competency framework. Item-level year comparisons mix learning and instrument change; competency-level comparisons are more defensible (still assume similar difficulty within competency). Prefer rankings and competency-level statements across years.
Chitradurga,B0035 chitradurga,C0784 janakonda,6310 janukonda,36.36,1.0,143,33.66,5.0,145,-2.7,4.0,-1.35,2022-23 -> 2024-25,CAVEAT: items differ across years but map to a constant competency framework. Item-level year comparisons mix learning and instrument change; competency-level comparisons are more defensible (still assume similar difficulty within competency). Prefer rankings and competency-level statements across years.
Chikkaballapura,B0034 chintamani,C0179 batlahalli,1103 batlahalli,67.09,30.0,86,64.4,35.0,25,-2.69,5.0,-1.34,2022-23 -> 2024-25,CAVEAT: items differ across years but map to a constant competency framework. Item-level year comparisons mix learning and instrument change; competency-level comparisons are more defensible (still assume similar difficulty within competency). Prefer rankings and competency-level statements across years.
Chitradurga,B0097 molakalmur,C0112 b.g.kere,5826 tumakurlahalli,33.56,0.0,191,30.87,0.0,248,-2.69,0.0,-1.34,2022-23 -> 2024-25,CAVEAT: items differ across years but map to a constant competency framework. Item-level year comparisons mix learning and instrument change; competency-level comparisons are more defensible (still assume similar difficulty within competency). Prefer rankings and competency-level statements across years.
Bidar,B0019 bhalki,C0875 kanaji,3097 jyanthi,41.07,5.0,122,38.39,0.0,96,-2.68,-5.0,-1.34,2022-23 -> 2024-25,CAVEAT: items differ across years but map to a constant competency framework. Item-level year comparisons mix learning and instrument change; competency-level comparisons are more defensible (still assume similar difficulty within competency). Prefer rankings and competency-level statements across years.
Bidar,B0068 humnabad,C1317 nirna,4869 nirna,39.34,5.0,143,36.67,0.0,96,-2.67,-5.0,-1.34,2022-23 -> 2024-25,CAVEAT: items differ across years but map to a constant competency framework. Item-level year comparisons mix learning and instrument change; competency-level comparisons are more defensible (still assume similar difficulty within competency). Prefer rankings and competency-level statements across years.
Mandya,B0103 nagamangala,C1341 palagrahara,4930 palagrahara,67.97,45.0,69,65.31,23.5,48,-2.66,-21.5,-1.33,2022-23 -> 2024-25,CAVEAT: items differ across years but map to a constant competency framework. Item-level year comparisons mix learning and instrument change; competency-level comparisons are more defensible (still assume similar difficulty within competency). Prefer rankings and competency-level statements across years.
Kolar,B0131 srinivasapur,C1585 thadigol,5672 thadigol,68.0,32.0,75,65.34,20.0,116,-2.66,-12.0,-1.33,2022-23 -> 2024-25,CAVEAT: items differ across years but map to a constant competency framework. Item-level year comparisons mix learning and instrument change; competency-level comparisons are more defensible (still assume similar difficulty within competency). Prefer rankings and competency-level statements across years.
Davanagere,B0028 channagiri,C0649 hire kogaluru,2651 hirekogalur,58.22,15.0,76,55.57,19.5,70,-2.65,4.5,-1.32,2022-23 -> 2024-25,CAVEAT: items differ across years but map to a constant competency framework. Item-level year comparisons mix learning and instrument change; competency-level comparisons are more defensible (still assume similar difficulty within competency). Prefer rankings and competency-level statements across years.
Ballari,B0128 siruguppa,C0378 darur,954 balakundhi,33.59,1.5,174,31.0,0.0,275,-2.59,-1.5,-1.3,2022-23 -> 2024-25,CAVEAT: items differ across years but map to a constant competency framework. Item-level year comparisons mix learning and instrument change; competency-level comparisons are more defensible (still assume similar difficulty within competency). Prefer rankings and competency-level statements across years.
Dharwad,B0076 kalghatagi,C1009 kudalagi,5198 sangameshwar,54.25,20.0,140,51.67,15.0,120,-2.58,-5.0,-1.29,2022-23 -> 2024-25,CAVEAT: items differ across years but map to a constant competency framework. Item-level year comparisons mix learning and instrument change; competency-level comparisons are more defensible (still assume similar difficulty within competency). Prefer rankings and competency-level statements across years.
Vijayanagara,B0052 hagaribommanahalli,C0158 bannikal,1042 bannikallu,39.56,0.0,158,36.99,0.0,186,-2.57,0.0,-1.28,2022-23 -> 2024-25,CAVEAT: items differ across years but map to a constant competency framework. Item-level year comparisons mix learning and instrument change; competency-level comparisons are more defensible (still assume similar difficulty within competency). Prefer rankings and competency-level statements across years.
Bidar,B0020 bidar,C1263 nagora,4678 nagora,41.42,10.0,144,38.91,9.0,129,-2.51,-1.0,-1.26,2022-23 -> 2024-25,CAVEAT: items differ across years but map to a constant competency framework. Item-level year comparisons mix learning and instrument change; competency-level comparisons are more defensible (still assume similar difficulty within competency). Prefer rankings and competency-level statements across years.
Koppal,B0044 gangavathi,C0900 karatagi east,4328 marlanahalli,42.81,10.0,151,40.31,5.0,114,-2.5,-5.0,-1.25,2022-23 -> 2024-25,CAVEAT: items differ across years but map to a constant competency framework. Item-level year comparisons mix learning and instrument change; competency-level comparisons are more defensible (still assume similar difficulty within competency). Prefer rankings and competency-level statements across years.
Hassan,B0005 arasikere,C0791 jc pura,3061 jayachamarajapura,64.84,27.0,95,62.38,32.5,86,-2.46,5.5,-1.23,2022-23 -> 2024-25,CAVEAT: items differ across years but map to a constant competency framework. Item-level year comparisons mix learning and instrument change; competency-level comparisons are more defensible (still assume similar difficulty within competency). Prefer rankings and competency-level statements across years.
Dharwad,B0041 dharwad,C1217 mugad,4232 mandihal,72.71,40.0,157,70.25,40.0,178,-2.46,0.0,-1.23,2022-23 -> 2024-25,CAVEAT: items differ across years but map to a constant competency framework. Item-level year comparisons mix learning and instrument change; competency-level comparisons are more defensible (still assume similar difficulty within competency). Prefer rankings and competency-level statements across years.
Chikkaballapura,B0030 chikkaballapur,C0574 haleperasandra,810 aruru,60.15,20.0,65,57.81,26.5,64,-2.34,6.5,-1.17,2022-23 -> 2024-25,CAVEAT: items differ across years but map to a constant competency framework. Item-level year comparisons mix learning and instrument change; competency-level comparisons are more defensible (still assume similar difficulty within competency). Prefer rankings and competency-level statements across years.
Bidar,B0020 bidar,C1383 rajgira,4327 markunda,45.69,20.0,51,43.36,15.0,76,-2.33,-5.0,-1.16,2022-23 -> 2024-25,CAVEAT: items differ across years but map to a constant competency framework. Item-level year comparisons mix learning and instrument change; competency-level comparisons are more defensible (still assume similar difficulty within competency). Prefer rankings and competency-level statements across years.
Kalaburagi,B0001 afzalpur,C0898 karajagi,622 allagi (b),31.53,0.0,147,29.23,0.0,143,-2.3,0.0,-1.15,2022-23 -> 2024-25,CAVEAT: items differ across years but map to a constant competency framework. Item-level year comparisons mix learning and instrument change; competency-level comparisons are more defensible (still assume similar difficulty within competency). Prefer rankings and competency-level statements across years.
Bengaluru Rural,B0040 devanahalli,C0263 boodigere,1395 boodigere,84.55,65.0,88,82.25,65.0,69,-2.3,0.0,-1.15,2022-23 -> 2024-25,CAVEAT: items differ across years but map to a constant competency framework. Item-level year comparisons mix learning and instrument change; competency-level comparisons are more defensible (still assume similar difficulty within competency). Prefer rankings and competency-level statements across years.
Chitradurga,B0063 hosadurga,C0404 devigere,1814 devigere,42.16,5.0,167,39.91,0.0,162,-2.25,-5.0,-1.12,2022-23 -> 2024-25,CAVEAT: items differ across years but map to a constant competency framework. Item-level year comparisons mix learning and instrument change; competency-level comparisons are more defensible (still assume similar difficulty within competency). Prefer rankings and competency-level statements across years.
Chitradurga,B0059 hiriyur,C0460 eshwaragere,1427 byadarahalli,53.39,10.0,149,51.17,10.0,149,-2.22,0.0,-1.11,2022-23 -> 2024-25,CAVEAT: items differ across years but map to a constant competency framework. Item-level year comparisons mix learning and instrument change; competency-level comparisons are more defensible (still assume similar difficulty within competency). Prefer rankings and competency-level statements across years.
Vijayanagara,B0084 kudligi,C1255 nagarakatte,5757 thulahalli,43.08,5.0,138,40.88,5.0,120,-2.2,0.0,-1.1,2022-23 -> 2024-25,CAVEAT: items differ across years but map to a constant competency framework. Item-level year comparisons mix learning and instrument change; competency-level comparisons are more defensible (still assume similar difficulty within competency). Prefer rankings and competency-level statements across years.
Chamarajanagara,B0050 gundlupet,C0185 begur,1133 begur,40.32,5.0,93,38.13,10.0,99,-2.19,5.0,-1.1,2022-23 -> 2024-25,CAVEAT: items differ across years but map to a constant competency framework. Item-level year comparisons mix learning and instrument change; competency-level comparisons are more defensible (still assume similar difficulty within competency). Prefer rankings and competency-level statements across years.
Chitradurga,B0026 challakere,C1117 mallurahalli,4202 mallurahalli,39.95,0.0,288,37.77,5.0,264,-2.18,5.0,-1.09,2022-23 -> 2024-25,CAVEAT: items differ across years but map to a constant competency framework. Item-level year comparisons mix learning and instrument change; competency-level comparisons are more defensible (still assume similar difficulty within competency). Prefer rankings and competency-level statements across years.
Chitradurga,B0026 challakere,C0398 devareddihalli,1802 devarareddihalli,29.01,0.0,324,26.84,0.0,236,-2.17,0.0,-1.08,2022-23 -> 2024-25,CAVEAT: items differ across years but map to a constant competency framework. Item-level year comparisons mix learning and instrument change; competency-level comparisons are more defensible (still assume similar difficulty within competency). Prefer rankings and competency-level statements across years.
Vijayanagara,B0084 kudligi,C0297 chandrasekhara pura,6647 ramadurga,56.54,30.0,191,54.43,20.0,183,-2.11,-10.0,-1.05,2022-23 -> 2024-25,CAVEAT: items differ across years but map to a constant competency framework. Item-level year comparisons mix learning and instrument change; competency-level comparisons are more defensible (still assume similar difficulty within competency). Prefer rankings and competency-level statements across years.
Dharwad,B0086 kundagol,C1745 yelival,2263 guruvinahalli,69.58,40.0,96,67.47,35.0,85,-2.11,-5.0,-1.05,2022-23 -> 2024-25,CAVEAT: items differ across years but map to a constant competency framework. Item-level year comparisons mix learning and instrument change; competency-level comparisons are more defensible (still assume similar difficulty within competency). Prefer rankings and competency-level statements across years.
Bagalkote,B0008 badami,C0568 halakurki,510 adagal,79.53,60.0,118,77.43,55.0,323,-2.1,-5.0,-1.05,2022-23 -> 2024-25,CAVEAT: items differ across years but map to a constant competency framework. Item-level year comparisons mix learning and instrument change; competency-level comparisons are more defensible (still assume similar difficulty within competency). Prefer rankings and competency-level statements across years.
Tumakuru,B0137 turuvekere,C1089 madihalli,4102 madihalli,92.16,80.0,104,90.06,75.0,88,-2.1,-5.0,-1.05,2022-23 -> 2024-25,CAVEAT: items differ across years but map to a constant competency framework. Item-level year comparisons mix learning and instrument change; competency-level comparisons are more defensible (still assume similar difficulty within competency). Prefer rankings and competency-level statements across years.
Kodagu,B0129 somavarpet,C1547 suntikoppa,4694 nalkur sirangala,74.16,54.0,89,72.06,53.0,17,-2.1,-1.0,-1.05,2022-23 -> 2024-25,CAVEAT: items differ across years but map to a constant competency framework. Item-level year comparisons mix learning and instrument change; competency-level comparisons are more defensible (still assume similar difficulty within competency). Prefer rankings and competency-level statements across years.
Bidar,B0019 bhalki,C0140 balur,994 balur,42.31,0.0,106,40.23,10.0,109,-2.08,10.0,-1.04,2022-23 -> 2024-25,CAVEAT: items differ across years but map to a constant competency framework. Item-level year comparisons mix learning and instrument change; competency-level comparisons are more defensible (still assume similar difficulty within competency). Prefer rankings and competency-level statements across years.
Bidar,B0007 aurad,C0527 gudapalli,3085 jojana,56.04,18.0,67,53.98,15.0,59,-2.06,-3.0,-1.03,2022-23 -> 2024-25,CAVEAT: items differ across years but map to a constant competency framework. Item-level year comparisons mix learning and instrument change; competency-level comparisons are more defensible (still assume similar difficulty within competency). Prefer rankings and competency-level statements across years.
Belagavi,B0067 hukkeri,C0178 bassapur,1095 bassapur,76.41,55.0,156,74.38,40.5,452,-2.03,-14.5,-1.02,2022-23 -> 2024-25,CAVEAT: items differ across years but map to a constant competency framework. Item-level year comparisons mix learning and instrument change; competency-level comparisons are more defensible (still assume similar difficulty within competency). Prefer rankings and competency-level statements across years.
Raichur,B0089 lingasugur,C0516 goudur,3786 kota,39.81,5.0,106,37.78,10.0,126,-2.03,5.0,-1.02,2022-23 -> 2024-25,CAVEAT: items differ across years but map to a constant competency framework. Item-level year comparisons mix learning and instrument change; competency-level comparisons are more defensible (still assume similar difficulty within competency). Prefer rankings and competency-level statements across years.
Vijayanagara,B0084 kudligi,"C1016 kudligi, for boys",3226 kakkuppi,41.33,10.0,94,39.31,5.0,123,-2.02,-5.0,-1.01,2022-23 -> 2024-25,CAVEAT: items differ across years but map to a constant competency framework. Item-level year comparisons mix learning and instrument change; competency-level comparisons are more defensible (still assume similar difficulty within competency). Prefer rankings and competency-level statements across years.
Vijayanagara,B0084 kudligi,C1255 nagarakatte,4653 nagarakatte,55.41,10.0,157,53.43,15.0,115,-1.98,5.0,-0.99,2022-23 -> 2024-25,CAVEAT: items differ across years but map to a constant competency framework. Item-level year comparisons mix learning and instrument change; competency-level comparisons are more defensible (still assume similar difficulty within competency). Prefer rankings and competency-level statements across years.
Kalaburagi,B0002 aland,C1740 yelasangi,6084 yalsangi,68.72,30.0,144,66.74,40.0,152,-1.98,10.0,-0.99,2022-23 -> 2024-25,CAVEAT: items differ across years but map to a constant competency framework. Item-level year comparisons mix learning and instrument change; competency-level comparisons are more defensible (still assume similar difficulty within competency). Prefer rankings and competency-level statements across years.
Bengaluru Rural,B0040 devanahalli,C0301 channarayapatna,6212 i basapura,84.19,70.0,43,82.22,65.0,45,-1.97,-5.0,-0.98,2022-23 -> 2024-25,CAVEAT: items differ across years but map to a constant competency framework. Item-level year comparisons mix learning and instrument change; competency-level comparisons are more defensible (still assume similar difficulty within competency). Prefer rankings and competency-level statements across years.
Chitradurga,B0063 hosadurga,C0434 doddathekalavatti,1713 d.t.vatti,50.83,5.0,127,48.87,0.0,133,-1.96,-5.0,-0.98,2022-23 -> 2024-25,CAVEAT: items differ across years but map to a constant competency framework. Item-level year comparisons mix learning and instrument change; competency-level comparisons are more defensible (still assume similar difficulty within competency). Prefer rankings and competency-level statements across years.
Tumakuru,B0031 chiknayakanhalli,C0760 j c pura,2988 j c pura,66.33,29.5,150,64.37,30.0,143,-1.96,0.5,-0.98,2022-23 -> 2024-25,CAVEAT: items differ across years but map to a constant competency framework. Item-level year comparisons mix learning and instrument change; competency-level comparisons are more defensible (still assume similar difficulty within competency). Prefer rankings and competency-level statements across years.
Yadgir,B0120 shahapur,C0113 b.gudi,2810 hothpeth,63.48,40.0,194,61.52,30.0,92,-1.96,-10.0,-0.98,2022-23 -> 2024-25,CAVEAT: items differ across years but map to a constant competency framework. Item-level year comparisons mix learning and instrument change; competency-level comparisons are more defensible (still assume similar difficulty within competency). Prefer rankings and competency-level statements across years.
Tumakuru,B0087 kunigal,C1309 nidasale,4838 nidasale,63.82,35.0,76,61.88,29.0,69,-1.94,-6.0,-0.97,2022-23 -> 2024-25,CAVEAT: items differ across years but map to a constant competency framework. Item-level year comparisons mix learning and instrument change; competency-level comparisons are more defensible (still assume similar difficulty within competency). Prefer rankings and competency-level statements across years.
Koppal,B0044 gangavathi,C1692 venkatagiri,5988 venkatagiri,49.33,0.0,195,47.4,19.5,150,-1.93,19.5,-0.96,2022-23 -> 2024-25,CAVEAT: items differ across years but map to a constant competency framework. Item-level year comparisons mix learning and instrument change; competency-level comparisons are more defensible (still assume similar difficulty within competency). Prefer rankings and competency-level statements across years.
Hassan,B0004 arakalagudu,C0194 belavadi,6435 belavadi,52.35,15.0,164,50.43,15.0,139,-1.92,0.0,-0.96,2022-23 -> 2024-25,CAVEAT: items differ across years but map to a constant competency framework. Item-level year comparisons mix learning and instrument change; competency-level comparisons are more defensible (still assume similar difficulty within competency). Prefer rankings and competency-level statements across years.
Raichur,B0126 sindhanur,C0845 kalamangi,3239 kalamangi,57.11,35.0,192,55.21,15.0,170,-1.9,-20.0,-0.95,2022-23 -> 2024-25,CAVEAT: items differ across years but map to a constant competency framework. Item-level year comparisons mix learning and instrument change; competency-level comparisons are more defensible (still assume similar difficulty within competency). Prefer rankings and competency-level statements across years.
Bidar,B0068 humnabad,C0581 hallikhed (k),2361 hallikhed (k),74.64,50.0,154,72.77,40.0,148,-1.87,-10.0,-0.94,2022-23 -> 2024-25,CAVEAT: items differ across years but map to a constant competency framework. Item-level year comparisons mix learning and instrument change; competency-level comparisons are more defensible (still assume similar difficulty within competency). Prefer rankings and competency-level statements across years.
Dharwad,B0106 navalgund,C1482 shelwadi,4773 nayakanur,65.61,34.5,140,63.74,24.0,139,-1.87,-10.5,-0.94,2022-23 -> 2024-25,CAVEAT: items differ across years but map to a constant competency framework. Item-level year comparisons mix learning and instrument change; competency-level comparisons are more defensible (still assume similar difficulty within competency). Prefer rankings and competency-level statements across years.
Mandya,B0090 maddur,C1611 thorebommanahally,5748 thorebommana hally,55.94,15.0,90,54.1,21.5,94,-1.84,6.5,-0.92,2022-23 -> 2024-25,CAVEAT: items differ across years but map to a constant competency framework. Item-level year comparisons mix learning and instrument change; competency-level comparisons are more defensible (still assume similar difficulty within competency). Prefer rankings and competency-level statements across years.
Koppal,B0143 yelburga,C1211 mudhol,4513 mudoal,36.86,0.0,153,35.03,0.0,171,-1.83,0.0,-0.92,2022-23 -> 2024-25,CAVEAT: items differ across years but map to a constant competency framework. Item-level year comparisons mix learning and instrument change; competency-level comparisons are more defensible (still assume similar difficulty within competency). Prefer rankings and competency-level statements across years.
Kalaburagi,B0073 jewargi,C1114 malli,4119 magangera 32,53.63,15.0,172,51.81,10.5,182,-1.82,-4.5,-0.91,2022-23 -> 2024-25,CAVEAT: items differ across years but map to a constant competency framework. Item-level year comparisons mix learning and instrument change; competency-level comparisons are more defensible (still assume similar difficulty within competency). Prefer rankings and competency-level statements across years.
Yadgir,B0120 shahapur,C1492 shirwal,675 anabi,49.24,5.0,85,47.46,15.0,71,-1.78,10.0,-0.89,2022-23 -> 2024-25,CAVEAT: items differ across years but map to a constant competency framework. Item-level year comparisons mix learning and instrument change; competency-level comparisons are more defensible (still assume similar difficulty within competency). Prefer rankings and competency-level statements across years.
Kolar,B0079 kolar,C1215 muduvadi,4519 muduvadi,52.72,15.0,90,50.97,15.0,72,-1.75,0.0,-0.88,2022-23 -> 2024-25,CAVEAT: items differ across years but map to a constant competency framework. Item-level year comparisons mix learning and instrument change; competency-level comparisons are more defensible (still assume similar difficulty within competency). Prefer rankings and competency-level statements across years.
Tumakuru,B0136 tumkur,C0805 k palasandra,3106 k palasandra,87.27,70.0,152,85.53,55.0,131,-1.74,-15.0,-0.87,2022-23 -> 2024-25,CAVEAT: items differ across years but map to a constant competency framework. Item-level year comparisons mix learning and instrument change; competency-level comparisons are more defensible (still assume similar difficulty within competency). Prefer rankings and competency-level statements across years.
Davanagere,B0062 honnali,C1575 taraganahalli,4340 masadi,60.88,20.0,74,59.14,25.0,76,-1.74,5.0,-0.87,2022-23 -> 2024-25,CAVEAT: items differ across years but map to a constant competency framework. Item-level year comparisons mix learning and instrument change; competency-level comparisons are more defensible (still assume similar difficulty within competency). Prefer rankings and competency-level statements across years.
Chitradurga,B0035 chitradurga,C1721 yalagodu,6067 yalagodu,32.85,0.0,172,31.11,5.0,203,-1.74,5.0,-0.87,2022-23 -> 2024-25,CAVEAT: items differ across years but map to a constant competency framework. Item-level year comparisons mix learning and instrument change; competency-level comparisons are more defensible (still assume similar difficulty within competency). Prefer rankings and competency-level statements across years.
Chitradurga,B0035 chitradurga,C0505 godabanahal,730 annehal,45.44,10.0,147,43.71,5.0,171,-1.73,-5.0,-0.86,2022-23 -> 2024-25,CAVEAT: items differ across years but map to a constant competency framework. Item-level year comparisons mix learning and instrument change; competency-level comparisons are more defensible (still assume similar difficulty within competency). Prefer rankings and competency-level statements across years.
Chitradurga,B0060 holalkere,C1239 muthugaduru,4591 muthugaduru,46.61,5.0,152,44.88,20.0,129,-1.73,15.0,-0.86,2022-23 -> 2024-25,CAVEAT: items differ across years but map to a constant competency framework. Item-level year comparisons mix learning and instrument change; competency-level comparisons are more defensible (still assume similar difficulty within competency). Prefer rankings and competency-level statements across years.
Kolar,B0131 srinivasapur,C1302 nelavanki,4797 nelavanki,64.95,35.0,99,63.25,25.0,100,-1.7,-10.0,-0.85,2022-23 -> 2024-25,CAVEAT: items differ across years but map to a constant competency framework. Item-level year comparisons mix learning and instrument change; competency-level comparisons are more defensible (still assume similar difficulty within competency). Prefer rankings and competency-level statements across years.
Chamarajanagara,B0027 chamarajanagar,C0044 amachavadi,6460 honnahalli,47.57,15.0,101,45.88,15.0,85,-1.69,0.0,-0.84,2022-23 -> 2024-25,CAVEAT: items differ across years but map to a constant competency framework. Item-level year comparisons mix learning and instrument change; competency-level comparisons are more defensible (still assume similar difficulty within competency). Prefer rankings and competency-level statements across years.
Chitradurga,B0059 hiriyur,C1157 maskalmatti,4349 maskal,49.35,5.0,124,47.71,10.0,129,-1.64,5.0,-0.82,2022-23 -> 2024-25,CAVEAT: items differ across years but map to a constant competency framework. Item-level year comparisons mix learning and instrument change; competency-level comparisons are more defensible (still assume similar difficulty within competency). Prefer rankings and competency-level statements across years.
Koppal,B0081 koppal,C0623 hasagal,2499 hasagal,53.32,12.0,185,51.69,20.0,183,-1.63,8.0,-0.82,2022-23 -> 2024-25,CAVEAT: items differ across years but map to a constant competency framework. Item-level year comparisons mix learning and instrument change; competency-level comparisons are more defensible (still assume similar difficulty within competency). Prefer rankings and competency-level statements across years.
Chikkaballapura,B0124 sidlaghatta,C0309 cheemangala,1537 chemangala,55.4,20.0,99,53.78,15.0,135,-1.62,-5.0,-0.81,2022-23 -> 2024-25,CAVEAT: items differ across years but map to a constant competency framework. Item-level year comparisons mix learning and instrument change; competency-level comparisons are more defensible (still assume similar difficulty within competency). Prefer rankings and competency-level statements across years.
Davanagere,B0028 channagiri,C0912 kathalagere,3449 kariganuru,44.24,0.0,105,42.65,5.0,119,-1.59,5.0,-0.8,2022-23 -> 2024-25,CAVEAT: items differ across years but map to a constant competency framework. Item-level year comparisons mix learning and instrument change; competency-level comparisons are more defensible (still assume similar difficulty within competency). Prefer rankings and competency-level statements across years.
Chitradurga,B0026 challakere,C1349 parashurampura,1679 choulur,42.75,5.0,169,41.16,5.0,164,-1.59,0.0,-0.8,2022-23 -> 2024-25,CAVEAT: items differ across years but map to a constant competency framework. Item-level year comparisons mix learning and instrument change; competency-level comparisons are more defensible (still assume similar difficulty within competency). Prefer rankings and competency-level statements across years.
Chikkaballapura,B0047 gudibanda,C0182 beechaganahalli,1737 dapparthy,76.06,50.5,52,74.47,38.0,47,-1.59,-12.5,-0.8,2022-23 -> 2024-25,CAVEAT: items differ across years but map to a constant competency framework. Item-level year comparisons mix learning and instrument change; competency-level comparisons are more defensible (still assume similar difficulty within competency). Prefer rankings and competency-level statements across years.
Gadag,B0122 shirhatti,C0180 battur,2115 gojanur,59.12,27.0,125,57.53,22.5,166,-1.59,-4.5,-0.8,2022-23 -> 2024-25,CAVEAT: items differ across years but map to a constant competency framework. Item-level year comparisons mix learning and instrument change; competency-level comparisons are more defensible (still assume similar difficulty within competency). Prefer rankings and competency-level statements across years.
Kodagu,B0129 somavarpet,C1013 kudige,3830 kudige,56.67,15.0,51,55.11,25.0,45,-1.56,10.0,-0.78,2022-23 -> 2024-25,CAVEAT: items differ across years but map to a constant competency framework. Item-level year comparisons mix learning and instrument change; competency-level comparisons are more defensible (still assume similar difficulty within competency). Prefer rankings and competency-level statements across years.
Bengaluru Rural,B0040 devanahalli,C1693 venkatagirikote,854 avathi,86.67,70.0,51,85.13,60.0,79,-1.54,-10.0,-0.77,2022-23 -> 2024-25,CAVEAT: items differ across years but map to a constant competency framework. Item-level year comparisons mix learning and instrument change; competency-level comparisons are more defensible (still assume similar difficulty within competency). Prefer rankings and competency-level statements across years.
Kodagu,B0140 virajpet,C1044 kutta,3965 kutta,34.8,5.0,76,33.26,5.0,72,-1.54,0.0,-0.77,2022-23 -> 2024-25,CAVEAT: items differ across years but map to a constant competency framework. Item-level year comparisons mix learning and instrument change; competency-level comparisons are more defensible (still assume similar difficulty within competency). Prefer rankings and competency-level statements across years.
Mandya,B0103 nagamangala,C0015 addihalli,1879 doddabala,63.84,36.0,43,62.31,9.0,39,-1.53,-27.0,-0.76,2022-23 -> 2024-25,CAVEAT: items differ across years but map to a constant competency framework. Item-level year comparisons mix learning and instrument change; competency-level comparisons are more defensible (still assume similar difficulty within competency). Prefer rankings and competency-level statements across years.
Raichur,B0096 manvi,C1037 kurdi,807 aroli,49.84,20.0,95,48.33,15.0,144,-1.51,-5.0,-0.76,2022-23 -> 2024-25,CAVEAT: items differ across years but map to a constant competency framework. Item-level year comparisons mix learning and instrument change; competency-level comparisons are more defensible (still assume similar difficulty within competency). Prefer rankings and competency-level statements across years.
Chikkaballapura,B0010 bagepally,C1726 yallampalli,6082 yallampalli,43.8,10.0,125,42.3,5.5,102,-1.5,-4.5,-0.75,2022-23 -> 2024-25,CAVEAT: items differ across years but map to a constant competency framework. Item-level year comparisons mix learning and instrument change; competency-level comparisons are more defensible (still assume similar difficulty within competency). Prefer rankings and competency-level statements across years.
Raichur,B0126 sindhanur,C1374 ragalparvi,5038 ragalaparavi,49.69,20.0,98,48.19,15.0,102,-1.5,-5.0,-0.75,2022-23 -> 2024-25,CAVEAT: items differ across years but map to a constant competency framework. Item-level year comparisons mix learning and instrument change; competency-level comparisons are more defensible (still assume similar difficulty within competency). Prefer rankings and competency-level statements across years.
Chikkaballapura,B0034 chintamani,C0978 konapalli,3492 kattariguppa,54.86,15.0,71,53.37,17.5,86,-1.49,2.5,-0.74,2022-23 -> 2024-25,CAVEAT: items differ across years but map to a constant competency framework. Item-level year comparisons mix learning and instrument change; competency-level comparisons are more defensible (still assume similar difficulty within competency). Prefer rankings and competency-level statements across years.
Kalaburagi,B0073 jewargi,C0794 jeratagi,213009039 ranjanagi,42.03,5.0,158,40.59,13.5,128,-1.44,8.5,-0.72,2022-23 -> 2024-25,CAVEAT: items differ across years but map to a constant competency framework. Item-level year comparisons mix learning and instrument change; competency-level comparisons are more defensible (still assume similar difficulty within competency). Prefer rankings and competency-level statements across years.
Bidar,B0019 bhalki,C0583 halsi (l),2942 inchur,36.96,10.0,56,35.53,5.0,57,-1.43,-5.0,-0.72,2022-23 -> 2024-25,CAVEAT: items differ across years but map to a constant competency framework. Item-level year comparisons mix learning and instrument change; competency-level comparisons are more defensible (still assume similar difficulty within competency). Prefer rankings and competency-level statements across years.
Tumakuru,B0137 turuvekere,C0375 dandina shivara,1735 dandinashivara,58.59,15.0,71,57.16,20.0,88,-1.43,5.0,-0.72,2022-23 -> 2024-25,CAVEAT: items differ across years but map to a constant competency framework. Item-level year comparisons mix learning and instrument change; competency-level comparisons are more defensible (still assume similar difficulty within competency). Prefer rankings and competency-level statements across years.
Koppal,B0088 kustagi,C0603 hanumanal,2430 hanumanal,57.97,17.0,185,56.56,20.0,167,-1.41,3.0,-0.7,2022-23 -> 2024-25,CAVEAT: items differ across years but map to a constant competency framework. Item-level year comparisons mix learning and instrument change; competency-level comparisons are more defensible (still assume similar difficulty within competency). Prefer rankings and competency-level statements across years.
Chitradurga,B0026 challakere,C0004 abbenahalli,500 abbenahalli,44.35,0.0,192,42.95,5.0,139,-1.4,5.0,-0.7,2022-23 -> 2024-25,CAVEAT: items differ across years but map to a constant competency framework. Item-level year comparisons mix learning and instrument change; competency-level comparisons are more defensible (still assume similar difficulty within competency). Prefer rankings and competency-level statements across years.
Bidar,B0020 bidar,C1122 mandaknalli,4228 mandaknalli,43.69,10.0,111,42.31,10.0,80,-1.38,0.0,-0.69,2022-23 -> 2024-25,CAVEAT: items differ across years but map to a constant competency framework. Item-level year comparisons mix learning and instrument change; competency-level comparisons are more defensible (still assume similar difficulty within competency). Prefer rankings and competency-level statements across years.
Vijayanagara,B0084 kudligi,C0360 chiribi,1658 chiribi,74.8,60.0,128,73.42,50.0,114,-1.38,-10.0,-0.69,2022-23 -> 2024-25,CAVEAT: items differ across years but map to a constant competency framework. Item-level year comparisons mix learning and instrument change; competency-level comparisons are more defensible (still assume similar difficulty within competency). Prefer rankings and competency-level statements across years.
Raichur,B0089 lingasugur,C1141 maraladinni,4289 maraladinni,40.2,5.0,128,38.83,5.0,103,-1.37,0.0,-0.68,2022-23 -> 2024-25,CAVEAT: items differ across years but map to a constant competency framework. Item-level year comparisons mix learning and instrument change; competency-level comparisons are more defensible (still assume similar difficulty within competency). Prefer rankings and competency-level statements across years.
Chikkaballapura,B0034 chintamani,C0265 booragamakalahalli,4899 oolavadi,68.45,30.0,74,67.13,20.0,87,-1.32,-10.0,-0.66,2022-23 -> 2024-25,CAVEAT: items differ across years but map to a constant competency framework. Item-level year comparisons mix learning and instrument change; competency-level comparisons are more defensible (still assume similar difficulty within competency). Prefer rankings and competency-level statements across years.
Bagalkote,B0069 hunagund,C0317 chicknal,1558 chikanal,62.41,25.0,108,61.12,25.0,80,-1.29,0.0,-0.64,2022-23 -> 2024-25,CAVEAT: items differ across years but map to a constant competency framework. Item-level year comparisons mix learning and instrument change; competency-level comparisons are more defensible (still assume similar difficulty within competency). Prefer rankings and competency-level statements across years.
Kolar,B0131 srinivasapur,C0290 chaldiganahalli,1534 cheldiganahalli,55.68,25.0,59,54.43,20.0,61,-1.25,-5.0,-0.62,2022-23 -> 2024-25,CAVEAT: items differ across years but map to a constant competency framework. Item-level year comparisons mix learning and instrument change; competency-level comparisons are more defensible (still assume similar difficulty within competency). Prefer rankings and competency-level statements across years.
Kodagu,B0129 somavarpet,C1476 shanivarsanthe,1964 dundalli,71.25,38.5,28,70.0,46.0,9,-1.25,7.5,-0.62,2022-23 -> 2024-25,CAVEAT: items differ across years but map to a constant competency framework. Item-level year comparisons mix learning and instrument change; competency-level comparisons are more defensible (still assume similar difficulty within competency). Prefer rankings and competency-level statements across years.
Kalaburagi,B0033 chincholi,C0312 chengata,1542 chengata,40.57,2.0,175,39.33,8.5,178,-1.24,6.5,-0.62,2022-23 -> 2024-25,CAVEAT: items differ across years but map to a constant competency framework. Item-level year comparisons mix learning and instrument change; competency-level comparisons are more defensible (still assume similar difficulty within competency). Prefer rankings and competency-level statements across years.
Kalaburagi,B0002 aland,C0676 hodalur,2705 hodloor,37.66,5.0,145,36.43,2.0,115,-1.23,-3.0,-0.62,2022-23 -> 2024-25,CAVEAT: items differ across years but map to a constant competency framework. Item-level year comparisons mix learning and instrument change; competency-level comparisons are more defensible (still assume similar difficulty within competency). Prefer rankings and competency-level statements across years.
Ballari,B0012 ballari east,C1510 sirivara,5437 sirivara,58.5,30.0,203,57.28,25.0,219,-1.22,-5.0,-0.61,2022-23 -> 2024-25,CAVEAT: items differ across years but map to a constant competency framework. Item-level year comparisons mix learning and instrument change; competency-level comparisons are more defensible (still assume similar difficulty within competency). Prefer rankings and competency-level statements across years.
Vijayanagara,B0052 hagaribommanahalli,C0956 kogali,651 ambali,51.56,15.0,151,50.34,15.0,117,-1.22,0.0,-0.61,2022-23 -> 2024-25,CAVEAT: items differ across years but map to a constant competency framework. Item-level year comparisons mix learning and instrument change; competency-level comparisons are more defensible (still assume similar difficulty within competency). Prefer rankings and competency-level statements across years.
Chamarajanagara,B0080 kollegala,C1460 sathegala,5262 sathegala,45.53,10.0,217,44.32,10.0,176,-1.21,0.0,-0.6,2022-23 -> 2024-25,CAVEAT: items differ across years but map to a constant competency framework. Item-level year comparisons mix learning and instrument change; competency-level comparisons are more defensible (still assume similar difficulty within competency). Prefer rankings and competency-level statements across years.
Raichur,B0111 raichur,C1742 yelebichali,6136 yelibichali,45.39,0.0,165,44.18,10.0,134,-1.21,10.0,-0.6,2022-23 -> 2024-25,CAVEAT: items differ across years but map to a constant competency framework. Item-level year comparisons mix learning and instrument change; competency-level comparisons are more defensible (still assume similar difficulty within competency). Prefer rankings and competency-level statements across years.
Davanagere,B0028 channagiri,C1449 santhebennuru-1,5220 santhebennuru,58.65,20.0,96,57.44,15.0,133,-1.21,-5.0,-0.6,2022-23 -> 2024-25,CAVEAT: items differ across years but map to a constant competency framework. Item-level year comparisons mix learning and instrument change; competency-level comparisons are more defensible (still assume similar difficulty within competency). Prefer rankings and competency-level statements across years.
Chamarajanagara,B0050 gundlupet,C0231 bheemanabeedu,3962 kuthanuru,61.0,20.0,100,59.8,34.0,49,-1.2,14.0,-0.6,2022-23 -> 2024-25,CAVEAT: items differ across years but map to a constant competency framework. Item-level year comparisons mix learning and instrument change; competency-level comparisons are more defensible (still assume similar difficulty within competency). Prefer rankings and competency-level statements across years.
Gadag,B0122 shirhatti,C0287 chabbi,1462 chabbi,53.83,20.0,132,52.65,25.0,136,-1.18,5.0,-0.59,2022-23 -> 2024-25,CAVEAT: items differ across years but map to a constant competency framework. Item-level year comparisons mix learning and instrument change; competency-level comparisons are more defensible (still assume similar difficulty within competency). Prefer rankings and competency-level statements across years.
Chikkaballapura,B0010 bagepally,C1148 marganukunte,4285 maraganakunte,31.05,5.0,128,29.89,5.0,92,-1.16,0.0,-0.58,2022-23 -> 2024-25,CAVEAT: items differ across years but map to a constant competency framework. Item-level year comparisons mix learning and instrument change; competency-level comparisons are more defensible (still assume similar difficulty within competency). Prefer rankings and competency-level statements across years.
Kalaburagi,B0119 sedam,C0965 kolakunda,3703 kolkunta,37.58,5.0,95,36.43,5.0,105,-1.15,0.0,-0.58,2022-23 -> 2024-25,CAVEAT: items differ across years but map to a constant competency framework. Item-level year comparisons mix learning and instrument change; competency-level comparisons are more defensible (still assume similar difficulty within competency). Prefer rankings and competency-level statements across years.
Bidar,B0007 aurad,C1209 mudhol (b),4507 mudhol (b),71.73,40.0,52,70.59,40.0,76,-1.14,0.0,-0.57,2022-23 -> 2024-25,CAVEAT: items differ across years but map to a constant competency framework. Item-level year comparisons mix learning and instrument change; competency-level comparisons are more defensible (still assume similar difficulty within competency). Prefer rankings and competency-level statements across years.
Bengaluru Rural,B0042 doddaballapura,C1604 thippuru,5730 thippuru,53.91,15.0,124,52.78,15.0,117,-1.13,0.0,-0.56,2022-23 -> 2024-25,CAVEAT: items differ across years but map to a constant competency framework. Item-level year comparisons mix learning and instrument change; competency-level comparisons are more defensible (still assume similar difficulty within competency). Prefer rankings and competency-level statements across years.
Davanagere,B0037 davanagere(n),C0886 kandanakovi,3363 kandanakovi,56.83,10.0,63,55.71,5.0,49,-1.12,-5.0,-0.56,2022-23 -> 2024-25,CAVEAT: items differ across years but map to a constant competency framework. Item-level year comparisons mix learning and instrument change; competency-level comparisons are more defensible (still assume similar difficulty within competency). Prefer rankings and competency-level statements across years.
Vijayanagara,B0052 hagaribommanahalli,C0380 dashamapura,6205 vallabhapura,45.04,10.5,122,43.97,15.0,146,-1.07,4.5,-0.54,2022-23 -> 2024-25,CAVEAT: items differ across years but map to a constant competency framework. Item-level year comparisons mix learning and instrument change; competency-level comparisons are more defensible (still assume similar difficulty within competency). Prefer rankings and competency-level statements across years.
Chikkaballapura,B0010 bagepally,C0008 achaganapalli,6178 poolanaikanahalli,45.9,5.0,78,44.88,10.0,82,-1.02,5.0,-0.51,2022-23 -> 2024-25,CAVEAT: items differ across years but map to a constant competency framework. Item-level year comparisons mix learning and instrument change; competency-level comparisons are more defensible (still assume similar difficulty within competency). Prefer rankings and competency-level statements across years.
Chikkaballapura,B0010 bagepally,C0537 gulur,4697 nallappareddipalli,43.85,5.0,96,42.83,5.0,76,-1.02,0.0,-0.51,2022-23 -> 2024-25,CAVEAT: items differ across years but map to a constant competency framework. Item-level year comparisons mix learning and instrument change; competency-level comparisons are more defensible (still assume similar difficulty within competency). Prefer rankings and competency-level statements across years.
Chitradurga,B0063 hosadurga,C0883 kanchipura,1459 c.b.kere,52.71,10.0,94,51.7,5.0,103,-1.01,-5.0,-0.5,2022-23 -> 2024-25,CAVEAT: items differ across years but map to a constant competency framework. Item-level year comparisons mix learning and instrument change; competency-level comparisons are more defensible (still assume similar difficulty within competency). Prefer rankings and competency-level statements across years.
Chikkaballapura,B0034 chintamani,C1563 talagavara,5225 santhekallahalli,53.65,15.0,156,52.65,10.0,151,-1.0,-5.0,-0.5,2022-23 -> 2024-25,CAVEAT: items differ across years but map to a constant competency framework. Item-level year comparisons mix learning and instrument change; competency-level comparisons are more defensible (still assume similar difficulty within competency). Prefer rankings and competency-level statements across years.
Kalaburagi,B0049 gulbarga south,C1445 sannur,5218 sannor,42.74,10.0,175,41.76,5.0,148,-0.98,-5.0,-0.49,2022-23 -> 2024-25,CAVEAT: items differ across years but map to a constant competency framework. Item-level year comparisons mix learning and instrument change; competency-level comparisons are more defensible (still assume similar difficulty within competency). Prefer rankings and competency-level statements across years.
Chitradurga,B0026 challakere,C1553 t n kote,5589 t.n.kote,53.84,10.0,155,52.94,15.0,160,-0.9,5.0,-0.45,2022-23 -> 2024-25,CAVEAT: items differ across years but map to a constant competency framework. Item-level year comparisons mix learning and instrument change; competency-level comparisons are more defensible (still assume similar difficulty within competency). Prefer rankings and competency-level statements across years.
Chamarajanagara,B0054 hanur,C1076 maaralli,5528 suleripalya,43.67,5.0,124,42.78,15.0,106,-0.89,10.0,-0.44,2022-23 -> 2024-25,CAVEAT: items differ across years but map to a constant competency framework. Item-level year comparisons mix learning and instrument change; competency-level comparisons are more defensible (still assume similar difficulty within competency). Prefer rankings and competency-level statements across years.
Bagalkote,B0099 mudhol,C0631 hebbal,3474 kasabajambagi,48.13,10.0,91,47.24,15.0,127,-0.89,5.0,-0.44,2022-23 -> 2024-25,CAVEAT: items differ across years but map to a constant competency framework. Item-level year comparisons mix learning and instrument change; competency-level comparisons are more defensible (still assume similar difficulty within competency). Prefer rankings and competency-level statements across years.
Bengaluru Rural,B0040 devanahalli,C0239 bidaluru,1309 bidaluru,89.13,75.0,149,88.27,75.0,147,-0.86,0.0,-0.43,2022-23 -> 2024-25,CAVEAT: items differ across years but map to a constant competency framework. Item-level year comparisons mix learning and instrument change; competency-level comparisons are more defensible (still assume similar difficulty within competency). Prefer rankings and competency-level statements across years.
Raichur,B0126 sindhanur,C0033 albanur,585 alabanur,36.96,4.0,219,36.11,0.0,189,-0.85,-4.0,-0.42,2022-23 -> 2024-25,CAVEAT: items differ across years but map to a constant competency framework. Item-level year comparisons mix learning and instrument change; competency-level comparisons are more defensible (still assume similar difficulty within competency). Prefer rankings and competency-level statements across years.
Chikkaballapura,B0124 sidlaghatta,C0453 e thimmasandra,1974 e thimmasandra,41.16,0.0,121,40.31,5.0,98,-0.85,5.0,-0.42,2022-23 -> 2024-25,CAVEAT: items differ across years but map to a constant competency framework. Item-level year comparisons mix learning and instrument change; competency-level comparisons are more defensible (still assume similar difficulty within competency). Prefer rankings and competency-level statements across years.
Gadag,B0105 naragund,C1549 surakod,2291 hadali,58.85,9.0,139,58.0,22.0,155,-0.85,13.0,-0.42,2022-23 -> 2024-25,CAVEAT: items differ across years but map to a constant competency framework. Item-level year comparisons mix learning and instrument change; competency-level comparisons are more defensible (still assume similar difficulty within competency). Prefer rankings and competency-level statements across years.
Dharwad,B0106 navalgund,C0789 javoor,3059 javur,50.71,10.0,148,49.86,15.0,145,-0.85,5.0,-0.42,2022-23 -> 2024-25,CAVEAT: items differ across years but map to a constant competency framework. Item-level year comparisons mix learning and instrument change; competency-level comparisons are more defensible (still assume similar difficulty within competency). Prefer rankings and competency-level statements across years.
Chamarajanagara,B0080 kollegala,C0996 kothanur,1587 chikkalluru,49.4,15.0,92,48.56,10.0,80,-0.84,-5.0,-0.42,2022-23 -> 2024-25,CAVEAT: items differ across years but map to a constant competency framework. Item-level year comparisons mix learning and instrument change; competency-level comparisons are more defensible (still assume similar difficulty within competency). Prefer rankings and competency-level statements across years.
Dharwad,B0086 kundagol,C0618 harlapur,2476 harlaapur,66.41,39.0,149,65.57,35.0,176,-0.84,-4.0,-0.42,2022-23 -> 2024-25,CAVEAT: items differ across years but map to a constant competency framework. Item-level year comparisons mix learning and instrument change; competency-level comparisons are more defensible (still assume similar difficulty within competency). Prefer rankings and competency-level statements across years.
Bengaluru Rural,B0064 hosakote,C1435 samethanahalli,5185 samethanahalli,60.28,25.0,211,59.47,25.0,113,-0.81,0.0,-0.4,2022-23 -> 2024-25,CAVEAT: items differ across years but map to a constant competency framework. Item-level year comparisons mix learning and instrument change; competency-level comparisons are more defensible (still assume similar difficulty within competency). Prefer rankings and competency-level statements across years.
Bidar,B0007 aurad,C0354 chintaki,1651 chintaki,38.72,3.0,117,37.92,5.0,48,-0.8,2.0,-0.4,2022-23 -> 2024-25,CAVEAT: items differ across years but map to a constant competency framework. Item-level year comparisons mix learning and instrument change; competency-level comparisons are more defensible (still assume similar difficulty within competency). Prefer rankings and competency-level statements across years.
Davanagere,B0056 harihara,C0163 banuvalli,1054 banuvalli,44.36,5.0,211,43.57,0.0,126,-0.79,-5.0,-0.4,2022-23 -> 2024-25,CAVEAT: items differ across years but map to a constant competency framework. Item-level year comparisons mix learning and instrument change; competency-level comparisons are more defensible (still assume similar difficulty within competency). Prefer rankings and competency-level statements across years.
Raichur,B0126 sindhanur,C0540 gunda,2238 gunda,56.97,10.5,132,56.19,25.0,194,-0.78,14.5,-0.39,2022-23 -> 2024-25,CAVEAT: items differ across years but map to a constant competency framework. Item-level year comparisons mix learning and instrument change; competency-level comparisons are more defensible (still assume similar difficulty within competency). Prefer rankings and competency-level statements across years.
Chitradurga,B0059 hiriyur,C0017 adivala,2176 gowdanahalli,43.64,5.0,176,42.88,5.0,156,-0.76,0.0,-0.38,2022-23 -> 2024-25,CAVEAT: items differ across years but map to a constant competency framework. Item-level year comparisons mix learning and instrument change; competency-level comparisons are more defensible (still assume similar difficulty within competency). Prefer rankings and competency-level statements across years.
Yadgir,B0141 yadgir,C1370 putpak,1489 chandarki,46.32,6.0,53,45.58,14.5,60,-0.74,8.5,-0.37,2022-23 -> 2024-25,CAVEAT: items differ across years but map to a constant competency framework. Item-level year comparisons mix learning and instrument change; competency-level comparisons are more defensible (still assume similar difficulty within competency). Prefer rankings and competency-level statements across years.
Bengaluru Rural,B0040 devanahalli,C0263 boodigere,2049 gangavara,84.1,55.0,50,83.36,65.0,67,-0.74,10.0,-0.37,2022-23 -> 2024-25,CAVEAT: items differ across years but map to a constant competency framework. Item-level year comparisons mix learning and instrument change; competency-level comparisons are more defensible (still assume similar difficulty within competency). Prefer rankings and competency-level statements across years.
Belagavi,B0045 gokak,C1098 makkalgeri,4141 makkalageri,69.21,40.0,152,68.48,40.0,198,-0.73,0.0,-0.36,2022-23 -> 2024-25,CAVEAT: items differ across years but map to a constant competency framework. Item-level year comparisons mix learning and instrument change; competency-level comparisons are more defensible (still assume similar difficulty within competency). Prefer rankings and competency-level statements across years.
Bidar,B0019 bhalki,C0570 halbarga (urdu),1437 byalhalli (k),25.97,0.0,119,25.31,0.0,144,-0.66,0.0,-0.33,2022-23 -> 2024-25,CAVEAT: items differ across years but map to a constant competency framework. Item-level year comparisons mix learning and instrument change; competency-level comparisons are more defensible (still assume similar difficulty within competency). Prefer rankings and competency-level statements across years.
Ballari,B0012 ballari east,C0374 dammur,1482 chanalu,53.65,20.0,126,53.0,20.0,130,-0.65,0.0,-0.32,2022-23 -> 2024-25,CAVEAT: items differ across years but map to a constant competency framework. Item-level year comparisons mix learning and instrument change; competency-level comparisons are more defensible (still assume similar difficulty within competency). Prefer rankings and competency-level statements across years.
Davanagere,B0062 honnali,C1548 surahonne,5558 surahonne,42.79,10.0,122,42.15,5.0,121,-0.64,-5.0,-0.32,2022-23 -> 2024-25,CAVEAT: items differ across years but map to a constant competency framework. Item-level year comparisons mix learning and instrument change; competency-level comparisons are more defensible (still assume similar difficulty within competency). Prefer rankings and competency-level statements across years.
Davanagere,B0028 channagiri,C0027 ajjihalli,572 ajjihalli,51.74,10.0,89,51.1,23.0,77,-0.64,13.0,-0.32,2022-23 -> 2024-25,CAVEAT: items differ across years but map to a constant competency framework. Item-level year comparisons mix learning and instrument change; competency-level comparisons are more defensible (still assume similar difficulty within competency). Prefer rankings and competency-level statements across years.
Kalaburagi,B0001 afzalpur,C0141 baluragi,995 baluragi,38.09,0.0,94,37.46,0.0,140,-0.63,0.0,-0.32,2022-23 -> 2024-25,CAVEAT: items differ across years but map to a constant competency framework. Item-level year comparisons mix learning and instrument change; competency-level comparisons are more defensible (still assume similar difficulty within competency). Prefer rankings and competency-level statements across years.
Tumakuru,B0087 kunigal,C0593 hanchipura,6046 yadavani,61.29,25.0,58,60.67,10.0,60,-0.62,-15.0,-0.31,2022-23 -> 2024-25,CAVEAT: items differ across years but map to a constant competency framework. Item-level year comparisons mix learning and instrument change; competency-level comparisons are more defensible (still assume similar difficulty within competency). Prefer rankings and competency-level statements across years.
Kolar,B0079 kolar,C0193 belamaranahalli,1163 belamaranahalli,62.41,20.5,112,61.81,31.0,83,-0.6,10.5,-0.3,2022-23 -> 2024-25,CAVEAT: items differ across years but map to a constant competency framework. Item-level year comparisons mix learning and instrument change; competency-level comparisons are more defensible (still assume similar difficulty within competency). Prefer rankings and competency-level statements across years.
Koppal,B0143 yelburga,C1738 yelaburga,6284 kallur,48.8,0.0,138,48.21,10.0,117,-0.59,10.0,-0.29,2022-23 -> 2024-25,CAVEAT: items differ across years but map to a constant competency framework. Item-level year comparisons mix learning and instrument change; competency-level comparisons are more defensible (still assume similar difficulty within competency). Prefer rankings and competency-level statements across years.
Vijayanagara,B0084 kudligi,"C1016 kudligi, for boys",3052 jarmali,44.11,5.0,84,43.55,15.0,100,-0.56,10.0,-0.28,2022-23 -> 2024-25,CAVEAT: items differ across years but map to a constant competency framework. Item-level year comparisons mix learning and instrument change; competency-level comparisons are more defensible (still assume similar difficulty within competency). Prefer rankings and competency-level statements across years.
Bidar,B0020 bidar,C0063 andura,706 andoor,50.28,5.0,72,49.72,11.5,54,-0.56,6.5,-0.28,2022-23 -> 2024-25,CAVEAT: items differ across years but map to a constant competency framework. Item-level year comparisons mix learning and instrument change; competency-level comparisons are more defensible (still assume similar difficulty within competency). Prefer rankings and competency-level statements across years.
Kalaburagi,B0049 gulbarga south,C1355 pattan,4974 pattan,39.06,5.0,176,38.5,10.0,160,-0.56,5.0,-0.28,2022-23 -> 2024-25,CAVEAT: items differ across years but map to a constant competency framework. Item-level year comparisons mix learning and instrument change; competency-level comparisons are more defensible (still assume similar difficulty within competency). Prefer rankings and competency-level statements across years.
Bengaluru Rural,B0107 nelamangala,C1142 maralakunte,4290 maralakunte,68.56,40.0,118,68.05,35.0,113,-0.51,-5.0,-0.26,2022-23 -> 2024-25,CAVEAT: items differ across years but map to a constant competency framework. Item-level year comparisons mix learning and instrument change; competency-level comparisons are more defensible (still assume similar difficulty within competency). Prefer rankings and competency-level statements across years.
Chitradurga,B0060 holalkere,C0241 bidarakere,1317 bidarakere,56.95,10.0,110,56.47,15.0,85,-0.48,5.0,-0.24,2022-23 -> 2024-25,CAVEAT: items differ across years but map to a constant competency framework. Item-level year comparisons mix learning and instrument change; competency-level comparisons are more defensible (still assume similar difficulty within competency). Prefer rankings and competency-level statements across years.
Chikkaballapura,B0030 chikkaballapur,C0574 haleperasandra,523 addagal,55.91,22.0,55,55.46,30.0,54,-0.45,8.0,-0.22,2022-23 -> 2024-25,CAVEAT: items differ across years but map to a constant competency framework. Item-level year comparisons mix learning and instrument change; competency-level comparisons are more defensible (still assume similar difficulty within competency). Prefer rankings and competency-level statements across years.
Mysuru,B0104 nanjanagud,C0643 hemmaragala,2576 hemmaragala,48.87,5.0,173,48.42,20.0,101,-0.45,15.0,-0.22,2022-23 -> 2024-25,CAVEAT: items differ across years but map to a constant competency framework. Item-level year comparisons mix learning and instrument change; competency-level comparisons are more defensible (still assume similar difficulty within competency). Prefer rankings and competency-level statements across years.
Tumakuru,B0136 tumkur,C0609 haraluru,2454 haraluuru,70.06,31.0,83,69.61,40.0,114,-0.45,9.0,-0.22,2022-23 -> 2024-25,CAVEAT: items differ across years but map to a constant competency framework. Item-level year comparisons mix learning and instrument change; competency-level comparisons are more defensible (still assume similar difficulty within competency). Prefer rankings and competency-level statements across years.
Yadgir,B0120 shahapur,C0306 chatnalli,2914 ibrahimpur (y),44.68,8.0,77,44.27,5.0,96,-0.41,-3.0,-0.2,2022-23 -> 2024-25,CAVEAT: items differ across years but map to a constant competency framework. Item-level year comparisons mix learning and instrument change; competency-level comparisons are more defensible (still assume similar difficulty within competency). Prefer rankings and competency-level statements across years.
Raichur,B0111 raichur,C1731 yaragera,6105 yeragera,83.42,65.0,221,83.02,64.0,159,-0.4,-1.0,-0.2,2022-23 -> 2024-25,CAVEAT: items differ across years but map to a constant competency framework. Item-level year comparisons mix learning and instrument change; competency-level comparisons are more defensible (still assume similar difficulty within competency). Prefer rankings and competency-level statements across years.
Raichur,B0089 lingasugur,C1691 veerapur,2082 gejjelgatta,53.35,25.0,124,52.98,25.0,114,-0.37,0.0,-0.18,2022-23 -> 2024-25,CAVEAT: items differ across years but map to a constant competency framework. Item-level year comparisons mix learning and instrument change; competency-level comparisons are more defensible (still assume similar difficulty within competency). Prefer rankings and competency-level statements across years.
Chitradurga,B0035 chitradurga,C0759 iyyanahalli kurubarahatti,2937 inalli,35.33,0.0,106,35.0,2.0,135,-0.33,2.0,-0.16,2022-23 -> 2024-25,CAVEAT: items differ across years but map to a constant competency framework. Item-level year comparisons mix learning and instrument change; competency-level comparisons are more defensible (still assume similar difficulty within competency). Prefer rankings and competency-level statements across years.
Koppal,B0085 kuknoor,C1126 mangalore,4244 mangalore,50.03,15.0,160,49.73,20.0,148,-0.3,5.0,-0.15,2022-23 -> 2024-25,CAVEAT: items differ across years but map to a constant competency framework. Item-level year comparisons mix learning and instrument change; competency-level comparisons are more defensible (still assume similar difficulty within competency). Prefer rankings and competency-level statements across years.
Chitradurga,B0059 hiriyur,C0616 hariyebbe,3336 kanajanahalli,41.5,5.0,160,41.2,0.0,163,-0.3,-5.0,-0.15,2022-23 -> 2024-25,CAVEAT: items differ across years but map to a constant competency framework. Item-level year comparisons mix learning and instrument change; competency-level comparisons are more defensible (still assume similar difficulty within competency). Prefer rankings and competency-level statements across years.
Kolar,B0131 srinivasapur,C1038 kurigepalli,3928 kurigepalli,46.61,9.0,59,46.32,10.0,57,-0.29,1.0,-0.14,2022-23 -> 2024-25,CAVEAT: items differ across years but map to a constant competency framework. Item-level year comparisons mix learning and instrument change; competency-level comparisons are more defensible (still assume similar difficulty within competency). Prefer rankings and competency-level statements across years.
Kalaburagi,B0033 chincholi,C1311 nidgunda,3562 kerolli,33.2,0.0,100,32.93,5.0,58,-0.27,5.0,-0.14,2022-23 -> 2024-25,CAVEAT: items differ across years but map to a constant competency framework. Item-level year comparisons mix learning and instrument change; competency-level comparisons are more defensible (still assume similar difficulty within competency). Prefer rankings and competency-level statements across years.
Bengaluru Rural,B0040 devanahalli,C0247 bijjavara,3774 koramangala,80.43,50.0,47,80.19,55.5,52,-0.24,5.5,-0.12,2022-23 -> 2024-25,CAVEAT: items differ across years but map to a constant competency framework. Item-level year comparisons mix learning and instrument change; competency-level comparisons are more defensible (still assume similar difficulty within competency). Prefer rankings and competency-level statements across years.
Chikkaballapura,B0030 chikkaballapur,C1146 marasanahalli,2481 harobande,62.5,25.0,98,62.3,25.0,113,-0.2,0.0,-0.1,2022-23 -> 2024-25,CAVEAT: items differ across years but map to a constant competency framework. Item-level year comparisons mix learning and instrument change; competency-level comparisons are more defensible (still assume similar difficulty within competency). Prefer rankings and competency-level statements across years.
Chitradurga,B0060 holalkere,C1387 ramagiri,2047 gangasamudra,37.94,5.0,80,37.75,0.0,60,-0.19,-5.0,-0.1,2022-23 -> 2024-25,CAVEAT: items differ across years but map to a constant competency framework. Item-level year comparisons mix learning and instrument change; competency-level comparisons are more defensible (still assume similar difficulty within competency). Prefer rankings and competency-level statements across years.
Kalaburagi,B0002 aland,C0451 duttargaon,6183 dannuru,31.61,0.0,112,31.44,0.0,94,-0.17,0.0,-0.08,2022-23 -> 2024-25,CAVEAT: items differ across years but map to a constant competency framework. Item-level year comparisons mix learning and instrument change; competency-level comparisons are more defensible (still assume similar difficulty within competency). Prefer rankings and competency-level statements across years.
Yadgir,B0120 shahapur,C1251 naganatagi,2114 gogi (p),55.0,20.0,80,54.84,20.0,129,-0.16,0.0,-0.08,2022-23 -> 2024-25,CAVEAT: items differ across years but map to a constant competency framework. Item-level year comparisons mix learning and instrument change; competency-level comparisons are more defensible (still assume similar difficulty within competency). Prefer rankings and competency-level statements across years.
Vijayanagara,B0084 kudligi,"C1639 ujjini, for girls",5880 ujjini,42.14,5.0,152,41.98,5.0,227,-0.16,0.0,-0.08,2022-23 -> 2024-25,CAVEAT: items differ across years but map to a constant competency framework. Item-level year comparisons mix learning and instrument change; competency-level comparisons are more defensible (still assume similar difficulty within competency). Prefer rankings and competency-level statements across years.
Chamarajanagara,B0054 hanur,C1006 kowdalli,1908 doddalathur,56.4,20.0,82,56.25,26.5,64,-0.15,6.5,-0.08,2022-23 -> 2024-25,CAVEAT: items differ across years but map to a constant competency framework. Item-level year comparisons mix learning and instrument change; competency-level comparisons are more defensible (still assume similar difficulty within competency). Prefer rankings and competency-level statements across years.
Raichur,B0039 devadurga,C0481 ganadal,4932 palakanamaradi,45.14,5.0,141,45.0,10.0,60,-0.14,5.0,-0.07,2022-23 -> 2024-25,CAVEAT: items differ across years but map to a constant competency framework. Item-level year comparisons mix learning and instrument change; competency-level comparisons are more defensible (still assume similar difficulty within competency). Prefer rankings and competency-level statements across years.
Gadag,B0043 gadag rural,C1051 lakkundi,2477 harlapur,44.74,10.0,152,44.63,5.0,227,-0.11,-5.0,-0.06,2022-23 -> 2024-25,CAVEAT: items differ across years but map to a constant competency framework. Item-level year comparisons mix learning and instrument change; competency-level comparisons are more defensible (still assume similar difficulty within competency). Prefer rankings and competency-level statements across years.
Kolar,B0131 srinivasapur,C1368 pulugoorkote,5018 pulagurakote,44.9,5.0,143,44.82,5.0,113,-0.08,0.0,-0.04,2022-23 -> 2024-25,CAVEAT: items differ across years but map to a constant competency framework. Item-level year comparisons mix learning and instrument change; competency-level comparisons are more defensible (still assume similar difficulty within competency). Prefer rankings and competency-level statements across years.
Davanagere,B0028 channagiri,C0838 kakanur,6438 kakanur,53.72,13.0,39,53.67,24.0,49,-0.05,11.0,-0.02,2022-23 -> 2024-25,CAVEAT: items differ across years but map to a constant competency framework. Item-level year comparisons mix learning and instrument change; competency-level comparisons are more defensible (still assume similar difficulty within competency). Prefer rankings and competency-level statements across years.
Kalaburagi,B0119 sedam,C0965 kolakunda,3011 jakanpalli,28.18,0.0,137,28.13,0.0,107,-0.05,0.0,-0.02,2022-23 -> 2024-25,CAVEAT: items differ across years but map to a constant competency framework. Item-level year comparisons mix learning and instrument change; competency-level comparisons are more defensible (still assume similar difficulty within competency). Prefer rankings and competency-level statements across years.
Bidar,B0015 basavakalyan,C1382 rajeshwar,2389 hanamanth wadi r,27.98,0.0,52,27.98,0.0,47,0.0,0.0,0.0,2022-23 -> 2024-25,CAVEAT: items differ across years but map to a constant competency framework. Item-level year comparisons mix learning and instrument change; competency-level comparisons are more defensible (still assume similar difficulty within competency). Prefer rankings and competency-level statements across years.
Kodagu,B0092 madikeri,C0216 bhagamandala,3886 kundacheri,61.98,33.5,48,62.0,32.0,45,0.02,-1.5,0.01,2022-23 -> 2024-25,CAVEAT: items differ across years but map to a constant competency framework. Item-level year comparisons mix learning and instrument change; competency-level comparisons are more defensible (still assume similar difficulty within competency). Prefer rankings and competency-level statements across years.
Kalaburagi,B0119 sedam,C0010 adaki,514 adaki,40.82,5.0,164,40.85,10.0,124,0.03,5.0,0.02,2022-23 -> 2024-25,CAVEAT: items differ across years but map to a constant competency framework. Item-level year comparisons mix learning and instrument change; competency-level comparisons are more defensible (still assume similar difficulty within competency). Prefer rankings and competency-level statements across years.
Kalaburagi,B0036 chittapur,C0038 allolli,595 alahalli,31.16,0.0,160,31.21,5.0,170,0.05,5.0,0.02,2022-23 -> 2024-25,CAVEAT: items differ across years but map to a constant competency framework. Item-level year comparisons mix learning and instrument change; competency-level comparisons are more defensible (still assume similar difficulty within competency). Prefer rankings and competency-level statements across years.
Kalaburagi,B0002 aland,C0676 hodalur,605 alanga,33.6,5.0,118,33.66,5.0,93,0.06,0.0,0.03,2022-23 -> 2024-25,CAVEAT: items differ across years but map to a constant competency framework. Item-level year comparisons mix learning and instrument change; competency-level comparisons are more defensible (still assume similar difficulty within competency). Prefer rankings and competency-level statements across years.
Yadgir,B0141 yadgir,C0984 konkal,1644 chinnakar,32.99,5.0,112,33.07,0.0,127,0.08,-5.0,0.04,2022-23 -> 2024-25,CAVEAT: items differ across years but map to a constant competency framework. Item-level year comparisons mix learning and instrument change; competency-level comparisons are more defensible (still assume similar difficulty within competency). Prefer rankings and competency-level statements across years.
Gadag,B0102 mundaragi,C0667 hirewaddtti,2679 hirewaddatti,55.53,20.0,142,55.61,20.0,163,0.08,0.0,0.04,2022-23 -> 2024-25,CAVEAT: items differ across years but map to a constant competency framework. Item-level year comparisons mix learning and instrument change; competency-level comparisons are more defensible (still assume similar difficulty within competency). Prefer rankings and competency-level statements across years.
Ballari,B0128 siruguppa,C1010 kudarhal,6236 bagewadi (b),30.44,5.0,135,30.53,0.0,189,0.09,-5.0,0.04,2022-23 -> 2024-25,CAVEAT: items differ across years but map to a constant competency framework. Item-level year comparisons mix learning and instrument change; competency-level comparisons are more defensible (still assume similar difficulty within competency). Prefer rankings and competency-level statements across years.
Chitradurga,B0035 chitradurga,C0459 esamudra,3231 kalagere,41.67,10.0,210,41.77,10.0,235,0.1,0.0,0.05,2022-23 -> 2024-25,CAVEAT: items differ across years but map to a constant competency framework. Item-level year comparisons mix learning and instrument change; competency-level comparisons are more defensible (still assume similar difficulty within competency). Prefer rankings and competency-level statements across years.
Koppal,B0085 kuknoor,C1020 kukanoor,6279 masab hanchinhal,45.8,14.5,100,45.91,10.0,121,0.11,-4.5,0.06,2022-23 -> 2024-25,CAVEAT: items differ across years but map to a constant competency framework. Item-level year comparisons mix learning and instrument change; competency-level comparisons are more defensible (still assume similar difficulty within competency). Prefer rankings and competency-level statements across years.
Kalaburagi,B0073 jewargi,C1286 naribol,213009043 madari,33.08,5.0,138,33.19,0.0,105,0.11,-5.0,0.06,2022-23 -> 2024-25,CAVEAT: items differ across years but map to a constant competency framework. Item-level year comparisons mix learning and instrument change; competency-level comparisons are more defensible (still assume similar difficulty within competency). Prefer rankings and competency-level statements across years.
Kalaburagi,B0033 chincholi,C0347 chimmaidalai,747 anwar,47.18,0.0,55,47.3,5.0,50,0.12,5.0,0.06,2022-23 -> 2024-25,CAVEAT: items differ across years but map to a constant competency framework. Item-level year comparisons mix learning and instrument change; competency-level comparisons are more defensible (still assume similar difficulty within competency). Prefer rankings and competency-level statements across years.
Belagavi,B0067 hukkeri,C1310 nidasoshi,4839 nidasoshi,70.52,45.0,144,70.64,35.0,188,0.12,-10.0,0.06,2022-23 -> 2024-25,CAVEAT: items differ across years but map to a constant competency framework. Item-level year comparisons mix learning and instrument change; competency-level comparisons are more defensible (still assume similar difficulty within competency). Prefer rankings and competency-level statements across years.
Mysuru,B0104 nanjanagud,C1551 sutturu,5568 sutturu,54.31,5.0,137,54.5,15.0,121,0.19,10.0,0.1,2022-23 -> 2024-25,CAVEAT: items differ across years but map to a constant competency framework. Item-level year comparisons mix learning and instrument change; competency-level comparisons are more defensible (still assume similar difficulty within competency). Prefer rankings and competency-level statements across years.
Chitradurga,B0035 chitradurga,C1073 m.k.hatti,4044 m.k.hatti,48.76,10.0,194,49.02,10.0,158,0.26,0.0,0.13,2022-23 -> 2024-25,CAVEAT: items differ across years but map to a constant competency framework. Item-level year comparisons mix learning and instrument change; competency-level comparisons are more defensible (still assume similar difficulty within competency). Prefer rankings and competency-level statements across years.
Tumakuru,B0136 tumkur,C1312 niduvalalu,4847 niduvalalu,72.08,40.0,77,72.38,41.0,63,0.3,1.0,0.15,2022-23 -> 2024-25,CAVEAT: items differ across years but map to a constant competency framework. Item-level year comparisons mix learning and instrument change; competency-level comparisons are more defensible (still assume similar difficulty within competency). Prefer rankings and competency-level statements across years.
Yadgir,B0123 shorapur,C1108 malla (b),1992 evoor,64.39,35.0,180,64.7,25.0,249,0.31,-10.0,0.16,2022-23 -> 2024-25,CAVEAT: items differ across years but map to a constant competency framework. Item-level year comparisons mix learning and instrument change; competency-level comparisons are more defensible (still assume similar difficulty within competency). Prefer rankings and competency-level statements across years.
Gadag,B0043 gadag rural,C0685 hombal,4014 lingadal,48.75,10.0,92,49.07,5.0,118,0.32,-5.0,0.16,2022-23 -> 2024-25,CAVEAT: items differ across years but map to a constant competency framework. Item-level year comparisons mix learning and instrument change; competency-level comparisons are more defensible (still assume similar difficulty within competency). Prefer rankings and competency-level statements across years.
Bidar,B0007 aurad,C0865 kamalnagar,1848 diggi,46.88,5.0,138,47.24,7.0,85,0.36,2.0,0.18,2022-23 -> 2024-25,CAVEAT: items differ across years but map to a constant competency framework. Item-level year comparisons mix learning and instrument change; competency-level comparisons are more defensible (still assume similar difficulty within competency). Prefer rankings and competency-level statements across years.
Kalaburagi,B0036 chittapur,C1401 ravoor,5109 ravoor,42.87,5.0,143,43.23,8.5,158,0.36,3.5,0.18,2022-23 -> 2024-25,CAVEAT: items differ across years but map to a constant competency framework. Item-level year comparisons mix learning and instrument change; competency-level comparisons are more defensible (still assume similar difficulty within competency). Prefer rankings and competency-level statements across years.
Chamarajanagara,B0050 gundlupet,C1683 vaddagere,1386 bommana halli,44.08,8.0,87,44.45,0.0,55,0.37,-8.0,0.18,2022-23 -> 2024-25,CAVEAT: items differ across years but map to a constant competency framework. Item-level year comparisons mix learning and instrument change; competency-level comparisons are more defensible (still assume similar difficulty within competency). Prefer rankings and competency-level statements across years.
Bidar,B0019 bhalki,C0047 ambesangvi,5627 talwad (k),39.69,0.0,64,40.1,10.0,52,0.41,10.0,0.2,2022-23 -> 2024-25,CAVEAT: items differ across years but map to a constant competency framework. Item-level year comparisons mix learning and instrument change; competency-level comparisons are more defensible (still assume similar difficulty within competency). Prefer rankings and competency-level statements across years.
Chamarajanagara,B0080 kollegala,C0996 kothanur,5711 thellanuru,48.22,10.0,59,48.64,10.0,77,0.42,0.0,0.21,2022-23 -> 2024-25,CAVEAT: items differ across years but map to a constant competency framework. Item-level year comparisons mix learning and instrument change; competency-level comparisons are more defensible (still assume similar difficulty within competency). Prefer rankings and competency-level statements across years.
Chikkaballapura,B0124 sidlaghatta,C0785 jangamakote,2993 j venkatapura,64.52,26.0,93,65.0,35.0,78,0.48,9.0,0.24,2022-23 -> 2024-25,CAVEAT: items differ across years but map to a constant competency framework. Item-level year comparisons mix learning and instrument change; competency-level comparisons are more defensible (still assume similar difficulty within competency). Prefer rankings and competency-level statements across years.
Bagalkote,B0008 badami,C0600 hansanur,2427 hansnoor,59.67,20.0,90,60.16,25.0,95,0.49,5.0,0.24,2022-23 -> 2024-25,CAVEAT: items differ across years but map to a constant competency framework. Item-level year comparisons mix learning and instrument change; competency-level comparisons are more defensible (still assume similar difficulty within competency). Prefer rankings and competency-level statements across years.
Kalaburagi,B0048 gulbarga north,C0854 kallahangarga,3270 kallahangaraga,50.32,10.0,125,50.83,20.0,78,0.51,10.0,0.26,2022-23 -> 2024-25,CAVEAT: items differ across years but map to a constant competency framework. Item-level year comparisons mix learning and instrument change; competency-level comparisons are more defensible (still assume similar difficulty within competency). Prefer rankings and competency-level statements across years.
Dharwad,B0041 dharwad,C1560 tadakod,5594 tadakod,54.33,15.0,210,54.84,20.0,225,0.51,5.0,0.26,2022-23 -> 2024-25,CAVEAT: items differ across years but map to a constant competency framework. Item-level year comparisons mix learning and instrument change; competency-level comparisons are more defensible (still assume similar difficulty within competency). Prefer rankings and competency-level statements across years.
Kalaburagi,B0073 jewargi,C1305 nelogi,2498 harwal 3,47.52,0.0,109,48.04,25.0,84,0.52,25.0,0.26,2022-23 -> 2024-25,CAVEAT: items differ across years but map to a constant competency framework. Item-level year comparisons mix learning and instrument change; competency-level comparisons are more defensible (still assume similar difficulty within competency). Prefer rankings and competency-level statements across years.
Kalaburagi,B0048 gulbarga north,C0619 harsoor,1398 boopaltegnoor,45.68,5.0,118,46.25,20.0,84,0.57,15.0,0.28,2022-23 -> 2024-25,CAVEAT: items differ across years but map to a constant competency framework. Item-level year comparisons mix learning and instrument change; competency-level comparisons are more defensible (still assume similar difficulty within competency). Prefer rankings and competency-level statements across years.
Raichur,B0126 sindhanur,C0777 jalihal,6653 jalihal,42.77,5.0,193,43.34,10.0,169,0.57,5.0,0.28,2022-23 -> 2024-25,CAVEAT: items differ across years but map to a constant competency framework. Item-level year comparisons mix learning and instrument change; competency-level comparisons are more defensible (still assume similar difficulty within competency). Prefer rankings and competency-level statements across years.
Raichur,B0126 sindhanur,C0526 gudadur,2185 gudadur,48.92,5.0,106,49.5,10.0,150,0.58,5.0,0.29,2022-23 -> 2024-25,CAVEAT: items differ across years but map to a constant competency framework. Item-level year comparisons mix learning and instrument change; competency-level comparisons are more defensible (still assume similar difficulty within competency). Prefer rankings and competency-level statements across years.
Dharwad,B0066 hubli,C0082 aralikatti,532 agadi,56.89,15.0,82,57.48,31.0,103,0.59,16.0,0.29,2022-23 -> 2024-25,CAVEAT: items differ across years but map to a constant competency framework. Item-level year comparisons mix learning and instrument change; competency-level comparisons are more defensible (still assume similar difficulty within competency). Prefer rankings and competency-level statements across years.
Chikkaballapura,B0030 chikkaballapur,C1684 vaddrapalya,846 avalagurki,49.66,10.0,131,50.26,11.5,114,0.6,1.5,0.3,2022-23 -> 2024-25,CAVEAT: items differ across years but map to a constant competency framework. Item-level year comparisons mix learning and instrument change; competency-level comparisons are more defensible (still assume similar difficulty within competency). Prefer rankings and competency-level statements across years.
Chamarajanagara,B0054 hanur,C1498 shyagyam,5393 shygya,67.16,50.0,81,67.78,40.0,72,0.62,-10.0,0.31,2022-23 -> 2024-25,CAVEAT: items differ across years but map to a constant competency framework. Item-level year comparisons mix learning and instrument change; competency-level comparisons are more defensible (still assume similar difficulty within competency). Prefer rankings and competency-level statements across years.
Kalaburagi,B0048 gulbarga north,C1329 okali,4897 okali,50.32,10.0,78,50.96,13.0,47,0.64,3.0,0.32,2022-23 -> 2024-25,CAVEAT: items differ across years but map to a constant competency framework. Item-level year comparisons mix learning and instrument change; competency-level comparisons are more defensible (still assume similar difficulty within competency). Prefer rankings and competency-level statements across years.
Chitradurga,B0035 chitradurga,C0331 chikkagondanahalli,4075 madanayakanahalli,44.03,5.0,221,44.69,9.0,159,0.66,4.0,0.33,2022-23 -> 2024-25,CAVEAT: items differ across years but map to a constant competency framework. Item-level year comparisons mix learning and instrument change; competency-level comparisons are more defensible (still assume similar difficulty within competency). Prefer rankings and competency-level statements across years.
Bidar,B0015 basavakalyan,C1316 nirgudi,6525 nirgudi,36.73,5.0,113,37.4,5.0,100,0.67,0.0,0.34,2022-23 -> 2024-25,CAVEAT: items differ across years but map to a constant competency framework. Item-level year comparisons mix learning and instrument change; competency-level comparisons are more defensible (still assume similar difficulty within competency). Prefer rankings and competency-level statements across years.
Gadag,B0043 gadag rural,C0077 antur bentur,741 antur-bentur,58.35,20.0,124,59.04,25.0,120,0.69,5.0,0.34,2022-23 -> 2024-25,CAVEAT: items differ across years but map to a constant competency framework. Item-level year comparisons mix learning and instrument change; competency-level comparisons are more defensible (still assume similar difficulty within competency). Prefer rankings and competency-level statements across years.
Kodagu,B0129 somavarpet,C1547 suntikoppa,3518 kedakallu,84.29,66.0,7,85.0,55.0,11,0.71,-11.0,0.36,2022-23 -> 2024-25,CAVEAT: items differ across years but map to a constant competency framework. Item-level year comparisons mix learning and instrument change; competency-level comparisons are more defensible (still assume similar difficulty within competency). Prefer rankings and competency-level statements across years.
Raichur,B0089 lingasugur,C1169 mavinabhavi,4383 mavinabhavi,54.13,20.0,150,54.89,20.0,174,0.76,0.0,0.38,2022-23 -> 2024-25,CAVEAT: items differ across years but map to a constant competency framework. Item-level year comparisons mix learning and instrument change; competency-level comparisons are more defensible (still assume similar difficulty within competency). Prefer rankings and competency-level statements across years.
Chamarajanagara,B0050 gundlupet,C0733 hundipura,2874 hundipura,40.12,9.5,40,40.88,10.0,74,0.76,0.5,0.38,2022-23 -> 2024-25,CAVEAT: items differ across years but map to a constant competency framework. Item-level year comparisons mix learning and instrument change; competency-level comparisons are more defensible (still assume similar difficulty within competency). Prefer rankings and competency-level statements across years.
Chamarajanagara,B0050 gundlupet,C0021 agathagowdanahalli,608 alathur,44.12,15.0,136,44.89,10.0,141,0.77,-5.0,0.38,2022-23 -> 2024-25,CAVEAT: items differ across years but map to a constant competency framework. Item-level year comparisons mix learning and instrument change; competency-level comparisons are more defensible (still assume similar difficulty within competency). Prefer rankings and competency-level statements across years.
Kolar,B0100 mulbagal,C1278 nangali,4726 nangali,48.73,5.0,130,49.5,5.0,100,0.77,0.0,0.38,2022-23 -> 2024-25,CAVEAT: items differ across years but map to a constant competency framework. Item-level year comparisons mix learning and instrument change; competency-level comparisons are more defensible (still assume similar difficulty within competency). Prefer rankings and competency-level statements across years.
Chikkaballapura,B0030 chikkaballapur,C1366 poshettihalli,5009 poshettihali,51.49,10.0,198,52.27,15.0,154,0.78,5.0,0.39,2022-23 -> 2024-25,CAVEAT: items differ across years but map to a constant competency framework. Item-level year comparisons mix learning and instrument change; competency-level comparisons are more defensible (still assume similar difficulty within competency). Prefer rankings and competency-level statements across years.
Vijayanagara,B0052 hagaribommanahalli,C1590 thambra halli,4589 muthkur,37.65,0.0,147,38.43,5.0,121,0.78,5.0,0.39,2022-23 -> 2024-25,CAVEAT: items differ across years but map to a constant competency framework. Item-level year comparisons mix learning and instrument change; competency-level comparisons are more defensible (still assume similar difficulty within competency). Prefer rankings and competency-level statements across years.
Kolar,B0094 malur,C0338 chikkathirupathi,3062 jayamangala,51.67,14.5,60,52.46,15.0,69,0.79,0.5,0.4,2022-23 -> 2024-25,CAVEAT: items differ across years but map to a constant competency framework. Item-level year comparisons mix learning and instrument change; competency-level comparisons are more defensible (still assume similar difficulty within competency). Prefer rankings and competency-level statements across years.
Dharwad,B0041 dharwad,C1285 narendra,3938 kurubagatti,64.38,25.0,211,65.2,35.0,249,0.82,10.0,0.41,2022-23 -> 2024-25,CAVEAT: items differ across years but map to a constant competency framework. Item-level year comparisons mix learning and instrument change; competency-level comparisons are more defensible (still assume similar difficulty within competency). Prefer rankings and competency-level statements across years.
Chamarajanagara,B0050 gundlupet,C0598 hangala,6256 mangala,53.56,25.0,45,54.39,20.0,49,0.83,-5.0,0.42,2022-23 -> 2024-25,CAVEAT: items differ across years but map to a constant competency framework. Item-level year comparisons mix learning and instrument change; competency-level comparisons are more defensible (still assume similar difficulty within competency). Prefer rankings and competency-level statements across years.
Vijayanagara,B0055 harapanahalli,C0307 chatnihalli,1523 chatnihalli,40.75,0.0,161,41.58,5.0,231,0.83,5.0,0.42,2022-23 -> 2024-25,CAVEAT: items differ across years but map to a constant competency framework. Item-level year comparisons mix learning and instrument change; competency-level comparisons are more defensible (still assume similar difficulty within competency). Prefer rankings and competency-level statements across years.
Dharwad,B0041 dharwad,C1285 narendra,4750 narendra,71.94,40.0,173,72.78,45.0,379,0.84,5.0,0.42,2022-23 -> 2024-25,CAVEAT: items differ across years but map to a constant competency framework. Item-level year comparisons mix learning and instrument change; competency-level comparisons are more defensible (still assume similar difficulty within competency). Prefer rankings and competency-level statements across years.
Dharwad,B0041 dharwad,C1313 nigdi,1798 devarahubballi,77.5,45.0,178,78.35,55.0,170,0.85,10.0,0.42,2022-23 -> 2024-25,CAVEAT: items differ across years but map to a constant competency framework. Item-level year comparisons mix learning and instrument change; competency-level comparisons are more defensible (still assume similar difficulty within competency). Prefer rankings and competency-level statements across years.
Vijayanagara,B0084 kudligi,C1094 mahadevapura,2201 gudekote,39.71,5.0,85,40.57,5.0,262,0.86,0.0,0.43,2022-23 -> 2024-25,CAVEAT: items differ across years but map to a constant competency framework. Item-level year comparisons mix learning and instrument change; competency-level comparisons are more defensible (still assume similar difficulty within competency). Prefer rankings and competency-level statements across years.
Chitradurga,B0059 hiriyur,C1680 v.v.pura,5931 v.v.pura,46.05,15.0,215,46.92,10.0,167,0.87,-5.0,0.44,2022-23 -> 2024-25,CAVEAT: items differ across years but map to a constant competency framework. Item-level year comparisons mix learning and instrument change; competency-level comparisons are more defensible (still assume similar difficulty within competency). Prefer rankings and competency-level statements across years.
Chitradurga,B0035 chitradurga,C0326 chikkabennuru,1569 chikkabennuru,44.41,0.0,145,45.3,10.0,132,0.89,10.0,0.44,2022-23 -> 2024-25,CAVEAT: items differ across years but map to a constant competency framework. Item-level year comparisons mix learning and instrument change; competency-level comparisons are more defensible (still assume similar difficulty within competency). Prefer rankings and competency-level statements across years.
Bidar,B0020 bidar,C0034 aliamber,616 aliamber,50.5,19.5,90,51.39,15.0,101,0.89,-4.5,0.44,2022-23 -> 2024-25,CAVEAT: items differ across years but map to a constant competency framework. Item-level year comparisons mix learning and instrument change; competency-level comparisons are more defensible (still assume similar difficulty within competency). Prefer rankings and competency-level statements across years.
Kolar,B0094 malur,C1159 masthi,4353 masthi,54.8,15.0,147,55.75,15.0,67,0.95,0.0,0.48,2022-23 -> 2024-25,CAVEAT: items differ across years but map to a constant competency framework. Item-level year comparisons mix learning and instrument change; competency-level comparisons are more defensible (still assume similar difficulty within competency). Prefer rankings and competency-level statements across years.
Ballari,B0012 ballari east,C1504 sidiginamola,3445 karekallu,27.45,0.0,106,28.42,5.0,146,0.97,5.0,0.48,2022-23 -> 2024-25,CAVEAT: items differ across years but map to a constant competency framework. Item-level year comparisons mix learning and instrument change; competency-level comparisons are more defensible (still assume similar difficulty within competency). Prefer rankings and competency-level statements across years.
Kodagu,B0092 madikeri,C1280 napoklu,4731 napoklu,52.38,15.0,149,53.35,24.0,79,0.97,9.0,0.48,2022-23 -> 2024-25,CAVEAT: items differ across years but map to a constant competency framework. Item-level year comparisons mix learning and instrument change; competency-level comparisons are more defensible (still assume similar difficulty within competency). Prefer rankings and competency-level statements across years.
Bengaluru Rural,B0107 nelamangala,C1523 sompura,5467 sompura,58.46,15.5,162,59.43,27.5,106,0.97,12.0,0.48,2022-23 -> 2024-25,CAVEAT: items differ across years but map to a constant competency framework. Item-level year comparisons mix learning and instrument change; competency-level comparisons are more defensible (still assume similar difficulty within competency). Prefer rankings and competency-level statements across years.
Ballari,B0012 ballari east,C1510 sirivara,1450 byradevanahalli,38.36,5.0,125,39.36,5.0,163,1.0,0.0,0.5,2022-23 -> 2024-25,CAVEAT: items differ across years but map to a constant competency framework. Item-level year comparisons mix learning and instrument change; competency-level comparisons are more defensible (still assume similar difficulty within competency). Prefer rankings and competency-level statements across years.
Kalaburagi,B0033 chincholi,C0980 konchawaram,5992 venktapur,54.58,30.0,71,55.59,20.0,162,1.01,-10.0,0.5,2022-23 -> 2024-25,CAVEAT: items differ across years but map to a constant competency framework. Item-level year comparisons mix learning and instrument change; competency-level comparisons are more defensible (still assume similar difficulty within competency). Prefer rankings and competency-level statements across years.
Davanagere,B0028 channagiri,C0781 jammapura,4302 maravanji,45.37,5.0,107,46.41,5.0,96,1.04,0.0,0.52,2022-23 -> 2024-25,CAVEAT: items differ across years but map to a constant competency framework. Item-level year comparisons mix learning and instrument change; competency-level comparisons are more defensible (still assume similar difficulty within competency). Prefer rankings and competency-level statements across years.
Chamarajanagara,B0080 kollegala,C0863 kamagere,5394 siddaiahanapura,71.08,42.0,65,72.13,55.0,75,1.05,13.0,0.52,2022-23 -> 2024-25,CAVEAT: items differ across years but map to a constant competency framework. Item-level year comparisons mix learning and instrument change; competency-level comparisons are more defensible (still assume similar difficulty within competency). Prefer rankings and competency-level statements across years.
Gadag,B0122 shirhatti,C1550 suranagi,962 balehosur,53.38,15.0,139,54.43,30.0,132,1.05,15.0,0.52,2022-23 -> 2024-25,CAVEAT: items differ across years but map to a constant competency framework. Item-level year comparisons mix learning and instrument change; competency-level comparisons are more defensible (still assume similar difficulty within competency). Prefer rankings and competency-level statements across years.
Koppal,B0088 kustagi,C0444 dotihal,6186 kesur,49.0,15.0,105,50.05,20.0,101,1.05,5.0,0.52,2022-23 -> 2024-25,CAVEAT: items differ across years but map to a constant competency framework. Item-level year comparisons mix learning and instrument change; competency-level comparisons are more defensible (still assume similar difficulty within competency). Prefer rankings and competency-level statements across years.
Bengaluru Rural,B0042 doddaballapura,C1379 rajaghatta,3722 konaghatta,50.78,15.0,51,51.83,24.5,60,1.05,9.5,0.52,2022-23 -> 2024-25,CAVEAT: items differ across years but map to a constant competency framework. Item-level year comparisons mix learning and instrument change; competency-level comparisons are more defensible (still assume similar difficulty within competency). Prefer rankings and competency-level statements across years.
Bidar,B0015 basavakalyan,C0851 kalkora,3263 kalkhora,27.87,5.0,143,28.93,5.0,131,1.06,0.0,0.53,2022-23 -> 2024-25,CAVEAT: items differ across years but map to a constant competency framework. Item-level year comparisons mix learning and instrument change; competency-level comparisons are more defensible (still assume similar difficulty within competency). Prefer rankings and competency-level statements across years.
Bengaluru Rural,B0107 nelamangala,C1134 manne,4268 manne,59.85,15.0,68,60.94,20.0,69,1.09,5.0,0.54,2022-23 -> 2024-25,CAVEAT: items differ across years but map to a constant competency framework. Item-level year comparisons mix learning and instrument change; competency-level comparisons are more defensible (still assume similar difficulty within competency). Prefer rankings and competency-level statements across years.
Bengaluru Rural,B0107 nelamangala,C0019 agalakuppe,537 agalakuppe,64.06,30.0,101,65.19,20.0,132,1.13,-10.0,0.56,2022-23 -> 2024-25,CAVEAT: items differ across years but map to a constant competency framework. Item-level year comparisons mix learning and instrument change; competency-level comparisons are more defensible (still assume similar difficulty within competency). Prefer rankings and competency-level statements across years.
Kolar,B0094 malur,C1015 kudiyanur,5223 santhehalli,62.3,24.5,150,63.45,30.0,116,1.15,5.5,0.58,2022-23 -> 2024-25,CAVEAT: items differ across years but map to a constant competency framework. Item-level year comparisons mix learning and instrument change; competency-level comparisons are more defensible (still assume similar difficulty within competency). Prefer rankings and competency-level statements across years.
Kalaburagi,B0119 sedam,C1211 mudhol,4505 mudhol,26.62,0.0,145,27.79,5.0,86,1.17,5.0,0.58,2022-23 -> 2024-25,CAVEAT: items differ across years but map to a constant competency framework. Item-level year comparisons mix learning and instrument change; competency-level comparisons are more defensible (still assume similar difficulty within competency). Prefer rankings and competency-level statements across years.
Kalaburagi,B0049 gulbarga south,C1277 nandur (k),213009027 hagaraga,38.12,5.0,112,39.3,0.0,57,1.18,-5.0,0.59,2022-23 -> 2024-25,CAVEAT: items differ across years but map to a constant competency framework. Item-level year comparisons mix learning and instrument change; competency-level comparisons are more defensible (still assume similar difficulty within competency). Prefer rankings and competency-level statements across years.
Gadag,B0043 gadag rural,C0332 chikkahandigol,1158 belahod,42.89,5.0,133,44.08,10.0,142,1.19,5.0,0.6,2022-23 -> 2024-25,CAVEAT: items differ across years but map to a constant competency framework. Item-level year comparisons mix learning and instrument change; competency-level comparisons are more defensible (still assume similar difficulty within competency). Prefer rankings and competency-level statements across years.
Dharwad,B0106 navalgund,C1267 nalavadi,4687 nalavadi,60.95,13.0,137,62.17,30.0,113,1.22,17.0,0.61,2022-23 -> 2024-25,CAVEAT: items differ across years but map to a constant competency framework. Item-level year comparisons mix learning and instrument change; competency-level comparisons are more defensible (still assume similar difficulty within competency). Prefer rankings and competency-level statements across years.
Kalaburagi,B0036 chittapur,C0232 bheemanahalli,1283 bheemanahalli,34.62,0.0,130,35.84,13.0,77,1.22,13.0,0.61,2022-23 -> 2024-25,CAVEAT: items differ across years but map to a constant competency framework. Item-level year comparisons mix learning and instrument change; competency-level comparisons are more defensible (still assume similar difficulty within competency). Prefer rankings and competency-level statements across years.
Vijayanagara,B0052 hagaribommanahalli,C1196 morigeri,4474 morigeri,34.36,5.0,181,35.61,5.0,172,1.25,0.0,0.62,2022-23 -> 2024-25,CAVEAT: items differ across years but map to a constant competency framework. Item-level year comparisons mix learning and instrument change; competency-level comparisons are more defensible (still assume similar difficulty within competency). Prefer rankings and competency-level statements across years.
Bengaluru Rural,B0040 devanahalli,C0433 doddasanne,731 anneshwara,87.99,70.0,127,89.26,75.0,141,1.27,5.0,0.64,2022-23 -> 2024-25,CAVEAT: items differ across years but map to a constant competency framework. Item-level year comparisons mix learning and instrument change; competency-level comparisons are more defensible (still assume similar difficulty within competency). Prefer rankings and competency-level statements across years.
Kodagu,B0092 madikeri,C1179 mekeri,4142 makkandur,63.1,45.0,21,64.38,38.0,24,1.28,-7.0,0.64,2022-23 -> 2024-25,CAVEAT: items differ across years but map to a constant competency framework. Item-level year comparisons mix learning and instrument change; competency-level comparisons are more defensible (still assume similar difficulty within competency). Prefer rankings and competency-level statements across years.
Bidar,B0068 humnabad,C1131 manna-ekhelli,4243 mangalgi,34.63,3.0,107,35.91,0.0,66,1.28,-3.0,0.64,2022-23 -> 2024-25,CAVEAT: items differ across years but map to a constant competency framework. Item-level year comparisons mix learning and instrument change; competency-level comparisons are more defensible (still assume similar difficulty within competency). Prefer rankings and competency-level statements across years.
Dharwad,B0066 hubli,C1489 shirguppi,5897 umachagi,71.45,40.5,62,72.73,45.0,77,1.28,4.5,0.64,2022-23 -> 2024-25,CAVEAT: items differ across years but map to a constant competency framework. Item-level year comparisons mix learning and instrument change; competency-level comparisons are more defensible (still assume similar difficulty within competency). Prefer rankings and competency-level statements across years.
Tumakuru,B0046 gubbi,C0052 ammana ghatta,662 ammanagatta,74.85,45.0,98,76.19,36.0,113,1.34,-9.0,0.67,2022-23 -> 2024-25,CAVEAT: items differ across years but map to a constant competency framework. Item-level year comparisons mix learning and instrument change; competency-level comparisons are more defensible (still assume similar difficulty within competency). Prefer rankings and competency-level statements across years.
Tumakuru,B0136 tumkur,C1473 seethakal,5289 seethakallu,64.47,25.0,114,65.83,20.0,127,1.36,-5.0,0.68,2022-23 -> 2024-25,CAVEAT: items differ across years but map to a constant competency framework. Item-level year comparisons mix learning and instrument change; competency-level comparisons are more defensible (still assume similar difficulty within competency). Prefer rankings and competency-level statements across years.
Kodagu,B0092 madikeri,C1437 sampaje,6385 sampaje,60.71,26.0,63,62.1,30.0,69,1.39,4.0,0.7,2022-23 -> 2024-25,CAVEAT: items differ across years but map to a constant competency framework. Item-level year comparisons mix learning and instrument change; competency-level comparisons are more defensible (still assume similar difficulty within competency). Prefer rankings and competency-level statements across years.
Kodagu,B0129 somavarpet,C0596 handli,2414 handli,56.35,20.0,52,57.75,24.5,40,1.4,4.5,0.7,2022-23 -> 2024-25,CAVEAT: items differ across years but map to a constant competency framework. Item-level year comparisons mix learning and instrument change; competency-level comparisons are more defensible (still assume similar difficulty within competency). Prefer rankings and competency-level statements across years.
Kolar,B0100 mulbagal,C1214 mudiyanur,4510 mudiyanur,67.19,25.0,80,68.6,24.0,89,1.41,-1.0,0.7,2022-23 -> 2024-25,CAVEAT: items differ across years but map to a constant competency framework. Item-level year comparisons mix learning and instrument change; competency-level comparisons are more defensible (still assume similar difficulty within competency). Prefer rankings and competency-level statements across years.
Dharwad,B0066 hubli,C1323 noolvi,5322 sherewad,64.2,34.0,119,65.62,40.0,161,1.42,6.0,0.71,2022-23 -> 2024-25,CAVEAT: items differ across years but map to a constant competency framework. Item-level year comparisons mix learning and instrument change; competency-level comparisons are more defensible (still assume similar difficulty within competency). Prefer rankings and competency-level statements across years.
Mandya,B0090 maddur,C0987 koppa,6451 koppa,73.75,31.5,24,75.17,60.0,29,1.42,28.5,0.71,2022-23 -> 2024-25,CAVEAT: items differ across years but map to a constant competency framework. Item-level year comparisons mix learning and instrument change; competency-level comparisons are more defensible (still assume similar difficulty within competency). Prefer rankings and competency-level statements across years.
Bidar,B0019 bhalki,C1707 wanjarkhed marathi,6021 wanjarkhed,50.0,15.0,107,51.43,11.5,84,1.43,-3.5,0.72,2022-23 -> 2024-25,CAVEAT: items differ across years but map to a constant competency framework. Item-level year comparisons mix learning and instrument change; competency-level comparisons are more defensible (still assume similar difficulty within competency). Prefer rankings and competency-level statements across years.
Belagavi,B0113 ramdurg,C1129 manihal,4256 manihal,75.7,50.0,121,77.13,55.0,174,1.43,5.0,0.72,2022-23 -> 2024-25,CAVEAT: items differ across years but map to a constant competency framework. Item-level year comparisons mix learning and instrument change; competency-level comparisons are more defensible (still assume similar difficulty within competency). Prefer rankings and competency-level statements across years.
Raichur,B0096 manvi,C1367 potnal,5010 potanal,43.03,10.0,155,44.51,10.5,122,1.48,0.5,0.74,2022-23 -> 2024-25,CAVEAT: items differ across years but map to a constant competency framework. Item-level year comparisons mix learning and instrument change; competency-level comparisons are more defensible (still assume similar difficulty within competency). Prefer rankings and competency-level statements across years.
Bidar,B0020 bidar,C1103 malegaon,820 astoor,31.06,0.0,141,32.56,5.0,90,1.5,5.0,0.75,2022-23 -> 2024-25,CAVEAT: items differ across years but map to a constant competency framework. Item-level year comparisons mix learning and instrument change; competency-level comparisons are more defensible (still assume similar difficulty within competency). Prefer rankings and competency-level statements across years.
Kodagu,B0092 madikeri,C0822 kadagadalu,4286 maragodu,50.68,5.0,66,52.19,20.5,32,1.51,15.5,0.76,2022-23 -> 2024-25,CAVEAT: items differ across years but map to a constant competency framework. Item-level year comparisons mix learning and instrument change; competency-level comparisons are more defensible (still assume similar difficulty within competency). Prefer rankings and competency-level statements across years.
Bagalkote,B0009 bagalkot,C0217 bhagavati,1216 benakatti,77.76,40.0,114,79.31,50.0,197,1.55,10.0,0.78,2022-23 -> 2024-25,CAVEAT: items differ across years but map to a constant competency framework. Item-level year comparisons mix learning and instrument change; competency-level comparisons are more defensible (still assume similar difficulty within competency). Prefer rankings and competency-level statements across years.
Mandya,B0093 malavally,C1909 byadarahalli,1426 byadara haly,60.67,25.0,67,62.22,34.0,79,1.55,9.0,0.78,2022-23 -> 2024-25,CAVEAT: items differ across years but map to a constant competency framework. Item-level year comparisons mix learning and instrument change; competency-level comparisons are more defensible (still assume similar difficulty within competency). Prefer rankings and competency-level statements across years.
Chikkaballapura,B0010 bagepally,C0464 g.maddepalli,2150 gorathapalli,48.44,6.5,64,50.0,10.0,71,1.56,3.5,0.78,2022-23 -> 2024-25,CAVEAT: items differ across years but map to a constant competency framework. Item-level year comparisons mix learning and instrument change; competency-level comparisons are more defensible (still assume similar difficulty within competency). Prefer rankings and competency-level statements across years.
Bengaluru Rural,B0064 hosakote,C0277 bylanarasapura,6170 hettakki,66.5,31.0,103,68.07,27.5,96,1.57,-3.5,0.78,2022-23 -> 2024-25,CAVEAT: items differ across years but map to a constant competency framework. Item-level year comparisons mix learning and instrument change; competency-level comparisons are more defensible (still assume similar difficulty within competency). Prefer rankings and competency-level statements across years.
Yadgir,B0141 yadgir,C0120 badiyal,915 badiyal,51.59,15.0,85,53.17,25.5,52,1.58,10.5,0.79,2022-23 -> 2024-25,CAVEAT: items differ across years but map to a constant competency framework. Item-level year comparisons mix learning and instrument change; competency-level comparisons are more defensible (still assume similar difficulty within competency). Prefer rankings and competency-level statements across years.
Kalaburagi,B0002 aland,C0450 durga siroor,6182 mogha k,40.83,5.0,108,42.43,10.0,103,1.6,5.0,0.8,2022-23 -> 2024-25,CAVEAT: items differ across years but map to a constant competency framework. Item-level year comparisons mix learning and instrument change; competency-level comparisons are more defensible (still assume similar difficulty within competency). Prefer rankings and competency-level statements across years.
Gadag,B0115 ron,C0005 abbigeri,502 abbigeri,70.43,45.0,150,72.04,50.0,314,1.61,5.0,0.8,2022-23 -> 2024-25,CAVEAT: items differ across years but map to a constant competency framework. Item-level year comparisons mix learning and instrument change; competency-level comparisons are more defensible (still assume similar difficulty within competency). Prefer rankings and competency-level statements across years.
Raichur,B0089 lingasugur,C0547 guragunta,2260 gurugunta,33.35,5.0,387,35.02,5.0,329,1.67,0.0,0.84,2022-23 -> 2024-25,CAVEAT: items differ across years but map to a constant competency framework. Item-level year comparisons mix learning and instrument change; competency-level comparisons are more defensible (still assume similar difficulty within competency). Prefer rankings and competency-level statements across years.
Raichur,B0089 lingasugur,C1446 santekellur,4374 mattur,44.46,2.5,196,46.14,7.0,105,1.68,4.5,0.84,2022-23 -> 2024-25,CAVEAT: items differ across years but map to a constant competency framework. Item-level year comparisons mix learning and instrument change; competency-level comparisons are more defensible (still assume similar difficulty within competency). Prefer rankings and competency-level statements across years.
Dharwad,B0076 kalghatagi,C0448 dumwad,1838 dhummavad,52.38,10.0,149,54.08,20.0,184,1.7,10.0,0.85,2022-23 -> 2024-25,CAVEAT: items differ across years but map to a constant competency framework. Item-level year comparisons mix learning and instrument change; competency-level comparisons are more defensible (still assume similar difficulty within competency). Prefer rankings and competency-level statements across years.
Gadag,B0115 ron,C0655 hirehal,2633 hirehal,78.84,55.0,151,80.55,60.0,272,1.71,5.0,0.86,2022-23 -> 2024-25,CAVEAT: items differ across years but map to a constant competency framework. Item-level year comparisons mix learning and instrument change; competency-level comparisons are more defensible (still assume similar difficulty within competency). Prefer rankings and competency-level statements across years.
Bidar,B0020 bidar,C1397 ranjolkheni,5099 ranjol kheni,37.08,2.5,36,38.82,0.0,51,1.74,-2.5,0.87,2022-23 -> 2024-25,CAVEAT: items differ across years but map to a constant competency framework. Item-level year comparisons mix learning and instrument change; competency-level comparisons are more defensible (still assume similar difficulty within competency). Prefer rankings and competency-level statements across years.
Bengaluru Rural,B0064 hosakote,C1595 thavarekere,6386 thavarekere,49.84,10.0,93,51.61,16.0,93,1.77,6.0,0.88,2022-23 -> 2024-25,CAVEAT: items differ across years but map to a constant competency framework. Item-level year comparisons mix learning and instrument change; competency-level comparisons are more defensible (still assume similar difficulty within competency). Prefer rankings and competency-level statements across years.
Kodagu,B0092 madikeri,C1437 sampaje,1539 chembu,68.71,25.0,89,70.48,40.0,84,1.77,15.0,0.88,2022-23 -> 2024-25,CAVEAT: items differ across years but map to a constant competency framework. Item-level year comparisons mix learning and instrument change; competency-level comparisons are more defensible (still assume similar difficulty within competency). Prefer rankings and competency-level statements across years.
Chitradurga,B0035 chitradurga,C0431 doddalaghatta,1907 doddalaghatta,37.84,0.0,139,39.62,5.0,145,1.78,5.0,0.89,2022-23 -> 2024-25,CAVEAT: items differ across years but map to a constant competency framework. Item-level year comparisons mix learning and instrument change; competency-level comparisons are more defensible (still assume similar difficulty within competency). Prefer rankings and competency-level statements across years.
Raichur,B0096 manvi,C1138 manvi rural,5147 sadapur,48.77,15.0,151,50.56,14.0,45,1.79,-1.0,0.9,2022-23 -> 2024-25,CAVEAT: items differ across years but map to a constant competency framework. Item-level year comparisons mix learning and instrument change; competency-level comparisons are more defensible (still assume similar difficulty within competency). Prefer rankings and competency-level statements across years.
Dharwad,B0041 dharwad,C1223 mummigatti,3973 kyarakoppa,72.22,35.0,158,74.02,55.0,143,1.8,20.0,0.9,2022-23 -> 2024-25,CAVEAT: items differ across years but map to a constant competency framework. Item-level year comparisons mix learning and instrument change; competency-level comparisons are more defensible (still assume similar difficulty within competency). Prefer rankings and competency-level statements across years.
Raichur,B0126 sindhanur,C1497 shri venkteswara camp,5454 somalapur,43.68,10.0,102,45.48,10.0,94,1.8,0.0,0.9,2022-23 -> 2024-25,CAVEAT: items differ across years but map to a constant competency framework. Item-level year comparisons mix learning and instrument change; competency-level comparisons are more defensible (still assume similar difficulty within competency). Prefer rankings and competency-level statements across years.
Kalaburagi,B0036 chittapur,C1077 madaboola,4055 madabool,40.75,5.0,179,42.56,16.5,154,1.81,11.5,0.9,2022-23 -> 2024-25,CAVEAT: items differ across years but map to a constant competency framework. Item-level year comparisons mix learning and instrument change; competency-level comparisons are more defensible (still assume similar difficulty within competency). Prefer rankings and competency-level statements across years.
Dharwad,B0076 kalghatagi,C0487 ganjigatti,5560 surashittikoppa,50.0,1.0,113,51.81,10.0,124,1.81,9.0,0.9,2022-23 -> 2024-25,CAVEAT: items differ across years but map to a constant competency framework. Item-level year comparisons mix learning and instrument change; competency-level comparisons are more defensible (still assume similar difficulty within competency). Prefer rankings and competency-level statements across years.
Yadgir,B0120 shahapur,C0576 halgera,5893 ullesugur,51.82,5.0,121,53.64,20.0,110,1.82,15.0,0.91,2022-23 -> 2024-25,CAVEAT: items differ across years but map to a constant competency framework. Item-level year comparisons mix learning and instrument change; competency-level comparisons are more defensible (still assume similar difficulty within competency). Prefer rankings and competency-level statements across years.
Chitradurga,B0063 hosadurga,C0732 hunavinadu,2872 hunavinadu,52.91,14.0,129,54.73,15.0,203,1.82,1.0,0.91,2022-23 -> 2024-25,CAVEAT: items differ across years but map to a constant competency framework. Item-level year comparisons mix learning and instrument change; competency-level comparisons are more defensible (still assume similar difficulty within competency). Prefer rankings and competency-level statements across years.
Raichur,B0126 sindhanur,C1412 roudakunda,5167 salagunda,34.09,0.0,209,35.92,5.0,222,1.83,5.0,0.92,2022-23 -> 2024-25,CAVEAT: items differ across years but map to a constant competency framework. Item-level year comparisons mix learning and instrument change; competency-level comparisons are more defensible (still assume similar difficulty within competency). Prefer rankings and competency-level statements across years.
Gadag,B0115 ron,C0096 asuti,823 asuti,60.21,30.0,145,62.06,30.0,170,1.85,0.0,0.92,2022-23 -> 2024-25,CAVEAT: items differ across years but map to a constant competency framework. Item-level year comparisons mix learning and instrument change; competency-level comparisons are more defensible (still assume similar difficulty within competency). Prefer rankings and competency-level statements across years.
Chamarajanagara,B0050 gundlupet,C0339 chikkathuppuru,5030 puthanapura,56.59,10.0,63,58.47,19.0,59,1.88,9.0,0.94,2022-23 -> 2024-25,CAVEAT: items differ across years but map to a constant competency framework. Item-level year comparisons mix learning and instrument change; competency-level comparisons are more defensible (still assume similar difficulty within competency). Prefer rankings and competency-level statements across years.
Chikkaballapura,B0034 chintamani,C1273 nandiganahalli,4716 nandiganahalli,63.12,30.0,88,65.0,20.0,75,1.88,-10.0,0.94,2022-23 -> 2024-25,CAVEAT: items differ across years but map to a constant competency framework. Item-level year comparisons mix learning and instrument change; competency-level comparisons are more defensible (still assume similar difficulty within competency). Prefer rankings and competency-level statements across years.
Chamarajanagara,B0142 yelandur,C0447 duggahatti,6326 ambale,51.96,30.0,46,53.88,20.0,76,1.92,-10.0,0.96,2022-23 -> 2024-25,CAVEAT: items differ across years but map to a constant competency framework. Item-level year comparisons mix learning and instrument change; competency-level comparisons are more defensible (still assume similar difficulty within competency). Prefer rankings and competency-level statements across years.
Dharwad,B0076 kalghatagi,C0448 dumwad,2638 hirehonnihalli,62.32,45.0,218,64.27,40.0,206,1.95,-5.0,0.98,2022-23 -> 2024-25,CAVEAT: items differ across years but map to a constant competency framework. Item-level year comparisons mix learning and instrument change; competency-level comparisons are more defensible (still assume similar difficulty within competency). Prefer rankings and competency-level statements across years.
Chikkaballapura,B0030 chikkaballapur,C1534 srirampura,1913 doddamarali,53.37,20.0,95,55.33,15.0,90,1.96,-5.0,0.98,2022-23 -> 2024-25,CAVEAT: items differ across years but map to a constant competency framework. Item-level year comparisons mix learning and instrument change; competency-level comparisons are more defensible (still assume similar difficulty within competency). Prefer rankings and competency-level statements across years.
Chikkaballapura,B0030 chikkaballapur,C1272 nandi,3911 kuppahalli,48.68,7.5,106,50.7,15.0,107,2.02,7.5,1.01,2022-23 -> 2024-25,CAVEAT: items differ across years but map to a constant competency framework. Item-level year comparisons mix learning and instrument change; competency-level comparisons are more defensible (still assume similar difficulty within competency). Prefer rankings and competency-level statements across years.
Kodagu,B0129 somavarpet,C1547 suntikoppa,2793 7th hosakote,67.96,38.0,27,70.0,45.0,26,2.04,7.0,1.02,2022-23 -> 2024-25,CAVEAT: items differ across years but map to a constant competency framework. Item-level year comparisons mix learning and instrument change; competency-level comparisons are more defensible (still assume similar difficulty within competency). Prefer rankings and competency-level statements across years.
Kodagu,B0129 somavarpet,C0633 hebbale,2539 hebbele,54.47,19.0,19,56.53,23.0,59,2.06,4.0,1.03,2022-23 -> 2024-25,CAVEAT: items differ across years but map to a constant competency framework. Item-level year comparisons mix learning and instrument change; competency-level comparisons are more defensible (still assume similar difficulty within competency). Prefer rankings and competency-level statements across years.
Davanagere,B0062 honnali,C0345 chiluru,1530 cheeluru,38.94,0.0,94,41.02,10.0,103,2.08,10.0,1.04,2022-23 -> 2024-25,CAVEAT: items differ across years but map to a constant competency framework. Item-level year comparisons mix learning and instrument change; competency-level comparisons are more defensible (still assume similar difficulty within competency). Prefer rankings and competency-level statements across years.
Gadag,B0102 mundaragi,C0128 bagewadi,926 bagewadi (g),44.92,10.0,126,47.0,15.0,145,2.08,5.0,1.04,2022-23 -> 2024-25,CAVEAT: items differ across years but map to a constant competency framework. Item-level year comparisons mix learning and instrument change; competency-level comparisons are more defensible (still assume similar difficulty within competency). Prefer rankings and competency-level statements across years.
Chitradurga,B0035 chitradurga,C0959 kogunde,3678 kogunde,38.09,0.0,186,40.19,5.0,180,2.1,5.0,1.05,2022-23 -> 2024-25,CAVEAT: items differ across years but map to a constant competency framework. Item-level year comparisons mix learning and instrument change; competency-level comparisons are more defensible (still assume similar difficulty within competency). Prefer rankings and competency-level statements across years.
Haveri,B0121 shiggoan,C1823 baad,2195 guddadchannapur,52.64,15.0,89,54.75,25.0,61,2.11,10.0,1.05,2022-23 -> 2024-25,CAVEAT: items differ across years but map to a constant competency framework. Item-level year comparisons mix learning and instrument change; competency-level comparisons are more defensible (still assume similar difficulty within competency). Prefer rankings and competency-level statements across years.
Tumakuru,B0046 gubbi,C0196 belavatha,1174 belavatta,81.07,65.0,70,83.21,55.0,81,2.14,-10.0,1.07,2022-23 -> 2024-25,CAVEAT: items differ across years but map to a constant competency framework. Item-level year comparisons mix learning and instrument change; competency-level comparisons are more defensible (still assume similar difficulty within competency). Prefer rankings and competency-level statements across years.
Kalaburagi,B0073 jewargi,C0254 bilwar,1356 bilwar 18,40.23,0.0,128,42.38,10.0,80,2.15,10.0,1.08,2022-23 -> 2024-25,CAVEAT: items differ across years but map to a constant competency framework. Item-level year comparisons mix learning and instrument change; competency-level comparisons are more defensible (still assume similar difficulty within competency). Prefer rankings and competency-level statements across years.
Kalaburagi,B0036 chittapur,C0085 arankal,775 arankal,31.92,0.0,156,34.08,10.0,109,2.16,10.0,1.08,2022-23 -> 2024-25,CAVEAT: items differ across years but map to a constant competency framework. Item-level year comparisons mix learning and instrument change; competency-level comparisons are more defensible (still assume similar difficulty within competency). Prefer rankings and competency-level statements across years.
Kalaburagi,B0036 chittapur,C1583 tengali,5665 tengali,31.6,0.0,131,33.77,5.0,118,2.17,5.0,1.08,2022-23 -> 2024-25,CAVEAT: items differ across years but map to a constant competency framework. Item-level year comparisons mix learning and instrument change; competency-level comparisons are more defensible (still assume similar difficulty within competency). Prefer rankings and competency-level statements across years.
Koppal,B0085 kuknoor,C1715 yadiyapura,5368 shiruru,57.6,20.0,75,59.77,26.5,64,2.17,6.5,1.08,2022-23 -> 2024-25,CAVEAT: items differ across years but map to a constant competency framework. Item-level year comparisons mix learning and instrument change; competency-level comparisons are more defensible (still assume similar difficulty within competency). Prefer rankings and competency-level statements across years.
Chitradurga,B0063 hosadurga,C1111 mallappanahalli,4187 mallapanahalli,64.87,26.5,114,67.05,25.0,100,2.18,-1.5,1.09,2022-23 -> 2024-25,CAVEAT: items differ across years but map to a constant competency framework. Item-level year comparisons mix learning and instrument change; competency-level comparisons are more defensible (still assume similar difficulty within competency). Prefer rankings and competency-level statements across years.
Kalaburagi,B0073 jewargi,C1114 malli,4197 malli 27,58.29,15.0,178,60.47,20.0,203,2.18,5.0,1.09,2022-23 -> 2024-25,CAVEAT: items differ across years but map to a constant competency framework. Item-level year comparisons mix learning and instrument change; competency-level comparisons are more defensible (still assume similar difficulty within competency). Prefer rankings and competency-level statements across years.
Chamarajanagara,B0027 chamarajanagar,C0612 harave,6213 govinda wadi,51.0,5.0,25,53.21,13.0,14,2.21,8.0,1.1,2022-23 -> 2024-25,CAVEAT: items differ across years but map to a constant competency framework. Item-level year comparisons mix learning and instrument change; competency-level comparisons are more defensible (still assume similar difficulty within competency). Prefer rankings and competency-level statements across years.
Kalaburagi,B0033 chincholi,C0954 kodli,3909 kupnoor,49.65,5.0,72,51.86,5.0,59,2.21,0.0,1.1,2022-23 -> 2024-25,CAVEAT: items differ across years but map to a constant competency framework. Item-level year comparisons mix learning and instrument change; competency-level comparisons are more defensible (still assume similar difficulty within competency). Prefer rankings and competency-level statements across years.
Koppal,B0143 yelburga,C0335 chikkamyagiri,1590 chikkamageri,44.57,10.0,243,46.8,10.0,194,2.23,0.0,1.12,2022-23 -> 2024-25,CAVEAT: items differ across years but map to a constant competency framework. Item-level year comparisons mix learning and instrument change; competency-level comparisons are more defensible (still assume similar difficulty within competency). Prefer rankings and competency-level statements across years.
Chikkaballapura,B0124 sidlaghatta,C1181 melur,4422 melur,54.05,15.0,37,56.28,13.0,47,2.23,-2.0,1.12,2022-23 -> 2024-25,CAVEAT: items differ across years but map to a constant competency framework. Item-level year comparisons mix learning and instrument change; competency-level comparisons are more defensible (still assume similar difficulty within competency). Prefer rankings and competency-level statements across years.
Chitradurga,B0097 molakalmur,C0400 devasamudra,1809 devasamudra,24.95,0.0,283,27.19,0.0,267,2.24,0.0,1.12,2022-23 -> 2024-25,CAVEAT: items differ across years but map to a constant competency framework. Item-level year comparisons mix learning and instrument change; competency-level comparisons are more defensible (still assume similar difficulty within competency). Prefer rankings and competency-level statements across years.
Ballari,B0128 siruguppa,C1572 talur,5625 taluru,51.39,15.0,184,53.69,30.0,583,2.3,15.0,1.15,2022-23 -> 2024-25,CAVEAT: items differ across years but map to a constant competency framework. Item-level year comparisons mix learning and instrument change; competency-level comparisons are more defensible (still assume similar difficulty within competency). Prefer rankings and competency-level statements across years.
Dharwad,B0041 dharwad,C1313 nigdi,2357 halligeri,73.81,40.0,197,76.11,50.0,298,2.3,10.0,1.15,2022-23 -> 2024-25,CAVEAT: items differ across years but map to a constant competency framework. Item-level year comparisons mix learning and instrument change; competency-level comparisons are more defensible (still assume similar difficulty within competency). Prefer rankings and competency-level statements across years.
Dharwad,B0086 kundagol,C0653 hiregunjal,5128 rottigiwad,73.1,40.0,124,75.42,64.0,119,2.32,24.0,1.16,2022-23 -> 2024-25,CAVEAT: items differ across years but map to a constant competency framework. Item-level year comparisons mix learning and instrument change; competency-level comparisons are more defensible (still assume similar difficulty within competency). Prefer rankings and competency-level statements across years.
Chamarajanagara,B0050 gundlupet,C0339 chikkathuppuru,5338 shindana pura,51.46,10.0,99,53.79,20.0,66,2.33,10.0,1.16,2022-23 -> 2024-25,CAVEAT: items differ across years but map to a constant competency framework. Item-level year comparisons mix learning and instrument change; competency-level comparisons are more defensible (still assume similar difficulty within competency). Prefer rankings and competency-level statements across years.
Raichur,B0089 lingasugur,C0157 bannigol,1039 bannigol,44.32,10.0,219,46.68,15.0,143,2.36,5.0,1.18,2022-23 -> 2024-25,CAVEAT: items differ across years but map to a constant competency framework. Item-level year comparisons mix learning and instrument change; competency-level comparisons are more defensible (still assume similar difficulty within competency). Prefer rankings and competency-level statements across years.
Chitradurga,B0063 hosadurga,C1534 srirampura,5509 srirampura,42.63,5.0,99,45.0,5.0,64,2.37,0.0,1.18,2022-23 -> 2024-25,CAVEAT: items differ across years but map to a constant competency framework. Item-level year comparisons mix learning and instrument change; competency-level comparisons are more defensible (still assume similar difficulty within competency). Prefer rankings and competency-level statements across years.
Bidar,B0015 basavakalyan,C0617 harkood,1557 chikanagaon,43.33,10.0,153,45.71,10.0,98,2.38,0.0,1.19,2022-23 -> 2024-25,CAVEAT: items differ across years but map to a constant competency framework. Item-level year comparisons mix learning and instrument change; competency-level comparisons are more defensible (still assume similar difficulty within competency). Prefer rankings and competency-level statements across years.
Vijayapura,B0025 chadachan,C1321 nivaragi,4877 nivaragi,60.77,0.0,111,63.18,20.0,162,2.41,20.0,1.21,2022-23 -> 2024-25,CAVEAT: items differ across years but map to a constant competency framework. Item-level year comparisons mix learning and instrument change; competency-level comparisons are more defensible (still assume similar difficulty within competency). Prefer rankings and competency-level statements across years.
Chamarajanagara,B0054 hanur,C1498 shyagyam,1982 ellemala,57.1,22.5,126,59.55,30.0,88,2.45,7.5,1.22,2022-23 -> 2024-25,CAVEAT: items differ across years but map to a constant competency framework. Item-level year comparisons mix learning and instrument change; competency-level comparisons are more defensible (still assume similar difficulty within competency). Prefer rankings and competency-level statements across years.
Kalaburagi,B0036 chittapur,C0232 bheemanahalli,627 allur (b),41.55,5.0,116,44.01,10.0,91,2.46,5.0,1.23,2022-23 -> 2024-25,CAVEAT: items differ across years but map to a constant competency framework. Item-level year comparisons mix learning and instrument change; competency-level comparisons are more defensible (still assume similar difficulty within competency). Prefer rankings and competency-level statements across years.
Bengaluru Rural,B0042 doddaballapura,C0417 dodda belavangala,2301 hadripura,58.35,25.0,79,60.83,30.0,72,2.48,5.0,1.24,2022-23 -> 2024-25,CAVEAT: items differ across years but map to a constant competency framework. Item-level year comparisons mix learning and instrument change; competency-level comparisons are more defensible (still assume similar difficulty within competency). Prefer rankings and competency-level statements across years.
Kodagu,B0129 somavarpet,C0213 bessur,1232 bessur,57.43,17.5,76,59.92,26.0,63,2.49,8.5,1.24,2022-23 -> 2024-25,CAVEAT: items differ across years but map to a constant competency framework. Item-level year comparisons mix learning and instrument change; competency-level comparisons are more defensible (still assume similar difficulty within competency). Prefer rankings and competency-level statements across years.
Bidar,B0068 humnabad,C0298 changlera,4400 meenkera,36.12,0.0,139,38.67,5.0,135,2.55,5.0,1.28,2022-23 -> 2024-25,CAVEAT: items differ across years but map to a constant competency framework. Item-level year comparisons mix learning and instrument change; competency-level comparisons are more defensible (still assume similar difficulty within competency). Prefer rankings and competency-level statements across years.
Chamarajanagara,B0142 yelandur,C1739 yelandur,6116 yariyur,36.74,9.0,109,39.31,5.0,153,2.57,-4.0,1.28,2022-23 -> 2024-25,CAVEAT: items differ across years but map to a constant competency framework. Item-level year comparisons mix learning and instrument change; competency-level comparisons are more defensible (still assume similar difficulty within competency). Prefer rankings and competency-level statements across years.
Chitradurga,B0059 hiriyur,C0109 b roppa,1422 burujinaroppa,51.42,15.0,130,54.01,20.0,137,2.59,5.0,1.3,2022-23 -> 2024-25,CAVEAT: items differ across years but map to a constant competency framework. Item-level year comparisons mix learning and instrument change; competency-level comparisons are more defensible (still assume similar difficulty within competency). Prefer rankings and competency-level statements across years.
Mandya,B0093 malavally,C0153 bandur,1027 bandur,62.71,33.0,59,65.32,25.0,79,2.61,-8.0,1.3,2022-23 -> 2024-25,CAVEAT: items differ across years but map to a constant competency framework. Item-level year comparisons mix learning and instrument change; competency-level comparisons are more defensible (still assume similar difficulty within competency). Prefer rankings and competency-level statements across years.
Bagalkote,B0021 bilagi,C1031 kundargi,759 arakeri,53.87,17.5,146,56.61,25.0,143,2.74,7.5,1.37,2022-23 -> 2024-25,CAVEAT: items differ across years but map to a constant competency framework. Item-level year comparisons mix learning and instrument change; competency-level comparisons are more defensible (still assume similar difficulty within competency). Prefer rankings and competency-level statements across years.
Chitradurga,B0059 hiriyur,C0006 abbinahole,1989 eshwaragere,46.29,7.0,175,49.08,5.0,202,2.79,-2.0,1.4,2022-23 -> 2024-25,CAVEAT: items differ across years but map to a constant competency framework. Item-level year comparisons mix learning and instrument change; competency-level comparisons are more defensible (still assume similar difficulty within competency). Prefer rankings and competency-level statements across years.
Chitradurga,B0097 molakalmur,C0979 konasagara,4822 nerlahalli,35.0,0.0,141,37.82,5.0,133,2.82,5.0,1.41,2022-23 -> 2024-25,CAVEAT: items differ across years but map to a constant competency framework. Item-level year comparisons mix learning and instrument change; competency-level comparisons are more defensible (still assume similar difficulty within competency). Prefer rankings and competency-level statements across years.
Kodagu,B0140 virajpet,C0054 ammatti,1354 bilugunda,49.77,5.0,44,52.61,30.0,23,2.84,25.0,1.42,2022-23 -> 2024-25,CAVEAT: items differ across years but map to a constant competency framework. Item-level year comparisons mix learning and instrument change; competency-level comparisons are more defensible (still assume similar difficulty within competency). Prefer rankings and competency-level statements across years.
Haveri,B0023 byadagi,C1199 motebennur,4479 motebennur,75.78,40.0,153,78.65,55.0,152,2.87,15.0,1.44,2022-23 -> 2024-25,CAVEAT: items differ across years but map to a constant competency framework. Item-level year comparisons mix learning and instrument change; competency-level comparisons are more defensible (still assume similar difficulty within competency). Prefer rankings and competency-level statements across years.
Bidar,B0068 humnabad,C0580 hallikhed (b),1723 dakulgi,33.13,0.0,107,36.01,5.0,89,2.88,5.0,1.44,2022-23 -> 2024-25,CAVEAT: items differ across years but map to a constant competency framework. Item-level year comparisons mix learning and instrument change; competency-level comparisons are more defensible (still assume similar difficulty within competency). Prefer rankings and competency-level statements across years.
Bagalkote,B0069 hunagund,C1264 nagur,4680 nagur,75.98,50.0,66,78.86,70.0,92,2.88,20.0,1.44,2022-23 -> 2024-25,CAVEAT: items differ across years but map to a constant competency framework. Item-level year comparisons mix learning and instrument change; competency-level comparisons are more defensible (still assume similar difficulty within competency). Prefer rankings and competency-level statements across years.
Bengaluru Rural,B0107 nelamangala,C1519 soladevanahalli,5448 soladevanahalli,60.96,30.0,140,63.85,30.0,139,2.89,0.0,1.44,2022-23 -> 2024-25,CAVEAT: items differ across years but map to a constant competency framework. Item-level year comparisons mix learning and instrument change; competency-level comparisons are more defensible (still assume similar difficulty within competency). Prefer rankings and competency-level statements across years.
Chitradurga,B0060 holalkere,C1493 shivaganga,5374 shivaganga,52.42,15.0,62,55.31,30.0,49,2.89,15.0,1.44,2022-23 -> 2024-25,CAVEAT: items differ across years but map to a constant competency framework. Item-level year comparisons mix learning and instrument change; competency-level comparisons are more defensible (still assume similar difficulty within competency). Prefer rankings and competency-level statements across years.
Yadgir,B0141 yadgir,C0037 allipur,625 allipur,44.1,5.5,162,47.0,15.0,80,2.9,9.5,1.45,2022-23 -> 2024-25,CAVEAT: items differ across years but map to a constant competency framework. Item-level year comparisons mix learning and instrument change; competency-level comparisons are more defensible (still assume similar difficulty within competency). Prefer rankings and competency-level statements across years.
Kodagu,B0140 virajpet,C0840 kakotu parambu,3168 kadanoor,68.0,29.0,10,70.91,55.0,11,2.91,26.0,1.46,2022-23 -> 2024-25,CAVEAT: items differ across years but map to a constant competency framework. Item-level year comparisons mix learning and instrument change; competency-level comparisons are more defensible (still assume similar difficulty within competency). Prefer rankings and competency-level statements across years.
Gadag,B0122 shirhatti,C0631 hebbal,6011 wadavi,57.76,25.0,127,60.68,25.5,132,2.92,0.5,1.46,2022-23 -> 2024-25,CAVEAT: items differ across years but map to a constant competency framework. Item-level year comparisons mix learning and instrument change; competency-level comparisons are more defensible (still assume similar difficulty within competency). Prefer rankings and competency-level statements across years.
Bengaluru Rural,B0107 nelamangala,C1554 t. beguru,5582 t. beguru,61.32,20.0,152,64.24,29.0,119,2.92,9.0,1.46,2022-23 -> 2024-25,CAVEAT: items differ across years but map to a constant competency framework. Item-level year comparisons mix learning and instrument change; competency-level comparisons are more defensible (still assume similar difficulty within competency). Prefer rankings and competency-level statements across years.
Yadgir,B0141 yadgir,C0475 gajarkot,4481 motnalli,47.68,6.5,194,50.6,20.0,84,2.92,13.5,1.46,2022-23 -> 2024-25,CAVEAT: items differ across years but map to a constant competency framework. Item-level year comparisons mix learning and instrument change; competency-level comparisons are more defensible (still assume similar difficulty within competency). Prefer rankings and competency-level statements across years.
Chikkaballapura,B0034 chintamani,C0978 konapalli,3730 konapalli,70.14,39.5,70,73.08,32.5,86,2.94,-7.0,1.47,2022-23 -> 2024-25,CAVEAT: items differ across years but map to a constant competency framework. Item-level year comparisons mix learning and instrument change; competency-level comparisons are more defensible (still assume similar difficulty within competency). Prefer rankings and competency-level statements across years.
Ballari,B0012 ballari east,C1510 sirivara,5200 sanganakallu,66.94,36.0,193,69.89,45.0,220,2.95,9.0,1.48,2022-23 -> 2024-25,CAVEAT: items differ across years but map to a constant competency framework. Item-level year comparisons mix learning and instrument change; competency-level comparisons are more defensible (still assume similar difficulty within competency). Prefer rankings and competency-level statements across years.
Koppal,B0044 gangavathi,C1144 marali,2802 hoskera,41.09,5.5,92,44.06,14.5,90,2.97,9.0,1.48,2022-23 -> 2024-25,CAVEAT: items differ across years but map to a constant competency framework. Item-level year comparisons mix learning and instrument change; competency-level comparisons are more defensible (still assume similar difficulty within competency). Prefer rankings and competency-level statements across years.
Bidar,B0007 aurad,C1453 santhpur,5231 santhpur,46.13,10.0,97,49.13,5.0,46,3.0,-5.0,1.5,2022-23 -> 2024-25,CAVEAT: items differ across years but map to a constant competency framework. Item-level year comparisons mix learning and instrument change; competency-level comparisons are more defensible (still assume similar difficulty within competency). Prefer rankings and competency-level statements across years.
Tumakuru,B0127 sira,C0207 benche,3272 kallambella,53.61,15.0,165,56.62,15.0,65,3.01,0.0,1.5,2022-23 -> 2024-25,CAVEAT: items differ across years but map to a constant competency framework. Item-level year comparisons mix learning and instrument change; competency-level comparisons are more defensible (still assume similar difficulty within competency). Prefer rankings and competency-level statements across years.
Bidar,B0015 basavakalyan,C1204 mudbi,4495 mudbi,38.89,5.0,126,41.91,0.0,141,3.02,-5.0,1.51,2022-23 -> 2024-25,CAVEAT: items differ across years but map to a constant competency framework. Item-level year comparisons mix learning and instrument change; competency-level comparisons are more defensible (still assume similar difficulty within competency). Prefer rankings and competency-level statements across years.
Gadag,B0043 gadag rural,C0874 kanaginahal,4784 neeralagi,50.04,10.0,124,53.08,10.0,133,3.04,0.0,1.52,2022-23 -> 2024-25,CAVEAT: items differ across years but map to a constant competency framework. Item-level year comparisons mix learning and instrument change; competency-level comparisons are more defensible (still assume similar difficulty within competency). Prefer rankings and competency-level statements across years.
Chamarajanagara,B0050 gundlupet,C0165 baragi,1059 baragi,53.14,15.0,118,56.21,20.0,95,3.07,5.0,1.54,2022-23 -> 2024-25,CAVEAT: items differ across years but map to a constant competency framework. Item-level year comparisons mix learning and instrument change; competency-level comparisons are more defensible (still assume similar difficulty within competency). Prefer rankings and competency-level statements across years.
Davanagere,B0062 honnali,C0909 kasaba-ii,2274 h kadadakatte,58.21,10.0,56,61.28,26.0,47,3.07,16.0,1.54,2022-23 -> 2024-25,CAVEAT: items differ across years but map to a constant competency framework. Item-level year comparisons mix learning and instrument change; competency-level comparisons are more defensible (still assume similar difficulty within competency). Prefer rankings and competency-level statements across years.
Dharwad,B0076 kalghatagi,C0477 galagi hulakoppa,2027 galagihulakoppa,54.87,10.0,337,57.98,25.0,173,3.11,15.0,1.56,2022-23 -> 2024-25,CAVEAT: items differ across years but map to a constant competency framework. Item-level year comparisons mix learning and instrument change; competency-level comparisons are more defensible (still assume similar difficulty within competency). Prefer rankings and competency-level statements across years.
Kodagu,B0092 madikeri,C1358 peraje,6592 peraje,66.99,36.0,93,70.14,35.0,71,3.15,-1.0,1.58,2022-23 -> 2024-25,CAVEAT: items differ across years but map to a constant competency framework. Item-level year comparisons mix learning and instrument change; competency-level comparisons are more defensible (still assume similar difficulty within competency). Prefer rankings and competency-level statements across years.
Tumakuru,B0046 gubbi,C0857 kallur,3290 kalluru,80.33,59.5,60,83.49,51.0,53,3.16,-8.5,1.58,2022-23 -> 2024-25,CAVEAT: items differ across years but map to a constant competency framework. Item-level year comparisons mix learning and instrument change; competency-level comparisons are more defensible (still assume similar difficulty within competency). Prefer rankings and competency-level statements across years.
Chitradurga,B0059 hiriyur,C0950 kodihalli,2933 ikkanuru,43.52,10.0,162,46.69,10.0,177,3.17,0.0,1.58,2022-23 -> 2024-25,CAVEAT: items differ across years but map to a constant competency framework. Item-level year comparisons mix learning and instrument change; competency-level comparisons are more defensible (still assume similar difficulty within competency). Prefer rankings and competency-level statements across years.
Mandya,B0090 maddur,C1005 kowdale,2783 hosagavi,60.21,40.0,73,63.38,43.0,37,3.17,3.0,1.58,2022-23 -> 2024-25,CAVEAT: items differ across years but map to a constant competency framework. Item-level year comparisons mix learning and instrument change; competency-level comparisons are more defensible (still assume similar difficulty within competency). Prefer rankings and competency-level statements across years.
Chikkaballapura,B0124 sidlaghatta,C0488 ganjigunte,2060 ganjigunte,47.27,10.0,128,50.45,15.0,122,3.18,5.0,1.59,2022-23 -> 2024-25,CAVEAT: items differ across years but map to a constant competency framework. Item-level year comparisons mix learning and instrument change; competency-level comparisons are more defensible (still assume similar difficulty within competency). Prefer rankings and competency-level statements across years.
Raichur,B0039 devadurga,C0773 jalahalli,3422 karadigudda,41.22,10.0,434,44.4,9.5,50,3.18,-0.5,1.59,2022-23 -> 2024-25,CAVEAT: items differ across years but map to a constant competency framework. Item-level year comparisons mix learning and instrument change; competency-level comparisons are more defensible (still assume similar difficulty within competency). Prefer rankings and competency-level statements across years.
Tumakuru,B0137 turuvekere,C0090 aremallenahalli,6377 thandaga,68.1,40.0,42,71.33,39.0,30,3.23,-1.0,1.62,2022-23 -> 2024-25,CAVEAT: items differ across years but map to a constant competency framework. Item-level year comparisons mix learning and instrument change; competency-level comparisons are more defensible (still assume similar difficulty within competency). Prefer rankings and competency-level statements across years.
Gadag,B0105 naragund,C1490 shirol,5036 radder naganur,43.57,10.0,105,46.82,15.0,99,3.25,5.0,1.62,2022-23 -> 2024-25,CAVEAT: items differ across years but map to a constant competency framework. Item-level year comparisons mix learning and instrument change; competency-level comparisons are more defensible (still assume similar difficulty within competency). Prefer rankings and competency-level statements across years.
Kolar,B0131 srinivasapur,C1213 mudimadagu,4509 mudimadagu,45.7,5.0,71,48.98,10.0,54,3.28,5.0,1.64,2022-23 -> 2024-25,CAVEAT: items differ across years but map to a constant competency framework. Item-level year comparisons mix learning and instrument change; competency-level comparisons are more defensible (still assume similar difficulty within competency). Prefer rankings and competency-level statements across years.
Kodagu,B0129 somavarpet,C0955 kodlipet,1430 byagagotta,58.38,30.0,34,61.67,30.0,27,3.29,0.0,1.64,2022-23 -> 2024-25,CAVEAT: items differ across years but map to a constant competency framework. Item-level year comparisons mix learning and instrument change; competency-level comparisons are more defensible (still assume similar difficulty within competency). Prefer rankings and competency-level statements across years.
Davanagere,B0056 harihara,C0962 kokkanuru,3685 kokkanuru,77.26,55.0,226,80.59,58.5,178,3.33,3.5,1.66,2022-23 -> 2024-25,CAVEAT: items differ across years but map to a constant competency framework. Item-level year comparisons mix learning and instrument change; competency-level comparisons are more defensible (still assume similar difficulty within competency). Prefer rankings and competency-level statements across years.
Bengaluru Rural,B0042 doddaballapura,C0067 anjanamurthynagara,3169 kadanuru,51.88,16.0,32,55.22,25.0,23,3.34,9.0,1.67,2022-23 -> 2024-25,CAVEAT: items differ across years but map to a constant competency framework. Item-level year comparisons mix learning and instrument change; competency-level comparisons are more defensible (still assume similar difficulty within competency). Prefer rankings and competency-level statements across years.
Raichur,B0089 lingasugur,C0394 devarabhupur,2747 honnahalli,43.12,5.0,168,46.46,15.0,89,3.34,10.0,1.67,2022-23 -> 2024-25,CAVEAT: items differ across years but map to a constant competency framework. Item-level year comparisons mix learning and instrument change; competency-level comparisons are more defensible (still assume similar difficulty within competency). Prefer rankings and competency-level statements across years.
Mysuru,B0133 t.n.pura,C2078 halekempayyanahundi,5761 thumbala,48.9,5.0,145,52.26,15.0,135,3.36,10.0,1.68,2022-23 -> 2024-25,CAVEAT: items differ across years but map to a constant competency framework. Item-level year comparisons mix learning and instrument change; competency-level comparisons are more defensible (still assume similar difficulty within competency). Prefer rankings and competency-level statements across years.
Vijayapura,B0016 basavan bagewadi,C1281 narasalagi,4738 narasalagi,77.98,55.0,151,81.34,60.0,370,3.36,5.0,1.68,2022-23 -> 2024-25,CAVEAT: items differ across years but map to a constant competency framework. Item-level year comparisons mix learning and instrument change; competency-level comparisons are more defensible (still assume similar difficulty within competency). Prefer rankings and competency-level statements across years.
Kalaburagi,B0033 chincholi,C1540 sulepeth,4968 pastpur,64.18,45.0,61,67.54,40.0,61,3.36,-5.0,1.68,2022-23 -> 2024-25,CAVEAT: items differ across years but map to a constant competency framework. Item-level year comparisons mix learning and instrument change; competency-level comparisons are more defensible (still assume similar difficulty within competency). Prefer rankings and competency-level statements across years.
Haveri,B0149 haveri,C2220 kabbur,3137 kabbur,52.86,10.0,154,56.23,25.0,150,3.37,15.0,1.68,2022-23 -> 2024-25,CAVEAT: items differ across years but map to a constant competency framework. Item-level year comparisons mix learning and instrument change; competency-level comparisons are more defensible (still assume similar difficulty within competency). Prefer rankings and competency-level statements across years.
Chikkaballapura,B0047 gudibanda,C1727 yallodu,6140 yellodu,59.79,20.0,73,63.16,23.0,87,3.37,3.0,1.68,2022-23 -> 2024-25,CAVEAT: items differ across years but map to a constant competency framework. Item-level year comparisons mix learning and instrument change; competency-level comparisons are more defensible (still assume similar difficulty within competency). Prefer rankings and competency-level statements across years.
Raichur,B0126 sindhanur,C1391 ramathnal,5080 ramathanal,46.96,9.5,130,50.36,16.5,124,3.4,7.0,1.7,2022-23 -> 2024-25,CAVEAT: items differ across years but map to a constant competency framework. Item-level year comparisons mix learning and instrument change; competency-level comparisons are more defensible (still assume similar difficulty within competency). Prefer rankings and competency-level statements across years.
Kodagu,B0140 virajpet,C1699 virajpet,3519 kedamallur,36.33,15.0,30,39.75,9.5,20,3.42,-5.5,1.71,2022-23 -> 2024-25,CAVEAT: items differ across years but map to a constant competency framework. Item-level year comparisons mix learning and instrument change; competency-level comparisons are more defensible (still assume similar difficulty within competency). Prefer rankings and competency-level statements across years.
Chamarajanagara,B0080 kollegala,C1034 kunthur,3907 kunthuru,58.76,27.0,105,62.2,34.0,109,3.44,7.0,1.72,2022-23 -> 2024-25,CAVEAT: items differ across years but map to a constant competency framework. Item-level year comparisons mix learning and instrument change; competency-level comparisons are more defensible (still assume similar difficulty within competency). Prefer rankings and competency-level statements across years.
Chamarajanagara,B0027 chamarajanagar,C0042 aluru,6270 aluru,42.13,5.0,89,45.57,5.0,87,3.44,0.0,1.72,2022-23 -> 2024-25,CAVEAT: items differ across years but map to a constant competency framework. Item-level year comparisons mix learning and instrument change; competency-level comparisons are more defensible (still assume similar difficulty within competency). Prefer rankings and competency-level statements across years.
Koppal,B0085 kuknoor,C1011 kudarimoti,3828 kuderemoti,32.51,3.0,267,35.97,0.0,175,3.46,-3.0,1.73,2022-23 -> 2024-25,CAVEAT: items differ across years but map to a constant competency framework. Item-level year comparisons mix learning and instrument change; competency-level comparisons are more defensible (still assume similar difficulty within competency). Prefer rankings and competency-level statements across years.
Chikkaballapura,B0034 chintamani,C0343 chilakalanerpu,6145 yenigadele,57.88,20.0,33,61.38,24.0,29,3.5,4.0,1.75,2022-23 -> 2024-25,CAVEAT: items differ across years but map to a constant competency framework. Item-level year comparisons mix learning and instrument change; competency-level comparisons are more defensible (still assume similar difficulty within competency). Prefer rankings and competency-level statements across years.
Chitradurga,B0063 hosadurga,C0494 gavirangapura,3941 kurubarahalli,61.06,15.0,113,64.56,36.5,114,3.5,21.5,1.75,2022-23 -> 2024-25,CAVEAT: items differ across years but map to a constant competency framework. Item-level year comparisons mix learning and instrument change; competency-level comparisons are more defensible (still assume similar difficulty within competency). Prefer rankings and competency-level statements across years.
Gadag,B0122 shirhatti,C1091 magadi,4059 madahalli,47.06,5.0,102,50.68,15.0,88,3.62,10.0,1.81,2022-23 -> 2024-25,CAVEAT: items differ across years but map to a constant competency framework. Item-level year comparisons mix learning and instrument change; competency-level comparisons are more defensible (still assume similar difficulty within competency). Prefer rankings and competency-level statements across years.
Tumakuru,B0127 sira,C0521 gowdagere,2172 gowadagere,48.87,15.0,93,52.5,20.0,78,3.63,5.0,1.82,2022-23 -> 2024-25,CAVEAT: items differ across years but map to a constant competency framework. Item-level year comparisons mix learning and instrument change; competency-level comparisons are more defensible (still assume similar difficulty within competency). Prefer rankings and competency-level statements across years.
Chamarajanagara,B0027 chamarajanagar,C0122 bagali,1760 demahalli,75.45,50.0,67,79.08,60.0,98,3.63,10.0,1.82,2022-23 -> 2024-25,CAVEAT: items differ across years but map to a constant competency framework. Item-level year comparisons mix learning and instrument change; competency-level comparisons are more defensible (still assume similar difficulty within competency). Prefer rankings and competency-level statements across years.
Gadag,B0122 shirhatti,C1550 suranagi,5559 suranagi,46.45,5.0,159,50.09,15.0,226,3.64,10.0,1.82,2022-23 -> 2024-25,CAVEAT: items differ across years but map to a constant competency framework. Item-level year comparisons mix learning and instrument change; competency-level comparisons are more defensible (still assume similar difficulty within competency). Prefer rankings and competency-level statements across years.
Tumakuru,B0127 sira,C0452 dwaranakunte,1970 dwaranakunte,51.9,15.0,142,55.55,10.0,119,3.65,-5.0,1.82,2022-23 -> 2024-25,CAVEAT: items differ across years but map to a constant competency framework. Item-level year comparisons mix learning and instrument change; competency-level comparisons are more defensible (still assume similar difficulty within competency). Prefer rankings and competency-level statements across years.
Ballari,B0117 sandur,C1007 krishnanagara,3819 krishnanagara,51.63,20.5,172,55.29,20.0,191,3.66,-0.5,1.83,2022-23 -> 2024-25,CAVEAT: items differ across years but map to a constant competency framework. Item-level year comparisons mix learning and instrument change; competency-level comparisons are more defensible (still assume similar difficulty within competency). Prefer rankings and competency-level statements across years.
Chitradurga,B0035 chitradurga,C1026 kunabevu,3880 kunabevu,38.29,5.0,170,41.96,5.0,163,3.67,0.0,1.84,2022-23 -> 2024-25,CAVEAT: items differ across years but map to a constant competency framework. Item-level year comparisons mix learning and instrument change; competency-level comparisons are more defensible (still assume similar difficulty within competency). Prefer rankings and competency-level statements across years.
Gadag,B0115 ron,C1385 rajur,5061 rajur,56.8,24.5,150,60.49,30.0,276,3.69,5.5,1.84,2022-23 -> 2024-25,CAVEAT: items differ across years but map to a constant competency framework. Item-level year comparisons mix learning and instrument change; competency-level comparisons are more defensible (still assume similar difficulty within competency). Prefer rankings and competency-level statements across years.
Ballari,B0012 ballari east,C0991 korlagundi,2406 handhihal,74.9,50.5,152,78.62,54.0,159,3.72,3.5,1.86,2022-23 -> 2024-25,CAVEAT: items differ across years but map to a constant competency framework. Item-level year comparisons mix learning and instrument change; competency-level comparisons are more defensible (still assume similar difficulty within competency). Prefer rankings and competency-level statements across years.
Vijayanagara,B0052 hagaribommanahalli,C0601 hansi,2391 hanasi,33.49,0.0,186,37.25,0.5,142,3.76,0.5,1.88,2022-23 -> 2024-25,CAVEAT: items differ across years but map to a constant competency framework. Item-level year comparisons mix learning and instrument change; competency-level comparisons are more defensible (still assume similar difficulty within competency). Prefer rankings and competency-level statements across years.
Chitradurga,B0063 hosadurga,C1078 madadakere,1710 d.k.halli,39.02,1.0,133,42.84,5.0,141,3.82,4.0,1.91,2022-23 -> 2024-25,CAVEAT: items differ across years but map to a constant competency framework. Item-level year comparisons mix learning and instrument change; competency-level comparisons are more defensible (still assume similar difficulty within competency). Prefer rankings and competency-level statements across years.
Chitradurga,B0059 hiriyur,C0937 khandenahalli,3365 kandenahalli,53.55,20.0,55,57.39,17.5,46,3.84,-2.5,1.92,2022-23 -> 2024-25,CAVEAT: items differ across years but map to a constant competency framework. Item-level year comparisons mix learning and instrument change; competency-level comparisons are more defensible (still assume similar difficulty within competency). Prefer rankings and competency-level statements across years.
Yadgir,B0120 shahapur,C1251 naganatagi,4644 naganatagi,50.11,10.0,87,53.96,15.0,101,3.85,5.0,1.92,2022-23 -> 2024-25,CAVEAT: items differ across years but map to a constant competency framework. Item-level year comparisons mix learning and instrument change; competency-level comparisons are more defensible (still assume similar difficulty within competency). Prefer rankings and competency-level statements across years.
Bidar,B0015 basavakalyan,C0617 harkood,2475 harkood,42.71,10.0,105,46.56,3.0,77,3.85,-7.0,1.92,2022-23 -> 2024-25,CAVEAT: items differ across years but map to a constant competency framework. Item-level year comparisons mix learning and instrument change; competency-level comparisons are more defensible (still assume similar difficulty within competency). Prefer rankings and competency-level statements across years.
Chitradurga,B0063 hosadurga,C0101 attimage bhovihatti,840 attimage,48.94,5.0,156,52.8,10.0,161,3.86,5.0,1.93,2022-23 -> 2024-25,CAVEAT: items differ across years but map to a constant competency framework. Item-level year comparisons mix learning and instrument change; competency-level comparisons are more defensible (still assume similar difficulty within competency). Prefer rankings and competency-level statements across years.
Raichur,B0111 raichur,C1162 matamari,4358 matamari,30.96,0.0,234,34.83,1.0,233,3.87,1.0,1.94,2022-23 -> 2024-25,CAVEAT: items differ across years but map to a constant competency framework. Item-level year comparisons mix learning and instrument change; competency-level comparisons are more defensible (still assume similar difficulty within competency). Prefer rankings and competency-level statements across years.
Tumakuru,B0087 kunigal,C0369 d hosahalli,1702 d hosahalli,62.16,30.0,74,66.06,25.0,71,3.9,-5.0,1.95,2022-23 -> 2024-25,CAVEAT: items differ across years but map to a constant competency framework. Item-level year comparisons mix learning and instrument change; competency-level comparisons are more defensible (still assume similar difficulty within competency). Prefer rankings and competency-level statements across years.
Bengaluru Rural,B0064 hosakote,C1541 sulibele,5531 sulibele,50.62,15.0,96,54.52,15.0,93,3.9,0.0,1.95,2022-23 -> 2024-25,CAVEAT: items differ across years but map to a constant competency framework. Item-level year comparisons mix learning and instrument change; competency-level comparisons are more defensible (still assume similar difficulty within competency). Prefer rankings and competency-level statements across years.
Raichur,B0096 manvi,C1621 torandinni,6191 hiredinni,42.8,10.0,66,46.72,10.0,90,3.92,0.0,1.96,2022-23 -> 2024-25,CAVEAT: items differ across years but map to a constant competency framework. Item-level year comparisons mix learning and instrument change; competency-level comparisons are more defensible (still assume similar difficulty within competency). Prefer rankings and competency-level statements across years.
Davanagere,B0038 davanagere(s),C1095 mahadevipura,3335 kanagondanahal,57.1,22.0,105,61.06,32.5,66,3.96,10.5,1.98,2022-23 -> 2024-25,CAVEAT: items differ across years but map to a constant competency framework. Item-level year comparisons mix learning and instrument change; competency-level comparisons are more defensible (still assume similar difficulty within competency). Prefer rankings and competency-level statements across years.
Chikkaballapura,B0030 chikkaballapur,C1371 r.g. halli,1873 dodda pyayalagurki,54.82,10.5,112,58.79,20.0,128,3.97,9.5,1.98,2022-23 -> 2024-25,CAVEAT: items differ across years but map to a constant competency framework. Item-level year comparisons mix learning and instrument change; competency-level comparisons are more defensible (still assume similar difficulty within competency). Prefer rankings and competency-level statements across years.
Davanagere,B0062 honnali,C1548 surahonne,4934 palavanahalli,40.66,5.0,61,44.64,20.0,42,3.98,15.0,1.99,2022-23 -> 2024-25,CAVEAT: items differ across years but map to a constant competency framework. Item-level year comparisons mix learning and instrument change; competency-level comparisons are more defensible (still assume similar difficulty within competency). Prefer rankings and competency-level statements across years.
Kalaburagi,B0073 jewargi,C0794 jeratagi,993 balundagi 38,50.19,10.0,130,54.18,20.0,110,3.99,10.0,2.0,2022-23 -> 2024-25,CAVEAT: items differ across years but map to a constant competency framework. Item-level year comparisons mix learning and instrument change; competency-level comparisons are more defensible (still assume similar difficulty within competency). Prefer rankings and competency-level statements across years.
Bengaluru Rural,B0040 devanahalli,C1700 vishwanathapura,6002 vishwanathapura,85.14,65.0,140,89.16,75.0,131,4.02,10.0,2.01,2022-23 -> 2024-25,CAVEAT: items differ across years but map to a constant competency framework. Item-level year comparisons mix learning and instrument change; competency-level comparisons are more defensible (still assume similar difficulty within competency). Prefer rankings and competency-level statements across years.
Kalaburagi,B0073 jewargi,C0070 ankalagi,2975 itaga 42,35.34,0.0,174,39.37,5.0,142,4.03,5.0,2.02,2022-23 -> 2024-25,CAVEAT: items differ across years but map to a constant competency framework. Item-level year comparisons mix learning and instrument change; competency-level comparisons are more defensible (still assume similar difficulty within competency). Prefer rankings and competency-level statements across years.
Chitradurga,B0060 holalkere,C0333 chikkajajuru,1580 chikkajajuru,65.26,21.0,133,69.36,30.0,171,4.1,9.0,2.05,2022-23 -> 2024-25,CAVEAT: items differ across years but map to a constant competency framework. Item-level year comparisons mix learning and instrument change; competency-level comparisons are more defensible (still assume similar difficulty within competency). Prefer rankings and competency-level statements across years.
Gadag,B0102 mundaragi,C1361 petalur,6241 petaluru,63.64,30.0,107,67.75,35.0,109,4.11,5.0,2.06,2022-23 -> 2024-25,CAVEAT: items differ across years but map to a constant competency framework. Item-level year comparisons mix learning and instrument change; competency-level comparisons are more defensible (still assume similar difficulty within competency). Prefer rankings and competency-level statements across years.
Bengaluru Rural,B0042 doddaballapura,C0417 dodda belavangala,1861 dodda belavangala,53.31,15.0,186,57.44,21.0,43,4.13,6.0,2.06,2022-23 -> 2024-25,CAVEAT: items differ across years but map to a constant competency framework. Item-level year comparisons mix learning and instrument change; competency-level comparisons are more defensible (still assume similar difficulty within competency). Prefer rankings and competency-level statements across years.
Kalaburagi,B0036 chittapur,C0566 halakatta,2324 halakatta,31.3,0.0,100,35.44,10.0,90,4.14,10.0,2.07,2022-23 -> 2024-25,CAVEAT: items differ across years but map to a constant competency framework. Item-level year comparisons mix learning and instrument change; competency-level comparisons are more defensible (still assume similar difficulty within competency). Prefer rankings and competency-level statements across years.
Chitradurga,B0063 hosadurga,C1072 m.g.dibba,1378 bokikere,55.63,10.0,183,59.78,23.0,137,4.15,13.0,2.08,2022-23 -> 2024-25,CAVEAT: items differ across years but map to a constant competency framework. Item-level year comparisons mix learning and instrument change; competency-level comparisons are more defensible (still assume similar difficulty within competency). Prefer rankings and competency-level statements across years.
Kolar,B0094 malur,C0811 k.g. halli,3103 k g halli,45.39,10.0,140,49.55,5.0,122,4.16,-5.0,2.08,2022-23 -> 2024-25,CAVEAT: items differ across years but map to a constant competency framework. Item-level year comparisons mix learning and instrument change; competency-level comparisons are more defensible (still assume similar difficulty within competency). Prefer rankings and competency-level statements across years.
Kodagu,B0140 virajpet,C0053 ammathi vantiangadi,3389 kannangala,69.29,50.0,21,73.46,49.0,39,4.17,-1.0,2.08,2022-23 -> 2024-25,CAVEAT: items differ across years but map to a constant competency framework. Item-level year comparisons mix learning and instrument change; competency-level comparisons are more defensible (still assume similar difficulty within competency). Prefer rankings and competency-level statements across years.
Chikkaballapura,B0034 chintamani,C0075 anoor,6283 anoor,55.96,15.0,78,60.13,20.0,75,4.17,5.0,2.08,2022-23 -> 2024-25,CAVEAT: items differ across years but map to a constant competency framework. Item-level year comparisons mix learning and instrument change; competency-level comparisons are more defensible (still assume similar difficulty within competency). Prefer rankings and competency-level statements across years.
Kalaburagi,B0001 afzalpur,C0149 bandarwad,1019 bandarwad,35.46,0.0,163,39.64,5.0,84,4.18,5.0,2.09,2022-23 -> 2024-25,CAVEAT: items differ across years but map to a constant competency framework. Item-level year comparisons mix learning and instrument change; competency-level comparisons are more defensible (still assume similar difficulty within competency). Prefer rankings and competency-level statements across years.
Kolar,B0131 srinivasapur,C0278 byraganahalli,1451 byraganahalli,55.0,10.0,70,59.21,15.0,57,4.21,5.0,2.1,2022-23 -> 2024-25,CAVEAT: items differ across years but map to a constant competency framework. Item-level year comparisons mix learning and instrument change; competency-level comparisons are more defensible (still assume similar difficulty within competency). Prefer rankings and competency-level statements across years.
Mysuru,B0104 nanjanagud,C1591 thandava pura,3539 kempi siddana hundi,52.73,15.0,119,56.95,20.0,100,4.22,5.0,2.11,2022-23 -> 2024-25,CAVEAT: items differ across years but map to a constant competency framework. Item-level year comparisons mix learning and instrument change; competency-level comparisons are more defensible (still assume similar difficulty within competency). Prefer rankings and competency-level statements across years.
Raichur,B0096 manvi,C0123 bagalwada,4684 nakkunda,60.37,30.0,122,64.6,50.0,198,4.23,20.0,2.12,2022-23 -> 2024-25,CAVEAT: items differ across years but map to a constant competency framework. Item-level year comparisons mix learning and instrument change; competency-level comparisons are more defensible (still assume similar difficulty within competency). Prefer rankings and competency-level statements across years.
Mysuru,B0133 t.n.pura,C1564 talakadu,5678 thala kadu,49.38,5.0,176,53.62,10.0,138,4.24,5.0,2.12,2022-23 -> 2024-25,CAVEAT: items differ across years but map to a constant competency framework. Item-level year comparisons mix learning and instrument change; competency-level comparisons are more defensible (still assume similar difficulty within competency). Prefer rankings and competency-level statements across years.
Chitradurga,B0063 hosadurga,C0426 doddaghatta,1895 doddaghatta,40.66,5.0,197,44.91,5.0,158,4.25,0.0,2.12,2022-23 -> 2024-25,CAVEAT: items differ across years but map to a constant competency framework. Item-level year comparisons mix learning and instrument change; competency-level comparisons are more defensible (still assume similar difficulty within competency). Prefer rankings and competency-level statements across years.
Ramanagara,B0112 ramanagara,C1172 mayaganahalli,4388 mayaganahalli,74.02,50.0,51,78.28,50.0,131,4.26,0.0,2.13,2022-23 -> 2024-25,CAVEAT: items differ across years but map to a constant competency framework. Item-level year comparisons mix learning and instrument change; competency-level comparisons are more defensible (still assume similar difficulty within competency). Prefer rankings and competency-level statements across years.
Belagavi,B0006 athani,C1373 raderahatti,5037 radderahatti,54.4,10.0,150,58.67,15.5,192,4.27,5.5,2.14,2022-23 -> 2024-25,CAVEAT: items differ across years but map to a constant competency framework. Item-level year comparisons mix learning and instrument change; competency-level comparisons are more defensible (still assume similar difficulty within competency). Prefer rankings and competency-level statements across years.
Yadgir,B0123 shorapur,C0389 devapur,610 aldal,50.22,10.0,162,54.52,20.0,262,4.3,10.0,2.15,2022-23 -> 2024-25,CAVEAT: items differ across years but map to a constant competency framework. Item-level year comparisons mix learning and instrument change; competency-level comparisons are more defensible (still assume similar difficulty within competency). Prefer rankings and competency-level statements across years.
Raichur,B0096 manvi,C1677 utaknoor,5921 utakanur,57.56,20.0,125,61.92,20.0,91,4.36,0.0,2.18,2022-23 -> 2024-25,CAVEAT: items differ across years but map to a constant competency framework. Item-level year comparisons mix learning and instrument change; competency-level comparisons are more defensible (still assume similar difficulty within competency). Prefer rankings and competency-level statements across years.
Raichur,B0089 lingasugur,C1257 nagarhal,4652 nagarahal,48.08,10.0,117,52.45,10.0,92,4.37,0.0,2.18,2022-23 -> 2024-25,CAVEAT: items differ across years but map to a constant competency framework. Item-level year comparisons mix learning and instrument change; competency-level comparisons are more defensible (still assume similar difficulty within competency). Prefer rankings and competency-level statements across years.
Kolar,B0131 srinivasapur,C0372 dalasanur,1724 dalasanur,57.69,12.0,65,62.09,25.0,67,4.4,13.0,2.2,2022-23 -> 2024-25,CAVEAT: items differ across years but map to a constant competency framework. Item-level year comparisons mix learning and instrument change; competency-level comparisons are more defensible (still assume similar difficulty within competency). Prefer rankings and competency-level statements across years.
Yadgir,B0141 yadgir,C1104 malhar,4176 malhar,43.19,10.0,47,47.71,15.0,48,4.52,5.0,2.26,2022-23 -> 2024-25,CAVEAT: items differ across years but map to a constant competency framework. Item-level year comparisons mix learning and instrument change; competency-level comparisons are more defensible (still assume similar difficulty within competency). Prefer rankings and competency-level statements across years.
Koppal,B0044 gangavathi,C0329 chikkadankanakal,1573 chikkadankanakal,50.11,18.0,87,54.66,10.0,132,4.55,-8.0,2.28,2022-23 -> 2024-25,CAVEAT: items differ across years but map to a constant competency framework. Item-level year comparisons mix learning and instrument change; competency-level comparisons are more defensible (still assume similar difficulty within competency). Prefer rankings and competency-level statements across years.
Chitradurga,B0063 hosadurga,C0528 guddadaneralakere,2006 g.n.kere,50.56,15.0,162,55.15,15.0,165,4.59,0.0,2.3,2022-23 -> 2024-25,CAVEAT: items differ across years but map to a constant competency framework. Item-level year comparisons mix learning and instrument change; competency-level comparisons are more defensible (still assume similar difficulty within competency). Prefer rankings and competency-level statements across years.
Vijayapura,B0025 chadachan,C1754 zalaki,985 ballolli,73.83,55.0,137,78.49,55.0,239,4.66,0.0,2.33,2022-23 -> 2024-25,CAVEAT: items differ across years but map to a constant competency framework. Item-level year comparisons mix learning and instrument change; competency-level comparisons are more defensible (still assume similar difficulty within competency). Prefer rankings and competency-level statements across years.
Bidar,B0068 humnabad,C0595 handikera,5539 sultanabad,49.3,14.0,129,53.98,20.0,133,4.68,6.0,2.34,2022-23 -> 2024-25,CAVEAT: items differ across years but map to a constant competency framework. Item-level year comparisons mix learning and instrument change; competency-level comparisons are more defensible (still assume similar difficulty within competency). Prefer rankings and competency-level statements across years.
Koppal,B0143 yelburga,C1211 mudhol,6278 sankanooru,70.85,40.0,159,75.53,55.0,76,4.68,15.0,2.34,2022-23 -> 2024-25,CAVEAT: items differ across years but map to a constant competency framework. Item-level year comparisons mix learning and instrument change; competency-level comparisons are more defensible (still assume similar difficulty within competency). Prefer rankings and competency-level statements across years.
Kalaburagi,B0036 chittapur,C1583 tengali,1736 dandoti,21.83,0.0,60,26.55,0.0,42,4.72,0.0,2.36,2022-23 -> 2024-25,CAVEAT: items differ across years but map to a constant competency framework. Item-level year comparisons mix learning and instrument change; competency-level comparisons are more defensible (still assume similar difficulty within competency). Prefer rankings and competency-level statements across years.
Bidar,B0007 aurad,C0223 bhandar kumta,2706 hokrana,52.36,10.0,70,57.1,24.5,50,4.74,14.5,2.37,2022-23 -> 2024-25,CAVEAT: items differ across years but map to a constant competency framework. Item-level year comparisons mix learning and instrument change; competency-level comparisons are more defensible (still assume similar difficulty within competency). Prefer rankings and competency-level statements across years.
Hassan,B0018 belur,C0817 kachihally,5235 sanyasihally,64.0,27.0,65,68.75,40.0,64,4.75,13.0,2.38,2022-23 -> 2024-25,CAVEAT: items differ across years but map to a constant competency framework. Item-level year comparisons mix learning and instrument change; competency-level comparisons are more defensible (still assume similar difficulty within competency). Prefer rankings and competency-level statements across years.
Gadag,B0105 naragund,C0144 banahatti,1005 banahatti,63.02,25.0,144,67.8,35.0,184,4.78,10.0,2.39,2022-23 -> 2024-25,CAVEAT: items differ across years but map to a constant competency framework. Item-level year comparisons mix learning and instrument change; competency-level comparisons are more defensible (still assume similar difficulty within competency). Prefer rankings and competency-level statements across years.
Bengaluru Rural,B0107 nelamangala,C1614 thyamagondlu,5767 thyamagondlu,73.1,44.5,50,77.9,60.0,31,4.8,15.5,2.4,2022-23 -> 2024-25,CAVEAT: items differ across years but map to a constant competency framework. Item-level year comparisons mix learning and instrument change; competency-level comparisons are more defensible (still assume similar difficulty within competency). Prefer rankings and competency-level statements across years.
Yadgir,B0141 yadgir,C0076 anpur,4443 minasapur,46.63,10.0,129,51.44,15.0,90,4.81,5.0,2.4,2022-23 -> 2024-25,CAVEAT: items differ across years but map to a constant competency framework. Item-level year comparisons mix learning and instrument change; competency-level comparisons are more defensible (still assume similar difficulty within competency). Prefer rankings and competency-level statements across years.
Chikkaballapura,B0010 bagepally,C0126 bagepally,2064 gantamvaripalli,51.69,10.0,118,56.52,15.0,105,4.83,5.0,2.42,2022-23 -> 2024-25,CAVEAT: items differ across years but map to a constant competency framework. Item-level year comparisons mix learning and instrument change; competency-level comparisons are more defensible (still assume similar difficulty within competency). Prefer rankings and competency-level statements across years.
Bagalkote,B0069 hunagund,C2049 gudur,2215 gudur sc,79.17,64.5,90,84.0,60.0,241,4.83,-4.5,2.42,2022-23 -> 2024-25,CAVEAT: items differ across years but map to a constant competency framework. Item-level year comparisons mix learning and instrument change; competency-level comparisons are more defensible (still assume similar difficulty within competency). Prefer rankings and competency-level statements across years.
Tumakuru,B0082 koratagere,C0029 akkirampura,582 akkirampura,58.08,30.0,73,62.92,25.0,89,4.84,-5.0,2.42,2022-23 -> 2024-25,CAVEAT: items differ across years but map to a constant competency framework. Item-level year comparisons mix learning and instrument change; competency-level comparisons are more defensible (still assume similar difficulty within competency). Prefer rankings and competency-level statements across years.
Raichur,B0126 sindhanur,C0403 devi camp,1793 devaragudi,35.37,0.0,205,40.26,5.0,151,4.89,5.0,2.44,2022-23 -> 2024-25,CAVEAT: items differ across years but map to a constant competency framework. Item-level year comparisons mix learning and instrument change; competency-level comparisons are more defensible (still assume similar difficulty within competency). Prefer rankings and competency-level statements across years.
Kalaburagi,B0036 chittapur,C0038 allolli,3985 ladlapur,28.64,0.0,143,33.56,10.0,80,4.92,10.0,2.46,2022-23 -> 2024-25,CAVEAT: items differ across years but map to a constant competency framework. Item-level year comparisons mix learning and instrument change; competency-level comparisons are more defensible (still assume similar difficulty within competency). Prefer rankings and competency-level statements across years.
Bidar,B0015 basavakalyan,C1637 ujalam,5878 ujjalam,66.26,35.0,115,71.18,40.0,119,4.92,5.0,2.46,2022-23 -> 2024-25,CAVEAT: items differ across years but map to a constant competency framework. Item-level year comparisons mix learning and instrument change; competency-level comparisons are more defensible (still assume similar difficulty within competency). Prefer rankings and competency-level statements across years.
Mysuru,B0133 t.n.pura,C1710 yadadore,2072 gargeswari,67.27,32.5,86,72.23,50.0,121,4.96,17.5,2.48,2022-23 -> 2024-25,CAVEAT: items differ across years but map to a constant competency framework. Item-level year comparisons mix learning and instrument change; competency-level comparisons are more defensible (still assume similar difficulty within competency). Prefer rankings and competency-level statements across years.
Raichur,B0096 manvi,C0857 kallur,3288 kallur,44.0,10.0,180,49.0,22.0,105,5.0,12.0,2.5,2022-23 -> 2024-25,CAVEAT: items differ across years but map to a constant competency framework. Item-level year comparisons mix learning and instrument change; competency-level comparisons are more defensible (still assume similar difficulty within competency). Prefer rankings and competency-level statements across years.
Kalaburagi,B0001 afzalpur,C0149 bandarwad,2503 hasargundagi,41.07,5.0,169,46.18,15.0,93,5.11,10.0,2.56,2022-23 -> 2024-25,CAVEAT: items differ across years but map to a constant competency framework. Item-level year comparisons mix learning and instrument change; competency-level comparisons are more defensible (still assume similar difficulty within competency). Prefer rankings and competency-level statements across years.
Vijayanagara,B0052 hagaribommanahalli,C0158 bannikal,2014 gaddikeri,31.2,0.0,121,36.31,5.0,111,5.11,5.0,2.56,2022-23 -> 2024-25,CAVEAT: items differ across years but map to a constant competency framework. Item-level year comparisons mix learning and instrument change; competency-level comparisons are more defensible (still assume similar difficulty within competency). Prefer rankings and competency-level statements across years.
Chitradurga,B0026 challakere,C1307 neralagunte,4821 nerlagunte,33.12,0.0,157,38.26,5.0,138,5.14,5.0,2.57,2022-23 -> 2024-25,CAVEAT: items differ across years but map to a constant competency framework. Item-level year comparisons mix learning and instrument change; competency-level comparisons are more defensible (still assume similar difficulty within competency). Prefer rankings and competency-level statements across years.
Chitradurga,B0097 molakalmur,C0592 hanagal,2645 hirekerehalli,20.08,0.0,120,25.22,0.0,135,5.14,0.0,2.57,2022-23 -> 2024-25,CAVEAT: items differ across years but map to a constant competency framework. Item-level year comparisons mix learning and instrument change; competency-level comparisons are more defensible (still assume similar difficulty within competency). Prefer rankings and competency-level statements across years.
Chitradurga,B0026 challakere,C0770 jajuru,3010 jajur,37.92,5.0,197,43.08,12.5,156,5.16,7.5,2.58,2022-23 -> 2024-25,CAVEAT: items differ across years but map to a constant competency framework. Item-level year comparisons mix learning and instrument change; competency-level comparisons are more defensible (still assume similar difficulty within competency). Prefer rankings and competency-level statements across years.
Raichur,B0096 manvi,C0123 bagalwada,920 bagalwada,56.49,16.5,174,61.67,50.0,183,5.18,33.5,2.59,2022-23 -> 2024-25,CAVEAT: items differ across years but map to a constant competency framework. Item-level year comparisons mix learning and instrument change; competency-level comparisons are more defensible (still assume similar difficulty within competency). Prefer rankings and competency-level statements across years.
Dharwad,B0041 dharwad,C0691 honnapur,785 aravatgi,76.1,50.0,195,81.29,60.0,237,5.19,10.0,2.6,2022-23 -> 2024-25,CAVEAT: items differ across years but map to a constant competency framework. Item-level year comparisons mix learning and instrument change; competency-level comparisons are more defensible (still assume similar difficulty within competency). Prefer rankings and competency-level statements across years.
Chamarajanagara,B0054 hanur,C1074 m.m.hills,2148 gopinatham,60.72,40.0,76,65.96,45.0,83,5.24,5.0,2.62,2022-23 -> 2024-25,CAVEAT: items differ across years but map to a constant competency framework. Item-level year comparisons mix learning and instrument change; competency-level comparisons are more defensible (still assume similar difficulty within competency). Prefer rankings and competency-level statements across years.
Vijayanagara,B0052 hagaribommanahalli,C0118 bachigondana halli,892 bachigondanahalli,43.15,5.0,173,48.4,11.0,213,5.25,6.0,2.62,2022-23 -> 2024-25,CAVEAT: items differ across years but map to a constant competency framework. Item-level year comparisons mix learning and instrument change; competency-level comparisons are more defensible (still assume similar difficulty within competency). Prefer rankings and competency-level statements across years.
Mysuru,B0133 t.n.pura,C0934 kethupura,4179 maliyuru,59.04,25.0,187,64.32,20.0,139,5.28,-5.0,2.64,2022-23 -> 2024-25,CAVEAT: items differ across years but map to a constant competency framework. Item-level year comparisons mix learning and instrument change; competency-level comparisons are more defensible (still assume similar difficulty within competency). Prefer rankings and competency-level statements across years.
Chitradurga,B0035 chitradurga,C0748 ingaladal,2951 ingaladal,39.9,5.0,149,45.19,10.0,132,5.29,5.0,2.64,2022-23 -> 2024-25,CAVEAT: items differ across years but map to a constant competency framework. Item-level year comparisons mix learning and instrument change; competency-level comparisons are more defensible (still assume similar difficulty within competency). Prefer rankings and competency-level statements across years.
Kalaburagi,B0033 chincholi,C0348 chimmanchod,6322 hasargundagi,34.77,5.0,152,40.07,10.0,149,5.3,5.0,2.65,2022-23 -> 2024-25,CAVEAT: items differ across years but map to a constant competency framework. Item-level year comparisons mix learning and instrument change; competency-level comparisons are more defensible (still assume similar difficulty within competency). Prefer rankings and competency-level statements across years.
Chitradurga,B0026 challakere,C0436 dodderi,1925 dodderi,44.15,10.0,194,49.46,10.0,147,5.31,0.0,2.66,2022-23 -> 2024-25,CAVEAT: items differ across years but map to a constant competency framework. Item-level year comparisons mix learning and instrument change; competency-level comparisons are more defensible (still assume similar difficulty within competency). Prefer rankings and competency-level statements across years.
Kalaburagi,B0033 chincholi,C0878 kanakapur,3382 kankpur,52.48,10.0,129,57.8,20.0,82,5.32,10.0,2.66,2022-23 -> 2024-25,CAVEAT: items differ across years but map to a constant competency framework. Item-level year comparisons mix learning and instrument change; competency-level comparisons are more defensible (still assume similar difficulty within competency). Prefer rankings and competency-level statements across years.
Tumakuru,B0087 kunigal,C0798 jodi hosahalli,2990 j hosahalli,65.76,40.0,72,71.09,47.0,55,5.33,7.0,2.66,2022-23 -> 2024-25,CAVEAT: items differ across years but map to a constant competency framework. Item-level year comparisons mix learning and instrument change; competency-level comparisons are more defensible (still assume similar difficulty within competency). Prefer rankings and competency-level statements across years.
Raichur,B0111 raichur,C0468 gadhar,3307 kamalpur,48.7,15.0,104,54.15,25.0,59,5.45,10.0,2.72,2022-23 -> 2024-25,CAVEAT: items differ across years but map to a constant competency framework. Item-level year comparisons mix learning and instrument change; competency-level comparisons are more defensible (still assume similar difficulty within competency). Prefer rankings and competency-level statements across years.
Dharwad,B0076 kalghatagi,C1220 mukkal,4536 mukkal,65.33,30.0,122,70.81,45.0,178,5.48,15.0,2.74,2022-23 -> 2024-25,CAVEAT: items differ across years but map to a constant competency framework. Item-level year comparisons mix learning and instrument change; competency-level comparisons are more defensible (still assume similar difficulty within competency). Prefer rankings and competency-level statements across years.
Chamarajanagara,B0080 kollegala,C0863 kamagere,5422 singanalluru,72.02,45.0,62,77.5,58.5,38,5.48,13.5,2.74,2022-23 -> 2024-25,CAVEAT: items differ across years but map to a constant competency framework. Item-level year comparisons mix learning and instrument change; competency-level comparisons are more defensible (still assume similar difficulty within competency). Prefer rankings and competency-level statements across years.
Bidar,B0020 bidar,C0124 bagdal,844 aurad (s),23.14,0.0,51,28.66,5.0,56,5.52,5.0,2.76,2022-23 -> 2024-25,CAVEAT: items differ across years but map to a constant competency framework. Item-level year comparisons mix learning and instrument change; competency-level comparisons are more defensible (still assume similar difficulty within competency). Prefer rankings and competency-level statements across years.
Raichur,B0089 lingasugur,C0048 amdihal,5910 uppar nandihal,55.0,10.0,70,60.54,30.0,84,5.54,20.0,2.77,2022-23 -> 2024-25,CAVEAT: items differ across years but map to a constant competency framework. Item-level year comparisons mix learning and instrument change; competency-level comparisons are more defensible (still assume similar difficulty within competency). Prefer rankings and competency-level statements across years.
Dharwad,B0066 hubli,C1137 mantur,6643 mantur,71.37,35.0,84,76.94,45.0,134,5.57,10.0,2.78,2022-23 -> 2024-25,CAVEAT: items differ across years but map to a constant competency framework. Item-level year comparisons mix learning and instrument change; competency-level comparisons are more defensible (still assume similar difficulty within competency). Prefer rankings and competency-level statements across years.
Bidar,B0019 bhalki,C1318 nittur (b),1128 beeri (k),39.32,5.0,74,44.89,10.0,44,5.57,5.0,2.78,2022-23 -> 2024-25,CAVEAT: items differ across years but map to a constant competency framework. Item-level year comparisons mix learning and instrument change; competency-level comparisons are more defensible (still assume similar difficulty within competency). Prefer rankings and competency-level statements across years.
Chitradurga,B0063 hosadurga,C0920 kellodu,3532 kellodu,46.77,5.0,167,52.35,15.0,155,5.58,10.0,2.79,2022-23 -> 2024-25,CAVEAT: items differ across years but map to a constant competency framework. Item-level year comparisons mix learning and instrument change; competency-level comparisons are more defensible (still assume similar difficulty within competency). Prefer rankings and competency-level statements across years.
Yadgir,B0141 yadgir,C1370 putpak,5032 putpak,35.57,15.0,44,41.19,10.0,67,5.62,-5.0,2.81,2022-23 -> 2024-25,CAVEAT: items differ across years but map to a constant competency framework. Item-level year comparisons mix learning and instrument change; competency-level comparisons are more defensible (still assume similar difficulty within competency). Prefer rankings and competency-level statements across years.
Bidar,B0019 bhalki,C1178 mehakar,4403 mehakar,52.01,5.0,137,57.64,20.0,106,5.63,15.0,2.82,2022-23 -> 2024-25,CAVEAT: items differ across years but map to a constant competency framework. Item-level year comparisons mix learning and instrument change; competency-level comparisons are more defensible (still assume similar difficulty within competency). Prefer rankings and competency-level statements across years.
Tumakuru,B0127 sira,C1588 thalagunda,1419 bupasandra,58.5,15.0,120,64.13,25.0,98,5.63,10.0,2.82,2022-23 -> 2024-25,CAVEAT: items differ across years but map to a constant competency framework. Item-level year comparisons mix learning and instrument change; competency-level comparisons are more defensible (still assume similar difficulty within competency). Prefer rankings and competency-level statements across years.
Kodagu,B0140 virajpet,C1555 t. shettigeri,1363 birunani,27.5,0.0,52,33.15,5.0,27,5.65,5.0,2.82,2022-23 -> 2024-25,CAVEAT: items differ across years but map to a constant competency framework. Item-level year comparisons mix learning and instrument change; competency-level comparisons are more defensible (still assume similar difficulty within competency). Prefer rankings and competency-level statements across years.
Koppal,B0088 kustagi,C0800 jumalapur,3092 jumalapura,52.99,25.0,184,58.67,30.0,98,5.68,5.0,2.84,2022-23 -> 2024-25,CAVEAT: items differ across years but map to a constant competency framework. Item-level year comparisons mix learning and instrument change; competency-level comparisons are more defensible (still assume similar difficulty within competency). Prefer rankings and competency-level statements across years.
Bengaluru Rural,B0064 hosakote,C1541 sulibele,2098 giddappanahalli,52.04,10.0,81,57.84,20.0,97,5.8,10.0,2.9,2022-23 -> 2024-25,CAVEAT: items differ across years but map to a constant competency framework. Item-level year comparisons mix learning and instrument change; competency-level comparisons are more defensible (still assume similar difficulty within competency). Prefer rankings and competency-level statements across years.
Chikkaballapura,B0010 bagepally,C1520 somanathapura,5458 somanathapura,50.39,13.5,38,56.2,10.0,50,5.81,-3.5,2.9,2022-23 -> 2024-25,CAVEAT: items differ across years but map to a constant competency framework. Item-level year comparisons mix learning and instrument change; competency-level comparisons are more defensible (still assume similar difficulty within competency). Prefer rankings and competency-level statements across years.
Chitradurga,B0026 challakere,C1332 p.mahadevapura,5404 siddeswaranadurga,37.03,5.0,32,42.88,5.0,200,5.85,0.0,2.92,2022-23 -> 2024-25,CAVEAT: items differ across years but map to a constant competency framework. Item-level year comparisons mix learning and instrument change; competency-level comparisons are more defensible (still assume similar difficulty within competency). Prefer rankings and competency-level statements across years.
Chitradurga,B0059 hiriyur,C0410 dharmapura,1828 dharmapura,46.08,5.0,172,51.97,10.5,142,5.89,5.5,2.94,2022-23 -> 2024-25,CAVEAT: items differ across years but map to a constant competency framework. Item-level year comparisons mix learning and instrument change; competency-level comparisons are more defensible (still assume similar difficulty within competency). Prefer rankings and competency-level statements across years.
Kolar,B0131 srinivasapur,C1054 lakshmipura,6618 lakshmipura,50.14,10.0,209,56.05,15.0,110,5.91,5.0,2.96,2022-23 -> 2024-25,CAVEAT: items differ across years but map to a constant competency framework. Item-level year comparisons mix learning and instrument change; competency-level comparisons are more defensible (still assume similar difficulty within competency). Prefer rankings and competency-level statements across years.
Kalaburagi,B0036 chittapur,C0631 hebbal,3366 kandgol,36.13,0.0,115,42.06,15.0,63,5.93,15.0,2.96,2022-23 -> 2024-25,CAVEAT: items differ across years but map to a constant competency framework. Item-level year comparisons mix learning and instrument change; competency-level comparisons are more defensible (still assume similar difficulty within competency). Prefer rankings and competency-level statements across years.
Chikkaballapura,B0034 chintamani,C0265 booragamakalahalli,3202 kagathi,48.17,5.0,93,54.16,14.0,89,5.99,9.0,3.0,2022-23 -> 2024-25,CAVEAT: items differ across years but map to a constant competency framework. Item-level year comparisons mix learning and instrument change; competency-level comparisons are more defensible (still assume similar difficulty within competency). Prefer rankings and competency-level statements across years.
Dharwad,B0076 kalghatagi,C1009 kudalagi,5532 sulikatti,47.34,5.0,143,53.36,22.5,76,6.02,17.5,3.01,2022-23 -> 2024-25,CAVEAT: items differ across years but map to a constant competency framework. Item-level year comparisons mix learning and instrument change; competency-level comparisons are more defensible (still assume similar difficulty within competency). Prefer rankings and competency-level statements across years.
Dharwad,B0076 kalghatagi,C1558 tabakadhonnali,2001 g hulikatti,69.91,35.0,166,76.07,50.0,164,6.16,15.0,3.08,2022-23 -> 2024-25,CAVEAT: items differ across years but map to a constant competency framework. Item-level year comparisons mix learning and instrument change; competency-level comparisons are more defensible (still assume similar difficulty within competency). Prefer rankings and competency-level statements across years.
Chitradurga,B0063 hosadurga,C0129 baguru,931 baguru,55.87,20.0,92,62.07,25.0,111,6.2,5.0,3.1,2022-23 -> 2024-25,CAVEAT: items differ across years but map to a constant competency framework. Item-level year comparisons mix learning and instrument change; competency-level comparisons are more defensible (still assume similar difficulty within competency). Prefer rankings and competency-level statements across years.
Davanagere,B0028 channagiri,C0304 channeshapura,3087 joladal,53.9,6.0,123,60.11,30.0,88,6.21,24.0,3.1,2022-23 -> 2024-25,CAVEAT: items differ across years but map to a constant competency framework. Item-level year comparisons mix learning and instrument change; competency-level comparisons are more defensible (still assume similar difficulty within competency). Prefer rankings and competency-level statements across years.
Kodagu,B0140 virajpet,C0510 gonikoppal,2508 hathur,50.52,15.0,67,56.76,30.0,54,6.24,15.0,3.12,2022-23 -> 2024-25,CAVEAT: items differ across years but map to a constant competency framework. Item-level year comparisons mix learning and instrument change; competency-level comparisons are more defensible (still assume similar difficulty within competency). Prefer rankings and competency-level statements across years.
Kodagu,B0140 virajpet,C1044 kutta,213009046 k. badaga,40.92,3.5,38,47.24,15.0,38,6.32,11.5,3.16,2022-23 -> 2024-25,CAVEAT: items differ across years but map to a constant competency framework. Item-level year comparisons mix learning and instrument change; competency-level comparisons are more defensible (still assume similar difficulty within competency). Prefer rankings and competency-level statements across years.
Tumakuru,B0046 gubbi,C1319 nittur,6530 nittur,63.77,25.0,53,70.11,43.0,47,6.34,18.0,3.17,2022-23 -> 2024-25,CAVEAT: items differ across years but map to a constant competency framework. Item-level year comparisons mix learning and instrument change; competency-level comparisons are more defensible (still assume similar difficulty within competency). Prefer rankings and competency-level statements across years.
Gadag,B0102 mundaragi,C0826 kadampur,1943 doni,57.16,20.0,148,63.5,25.0,230,6.34,5.0,3.17,2022-23 -> 2024-25,CAVEAT: items differ across years but map to a constant competency framework. Item-level year comparisons mix learning and instrument change; competency-level comparisons are more defensible (still assume similar difficulty within competency). Prefer rankings and competency-level statements across years.
Gadag,B0122 shirhatti,C0825 kadakol,3158 kadakol,58.6,25.0,164,64.98,39.5,200,6.38,14.5,3.19,2022-23 -> 2024-25,CAVEAT: items differ across years but map to a constant competency framework. Item-level year comparisons mix learning and instrument change; competency-level comparisons are more defensible (still assume similar difficulty within competency). Prefer rankings and competency-level statements across years.
Raichur,B0096 manvi,C1442 sangapur,3044 janekal,42.41,5.0,145,48.79,15.0,70,6.38,10.0,3.19,2022-23 -> 2024-25,CAVEAT: items differ across years but map to a constant competency framework. Item-level year comparisons mix learning and instrument change; competency-level comparisons are more defensible (still assume similar difficulty within competency). Prefer rankings and competency-level statements across years.
Kalaburagi,B0073 jewargi,C0966 kolakur,3655 kodi 6,53.11,20.0,140,59.53,25.0,75,6.42,5.0,3.21,2022-23 -> 2024-25,CAVEAT: items differ across years but map to a constant competency framework. Item-level year comparisons mix learning and instrument change; competency-level comparisons are more defensible (still assume similar difficulty within competency). Prefer rankings and competency-level statements across years.
Bidar,B0019 bhalki,C0409 dhannura (s),1824 dhannura (s),33.01,5.0,73,39.47,8.0,47,6.46,3.0,3.23,2022-23 -> 2024-25,CAVEAT: items differ across years but map to a constant competency framework. Item-level year comparisons mix learning and instrument change; competency-level comparisons are more defensible (still assume similar difficulty within competency). Prefer rankings and competency-level statements across years.
Raichur,B0089 lingasugur,C0394 devarabhupur,1792 devarabhupur,33.25,0.0,126,39.73,9.0,129,6.48,9.0,3.24,2022-23 -> 2024-25,CAVEAT: items differ across years but map to a constant competency framework. Item-level year comparisons mix learning and instrument change; competency-level comparisons are more defensible (still assume similar difficulty within competency). Prefer rankings and competency-level statements across years.
Davanagere,B0062 honnali,C1324 nyamathi,3905 kunkova,53.37,10.0,98,59.9,15.0,99,6.53,5.0,3.26,2022-23 -> 2024-25,CAVEAT: items differ across years but map to a constant competency framework. Item-level year comparisons mix learning and instrument change; competency-level comparisons are more defensible (still assume similar difficulty within competency). Prefer rankings and competency-level statements across years.
Mandya,B0103 nagamangala,C0818 kadaba hally,3147 kadabahally,60.47,35.0,118,67.0,27.0,55,6.53,-8.0,3.26,2022-23 -> 2024-25,CAVEAT: items differ across years but map to a constant competency framework. Item-level year comparisons mix learning and instrument change; competency-level comparisons are more defensible (still assume similar difficulty within competency). Prefer rankings and competency-level statements across years.
Dharwad,B0106 navalgund,C1482 shelwadi,5579 t kurahatti,64.55,35.0,101,71.12,37.0,85,6.57,2.0,3.28,2022-23 -> 2024-25,CAVEAT: items differ across years but map to a constant competency framework. Item-level year comparisons mix learning and instrument change; competency-level comparisons are more defensible (still assume similar difficulty within competency). Prefer rankings and competency-level statements across years.
Bengaluru Rural,B0042 doddaballapura,C1087 madhure kodihalli,1503 channadevi agrahara,56.62,13.5,68,63.19,34.0,69,6.57,20.5,3.28,2022-23 -> 2024-25,CAVEAT: items differ across years but map to a constant competency framework. Item-level year comparisons mix learning and instrument change; competency-level comparisons are more defensible (still assume similar difficulty within competency). Prefer rankings and competency-level statements across years.
Bengaluru Rural,B0042 doddaballapura,C1418 s s ghati,4416 melinajuganahalli,53.83,10.0,192,60.43,35.0,104,6.6,25.0,3.3,2022-23 -> 2024-25,CAVEAT: items differ across years but map to a constant competency framework. Item-level year comparisons mix learning and instrument change; competency-level comparisons are more defensible (still assume similar difficulty within competency). Prefer rankings and competency-level statements across years.
Chitradurga,B0059 hiriyur,C0620 harthikote,2493 harthikote,53.73,15.0,110,60.34,5.0,102,6.61,-10.0,3.3,2022-23 -> 2024-25,CAVEAT: items differ across years but map to a constant competency framework. Item-level year comparisons mix learning and instrument change; competency-level comparisons are more defensible (still assume similar difficulty within competency). Prefer rankings and competency-level statements across years.
Chikkaballapura,B0010 bagepally,C1190 mittemari,4453 mittemari,36.24,4.0,109,42.87,10.0,108,6.63,6.0,3.32,2022-23 -> 2024-25,CAVEAT: items differ across years but map to a constant competency framework. Item-level year comparisons mix learning and instrument change; competency-level comparisons are more defensible (still assume similar difficulty within competency). Prefer rankings and competency-level statements across years.
Kalaburagi,B0033 chincholi,C0347 chimmaidalai,2069 garagpalli,38.37,2.5,156,45.06,14.5,90,6.69,12.0,3.34,2022-23 -> 2024-25,CAVEAT: items differ across years but map to a constant competency framework. Item-level year comparisons mix learning and instrument change; competency-level comparisons are more defensible (still assume similar difficulty within competency). Prefer rankings and competency-level statements across years.
Tumakuru,B0046 gubbi,C0009 adagur,511 adagur,85.19,65.0,215,91.89,79.5,90,6.7,14.5,3.35,2022-23 -> 2024-25,CAVEAT: items differ across years but map to a constant competency framework. Item-level year comparisons mix learning and instrument change; competency-level comparisons are more defensible (still assume similar difficulty within competency). Prefer rankings and competency-level statements across years.
Bagalkote,B0069 hunagund,C0734 hungund,3826 kudal-sangam,59.71,15.0,51,66.46,35.0,99,6.75,20.0,3.38,2022-23 -> 2024-25,CAVEAT: items differ across years but map to a constant competency framework. Item-level year comparisons mix learning and instrument change; competency-level comparisons are more defensible (still assume similar difficulty within competency). Prefer rankings and competency-level statements across years.
Kalaburagi,B0033 chincholi,C0382 degalmadi,5171 salebeernalli,40.16,0.0,129,46.91,10.0,89,6.75,10.0,3.38,2022-23 -> 2024-25,CAVEAT: items differ across years but map to a constant competency framework. Item-level year comparisons mix learning and instrument change; competency-level comparisons are more defensible (still assume similar difficulty within competency). Prefer rankings and competency-level statements across years.
Yadgir,B0123 shorapur,C1057 laxmipur,6215 arkera (k),37.29,5.0,155,44.05,0.5,152,6.76,-4.5,3.38,2022-23 -> 2024-25,CAVEAT: items differ across years but map to a constant competency framework. Item-level year comparisons mix learning and instrument change; competency-level comparisons are more defensible (still assume similar difficulty within competency). Prefer rankings and competency-level statements across years.
Vijayanagara,B0052 hagaribommanahalli,C0552 h.b. halli,1440 byasigadere,45.06,10.0,237,51.87,15.0,99,6.81,5.0,3.4,2022-23 -> 2024-25,CAVEAT: items differ across years but map to a constant competency framework. Item-level year comparisons mix learning and instrument change; competency-level comparisons are more defensible (still assume similar difficulty within competency). Prefer rankings and competency-level statements across years.
Ballari,B0117 sandur,C1735 yashvanthnagara,3259 kalingere,53.04,15.0,130,59.88,35.0,210,6.84,20.0,3.42,2022-23 -> 2024-25,CAVEAT: items differ across years but map to a constant competency framework. Item-level year comparisons mix learning and instrument change; competency-level comparisons are more defensible (still assume similar difficulty within competency). Prefer rankings and competency-level statements across years.
Chitradurga,B0097 molakalmur,C0763 j.b.halli,5221 santhegudda,22.99,0.0,117,29.83,0.0,146,6.84,0.0,3.42,2022-23 -> 2024-25,CAVEAT: items differ across years but map to a constant competency framework. Item-level year comparisons mix learning and instrument change; competency-level comparisons are more defensible (still assume similar difficulty within competency). Prefer rankings and competency-level statements across years.
Gadag,B0122 shirhatti,C0180 battur,1104 battur,58.18,29.5,110,65.03,39.5,180,6.85,10.0,3.42,2022-23 -> 2024-25,CAVEAT: items differ across years but map to a constant competency framework. Item-level year comparisons mix learning and instrument change; competency-level comparisons are more defensible (still assume similar difficulty within competency). Prefer rankings and competency-level statements across years.
Koppal,B0143 yelburga,C1687 vajrabandi,5950 vajrabandi,41.05,5.0,239,47.92,15.0,113,6.87,10.0,3.44,2022-23 -> 2024-25,CAVEAT: items differ across years but map to a constant competency framework. Item-level year comparisons mix learning and instrument change; competency-level comparisons are more defensible (still assume similar difficulty within competency). Prefer rankings and competency-level statements across years.
Chitradurga,B0035 chitradurga,C0654 hireguntanuru,2632 hireguntanuru,33.21,4.5,210,40.1,10.0,202,6.89,5.5,3.44,2022-23 -> 2024-25,CAVEAT: items differ across years but map to a constant competency framework. Item-level year comparisons mix learning and instrument change; competency-level comparisons are more defensible (still assume similar difficulty within competency). Prefer rankings and competency-level statements across years.
Tumakuru,B0136 tumkur,C1112 mallasandra,1915 doddanaravangala,54.49,25.0,79,61.54,30.0,81,7.05,5.0,3.52,2022-23 -> 2024-25,CAVEAT: items differ across years but map to a constant competency framework. Item-level year comparisons mix learning and instrument change; competency-level comparisons are more defensible (still assume similar difficulty within competency). Prefer rankings and competency-level statements across years.
Bagalkote,B0009 bagalkot,C1516 sitimani r s,5085 rampur,79.92,55.0,131,87.04,70.0,196,7.12,15.0,3.56,2022-23 -> 2024-25,CAVEAT: items differ across years but map to a constant competency framework. Item-level year comparisons mix learning and instrument change; competency-level comparisons are more defensible (still assume similar difficulty within competency). Prefer rankings and competency-level statements across years.
Raichur,B0039 devadurga,C0808 k. irabagera,3122 k irabagera,45.64,5.0,212,52.76,12.0,105,7.12,7.0,3.56,2022-23 -> 2024-25,CAVEAT: items differ across years but map to a constant competency framework. Item-level year comparisons mix learning and instrument change; competency-level comparisons are more defensible (still assume similar difficulty within competency). Prefer rankings and competency-level statements across years.
Kalaburagi,B0073 jewargi,C1114 malli,3920 kuralgera 31,55.26,15.0,171,62.4,18.5,148,7.14,3.5,3.57,2022-23 -> 2024-25,CAVEAT: items differ across years but map to a constant competency framework. Item-level year comparisons mix learning and instrument change; competency-level comparisons are more defensible (still assume similar difficulty within competency). Prefer rankings and competency-level statements across years.
Bidar,B0068 humnabad,C0581 hallikhed (k),6285 kallur,72.46,49.5,140,79.66,52.5,116,7.2,3.0,3.6,2022-23 -> 2024-25,CAVEAT: items differ across years but map to a constant competency framework. Item-level year comparisons mix learning and instrument change; competency-level comparisons are more defensible (still assume similar difficulty within competency). Prefer rankings and competency-level statements across years.
Bengaluru Rural,B0042 doddaballapura,C0932 kesthuru,6685 kesturu,63.04,25.0,69,70.35,35.0,43,7.31,10.0,3.66,2022-23 -> 2024-25,CAVEAT: items differ across years but map to a constant competency framework. Item-level year comparisons mix learning and instrument change; competency-level comparisons are more defensible (still assume similar difficulty within competency). Prefer rankings and competency-level statements across years.
Kalaburagi,B0049 gulbarga south,C0462 faratabad,6398 kadani,33.63,5.0,106,41.0,10.0,120,7.37,5.0,3.68,2022-23 -> 2024-25,CAVEAT: items differ across years but map to a constant competency framework. Item-level year comparisons mix learning and instrument change; competency-level comparisons are more defensible (still assume similar difficulty within competency). Prefer rankings and competency-level statements across years.
Kodagu,B0129 somavarpet,C1547 suntikoppa,3321 kambibane,72.89,48.5,38,80.27,63.0,37,7.38,14.5,3.69,2022-23 -> 2024-25,CAVEAT: items differ across years but map to a constant competency framework. Item-level year comparisons mix learning and instrument change; competency-level comparisons are more defensible (still assume similar difficulty within competency). Prefer rankings and competency-level statements across years.
Belagavi,B0078 khanapur,C1351 parishwad,2637 hirehattiholi,73.61,48.5,158,81.0,60.0,100,7.39,11.5,3.7,2022-23 -> 2024-25,CAVEAT: items differ across years but map to a constant competency framework. Item-level year comparisons mix learning and instrument change; competency-level comparisons are more defensible (still assume similar difficulty within competency). Prefer rankings and competency-level statements across years.
Hassan,B0005 arasikere,C0483 gandasi,2041 gandasi,71.88,40.0,77,79.35,60.0,54,7.47,20.0,3.74,2022-23 -> 2024-25,CAVEAT: items differ across years but map to a constant competency framework. Item-level year comparisons mix learning and instrument change; competency-level comparisons are more defensible (still assume similar difficulty within competency). Prefer rankings and competency-level statements across years.
Tumakuru,B0087 kunigal,C0987 koppa,213009177 koppa,64.78,20.0,67,72.27,45.0,86,7.49,25.0,3.74,2022-23 -> 2024-25,CAVEAT: items differ across years but map to a constant competency framework. Item-level year comparisons mix learning and instrument change; competency-level comparisons are more defensible (still assume similar difficulty within competency). Prefer rankings and competency-level statements across years.
Kodagu,B0129 somavarpet,C1084 madapur,2075 garwale,61.25,30.5,12,68.75,40.5,12,7.5,10.0,3.75,2022-23 -> 2024-25,CAVEAT: items differ across years but map to a constant competency framework. Item-level year comparisons mix learning and instrument change; competency-level comparisons are more defensible (still assume similar difficulty within competency). Prefer rankings and competency-level statements across years.
Chamarajanagara,B0142 yelandur,C0538 gumballi,6101 yaragamballi,38.78,10.0,86,46.32,12.5,76,7.54,2.5,3.77,2022-23 -> 2024-25,CAVEAT: items differ across years but map to a constant competency framework. Item-level year comparisons mix learning and instrument change; competency-level comparisons are more defensible (still assume similar difficulty within competency). Prefer rankings and competency-level statements across years.
Chamarajanagara,B0142 yelandur,C0447 duggahatti,1957 duggahatti,37.79,5.0,95,45.34,10.0,116,7.55,5.0,3.78,2022-23 -> 2024-25,CAVEAT: items differ across years but map to a constant competency framework. Item-level year comparisons mix learning and instrument change; competency-level comparisons are more defensible (still assume similar difficulty within competency). Prefer rankings and competency-level statements across years.
Dharwad,B0066 hubli,C1489 shirguppi,5347 shiraguppi,64.82,40.0,56,72.39,50.0,71,7.57,10.0,3.78,2022-23 -> 2024-25,CAVEAT: items differ across years but map to a constant competency framework. Item-level year comparisons mix learning and instrument change; competency-level comparisons are more defensible (still assume similar difficulty within competency). Prefer rankings and competency-level statements across years.
Davanagere,B0062 honnali,C1548 surahonne,6103 yaraganal,47.51,10.0,181,55.09,22.5,56,7.58,12.5,3.79,2022-23 -> 2024-25,CAVEAT: items differ across years but map to a constant competency framework. Item-level year comparisons mix learning and instrument change; competency-level comparisons are more defensible (still assume similar difficulty within competency). Prefer rankings and competency-level statements across years.
Bidar,B0015 basavakalyan,C0235 bhosga marathi,614 algood,48.39,5.5,112,56.0,25.0,100,7.61,19.5,3.8,2022-23 -> 2024-25,CAVEAT: items differ across years but map to a constant competency framework. Item-level year comparisons mix learning and instrument change; competency-level comparisons are more defensible (still assume similar difficulty within competency). Prefer rankings and competency-level statements across years.
Bengaluru Rural,B0040 devanahalli,C0239 bidaluru,3430 karahalli,78.7,50.0,146,86.36,70.0,143,7.66,20.0,3.83,2022-23 -> 2024-25,CAVEAT: items differ across years but map to a constant competency framework. Item-level year comparisons mix learning and instrument change; competency-level comparisons are more defensible (still assume similar difficulty within competency). Prefer rankings and competency-level statements across years.
Kodagu,B0140 virajpet,C0859 kalthodu,1238 betoli,53.82,20.0,89,61.48,20.0,91,7.66,0.0,3.83,2022-23 -> 2024-25,CAVEAT: items differ across years but map to a constant competency framework. Item-level year comparisons mix learning and instrument change; competency-level comparisons are more defensible (still assume similar difficulty within competency). Prefer rankings and competency-level statements across years.
Bidar,B0020 bidar,C0171 baroor,2707 hokrana (b),28.44,0.0,61,36.11,5.0,54,7.67,5.0,3.84,2022-23 -> 2024-25,CAVEAT: items differ across years but map to a constant competency framework. Item-level year comparisons mix learning and instrument change; competency-level comparisons are more defensible (still assume similar difficulty within competency). Prefer rankings and competency-level statements across years.
Tumakuru,B0091 madhugiri,C0953 kodlapura,5026 puravara,48.91,5.0,101,56.59,22.5,66,7.68,17.5,3.84,2022-23 -> 2024-25,CAVEAT: items differ across years but map to a constant competency framework. Item-level year comparisons mix learning and instrument change; competency-level comparisons are more defensible (still assume similar difficulty within competency). Prefer rankings and competency-level statements across years.
Tumakuru,B0087 kunigal,C1736 yediyur,6049 yadeyur,60.8,30.0,75,68.53,40.0,95,7.73,10.0,3.86,2022-23 -> 2024-25,CAVEAT: items differ across years but map to a constant competency framework. Item-level year comparisons mix learning and instrument change; competency-level comparisons are more defensible (still assume similar difficulty within competency). Prefer rankings and competency-level statements across years.
Tumakuru,B0046 gubbi,C0525 gubbi hosahalli,2000 g hosahalli,71.78,30.0,115,79.52,60.0,147,7.74,30.0,3.87,2022-23 -> 2024-25,CAVEAT: items differ across years but map to a constant competency framework. Item-level year comparisons mix learning and instrument change; competency-level comparisons are more defensible (still assume similar difficulty within competency). Prefer rankings and competency-level statements across years.
Bidar,B0015 basavakalyan,C1384 rajola,4747 narayanpur,36.4,0.0,146,44.18,15.0,91,7.78,15.0,3.89,2022-23 -> 2024-25,CAVEAT: items differ across years but map to a constant competency framework. Item-level year comparisons mix learning and instrument change; competency-level comparisons are more defensible (still assume similar difficulty within competency). Prefer rankings and competency-level statements across years.
Kalaburagi,B0036 chittapur,C0038 allolli,3441 kardal,35.53,0.0,122,43.32,15.0,98,7.79,15.0,3.9,2022-23 -> 2024-25,CAVEAT: items differ across years but map to a constant competency framework. Item-level year comparisons mix learning and instrument change; competency-level comparisons are more defensible (still assume similar difficulty within competency). Prefer rankings and competency-level statements across years.
Mysuru,B0133 t.n.pura,C1395 rangasamudra,6675 rangasamudra,62.8,30.0,198,70.64,50.0,163,7.84,20.0,3.92,2022-23 -> 2024-25,CAVEAT: items differ across years but map to a constant competency framework. Item-level year comparisons mix learning and instrument change; competency-level comparisons are more defensible (still assume similar difficulty within competency). Prefer rankings and competency-level statements across years.
Kalaburagi,B0036 chittapur,C1401 ravoor,6341 ingalagi,35.9,5.0,94,43.75,10.5,152,7.85,5.5,3.92,2022-23 -> 2024-25,CAVEAT: items differ across years but map to a constant competency framework. Item-level year comparisons mix learning and instrument change; competency-level comparisons are more defensible (still assume similar difficulty within competency). Prefer rankings and competency-level statements across years.
Chikkaballapura,B0030 chikkaballapur,C1124 mandikal,4233 mandikal,54.67,25.0,91,62.58,30.0,62,7.91,5.0,3.96,2022-23 -> 2024-25,CAVEAT: items differ across years but map to a constant competency framework. Item-level year comparisons mix learning and instrument change; competency-level comparisons are more defensible (still assume similar difficulty within competency). Prefer rankings and competency-level statements across years.
Gadag,B0102 mundaragi,C1486 shingtalur,5343 shingatalur,46.11,10.0,135,54.03,30.0,180,7.92,20.0,3.96,2022-23 -> 2024-25,CAVEAT: items differ across years but map to a constant competency framework. Item-level year comparisons mix learning and instrument change; competency-level comparisons are more defensible (still assume similar difficulty within competency). Prefer rankings and competency-level statements across years.
Davanagere,B0028 channagiri,C1347 pandomati,2149 goppenahalli,65.88,25.0,51,73.82,45.0,51,7.94,20.0,3.97,2022-23 -> 2024-25,CAVEAT: items differ across years but map to a constant competency framework. Item-level year comparisons mix learning and instrument change; competency-level comparisons are more defensible (still assume similar difficulty within competency). Prefer rankings and competency-level statements across years.
Dharwad,B0106 navalgund,C0789 javoor,6669 hebbal,46.73,20.0,101,54.72,10.0,88,7.99,-10.0,4.0,2022-23 -> 2024-25,CAVEAT: items differ across years but map to a constant competency framework. Item-level year comparisons mix learning and instrument change; competency-level comparisons are more defensible (still assume similar difficulty within competency). Prefer rankings and competency-level statements across years.
Gadag,B0122 shirhatti,C0160 bannikoppa,1044 bannikoppa,40.11,5.0,136,48.13,20.0,158,8.02,15.0,4.01,2022-23 -> 2024-25,CAVEAT: items differ across years but map to a constant competency framework. Item-level year comparisons mix learning and instrument change; competency-level comparisons are more defensible (still assume similar difficulty within competency). Prefer rankings and competency-level statements across years.
Raichur,B0039 devadurga,C0440 dondambralli,1936 dondambali,35.22,5.0,202,43.35,10.0,118,8.13,5.0,4.06,2022-23 -> 2024-25,CAVEAT: items differ across years but map to a constant competency framework. Item-level year comparisons mix learning and instrument change; competency-level comparisons are more defensible (still assume similar difficulty within competency). Prefer rankings and competency-level statements across years.
Kalaburagi,B0002 aland,C0676 hodalur,6306 tadola,36.78,5.0,101,45.0,25.0,82,8.22,20.0,4.11,2022-23 -> 2024-25,CAVEAT: items differ across years but map to a constant competency framework. Item-level year comparisons mix learning and instrument change; competency-level comparisons are more defensible (still assume similar difficulty within competency). Prefer rankings and competency-level statements across years.
Vijayanagara,B0084 kudligi,C0360 chiribi,5088 rampura,67.99,30.0,112,76.25,50.0,92,8.26,20.0,4.13,2022-23 -> 2024-25,CAVEAT: items differ across years but map to a constant competency framework. Item-level year comparisons mix learning and instrument change; competency-level comparisons are more defensible (still assume similar difficulty within competency). Prefer rankings and competency-level statements across years.
Tumakuru,B0135 tiptur,C0252 biligere,1345 biligere,69.48,43.5,48,77.82,60.0,71,8.34,16.5,4.17,2022-23 -> 2024-25,CAVEAT: items differ across years but map to a constant competency framework. Item-level year comparisons mix learning and instrument change; competency-level comparisons are more defensible (still assume similar difficulty within competency). Prefer rankings and competency-level statements across years.
Kodagu,B0129 somavarpet,C0955 kodlipet,3668 kodlipet,53.63,25.0,51,61.98,30.0,43,8.35,5.0,4.18,2022-23 -> 2024-25,CAVEAT: items differ across years but map to a constant competency framework. Item-level year comparisons mix learning and instrument change; competency-level comparisons are more defensible (still assume similar difficulty within competency). Prefer rankings and competency-level statements across years.
Belagavi,B0108 nippani,C0478 galatga,2028 galataga,39.58,5.0,132,47.96,9.5,140,8.38,4.5,4.19,2022-23 -> 2024-25,CAVEAT: items differ across years but map to a constant competency framework. Item-level year comparisons mix learning and instrument change; competency-level comparisons are more defensible (still assume similar difficulty within competency). Prefer rankings and competency-level statements across years.
Chikkaballapura,B0010 bagepally,C0253 billur,1353 billur,26.89,0.0,106,35.29,10.0,68,8.4,10.0,4.2,2022-23 -> 2024-25,CAVEAT: items differ across years but map to a constant competency framework. Item-level year comparisons mix learning and instrument change; competency-level comparisons are more defensible (still assume similar difficulty within competency). Prefer rankings and competency-level statements across years.
Kalaburagi,B0036 chittapur,C0542 gundagurthi,1262 bhagodi,19.8,0.0,147,28.21,5.0,106,8.41,5.0,4.2,2022-23 -> 2024-25,CAVEAT: items differ across years but map to a constant competency framework. Item-level year comparisons mix learning and instrument change; competency-level comparisons are more defensible (still assume similar difficulty within competency). Prefer rankings and competency-level statements across years.
Tumakuru,B0137 turuvekere,C1682 vadavana ghatta,5935 vadavanaghatta,74.71,45.0,140,83.13,65.0,126,8.42,20.0,4.21,2022-23 -> 2024-25,CAVEAT: items differ across years but map to a constant competency framework. Item-level year comparisons mix learning and instrument change; competency-level comparisons are more defensible (still assume similar difficulty within competency). Prefer rankings and competency-level statements across years.
Yadgir,B0123 shorapur,C1057 laxmipur,1816 devikera,66.39,39.5,180,74.85,55.0,195,8.46,15.5,4.23,2022-23 -> 2024-25,CAVEAT: items differ across years but map to a constant competency framework. Item-level year comparisons mix learning and instrument change; competency-level comparisons are more defensible (still assume similar difficulty within competency). Prefer rankings and competency-level statements across years.
Gadag,B0105 naragund,C1490 shirol,6501 shirol,52.14,5.0,105,60.61,25.0,173,8.47,20.0,4.24,2022-23 -> 2024-25,CAVEAT: items differ across years but map to a constant competency framework. Item-level year comparisons mix learning and instrument change; competency-level comparisons are more defensible (still assume similar difficulty within competency). Prefer rankings and competency-level statements across years.
Dharwad,B0076 kalghatagi,C1558 tabakadhonnali,3078 jinnur,42.89,5.0,228,51.38,20.0,199,8.49,15.0,4.24,2022-23 -> 2024-25,CAVEAT: items differ across years but map to a constant competency framework. Item-level year comparisons mix learning and instrument change; competency-level comparisons are more defensible (still assume similar difficulty within competency). Prefer rankings and competency-level statements across years.
Chikkaballapura,B0034 chintamani,C0275 buradagunte,1420 burudagunte,33.48,0.5,112,42.03,5.0,106,8.55,4.5,4.28,2022-23 -> 2024-25,CAVEAT: items differ across years but map to a constant competency framework. Item-level year comparisons mix learning and instrument change; competency-level comparisons are more defensible (still assume similar difficulty within competency). Prefer rankings and competency-level statements across years.
Dharwad,B0041 dharwad,C1560 tadakod,4072 madanabhavi,46.59,10.0,189,55.15,15.0,275,8.56,5.0,4.28,2022-23 -> 2024-25,CAVEAT: items differ across years but map to a constant competency framework. Item-level year comparisons mix learning and instrument change; competency-level comparisons are more defensible (still assume similar difficulty within competency). Prefer rankings and competency-level statements across years.
Kalaburagi,B0048 gulbarga north,C1096 mahagaon,4125 mahagaon,48.18,10.0,99,56.86,30.0,78,8.68,20.0,4.34,2022-23 -> 2024-25,CAVEAT: items differ across years but map to a constant competency framework. Item-level year comparisons mix learning and instrument change; competency-level comparisons are more defensible (still assume similar difficulty within competency). Prefer rankings and competency-level statements across years.
Koppal,B0088 kustagi,C1441 sanganahal,5201 sanganal,50.0,15.0,101,58.72,30.0,113,8.72,15.0,4.36,2022-23 -> 2024-25,CAVEAT: items differ across years but map to a constant competency framework. Item-level year comparisons mix learning and instrument change; competency-level comparisons are more defensible (still assume similar difficulty within competency). Prefer rankings and competency-level statements across years.
Chamarajanagara,B0080 kollegala,C0863 kamagere,3747 kongarahalli,63.42,34.0,19,72.14,55.0,21,8.72,21.0,4.36,2022-23 -> 2024-25,CAVEAT: items differ across years but map to a constant competency framework. Item-level year comparisons mix learning and instrument change; competency-level comparisons are more defensible (still assume similar difficulty within competency). Prefer rankings and competency-level statements across years.
Gadag,B0105 naragund,C1549 surakod,5562 surkod,56.46,20.0,103,65.19,40.0,130,8.73,20.0,4.36,2022-23 -> 2024-25,CAVEAT: items differ across years but map to a constant competency framework. Item-level year comparisons mix learning and instrument change; competency-level comparisons are more defensible (still assume similar difficulty within competency). Prefer rankings and competency-level statements across years.
Raichur,B0111 raichur,C0501 gillesugur,2099 gillesugur,42.97,10.0,222,51.72,5.0,134,8.75,-5.0,4.38,2022-23 -> 2024-25,CAVEAT: items differ across years but map to a constant competency framework. Item-level year comparisons mix learning and instrument change; competency-level comparisons are more defensible (still assume similar difficulty within competency). Prefer rankings and competency-level statements across years.
Gadag,B0122 shirhatti,C1485 shigli,5335 shigli,47.12,5.0,200,55.9,15.0,188,8.78,10.0,4.39,2022-23 -> 2024-25,CAVEAT: items differ across years but map to a constant competency framework. Item-level year comparisons mix learning and instrument change; competency-level comparisons are more defensible (still assume similar difficulty within competency). Prefer rankings and competency-level statements across years.
Tumakuru,B0087 kunigal,C0439 dombarahatty,3207 kaggere,55.65,5.0,46,64.52,26.0,63,8.87,21.0,4.44,2022-23 -> 2024-25,CAVEAT: items differ across years but map to a constant competency framework. Item-level year comparisons mix learning and instrument change; competency-level comparisons are more defensible (still assume similar difficulty within competency). Prefer rankings and competency-level statements across years.
Tumakuru,B0087 kunigal,C1150 markonahalli,4324 markonahalli,54.16,15.0,89,63.04,25.0,79,8.88,10.0,4.44,2022-23 -> 2024-25,CAVEAT: items differ across years but map to a constant competency framework. Item-level year comparisons mix learning and instrument change; competency-level comparisons are more defensible (still assume similar difficulty within competency). Prefer rankings and competency-level statements across years.
Dharwad,B0076 kalghatagi,C0448 dumwad,1776 devalingankoppa,45.39,10.0,165,54.27,20.0,137,8.88,10.0,4.44,2022-23 -> 2024-25,CAVEAT: items differ across years but map to a constant competency framework. Item-level year comparisons mix learning and instrument change; competency-level comparisons are more defensible (still assume similar difficulty within competency). Prefer rankings and competency-level statements across years.
Tumakuru,B0046 gubbi,C0819 kadaba,3144 kadaba,61.71,26.5,114,70.62,43.0,24,8.91,16.5,4.46,2022-23 -> 2024-25,CAVEAT: items differ across years but map to a constant competency framework. Item-level year comparisons mix learning and instrument change; competency-level comparisons are more defensible (still assume similar difficulty within competency). Prefer rankings and competency-level statements across years.
Bidar,B0007 aurad,C0683 holesamudra,2725 holsamudra,63.69,43.5,88,72.78,45.0,81,9.09,1.5,4.54,2022-23 -> 2024-25,CAVEAT: items differ across years but map to a constant competency framework. Item-level year comparisons mix learning and instrument change; competency-level comparisons are more defensible (still assume similar difficulty within competency). Prefer rankings and competency-level statements across years.
Bidar,B0068 humnabad,C0595 handikera,1486 chandanhalli,58.27,25.0,159,67.37,26.0,93,9.1,1.0,4.55,2022-23 -> 2024-25,CAVEAT: items differ across years but map to a constant competency framework. Item-level year comparisons mix learning and instrument change; competency-level comparisons are more defensible (still assume similar difficulty within competency). Prefer rankings and competency-level statements across years.
Mandya,B0090 maddur,C0810 k.bellur,3117 k.belluru,48.98,10.0,83,58.09,25.0,68,9.11,15.0,4.55,2022-23 -> 2024-25,CAVEAT: items differ across years but map to a constant competency framework. Item-level year comparisons mix learning and instrument change; competency-level comparisons are more defensible (still assume similar difficulty within competency). Prefer rankings and competency-level statements across years.
Bagalkote,B0069 hunagund,C0743 ilkal middle,1620 chikodagali,69.76,50.0,165,78.9,45.0,100,9.14,-5.0,4.57,2022-23 -> 2024-25,CAVEAT: items differ across years but map to a constant competency framework. Item-level year comparisons mix learning and instrument change; competency-level comparisons are more defensible (still assume similar difficulty within competency). Prefer rankings and competency-level statements across years.
Tumakuru,B0046 gubbi,C1170 mavinahalli,4384 mavinahalli,74.65,45.0,71,83.84,65.0,69,9.19,20.0,4.59,2022-23 -> 2024-25,CAVEAT: items differ across years but map to a constant competency framework. Item-level year comparisons mix learning and instrument change; competency-level comparisons are more defensible (still assume similar difficulty within competency). Prefer rankings and competency-level statements across years.
Chamarajanagara,B0142 yelandur,C0931 kesthur,3575 kesthur,44.9,10.0,208,54.14,15.0,180,9.24,5.0,4.62,2022-23 -> 2024-25,CAVEAT: items differ across years but map to a constant competency framework. Item-level year comparisons mix learning and instrument change; competency-level comparisons are more defensible (still assume similar difficulty within competency). Prefer rankings and competency-level statements across years.
Tumakuru,B0091 madhugiri,C0739 i.d.hally,2912 i.d. halli,43.66,5.0,119,52.9,9.5,50,9.24,4.5,4.62,2022-23 -> 2024-25,CAVEAT: items differ across years but map to a constant competency framework. Item-level year comparisons mix learning and instrument change; competency-level comparisons are more defensible (still assume similar difficulty within competency). Prefer rankings and competency-level statements across years.
Bidar,B0019 bhalki,C0441 dongapur,1940 dongapur,39.49,9.0,69,48.78,10.0,41,9.29,1.0,4.64,2022-23 -> 2024-25,CAVEAT: items differ across years but map to a constant competency framework. Item-level year comparisons mix learning and instrument change; competency-level comparisons are more defensible (still assume similar difficulty within competency). Prefer rankings and competency-level statements across years.
Ballari,B0013 ballari west,C0974 koluru,6196 kolur (b),21.72,0.0,119,31.13,5.0,150,9.41,5.0,4.7,2022-23 -> 2024-25,CAVEAT: items differ across years but map to a constant competency framework. Item-level year comparisons mix learning and instrument change; competency-level comparisons are more defensible (still assume similar difficulty within competency). Prefer rankings and competency-level statements across years.
Yadgir,B0141 yadgir,C0079 arakera(k),2356 halligera,61.14,25.0,154,70.6,40.0,109,9.46,15.0,4.73,2022-23 -> 2024-25,CAVEAT: items differ across years but map to a constant competency framework. Item-level year comparisons mix learning and instrument change; competency-level comparisons are more defensible (still assume similar difficulty within competency). Prefer rankings and competency-level statements across years.
Tumakuru,B0087 kunigal,C0185 begur,6301 begur (tmkr),56.78,25.0,45,66.25,48.5,28,9.47,23.5,4.74,2022-23 -> 2024-25,CAVEAT: items differ across years but map to a constant competency framework. Item-level year comparisons mix learning and instrument change; competency-level comparisons are more defensible (still assume similar difficulty within competency). Prefer rankings and competency-level statements across years.
Chitradurga,B0035 chitradurga,C0188 belagatta,1149 belagatta,33.02,0.0,210,42.53,5.0,219,9.51,5.0,4.76,2022-23 -> 2024-25,CAVEAT: items differ across years but map to a constant competency framework. Item-level year comparisons mix learning and instrument change; competency-level comparisons are more defensible (still assume similar difficulty within competency). Prefer rankings and competency-level statements across years.
Chamarajanagara,B0080 kollegala,C1343 palya,4942 palya,50.28,15.0,89,59.88,20.0,85,9.6,5.0,4.8,2022-23 -> 2024-25,CAVEAT: items differ across years but map to a constant competency framework. Item-level year comparisons mix learning and instrument change; competency-level comparisons are more defensible (still assume similar difficulty within competency). Prefer rankings and competency-level statements across years.
Kolar,B0100 mulbagal,C1402 rayalamanadinne,606 alangur,63.88,30.0,139,73.54,23.0,127,9.66,-7.0,4.83,2022-23 -> 2024-25,CAVEAT: items differ across years but map to a constant competency framework. Item-level year comparisons mix learning and instrument change; competency-level comparisons are more defensible (still assume similar difficulty within competency). Prefer rankings and competency-level statements across years.
Dharwad,B0066 hubli,C0276 byahatti,3960 kusugal,74.46,50.0,140,84.17,60.0,181,9.71,10.0,4.86,2022-23 -> 2024-25,CAVEAT: items differ across years but map to a constant competency framework. Item-level year comparisons mix learning and instrument change; competency-level comparisons are more defensible (still assume similar difficulty within competency). Prefer rankings and competency-level statements across years.
Ramanagara,B0112 ramanagara,C1696 vibhutikere,5994 vibhuthikere,66.19,30.0,59,75.93,50.0,108,9.74,20.0,4.87,2022-23 -> 2024-25,CAVEAT: items differ across years but map to a constant competency framework. Item-level year comparisons mix learning and instrument change; competency-level comparisons are more defensible (still assume similar difficulty within competency). Prefer rankings and competency-level statements across years.
Raichur,B0111 raichur,C1624 tuntapur,4454 mittimalkapur,34.11,5.0,45,43.94,11.5,104,9.83,6.5,4.92,2022-23 -> 2024-25,CAVEAT: items differ across years but map to a constant competency framework. Item-level year comparisons mix learning and instrument change; competency-level comparisons are more defensible (still assume similar difficulty within competency). Prefer rankings and competency-level statements across years.
Davanagere,B0028 channagiri,C0927 kerebilachi,5133 rudrapura,45.08,5.0,61,55.0,20.5,72,9.92,15.5,4.96,2022-23 -> 2024-25,CAVEAT: items differ across years but map to a constant competency framework. Item-level year comparisons mix learning and instrument change; competency-level comparisons are more defensible (still assume similar difficulty within competency). Prefer rankings and competency-level statements across years.
Bagalkote,B0009 bagalkot,C0215 bevoor,1254 bevoor,67.13,33.0,87,77.07,55.0,167,9.94,22.0,4.97,2022-23 -> 2024-25,CAVEAT: items differ across years but map to a constant competency framework. Item-level year comparisons mix learning and instrument change; competency-level comparisons are more defensible (still assume similar difficulty within competency). Prefer rankings and competency-level statements across years.
Chamarajanagara,B0080 kollegala,C0996 kothanur,1926 doddinduvadi,34.34,5.0,145,44.3,25.0,142,9.96,20.0,4.98,2022-23 -> 2024-25,CAVEAT: items differ across years but map to a constant competency framework. Item-level year comparisons mix learning and instrument change; competency-level comparisons are more defensible (still assume similar difficulty within competency). Prefer rankings and competency-level statements across years.
Kalaburagi,B0048 gulbarga north,C0102 aurab (b),843 aurad (b),47.92,5.0,132,57.96,23.5,98,10.04,18.5,5.02,2022-23 -> 2024-25,CAVEAT: items differ across years but map to a constant competency framework. Item-level year comparisons mix learning and instrument change; competency-level comparisons are more defensible (still assume similar difficulty within competency). Prefer rankings and competency-level statements across years.
Yadgir,B0141 yadgir,C1394 ramsamudra,6650 mundaragi,37.75,0.0,167,47.87,20.0,87,10.12,20.0,5.06,2022-23 -> 2024-25,CAVEAT: items differ across years but map to a constant competency framework. Item-level year comparisons mix learning and instrument change; competency-level comparisons are more defensible (still assume similar difficulty within competency). Prefer rankings and competency-level statements across years.
Chikkaballapura,B0034 chintamani,C0356 chinthamani-2,1647 chinnasandra,43.08,5.0,159,53.23,10.0,96,10.15,5.0,5.07,2022-23 -> 2024-25,CAVEAT: items differ across years but map to a constant competency framework. Item-level year comparisons mix learning and instrument change; competency-level comparisons are more defensible (still assume similar difficulty within competency). Prefer rankings and competency-level statements across years.
Mandya,B0103 nagamangala,C0368 chunchanahalli,1690 chunchana hally,73.04,50.0,56,83.3,65.0,56,10.26,15.0,5.13,2022-23 -> 2024-25,CAVEAT: items differ across years but map to a constant competency framework. Item-level year comparisons mix learning and instrument change; competency-level comparisons are more defensible (still assume similar difficulty within competency). Prefer rankings and competency-level statements across years.
Chitradurga,B0035 chitradurga,C1055 lakshmisagara,4003 lakshmisagara,47.4,5.0,183,57.66,20.0,156,10.26,15.0,5.13,2022-23 -> 2024-25,CAVEAT: items differ across years but map to a constant competency framework. Item-level year comparisons mix learning and instrument change; competency-level comparisons are more defensible (still assume similar difficulty within competency). Prefer rankings and competency-level statements across years.
Kalaburagi,B0073 jewargi,C1704 wadgera,213009041 sumbad,50.85,15.0,158,61.12,15.0,130,10.27,0.0,5.14,2022-23 -> 2024-25,CAVEAT: items differ across years but map to a constant competency framework. Item-level year comparisons mix learning and instrument change; competency-level comparisons are more defensible (still assume similar difficulty within competency). Prefer rankings and competency-level statements across years.
Kalaburagi,B0049 gulbarga south,C0689 honna kiranagi,2745 honna kiranagi,40.99,0.0,156,51.32,20.0,155,10.33,20.0,5.16,2022-23 -> 2024-25,CAVEAT: items differ across years but map to a constant competency framework. Item-level year comparisons mix learning and instrument change; competency-level comparisons are more defensible (still assume similar difficulty within competency). Prefer rankings and competency-level statements across years.
Yadgir,B0120 shahapur,C1039 kurkunda,3932 kurkunda,36.63,10.0,104,46.97,12.0,195,10.34,2.0,5.17,2022-23 -> 2024-25,CAVEAT: items differ across years but map to a constant competency framework. Item-level year comparisons mix learning and instrument change; competency-level comparisons are more defensible (still assume similar difficulty within competency). Prefer rankings and competency-level statements across years.
Kalaburagi,B0033 chincholi,C0469 gadikeshwar,3055 jattur,61.76,25.0,68,72.19,43.5,48,10.43,18.5,5.22,2022-23 -> 2024-25,CAVEAT: items differ across years but map to a constant competency framework. Item-level year comparisons mix learning and instrument change; competency-level comparisons are more defensible (still assume similar difficulty within competency). Prefer rankings and competency-level statements across years.
Raichur,B0089 lingasugur,C1061 lingasugur rural,5246 sarjapur,45.73,5.0,151,56.23,10.0,102,10.5,5.0,5.25,2022-23 -> 2024-25,CAVEAT: items differ across years but map to a constant competency framework. Item-level year comparisons mix learning and instrument change; competency-level comparisons are more defensible (still assume similar difficulty within competency). Prefer rankings and competency-level statements across years.
Kalaburagi,B0048 gulbarga north,C0102 aurab (b),2492 harsur,36.04,4.5,140,46.55,16.5,84,10.51,12.0,5.26,2022-23 -> 2024-25,CAVEAT: items differ across years but map to a constant competency framework. Item-level year comparisons mix learning and instrument change; competency-level comparisons are more defensible (still assume similar difficulty within competency). Prefer rankings and competency-level statements across years.
Bengaluru Rural,B0042 doddaballapura,C0591 hanabe,2381 hanabe,56.22,15.0,127,66.8,37.5,86,10.58,22.5,5.29,2022-23 -> 2024-25,CAVEAT: items differ across years but map to a constant competency framework. Item-level year comparisons mix learning and instrument change; competency-level comparisons are more defensible (still assume similar difficulty within competency). Prefer rankings and competency-level statements across years.
Chamarajanagara,B0054 hanur,C1390 ramapura,573 ajjipura,52.44,10.0,84,63.05,35.0,41,10.61,25.0,5.3,2022-23 -> 2024-25,CAVEAT: items differ across years but map to a constant competency framework. Item-level year comparisons mix learning and instrument change; competency-level comparisons are more defensible (still assume similar difficulty within competency). Prefer rankings and competency-level statements across years.
Dharwad,B0106 navalgund,C1289 navalagund 2,6235 ibrahimpur (d),47.12,3.0,137,57.74,35.0,144,10.62,32.0,5.31,2022-23 -> 2024-25,CAVEAT: items differ across years but map to a constant competency framework. Item-level year comparisons mix learning and instrument change; competency-level comparisons are more defensible (still assume similar difficulty within competency). Prefer rankings and competency-level statements across years.
Gadag,B0102 mundaragi,C0826 kadampur,6397 kadampur,56.33,25.0,150,66.97,38.0,137,10.64,13.0,5.32,2022-23 -> 2024-25,CAVEAT: items differ across years but map to a constant competency framework. Item-level year comparisons mix learning and instrument change; competency-level comparisons are more defensible (still assume similar difficulty within competency). Prefer rankings and competency-level statements across years.
Chikkaballapura,B0034 chintamani,C1503 siddepalli,1391 bommeshettihalli,47.38,10.0,143,58.03,20.0,76,10.65,10.0,5.32,2022-23 -> 2024-25,CAVEAT: items differ across years but map to a constant competency framework. Item-level year comparisons mix learning and instrument change; competency-level comparisons are more defensible (still assume similar difficulty within competency). Prefer rankings and competency-level statements across years.
Koppal,B0044 gangavathi,C0901 karatagi west,1250 bevenahal,48.26,15.0,118,58.97,30.0,107,10.71,15.0,5.36,2022-23 -> 2024-25,CAVEAT: items differ across years but map to a constant competency framework. Item-level year comparisons mix learning and instrument change; competency-level comparisons are more defensible (still assume similar difficulty within competency). Prefer rankings and competency-level statements across years.
Chamarajanagara,B0027 chamarajanagar,C0122 bagali,918 bagali,67.11,40.0,95,77.97,55.0,111,10.86,15.0,5.43,2022-23 -> 2024-25,CAVEAT: items differ across years but map to a constant competency framework. Item-level year comparisons mix learning and instrument change; competency-level comparisons are more defensible (still assume similar difficulty within competency). Prefer rankings and competency-level statements across years.
Kolar,B0094 malur,C1071 m.c.halli,5752 thornahalli,41.36,5.0,125,52.26,20.0,104,10.9,15.0,5.45,2022-23 -> 2024-25,CAVEAT: items differ across years but map to a constant competency framework. Item-level year comparisons mix learning and instrument change; competency-level comparisons are more defensible (still assume similar difficulty within competency). Prefer rankings and competency-level statements across years.
Koppal,B0143 yelburga,C1211 mudhol,2610 hiramagari,61.6,20.0,184,72.53,35.0,194,10.93,15.0,5.46,2022-23 -> 2024-25,CAVEAT: items differ across years but map to a constant competency framework. Item-level year comparisons mix learning and instrument change; competency-level comparisons are more defensible (still assume similar difficulty within competency). Prefer rankings and competency-level statements across years.
Kodagu,B0129 somavarpet,C1477 shanthalli,5308 shanthalli,58.06,20.0,18,69.0,52.5,10,10.94,32.5,5.47,2022-23 -> 2024-25,CAVEAT: items differ across years but map to a constant competency framework. Item-level year comparisons mix learning and instrument change; competency-level comparisons are more defensible (still assume similar difficulty within competency). Prefer rankings and competency-level statements across years.
Gadag,B0122 shirhatti,C0463 futagao badni,1997 futagao badni,56.13,20.0,111,67.09,35.0,139,10.96,15.0,5.48,2022-23 -> 2024-25,CAVEAT: items differ across years but map to a constant competency framework. Item-level year comparisons mix learning and instrument change; competency-level comparisons are more defensible (still assume similar difficulty within competency). Prefer rankings and competency-level statements across years.
Haveri,B0114 ranebennur,C0564 halageri,6552 halgeri,56.49,25.0,141,67.48,50.0,117,10.99,25.0,5.5,2022-23 -> 2024-25,CAVEAT: items differ across years but map to a constant competency framework. Item-level year comparisons mix learning and instrument change; competency-level comparisons are more defensible (still assume similar difficulty within competency). Prefer rankings and competency-level statements across years.
Chikkaballapura,B0030 chikkaballapur,C1293 nayanahalli,4972 patrenahalli,53.04,15.0,69,64.06,25.0,64,11.02,10.0,5.51,2022-23 -> 2024-25,CAVEAT: items differ across years but map to a constant competency framework. Item-level year comparisons mix learning and instrument change; competency-level comparisons are more defensible (still assume similar difficulty within competency). Prefer rankings and competency-level statements across years.
Bidar,B0019 bhalki,C0222 bhalki (urdu),3594 khatakchincholi,38.24,0.0,102,49.29,19.0,49,11.05,19.0,5.52,2022-23 -> 2024-25,CAVEAT: items differ across years but map to a constant competency framework. Item-level year comparisons mix learning and instrument change; competency-level comparisons are more defensible (still assume similar difficulty within competency). Prefer rankings and competency-level statements across years.
Kalaburagi,B0001 afzalpur,C0219 bhairamadagi,1264 bhairamadagi,50.17,5.0,118,61.23,25.0,53,11.06,20.0,5.53,2022-23 -> 2024-25,CAVEAT: items differ across years but map to a constant competency framework. Item-level year comparisons mix learning and instrument change; competency-level comparisons are more defensible (still assume similar difficulty within competency). Prefer rankings and competency-level statements across years.
Kolar,B0131 srinivasapur,C0762 j thimmasandra,2992 j thimmasandra,57.31,15.0,93,68.38,35.0,68,11.07,20.0,5.54,2022-23 -> 2024-25,CAVEAT: items differ across years but map to a constant competency framework. Item-level year comparisons mix learning and instrument change; competency-level comparisons are more defensible (still assume similar difficulty within competency). Prefer rankings and competency-level statements across years.
Davanagere,B0038 davanagere(s),C0556 hadadi,3854 kukkuwada,57.28,20.0,114,68.41,32.0,135,11.13,12.0,5.56,2022-23 -> 2024-25,CAVEAT: items differ across years but map to a constant competency framework. Item-level year comparisons mix learning and instrument change; competency-level comparisons are more defensible (still assume similar difficulty within competency). Prefer rankings and competency-level statements across years.
Bidar,B0019 bhalki,C0229 bhatsangvi,5382 shivani,54.88,15.0,80,66.09,44.0,69,11.21,29.0,5.6,2022-23 -> 2024-25,CAVEAT: items differ across years but map to a constant competency framework. Item-level year comparisons mix learning and instrument change; competency-level comparisons are more defensible (still assume similar difficulty within competency). Prefer rankings and competency-level statements across years.
Ballari,B0012 ballari east,C1191 moka,4043 m.gonal,30.0,0.0,163,41.22,5.0,192,11.22,5.0,5.61,2022-23 -> 2024-25,CAVEAT: items differ across years but map to a constant competency framework. Item-level year comparisons mix learning and instrument change; competency-level comparisons are more defensible (still assume similar difficulty within competency). Prefer rankings and competency-level statements across years.
Chikkaballapura,B0010 bagepally,C1372 raccheruvu,5102 rashceravu,42.75,0.0,40,54.09,15.0,33,11.34,15.0,5.67,2022-23 -> 2024-25,CAVEAT: items differ across years but map to a constant competency framework. Item-level year comparisons mix learning and instrument change; competency-level comparisons are more defensible (still assume similar difficulty within competency). Prefer rankings and competency-level statements across years.
Davanagere,B0056 harihara,C0962 kokkanuru,5979 vasana,78.71,55.0,155,90.11,75.0,133,11.4,20.0,5.7,2022-23 -> 2024-25,CAVEAT: items differ across years but map to a constant competency framework. Item-level year comparisons mix learning and instrument change; competency-level comparisons are more defensible (still assume similar difficulty within competency). Prefer rankings and competency-level statements across years.
Dharwad,B0041 dharwad,C1691 veerapur,6657 ramapur,57.11,15.0,206,68.53,40.0,242,11.42,25.0,5.71,2022-23 -> 2024-25,CAVEAT: items differ across years but map to a constant competency framework. Item-level year comparisons mix learning and instrument change; competency-level comparisons are more defensible (still assume similar difficulty within competency). Prefer rankings and competency-level statements across years.
Chikkaballapura,B0034 chintamani,C0925 kencharalhalli,3544 kencharlahalli,35.81,6.0,43,47.34,8.0,47,11.53,2.0,5.76,2022-23 -> 2024-25,CAVEAT: items differ across years but map to a constant competency framework. Item-level year comparisons mix learning and instrument change; competency-level comparisons are more defensible (still assume similar difficulty within competency). Prefer rankings and competency-level statements across years.
Kalaburagi,B0002 aland,C0935 khajuri,5134 rudrawadi,48.14,10.0,113,59.81,20.0,131,11.67,10.0,5.84,2022-23 -> 2024-25,CAVEAT: items differ across years but map to a constant competency framework. Item-level year comparisons mix learning and instrument change; competency-level comparisons are more defensible (still assume similar difficulty within competency). Prefer rankings and competency-level statements across years.
Belagavi,B0130 soundatti,C0697 hoolikatti,2766 hooli katti,66.59,40.0,138,78.35,60.0,133,11.76,20.0,5.88,2022-23 -> 2024-25,CAVEAT: items differ across years but map to a constant competency framework. Item-level year comparisons mix learning and instrument change; competency-level comparisons are more defensible (still assume similar difficulty within competency). Prefer rankings and competency-level statements across years.
Chitradurga,B0059 hiriyur,C1730 yaraballi,6099 yaraballi,54.5,15.0,119,66.38,30.0,152,11.88,15.0,5.94,2022-23 -> 2024-25,CAVEAT: items differ across years but map to a constant competency framework. Item-level year comparisons mix learning and instrument change; competency-level comparisons are more defensible (still assume similar difficulty within competency). Prefer rankings and competency-level statements across years.
Gadag,B0115 ron,C0655 hirehal,4064 madalageri,63.03,20.0,150,74.97,50.0,150,11.94,30.0,5.97,2022-23 -> 2024-25,CAVEAT: items differ across years but map to a constant competency framework. Item-level year comparisons mix learning and instrument change; competency-level comparisons are more defensible (still assume similar difficulty within competency). Prefer rankings and competency-level statements across years.
Yadgir,B0141 yadgir,C0636 hedgimadra,5688 thanagundi,43.03,0.5,122,55.05,25.0,95,12.02,24.5,6.01,2022-23 -> 2024-25,CAVEAT: items differ across years but map to a constant competency framework. Item-level year comparisons mix learning and instrument change; competency-level comparisons are more defensible (still assume similar difficulty within competency). Prefer rankings and competency-level statements across years.
Kalaburagi,B0036 chittapur,C0688 honguntta,5792 tonasanhalli (s),36.58,5.0,155,48.74,10.0,91,12.16,5.0,6.08,2022-23 -> 2024-25,CAVEAT: items differ across years but map to a constant competency framework. Item-level year comparisons mix learning and instrument change; competency-level comparisons are more defensible (still assume similar difficulty within competency). Prefer rankings and competency-level statements across years.
Kalaburagi,B0002 aland,C0349 chinchansoor,5499 srichand,42.41,10.0,158,54.58,35.0,131,12.17,25.0,6.08,2022-23 -> 2024-25,CAVEAT: items differ across years but map to a constant competency framework. Item-level year comparisons mix learning and instrument change; competency-level comparisons are more defensible (still assume similar difficulty within competency). Prefer rankings and competency-level statements across years.
Kalaburagi,B0073 jewargi,C0490 ganwar,3533 kellur 12,35.62,5.0,169,47.8,10.0,118,12.18,5.0,6.09,2022-23 -> 2024-25,CAVEAT: items differ across years but map to a constant competency framework. Item-level year comparisons mix learning and instrument change; competency-level comparisons are more defensible (still assume similar difficulty within competency). Prefer rankings and competency-level statements across years.
Bengaluru Rural,B0064 hosakote,C1271 nandagudi,4704 nandagudi,58.1,15.0,158,70.32,35.0,63,12.22,20.0,6.11,2022-23 -> 2024-25,CAVEAT: items differ across years but map to a constant competency framework. Item-level year comparisons mix learning and instrument change; competency-level comparisons are more defensible (still assume similar difficulty within competency). Prefer rankings and competency-level statements across years.
Dharwad,B0086 kundagol,C0653 hiregunjal,2631 hiregunjal,60.29,10.0,120,72.57,44.0,109,12.28,34.0,6.14,2022-23 -> 2024-25,CAVEAT: items differ across years but map to a constant competency framework. Item-level year comparisons mix learning and instrument change; competency-level comparisons are more defensible (still assume similar difficulty within competency). Prefer rankings and competency-level statements across years.
Bengaluru Rural,B0040 devanahalli,C0247 bijjavara,1333 bijjavara,66.43,26.0,42,78.71,25.0,58,12.28,-1.0,6.14,2022-23 -> 2024-25,CAVEAT: items differ across years but map to a constant competency framework. Item-level year comparisons mix learning and instrument change; competency-level comparisons are more defensible (still assume similar difficulty within competency). Prefer rankings and competency-level statements across years.
Tumakuru,B0046 gubbi,C1066 m h patna,4036 m h patna,76.77,55.0,144,89.14,65.0,116,12.37,10.0,6.18,2022-23 -> 2024-25,CAVEAT: items differ across years but map to a constant competency framework. Item-level year comparisons mix learning and instrument change; competency-level comparisons are more defensible (still assume similar difficulty within competency). Prefer rankings and competency-level statements across years.
Raichur,B0111 raichur,C0245 bijanigera,1328 bijanagera,56.1,20.0,177,68.49,20.0,43,12.39,0.0,6.2,2022-23 -> 2024-25,CAVEAT: items differ across years but map to a constant competency framework. Item-level year comparisons mix learning and instrument change; competency-level comparisons are more defensible (still assume similar difficulty within competency). Prefer rankings and competency-level statements across years.
Kolar,B0100 mulbagal,C1041 kurudumale,3947 kurudumale,43.26,5.0,89,55.85,0.0,141,12.59,-5.0,6.3,2022-23 -> 2024-25,CAVEAT: items differ across years but map to a constant competency framework. Item-level year comparisons mix learning and instrument change; competency-level comparisons are more defensible (still assume similar difficulty within competency). Prefer rankings and competency-level statements across years.
Yadgir,B0120 shahapur,C0250 bilhar,2128 gonal,37.03,0.0,170,49.63,20.0,107,12.6,20.0,6.3,2022-23 -> 2024-25,CAVEAT: items differ across years but map to a constant competency framework. Item-level year comparisons mix learning and instrument change; competency-level comparisons are more defensible (still assume similar difficulty within competency). Prefer rankings and competency-level statements across years.
Ballari,B0012 ballari east,C0991 korlagundi,5500 sridharagadda,56.69,5.0,175,69.3,40.0,249,12.61,35.0,6.3,2022-23 -> 2024-25,CAVEAT: items differ across years but map to a constant competency framework. Item-level year comparisons mix learning and instrument change; competency-level comparisons are more defensible (still assume similar difficulty within competency). Prefer rankings and competency-level statements across years.
Tumakuru,B0046 gubbi,C0857 kallur,4984 peddanahalli,68.37,40.0,89,80.98,60.0,92,12.61,20.0,6.3,2022-23 -> 2024-25,CAVEAT: items differ across years but map to a constant competency framework. Item-level year comparisons mix learning and instrument change; competency-level comparisons are more defensible (still assume similar difficulty within competency). Prefer rankings and competency-level statements across years.
Belagavi,B0075 kagwad,C1488 shiraguppi,3091 jugul,54.4,15.0,116,67.07,35.0,152,12.67,20.0,6.34,2022-23 -> 2024-25,CAVEAT: items differ across years but map to a constant competency framework. Item-level year comparisons mix learning and instrument change; competency-level comparisons are more defensible (still assume similar difficulty within competency). Prefer rankings and competency-level statements across years.
Raichur,B0126 sindhanur,C0002 7 mile camp,5999 virupapur,47.56,10.0,203,60.28,30.0,107,12.72,20.0,6.36,2022-23 -> 2024-25,CAVEAT: items differ across years but map to a constant competency framework. Item-level year comparisons mix learning and instrument change; competency-level comparisons are more defensible (still assume similar difficulty within competency). Prefer rankings and competency-level statements across years.
Kodagu,B0129 somavarpet,C1477 shanthalli,1241 bettadalli,55.0,15.5,12,67.78,44.0,9,12.78,28.5,6.39,2022-23 -> 2024-25,CAVEAT: items differ across years but map to a constant competency framework. Item-level year comparisons mix learning and instrument change; competency-level comparisons are more defensible (still assume similar difficulty within competency). Prefer rankings and competency-level statements across years.
Bengaluru Rural,B0040 devanahalli,C1268 nalluru,4699 nalluru,74.52,46.0,52,87.35,72.0,85,12.83,26.0,6.42,2022-23 -> 2024-25,CAVEAT: items differ across years but map to a constant competency framework. Item-level year comparisons mix learning and instrument change; competency-level comparisons are more defensible (still assume similar difficulty within competency). Prefer rankings and competency-level statements across years.
Raichur,B0096 manvi,C1345 pamanakallur,659 ameenagada,59.4,25.0,134,72.27,43.0,44,12.87,18.0,6.44,2022-23 -> 2024-25,CAVEAT: items differ across years but map to a constant competency framework. Item-level year comparisons mix learning and instrument change; competency-level comparisons are more defensible (still assume similar difficulty within competency). Prefer rankings and competency-level statements across years.
Raichur,B0039 devadurga,C1109 malladevaragudda,6165 malladevaragudda,39.82,5.0,169,52.8,25.0,93,12.98,20.0,6.49,2022-23 -> 2024-25,CAVEAT: items differ across years but map to a constant competency framework. Item-level year comparisons mix learning and instrument change; competency-level comparisons are more defensible (still assume similar difficulty within competency). Prefer rankings and competency-level statements across years.
Chamarajanagara,B0054 hanur,C1152 martalli,4334 martalli,47.32,11.0,153,60.47,32.5,86,13.15,21.5,6.58,2022-23 -> 2024-25,CAVEAT: items differ across years but map to a constant competency framework. Item-level year comparisons mix learning and instrument change; competency-level comparisons are more defensible (still assume similar difficulty within competency). Prefer rankings and competency-level statements across years.
Chamarajanagara,B0054 hanur,C0148 bandahalli,1017 bandalli,63.93,30.0,89,77.1,50.0,81,13.17,20.0,6.58,2022-23 -> 2024-25,CAVEAT: items differ across years but map to a constant competency framework. Item-level year comparisons mix learning and instrument change; competency-level comparisons are more defensible (still assume similar difficulty within competency). Prefer rankings and competency-level statements across years.
Kodagu,B0092 madikeri,C1179 mekeri,2309 hakathuru,60.83,17.0,48,74.06,55.0,32,13.23,38.0,6.62,2022-23 -> 2024-25,CAVEAT: items differ across years but map to a constant competency framework. Item-level year comparisons mix learning and instrument change; competency-level comparisons are more defensible (still assume similar difficulty within competency). Prefer rankings and competency-level statements across years.
Kodagu,B0092 madikeri,C1090 madikeri,2029 galibeedu,54.72,13.5,18,68.0,45.0,20,13.28,31.5,6.64,2022-23 -> 2024-25,CAVEAT: items differ across years but map to a constant competency framework. Item-level year comparisons mix learning and instrument change; competency-level comparisons are more defensible (still assume similar difficulty within competency). Prefer rankings and competency-level statements across years.
Chamarajanagara,B0054 hanur,C1328 odeyarapalya,2903 hutturu,56.15,24.5,100,69.44,25.5,62,13.29,1.0,6.64,2022-23 -> 2024-25,CAVEAT: items differ across years but map to a constant competency framework. Item-level year comparisons mix learning and instrument change; competency-level comparisons are more defensible (still assume similar difficulty within competency). Prefer rankings and competency-level statements across years.
Kalaburagi,B0002 aland,C0450 durga siroor,1741 darga siroor,38.87,5.0,111,52.21,20.0,70,13.34,15.0,6.67,2022-23 -> 2024-25,CAVEAT: items differ across years but map to a constant competency framework. Item-level year comparisons mix learning and instrument change; competency-level comparisons are more defensible (still assume similar difficulty within competency). Prefer rankings and competency-level statements across years.
Chikkaballapura,B0010 bagepally,C1075 m.nallagutapalli,4039 m nallagutlapalli,32.89,5.0,90,46.32,16.0,53,13.43,11.0,6.72,2022-23 -> 2024-25,CAVEAT: items differ across years but map to a constant competency framework. Item-level year comparisons mix learning and instrument change; competency-level comparisons are more defensible (still assume similar difficulty within competency). Prefer rankings and competency-level statements across years.
Chitradurga,B0063 hosadurga,C0850 kalkere,956 balalasamudra,43.58,5.0,106,57.03,12.5,96,13.45,7.5,6.72,2022-23 -> 2024-25,CAVEAT: items differ across years but map to a constant competency framework. Item-level year comparisons mix learning and instrument change; competency-level comparisons are more defensible (still assume similar difficulty within competency). Prefer rankings and competency-level statements across years.
Chamarajanagara,B0054 hanur,C1064 lokkanahalli,3397 kannuru,32.99,0.0,92,46.51,5.0,109,13.52,5.0,6.76,2022-23 -> 2024-25,CAVEAT: items differ across years but map to a constant competency framework. Item-level year comparisons mix learning and instrument change; competency-level comparisons are more defensible (still assume similar difficulty within competency). Prefer rankings and competency-level statements across years.
Kalaburagi,B0002 aland,C1224 munahalli,2362 hallisalgar,37.76,0.0,76,51.34,35.0,82,13.58,35.0,6.79,2022-23 -> 2024-25,CAVEAT: items differ across years but map to a constant competency framework. Item-level year comparisons mix learning and instrument change; competency-level comparisons are more defensible (still assume similar difficulty within competency). Prefer rankings and competency-level statements across years.
Chamarajanagara,B0027 chamarajanagar,C0294 chandaka vadi,2538 hebbasuru,47.01,15.0,107,60.65,20.0,69,13.64,5.0,6.82,2022-23 -> 2024-25,CAVEAT: items differ across years but map to a constant competency framework. Item-level year comparisons mix learning and instrument change; competency-level comparisons are more defensible (still assume similar difficulty within competency). Prefer rankings and competency-level statements across years.
Vijayanagara,B0055 harapanahalli,C1080 madalagere,4063 madalagere,30.83,5.0,96,44.47,0.0,132,13.64,-5.0,6.82,2022-23 -> 2024-25,CAVEAT: items differ across years but map to a constant competency framework. Item-level year comparisons mix learning and instrument change; competency-level comparisons are more defensible (still assume similar difficulty within competency). Prefer rankings and competency-level statements across years.
Kodagu,B0140 virajpet,C0053 ammathi vantiangadi,1538 chembebellur,59.21,28.0,19,72.86,48.5,28,13.65,20.5,6.82,2022-23 -> 2024-25,CAVEAT: items differ across years but map to a constant competency framework. Item-level year comparisons mix learning and instrument change; competency-level comparisons are more defensible (still assume similar difficulty within competency). Prefer rankings and competency-level statements across years.
Mysuru,B0133 t.n.pura,C2450 muguru,4531 muguru,51.88,15.0,176,65.55,28.5,128,13.67,13.5,6.84,2022-23 -> 2024-25,CAVEAT: items differ across years but map to a constant competency framework. Item-level year comparisons mix learning and instrument change; competency-level comparisons are more defensible (still assume similar difficulty within competency). Prefer rankings and competency-level statements across years.
Chikkaballapura,B0010 bagepally,C0311 chelur,6342 chelur,30.0,0.0,31,43.71,5.0,31,13.71,5.0,6.86,2022-23 -> 2024-25,CAVEAT: items differ across years but map to a constant competency framework. Item-level year comparisons mix learning and instrument change; competency-level comparisons are more defensible (still assume similar difficulty within competency). Prefer rankings and competency-level statements across years.
Yadgir,B0123 shorapur,C1252 naganur,4673 nagnoor,42.73,0.0,161,56.48,15.0,199,13.75,15.0,6.88,2022-23 -> 2024-25,CAVEAT: items differ across years but map to a constant competency framework. Item-level year comparisons mix learning and instrument change; competency-level comparisons are more defensible (still assume similar difficulty within competency). Prefer rankings and competency-level statements across years.
Raichur,B0096 manvi,C0569 halapur,2328 halapur,74.69,65.0,180,88.57,70.0,272,13.88,5.0,6.94,2022-23 -> 2024-25,CAVEAT: items differ across years but map to a constant competency framework. Item-level year comparisons mix learning and instrument change; competency-level comparisons are more defensible (still assume similar difficulty within competency). Prefer rankings and competency-level statements across years.
Ramanagara,B0112 ramanagara,C0249 bilagumba,1338 bilagumba,75.59,55.0,76,89.5,74.5,140,13.91,19.5,6.96,2022-23 -> 2024-25,CAVEAT: items differ across years but map to a constant competency framework. Item-level year comparisons mix learning and instrument change; competency-level comparisons are more defensible (still assume similar difficulty within competency). Prefer rankings and competency-level statements across years.
Kalaburagi,B0001 afzalpur,C0366 chowdapur,1681 chowdapur,41.4,4.0,129,55.32,23.0,77,13.92,19.0,6.96,2022-23 -> 2024-25,CAVEAT: items differ across years but map to a constant competency framework. Item-level year comparisons mix learning and instrument change; competency-level comparisons are more defensible (still assume similar difficulty within competency). Prefer rankings and competency-level statements across years.
Bidar,B0019 bhalki,C0043 alwai marathi,635 alwai,37.41,5.0,56,51.39,15.0,54,13.98,10.0,6.99,2022-23 -> 2024-25,CAVEAT: items differ across years but map to a constant competency framework. Item-level year comparisons mix learning and instrument change; competency-level comparisons are more defensible (still assume similar difficulty within competency). Prefer rankings and competency-level statements across years.
Gadag,B0105 naragund,C0336 chikkanaragund,1601 chikkanaragund,65.07,38.0,147,79.23,54.5,130,14.16,16.5,7.08,2022-23 -> 2024-25,CAVEAT: items differ across years but map to a constant competency framework. Item-level year comparisons mix learning and instrument change; competency-level comparisons are more defensible (still assume similar difficulty within competency). Prefer rankings and competency-level statements across years.
Kalaburagi,B0001 afzalpur,C0504 gobbur (b),2104 gobbur (b),47.04,15.0,71,61.2,25.0,54,14.16,10.0,7.08,2022-23 -> 2024-25,CAVEAT: items differ across years but map to a constant competency framework. Item-level year comparisons mix learning and instrument change; competency-level comparisons are more defensible (still assume similar difficulty within competency). Prefer rankings and competency-level statements across years.
Mysuru,B0104 nanjanagud,C0843 kalale,3238 kalale,40.89,5.0,90,55.08,20.0,119,14.19,15.0,7.1,2022-23 -> 2024-25,CAVEAT: items differ across years but map to a constant competency framework. Item-level year comparisons mix learning and instrument change; competency-level comparisons are more defensible (still assume similar difficulty within competency). Prefer rankings and competency-level statements across years.
Chikkaballapura,B0124 sidlaghatta,C0220 bhaktharahalli,744 anur,43.86,15.0,88,58.1,30.0,71,14.24,15.0,7.12,2022-23 -> 2024-25,CAVEAT: items differ across years but map to a constant competency framework. Item-level year comparisons mix learning and instrument change; competency-level comparisons are more defensible (still assume similar difficulty within competency). Prefer rankings and competency-level statements across years.
Tumakuru,B0031 chiknayakanhalli,C1722 yalanaadu,6071 yalanadu,50.54,7.5,176,64.79,40.0,118,14.25,32.5,7.12,2022-23 -> 2024-25,CAVEAT: items differ across years but map to a constant competency framework. Item-level year comparisons mix learning and instrument change; competency-level comparisons are more defensible (still assume similar difficulty within competency). Prefer rankings and competency-level statements across years.
Yadgir,B0141 yadgir,C0076 anpur,690 anapur,48.94,5.0,52,63.36,35.0,146,14.42,30.0,7.21,2022-23 -> 2024-25,CAVEAT: items differ across years but map to a constant competency framework. Item-level year comparisons mix learning and instrument change; competency-level comparisons are more defensible (still assume similar difficulty within competency). Prefer rankings and competency-level statements across years.
Tumakuru,B0046 gubbi,C1170 mavinahalli,1701 d chengavi,76.34,55.0,71,90.92,74.5,60,14.58,19.5,7.29,2022-23 -> 2024-25,CAVEAT: items differ across years but map to a constant competency framework. Item-level year comparisons mix learning and instrument change; competency-level comparisons are more defensible (still assume similar difficulty within competency). Prefer rankings and competency-level statements across years.
Mysuru,B0133 t.n.pura,C1530 sosale,5492 sosale,49.61,10.0,116,64.37,20.5,142,14.76,10.5,7.38,2022-23 -> 2024-25,CAVEAT: items differ across years but map to a constant competency framework. Item-level year comparisons mix learning and instrument change; competency-level comparisons are more defensible (still assume similar difficulty within competency). Prefer rankings and competency-level statements across years.
Kolar,B0131 srinivasapur,C1411 ronur,5126 ronur,54.25,10.0,87,69.01,30.0,81,14.76,20.0,7.38,2022-23 -> 2024-25,CAVEAT: items differ across years but map to a constant competency framework. Item-level year comparisons mix learning and instrument change; competency-level comparisons are more defensible (still assume similar difficulty within competency). Prefer rankings and competency-level statements across years.
Ballari,B0128 siruguppa,C1572 talur,2279 h.hosahalli,46.53,5.0,189,61.37,25.0,222,14.84,20.0,7.42,2022-23 -> 2024-25,CAVEAT: items differ across years but map to a constant competency framework. Item-level year comparisons mix learning and instrument change; competency-level comparisons are more defensible (still assume similar difficulty within competency). Prefer rankings and competency-level statements across years.
Hassan,B0029 channarayapatna,C0129 baguru,930 bagur,74.64,44.5,110,89.51,80.0,112,14.87,35.5,7.44,2022-23 -> 2024-25,CAVEAT: items differ across years but map to a constant competency framework. Item-level year comparisons mix learning and instrument change; competency-level comparisons are more defensible (still assume similar difficulty within competency). Prefer rankings and competency-level statements across years.
Kodagu,B0129 somavarpet,C0837 kajuru,3620 kirgandur,55.83,18.5,18,70.91,40.0,11,15.08,21.5,7.54,2022-23 -> 2024-25,CAVEAT: items differ across years but map to a constant competency framework. Item-level year comparisons mix learning and instrument change; competency-level comparisons are more defensible (still assume similar difficulty within competency). Prefer rankings and competency-level statements across years.
Bidar,B0015 basavakalyan,C1384 rajola,5060 rajola,40.72,0.0,118,55.88,15.0,68,15.16,15.0,7.58,2022-23 -> 2024-25,CAVEAT: items differ across years but map to a constant competency framework. Item-level year comparisons mix learning and instrument change; competency-level comparisons are more defensible (still assume similar difficulty within competency). Prefer rankings and competency-level statements across years.
Mysuru,B0104 nanjanagud,C1586 thagadur,5674 thagadur,34.13,0.0,150,49.32,10.0,155,15.19,10.0,7.6,2022-23 -> 2024-25,CAVEAT: items differ across years but map to a constant competency framework. Item-level year comparisons mix learning and instrument change; competency-level comparisons are more defensible (still assume similar difficulty within competency). Prefer rankings and competency-level statements across years.
Chitradurga,B0063 hosadurga,C0494 gavirangapura,2564 heggere,49.85,10.0,130,65.18,30.0,82,15.33,20.0,7.66,2022-23 -> 2024-25,CAVEAT: items differ across years but map to a constant competency framework. Item-level year comparisons mix learning and instrument change; competency-level comparisons are more defensible (still assume similar difficulty within competency). Prefer rankings and competency-level statements across years.
Yadgir,B0141 yadgir,C0079 arakera(k),804 arkera (k),37.5,5.0,132,52.89,15.0,83,15.39,10.0,7.7,2022-23 -> 2024-25,CAVEAT: items differ across years but map to a constant competency framework. Item-level year comparisons mix learning and instrument change; competency-level comparisons are more defensible (still assume similar difficulty within competency). Prefer rankings and competency-level statements across years.
Ballari,B0128 siruguppa,C1398 raravi,3949 kuruvalli,43.94,10.0,151,59.35,20.0,184,15.41,10.0,7.7,2022-23 -> 2024-25,CAVEAT: items differ across years but map to a constant competency framework. Item-level year comparisons mix learning and instrument change; competency-level comparisons are more defensible (still assume similar difficulty within competency). Prefer rankings and competency-level statements across years.
Chikkaballapura,B0124 sidlaghatta,C0220 bhaktharahalli,4641 nagamangala,55.0,25.0,21,70.5,49.5,20,15.5,24.5,7.75,2022-23 -> 2024-25,CAVEAT: items differ across years but map to a constant competency framework. Item-level year comparisons mix learning and instrument change; competency-level comparisons are more defensible (still assume similar difficulty within competency). Prefer rankings and competency-level statements across years.
Gadag,B0115 ron,C0096 asuti,4428 menasigi,70.37,50.0,122,85.94,70.0,149,15.57,20.0,7.78,2022-23 -> 2024-25,CAVEAT: items differ across years but map to a constant competency framework. Item-level year comparisons mix learning and instrument change; competency-level comparisons are more defensible (still assume similar difficulty within competency). Prefer rankings and competency-level statements across years.
Koppal,B0081 koppal,C0973 kolur,6423 kolur (k),50.86,15.0,203,66.44,30.5,212,15.58,15.5,7.79,2022-23 -> 2024-25,CAVEAT: items differ across years but map to a constant competency framework. Item-level year comparisons mix learning and instrument change; competency-level comparisons are more defensible (still assume similar difficulty within competency). Prefer rankings and competency-level statements across years.
Bidar,B0020 bidar,C0831 kadwad,3198 kadwad,39.14,0.0,76,54.76,10.0,82,15.62,10.0,7.81,2022-23 -> 2024-25,CAVEAT: items differ across years but map to a constant competency framework. Item-level year comparisons mix learning and instrument change; competency-level comparisons are more defensible (still assume similar difficulty within competency). Prefer rankings and competency-level statements across years.
Kalaburagi,B0001 afzalpur,C1407 revoor (b),896 badadal,61.67,37.5,6,77.29,55.0,142,15.62,17.5,7.81,2022-23 -> 2024-25,CAVEAT: items differ across years but map to a constant competency framework. Item-level year comparisons mix learning and instrument change; competency-level comparisons are more defensible (still assume similar difficulty within competency). Prefer rankings and competency-level statements across years.
Bidar,B0020 bidar,C0467 gadagi,1629 chimkod,56.25,25.0,28,72.0,54.0,10,15.75,29.0,7.88,2022-23 -> 2024-25,CAVEAT: items differ across years but map to a constant competency framework. Item-level year comparisons mix learning and instrument change; competency-level comparisons are more defensible (still assume similar difficulty within competency). Prefer rankings and competency-level statements across years.
Kalaburagi,B0033 chincholi,C0471 gadilingadalli,2020 gadilingadalli,41.99,10.0,113,58.0,15.0,60,16.01,5.0,8.0,2022-23 -> 2024-25,CAVEAT: items differ across years but map to a constant competency framework. Item-level year comparisons mix learning and instrument change; competency-level comparisons are more defensible (still assume similar difficulty within competency). Prefer rankings and competency-level statements across years.
Kalaburagi,B0033 chincholi,C0469 gadikeshwar,2019 gadikeshwar,42.76,5.0,161,58.91,30.0,55,16.15,25.0,8.08,2022-23 -> 2024-25,CAVEAT: items differ across years but map to a constant competency framework. Item-level year comparisons mix learning and instrument change; competency-level comparisons are more defensible (still assume similar difficulty within competency). Prefer rankings and competency-level statements across years.
Yadgir,B0120 shahapur,C0508 gogi,2113 gogi (k),47.09,5.0,86,63.24,30.0,51,16.15,25.0,8.08,2022-23 -> 2024-25,CAVEAT: items differ across years but map to a constant competency framework. Item-level year comparisons mix learning and instrument change; competency-level comparisons are more defensible (still assume similar difficulty within competency). Prefer rankings and competency-level statements across years.
Chamarajanagara,B0027 chamarajanagar,C0832 kagalavadi,2225 guleepura,48.92,10.0,88,65.11,30.0,88,16.19,20.0,8.1,2022-23 -> 2024-25,CAVEAT: items differ across years but map to a constant competency framework. Item-level year comparisons mix learning and instrument change; competency-level comparisons are more defensible (still assume similar difficulty within competency). Prefer rankings and competency-level statements across years.
Raichur,B0111 raichur,C1162 matamari,6245 heerapura,47.73,5.0,187,63.98,40.0,191,16.25,35.0,8.12,2022-23 -> 2024-25,CAVEAT: items differ across years but map to a constant competency framework. Item-level year comparisons mix learning and instrument change; competency-level comparisons are more defensible (still assume similar difficulty within competency). Prefer rankings and competency-level statements across years.
Yadgir,B0120 shahapur,C0630 hayyal (b),2525 hayyal (b),30.03,0.0,197,46.3,10.0,138,16.27,10.0,8.14,2022-23 -> 2024-25,CAVEAT: items differ across years but map to a constant competency framework. Item-level year comparisons mix learning and instrument change; competency-level comparisons are more defensible (still assume similar difficulty within competency). Prefer rankings and competency-level statements across years.
Davanagere,B0028 channagiri,C0357 chiradoni,1655 chiradoni,63.69,45.0,130,80.31,65.0,48,16.62,20.0,8.31,2022-23 -> 2024-25,CAVEAT: items differ across years but map to a constant competency framework. Item-level year comparisons mix learning and instrument change; competency-level comparisons are more defensible (still assume similar difficulty within competency). Prefer rankings and competency-level statements across years.
Kalaburagi,B0002 aland,C0935 khajuri,3587 khajuri,59.03,20.0,67,75.88,59.5,80,16.85,39.5,8.42,2022-23 -> 2024-25,CAVEAT: items differ across years but map to a constant competency framework. Item-level year comparisons mix learning and instrument change; competency-level comparisons are more defensible (still assume similar difficulty within competency). Prefer rankings and competency-level statements across years.
Dharwad,B0041 dharwad,C0634 hebballi,6293 hebballi,72.4,50.0,210,89.45,65.0,300,17.05,15.0,8.52,2022-23 -> 2024-25,CAVEAT: items differ across years but map to a constant competency framework. Item-level year comparisons mix learning and instrument change; competency-level comparisons are more defensible (still assume similar difficulty within competency). Prefer rankings and competency-level statements across years.
Tumakuru,B0046 gubbi,C0311 chelur,1536 chelur,57.64,25.0,146,74.84,40.0,161,17.2,15.0,8.6,2022-23 -> 2024-25,CAVEAT: items differ across years but map to a constant competency framework. Item-level year comparisons mix learning and instrument change; competency-level comparisons are more defensible (still assume similar difficulty within competency). Prefer rankings and competency-level statements across years.
Tumakuru,B0137 turuvekere,C1171 mavinakere,6541 mavinakere,55.34,25.0,58,72.55,48.0,47,17.21,23.0,8.6,2022-23 -> 2024-25,CAVEAT: items differ across years but map to a constant competency framework. Item-level year comparisons mix learning and instrument change; competency-level comparisons are more defensible (still assume similar difficulty within competency). Prefer rankings and competency-level statements across years.
Belagavi,B0130 soundatti,C0707 hosur,5132 rudrapur,69.78,50.0,135,87.03,75.0,91,17.25,25.0,8.62,2022-23 -> 2024-25,CAVEAT: items differ across years but map to a constant competency framework. Item-level year comparisons mix learning and instrument change; competency-level comparisons are more defensible (still assume similar difficulty within competency). Prefer rankings and competency-level statements across years.
Bengaluru Rural,B0040 devanahalli,C0533 gudlumuddenahalli,2209 gudlumuddenahalli,68.65,35.0,100,85.96,70.0,114,17.31,35.0,8.66,2022-23 -> 2024-25,CAVEAT: items differ across years but map to a constant competency framework. Item-level year comparisons mix learning and instrument change; competency-level comparisons are more defensible (still assume similar difficulty within competency). Prefer rankings and competency-level statements across years.
Davanagere,B0028 channagiri,C1347 pandomati,4154 malahal,48.98,9.0,59,66.3,35.0,46,17.32,26.0,8.66,2022-23 -> 2024-25,CAVEAT: items differ across years but map to a constant competency framework. Item-level year comparisons mix learning and instrument change; competency-level comparisons are more defensible (still assume similar difficulty within competency). Prefer rankings and competency-level statements across years.
Bidar,B0020 bidar,C0171 baroor,1071 baroor,31.0,5.0,50,48.43,10.0,67,17.43,5.0,8.72,2022-23 -> 2024-25,CAVEAT: items differ across years but map to a constant competency framework. Item-level year comparisons mix learning and instrument change; competency-level comparisons are more defensible (still assume similar difficulty within competency). Prefer rankings and competency-level statements across years.
Hassan,B0029 channarayapatna,C0413 didaga,1844 didaga,73.63,45.0,51,91.12,80.0,58,17.49,35.0,8.74,2022-23 -> 2024-25,CAVEAT: items differ across years but map to a constant competency framework. Item-level year comparisons mix learning and instrument change; competency-level comparisons are more defensible (still assume similar difficulty within competency). Prefer rankings and competency-level statements across years.
Kodagu,B0140 virajpet,C1607 thithimathi,1801 devarapura,48.05,10.0,59,65.71,32.0,35,17.66,22.0,8.83,2022-23 -> 2024-25,CAVEAT: items differ across years but map to a constant competency framework. Item-level year comparisons mix learning and instrument change; competency-level comparisons are more defensible (still assume similar difficulty within competency). Prefer rankings and competency-level statements across years.
Bidar,B0015 basavakalyan,C1187 mirkhal marathi,2018 gadigoundgaon,32.34,0.0,47,50.48,11.0,52,18.14,11.0,9.07,2022-23 -> 2024-25,CAVEAT: items differ across years but map to a constant competency framework. Item-level year comparisons mix learning and instrument change; competency-level comparisons are more defensible (still assume similar difficulty within competency). Prefer rankings and competency-level statements across years.
Bengaluru Rural,B0040 devanahalli,C0247 bijjavara,2486 harohalli,71.79,40.0,28,90.0,75.0,40,18.21,35.0,9.1,2022-23 -> 2024-25,CAVEAT: items differ across years but map to a constant competency framework. Item-level year comparisons mix learning and instrument change; competency-level comparisons are more defensible (still assume similar difficulty within competency). Prefer rankings and competency-level statements across years.
Gadag,B0122 shirhatti,C0463 futagao badni,528 adrahalli,59.15,30.0,164,77.38,55.0,254,18.23,25.0,9.12,2022-23 -> 2024-25,CAVEAT: items differ across years but map to a constant competency framework. Item-level year comparisons mix learning and instrument change; competency-level comparisons are more defensible (still assume similar difficulty within competency). Prefer rankings and competency-level statements across years.
Kodagu,B0140 virajpet,C0859 kalthodu,870 b. shettigeri,47.62,20.0,21,66.11,50.0,18,18.49,30.0,9.24,2022-23 -> 2024-25,CAVEAT: items differ across years but map to a constant competency framework. Item-level year comparisons mix learning and instrument change; competency-level comparisons are more defensible (still assume similar difficulty within competency). Prefer rankings and competency-level statements across years.
Tumakuru,B0046 gubbi,C0243 bidare,6550 bidare,68.96,22.0,115,87.48,70.0,141,18.52,48.0,9.26,2022-23 -> 2024-25,CAVEAT: items differ across years but map to a constant competency framework. Item-level year comparisons mix learning and instrument change; competency-level comparisons are more defensible (still assume similar difficulty within competency). Prefer rankings and competency-level statements across years.
Kodagu,B0129 somavarpet,C2040 gonimarur,4826 nerugalale,55.36,15.5,42,74.05,50.0,21,18.69,34.5,9.34,2022-23 -> 2024-25,CAVEAT: items differ across years but map to a constant competency framework. Item-level year comparisons mix learning and instrument change; competency-level comparisons are more defensible (still assume similar difficulty within competency). Prefer rankings and competency-level statements across years.
Hassan,B0029 channarayapatna,C0536 gulsindha,2223 gulasinda,67.05,30.0,100,86.11,68.5,108,19.06,38.5,9.53,2022-23 -> 2024-25,CAVEAT: items differ across years but map to a constant competency framework. Item-level year comparisons mix learning and instrument change; competency-level comparisons are more defensible (still assume similar difficulty within competency). Prefer rankings and competency-level statements across years.
Chamarajanagara,B0142 yelandur,C0931 kesthur,6330 honnur,31.02,5.0,103,50.2,20.0,98,19.18,15.0,9.59,2022-23 -> 2024-25,CAVEAT: items differ across years but map to a constant competency framework. Item-level year comparisons mix learning and instrument change; competency-level comparisons are more defensible (still assume similar difficulty within competency). Prefer rankings and competency-level statements across years.
Kodagu,B0140 virajpet,C0134 balele,6571 kanur,41.41,5.0,64,60.65,31.0,23,19.24,26.0,9.62,2022-23 -> 2024-25,CAVEAT: items differ across years but map to a constant competency framework. Item-level year comparisons mix learning and instrument change; competency-level comparisons are more defensible (still assume similar difficulty within competency). Prefer rankings and competency-level statements across years.
Chamarajanagara,B0027 chamarajanagar,C1261 nagavalli,6336 nagavalli,47.53,10.0,99,66.97,34.0,109,19.44,24.0,9.72,2022-23 -> 2024-25,CAVEAT: items differ across years but map to a constant competency framework. Item-level year comparisons mix learning and instrument change; competency-level comparisons are more defensible (still assume similar difficulty within competency). Prefer rankings and competency-level statements across years.
Dharwad,B0076 kalghatagi,C1240 muttagi,6299 begur,62.23,26.0,173,81.69,65.0,118,19.46,39.0,9.73,2022-23 -> 2024-25,CAVEAT: items differ across years but map to a constant competency framework. Item-level year comparisons mix learning and instrument change; competency-level comparisons are more defensible (still assume similar difficulty within competency). Prefer rankings and competency-level statements across years.
Mysuru,B0133 t.n.pura,C0934 kethupura,3598 khethupura,43.14,7.0,105,62.64,29.5,70,19.5,22.5,9.75,2022-23 -> 2024-25,CAVEAT: items differ across years but map to a constant competency framework. Item-level year comparisons mix learning and instrument change; competency-level comparisons are more defensible (still assume similar difficulty within competency). Prefer rankings and competency-level statements across years.
Chitradurga,B0059 hiriyur,C0115 babbur,3901 kunikere,51.84,10.0,166,71.77,35.0,133,19.93,25.0,9.96,2022-23 -> 2024-25,CAVEAT: items differ across years but map to a constant competency framework. Item-level year comparisons mix learning and instrument change; competency-level comparisons are more defensible (still assume similar difficulty within competency). Prefer rankings and competency-level statements across years.
Kalaburagi,B0073 jewargi,C1286 naribol,2214 gudur s a 8,42.89,10.0,133,63.04,18.0,227,20.15,8.0,10.08,2022-23 -> 2024-25,CAVEAT: items differ across years but map to a constant competency framework. Item-level year comparisons mix learning and instrument change; competency-level comparisons are more defensible (still assume similar difficulty within competency). Prefer rankings and competency-level statements across years.
Chamarajanagara,B0080 kollegala,C1088 madhuvanahalli,5725 thimmarajapura,47.88,5.0,80,68.26,42.5,66,20.38,37.5,10.19,2022-23 -> 2024-25,CAVEAT: items differ across years but map to a constant competency framework. Item-level year comparisons mix learning and instrument change; competency-level comparisons are more defensible (still assume similar difficulty within competency). Prefer rankings and competency-level statements across years.
Belagavi,B0011 bailhongal,C0270 budarkatti,1407 budarkatti,58.45,25.0,152,78.89,51.0,203,20.44,26.0,10.22,2022-23 -> 2024-25,CAVEAT: items differ across years but map to a constant competency framework. Item-level year comparisons mix learning and instrument change; competency-level comparisons are more defensible (still assume similar difficulty within competency). Prefer rankings and competency-level statements across years.
Ballari,B0013 ballari west,"C0746 indiranagar,bellary",3688 kolagallu,43.33,5.0,192,63.79,35.0,211,20.46,30.0,10.23,2022-23 -> 2024-25,CAVEAT: items differ across years but map to a constant competency framework. Item-level year comparisons mix learning and instrument change; competency-level comparisons are more defensible (still assume similar difficulty within competency). Prefer rankings and competency-level statements across years.
Davanagere,B0056 harihara,C0684 holesirigere,2721 holesirigere,43.67,5.0,75,64.16,35.0,89,20.49,30.0,10.24,2022-23 -> 2024-25,CAVEAT: items differ across years but map to a constant competency framework. Item-level year comparisons mix learning and instrument change; competency-level comparisons are more defensible (still assume similar difficulty within competency). Prefer rankings and competency-level statements across years.
Chitradurga,B0059 hiriyur,C0414 dindavara,1850 dindavara,37.19,5.0,301,58.22,5.0,245,21.03,0.0,10.52,2022-23 -> 2024-25,CAVEAT: items differ across years but map to a constant competency framework. Item-level year comparisons mix learning and instrument change; competency-level comparisons are more defensible (still assume similar difficulty within competency). Prefer rankings and competency-level statements across years.
Kodagu,B0140 virajpet,C0134 balele,6531 nittur,38.57,5.0,21,60.0,36.0,13,21.43,31.0,10.72,2022-23 -> 2024-25,CAVEAT: items differ across years but map to a constant competency framework. Item-level year comparisons mix learning and instrument change; competency-level comparisons are more defensible (still assume similar difficulty within competency). Prefer rankings and competency-level statements across years.
Dharwad,B0076 kalghatagi,C0448 dumwad,3952 kuruvinakoppa,44.82,5.0,196,66.3,32.0,115,21.48,27.0,10.74,2022-23 -> 2024-25,CAVEAT: items differ across years but map to a constant competency framework. Item-level year comparisons mix learning and instrument change; competency-level comparisons are more defensible (still assume similar difficulty within competency). Prefer rankings and competency-level statements across years.
Belagavi,B0017 belgaum rural,C0575 halga,4351 mastamardi,60.51,30.0,137,82.26,65.0,126,21.75,35.0,10.88,2022-23 -> 2024-25,CAVEAT: items differ across years but map to a constant competency framework. Item-level year comparisons mix learning and instrument change; competency-level comparisons are more defensible (still assume similar difficulty within competency). Prefer rankings and competency-level statements across years.
Kalaburagi,B0002 aland,C1224 munahalli,4552 munahalli,41.4,5.0,121,63.22,25.0,149,21.82,20.0,10.91,2022-23 -> 2024-25,CAVEAT: items differ across years but map to a constant competency framework. Item-level year comparisons mix learning and instrument change; competency-level comparisons are more defensible (still assume similar difficulty within competency). Prefer rankings and competency-level statements across years.
Kalaburagi,B0073 jewargi,C0742 ijeri,2931 ijeri 16,39.3,5.0,93,61.22,20.0,185,21.92,15.0,10.96,2022-23 -> 2024-25,CAVEAT: items differ across years but map to a constant competency framework. Item-level year comparisons mix learning and instrument change; competency-level comparisons are more defensible (still assume similar difficulty within competency). Prefer rankings and competency-level statements across years.
Bidar,B0007 aurad,C1544 sundal,5546 sundhal,48.45,15.0,55,70.42,35.0,36,21.97,20.0,10.98,2022-23 -> 2024-25,CAVEAT: items differ across years but map to a constant competency framework. Item-level year comparisons mix learning and instrument change; competency-level comparisons are more defensible (still assume similar difficulty within competency). Prefer rankings and competency-level statements across years.
Tumakuru,B0087 kunigal,C0645 herur,6364 heruru,46.16,4.0,99,68.29,31.0,73,22.13,27.0,11.06,2022-23 -> 2024-25,CAVEAT: items differ across years but map to a constant competency framework. Item-level year comparisons mix learning and instrument change; competency-level comparisons are more defensible (still assume similar difficulty within competency). Prefer rankings and competency-level statements across years.
Mysuru,B0104 nanjanagud,C0724 hullahalli,2847 hulla halli,38.83,5.0,64,60.98,30.0,61,22.15,25.0,11.08,2022-23 -> 2024-25,CAVEAT: items differ across years but map to a constant competency framework. Item-level year comparisons mix learning and instrument change; competency-level comparisons are more defensible (still assume similar difficulty within competency). Prefer rankings and competency-level statements across years.
Bidar,B0015 basavakalyan,C0295 chandikapur,4962 paratapur,27.26,5.0,155,50.25,10.0,119,22.99,5.0,11.5,2022-23 -> 2024-25,CAVEAT: items differ across years but map to a constant competency framework. Item-level year comparisons mix learning and instrument change; competency-level comparisons are more defensible (still assume similar difficulty within competency). Prefer rankings and competency-level statements across years.
Hassan,B0057 hassan,C1320 nitturu,6348 nitturu,58.89,18.5,158,82.07,65.0,135,23.18,46.5,11.59,2022-23 -> 2024-25,CAVEAT: items differ across years but map to a constant competency framework. Item-level year comparisons mix learning and instrument change; competency-level comparisons are more defensible (still assume similar difficulty within competency). Prefer rankings and competency-level statements across years.
Gadag,B0115 ron,C1464 savadi,5271 savadi,54.8,20.0,150,78.36,55.0,241,23.56,35.0,11.78,2022-23 -> 2024-25,CAVEAT: items differ across years but map to a constant competency framework. Item-level year comparisons mix learning and instrument change; competency-level comparisons are more defensible (still assume similar difficulty within competency). Prefer rankings and competency-level statements across years.
Bidar,B0020 bidar,C0787 janwada,1480 chambol,61.45,35.0,38,85.17,75.0,29,23.72,40.0,11.86,2022-23 -> 2024-25,CAVEAT: items differ across years but map to a constant competency framework. Item-level year comparisons mix learning and instrument change; competency-level comparisons are more defensible (still assume similar difficulty within competency). Prefer rankings and competency-level statements across years.
Kodagu,B0129 somavarpet,C1013 kudige,3844 kudumangalur,48.43,10.0,137,72.22,45.0,54,23.79,35.0,11.9,2022-23 -> 2024-25,CAVEAT: items differ across years but map to a constant competency framework. Item-level year comparisons mix learning and instrument change; competency-level comparisons are more defensible (still assume similar difficulty within competency). Prefer rankings and competency-level statements across years.
Tumakuru,B0046 gubbi,C0284 c s pura,1457 c s pura,53.54,25.0,89,77.39,25.0,136,23.85,0.0,11.92,2022-23 -> 2024-25,CAVEAT: items differ across years but map to a constant competency framework. Item-level year comparisons mix learning and instrument change; competency-level comparisons are more defensible (still assume similar difficulty within competency). Prefer rankings and competency-level statements across years.
Kalaburagi,B0073 jewargi,C1305 nelogi,4808 nelogi 1,24.03,0.0,103,47.9,13.5,88,23.87,13.5,11.94,2022-23 -> 2024-25,CAVEAT: items differ across years but map to a constant competency framework. Item-level year comparisons mix learning and instrument change; competency-level comparisons are more defensible (still assume similar difficulty within competency). Prefer rankings and competency-level statements across years.
Ballari,B0012 ballari east,C1504 sidiginamola,5406 sidiginamola,17.04,0.0,125,40.95,5.0,132,23.91,5.0,11.96,2022-23 -> 2024-25,CAVEAT: items differ across years but map to a constant competency framework. Item-level year comparisons mix learning and instrument change; competency-level comparisons are more defensible (still assume similar difficulty within competency). Prefer rankings and competency-level statements across years.
Kolar,B0079 kolar,C0951 kodikannur,755 arahalli,43.28,8.5,148,67.35,5.0,132,24.07,-3.5,12.04,2022-23 -> 2024-25,CAVEAT: items differ across years but map to a constant competency framework. Item-level year comparisons mix learning and instrument change; competency-level comparisons are more defensible (still assume similar difficulty within competency). Prefer rankings and competency-level statements across years.
Chikkaballapura,B0034 chintamani,C0750 iragampalli,6253 mindigal,49.07,5.0,59,73.19,43.0,47,24.12,38.0,12.06,2022-23 -> 2024-25,CAVEAT: items differ across years but map to a constant competency framework. Item-level year comparisons mix learning and instrument change; competency-level comparisons are more defensible (still assume similar difficulty within competency). Prefer rankings and competency-level statements across years.
Bidar,B0007 aurad,C1042 kushnoor-t,959 balat (b),48.59,10.0,32,72.96,48.0,27,24.37,38.0,12.18,2022-23 -> 2024-25,CAVEAT: items differ across years but map to a constant competency framework. Item-level year comparisons mix learning and instrument change; competency-level comparisons are more defensible (still assume similar difficulty within competency). Prefer rankings and competency-level statements across years.
Davanagere,B0028 channagiri,C0175 basavapatna,1089 basavapattana,48.44,15.0,64,72.86,50.0,70,24.42,35.0,12.21,2022-23 -> 2024-25,CAVEAT: items differ across years but map to a constant competency framework. Item-level year comparisons mix learning and instrument change; competency-level comparisons are more defensible (still assume similar difficulty within competency). Prefer rankings and competency-level statements across years.
Raichur,B0089 lingasugur,C0455 echanal,681 anahosur,31.59,0.0,91,56.03,25.0,68,24.44,25.0,12.22,2022-23 -> 2024-25,CAVEAT: items differ across years but map to a constant competency framework. Item-level year comparisons mix learning and instrument change; competency-level comparisons are more defensible (still assume similar difficulty within competency). Prefer rankings and competency-level statements across years.
Raichur,B0089 lingasugur,C1169 mavinabhavi,3141 kachapur,31.82,0.0,173,56.99,10.0,88,25.17,10.0,12.58,2022-23 -> 2024-25,CAVEAT: items differ across years but map to a constant competency framework. Item-level year comparisons mix learning and instrument change; competency-level comparisons are more defensible (still assume similar difficulty within competency). Prefer rankings and competency-level statements across years.
Bidar,B0020 bidar,C0467 gadagi,2016 gadgi,40.77,0.0,78,65.95,30.0,111,25.18,30.0,12.59,2022-23 -> 2024-25,CAVEAT: items differ across years but map to a constant competency framework. Item-level year comparisons mix learning and instrument change; competency-level comparisons are more defensible (still assume similar difficulty within competency). Prefer rankings and competency-level statements across years.
Kodagu,B0140 virajpet,C0510 gonikoppal,2135 gonikoppa,49.41,15.0,102,74.76,45.5,62,25.35,30.5,12.68,2022-23 -> 2024-25,CAVEAT: items differ across years but map to a constant competency framework. Item-level year comparisons mix learning and instrument change; competency-level comparisons are more defensible (still assume similar difficulty within competency). Prefer rankings and competency-level statements across years.
Dharwad,B0066 hubli,C0276 byahatti,6163 kiresur,49.69,5.0,114,75.29,55.0,121,25.6,50.0,12.8,2022-23 -> 2024-25,CAVEAT: items differ across years but map to a constant competency framework. Item-level year comparisons mix learning and instrument change; competency-level comparisons are more defensible (still assume similar difficulty within competency). Prefer rankings and competency-level statements across years.
Yadgir,B0141 yadgir,C0885 kandakoor,4967 paspool,52.61,10.5,92,78.26,55.0,46,25.65,44.5,12.82,2022-23 -> 2024-25,CAVEAT: items differ across years but map to a constant competency framework. Item-level year comparisons mix learning and instrument change; competency-level comparisons are more defensible (still assume similar difficulty within competency). Prefer rankings and competency-level statements across years.
Dharwad,B0106 navalgund,C1289 navalagund 2,2208 gudisagar,48.86,20.0,162,74.85,55.0,169,25.99,35.0,13.0,2022-23 -> 2024-25,CAVEAT: items differ across years but map to a constant competency framework. Item-level year comparisons mix learning and instrument change; competency-level comparisons are more defensible (still assume similar difficulty within competency). Prefer rankings and competency-level statements across years.
Kalaburagi,B0119 sedam,C0947 kodala,2404 handarki,46.46,10.0,154,72.52,50.0,111,26.06,40.0,13.03,2022-23 -> 2024-25,CAVEAT: items differ across years but map to a constant competency framework. Item-level year comparisons mix learning and instrument change; competency-level comparisons are more defensible (still assume similar difficulty within competency). Prefer rankings and competency-level statements across years.
Kodagu,B0140 virajpet,C0859 kalthodu,213009047 aarji,45.77,16.0,13,73.12,43.5,8,27.35,27.5,13.68,2022-23 -> 2024-25,CAVEAT: items differ across years but map to a constant competency framework. Item-level year comparisons mix learning and instrument change; competency-level comparisons are more defensible (still assume similar difficulty within competency). Prefer rankings and competency-level statements across years.
Kodagu,B0092 madikeri,C1179 mekeri,4103 mekeri,57.5,25.0,20,85.0,75.0,20,27.5,50.0,13.75,2022-23 -> 2024-25,CAVEAT: items differ across years but map to a constant competency framework. Item-level year comparisons mix learning and instrument change; competency-level comparisons are more defensible (still assume similar difficulty within competency). Prefer rankings and competency-level statements across years.
Kodagu,B0140 virajpet,C1365 ponnampet,988 ballyamandur,42.31,16.0,13,70.0,31.0,12,27.69,15.0,13.84,2022-23 -> 2024-25,CAVEAT: items differ across years but map to a constant competency framework. Item-level year comparisons mix learning and instrument change; competency-level comparisons are more defensible (still assume similar difficulty within competency). Prefer rankings and competency-level statements across years.
Kalaburagi,B0001 afzalpur,C0385 deval gangapur,735 anoor,35.97,5.0,113,64.58,40.0,130,28.61,35.0,14.3,2022-23 -> 2024-25,CAVEAT: items differ across years but map to a constant competency framework. Item-level year comparisons mix learning and instrument change; competency-level comparisons are more defensible (still assume similar difficulty within competency). Prefer rankings and competency-level statements across years.
Kalaburagi,B0033 chincholi,C0469 gadikeshwar,5364 shirolli,39.55,0.0,101,68.36,45.0,61,28.81,45.0,14.4,2022-23 -> 2024-25,CAVEAT: items differ across years but map to a constant competency framework. Item-level year comparisons mix learning and instrument change; competency-level comparisons are more defensible (still assume similar difficulty within competency). Prefer rankings and competency-level statements across years.
Raichur,B0111 raichur,C0484 gandhal,5623 talmari,49.17,10.0,175,79.68,55.0,141,30.51,45.0,15.26,2022-23 -> 2024-25,CAVEAT: items differ across years but map to a constant competency framework. Item-level year comparisons mix learning and instrument change; competency-level comparisons are more defensible (still assume similar difficulty within competency). Prefer rankings and competency-level statements across years.
Davanagere,B0028 channagiri,C1347 pandomati,4951 pandomatti,33.33,0.0,54,65.46,33.0,87,32.13,33.0,16.06,2022-23 -> 2024-25,CAVEAT: items differ across years but map to a constant competency framework. Item-level year comparisons mix learning and instrument change; competency-level comparisons are more defensible (still assume similar difficulty within competency). Prefer rankings and competency-level statements across years.
Gadag,B0115 ron,C0005 abbigeri,3945 kurudagi,49.35,10.0,130,81.8,65.0,186,32.45,55.0,16.22,2022-23 -> 2024-25,CAVEAT: items differ across years but map to a constant competency framework. Item-level year comparisons mix learning and instrument change; competency-level comparisons are more defensible (still assume similar difficulty within competency). Prefer rankings and competency-level statements across years.
Raichur,B0096 manvi,C0661 hirekotnekal,2655 hirekotnekal,31.82,5.0,77,65.64,25.0,140,33.82,20.0,16.91,2022-23 -> 2024-25,CAVEAT: items differ across years but map to a constant competency framework. Item-level year comparisons mix learning and instrument change; competency-level comparisons are more defensible (still assume similar difficulty within competency). Prefer rankings and competency-level statements across years.
Kalaburagi,B0119 sedam,C0947 kodala,1215 benakanalli,41.35,0.0,126,76.38,55.0,40,35.03,55.0,17.52,2022-23 -> 2024-25,CAVEAT: items differ across years but map to a constant competency framework. Item-level year comparisons mix learning and instrument change; competency-level comparisons are more defensible (still assume similar difficulty within competency). Prefer rankings and competency-level statements across years.
Ramanagara,B0112 ramanagara,C0161 bannikuppe(b),1045 bannikuppe,51.59,16.0,22,87.78,75.0,117,36.19,59.0,18.09,2022-23 -> 2024-25,CAVEAT: items differ across years but map to a constant competency framework. Item-level year comparisons mix learning and instrument change; competency-level comparisons are more defensible (still assume similar difficulty within competency). Prefer rankings and competency-level statements across years.
Bengaluru Rural,B0040 devanahalli,C1747 yeliyuru,6079 yaliyuru,51.75,0.0,77,89.13,80.0,69,37.38,80.0,18.69,2022-23 -> 2024-25,CAVEAT: items differ across years but map to a constant competency framework. Item-level year comparisons mix learning and instrument change; competency-level comparisons are more defensible (still assume similar difficulty within competency). Prefer rankings and competency-level statements across years.
Kodagu,B0140 virajpet,C1365 ponnampet,3625 kirugur,43.91,11.0,23,81.36,60.0,11,37.45,49.0,18.72,2022-23 -> 2024-25,CAVEAT: items differ across years but map to a constant competency framework. Item-level year comparisons mix learning and instrument change; competency-level comparisons are more defensible (still assume similar difficulty within competency). Prefer rankings and competency-level statements across years.
Kodagu,B0140 virajpet,C1044 kutta,4691 nalkeri,43.65,5.0,26,81.67,43.5,18,38.02,38.5,19.01,2022-23 -> 2024-25,CAVEAT: items differ across years but map to a constant competency framework. Item-level year comparisons mix learning and instrument change; competency-level comparisons are more defensible (still assume similar difficulty within competency). Prefer rankings and competency-level statements across years.
Chamarajanagara,B0054 hanur,C1064 lokkanahalli,4026 lokkanahalli,43.64,5.0,114,82.11,65.0,116,38.47,60.0,19.24,2022-23 -> 2024-25,CAVEAT: items differ across years but map to a constant competency framework. Item-level year comparisons mix learning and instrument change; competency-level comparisons are more defensible (still assume similar difficulty within competency). Prefer rankings and competency-level statements across years.
Kalaburagi,B0073 jewargi,C0081 aralagundagi,213009029 kakanur,50.46,30.0,174,88.94,75.0,246,38.48,45.0,19.24,2022-23 -> 2024-25,CAVEAT: items differ across years but map to a constant competency framework. Item-level year comparisons mix learning and instrument change; competency-level comparisons are more defensible (still assume similar difficulty within competency). Prefer rankings and competency-level statements across years.
Kalaburagi,B0073 jewargi,C0070 ankalagi,721 ankalga 40,26.52,0.0,181,66.45,30.0,107,39.93,30.0,19.96,2022-23 -> 2024-25,CAVEAT: items differ across years but map to a constant competency framework. Item-level year comparisons mix learning and instrument change; competency-level comparisons are more defensible (still assume similar difficulty within competency). Prefer rankings and competency-level statements across years.
Hassan,B0029 channarayapatna,C0801 juttanahally,3096 juttanahally,52.13,13.5,68,95.83,85.0,60,43.7,71.5,21.85,2022-23 -> 2024-25,CAVEAT: items differ across years but map to a constant competency framework. Item-level year comparisons mix learning and instrument change; competency-level comparisons are more defensible (still assume similar difficulty within competency). Prefer rankings and competency-level statements across years.
Chamarajanagara,B0142 yelandur,C0538 gumballi,6303 b.r hills,22.97,0.0,32,66.89,45.0,37,43.92,45.0,21.96,2022-23 -> 2024-25,CAVEAT: items differ across years but map to a constant competency framework. Item-level year comparisons mix learning and instrument change; competency-level comparisons are more defensible (still assume similar difficulty within competency). Prefer rankings and competency-level statements across years.
Kodagu,B0140 virajpet,C1607 thithimathi,5733 thithimathi,37.66,9.0,139,81.74,65.0,109,44.08,56.0,22.04,2022-23 -> 2024-25,CAVEAT: items differ across years but map to a constant competency framework. Item-level year comparisons mix learning and instrument change; competency-level comparisons are more defensible (still assume similar difficulty within competency). Prefer rankings and competency-level statements across years.
Kalaburagi,B0049 gulbarga south,C0562 hagargundagi,2593 heroor b,36.5,5.0,107,81.33,69.5,60,44.83,64.5,22.42,2022-23 -> 2024-25,CAVEAT: items differ across years but map to a constant competency framework. Item-level year comparisons mix learning and instrument change; competency-level comparisons are more defensible (still assume similar difficulty within competency). Prefer rankings and competency-level statements across years.
