district,block,cluster,n_students,pct_mean,pct_sd,pct_floor,pct_p90,gender_gap_pp
Bagalkote,B0008 badami,C0204 beluru,796,45.35,28.65,10.0,85.0,3.2
Bagalkote,B0008 badami,C0568 halakurki,1425,67.0,25.97,25.0,95.0,2.19
Bagalkote,B0008 badami,C0578 haligeri,435,57.49,24.16,25.0,90.0,2.67
Bagalkote,B0008 badami,C0600 hansanur,598,47.84,25.63,15.0,80.0,1.09
Bagalkote,B0008 badami,C0634 hebballi,974,61.94,25.21,25.0,90.0,5.86
Bagalkote,B0008 badami,C0708 housur,236,48.96,30.32,5.0,90.0,6.2
Bagalkote,B0008 badami,C0911 katageri,1033,56.76,26.26,20.0,90.0,3.65
Bagalkote,B0008 badami,C1960 cholachagudda,833,71.45,24.19,35.0,95.0,3.7
Bagalkote,B0008 badami,C2189 inam hullikeri,491,53.08,27.65,15.0,90.0,3.75
Bagalkote,B0008 badami,C2228 kagalgomba,754,66.31,24.45,30.0,95.0,-0.63
Bagalkote,B0008 badami,C2335 kulageri cross,634,54.47,32.57,10.0,95.0,-2.83
Bagalkote,B0008 badami,C2358 layadagundi,1136,80.8,14.72,60.0,100.0,0.33
Bagalkote,B0008 badami,C2460 muttalageri,1041,75.63,15.43,55.0,95.0,3.31
Bagalkote,B0008 badami,C2487 nandikeswara,917,59.44,24.68,20.0,85.0,3.22
Bagalkote,B0008 badami,C2495 narenur,409,48.11,25.59,10.0,85.0,-1.33
Bagalkote,B0008 badami,C2500 neelagund,751,59.71,27.87,20.0,95.0,-1.66
Bagalkote,B0008 badami,C2501 neerabudhihal,915,61.31,22.46,30.0,90.0,-1.03
Bagalkote,B0008 badami,C2851 housur,286,34.93,26.62,5.0,75.0,10.3
Bagalkote,B0008 badami,C2878 kotikal,624,60.71,24.41,25.0,90.0,2.71
Bagalkote,B0009 bagalkot,C0215 bevoor,758,75.63,18.01,50.0,95.0,1.39
Bagalkote,B0009 bagalkot,C0217 bhagavati,1204,78.19,20.36,45.0,100.0,2.94
Bagalkote,B0009 bagalkot,C0578 haligeri,455,69.19,27.54,25.0,100.0,5.67
Bagalkote,B0009 bagalkot,C0826 kadampur,246,73.76,18.97,50.0,95.0,1.82
Bagalkote,B0009 bagalkot,C1219 mugalolli,657,76.89,19.95,50.0,100.0,1.48
Bagalkote,B0009 bagalkot,C1516 sitimani r s,566,82.83,17.58,60.0,100.0,1.46
Bagalkote,B0009 bagalkot,C1875 bennur,869,65.7,26.43,25.0,95.0,2.11
Bagalkote,B0009 bagalkot,C2019 gaddanakeri,727,65.17,23.19,35.0,90.0,3.74
Bagalkote,B0009 bagalkot,C2050 gulabal,270,87.43,11.31,75.0,100.0,0.57
Bagalkote,B0009 bagalkot,C2234 kaladagi,758,53.72,25.32,20.0,85.0,-0.66
Bagalkote,B0009 bagalkot,C2479 nainegali,101,88.42,14.23,75.0,100.0,1.69
Bagalkote,B0009 bagalkot,C2612 shirur,265,83.91,11.3,70.0,100.0,-1.2
Bagalkote,B0009 bagalkot,C2655 sutagundar,279,69.96,22.4,40.0,95.0,0.36
Bagalkote,B0009 bagalkot,C2695 tulasigeri,788,58.61,28.63,15.0,90.0,0.51
Bagalkote,B0009 bagalkot,C2752 yadahalli-(bgk),323,62.03,21.36,31.0,85.0,1.46
Bagalkote,B0009 bagalkot,C2903 nainegali,305,76.52,20.35,45.0,100.0,-1.57
Bagalkote,B0021 bilagi,C0884 kandagal,1248,59.67,26.49,20.0,90.0,4.4
Bagalkote,B0021 bilagi,C1031 kundargi,905,54.53,25.89,15.0,88.0,3.38
Bagalkote,B0021 bilagi,C1501 siddapur,1465,54.02,27.21,15.0,90.0,2.55
Bagalkote,B0021 bilagi,C1543 sunag,758,50.34,27.28,15.0,85.0,6.27
Bagalkote,B0021 bilagi,C1711 yadahalli,589,54.8,29.3,10.0,90.0,2.66
Bagalkote,B0021 bilagi,C1786 anagwadi,959,73.52,20.18,45.0,95.0,3.25
Bagalkote,B0021 bilagi,C2023 galagali,591,58.91,27.16,20.0,95.0,2.19
Bagalkote,B0021 bilagi,C2276 kataraki,732,52.98,25.74,15.0,85.0,6.19
Bagalkote,B0021 bilagi,C2409 manniker,507,46.34,25.17,13.0,80.0,4.7
Bagalkote,B0021 bilagi,C2668 teggi,608,52.75,28.1,15.0,90.0,-0.85
Bagalkote,B0069 hunagund,C0317 chicknal,411,58.72,25.33,20.0,90.0,-3.28
Bagalkote,B0069 hunagund,C0644 heremagi,1089,50.91,26.86,10.0,85.0,0.96
Bagalkote,B0069 hunagund,C0734 hungund,867,49.42,25.88,10.0,85.0,-2.13
Bagalkote,B0069 hunagund,C0743 ilkal middle,809,74.89,21.52,45.0,100.0,1.88
Bagalkote,B0069 hunagund,C0744 ilkal west,445,76.56,17.15,55.0,95.0,4.23
Bagalkote,B0069 hunagund,C1008 kudal sangam,107,54.63,26.58,15.0,85.0,16.19
Bagalkote,B0069 hunagund,C1264 nagur,363,77.33,17.4,55.0,95.0,5.75
Bagalkote,B0069 hunagund,C1769 aihole,669,71.08,21.68,40.0,95.0,4.44
Bagalkote,B0069 hunagund,C1897 bingawadagi,652,49.09,29.57,10.0,90.0,2.05
Bagalkote,B0069 hunagund,C1907 budihal s k,270,43.7,25.63,5.0,80.0,4.02
Bagalkote,B0069 hunagund,C1989 dhannur,628,46.11,29.65,5.0,85.0,-0.23
Bagalkote,B0069 hunagund,C2049 gudur,687,68.9,23.98,35.0,100.0,4.47
Bagalkote,B0069 hunagund,C2138 hiresingangutti,403,53.52,27.11,15.0,90.0,4.22
Bagalkote,B0069 hunagund,C2254 kandgall,628,67.33,24.64,30.0,95.0,0.42
Bagalkote,B0069 hunagund,C2264 karadi,178,37.67,26.95,5.0,80.0,-4.01
Bagalkote,B0069 hunagund,C2447 muganur,412,43.08,27.42,10.0,80.0,4.28
Bagalkote,B0069 hunagund,C2484 nandawadagi,492,77.01,19.99,50.0,100.0,-7.9
Bagalkote,B0069 hunagund,C2647 sulibhavi,693,47.81,31.26,5.0,90.0,-0.38
Bagalkote,B0069 hunagund,C2696 tumb,241,66.97,22.93,35.0,90.0,4.68
Bagalkote,B0069 hunagund,C2854 ilkal (urdu crc),170,32.24,24.05,5.0,65.0,4.12
Bagalkote,B0072 jamakhandi,C0729 hulyal,751,67.8,23.68,30.0,95.0,2.05
Bagalkote,B0072 jamakhandi,C0735 hunnur,948,67.15,23.54,30.0,95.0,3.52
Bagalkote,B0072 jamakhandi,C0779 jamakhandi west,221,50.84,29.97,5.0,90.0,10.2
Bagalkote,B0072 jamakhandi,C0985 konnur,391,43.35,25.57,10.0,80.0,0.36
Bagalkote,B0072 jamakhandi,C1027 kunchanur,1064,44.22,29.35,5.0,85.0,0.83
Bagalkote,B0072 jamakhandi,C1845 banahatti east,532,54.03,28.44,15.0,90.0,-1.26
Bagalkote,B0072 jamakhandi,C1846 banahatti west,603,68.22,30.91,20.0,100.0,-0.83
Bagalkote,B0072 jamakhandi,C1891 bidari,262,48.74,25.57,15.0,80.0,4.71
Bagalkote,B0072 jamakhandi,C1950 chimmad,653,66.88,20.57,40.0,90.0,4.23
Bagalkote,B0072 jamakhandi,C2022 gadyal,361,47.6,26.19,15.0,85.0,-1.15
Bagalkote,B0072 jamakhandi,C2038 golabhavi,453,56.24,27.14,15.0,90.0,5.67
Bagalkote,B0072 jamakhandi,C2122 hipparagi,692,37.01,25.87,5.0,75.0,9.44
Bagalkote,B0072 jamakhandi,C2136 hirepadasalagi,658,47.07,28.93,10.0,90.0,2.34
Bagalkote,B0072 jamakhandi,C2386 maigur,718,67.86,24.41,30.0,95.0,1.52
Bagalkote,B0072 jamakhandi,C2553 rampur,455,42.97,27.05,10.0,80.0,0.92
Bagalkote,B0072 jamakhandi,C2593 savalagi,564,53.63,28.88,15.0,95.0,6.99
Bagalkote,B0072 jamakhandi,C2675 terdal east,396,53.3,25.88,15.0,85.0,2.94
Bagalkote,B0072 jamakhandi,C2699 tungal,401,55.94,26.75,20.0,90.0,2.83
Bagalkote,B0072 jamakhandi,C2826 gothe,441,63.48,22.87,30.0,90.0,-1.95
Bagalkote,B0072 jamakhandi,C2917 rabakavi,448,75.13,18.01,50.0,95.0,4.33
Bagalkote,B0072 jamakhandi,C2938 todalbagi,458,49.75,25.68,15.0,80.0,2.69
Bagalkote,B0099 mudhol,C0225 bhantanur,382,45.56,24.93,10.0,80.0,0.44
Bagalkote,B0099 mudhol,C0631 hebbal,627,41.12,24.82,10.0,75.0,2.31
Bagalkote,B0099 mudhol,C1053 lakshanatti,311,52.27,27.53,10.0,85.0,2.65
Bagalkote,B0099 mudhol,C1137 mantur,1276,57.21,27.32,20.0,90.0,0.97
Bagalkote,B0099 mudhol,C1218 mugalkhod,427,43.14,25.41,10.0,80.0,1.21
Bagalkote,B0099 mudhol,C1427 saidapur,499,34.19,25.57,5.0,71.0,1.92
Bagalkote,B0099 mudhol,C1490 shirol,224,47.54,28.39,10.0,88.5,8.12
Bagalkote,B0099 mudhol,C1679 uttur,558,51.05,26.78,15.0,85.0,-1.45
Bagalkote,B0099 mudhol,C1935 chichkhandi k d,657,58.18,24.69,20.0,90.0,4.6
Bagalkote,B0099 mudhol,C2361 lokapur,298,43.02,28.26,10.0,85.0,4.16
Bagalkote,B0099 mudhol,C2368 machakanur,397,33.64,24.76,5.0,70.0,2.46
Bagalkote,B0099 mudhol,C2371 madabhavi,244,39.12,25.07,5.0,75.0,-5.14
Bagalkote,B0099 mudhol,C2384 mahalingapur mps,797,47.79,28.05,10.0,85.0,3.66
Bagalkote,B0099 mudhol,C2637 soragaon,665,63.32,23.84,30.0,90.0,3.15
Bagalkote,B0099 mudhol,C2723 urdu mudhol,99,50.35,24.79,19.0,85.0,4.19
Bagalkote,B0099 mudhol,C2751 yadahalli ingalagi,778,48.81,27.3,10.0,85.0,2.14
Ballari,B0012 ballari east,C0062 andral,635,39.35,27.97,5.0,85.0,-1.7
Ballari,B0012 ballari east,C0145 banapura,1083,31.34,24.86,0.0,70.0,4.34
Ballari,B0012 ballari east,C0374 dammur,1264,40.98,26.66,5.0,78.5,1.97
Ballari,B0012 ballari east,C0567 halakundi,1274,28.08,24.73,0.0,70.0,4.49
Ballari,B0012 ballari east,C0991 korlagundi,1652,70.84,22.14,40.0,95.0,4.67
Ballari,B0012 ballari east,C1191 moka,1319,40.11,27.49,5.0,80.0,5.78
Ballari,B0012 ballari east,C1352 patelanagar bellary,495,38.99,25.87,5.0,75.0,5.4
Ballari,B0012 ballari east,C1415 rupanagudi,1453,25.05,22.87,0.0,60.0,1.03
Ballari,B0012 ballari east,C1504 sidiginamola,1127,37.25,30.58,0.0,85.0,3.26
Ballari,B0012 ballari east,C1510 sirivara,2079,61.98,24.91,25.0,90.0,3.4
Ballari,B0012 ballari east,C1580 telugu ballari east,175,53.34,24.29,22.0,85.0,4.1
Ballari,B0012 ballari east,C1655 urdu ballari east,208,71.35,18.44,45.0,90.0,0.26
Ballari,B0013 ballari west,C0151 bandihatti bellary,607,44.09,26.66,10.0,80.0,-0.45
Ballari,B0013 ballari west,C0458 emmiganur,628,45.52,28.67,5.0,85.0,0.16
Ballari,B0013 ballari west,C0496 genikehal,1129,36.71,27.07,5.0,75.0,1.53
Ballari,B0013 ballari west,"C0746 indiranagar,bellary",575,53.72,24.2,20.0,80.0,6.82
Ballari,B0013 ballari west,C0856 kallukamba,1530,39.49,27.57,5.0,80.0,-0.42
Ballari,B0013 ballari west,C0974 koluru,1318,33.12,27.66,0.0,75.0,3.73
Ballari,B0013 ballari west,C1014 kudithini,453,41.42,27.28,5.0,80.0,0.13
Ballari,B0013 ballari west,C1499 siddamman halli,227,34.47,26.24,5.0,72.0,9.67
Ballari,B0013 ballari west,C1656 urdu ballari west,144,56.74,26.77,20.0,90.0,11.34
Ballari,B0084 kudligi,"C1002 kottur, lbs badavane",103,47.04,29.43,6.0,89.0,0.68
Ballari,B0117 sandur,C0152 bandri,1397,35.33,27.01,3.0,75.0,-1.98
Ballari,B0117 sandur,C0236 bhujanga nagar,967,36.83,26.74,5.0,75.0,1.82
Ballari,B0117 sandur,C0259 bomma gatta,1087,42.25,30.49,5.0,85.0,5.84
Ballari,B0117 sandur,C0363 chornur,1016,54.92,32.97,5.0,95.0,4.85
Ballari,B0117 sandur,C0509 gollalingammanahalli,588,27.02,23.15,0.0,60.0,0.05
Ballari,B0117 sandur,C1007 krishnanagara,1159,40.85,28.13,5.0,80.0,4.0
Ballari,B0117 sandur,C1054 lakshmipura,72,47.71,19.25,20.5,70.0,-8.7
Ballari,B0117 sandur,C1185 metriki,1301,56.39,31.27,10.0,95.0,-0.96
Ballari,B0117 sandur,C1592 tharanagara,1961,48.44,29.7,5.0,90.0,4.75
Ballari,B0117 sandur,C1610 thoranagal,1253,38.33,26.17,5.0,75.0,2.57
Ballari,B0117 sandur,C1669 urdu sandur,93,71.13,23.15,36.0,100.0,5.32
Ballari,B0117 sandur,C1701 vittalapura,944,43.53,28.05,10.0,85.0,0.33
Ballari,B0117 sandur,C1735 yashvanthnagara,731,52.26,26.28,15.0,85.0,0.79
Ballari,B0128 siruguppa,C0378 darur,2256,41.09,28.7,5.0,80.0,-1.88
Ballari,B0128 siruguppa,C0625 hatcholli,1196,38.65,26.33,5.0,77.5,0.3
Ballari,B0128 siruguppa,C0802 k belgal,1245,28.92,27.25,0.0,70.0,-0.82
Ballari,B0128 siruguppa,C0924 kenchanagudda,1312,27.12,22.44,0.0,60.0,2.05
Ballari,B0128 siruguppa,C1010 kudarhal,1530,37.68,26.7,5.0,75.0,3.46
Ballari,B0128 siruguppa,C1069 m suguru,1078,34.26,27.39,0.0,75.0,-0.32
Ballari,B0128 siruguppa,C1247 nadanga,535,40.97,28.83,5.0,85.0,-0.96
Ballari,B0128 siruguppa,C1398 raravi,918,46.11,29.8,10.0,90.0,3.43
Ballari,B0128 siruguppa,C1509 sirigeri,1134,36.34,27.79,5.0,80.0,-1.58
Ballari,B0128 siruguppa,"C1511 siruguppa, 5th ward",315,34.73,26.31,5.0,75.0,2.11
Ballari,B0128 siruguppa,C1572 talur,1928,56.69,25.12,20.0,90.0,3.07
Ballari,B0128 siruguppa,C1579 tekkalakote,180,47.0,25.39,10.0,80.0,-12.25
Ballari,B0128 siruguppa,C1628 u hosalli,387,36.2,24.58,5.0,70.0,-1.33
Belagavi,B0006 athani,C0378 darur,395,61.57,25.37,25.0,90.0,0.07
Belagavi,B0006 athani,C1373 raderahatti,986,64.56,24.05,30.0,95.0,3.16
Belagavi,B0006 athani,C1444 sankonatti,148,71.99,20.09,45.0,95.0,5.51
Belagavi,B0006 athani,C1759 adahalli,462,51.33,24.31,15.5,85.0,-2.69
Belagavi,B0006 athani,C1768 aigali,646,55.01,25.85,20.0,90.0,2.59
Belagavi,B0006 athani,C1787 anantpur,539,46.18,26.41,10.0,80.0,4.62
Belagavi,B0006 athani,C1842 balligeri,487,57.93,26.5,15.0,90.0,1.8
Belagavi,B0006 athani,C2056 gundewadi,721,46.42,27.43,10.0,85.0,7.72
Belagavi,B0006 athani,C2082 halyal,323,64.24,25.86,26.0,95.0,4.24
Belagavi,B0006 athani,C2200 jambagi,586,46.54,32.04,5.0,90.0,2.69
Belagavi,B0006 athani,C2230 kakamari,562,46.04,27.84,10.0,85.0,4.39
Belagavi,B0006 athani,C2305 kokatnoor,742,57.6,28.44,15.0,90.0,-1.42
Belagavi,B0006 athani,C2371 madabhavi,114,51.1,26.98,15.0,90.0,2.78
Belagavi,B0006 athani,C2454 murgundi,633,55.55,25.98,20.0,90.0,4.1
Belagavi,B0006 athani,C2486 nandgaon,270,57.48,26.6,15.0,90.0,9.91
Belagavi,B0006 athani,C2576 sambaragi,310,46.42,26.7,10.0,85.0,-3.73
Belagavi,B0006 athani,C2591 satti,539,58.18,22.0,30.0,85.0,-3.18
Belagavi,B0006 athani,C2599 shankarhatti,307,43.16,27.65,5.0,85.0,7.04
Belagavi,B0006 athani,C2608 shirahatti,405,63.59,23.12,30.0,90.0,-0.11
Belagavi,B0006 athani,C2656 suttati,302,37.45,26.22,5.0,75.0,4.54
Belagavi,B0006 athani,C2672 telsang,337,60.43,20.83,33.0,87.0,4.3
Belagavi,B0006 athani,C2778 aralihatti,44,76.82,18.27,53.0,95.0,14.55
Belagavi,B0011 bailhongal,C0045 ambadgatti,148,73.61,16.51,50.0,95.0,-2.0
Belagavi,B0011 bailhongal,C0130 bailur,173,80.29,16.14,60.0,100.0,-0.25
Belagavi,B0011 bailhongal,C0194 belavadi,2045,58.98,26.82,20.0,90.0,2.44
Belagavi,B0011 bailhongal,C0270 budarkatti,1173,58.63,27.04,20.0,90.0,9.03
Belagavi,B0011 bailhongal,C0325 chikkabagewadi,1185,70.76,23.15,35.0,95.0,-1.14
Belagavi,B0011 bailhongal,C0590 hanabarhatti,1319,68.59,22.28,35.0,95.0,2.0
Belagavi,B0011 bailhongal,C0701 hosa kadarvalli,227,78.99,19.4,55.0,95.0,4.2
Belagavi,B0011 bailhongal,C0848 kalbhavi,148,73.92,19.98,45.0,95.0,1.12
Belagavi,B0011 bailhongal,C1022 kulavalli,151,61.52,16.26,40.0,85.0,0.8
Belagavi,B0011 bailhongal,C1436 sampagaon,712,58.31,26.6,20.0,90.0,0.92
Belagavi,B0011 bailhongal,C1795 anigol,1433,66.22,24.82,30.0,95.0,4.71
Belagavi,B0011 bailhongal,C1975 deshnur,811,70.23,24.1,35.0,95.0,2.13
Belagavi,B0011 bailhongal,C2098 hannikeri,482,68.45,23.88,30.5,95.0,3.14
Belagavi,B0011 bailhongal,C2477 nagnoor,278,56.64,25.16,18.5,90.0,-1.79
Belagavi,B0011 bailhongal,C2504 neginhal,777,54.54,28.06,15.0,90.0,2.36
Belagavi,B0011 bailhongal,C2511 nesargi,885,69.6,23.66,35.0,95.0,5.87
Belagavi,B0017 belgaum rural,C0082 aralikatti,501,71.53,22.34,35.0,95.0,6.82
Belagavi,B0017 belgaum rural,C0575 halga,1190,71.65,20.42,45.0,95.0,-0.52
Belagavi,B0017 belgaum rural,C0888 kangrali bk,692,70.01,20.63,45.0,95.0,2.29
Belagavi,B0017 belgaum rural,C0889 kangrali kh,717,73.79,19.63,45.0,95.0,4.32
Belagavi,B0017 belgaum rural,C1135 mannur,172,40.2,24.31,10.0,75.0,9.26
Belagavi,B0017 belgaum rural,C1837 balekundri kh,706,71.32,21.68,40.0,95.0,1.85
Belagavi,B0017 belgaum rural,C1870 belgundi,25,75.0,15.75,52.0,90.0,7.5
Belagavi,B0017 belgaum rural,C1886 bhendigeri,908,66.64,23.1,35.0,90.0,2.83
Belagavi,B0017 belgaum rural,C1889 bhutaramatti,997,67.59,19.44,40.0,90.0,0.98
Belagavi,B0017 belgaum rural,C1976 desur,416,60.01,21.88,30.0,87.5,6.97
Belagavi,B0017 belgaum rural,C1988 dhamne s,197,81.24,14.1,65.0,95.0,6.53
Belagavi,B0017 belgaum rural,C1990 dharanatti,209,66.36,16.16,45.0,90.0,-4.71
Belagavi,B0017 belgaum rural,C2092 handignur,225,50.38,25.15,15.0,80.0,-4.91
Belagavi,B0017 belgaum rural,C2120 hindalga,238,65.25,22.87,30.0,95.0,2.6
Belagavi,B0017 belgaum rural,C2163 hudli,458,57.47,22.45,28.5,85.0,4.67
Belagavi,B0017 belgaum rural,C2224 kadoli,200,53.68,23.15,20.0,85.0,1.64
Belagavi,B0017 belgaum rural,C2233 kakti,919,71.46,20.83,45.0,95.0,3.0
Belagavi,B0017 belgaum rural,C2300 kk koppa,172,57.33,25.55,20.0,90.0,6.06
Belagavi,B0017 belgaum rural,C2411 marihal,443,68.86,22.54,40.0,95.0,1.57
Belagavi,B0017 belgaum rural,C2440 muchandi,386,61.37,25.77,25.0,90.0,6.09
Belagavi,B0017 belgaum rural,C2458 mutaga,459,54.4,27.85,15.0,90.0,10.71
Belagavi,B0017 belgaum rural,C2586 santibastwad,137,51.13,23.16,20.0,85.0,8.4
Belagavi,B0017 belgaum rural,C2703 uchagaon,294,62.72,19.47,40.0,85.0,3.3
Belagavi,B0017 belgaum rural,C2959 yallur,72,75.49,15.29,55.0,95.0,1.34
Belagavi,B0032 chikodi,C0908 karoshi,428,83.86,16.16,60.0,100.0,-3.3
Belagavi,B0032 chikodi,C0928 kerur,113,69.03,19.94,40.0,94.0,1.53
Belagavi,B0032 chikodi,C1488 shiraguppi,366,70.0,20.4,40.0,95.0,0.35
Belagavi,B0032 chikodi,C1796 ankali,548,75.09,18.68,50.0,100.0,2.22
Belagavi,B0032 chikodi,C1947 chikkodi urdu,103,75.97,20.21,46.0,100.0,0.13
Belagavi,B0032 chikodi,C1948 chikodi marathi,153,75.42,17.65,50.0,100.0,10.44
Belagavi,B0032 chikodi,C2017 examba,122,78.89,13.75,60.0,95.0,6.44
Belagavi,B0032 chikodi,C2130 hirekodi,400,75.7,17.49,55.0,95.5,0.68
Belagavi,B0032 chikodi,C2196 jaganoor,343,74.78,18.59,50.0,95.0,1.22
Belagavi,B0032 chikodi,C2198 jainapur,401,61.65,24.42,25.0,90.0,1.92
Belagavi,B0032 chikodi,C2207 jodakurli,635,80.9,16.14,60.0,100.0,2.4
Belagavi,B0032 chikodi,C2293 khadaklat,370,70.81,24.71,39.5,100.0,1.91
Belagavi,B0032 chikodi,C2324 kothali,507,83.92,15.72,65.0,100.0,1.48
Belagavi,B0032 chikodi,C2387 majalatti,494,63.86,25.05,30.0,95.0,2.28
Belagavi,B0032 chikodi,C2471 nagar munoli,475,62.71,25.97,25.0,95.0,4.13
Belagavi,B0032 chikodi,C2498 navalihal,400,77.41,15.96,59.5,95.0,-4.17
Belagavi,B0032 chikodi,C2708 umarani,314,82.98,18.52,50.0,100.0,3.96
Belagavi,B0032 chikodi,C2747 walaki,245,80.2,15.6,55.0,100.0,-0.16
Belagavi,B0032 chikodi,C2754 yadur,554,75.63,18.24,50.0,95.0,2.02
Belagavi,B0032 chikodi,C2801 chikkodi urdu,252,72.14,22.76,40.5,95.0,3.48
Belagavi,B0032 chikodi,C2802 chikodi marathi,61,79.02,14.71,65.0,95.0,5.21
Belagavi,B0032 chikodi,C2958 yadur marathi,122,79.06,17.04,55.5,95.0,4.57
Belagavi,B0045 gokak,C0070 ankalagi,259,78.44,16.84,55.0,100.0,1.82
Belagavi,B0045 gokak,C0985 konnur,318,69.72,24.04,35.0,95.0,-0.35
Belagavi,B0045 gokak,C1098 makkalgeri,510,64.86,21.59,35.0,90.0,-0.19
Belagavi,B0045 gokak,C1119 mamadapur,330,79.55,15.14,59.5,100.0,-2.09
Belagavi,B0045 gokak,C1993 dhupadal,261,85.15,12.2,65.0,100.0,1.62
Belagavi,B0045 gokak,C2037 gokak(urdu),384,68.76,23.24,35.0,95.0,1.84
Belagavi,B0045 gokak,C2134 hirenandi,313,79.11,17.39,55.0,100.0,3.5
Belagavi,B0045 gokak,C2294 khanagaon,706,47.27,25.9,15.0,85.0,-2.75
Belagavi,B0045 gokak,C2307 kolavi,556,64.74,21.16,35.0,90.0,0.3
Belagavi,B0045 gokak,C2375 madawal,346,55.78,26.98,20.0,90.0,11.92
Belagavi,B0045 gokak,C2392 maladinni,805,71.57,20.17,45.0,95.0,-0.6
Belagavi,B0045 gokak,C2618 shivapur k,482,73.04,20.24,45.0,95.0,7.06
Belagavi,B0045 gokak,C2646 suldhal,320,75.06,14.67,55.0,95.0,0.43
Belagavi,B0045 gokak,C2665 tavag,318,41.26,23.42,10.0,70.0,0.93
Belagavi,B0067 hukkeri,C0178 bassapur,1073,74.27,20.82,50.0,100.0,-7.31
Belagavi,B0067 hukkeri,C0631 hebbal,365,75.92,19.25,50.0,100.0,-4.2
Belagavi,B0067 hukkeri,C0707 hosur,462,75.66,17.85,50.0,99.5,1.67
Belagavi,B0067 hukkeri,C0755 islampur,475,70.34,22.56,30.0,95.0,2.2
Belagavi,B0067 hukkeri,C1310 nidasoshi,827,73.83,21.35,45.0,100.0,5.04
Belagavi,B0067 hukkeri,C1871 bellad bagewadi,662,42.5,27.81,5.0,80.0,7.24
Belagavi,B0067 hukkeri,C2064 h-mastiholi,927,74.6,17.79,50.0,95.0,4.84
Belagavi,B0067 hukkeri,C2104 hargapur gad,389,68.73,18.45,50.0,95.0,3.66
Belagavi,B0067 hukkeri,C2107 hattargi,485,78.53,18.14,55.0,95.0,0.95
Belagavi,B0067 hukkeri,C2118 hidakal dam,660,75.84,21.1,45.0,100.0,7.11
Belagavi,B0067 hukkeri,C2247 kanagala,660,74.23,22.0,40.0,95.0,4.7
Belagavi,B0067 hukkeri,C2343 kurni,625,71.94,20.72,40.0,95.0,4.19
Belagavi,B0067 hukkeri,C2510 nerli,470,46.59,28.66,10.0,85.0,4.35
Belagavi,B0067 hukkeri,C2526 pachapur,462,74.47,20.75,45.0,95.0,-1.23
Belagavi,B0067 hukkeri,C2597 shahabandar,594,71.27,19.55,45.0,95.0,0.23
Belagavi,B0067 hukkeri,C2609 shirgaon,821,71.1,20.79,40.0,95.0,0.08
Belagavi,B0067 hukkeri,C2649 sultanpur,495,73.34,22.4,40.0,100.0,-3.0
Belagavi,B0067 hukkeri,C2753 yadgud,641,68.41,21.24,40.0,95.0,4.76
Belagavi,B0067 hukkeri,C2806 daddi,134,67.72,24.06,30.0,95.0,1.32
Belagavi,B0075 kagwad,C0025 ainapur,258,77.66,19.03,55.0,100.0,6.29
Belagavi,B0075 kagwad,C1488 shiraguppi,531,52.41,26.88,15.0,85.0,2.52
Belagavi,B0075 kagwad,C1635 ugar bk,325,45.43,27.19,10.0,85.0,15.04
Belagavi,B0075 kagwad,C2288 kempwad,592,52.6,26.66,15.0,85.0,8.33
Belagavi,B0075 kagwad,C2404 mangasuli(marathi),219,51.39,28.37,5.0,85.0,4.61
Belagavi,B0075 kagwad,C2664 tangadi,291,55.29,26.17,15.0,90.0,6.84
Belagavi,B0078 khanapur,C0237 bhuranki,395,48.28,27.39,10.0,85.0,9.99
Belagavi,B0078 khanapur,C0664 hiremunolli,666,64.2,24.77,25.0,95.0,6.14
Belagavi,B0078 khanapur,C0756 itagi,930,62.98,25.03,25.0,95.0,3.23
Belagavi,B0078 khanapur,C1351 parishwad,610,74.57,18.89,45.0,95.0,7.58
Belagavi,B0078 khanapur,C1619 tolagi,347,69.87,22.24,40.0,95.0,1.4
Belagavi,B0078 khanapur,C1892 bidi,315,59.41,23.49,25.0,90.0,-5.2
Belagavi,B0078 khanapur,C1980 devalatti,332,47.15,26.21,10.0,84.5,0.32
Belagavi,B0078 khanapur,C2071 halaga,7,92.86,8.09,83.0,100.0,-2.5
Belagavi,B0078 khanapur,C2074 halashi,271,62.6,22.38,30.0,90.0,1.97
Belagavi,B0078 khanapur,C2186 idalhond,148,58.41,21.38,30.0,85.0,3.71
Belagavi,B0078 khanapur,C2231 kakkeri,491,66.47,22.97,35.0,95.0,0.03
Belagavi,B0078 khanapur,C2363 londa,13,76.15,20.73,42.0,95.0,2.5
Belagavi,B0078 khanapur,C2406 mangyankoppa,487,71.38,20.11,45.0,95.0,2.51
Belagavi,B0078 khanapur,C2434 mohishet,3,83.33,7.64,77.0,89.0,12.5
Belagavi,B0078 khanapur,C2473 nagargali,137,72.08,13.72,53.0,90.0,4.54
Belagavi,B0078 khanapur,C2485 nandgad,262,55.57,23.32,25.0,85.0,2.7
Belagavi,B0078 khanapur,C2552 ramgurwadi,17,76.76,21.21,68.0,90.0,12.01
Belagavi,B0098 mudalgi,C0214 betageri,1275,49.99,26.75,10.0,85.0,-1.38
Belagavi,B0098 mudalgi,C1716 yadwad,1053,62.87,21.08,35.0,90.0,4.1
Belagavi,B0098 mudalgi,C2035 ghataprabha,150,69.07,21.44,35.0,90.0,9.35
Belagavi,B0098 mudalgi,C2081 hallur,447,52.72,26.18,15.0,90.0,3.0
Belagavi,B0098 mudalgi,C2242 kalloli,464,60.41,23.45,30.0,90.0,-2.67
Belagavi,B0098 mudalgi,C2282 kaujalgi,813,44.8,27.28,10.0,85.0,-0.56
Belagavi,B0098 mudalgi,C2336 kulgod,680,65.15,22.78,35.0,95.0,5.23
Belagavi,B0098 mudalgi,C2414 masaguppi,996,44.8,27.85,10.0,85.0,-1.11
Belagavi,B0098 mudalgi,C2426 melavanki,1062,39.63,29.08,5.0,80.0,1.16
Belagavi,B0098 mudalgi,C2442 mudalgi (urdu),345,43.3,26.0,5.0,80.0,1.92
Belagavi,B0098 mudalgi,C2481 nallanatti,661,54.11,27.43,15.0,90.0,-3.05
Belagavi,B0098 mudalgi,C2547 rajapur,500,38.03,26.96,5.0,80.0,6.67
Belagavi,B0098 mudalgi,C2606 shindikurbet,477,35.53,28.16,0.0,80.0,-0.62
Belagavi,B0098 mudalgi,C2619 shivapur,877,58.8,24.86,25.0,90.0,0.3
Belagavi,B0098 mudalgi,C2652 sundholi,869,51.31,27.02,15.0,85.0,0.78
Belagavi,B0098 mudalgi,C2746 waderatti,553,46.75,26.91,10.0,85.0,0.69
Belagavi,B0098 mudalgi,C2823 ghataprabha,178,32.78,21.3,5.0,65.0,5.61
Belagavi,B0098 mudalgi,C2896 mudalgi (urdu),171,42.34,25.0,10.0,80.0,0.53
Belagavi,B0108 nippani,C0478 galatga,406,40.94,29.3,5.0,85.0,-3.07
Belagavi,B0108 nippani,C1488 shiraguppi,88,78.52,14.59,58.5,95.0,4.36
Belagavi,B0108 nippani,C1775 akkol,138,40.47,29.78,5.0,85.0,-3.56
Belagavi,B0108 nippani,C1862 bedakihal,473,46.44,27.9,5.0,85.0,-4.55
Belagavi,B0108 nippani,C1874 benadi,365,75.33,17.83,50.0,95.0,3.48
Belagavi,B0108 nippani,C1888 bhoj,193,71.84,17.17,50.0,90.0,2.26
Belagavi,B0108 nippani,C1906 borgaon,230,74.3,21.16,45.0,95.0,-0.45
Belagavi,B0108 nippani,C2263 karadga,438,61.62,20.81,35.0,90.0,-0.39
Belagavi,B0108 nippani,C2304 kognoli,13,88.46,8.26,80.0,95.0,5.95
Belagavi,B0108 nippani,C2342 kurli,84,81.9,14.1,61.5,100.0,3.41
Belagavi,B0108 nippani,C2401 manakapur,151,78.87,18.14,55.0,100.0,-7.27
Belagavi,B0108 nippani,C2405 mangur,43,82.21,13.77,60.0,99.0,5.51
Belagavi,B0108 nippani,C2611 shirpewadi,201,70.9,16.82,45.0,95.0,4.29
Belagavi,B0108 nippani,C2638 soundalga,350,64.06,26.0,25.0,95.0,-0.65
Belagavi,B0108 nippani,C2763 yamagarni,49,59.9,26.01,19.0,90.0,-23.87
Belagavi,B0108 nippani,C2906 nej,153,64.18,25.53,26.0,95.0,0.58
Belagavi,B0108 nippani,C2912 pattankudi,103,76.46,17.53,50.0,99.0,-0.97
Belagavi,B0108 nippani,C2928 shiragaon,167,64.28,24.22,30.0,95.0,-1.84
Belagavi,B0110 raibag,C0710 hubbarwadi,707,54.64,31.22,10.0,95.0,-3.19
Belagavi,B0110 raibag,C1308 nidagundi,264,61.06,23.03,30.0,90.0,0.23
Belagavi,B0110 raibag,C1777 alagawadi,260,50.85,24.89,19.5,85.0,3.09
Belagavi,B0110 raibag,C1842 balligeri,66,45.91,28.53,7.5,85.0,2.4
Belagavi,B0110 raibag,C1885 bhendawad,821,55.32,26.61,15.0,90.0,2.22
Belagavi,B0110 raibag,C1994 diggewadi,468,75.21,19.23,50.0,95.0,3.58
Belagavi,B0110 raibag,C2093 handigund,196,58.34,26.12,20.0,90.0,5.37
Belagavi,B0110 raibag,C2119 hidakal,396,66.29,22.21,35.0,95.0,7.74
Belagavi,B0110 raibag,C2295 khemlapur,423,47.96,26.06,15.0,84.0,8.72
Belagavi,B0110 raibag,C2337 kuligodd,202,45.64,28.76,5.5,85.0,5.87
Belagavi,B0110 raibag,C2478 nagral,641,58.68,30.27,15.0,95.0,-3.62
Belagavi,B0110 raibag,C2488 nandikurali,426,51.21,25.86,15.0,85.0,3.73
Belagavi,B0110 raibag,C2497 naslapur,211,63.34,23.86,25.0,90.0,-1.73
Belagavi,B0110 raibag,C2518 nilaji,749,49.72,27.59,10.0,85.0,2.15
Belagavi,B0110 raibag,C2520 nipanal,368,41.93,24.92,10.0,75.0,0.98
Belagavi,B0110 raibag,C2529 palbhavi,341,56.94,26.67,15.0,90.0,0.78
Belagavi,B0110 raibag,C2533 paramanandwadi,439,71.71,23.7,35.0,95.0,-2.15
Belagavi,B0110 raibag,C2595 savsuddi,253,47.41,26.06,10.0,80.0,-1.76
Belagavi,B0113 ramdurg,C1129 manihal,1458,76.11,17.91,50.0,95.0,3.19
Belagavi,B0113 ramdurg,C1208 mudenur,850,57.24,26.88,15.0,90.0,0.44
Belagavi,B0113 ramdurg,C1625 turanur,745,70.09,25.3,30.0,100.0,2.98
Belagavi,B0113 ramdurg,C1860 batakurki,552,41.85,27.34,5.0,80.0,0.61
Belagavi,B0113 ramdurg,C2087 hanamapur,563,55.63,26.24,16.0,90.0,-0.56
Belagavi,B0113 ramdurg,C2088 hanamsagar,122,58.73,21.76,30.0,85.0,3.61
Belagavi,B0113 ramdurg,C2131 hirekoppa ks,450,55.17,23.76,20.0,85.0,2.25
Belagavi,B0113 ramdurg,C2157 hosakoti,837,74.88,18.07,50.0,95.0,1.89
Belagavi,B0113 ramdurg,C2169 hulkund,481,65.23,23.27,35.0,95.0,0.24
Belagavi,B0113 ramdurg,C2215 k.chandargi,591,64.15,24.97,25.0,95.0,-2.15
Belagavi,B0113 ramdurg,C2278 katkol,614,50.46,27.1,15.0,85.0,-1.6
Belagavi,B0113 ramdurg,C2441 mudakavi,477,60.13,24.14,25.0,90.0,1.04
Belagavi,B0113 ramdurg,C2452 mullur,690,56.44,27.97,15.0,90.0,6.0
Belagavi,B0113 ramdurg,C2491 narasapur,498,58.46,26.06,20.0,90.0,-1.16
Belagavi,B0113 ramdurg,C2574 salahalli,733,77.89,20.08,50.0,100.0,1.49
Belagavi,B0113 ramdurg,C2653 sunnal,740,46.59,28.42,5.0,85.0,4.03
Belagavi,B0113 ramdurg,C2654 sureban,956,72.67,22.88,40.0,100.0,2.8
Belagavi,B0113 ramdurg,C2838 hanamsagar,128,69.96,18.87,45.0,85.0,-1.02
Belagavi,B0130 soundatti,C0697 hoolikatti,874,72.39,20.06,45.0,95.0,-1.77
Belagavi,B0130 soundatti,C0707 hosur,607,68.5,22.81,38.0,95.0,5.03
Belagavi,B0130 soundatti,C0745 inamhongal,787,71.69,19.42,45.0,95.0,2.01
Belagavi,B0130 soundatti,C1231 murgod,806,73.49,20.72,45.0,95.0,0.86
Belagavi,B0130 soundatti,C1636 ugargol,711,68.88,22.51,40.0,95.0,5.53
Belagavi,B0130 soundatti,C1809 aratagal,536,59.11,26.13,20.0,90.0,3.57
Belagavi,B0130 soundatti,C1918 chachadi,984,59.46,24.27,25.0,90.0,1.37
Belagavi,B0130 soundatti,C2126 hirebudanur,356,46.57,30.45,5.0,87.5,-4.83
Belagavi,B0130 soundatti,C2132 hirekumbi,727,72.63,21.06,45.0,95.0,6.31
Belagavi,B0130 soundatti,C2148 hooli,508,71.08,19.87,45.0,95.0,-0.92
Belagavi,B0130 soundatti,C2268 karikatti,800,80.41,16.97,55.0,100.0,2.33
Belagavi,B0130 soundatti,C2592 sattigeri,689,71.18,22.89,40.0,95.0,-2.74
Belagavi,B0130 soundatti,C2607 shindogi,767,63.42,21.99,35.0,90.0,8.31
Belagavi,B0130 soundatti,C2619 shivapur,532,62.49,21.48,35.0,94.5,3.84
Belagavi,B0130 soundatti,C2661 tallur,812,75.8,19.82,50.0,95.0,4.34
Belagavi,B0130 soundatti,C2756 yakkundi,873,82.37,14.88,60.0,100.0,3.38
Belagavi,B0130 soundatti,C2765 yarazarvi,583,81.38,16.91,60.0,100.0,2.4
Belagavi,B0130 soundatti,C2766 yargatti,255,42.24,28.99,5.0,85.0,5.25
Belagavi,B0153 kittur,C0045 ambadgatti,834,61.49,23.78,25.0,90.0,-0.89
Belagavi,B0153 kittur,C0130 bailur,711,61.32,24.6,25.0,90.0,3.92
Belagavi,B0153 kittur,C0701 hosa kadarvalli,755,57.72,27.5,15.0,90.0,10.4
Belagavi,B0153 kittur,C0848 kalbhavi,1218,63.33,24.51,30.0,95.0,1.26
Belagavi,B0153 kittur,C1022 kulavalli,612,67.75,18.59,45.0,90.0,4.52
Belagavi,B0153 kittur,C2299 kittur,332,62.55,26.81,20.0,95.0,-1.52
Belagavi,B0153 kittur,C2366 m.k.hubli,365,79.48,14.47,60.0,95.0,6.6
Bengaluru Rural,B0040 devanahalli,C0239 bidaluru,678,85.0,15.44,65.0,100.0,3.75
Bengaluru Rural,B0040 devanahalli,C0247 bijjavara,385,73.3,26.25,32.0,100.0,6.01
Bengaluru Rural,B0040 devanahalli,C0263 boodigere,395,83.96,16.46,65.0,100.0,2.34
Bengaluru Rural,B0040 devanahalli,C0300 channahalli,545,66.15,27.09,25.0,95.0,-0.25
Bengaluru Rural,B0040 devanahalli,C0301 channarayapatna,249,83.11,16.81,60.0,100.0,1.57
Bengaluru Rural,B0040 devanahalli,C0433 doddasanne,624,85.54,14.79,65.0,100.0,1.99
Bengaluru Rural,B0040 devanahalli,C0533 gudlumuddenahalli,312,70.02,24.64,30.0,95.0,0.23
Bengaluru Rural,B0040 devanahalli,C0776 jalige,556,82.6,17.72,57.5,100.0,1.81
Bengaluru Rural,B0040 devanahalli,C0961 koira,401,86.47,14.44,65.0,100.0,0.95
Bengaluru Rural,B0040 devanahalli,C1030 kundana,329,87.64,15.22,65.0,100.0,1.89
Bengaluru Rural,B0040 devanahalli,C1268 nalluru,208,85.36,13.86,65.0,100.0,0.32
Bengaluru Rural,B0040 devanahalli,C1693 venkatagirikote,422,85.3,14.04,65.0,100.0,1.66
Bengaluru Rural,B0040 devanahalli,C1700 vishwanathapura,428,86.99,13.56,65.0,100.0,1.95
Bengaluru Rural,B0040 devanahalli,C1747 yeliyuru,311,71.95,31.69,0.0,100.0,8.3
Bengaluru Rural,B0040 devanahalli,C2571 sadahalli,93,88.82,12.19,70.0,100.0,-3.75
Bengaluru Rural,B0042 doddaballapura,C0067 anjanamurthynagara,238,59.22,26.52,20.0,90.0,4.62
Bengaluru Rural,B0042 doddaballapura,C0083 aralumallige,464,52.28,27.5,15.0,90.0,5.33
Bengaluru Rural,B0042 doddaballapura,C0095 aroodi,629,49.66,25.39,15.0,85.0,6.3
Bengaluru Rural,B0042 doddaballapura,C0177 bashettihalli,117,63.08,26.3,23.0,95.0,-5.94
Bengaluru Rural,B0042 doddaballapura,C0302 channaveeranahalli,573,51.68,25.28,15.0,85.0,-1.11
Bengaluru Rural,B0042 doddaballapura,C0377 dargajogihalli,472,55.51,25.08,20.0,89.5,-1.06
Bengaluru Rural,B0042 doddaballapura,C0416 dodda ballapura town,224,45.0,25.11,15.0,80.0,2.77
Bengaluru Rural,B0042 doddaballapura,C0417 dodda belavangala,513,56.28,24.38,20.0,85.0,1.54
Bengaluru Rural,B0042 doddaballapura,C0559 hadonahalli,219,49.36,31.35,0.0,90.0,8.92
Bengaluru Rural,B0042 doddaballapura,C0591 hanabe,352,58.37,24.44,25.0,90.0,-0.56
Bengaluru Rural,B0042 doddaballapura,C0639 heggadihalli,420,51.99,27.13,15.0,85.0,-4.69
Bengaluru Rural,B0042 doddaballapura,C0694 honnawara,119,75.55,20.6,45.0,95.0,3.98
Bengaluru Rural,B0042 doddaballapura,C0703 hosahalli,228,52.54,26.91,15.0,85.0,4.7
Bengaluru Rural,B0042 doddaballapura,C0719 hulikunte,530,57.18,26.57,20.0,90.0,-0.93
Bengaluru Rural,B0042 doddaballapura,C0827 kadathippuru,104,80.14,17.78,55.0,98.5,-7.03
Bengaluru Rural,B0042 doddaballapura,C0880 kanasavadi,301,55.38,27.76,15.0,90.0,8.32
Bengaluru Rural,B0042 doddaballapura,C0932 kesthuru,112,65.85,26.53,25.0,95.0,2.08
Bengaluru Rural,B0042 doddaballapura,C1087 madhure kodihalli,213,58.03,26.98,16.0,90.0,4.07
Bengaluru Rural,B0042 doddaballapura,C1180 melekote,216,49.75,26.98,12.5,85.0,-0.13
Bengaluru Rural,B0042 doddaballapura,C1238 muthasandra,101,57.48,19.83,30.0,85.0,-11.72
Bengaluru Rural,B0042 doddaballapura,C1379 rajaghatta,158,58.8,27.06,20.0,95.0,-7.39
Bengaluru Rural,B0042 doddaballapura,C1418 s s ghati,504,54.58,27.02,15.0,90.0,2.76
Bengaluru Rural,B0042 doddaballapura,C1429 sakkare gollahalli,127,65.91,23.26,30.0,92.0,-3.66
Bengaluru Rural,B0042 doddaballapura,C1456 sasalu,140,67.86,23.11,35.0,95.0,1.21
Bengaluru Rural,B0042 doddaballapura,C1604 thippuru,241,53.36,26.48,15.0,85.0,-2.24
Bengaluru Rural,B0042 doddaballapura,C1623 tubugere,187,53.05,27.82,18.0,90.0,-7.21
Bengaluru Rural,B0064 hosakote,C0031 alappanahalli,567,51.43,27.67,10.0,90.0,8.02
Bengaluru Rural,B0064 hosakote,C0186 beguru,506,55.43,27.52,17.5,90.0,3.75
Bengaluru Rural,B0064 hosakote,C0210 bendiganahalli,410,55.9,27.64,15.0,90.0,8.93
Bengaluru Rural,B0064 hosakote,C0277 bylanarasapura,672,58.22,26.05,20.0,95.0,4.45
Bengaluru Rural,B0064 hosakote,C0388 devanagundi,475,60.51,25.2,25.0,93.0,-0.35
Bengaluru Rural,B0064 hosakote,C0425 doddagattiganabbe,540,51.81,26.11,15.0,85.5,6.87
Bengaluru Rural,B0064 hosakote,C0428 doddahulluru,543,44.25,27.06,10.0,85.0,1.13
Bengaluru Rural,B0064 hosakote,C0432 doddanallala,283,52.54,25.21,15.0,85.0,1.51
Bengaluru Rural,B0064 hosakote,C0766 jadigenahalli,311,47.72,28.38,10.0,85.0,-3.02
Bengaluru Rural,B0064 hosakote,C0852 kalkunte,354,54.41,28.48,10.0,90.0,5.26
Bengaluru Rural,B0064 hosakote,C1216 mugabala,384,52.55,27.85,15.0,90.0,3.94
Bengaluru Rural,B0064 hosakote,C1271 nandagudi,346,57.11,27.47,20.0,95.0,-4.92
Bengaluru Rural,B0064 hosakote,C1301 nelavagilu,71,67.46,27.88,20.0,95.0,7.44
Bengaluru Rural,B0064 hosakote,C1435 samethanahalli,829,54.7,26.92,20.0,90.0,0.51
Bengaluru Rural,B0064 hosakote,C1495 shivanapura,399,49.94,28.93,10.0,90.0,0.98
Bengaluru Rural,B0064 hosakote,C1541 sulibele,560,51.71,27.76,15.0,90.0,8.57
Bengaluru Rural,B0064 hosakote,C1552 t agrahara,82,74.88,23.7,36.0,95.0,-0.25
Bengaluru Rural,B0064 hosakote,C1595 thavarekere,438,51.03,28.29,10.0,90.0,5.15
Bengaluru Rural,B0064 hosakote,C1685 vagata,117,61.92,28.14,18.0,95.0,1.45
Bengaluru Rural,B0107 nelamangala,C0019 agalakuppe,336,63.48,24.26,25.0,90.0,2.39
Bengaluru Rural,B0107 nelamangala,C0087 arasinakunte,260,59.62,23.33,25.0,90.0,-1.89
Bengaluru Rural,B0107 nelamangala,C0088 arebommanahalli,476,60.25,23.17,25.0,90.0,4.44
Bengaluru Rural,B0107 nelamangala,C0174 basavanahalli,274,54.29,26.31,20.0,90.0,6.47
Bengaluru Rural,B0107 nelamangala,C0261 bommanahalli,466,55.98,25.05,20.0,85.0,0.41
Bengaluru Rural,B0107 nelamangala,C0418 dodda bele,341,61.96,23.72,30.0,90.0,-2.56
Bengaluru Rural,B0107 nelamangala,C0605 hanumanthegowdanapalya,448,60.39,25.36,23.5,90.0,-0.92
Bengaluru Rural,B0107 nelamangala,C0624 hasuruvalli,273,63.77,21.84,35.0,90.0,4.99
Bengaluru Rural,B0107 nelamangala,C0695 honnenahalli,363,54.86,25.46,20.0,85.0,2.31
Bengaluru Rural,B0107 nelamangala,C0922 kempalinganahalli,108,72.96,19.78,45.0,95.0,7.77
Bengaluru Rural,B0107 nelamangala,C1024 kuluvanahalli,280,60.75,24.03,25.0,90.0,1.04
Bengaluru Rural,B0107 nelamangala,C1134 manne,274,59.95,26.19,20.0,90.0,-0.11
Bengaluru Rural,B0107 nelamangala,C1142 maralakunte,363,67.91,23.76,35.0,95.0,4.88
Bengaluru Rural,B0107 nelamangala,C1283 narasipura,224,63.62,20.49,35.0,90.0,6.41
Bengaluru Rural,B0107 nelamangala,C1494 shivagange,394,56.93,27.09,15.0,90.0,2.86
Bengaluru Rural,B0107 nelamangala,C1519 soladevanahalli,395,60.27,24.18,30.0,90.0,3.96
Bengaluru Rural,B0107 nelamangala,C1523 sompura,405,57.81,24.16,22.0,85.0,3.87
Bengaluru Rural,B0107 nelamangala,C1554 t. beguru,400,61.46,26.28,24.5,95.0,4.89
Bengaluru Rural,B0107 nelamangala,C1614 thyamagondlu,226,64.29,27.83,15.0,95.0,3.91
Bidar,B0007 aurad,C0103 aurad urdu,603,59.59,28.0,15.0,95.0,-5.06
Bidar,B0007 aurad,C0198 belkuni(ch),44,54.55,27.7,15.0,93.5,3.36
Bidar,B0007 aurad,C0223 bhandar kumta,215,66.6,27.63,22.0,95.0,-1.53
Bidar,B0007 aurad,C0286 ch dapka,348,67.5,21.65,35.0,90.0,0.27
Bidar,B0007 aurad,C0354 chintaki,379,49.93,28.25,10.0,90.0,-3.6
Bidar,B0007 aurad,C0456 eklara,75,57.27,23.37,25.0,90.0,-4.63
Bidar,B0007 aurad,C0470 gadikushnoor,505,40.71,28.73,5.0,85.0,1.15
Bidar,B0007 aurad,C0527 gudapalli,354,44.79,28.03,5.0,85.0,3.78
Bidar,B0007 aurad,C0683 holesamudra,321,65.62,23.18,35.0,95.0,2.18
Bidar,B0007 aurad,C0778 jamagi,215,51.0,25.61,15.0,83.0,-2.36
Bidar,B0007 aurad,C0865 kamalnagar,388,53.02,28.24,10.0,90.0,1.52
Bidar,B0007 aurad,C1004 koudgoan,278,62.37,26.14,20.0,90.0,9.17
Bidar,B0007 aurad,C1042 kushnoor-t,357,55.22,27.6,10.0,90.0,-2.12
Bidar,B0007 aurad,C1062 lingi marathi,94,73.03,18.05,51.5,95.0,3.6
Bidar,B0007 aurad,C1209 mudhol (b),156,68.53,23.3,37.5,95.0,-0.39
Bidar,B0007 aurad,C1232 murki,253,58.42,24.3,25.0,90.0,-5.25
Bidar,B0007 aurad,C1452 santhpur urdu,48,39.06,23.44,10.0,65.0,9.26
Bidar,B0007 aurad,C1453 santhpur,242,44.34,27.2,5.0,80.0,4.73
Bidar,B0007 aurad,C1544 sundal,203,55.12,26.53,15.0,90.0,-2.11
Bidar,B0007 aurad,C1622 torna,163,69.94,23.33,35.0,100.0,8.27
Bidar,B0007 aurad,C1703 wadgaon,82,42.44,26.58,10.0,80.0,4.0
Bidar,B0007 aurad,C2008 dongaon (m),519,63.56,29.37,10.0,95.0,-2.27
Bidar,B0007 aurad,C2799 chemegaon marathi,28,66.25,24.52,33.5,95.0,-8.81
Bidar,B0015 basavakalyan,C0173 basavaklyan urdu rural,978,35.09,25.33,5.0,75.0,2.53
Bidar,B0015 basavakalyan,C0203 belura,440,48.06,30.83,5.0,90.0,-2.12
Bidar,B0015 basavakalyan,C0235 bhosga marathi,427,46.45,28.4,5.0,85.0,8.64
Bidar,B0015 basavakalyan,C0295 chandikapur,741,35.66,27.44,5.0,80.0,3.45
Bidar,B0015 basavakalyan,C0500 ghotal,875,55.13,28.35,15.0,90.0,0.13
Bidar,B0015 basavakalyan,C0617 harkood,857,41.74,27.43,5.0,80.0,0.68
Bidar,B0015 basavakalyan,C0728 hulsoor,147,58.4,26.97,15.0,90.0,3.85
Bidar,B0015 basavakalyan,C0755 islampur,313,31.28,22.52,0.0,60.0,-2.29
Bidar,B0015 basavakalyan,C0851 kalkora,425,28.55,24.48,0.0,65.0,-1.4
Bidar,B0015 basavakalyan,C0939 kherda (b),189,26.9,22.51,0.0,60.0,-2.31
Bidar,B0015 basavakalyan,C0944 kitta,608,50.53,29.57,10.0,90.0,-6.76
Bidar,B0015 basavakalyan,C0960 kohinoor,286,39.77,24.92,10.0,80.0,-6.22
Bidar,B0015 basavakalyan,C1048 ladwanthi,405,48.27,28.89,10.0,85.0,6.57
Bidar,B0015 basavakalyan,C1136 manthal,575,43.87,28.62,5.0,85.0,0.37
Bidar,B0015 basavakalyan,C1187 mirkhal marathi,240,44.21,27.97,5.0,80.0,4.7
Bidar,B0015 basavakalyan,C1201 muchalam,355,38.48,27.64,5.0,80.0,-0.27
Bidar,B0015 basavakalyan,C1204 mudbi,372,38.13,27.76,0.0,80.0,1.3
Bidar,B0015 basavakalyan,C1316 nirgudi,438,34.52,26.56,0.0,70.0,1.88
Bidar,B0015 basavakalyan,C1382 rajeshwar,368,26.37,25.11,0.0,65.0,6.76
Bidar,B0015 basavakalyan,C1384 rajola,600,40.68,30.2,5.0,90.0,-5.12
Bidar,B0015 basavakalyan,C1457 sastapur,542,42.6,28.22,5.0,85.0,0.59
Bidar,B0015 basavakalyan,C1637 ujalam,329,67.05,20.34,40.0,95.0,-0.23
Bidar,B0019 bhalki,C0043 alwai marathi,477,42.1,27.6,5.0,80.0,-0.22
Bidar,B0019 bhalki,C0047 ambesangvi,410,39.16,28.4,5.0,80.0,1.51
Bidar,B0019 bhalki,C0140 balur,627,35.46,26.04,5.0,75.0,3.61
Bidar,B0019 bhalki,C0222 bhalki (urdu),655,35.51,26.5,5.0,80.0,-0.53
Bidar,B0019 bhalki,C0227 bhatambra (urdu),392,48.04,28.21,10.0,89.5,2.73
Bidar,B0019 bhalki,C0228 bhatambra,513,40.25,26.08,5.0,75.0,0.25
Bidar,B0019 bhalki,C0229 bhatsangvi,437,58.18,25.96,20.0,90.0,3.88
Bidar,B0019 bhalki,C0409 dhannura (s),561,38.08,28.48,5.0,80.0,2.67
Bidar,B0019 bhalki,C0441 dongapur,303,40.12,28.48,5.0,85.0,4.15
Bidar,B0019 bhalki,C0570 halbarga (urdu),427,26.46,23.73,0.0,60.0,3.76
Bidar,B0019 bhalki,C0571 halbarga,524,43.3,28.8,5.0,85.0,4.68
Bidar,B0019 bhalki,C0577 halhalli (k),369,35.43,31.22,0.0,85.0,-2.03
Bidar,B0019 bhalki,C0583 halsi (l),182,34.7,23.55,5.0,70.0,3.69
Bidar,B0019 bhalki,C0860 kalwadi,270,45.8,27.89,10.0,85.0,-4.95
Bidar,B0019 bhalki,C0875 kanaji,624,41.83,29.02,5.0,85.0,3.85
Bidar,B0019 bhalki,C0938 khatak-chincholi,307,38.0,27.31,5.0,80.0,-1.18
Bidar,B0019 bhalki,C1049 lakhangaon,364,36.7,26.91,5.0,75.0,2.15
Bidar,B0019 bhalki,C1178 mehakar,359,52.98,27.63,15.0,90.0,2.38
Bidar,B0019 bhalki,C1195 morambi,217,52.4,23.94,20.0,80.0,0.51
Bidar,B0019 bhalki,C1318 nittur (b),256,43.79,26.67,10.0,80.0,3.12
Bidar,B0019 bhalki,C1428 saigaon,283,62.58,26.65,25.0,95.0,1.11
Bidar,B0019 bhalki,C1707 wanjarkhed marathi,191,50.63,28.03,15.0,90.0,-3.92
Bidar,B0019 bhalki,C1708 warwatti (b),156,35.19,28.33,0.0,75.0,4.74
Bidar,B0020 bidar,C0034 aliamber,447,46.82,28.6,10.0,85.0,3.03
Bidar,B0020 bidar,C0051 amlapur,246,48.62,28.67,10.0,90.0,5.21
Bidar,B0020 bidar,C0063 andura,431,36.68,27.28,5.0,75.0,5.39
Bidar,B0020 bidar,C0124 bagdal,438,20.21,19.53,0.0,45.0,5.62
Bidar,B0020 bidar,C0171 baroor,456,30.11,25.57,0.0,75.0,2.46
Bidar,B0020 bidar,C0306 chatnalli,76,41.05,27.93,5.0,80.0,2.55
Bidar,B0020 bidar,C0346 chimkod,343,41.4,27.16,10.0,80.0,-0.99
Bidar,B0020 bidar,C0467 gadagi,550,55.13,27.75,15.0,90.0,0.97
Bidar,B0020 bidar,C0787 janwada,385,53.87,28.08,15.0,90.0,-0.41
Bidar,B0020 bidar,C0831 kadwad,341,45.45,28.18,10.0,85.0,-0.09
Bidar,B0020 bidar,C0871 kamthana,375,35.75,30.19,0.0,80.0,7.4
Bidar,B0020 bidar,C0968 kolar(k),307,43.63,25.45,10.0,80.0,1.24
Bidar,B0020 bidar,C1097 mailoor,178,59.97,27.67,20.0,95.0,7.71
Bidar,B0020 bidar,C1103 malegaon,691,31.19,25.33,0.0,70.0,2.64
Bidar,B0020 bidar,C1122 mandaknalli,500,45.05,26.85,10.0,85.0,3.72
Bidar,B0020 bidar,C1127 mangalpet,157,37.93,26.66,5.0,80.0,3.69
Bidar,B0020 bidar,C1128 manhalli,177,30.76,25.74,5.0,70.0,-1.64
Bidar,B0020 bidar,C1263 nagora,466,44.45,28.22,10.0,85.0,-1.14
Bidar,B0020 bidar,C1288 naubad,111,44.14,28.7,10.0,85.0,4.08
Bidar,B0020 bidar,C1383 rajgira,427,42.49,24.18,10.0,75.0,-5.85
Bidar,B0020 bidar,C1397 ranjolkheni,562,44.86,27.95,10.0,85.0,0.31
Bidar,B0020 bidar,C2563 rekulgi urdu,103,26.8,25.98,0.0,65.0,-5.0
Bidar,B0020 bidar,C2820 faizpura urdu,92,62.66,20.31,30.0,84.5,5.33
Bidar,B0068 humnabad,C0205 bemalkheda,914,50.3,31.23,5.0,90.0,-3.31
Bidar,B0068 humnabad,C0208 benchincholi,563,40.85,27.26,5.0,80.0,0.26
Bidar,B0068 humnabad,C0298 changlera,1187,46.13,30.64,5.0,90.0,2.79
Bidar,B0068 humnabad,C0361 chitguppa (urdu),498,43.53,29.46,5.0,90.0,3.23
Bidar,B0068 humnabad,C0362 chitguppa,179,35.11,26.07,5.0,75.0,-4.81
Bidar,B0068 humnabad,C0445 dubalgundi,632,54.28,25.93,15.0,90.0,3.65
Bidar,B0068 humnabad,C0472 gadwanthi,605,62.37,26.46,22.0,95.0,8.02
Bidar,B0068 humnabad,C0498 ghatboral,189,32.46,26.58,0.0,71.0,-7.14
Bidar,B0068 humnabad,C0580 hallikhed (b),272,34.98,27.58,5.0,79.5,8.99
Bidar,B0068 humnabad,C0581 hallikhed (k),708,70.11,23.76,35.0,95.0,3.53
Bidar,B0068 humnabad,C0595 handikera,747,56.98,26.1,20.0,90.0,6.2
Bidar,B0068 humnabad,C0712 hudgi,537,52.64,29.35,10.0,90.0,3.4
Bidar,B0068 humnabad,C0730 humnabad (urdu),115,76.78,19.85,50.0,98.0,7.12
Bidar,B0068 humnabad,C1131 manna-ekhelli,507,34.59,27.58,0.0,75.0,1.62
Bidar,B0068 humnabad,C1132 mannaekheli (urdu),95,26.95,23.42,2.0,63.0,9.42
Bidar,B0068 humnabad,C1317 nirna,416,40.94,28.52,5.0,80.0,1.76
Bidar,B0068 humnabad,C1469 sedol (urdu),162,80.31,18.23,55.0,100.0,-4.03
Bidar,B0068 humnabad,C1515 sitalgera,447,55.74,28.2,15.0,90.0,-6.04
Bidar,B0068 humnabad,C1632 udbal,1017,35.64,27.01,0.0,75.0,5.93
Chamarajanagara,B0027 chamarajanagar,C0042 aluru,176,43.84,29.43,5.0,85.0,-2.15
Chamarajanagara,B0027 chamarajanagar,C0044 amachavadi,473,44.34,26.62,10.0,80.0,10.59
Chamarajanagara,B0027 chamarajanagar,C0078 arakala vadi,321,53.74,25.51,15.0,85.0,3.58
Chamarajanagara,B0027 chamarajanagar,C0122 bagali,437,70.45,22.65,40.0,95.0,5.39
Chamarajanagara,B0027 chamarajanagar,C0293 chamarajanagar-1v,337,51.68,26.04,18.0,85.0,3.72
Chamarajanagara,B0027 chamarajanagar,C0294 chandaka vadi,384,47.8,26.73,11.5,85.0,4.31
Chamarajanagara,B0027 chamarajanagar,C0608 haradana halli,734,53.51,26.08,15.0,85.0,2.24
Chamarajanagara,B0027 chamarajanagar,C0612 harave,372,50.38,26.91,15.0,85.0,5.89
Chamarajanagara,B0027 chamarajanagar,C0641 heggotara,382,51.43,27.78,15.0,90.0,6.12
Chamarajanagara,B0027 chamarajanagar,C0832 kagalavadi,308,56.1,25.32,20.0,90.0,6.22
Chamarajanagara,B0027 chamarajanagar,C0970 kolipalya,131,42.94,30.04,0.0,85.0,2.04
Chamarajanagara,B0027 chamarajanagar,C1012 kuderu,191,45.47,27.82,5.0,85.0,6.35
Chamarajanagara,B0027 chamarajanagar,C1125 mangala,422,51.9,27.99,15.0,90.0,7.06
Chamarajanagara,B0027 chamarajanagar,C1261 nagavalli,503,52.03,27.46,11.0,90.0,8.52
Chamarajanagara,B0027 chamarajanagar,C1423 sagade,306,58.04,25.28,20.0,90.0,6.47
Chamarajanagara,B0027 chamarajanagar,C1447 santhe marahalli,383,47.3,26.19,10.0,80.0,8.11
Chamarajanagara,B0027 chamarajanagar,C1633 udigala,432,51.68,27.48,10.0,85.0,10.73
Chamarajanagara,B0027 chamarajanagar,C1643 ummatturu,200,54.08,26.49,15.0,90.0,2.43
Chamarajanagara,B0027 chamarajanagar,C1694 venkataiana chathra,190,42.63,25.41,10.0,80.0,8.41
Chamarajanagara,B0027 chamarajanagar,C2146 honganuru,439,59.4,27.71,20.0,95.0,5.37
Chamarajanagara,B0027 chamarajanagar,C2489 nanjedevanapura,210,69.17,24.73,35.0,95.0,6.0
Chamarajanagara,B0027 chamarajanagar,C2781 badanaguppe,143,43.88,24.69,11.0,80.0,6.2
Chamarajanagara,B0027 chamarajanagar,C2797 chamarajanagar - i,123,56.06,23.48,25.0,85.0,9.09
Chamarajanagara,B0027 chamarajanagar,C2798 chamarajanagar urdu,73,52.4,24.55,20.0,85.0,8.17
Chamarajanagara,B0050 gundlupet,C0021 agathagowdanahalli,652,47.81,26.77,10.0,80.0,6.12
Chamarajanagara,B0050 gundlupet,C0165 baragi,970,50.11,27.24,15.0,85.0,6.99
Chamarajanagara,B0050 gundlupet,C0185 begur,551,45.59,27.85,10.0,85.0,7.23
Chamarajanagara,B0050 gundlupet,C0231 bheemanabeedu,1069,48.67,26.34,15.0,85.0,5.93
Chamarajanagara,B0050 gundlupet,C0260 bommalapura,613,45.28,28.68,5.0,85.0,10.5
Chamarajanagara,B0050 gundlupet,C0339 chikkathuppuru,914,47.59,28.55,10.0,85.0,10.42
Chamarajanagara,B0050 gundlupet,C0340 chikkati,811,46.39,28.35,5.0,85.0,5.02
Chamarajanagara,B0050 gundlupet,C0598 hangala,433,48.57,27.45,10.0,85.0,7.15
Chamarajanagara,B0050 gundlupet,C0698 horeyala,565,51.16,28.04,10.0,85.0,12.47
Chamarajanagara,B0050 gundlupet,C0733 hundipura,305,54.54,25.93,20.0,85.0,10.32
Chamarajanagara,B0050 gundlupet,C0815 kabbahalli,599,62.62,28.68,20.0,95.0,8.5
Chamarajanagara,B0050 gundlupet,C1334 paduguru,644,53.74,26.38,20.0,90.0,5.33
Chamarajanagara,B0050 gundlupet,C1584 terakanambi,579,54.3,28.27,10.0,90.0,3.78
Chamarajanagara,B0050 gundlupet,C1683 vaddagere,569,49.04,27.95,10.0,85.0,7.74
Chamarajanagara,B0054 hanur,C0148 bandahalli,460,59.26,26.89,20.0,90.0,5.56
Chamarajanagara,B0054 hanur,C0607 hanur,106,52.69,26.81,15.0,90.0,15.19
Chamarajanagara,B0054 hanur,C1006 kowdalli,814,51.35,26.36,15.0,90.0,7.41
Chamarajanagara,B0054 hanur,C1018 kuduluru,401,38.25,26.75,5.0,80.0,7.71
Chamarajanagara,B0054 hanur,C1064 lokkanahalli,782,51.76,28.9,10.0,90.0,2.51
Chamarajanagara,B0054 hanur,C1074 m.m.hills,207,55.17,25.71,15.0,87.0,-3.3
Chamarajanagara,B0054 hanur,C1076 maaralli,859,37.64,25.74,5.0,75.0,4.56
Chamarajanagara,B0054 hanur,C1152 martalli,388,46.39,25.43,10.0,80.0,2.41
Chamarajanagara,B0054 hanur,C1326 odakehalla,253,32.09,25.7,0.0,70.0,-5.59
Chamarajanagara,B0054 hanur,C1328 odeyarapalya,424,56.34,29.95,10.0,95.0,10.99
Chamarajanagara,B0054 hanur,C1331 p.g.palya,93,66.18,26.82,30.0,95.0,3.07
Chamarajanagara,B0054 hanur,C1390 ramapura,438,52.07,27.64,10.0,90.0,3.42
Chamarajanagara,B0054 hanur,C1498 shyagyam,516,61.82,23.49,25.0,90.0,1.6
Chamarajanagara,B0080 kollegala,C0863 kamagere,409,68.07,20.93,40.0,90.0,4.46
Chamarajanagara,B0080 kollegala,C0996 kothanur,924,40.69,26.04,5.0,75.0,8.12
Chamarajanagara,B0080 kollegala,C1034 kunthur,765,46.43,27.97,5.0,85.0,2.26
Chamarajanagara,B0080 kollegala,C1088 madhuvanahalli,592,53.3,28.02,15.0,90.0,7.5
Chamarajanagara,B0080 kollegala,C1222 mulluru,1097,57.96,26.18,20.0,90.0,2.94
Chamarajanagara,B0080 kollegala,C1343 palya,553,53.16,26.13,15.0,90.0,7.87
Chamarajanagara,B0080 kollegala,C1460 sathegala,574,44.44,25.7,10.0,80.0,8.02
Chamarajanagara,B0142 yelandur,C0020 agara,307,58.24,24.71,25.0,90.0,10.94
Chamarajanagara,B0142 yelandur,C0447 duggahatti,399,48.37,26.29,10.0,85.0,-0.01
Chamarajanagara,B0142 yelandur,C0538 gumballi,397,43.09,26.73,5.0,80.0,2.75
Chamarajanagara,B0142 yelandur,C0931 kesthur,855,44.44,26.54,10.0,80.0,7.89
Chamarajanagara,B0142 yelandur,C1739 yelandur,262,38.24,23.48,5.0,70.0,8.99
Chamarajanagara,B0142 yelandur,C2377 maddur,357,62.06,22.36,30.0,90.0,4.95
Chikkaballapura,B0010 bagepally,C0008 achaganapalli,581,41.8,26.17,5.0,80.0,-0.46
Chikkaballapura,B0010 bagepally,C0125 bagepalli rural,440,45.95,25.24,10.0,80.0,0.16
Chikkaballapura,B0010 bagepally,C0126 bagepally,349,48.91,27.96,10.0,85.0,0.34
Chikkaballapura,B0010 bagepally,C0253 billur,369,35.27,25.55,5.0,70.0,4.56
Chikkaballapura,B0010 bagepally,C0288 chakavelu,445,40.9,29.71,5.0,85.0,-1.3
Chikkaballapura,B0010 bagepally,C0311 chelur,89,40.45,32.85,5.0,90.0,8.1
Chikkaballapura,B0010 bagepally,C0395 devaragudipalli,472,50.52,27.03,15.0,85.0,4.1
Chikkaballapura,B0010 bagepally,C0464 g.maddepalli,426,40.82,28.3,5.0,80.0,-0.63
Chikkaballapura,B0010 bagepally,C0537 gulur,533,41.47,27.85,5.0,80.0,3.67
Chikkaballapura,B0010 bagepally,C0873 kanagamakalapalli,359,47.53,26.31,10.0,85.0,0.1
Chikkaballapura,B0010 bagepally,C1075 m.nallagutapalli,372,41.03,27.71,5.0,85.0,-1.17
Chikkaballapura,B0010 bagepally,C1148 marganukunte,503,38.93,25.32,6.0,75.0,-1.56
Chikkaballapura,B0010 bagepally,C1190 mittemari,325,37.29,25.38,5.0,75.0,3.88
Chikkaballapura,B0010 bagepally,C1344 palyakere,177,43.11,26.15,5.0,75.0,-2.74
Chikkaballapura,B0010 bagepally,C1354 pathapalya,315,36.9,26.05,5.0,75.0,-1.17
Chikkaballapura,B0010 bagepally,C1372 raccheruvu,109,44.95,29.93,4.0,85.0,8.18
Chikkaballapura,B0010 bagepally,C1520 somanathapura,136,50.07,25.89,15.0,85.0,2.96
Chikkaballapura,B0010 bagepally,C1600 thimampalli,114,59.52,25.97,20.0,90.0,0.29
Chikkaballapura,B0010 bagepally,C1620 tollapalli,166,36.45,24.35,5.0,75.0,10.47
Chikkaballapura,B0010 bagepally,C1726 yallampalli,343,42.61,24.8,10.0,75.0,0.79
Chikkaballapura,B0010 bagepally,C1750 yeragudi,207,39.83,26.58,5.0,77.0,0.24
Chikkaballapura,B0030 chikkaballapur,C0066 angarekanahalli,665,48.09,27.7,10.0,85.0,8.49
Chikkaballapura,B0030 chikkaballapur,C0316 chickballapur rural,596,51.26,24.57,15.0,85.0,6.65
Chikkaballapura,B0030 chikkaballapur,C0411 dibbur,418,45.59,24.91,10.0,80.0,4.05
Chikkaballapura,B0030 chikkaballapur,C0574 haleperasandra,800,49.23,26.42,15.0,85.0,5.87
Chikkaballapura,B0030 chikkaballapur,C0868 kammaguttahalli,197,57.01,28.14,15.0,90.0,5.26
Chikkaballapura,B0030 chikkaballapur,C0982 kondenahalli,379,55.62,27.08,15.0,90.0,-2.57
Chikkaballapura,B0030 chikkaballapur,C1124 mandikal,207,58.38,23.48,25.0,90.0,2.51
Chikkaballapura,B0030 chikkaballapur,C1146 marasanahalli,321,60.26,25.13,20.0,90.0,6.32
Chikkaballapura,B0030 chikkaballapur,C1206 muddenahalli,137,49.09,25.89,15.0,80.0,4.53
Chikkaballapura,B0030 chikkaballapur,C1272 nandi,636,42.68,27.56,5.0,85.0,4.18
Chikkaballapura,B0030 chikkaballapur,C1293 nayanahalli,474,64.82,25.04,25.0,95.0,3.17
Chikkaballapura,B0030 chikkaballapur,C1360 peresandra,298,69.19,24.39,35.0,95.0,0.76
Chikkaballapura,B0030 chikkaballapur,C1366 poshettihalli,513,51.35,27.0,15.0,85.0,-0.45
Chikkaballapura,B0030 chikkaballapur,C1371 r.g. halli,368,53.34,27.19,15.0,90.0,2.0
Chikkaballapura,B0030 chikkaballapur,C1419 s.gollahalli,307,44.15,27.06,8.0,85.0,1.15
Chikkaballapura,B0030 chikkaballapur,C1534 srirampura,449,53.85,25.83,15.0,86.0,7.12
Chikkaballapura,B0030 chikkaballapur,C1684 vaddrapalya,512,49.79,26.92,10.0,85.0,7.27
Chikkaballapura,B0034 chintamani,C0050 amitaganahalli,279,58.05,28.8,15.0,95.0,1.43
Chikkaballapura,B0034 chintamani,C0075 anoor,469,46.08,29.61,5.0,90.0,2.62
Chikkaballapura,B0034 chintamani,C0179 batlahalli,293,51.71,33.47,0.0,95.0,2.91
Chikkaballapura,B0034 chintamani,C0265 booragamakalahalli,509,58.97,28.14,15.0,90.0,6.9
Chikkaballapura,B0034 chintamani,C0275 buradagunte,367,35.94,26.83,5.0,75.0,4.73
Chikkaballapura,B0034 chintamani,C0343 chilakalanerpu,193,49.61,27.52,11.0,90.0,-6.25
Chikkaballapura,B0034 chintamani,C0356 chinthamani-2,621,48.12,28.24,10.0,85.0,5.94
Chikkaballapura,B0034 chintamani,C0424 doddaganjuru,293,68.4,23.26,35.0,95.0,5.5
Chikkaballapura,B0034 chintamani,C0659 hirekattigenahalli,461,48.7,28.31,10.0,85.0,-2.32
Chikkaballapura,B0034 chintamani,C0750 iragampalli,581,50.54,28.32,10.0,90.0,-0.05
Chikkaballapura,B0034 chintamani,C0806 k raguttahalli,503,56.62,25.89,20.0,90.0,2.03
Chikkaballapura,B0034 chintamani,C0821 kadadhanamari,57,57.54,26.0,23.0,90.0,6.16
Chikkaballapura,B0034 chintamani,C0829 kaderanahalli,446,43.03,26.37,10.0,80.0,-0.32
Chikkaballapura,B0034 chintamani,C0836 kaiwara,814,53.65,28.32,15.0,90.0,8.7
Chikkaballapura,B0034 chintamani,C0925 kencharalhalli,154,41.62,29.33,5.0,85.0,-1.35
Chikkaballapura,B0034 chintamani,C0978 konapalli,470,61.34,27.06,20.0,95.0,5.86
Chikkaballapura,B0034 chintamani,C1065 m gollahalli,196,62.4,29.34,20.0,95.0,-0.91
Chikkaballapura,B0034 chintamani,C1230 muragamale,256,55.16,26.43,20.0,85.0,5.85
Chikkaballapura,B0034 chintamani,C1266 nalamachanahalli,126,51.9,23.6,20.0,85.0,3.39
Chikkaballapura,B0034 chintamani,C1273 nandiganahalli,305,60.48,27.47,20.0,95.0,9.83
Chikkaballapura,B0034 chintamani,C1359 peramachanahalli,127,69.02,23.38,40.0,97.0,-2.38
Chikkaballapura,B0034 chintamani,C1503 siddepalli,298,49.61,26.52,15.0,85.0,-0.02
Chikkaballapura,B0034 chintamani,C1563 talagavara,594,49.93,30.22,10.0,90.0,8.37
Chikkaballapura,B0034 chintamani,C1717 yagavakote,219,58.33,25.4,25.0,90.0,1.7
Chikkaballapura,B0047 gudibanda,C0182 beechaganahalli,474,51.74,28.4,10.0,90.0,5.16
Chikkaballapura,B0047 gudibanda,C0529 gudibande rural,364,43.61,26.41,10.0,80.0,-1.35
Chikkaballapura,B0047 gudibanda,C0530 gudibande,233,49.03,26.01,15.0,85.0,2.17
Chikkaballapura,B0047 gudibanda,C0589 hampasandra,325,41.31,23.03,12.0,70.0,3.95
Chikkaballapura,B0047 gudibanda,C1522 somenahalli,484,34.57,25.15,5.0,75.0,0.5
Chikkaballapura,B0047 gudibanda,C1605 thirumani,204,46.79,23.53,16.5,80.0,-1.39
Chikkaballapura,B0047 gudibanda,C1689 varlkonda,216,51.83,26.21,15.0,85.0,0.85
Chikkaballapura,B0047 gudibanda,C1727 yallodu,250,62.94,25.72,25.0,95.0,1.72
Chikkaballapura,B0124 sidlaghatta,C0007 abloodu,623,45.69,27.68,5.0,85.0,4.62
Chikkaballapura,B0124 sidlaghatta,C0176 basettyhalli,601,44.73,27.82,10.0,85.0,0.71
Chikkaballapura,B0124 sidlaghatta,C0220 bhaktharahalli,633,49.6,27.19,15.0,85.0,8.76
Chikkaballapura,B0124 sidlaghatta,C0309 cheemangala,613,53.56,24.8,20.0,85.0,6.01
Chikkaballapura,B0124 sidlaghatta,C0397 devaramalluru,664,46.51,27.68,10.0,85.0,0.61
Chikkaballapura,B0124 sidlaghatta,C0412 dibburahalli,379,50.5,25.04,15.0,85.0,-4.31
Chikkaballapura,B0124 sidlaghatta,C0453 e thimmasandra,387,38.8,27.18,5.0,75.0,4.73
Chikkaballapura,B0124 sidlaghatta,C0479 gambiranahalli,573,46.99,27.15,10.0,85.0,1.84
Chikkaballapura,B0124 sidlaghatta,C0488 ganjigunte,373,45.62,25.61,10.0,80.0,-3.17
Chikkaballapura,B0124 sidlaghatta,C0753 irgappanahalli,346,56.36,29.53,15.0,95.0,-0.77
Chikkaballapura,B0124 sidlaghatta,C0785 jangamakote,410,57.96,26.73,20.0,90.0,-1.68
Chikkaballapura,B0124 sidlaghatta,C1181 melur,426,56.63,26.02,20.0,90.0,9.61
Chikkaballapura,B0124 sidlaghatta,C1342 palicherlu,460,47.34,27.59,10.0,85.0,2.5
Chikkaballapura,B0124 sidlaghatta,C1422 sadali,251,46.04,26.57,15.0,85.0,0.98
Chikkaballapura,B0124 sidlaghatta,C1505 sidlaghatta,70,71.64,22.27,40.0,95.0,7.25
Chikkaballapura,B0124 sidlaghatta,C1602 thimmanayakanahalli,96,61.3,22.41,30.0,90.0,-11.33
Chikkaballapura,B0124 sidlaghatta,C1612 thummanahalli,514,45.39,26.77,10.0,80.0,-1.62
Chikkaballapura,B0124 sidlaghatta,C1709 y.hunasenahalli,177,50.99,26.8,13.0,85.0,6.03
Chikkaballapura,B0167 gowribidanur,C0707 hosur,140,55.68,25.25,24.5,85.5,1.09
Chikkaballapura,B0167 gowribidanur,C0740 idagur,299,48.41,24.69,20.0,80.0,4.81
Chikkaballapura,B0167 gowribidanur,C1390 ramapura,97,34.12,25.48,5.0,72.0,10.18
Chikkaballapura,B0167 gowribidanur,C2771 alakapura,220,40.18,24.71,10.0,75.0,2.53
Chikkaballapura,B0167 gowribidanur,C2772 alipura,245,46.18,28.37,10.0,85.0,11.84
Chikkaballapura,B0167 gowribidanur,C2805 d palya,142,36.65,28.08,5.0,80.0,5.66
Chikkaballapura,B0167 gowribidanur,C2822 gedare,231,41.6,28.54,5.0,85.0,-8.0
Chikkaballapura,B0167 gowribidanur,C2835 hale halli,172,39.22,25.54,5.0,75.0,5.11
Chikkaballapura,B0167 gowribidanur,C2846 herebidanur,56,45.71,27.62,7.5,80.0,3.43
Chikkaballapura,B0167 gowribidanur,C2852 hudaguru,213,54.18,26.34,15.0,90.0,-1.12
Chikkaballapura,B0167 gowribidanur,C2858 jarabandahalli,234,41.2,26.89,5.0,80.0,-2.11
Chikkaballapura,B0167 gowribidanur,C2865 kallinayakanahalli,112,44.29,26.36,5.5,79.5,-0.03
Chikkaballapura,B0167 gowribidanur,C2888 manchenahalli,186,49.17,26.33,10.0,85.0,1.72
Chikkaballapura,B0167 gowribidanur,C2894 melya,155,45.77,25.93,12.0,80.0,4.47
Chikkaballapura,B0167 gowribidanur,C2897 mudugere,134,48.92,27.74,10.0,85.0,-2.43
Chikkaballapura,B0167 gowribidanur,C2901 nagaragere,158,51.14,28.43,10.0,85.0,9.92
Chikkaballapura,B0167 gowribidanur,C2904 namagondlu,155,35.74,26.13,2.0,70.0,2.25
Chikkaballapura,B0167 gowribidanur,C2916 pura,142,37.36,29.5,0.0,84.5,-3.59
Chikkaballapura,B0167 gowribidanur,C2936 thondebavi,153,50.42,27.51,10.0,85.0,14.05
Chikkaballapura,B0167 gowribidanur,C2954 vatada hosahalli,137,35.66,29.1,5.0,80.0,-7.24
Chikkaballapura,B0167 gowribidanur,C2956 viduraswatha,70,74.86,13.54,55.0,90.5,-3.7
Chikkamagaluru,B0145 biruru,C1058 lingadahalli,234,51.99,27.02,15.0,90.0,0.37
Chikkamagaluru,B0145 biruru,C1841 ballavara,288,67.47,19.44,40.0,91.5,1.56
Chikkamagaluru,B0145 biruru,C1855 banur,233,51.7,25.66,15.0,90.0,8.66
Chikkamagaluru,B0145 biruru,C1898 birur m camp,216,63.84,21.01,35.0,90.0,1.99
Chikkamagaluru,B0145 biruru,C1981 devanur,383,68.92,24.91,30.0,95.0,6.64
Chikkamagaluru,B0145 biruru,C2006 doddapatanagere,345,52.09,28.41,10.0,90.0,5.32
Chikkamagaluru,B0145 biruru,C2015 emmedoddi,327,81.59,14.46,60.0,100.0,0.98
Chikkamagaluru,B0145 biruru,C2051 gulladamane,168,65.89,24.02,30.0,90.0,-1.91
Chikkamagaluru,B0145 biruru,C2171 hullehalli,204,69.36,20.09,40.0,90.0,5.95
Chikkamagaluru,B0145 biruru,C2208 jodihochihalli,299,56.0,25.49,20.0,85.0,2.54
Chikkamagaluru,B0145 biruru,C2212 k hosahalli,375,57.17,26.54,20.0,90.0,-1.92
Chikkamagaluru,B0145 biruru,C2513 nidagatta,91,60.77,28.5,20.0,95.0,7.9
Chikkamagaluru,B0145 biruru,C2569 s.bidare,235,65.68,26.65,25.0,95.0,10.86
Chikkamagaluru,B0145 biruru,C2573 sakarayapatna,352,74.66,18.85,55.0,95.0,5.15
Chikkamagaluru,B0145 biruru,C2706 udeva,238,54.05,25.82,20.0,85.0,3.23
Chikkamagaluru,B0147 chikmagalur,C1781 aldur,280,62.61,22.71,30.0,90.0,8.21
Chikkamagaluru,B0147 chikmagalur,C1782 allampura,287,54.46,27.07,15.0,90.0,0.84
Chikkamagaluru,B0147 chikmagalur,C1783 ambale,368,52.68,27.72,15.0,90.0,2.49
Chikkamagaluru,B0147 chikmagalur,C1820 avuthi,301,67.49,25.25,30.0,100.0,3.72
Chikkamagaluru,B0147 chikmagalur,C1873 belwadi,441,58.96,26.34,20.0,90.0,6.35
Chikkamagaluru,B0147 chikmagalur,C2128 hiregowja,270,52.15,27.14,10.0,85.0,9.95
Chikkamagaluru,B0147 chikmagalur,C2183 huyigere,68,79.04,15.68,53.5,95.0,6.97
Chikkamagaluru,B0147 chikmagalur,C2191 indhavara,236,59.66,25.14,20.0,90.0,7.38
Chikkamagaluru,B0147 chikmagalur,C2223 kadavanthi,166,57.44,27.12,12.5,90.0,8.19
Chikkamagaluru,B0147 chikmagalur,C2238 kalasapura,576,52.93,26.54,15.0,85.0,4.47
Chikkamagaluru,B0147 chikmagalur,C2274 karthikere,204,64.95,23.32,30.0,90.0,4.81
Chikkamagaluru,B0147 chikmagalur,C2367 machagondanahalli,320,44.48,27.52,10.0,80.5,-0.23
Chikkamagaluru,B0147 chikmagalur,C2396 mallandur,187,47.67,28.07,8.0,82.0,3.49
Chikkamagaluru,B0147 chikmagalur,C2398 mallenahalli,577,42.7,26.28,10.0,80.0,3.04
Chikkamagaluru,B0147 chikmagalur,C2412 marle,214,44.63,24.09,10.0,75.0,9.23
Chikkamagaluru,B0147 chikmagalur,C2448 mugthihalli - 01,295,80.8,19.59,50.0,100.0,2.02
Chikkamagaluru,B0147 chikmagalur,C2449 mugthihalli - 02,94,68.3,22.21,40.0,95.0,-10.37
Chikkamagaluru,B0147 chikmagalur,C2463 mylimane,214,71.57,25.62,35.0,100.0,-1.85
Chikkamagaluru,B0147 chikmagalur,C2568 s m pet,216,49.26,27.41,15.0,85.0,11.88
Chikkamagaluru,B0147 chikmagalur,C2630 siravase,87,53.91,24.43,25.0,87.0,-10.35
Chikkamagaluru,B0147 chikmagalur,C2705 uddebhoranahalli,241,57.26,25.68,20.0,90.0,2.66
Chikkamagaluru,B0147 chikmagalur,C2742 vasthare,248,57.44,26.69,20.0,90.0,-2.06
Chikkamagaluru,B0147 chikmagalur,C2943 urdu ckm,228,53.03,31.29,10.0,95.0,9.19
Chikkamagaluru,B0152 kadur,C1790 anegere,299,55.62,26.51,20.0,90.0,3.29
Chikkamagaluru,B0152 kadur,C1798 annigere(9 cross),203,62.44,25.76,25.0,95.0,4.52
Chikkamagaluru,B0152 kadur,C1801 antharaghatte,333,41.65,25.4,10.0,75.0,-1.79
Chikkamagaluru,B0152 kadur,C1896 biluvala,508,51.87,26.24,15.0,85.0,7.41
Chikkamagaluru,B0152 kadur,C1899 bisalere,425,65.6,24.65,30.0,95.0,4.43
Chikkamagaluru,B0152 kadur,C1962 chowlahiriyar,412,82.05,18.62,55.0,100.0,7.01
Chikkamagaluru,B0152 kadur,C2018 g. yaradakere,276,58.46,27.94,17.5,90.0,0.92
Chikkamagaluru,B0152 kadur,C2135 hirenellur,443,54.06,28.44,15.0,90.0,-6.24
Chikkamagaluru,B0152 kadur,C2142 hochihalli,368,59.66,29.25,18.5,95.0,11.82
Chikkamagaluru,B0152 kadur,C2225 kadur rural,202,55.59,24.52,20.5,90.0,-2.8
Chikkamagaluru,B0152 kadur,C2226 kadur west,25,54.8,24.81,20.0,83.0,-2.0
Chikkamagaluru,B0152 kadur,C2292 keresanthe,359,58.77,27.51,20.0,91.0,3.45
Chikkamagaluru,B0152 kadur,C2418 mattigatta,245,48.71,27.47,10.0,85.0,-1.03
Chikkamagaluru,B0152 kadur,C2508 neralekere,102,46.03,27.37,10.0,85.0,4.98
Chikkamagaluru,B0152 kadur,C2531 panchanahalli,428,60.19,27.14,20.0,95.0,-1.72
Chikkamagaluru,B0152 kadur,C2629 singatagere,338,65.89,28.21,25.0,100.0,10.55
Chikkamagaluru,B0152 kadur,C2719 urdu kadur,100,62.1,27.56,20.0,90.0,10.38
Chikkamagaluru,B0152 kadur,C2749 y mallapura,256,59.92,26.45,17.5,95.0,1.11
Chikkamagaluru,B0152 kadur,C2755 yagati,325,52.23,27.9,10.0,90.0,3.26
Chikkamagaluru,B0152 kadur,C2762 yallamabalase,130,51.54,28.41,10.0,90.0,-0.96
Chikkamagaluru,B0154 koppa,C0614 hariharapura,193,78.08,18.72,55.0,100.0,3.11
Chikkamagaluru,B0154 koppa,C0645 herur,290,67.12,25.47,25.0,95.0,-1.93
Chikkamagaluru,B0154 koppa,C1763 agalagandi,195,78.0,20.36,55.0,100.0,2.96
Chikkamagaluru,B0154 koppa,C1834 balagady,344,63.42,25.17,30.0,95.0,3.55
Chikkamagaluru,B0154 koppa,C2204 jayapura,272,62.24,26.22,25.0,95.0,4.24
Chikkamagaluru,B0154 koppa,C2245 kammaradi,324,77.56,20.38,50.0,100.0,-0.13
Chikkamagaluru,B0154 koppa,C2316 koppa gramantara,171,75.94,22.98,45.0,100.0,6.26
Chikkamagaluru,B0154 koppa,C2317 koppa pattana,96,65.05,27.66,20.0,95.0,3.02
Chikkamagaluru,B0154 koppa,C2496 narve,152,74.54,19.47,50.0,95.0,4.14
Chikkamagaluru,B0154 koppa,C2519 niluvagilu,148,75.74,21.3,55.0,100.0,-3.84
Chikkamagaluru,B0154 koppa,C2600 shantigram,252,65.28,23.36,30.0,95.0,2.35
Chikkamagaluru,B0160 moodigere,C1212 mudigere,255,64.22,21.64,35.0,90.0,8.36
Chikkamagaluru,B0160 moodigere,C1851 bankal,306,47.63,24.0,15.0,80.0,2.39
Chikkamagaluru,B0160 moodigere,C1880 bettadamane,131,51.45,24.58,15.0,85.0,8.3
Chikkamagaluru,B0160 moodigere,C1895 billuru,175,46.63,23.4,15.0,80.0,-1.19
Chikkamagaluru,B0160 moodigere,C1957 chinniga,261,50.27,25.42,10.0,85.0,0.62
Chikkamagaluru,B0160 moodigere,C2039 gonibeedu,327,50.02,24.65,18.0,85.0,4.59
Chikkamagaluru,B0160 moodigere,C2043 gowdahalli,67,59.48,23.71,25.0,90.0,-7.0
Chikkamagaluru,B0160 moodigere,C2079 halike,138,60.36,25.76,25.0,95.0,-3.62
Chikkamagaluru,B0160 moodigere,C2116 hesgal,271,61.31,20.72,35.0,90.0,4.78
Chikkamagaluru,B0160 moodigere,C2127 hirebylu,196,53.67,27.04,12.5,85.0,0.94
Chikkamagaluru,B0160 moodigere,C2202 javali,210,54.21,23.78,20.0,85.0,7.45
Chikkamagaluru,B0160 moodigere,C2237 kalasa,269,70.15,20.6,40.0,95.0,1.73
Chikkamagaluru,B0160 moodigere,C2391 makonahalli,195,56.77,23.18,27.0,90.0,-1.66
Chikkamagaluru,B0160 moodigere,C2516 niduvale,342,49.63,26.24,15.0,85.0,1.74
Chikkamagaluru,B0160 moodigere,C2539 phalguni,192,53.07,26.9,15.0,90.0,-3.17
Chikkamagaluru,B0160 moodigere,C2578 samse,234,52.76,24.33,20.0,85.0,4.56
Chikkamagaluru,B0163 narasimharajapura,C1836 balehonnur,472,63.04,22.44,35.0,95.0,4.86
Chikkamagaluru,B0163 narasimharajapura,C2020 gadigeshwara,223,61.41,26.28,20.0,95.0,2.39
Chikkamagaluru,B0163 narasimharajapura,C2270 karkeshwara,151,65.79,26.34,25.0,95.0,9.79
Chikkamagaluru,B0163 narasimharajapura,C2436 moodabagilu,228,66.16,23.58,30.0,95.0,1.62
Chikkamagaluru,B0163 narasimharajapura,C2459 muthina koppa,348,52.46,24.53,18.5,85.0,2.27
Chikkamagaluru,B0163 narasimharajapura,C2464 n r pura rural,43,89.19,16.94,81.0,100.0,-3.31
Chikkamagaluru,B0163 narasimharajapura,C2465 n r pura,194,68.56,23.65,31.5,95.0,2.46
Chikkamagaluru,B0163 narasimharajapura,C2580 sankadakuni,132,72.01,18.44,45.0,95.0,5.47
Chikkamagaluru,B0163 narasimharajapura,C2602 shettikoppa,142,50.77,26.44,15.0,85.0,-3.64
Chikkamagaluru,B0165 sringeri,C2296 kigga,135,72.41,22.43,40.0,95.0,3.66
Chikkamagaluru,B0165 sringeri,C2429 menase,185,59.19,28.72,15.0,95.0,5.29
Chikkamagaluru,B0165 sringeri,C2482 nallur,233,56.59,26.25,20.0,90.0,12.45
Chikkamagaluru,B0165 sringeri,C2506 nemmaru,75,63.87,25.18,30.0,95.0,1.32
Chikkamagaluru,B0165 sringeri,C2641 sringeri pattana,94,63.62,24.29,31.5,95.0,5.87
Chikkamagaluru,B0165 sringeri,C2744 vidyanagara,113,61.68,22.25,30.0,90.0,2.99
Chikkamagaluru,B0166 tarikere,C1770 ajjampura,67,81.49,14.28,60.0,100.0,2.56
Chikkamagaluru,B0166 tarikere,C1861 bavikere,303,46.75,26.28,15.0,85.0,1.13
Chikkamagaluru,B0166 tarikere,C1869 belenahalli,335,66.84,19.57,40.0,90.0,1.7
Chikkamagaluru,B0166 tarikere,C1879 bettadahalli,223,57.4,24.56,25.0,90.0,5.29
Chikkamagaluru,B0166 tarikere,C1908 bukkambudi,353,56.94,28.68,15.0,95.0,5.43
Chikkamagaluru,B0166 tarikere,C2021 gadihalli,218,67.32,24.7,30.0,95.0,10.01
Chikkamagaluru,B0166 tarikere,C2069 hadikere,169,49.44,26.18,15.0,85.0,3.07
Chikkamagaluru,B0166 tarikere,C2241 kallenahalli,128,49.38,24.08,18.5,81.5,7.79
Chikkamagaluru,B0166 tarikere,C2271 karkuchi,330,63.3,22.85,30.0,90.0,3.1
Chikkamagaluru,B0166 tarikere,C2275 kasaba rural,140,75.57,19.33,45.0,95.0,1.45
Chikkamagaluru,B0166 tarikere,C2333 kudlur,326,59.22,27.6,15.0,90.0,-4.72
Chikkamagaluru,B0166 tarikere,C2356 lakkavalli,345,66.96,25.33,30.0,95.0,5.82
Chikkamagaluru,B0166 tarikere,C2445 mudugodu,252,58.87,24.9,25.0,90.0,1.12
Chikkamagaluru,B0166 tarikere,C2508 neralekere,341,60.23,25.48,25.0,90.0,2.22
Chikkamagaluru,B0166 tarikere,C2617 shivani,317,65.73,24.01,30.0,92.0,-0.2
Chikkamagaluru,B0166 tarikere,C2621 shokke,192,65.34,24.04,30.0,95.0,12.27
Chikkamagaluru,B0166 tarikere,C2631 sollapura,198,83.06,13.95,65.0,100.0,1.87
Chitradurga,B0026 challakere,C0004 abbenahalli,524,40.09,29.45,1.5,85.0,1.71
Chitradurga,B0026 challakere,C0114 b.n.pura,575,42.57,30.19,5.0,85.0,5.65
Chitradurga,B0026 challakere,C0156 banjigere,1023,34.12,27.48,0.0,75.0,-1.34
Chitradurga,B0026 challakere,C0387 devamarikunte,599,39.77,27.39,5.0,80.0,6.82
Chitradurga,B0026 challakere,C0398 devareddihalli,835,27.99,24.79,0.0,65.0,5.51
Chitradurga,B0026 challakere,C0423 doddachellur,571,47.85,28.38,5.0,85.0,1.87
Chitradurga,B0026 challakere,C0436 dodderi,891,34.25,25.66,5.0,70.0,8.74
Chitradurga,B0026 challakere,C0437 doddullarthy,1428,33.59,27.01,0.0,75.0,6.53
Chitradurga,B0026 challakere,C0497 ghataparthy,681,30.32,27.12,0.0,75.0,2.93
Chitradurga,B0026 challakere,C0512 gopanahalli,735,41.1,26.32,5.0,80.0,-3.33
Chitradurga,B0026 challakere,C0518 gourasamudra,902,29.21,25.16,0.0,70.0,-1.27
Chitradurga,B0026 challakere,C0656 hirehalli,671,30.63,25.07,0.0,65.0,6.2
Chitradurga,B0026 challakere,C0770 jajuru,1453,35.51,28.44,0.0,80.0,6.39
Chitradurga,B0026 challakere,C1117 mallurahalli,833,35.73,28.79,0.0,80.0,2.35
Chitradurga,B0026 challakere,C1177 meerasabeehalli,923,34.54,27.68,0.0,75.0,3.88
Chitradurga,B0026 challakere,C1245 n mahadevapura,1051,40.8,27.17,5.0,80.0,7.33
Chitradurga,B0026 challakere,C1279 nannivala,373,40.6,29.04,5.0,80.0,-2.49
Chitradurga,B0026 challakere,C1292 nayakanahatti,757,29.45,27.61,0.0,75.0,3.86
Chitradurga,B0026 challakere,C1295 neelagethanahatti,601,24.02,21.48,0.0,60.0,-1.17
Chitradurga,B0026 challakere,C1307 neralagunte,434,33.27,27.52,0.0,75.0,4.96
Chitradurga,B0026 challakere,C1332 p.mahadevapura,541,44.26,28.31,5.0,85.0,8.57
Chitradurga,B0026 challakere,C1337 pagadalabande,670,43.19,31.14,0.0,85.0,3.75
Chitradurga,B0026 challakere,C1349 parashurampura,1168,39.28,28.61,5.0,85.0,2.81
Chitradurga,B0026 challakere,C1388 ramajogihalli,643,58.27,29.6,15.0,95.0,-0.78
Chitradurga,B0026 challakere,C1405 renukapura,470,41.63,29.49,5.0,85.0,0.29
Chitradurga,B0026 challakere,C1443 sanikere,1019,43.91,28.95,5.0,85.0,0.6
Chitradurga,B0026 challakere,C1553 t n kote,481,50.14,28.32,10.0,90.0,7.75
Chitradurga,B0026 challakere,C1567 talaku,615,44.09,29.36,5.0,85.0,5.6
Chitradurga,B0035 chitradurga,C0188 belagatta,1130,39.86,26.97,5.0,80.0,6.13
Chitradurga,B0035 chitradurga,C0226 bharamasagara,920,38.63,28.12,5.0,80.0,3.13
Chitradurga,B0035 chitradurga,C0233 bheemasamudra,480,51.55,29.5,10.0,90.0,4.4
Chitradurga,B0035 chitradurga,C0326 chikkabennuru,709,42.75,29.37,5.0,85.0,11.23
Chitradurga,B0035 chitradurga,C0331 chikkagondanahalli,1068,51.39,27.46,10.0,90.0,5.4
Chitradurga,B0035 chitradurga,C0370 d.s.halli,479,37.11,26.71,5.0,80.0,3.28
Chitradurga,B0035 chitradurga,C0431 doddalaghatta,707,44.47,27.46,5.0,80.0,-1.89
Chitradurga,B0035 chitradurga,C0459 esamudra,1159,40.04,27.26,5.0,80.0,3.55
Chitradurga,B0035 chitradurga,C0505 godabanahal,996,45.27,28.29,5.0,85.0,3.14
Chitradurga,B0035 chitradurga,C0511 gonuru,887,47.51,28.74,5.0,85.0,6.27
Chitradurga,B0035 chitradurga,C0654 hireguntanuru,615,35.1,25.11,5.0,70.0,4.1
Chitradurga,B0035 chitradurga,C0727 hulluru,337,49.15,23.96,15.0,85.0,7.06
Chitradurga,B0035 chitradurga,C0748 ingaladal,422,41.93,27.21,5.0,80.0,1.96
Chitradurga,B0035 chitradurga,C0759 iyyanahalli kurubarahatti,337,36.45,26.16,0.0,75.0,-1.65
Chitradurga,B0035 chitradurga,C0761 j n kote,626,46.53,27.05,10.0,85.0,3.03
Chitradurga,B0035 chitradurga,C0784 janakonda,417,34.26,25.19,5.0,70.0,8.84
Chitradurga,B0035 chitradurga,C0853 kallahalli,546,43.11,26.99,5.0,80.0,6.8
Chitradurga,B0035 chitradurga,C0959 kogunde,523,37.95,27.38,5.0,80.0,5.78
Chitradurga,B0035 chitradurga,C0964 kolahal,785,31.46,26.45,0.0,70.0,0.84
Chitradurga,B0035 chitradurga,C1026 kunabevu,949,45.03,26.87,10.0,85.0,0.58
Chitradurga,B0035 chitradurga,C1055 lakshmisagara,490,52.77,26.75,15.0,85.0,5.18
Chitradurga,B0035 chitradurga,C1073 m.k.hatti,626,46.57,27.8,10.0,85.0,5.82
Chitradurga,B0035 chitradurga,C1079 madakaripura,366,49.06,28.73,7.5,85.0,-5.27
Chitradurga,B0035 chitradurga,C1205 muddapura,757,37.55,27.35,5.0,80.0,6.15
Chitradurga,B0035 chitradurga,C1502 siddapura,474,36.78,26.96,5.0,75.0,8.52
Chitradurga,B0035 chitradurga,C1508 sirigere,114,48.9,29.56,6.5,90.0,1.52
Chitradurga,B0035 chitradurga,C1626 turuvanur,170,42.79,29.68,5.0,85.0,11.99
Chitradurga,B0035 chitradurga,C1674 urdu-1,189,39.87,25.93,10.0,80.0,6.09
Chitradurga,B0035 chitradurga,C1721 yalagodu,557,30.83,24.65,5.0,70.0,4.08
Chitradurga,B0035 chitradurga,C1958 chitradurga north,273,50.15,26.53,15.0,85.0,4.91
Chitradurga,B0035 chitradurga,C1959 chitradurga-west,222,39.32,27.66,5.0,80.0,1.37
Chitradurga,B0059 hiriyur,C0006 abbinahole,993,50.82,29.17,10.0,90.0,-0.89
Chitradurga,B0059 hiriyur,C0017 adivala,1848,46.59,28.54,8.5,85.0,3.32
Chitradurga,B0059 hiriyur,C0024 aimangala,549,39.05,27.95,5.0,80.0,2.98
Chitradurga,B0059 hiriyur,C0084 aranakatte,417,52.76,28.32,10.0,90.0,6.41
Chitradurga,B0059 hiriyur,C0109 b roppa,653,50.46,25.14,15.0,85.0,3.32
Chitradurga,B0059 hiriyur,C0115 babbur,1279,47.82,28.2,10.0,85.0,3.09
Chitradurga,B0059 hiriyur,C0183 beerenahalli,267,50.24,26.61,10.0,85.0,3.32
Chitradurga,B0059 hiriyur,C0410 dharmapura,652,50.83,29.01,10.0,90.0,5.33
Chitradurga,B0059 hiriyur,C0414 dindavara,759,41.92,31.64,0.0,90.0,1.25
Chitradurga,B0059 hiriyur,C0460 eshwaragere,298,52.28,28.7,10.0,90.0,4.96
Chitradurga,B0059 hiriyur,C0523 gowdanahalli,366,47.45,26.42,10.0,85.0,-3.64
Chitradurga,B0059 hiriyur,C0563 hal madenahally,563,41.07,29.39,5.0,85.0,5.28
Chitradurga,B0059 hiriyur,C0616 hariyebbe,934,43.66,30.02,5.0,90.0,1.83
Chitradurga,B0059 hiriyur,C0620 harthikote,627,55.18,28.81,15.0,90.0,2.29
Chitradurga,B0059 hiriyur,C0716 hulagalakunte,197,49.95,26.11,10.0,85.0,7.43
Chitradurga,B0059 hiriyur,C0764 j.g.halli,216,54.38,28.32,10.0,90.0,2.82
Chitradurga,B0059 hiriyur,C0937 khandenahalli,239,55.4,27.54,14.0,90.0,7.47
Chitradurga,B0059 hiriyur,C0950 kodihalli,489,46.43,27.93,10.0,85.0,6.96
Chitradurga,B0059 hiriyur,C1157 maskalmatti,802,42.59,28.4,5.0,85.0,3.37
Chitradurga,B0059 hiriyur,C1660 urdu east,208,49.4,29.7,5.0,90.0,-0.81
Chitradurga,B0059 hiriyur,C1680 v.v.pura,583,44.54,26.56,10.0,85.0,-0.62
Chitradurga,B0059 hiriyur,C1725 yalladakere,243,46.65,32.76,1.0,90.0,0.6
Chitradurga,B0059 hiriyur,C1730 yaraballi,690,55.35,27.32,15.0,90.0,-0.32
Chitradurga,B0059 hiriyur,C2543 ragenahalli,267,48.01,26.62,10.0,85.0,10.66
Chitradurga,B0060 holalkere,C0011 adanuru,475,53.88,29.23,12.0,95.0,-4.39
Chitradurga,B0060 holalkere,C0060 andanuru,348,41.14,29.12,0.0,80.0,7.04
Chitradurga,B0060 holalkere,C0111 b.durga,692,43.87,29.46,5.0,85.0,3.94
Chitradurga,B0060 holalkere,C0241 bidarakere,303,53.84,28.8,10.0,90.0,4.52
Chitradurga,B0060 holalkere,C0333 chikkajajuru,894,52.45,30.07,5.0,90.0,2.57
Chitradurga,B0060 holalkere,C0341 chikkayammiganuru,289,46.44,29.64,5.0,85.0,-1.41
Chitradurga,B0060 holalkere,C0454 echagatta,638,42.13,27.28,5.0,81.5,4.24
Chitradurga,B0060 holalkere,C0544 gunderi,555,49.2,26.38,10.0,85.0,7.92
Chitradurga,B0060 holalkere,C0553 h.d.pura,577,49.05,28.75,10.0,90.0,5.42
Chitradurga,B0060 holalkere,C0678 holalkere urdu,168,53.21,28.74,10.0,90.0,13.77
Chitradurga,B0060 holalkere,C0679 holalkere,183,57.57,27.19,15.0,90.0,1.28
Chitradurga,B0060 holalkere,C1110 malladihalli,815,46.74,28.96,5.0,85.0,7.23
Chitradurga,B0060 holalkere,C1239 muthugaduru,400,45.8,24.47,10.0,80.0,3.61
Chitradurga,B0060 holalkere,C1246 n.g.halli,311,52.6,25.51,15.0,85.0,0.6
Chitradurga,B0060 holalkere,C1387 ramagiri,637,51.02,30.19,10.0,90.0,5.8
Chitradurga,B0060 holalkere,C1493 shivaganga,242,46.57,25.35,15.0,80.0,11.72
Chitradurga,B0060 holalkere,C1496 shivapura,124,47.38,29.89,5.0,85.0,3.55
Chitradurga,B0060 holalkere,C1571 talikatte,895,52.23,28.82,10.0,90.0,6.38
Chitradurga,B0060 holalkere,C1573 talya,356,46.15,27.86,10.0,85.0,6.43
Chitradurga,B0060 holalkere,C1597 thekalavatti,455,48.27,27.66,10.0,85.0,2.81
Chitradurga,B0060 holalkere,C1644 upparigenahalli,294,49.52,26.66,15.0,90.0,7.29
Chitradurga,B0063 hosadurga,C0101 attimage bhovihatti,460,52.34,29.3,10.0,90.0,-1.4
Chitradurga,B0063 hosadurga,C0129 baguru,598,53.48,27.21,15.0,90.0,7.71
Chitradurga,B0063 hosadurga,C0191 belaguru,411,54.88,30.0,5.0,90.0,9.38
Chitradurga,B0063 hosadurga,C0390 devapura,496,40.74,30.19,0.0,85.0,3.01
Chitradurga,B0063 hosadurga,C0404 devigere,666,44.83,28.58,5.0,85.0,10.86
Chitradurga,B0063 hosadurga,C0426 doddaghatta,542,48.8,26.56,10.0,85.0,1.47
Chitradurga,B0063 hosadurga,C0434 doddathekalavatti,1035,51.33,28.27,10.0,88.0,2.75
Chitradurga,B0063 hosadurga,C0493 garaga,507,54.1,28.43,13.0,90.0,-0.77
Chitradurga,B0063 hosadurga,C0494 gavirangapura,653,59.34,25.6,20.0,90.0,3.87
Chitradurga,B0063 hosadurga,C0528 guddadaneralakere,808,50.79,27.05,10.0,85.0,-1.1
Chitradurga,B0063 hosadurga,C0706 hosdurga town,102,57.11,27.97,15.5,90.0,-1.6
Chitradurga,B0063 hosadurga,C0732 hunavinadu,536,50.27,27.64,15.0,90.0,1.82
Chitradurga,B0063 hosadurga,C0783 janakal,689,52.38,24.83,15.0,85.0,3.64
Chitradurga,B0063 hosadurga,C0850 kalkere,411,51.28,30.51,5.0,90.0,0.15
Chitradurga,B0063 hosadurga,C0883 kanchipura,471,50.94,30.15,5.0,85.0,10.24
Chitradurga,B0063 hosadurga,C0920 kellodu,503,47.38,28.75,5.0,85.0,9.85
Chitradurga,B0063 hosadurga,C1072 m.g.dibba,613,56.41,28.73,15.0,90.0,9.1
Chitradurga,B0063 hosadurga,C1078 madadakere,790,40.51,29.04,5.0,80.0,-0.66
Chitradurga,B0063 hosadurga,C1100 malali,462,55.54,28.02,15.0,90.0,5.98
Chitradurga,B0063 hosadurga,C1111 mallappanahalli,428,62.48,27.74,20.0,95.0,9.81
Chitradurga,B0063 hosadurga,C1166 mattodu,405,44.19,30.93,0.0,85.0,0.04
Chitradurga,B0063 hosadurga,C1421 s.neralakere,322,63.12,27.1,20.5,95.0,5.27
Chitradurga,B0063 hosadurga,C1440 sanehalli,120,56.67,29.03,10.0,95.0,3.07
Chitradurga,B0063 hosadurga,C1481 sheeranakatte,619,36.78,27.06,5.0,80.0,7.46
Chitradurga,B0063 hosadurga,C1534 srirampura,340,49.79,30.47,5.0,90.0,2.37
Chitradurga,B0097 molakalmur,C0112 b.g.kere,1254,28.12,25.03,0.0,65.0,3.56
Chitradurga,B0097 molakalmur,C0400 devasamudra,1719,31.67,25.91,0.0,70.0,2.92
Chitradurga,B0097 molakalmur,C0592 hanagal,1628,24.07,25.13,0.0,65.0,0.23
Chitradurga,B0097 molakalmur,C0763 j.b.halli,899,32.04,26.35,0.0,70.0,-3.66
Chitradurga,B0097 molakalmur,C0979 konasagara,2039,40.54,28.94,5.0,85.0,-1.76
Chitradurga,B0097 molakalmur,C1192 molakalmur east,266,27.37,25.92,0.0,65.0,2.66
Chitradurga,B0097 molakalmur,C1258 nagasamudra,836,21.93,25.24,0.0,60.0,6.24
Chitradurga,B0097 molakalmur,C1502 siddapura,284,30.02,26.66,0.0,70.0,-3.56
Chitradurga,B0097 molakalmur,C1574 tammenahalli,1203,25.2,25.02,0.0,65.0,-2.07
Chitradurga,B0097 molakalmur,C1902 block urdu,636,27.17,25.32,0.0,67.5,4.71
Dakshina Kannada,B0095 mangaluru south,C0121 badriya nagara,142,71.69,24.78,30.0,95.0,9.24
Dakshina Kannada,B0095 mangaluru south,C0131 bajal nanthoor,22,68.41,24.76,45.0,99.5,5.77
Dakshina Kannada,B0095 mangaluru south,C0383 deralakatte,226,74.0,23.08,35.0,95.0,-1.41
Dakshina Kannada,B0095 mangaluru south,C0489 ganjimatta,164,68.84,22.99,35.0,95.0,8.93
Dakshina Kannada,B0095 mangaluru south,C0893 kannori,216,74.24,20.95,45.0,95.0,8.43
Dakshina Kannada,B0095 mangaluru south,C0942 kinnikambla,117,72.91,20.5,45.0,95.0,-2.01
Dakshina Kannada,B0095 mangaluru south,C0975 konajepadav,280,72.41,21.68,40.0,95.0,5.03
Dakshina Kannada,B0095 mangaluru south,C1229 munnur,253,74.25,22.34,45.0,95.0,6.1
Dakshina Kannada,B0095 mangaluru south,C1569 talapadi,165,73.0,22.82,37.0,100.0,3.1
Dakshina Kannada,B0095 mangaluru south,C1606 thiruvail,38,78.42,16.69,57.0,96.5,5.97
Davanagere,B0028 channagiri,C0027 ajjihalli,399,49.97,27.58,15.0,90.0,8.82
Davanagere,B0028 channagiri,C0175 basavapatna,445,70.22,24.61,35.0,95.0,3.58
Davanagere,B0028 channagiri,C0299 channagiri,138,51.56,26.89,15.0,85.0,12.49
Davanagere,B0028 channagiri,C0304 channeshapura,390,54.63,27.17,15.0,90.0,4.93
Davanagere,B0028 channagiri,C0330 chikkaganguru,328,48.58,29.74,5.0,85.0,4.56
Davanagere,B0028 channagiri,C0357 chiradoni,472,66.42,24.33,35.0,95.0,2.05
Davanagere,B0028 channagiri,C0396 devarahalli,331,46.81,26.95,10.0,80.0,-0.45
Davanagere,B0028 channagiri,C0632 hebbalagere,575,51.94,29.59,10.0,90.0,10.5
Davanagere,B0028 channagiri,C0649 hire kogaluru,346,54.91,27.21,15.0,90.0,8.93
Davanagere,B0028 channagiri,C0781 jammapura,375,43.97,29.4,5.0,85.0,-5.76
Davanagere,B0028 channagiri,C0833 kagathuru,398,40.69,24.47,10.0,75.0,2.11
Davanagere,B0028 channagiri,C0838 kakanur,221,55.9,25.71,20.0,90.0,-1.15
Davanagere,B0028 channagiri,C0904 karekatte,441,42.6,28.52,5.0,85.0,1.41
Davanagere,B0028 channagiri,C0912 kathalagere,536,44.81,30.66,5.0,85.0,13.21
Davanagere,B0028 channagiri,C0927 kerebilachi,477,60.3,25.31,20.0,90.0,10.15
Davanagere,B0028 channagiri,C1058 lingadahalli,286,44.07,31.14,5.0,90.0,11.73
Davanagere,B0028 channagiri,C1268 nalluru,257,60.68,26.59,18.0,90.0,2.93
Davanagere,B0028 channagiri,C1347 pandomati,516,53.32,29.73,10.0,90.0,4.79
Davanagere,B0028 channagiri,C1380 rajagondanahalli,335,53.87,26.07,15.0,85.0,5.93
Davanagere,B0028 channagiri,C1449 santhebennuru-1,536,56.47,27.44,15.0,90.0,8.09
Davanagere,B0028 channagiri,C1450 santhebennuru-2,362,51.96,26.98,10.0,85.0,4.92
Davanagere,B0028 channagiri,C1595 thavarekere,342,42.27,28.05,5.0,84.5,1.6
Davanagere,B0028 channagiri,C1615 thyavanige,428,63.12,27.13,20.0,95.0,-0.49
Davanagere,B0037 davanagere(n),C0057 anaji,568,47.82,28.76,10.0,90.0,8.18
Davanagere,B0037 davanagere(n),C0457 elebethur,715,47.31,25.77,12.0,80.0,7.62
Davanagere,B0037 davanagere(n),C0886 kandanakovi,311,55.47,25.35,20.0,90.0,9.17
Davanagere,B0037 davanagere(n),C1732 yaragunte,234,55.88,24.86,20.0,85.0,4.54
Davanagere,B0037 davanagere(n),C1785 anagodu,665,51.13,25.79,10.0,85.0,3.98
Davanagere,B0037 davanagere(n),C1940 chikkabudihal,1089,40.92,27.58,5.0,80.0,2.42
Davanagere,B0037 davanagere(n),C2046 gudalu,405,44.28,27.48,10.0,83.0,1.46
Davanagere,B0037 davanagere(n),C2718 urdu k.r market,466,56.2,21.88,30.0,85.0,6.45
Davanagere,B0038 davanagere(s),C0556 hadadi,834,57.06,27.62,15.0,90.0,8.62
Davanagere,B0038 davanagere(s),C1095 mahadevipura,271,59.26,24.51,25.0,90.0,5.14
Davanagere,B0038 davanagere(s),C1829 bada,513,53.16,28.08,10.0,90.0,-0.26
Davanagere,B0038 davanagere(s),C2253 kandagallu,266,64.21,23.61,35.0,95.0,3.63
Davanagere,B0038 davanagere(s),C2302 kodaganur,216,58.47,26.05,20.0,90.0,11.64
Davanagere,B0038 davanagere(s),C2362 lokikere,483,49.9,28.11,10.0,90.0,5.54
Davanagere,B0038 davanagere(s),C2685 tholahunse,362,40.76,26.63,5.0,80.0,2.24
Davanagere,B0038 davanagere(s),C2891 mayakonda,193,46.14,30.97,5.0,94.0,-2.36
Davanagere,B0038 davanagere(s),C2929 shiramagondana halli,284,82.06,14.59,60.0,100.0,-0.33
Davanagere,B0056 harihara,C0159 bannikodu,760,45.38,29.19,5.0,85.0,7.84
Davanagere,B0056 harihara,C0163 banuvalli,1143,50.99,27.51,10.0,85.0,4.98
Davanagere,B0056 harihara,C0201 belludi,858,62.62,25.08,25.0,95.0,5.08
Davanagere,B0056 harihara,C0392 devara belakere,768,49.32,26.85,10.0,80.0,-0.37
Davanagere,B0056 harihara,C0684 holesirigere,689,50.62,26.14,15.0,85.0,2.79
Davanagere,B0056 harihara,C0962 kokkanuru,1038,75.91,20.29,45.0,100.0,3.08
Davanagere,B0056 harihara,C1025 kumbaluru,391,52.71,25.15,20.0,90.0,5.65
Davanagere,B0056 harihara,C2338 kunduru,74,49.39,32.36,5.0,93.5,5.21
Davanagere,B0056 harihara,C2830 guththuru,353,33.74,24.54,5.0,70.0,1.96
Davanagere,B0056 harihara,C2884 malebennuru,178,48.15,28.43,10.0,85.0,14.07
Davanagere,B0056 harihara,C2919 rajanahalli,165,44.82,24.76,15.0,78.0,6.6
Davanagere,B0062 honnali,C0080 arakere,470,37.51,27.07,5.0,75.0,2.78
Davanagere,B0062 honnali,C0192 belaguthi,502,60.13,27.16,20.0,90.0,4.2
Davanagere,B0062 honnali,C0206 benakanahalli,609,42.55,28.68,5.0,85.0,7.0
Davanagere,B0062 honnali,C0345 chiluru,471,42.54,30.02,5.0,85.0,3.08
Davanagere,B0062 honnali,C0520 govinakovi,703,51.53,28.57,10.0,90.0,9.07
Davanagere,B0062 honnali,C0554 h.gopagondanahalli,438,54.68,28.01,15.0,90.0,7.45
Davanagere,B0062 honnali,C0909 kasaba-ii,268,50.56,28.8,10.0,90.0,1.21
Davanagere,B0062 honnali,C1060 lingapura,464,43.62,26.28,10.0,80.0,5.87
Davanagere,B0062 honnali,C1324 nyamathi,351,56.7,28.82,15.0,95.0,9.84
Davanagere,B0062 honnali,C1327 odeyarahathuru,291,43.23,26.88,5.0,80.0,8.45
Davanagere,B0062 honnali,C1458 sasvehalli,359,47.19,27.79,10.0,85.0,5.15
Davanagere,B0062 honnali,C1465 savalanga,662,57.82,22.89,30.0,90.0,0.45
Davanagere,B0062 honnali,C1548 surahonne,1024,45.31,27.12,10.0,85.0,3.11
Davanagere,B0062 honnali,C1575 taraganahalli,321,55.86,25.9,20.0,90.0,4.5
Davanagere,B0062 honnali,C1718 yakkanahalli,397,46.05,26.85,10.0,85.0,0.03
Davanagere,B0062 honnali,C1999 doddagarudanahalli,126,58.53,27.91,15.0,90.0,6.98
Davanagere,B0062 honnali,C2338 kunduru,290,38.86,27.05,5.0,75.0,13.03
Davanagere,B0062 honnali,C2871 kasaba-i,76,48.88,30.67,2.5,87.5,-0.97
Davanagere,B0071 jagalur,C0241 bidarakere,905,34.13,26.21,0.0,70.0,9.56
Davanagere,B0071 jagalur,C0251 bilichodu,789,44.4,28.17,10.0,85.0,4.03
Davanagere,B0071 jagalur,C0406 devikere,731,33.07,27.77,0.0,75.0,-1.88
Davanagere,B0071 jagalur,C0549 guthidurga,530,42.32,29.12,5.0,85.0,3.05
Davanagere,B0071 jagalur,C0604 hanumanthapura,312,32.44,23.46,5.0,70.0,6.47
Davanagere,B0071 jagalur,C0704 hosakere,496,33.2,27.4,0.0,75.0,-1.35
Davanagere,B0071 jagalur,C1236 musturu,651,43.75,27.58,5.0,80.0,2.55
Davanagere,B0071 jagalur,C1518 sokke,858,38.93,27.96,5.0,80.0,0.96
Davanagere,B0071 jagalur,C2010 donnehalli,375,38.37,25.8,5.0,75.0,2.87
Davanagere,B0071 jagalur,C2162 huchangipura,502,52.22,27.68,15.0,85.0,5.27
Davanagere,B0071 jagalur,C2530 pallagatte,458,42.47,23.91,10.0,75.0,0.99
Davanagere,B0071 jagalur,C2775 anabooru,243,29.59,25.98,0.0,69.0,4.82
Davanagere,B0071 jagalur,C2848 hiremallanahole,233,35.71,28.52,0.0,75.0,-0.58
Davanagere,B0071 jagalur,C2873 kechenahalli,205,22.07,21.28,0.0,55.0,1.24
Dharwad,B0041 dharwad,C0039 alnavar,1025,67.49,27.96,22.0,100.0,1.46
Dharwad,B0041 dharwad,C0049 aminabhavi,2622,63.87,27.61,20.5,95.0,1.44
Dharwad,B0041 dharwad,C0492 garag,1134,58.71,26.89,15.0,90.0,3.8
Dharwad,B0041 dharwad,C0634 hebballi,1397,73.08,21.2,45.0,100.0,-3.62
Dharwad,B0041 dharwad,C0691 honnapur,1008,71.03,24.18,33.5,95.0,0.86
Dharwad,B0041 dharwad,C1120 managundi,1914,73.69,22.01,40.0,95.0,3.74
Dharwad,B0041 dharwad,C1217 mugad,1470,75.22,20.8,45.0,100.0,3.7
Dharwad,B0041 dharwad,C1223 mummigatti,1879,64.75,24.25,30.0,95.0,4.04
Dharwad,B0041 dharwad,C1285 narendra,2274,70.29,21.8,40.0,95.0,2.81
Dharwad,B0041 dharwad,C1313 nigdi,1493,77.74,20.78,50.0,100.0,2.19
Dharwad,B0041 dharwad,C1560 tadakod,1958,54.3,26.44,15.0,90.0,5.59
Dharwad,B0041 dharwad,C1578 tegur,941,73.66,20.29,45.0,95.0,2.34
Dharwad,B0041 dharwad,C1645 uppina betageri,1329,75.78,19.49,50.0,100.0,4.88
Dharwad,B0041 dharwad,C1691 veerapur,611,66.95,23.74,30.0,95.0,2.21
Dharwad,B0041 dharwad,C2029 garag urdu,888,76.97,18.72,50.0,95.0,3.06
Dharwad,B0066 hubli,C0082 aralikatti,1072,63.42,26.46,20.0,95.0,3.41
Dharwad,B0066 hubli,C0276 byahatti,2695,73.4,23.67,40.0,100.0,-2.89
Dharwad,B0066 hubli,C0914 katnur,960,62.4,27.54,20.0,95.0,-1.99
Dharwad,B0066 hubli,C1137 mantur,1007,68.69,24.09,35.0,95.0,7.27
Dharwad,B0066 hubli,C1323 noolvi,1522,66.25,23.4,30.0,95.0,4.19
Dharwad,B0066 hubli,C1404 raynal,1690,53.83,26.49,15.0,85.0,4.15
Dharwad,B0066 hubli,C1489 shirguppi,1216,64.41,24.77,30.0,95.0,0.92
Dharwad,B0066 hubli,C1690 varur,911,62.83,24.72,25.0,90.0,3.9
Dharwad,B0076 kalghatagi,C0381 dastikoppa,1347,60.36,25.57,25.0,90.0,5.52
Dharwad,B0076 kalghatagi,C0407 devikoppa,1029,46.72,28.08,10.0,85.0,8.52
Dharwad,B0076 kalghatagi,C0448 dumwad,2060,55.09,25.3,19.5,90.0,4.61
Dharwad,B0076 kalghatagi,C0477 galagi hulakoppa,1135,56.74,25.84,20.0,90.0,4.25
Dharwad,B0076 kalghatagi,C0487 ganjigatti,1285,52.21,25.93,15.0,85.0,6.81
Dharwad,B0076 kalghatagi,C1009 kudalagi,709,50.62,26.36,15.0,85.0,7.8
Dharwad,B0076 kalghatagi,C1189 mishrikoti,1254,53.53,28.19,10.0,90.0,4.19
Dharwad,B0076 kalghatagi,C1220 mukkal,1246,58.18,25.24,25.0,90.0,3.39
Dharwad,B0076 kalghatagi,C1240 muttagi,1170,70.02,21.84,40.0,95.0,2.69
Dharwad,B0076 kalghatagi,C1558 tabakadhonnali,1985,58.0,25.47,20.0,90.0,1.93
Dharwad,B0086 kundagol,C0618 harlapur,715,67.67,23.02,35.0,95.0,3.87
Dharwad,B0086 kundagol,C0653 hiregunjal,951,67.09,24.71,30.0,95.0,4.67
Dharwad,B0086 kundagol,C0749 ingalagi,1990,62.56,27.99,20.0,95.0,4.73
Dharwad,B0086 kundagol,C0862 kamadolli,1319,67.24,23.37,35.0,95.0,2.77
Dharwad,B0086 kundagol,C1029 kundagol,1046,65.28,23.0,35.0,90.0,6.09
Dharwad,B0086 kundagol,C1463 saunshi,1392,58.28,27.29,20.0,95.0,1.53
Dharwad,B0086 kundagol,C1745 yelival,1045,63.68,25.15,25.0,95.0,0.84
Dharwad,B0086 kundagol,C1752 yerguppi,931,64.32,24.01,25.0,90.0,2.96
Dharwad,B0086 kundagol,C2045 gudageri,884,72.1,24.16,35.0,100.0,6.25
Dharwad,B0106 navalgund,C0072 annigeri 2,1139,59.08,26.99,20.0,95.0,0.63
Dharwad,B0106 navalgund,C0089 arekurahatti,1512,51.69,26.66,15.0,85.0,1.31
Dharwad,B0106 navalgund,C0539 gummagol,1357,59.96,26.82,20.0,90.0,5.21
Dharwad,B0106 navalgund,C0789 javoor,1618,51.59,27.8,10.0,90.0,6.07
Dharwad,B0106 navalgund,C1194 morab,1140,50.79,28.11,10.0,85.0,6.48
Dharwad,B0106 navalgund,C1267 nalavadi,597,64.03,25.14,30.0,95.0,7.05
Dharwad,B0106 navalgund,C1289 navalagund 2,1703,50.25,26.55,15.0,85.0,3.32
Dharwad,B0106 navalgund,C1482 shelwadi,1237,53.5,29.11,10.0,90.0,0.26
Gadag,B0043 gadag rural,C0013 adavisomapaur,1358,52.73,26.38,15.0,90.0,2.69
Gadag,B0043 gadag rural,C0077 antur bentur,1447,45.32,26.83,10.0,85.0,7.22
Gadag,B0043 gadag rural,C0187 beladadi,925,47.84,27.13,10.0,85.0,5.93
Gadag,B0043 gadag rural,C0332 chikkahandigol,835,52.86,25.74,15.0,85.0,3.19
Gadag,B0043 gadag rural,C0621 harti,1037,42.3,27.5,5.0,80.0,6.47
Gadag,B0043 gadag rural,C0685 hombal,936,47.92,28.16,10.0,90.0,3.83
Gadag,B0043 gadag rural,C0714 huilagol,1000,46.02,26.73,15.0,85.0,0.26
Gadag,B0043 gadag rural,C0723 hulkoti,547,50.22,26.21,15.0,85.0,5.88
Gadag,B0043 gadag rural,C0874 kanaginahal,773,56.19,27.39,15.0,90.0,9.22
Gadag,B0043 gadag rural,C1003 kotumachagi,544,44.68,26.55,10.0,80.0,8.78
Gadag,B0043 gadag rural,C1051 lakkundi,1311,47.32,28.21,10.0,85.0,2.67
Gadag,B0043 gadag rural,C1528 soratur,741,41.69,26.39,10.0,80.0,1.2
Gadag,B0043 gadag rural,C1724 yalishirur,669,49.89,27.54,10.0,90.0,0.71
Gadag,B0102 mundaragi,C0128 bagewadi,712,46.55,25.78,10.0,80.0,3.26
Gadag,B0102 mundaragi,C0242 bidaralli,471,47.86,25.65,15.0,85.0,2.27
Gadag,B0102 mundaragi,C0373 dambal,909,34.47,25.78,5.0,75.0,-0.93
Gadag,B0102 mundaragi,C0667 hirewaddtti,1003,44.87,26.56,10.0,80.0,-0.06
Gadag,B0102 mundaragi,C0826 kadampur,1225,57.62,24.93,20.0,90.0,-0.17
Gadag,B0102 mundaragi,C0842 kalakeri,538,40.66,25.38,10.0,75.0,4.33
Gadag,B0102 mundaragi,C0992 korlahalli,550,46.82,27.1,10.0,85.0,3.48
Gadag,B0102 mundaragi,C1186 meundi,591,57.61,25.4,25.0,90.0,2.29
Gadag,B0102 mundaragi,C1225 mundaragi rural,484,41.12,26.53,5.0,80.0,6.38
Gadag,B0102 mundaragi,C1361 petalur,1038,54.03,26.96,15.0,85.0,1.78
Gadag,B0102 mundaragi,C1486 shingtalur,767,45.45,26.0,10.0,80.0,6.33
Gadag,B0102 mundaragi,C2898 mundaragi urdu,166,63.25,23.78,30.0,90.0,-2.02
Gadag,B0105 naragund,C0144 banahatti,709,55.43,28.74,10.0,90.0,4.54
Gadag,B0105 naragund,C0336 chikkanaragund,674,59.31,28.48,15.0,95.0,-1.15
Gadag,B0105 naragund,C0660 hirekoppa,570,54.61,25.49,20.0,90.0,-0.42
Gadag,B0105 naragund,C0767 jagapur,838,47.08,25.83,10.0,80.0,4.53
Gadag,B0105 naragund,C0985 konnur,558,53.32,26.49,15.0,90.0,-0.38
Gadag,B0105 naragund,C1490 shirol,718,51.0,26.98,15.0,85.0,-5.23
Gadag,B0105 naragund,C1549 surakod,775,58.77,26.44,20.0,90.0,4.18
Gadag,B0115 ron,C0005 abbigeri,1627,69.9,21.83,40.0,95.0,5.72
Gadag,B0115 ron,C0096 asuti,1376,60.31,26.84,20.0,95.0,3.47
Gadag,B0115 ron,C0195 belavanaki,674,45.27,30.11,5.0,90.0,14.59
Gadag,B0115 ron,C0507 gogeri,1243,41.32,28.72,5.0,85.0,-1.94
Gadag,B0115 ron,C0655 hirehal,844,75.81,20.65,50.0,95.0,-1.96
Gadag,B0115 ron,C0682 holealur,923,55.8,26.78,15.0,90.0,2.29
Gadag,B0115 ron,C0726 hullur,1162,49.6,27.91,10.0,85.0,-0.04
Gadag,B0115 ron,C0994 kotabal,833,43.07,26.24,10.0,80.0,2.45
Gadag,B0115 ron,C1050 lakkalakatti,902,43.37,27.44,5.0,80.0,5.29
Gadag,B0115 ron,C1308 nidagundi,1138,56.23,26.02,15.0,90.0,4.01
Gadag,B0115 ron,C1385 rajur,1303,57.3,24.67,20.0,90.0,1.36
Gadag,B0115 ron,C1464 savadi,827,68.75,23.67,35.0,95.0,-8.08
Gadag,B0115 ron,C1526 soodi,846,52.35,28.28,10.0,90.0,-0.84
Gadag,B0115 ron,C2456 mushigeri,811,56.91,28.29,15.0,90.0,3.99
Gadag,B0122 shirhatti,C0160 bannikoppa,755,42.19,26.01,5.0,80.0,7.49
Gadag,B0122 shirhatti,C0180 battur,851,62.39,23.88,30.0,90.0,-0.16
Gadag,B0122 shirhatti,C0199 bellatti,1116,51.45,27.14,10.0,85.0,0.59
Gadag,B0122 shirhatti,C0287 chabbi,1149,66.41,23.84,30.0,95.0,1.39
Gadag,B0122 shirhatti,C0438 doddur,746,49.14,27.66,10.0,85.0,5.0
Gadag,B0122 shirhatti,C0463 futagao badni,1195,65.55,23.41,30.0,95.0,2.45
Gadag,B0122 shirhatti,C0631 hebbal,1036,51.92,27.22,10.0,85.0,3.85
Gadag,B0122 shirhatti,C0825 kadakol,988,53.6,26.18,15.0,85.0,0.09
Gadag,B0122 shirhatti,C0957 koganur,800,64.26,22.85,30.0,90.0,-0.94
Gadag,B0122 shirhatti,C1091 magadi,842,52.61,26.59,15.0,85.0,4.74
Gadag,B0122 shirhatti,C1485 shigli,988,61.17,26.3,20.0,90.0,3.4
Gadag,B0122 shirhatti,C1550 suranagi,1017,45.96,26.42,10.0,85.0,5.77
Hassan,B0003 alur,C0041 alur,299,65.99,22.98,35.0,95.0,-0.62
Hassan,B0003 alur,C0281 byrapura,60,69.58,22.98,34.5,95.0,10.94
Hassan,B0003 alur,C0430 doddakanagalu,183,68.36,23.55,31.0,95.0,3.53
Hassan,B0003 alur,C0804 k hosakote,561,60.26,27.7,20.0,95.0,3.71
Hassan,B0003 alur,C0866 kamathikudige,332,58.46,24.65,20.5,90.0,8.26
Hassan,B0003 alur,C0881 kanathur,271,62.4,24.58,25.0,95.0,9.1
Hassan,B0003 alur,C1092 magge,262,72.6,22.49,40.0,100.0,1.94
Hassan,B0003 alur,C1268 nalluru,188,61.22,28.08,20.0,95.0,3.96
Hassan,B0003 alur,C1343 palya,198,55.2,26.83,15.0,90.0,-3.05
Hassan,B0003 alur,C1542 sulugodu kudige,221,67.08,25.59,25.0,95.0,4.33
Hassan,B0003 alur,C2091 hanchuru,183,85.16,12.76,70.0,100.0,5.27
Hassan,B0003 alur,C2176 hunasavally,70,65.5,23.28,40.0,95.0,12.43
Hassan,B0003 alur,C2338 kunduru,51,70.49,19.32,40.0,95.0,8.12
Hassan,B0004 arakalagudu,C0093 ark urdhu,950,58.27,26.51,20.0,90.0,3.66
Hassan,B0004 arakalagudu,C0162 bannur,163,51.35,24.34,20.0,80.0,11.98
Hassan,B0004 arakalagudu,C0175 basavapatna,701,55.6,27.33,15.0,90.0,6.42
Hassan,B0004 arakalagudu,C0194 belavadi,445,51.48,25.68,15.0,85.0,3.92
Hassan,B0004 arakalagudu,C0337 chikkarakalagud colony,395,55.3,25.24,20.0,85.0,6.38
Hassan,B0004 arakalagudu,C0419 dodda bemmathi,316,60.28,23.13,25.0,90.0,0.06
Hassan,B0004 arakalagudu,C0485 ganguru,511,50.38,26.53,15.0,85.0,7.44
Hassan,B0004 arakalagudu,C0579 hallangala,582,49.7,25.53,15.0,85.0,4.6
Hassan,B0004 arakalagudu,C0597 handrangi,194,61.7,26.93,20.0,95.0,10.86
Hassan,B0004 arakalagudu,C0910 kashipura,98,60.97,25.14,25.0,91.5,10.64
Hassan,B0004 arakalagudu,C0926 keralapura,271,54.5,27.02,15.0,90.0,8.83
Hassan,B0004 arakalagudu,C0977 konanur,333,61.74,20.67,35.0,89.0,1.17
Hassan,B0004 arakalagudu,C1116 mallipattana,63,68.02,21.47,41.0,94.0,6.54
Hassan,B0004 arakalagudu,C1389 ramanathapura,82,47.32,28.11,10.0,85.0,-0.26
Hassan,B0004 arakalagudu,C1695 vg koppal,177,61.86,16.45,40.0,85.0,-3.75
Hassan,B0004 arakalagudu,C1758 abm halli,173,43.73,26.65,5.0,80.0,6.69
Hassan,B0004 arakalagudu,C1767 agrahara,474,41.68,25.26,5.0,75.0,3.81
Hassan,B0004 arakalagudu,C1913 bychanahally,194,55.08,23.96,25.0,85.0,-2.32
Hassan,B0004 arakalagudu,C2004 doddamagge,324,42.64,26.13,10.0,80.0,1.73
Hassan,B0004 arakalagudu,C2027 ganjalagud,151,60.23,23.02,25.0,90.0,-3.78
Hassan,B0004 arakalagudu,C2063 h r p colony,237,60.25,26.94,18.0,90.0,12.15
Hassan,B0004 arakalagudu,C2167 hulikal,312,45.91,24.7,10.0,80.0,1.29
Hassan,B0004 arakalagudu,C2277 kathimalenahalli,135,53.0,26.18,15.0,90.0,8.13
Hassan,B0005 arasikere,C0023 ahsb colony,206,44.44,27.37,10.0,85.0,2.15
Hassan,B0005 arasikere,C0080 arakere,676,53.83,26.51,15.0,90.0,1.81
Hassan,B0005 arasikere,C0127 bageshpura,480,66.06,23.85,35.0,95.0,-0.14
Hassan,B0005 arasikere,C0147 banavara,189,66.88,25.72,25.0,95.0,-1.36
Hassan,B0005 arasikere,C0190 belagumba,105,75.9,18.58,47.0,95.0,6.63
Hassan,B0005 arasikere,C0483 gandasi,568,67.12,24.92,30.0,95.0,-2.1
Hassan,B0005 arasikere,C0769 jajur,345,49.78,28.03,10.0,85.0,-0.0
Hassan,B0005 arasikere,C0791 jc pura,436,57.02,25.61,20.0,90.0,5.51
Hassan,B0005 arasikere,C0813 kaachigatta,121,60.83,22.98,30.0,90.0,3.95
Hassan,B0005 arasikere,C0814 kaamasamudra,186,53.87,26.77,15.0,87.5,9.07
Hassan,B0005 arasikere,C1283 narasipura,139,59.32,29.85,15.0,95.0,18.08
Hassan,B0005 arasikere,C1568 talalooru,134,68.92,21.07,45.0,93.5,2.97
Hassan,B0005 arasikere,C1648 urdhu gramanthara,76,59.87,22.88,27.5,87.5,0.32
Hassan,B0005 arasikere,C1766 aggunda,554,56.58,26.16,20.0,90.0,5.52
Hassan,B0005 arasikere,C1921 chagachagere,317,53.55,25.61,20.0,85.0,6.42
Hassan,B0005 arasikere,C1955 chindenahally gate,301,59.47,25.52,25.0,90.0,4.96
Hassan,B0005 arasikere,C2005 doddametikurke,328,62.21,26.41,25.0,95.0,1.61
Hassan,B0005 arasikere,C2095 handralu,131,60.69,23.78,25.0,90.0,-1.12
Hassan,B0005 arasikere,C2102 harana hally,227,53.55,25.38,15.0,90.0,5.7
Hassan,B0005 arasikere,C2140 hiriyuru,508,76.85,19.51,50.0,95.0,4.79
Hassan,B0005 arasikere,C2201 javagal,410,65.6,25.35,30.0,95.0,3.39
Hassan,B0005 arasikere,C2213 k. shankaranahalli,156,71.41,21.58,42.5,95.0,0.6
Hassan,B0005 arasikere,C2249 kanakatte,435,62.38,25.29,30.0,95.0,3.45
Hassan,B0005 arasikere,C2313 kondenalu,54,56.48,24.04,20.0,85.0,-2.59
Hassan,B0005 arasikere,C2346 kuruvanka,113,55.58,27.38,15.0,90.0,5.88
Hassan,B0005 arasikere,C2455 murundi,286,46.45,26.84,10.0,82.5,4.5
Hassan,B0005 arasikere,C2542 purlehalli,263,40.99,26.5,6.0,80.0,4.86
Hassan,B0005 arasikere,C2709 undiganalu,97,55.88,29.85,15.0,95.0,-1.01
Hassan,B0018 belur,C0009 adagur,367,60.48,26.34,20.0,90.0,2.59
Hassan,B0018 belur,C0248 bikkodu,181,50.83,24.4,15.0,80.0,5.66
Hassan,B0018 belur,C0817 kachihally,167,67.66,22.31,35.0,95.0,3.5
Hassan,B0018 belur,C0958 kogodu,287,60.57,23.01,30.0,90.0,5.04
Hassan,B0018 belur,C1587 thagare,63,66.59,21.9,35.0,90.0,7.47
Hassan,B0018 belur,C1609 tholalu,95,72.84,17.27,45.0,95.0,4.15
Hassan,B0018 belur,C1788 andale,566,55.09,26.52,15.0,90.0,-1.73
Hassan,B0018 belur,C1810 arehally,218,62.61,24.55,25.0,95.0,3.21
Hassan,B0018 belur,C1872 belur,531,62.45,22.15,35.0,90.0,3.12
Hassan,B0018 belur,C2026 gangur,521,54.81,26.48,15.0,90.0,7.48
Hassan,B0018 belur,C2034 gendehally,105,60.19,21.85,25.0,85.0,-0.01
Hassan,B0018 belur,C2077 halebeedu,671,56.54,25.71,20.0,90.0,4.0
Hassan,B0018 belur,C2110 hebbalu,229,65.09,24.3,25.0,95.0,0.18
Hassan,B0018 belur,C2173 hulugundi,180,71.28,14.69,55.0,90.0,-1.12
Hassan,B0018 belur,C2251 kanayakanahally,502,52.82,26.17,15.0,85.0,6.9
Hassan,B0018 belur,C2359 lingapana koppalu,58,67.59,24.75,30.0,95.0,-13.87
Hassan,B0018 belur,C2855 iravally,28,73.39,20.51,50.0,95.0,-6.39
Hassan,B0018 belur,C2909 norway,74,66.28,26.69,21.5,95.0,6.08
Hassan,B0029 channarayapatna,C0065 anekere,355,62.18,27.77,20.0,95.0,5.04
Hassan,B0029 channarayapatna,C0129 baguru,638,72.0,23.61,35.0,95.0,5.74
Hassan,B0029 channarayapatna,C0168 baraguru,377,68.51,27.41,30.0,100.0,2.51
Hassan,B0029 channarayapatna,C0408 dhammaningala,265,63.92,27.72,15.0,95.0,-1.63
Hassan,B0029 channarayapatna,C0413 didaga,167,68.8,27.76,30.0,100.0,-0.26
Hassan,B0029 channarayapatna,C0521 gowdagere,363,67.93,26.79,25.0,95.0,5.08
Hassan,B0029 channarayapatna,C0536 gulsindha,523,71.79,25.14,35.0,100.0,2.19
Hassan,B0029 channarayapatna,C0668 hirisave,530,52.94,28.46,10.0,90.0,7.01
Hassan,B0029 channarayapatna,C0780 jambur,250,73.5,26.14,30.0,100.0,6.34
Hassan,B0029 channarayapatna,C0801 juttanahally,322,70.84,25.87,30.0,100.0,3.05
Hassan,B0029 channarayapatna,C1032 kundur,263,60.08,30.05,15.0,100.0,4.05
Hassan,B0029 channarayapatna,C1631 udayapura,142,71.76,19.3,45.0,95.0,-2.06
Hassan,B0029 channarayapatna,C1772 akkanahalli,247,62.57,29.5,15.0,95.0,8.12
Hassan,B0029 channarayapatna,C2058 guramaranahalli,295,69.51,26.53,30.0,100.0,9.3
Hassan,B0029 channarayapatna,C2206 jinnenahally,27,65.0,17.43,50.0,90.0,3.75
Hassan,B0029 channarayapatna,C2219 kabbli,121,72.56,23.45,30.0,100.0,9.58
Hassan,B0029 channarayapatna,C2260 kantharajapura,254,73.46,20.66,40.0,95.0,-0.86
Hassan,B0029 channarayapatna,C2266 karehally,216,62.13,26.2,25.0,95.0,1.73
Hassan,B0029 channarayapatna,C2287 kembalu,233,75.17,21.22,50.0,100.0,-2.08
Hassan,B0029 channarayapatna,C2365 m shivra,105,63.0,25.76,20.0,90.0,0.08
Hassan,B0029 channarayapatna,C2482 nallur,174,80.23,17.94,55.0,100.0,-0.19
Hassan,B0029 channarayapatna,C2499 navile,171,56.29,24.85,20.0,85.0,3.22
Hassan,B0029 channarayapatna,C2521 nuggehalli,241,89.67,10.37,80.0,100.0,-0.42
Hassan,B0029 channarayapatna,C2554 rampura vidyuth colony,101,89.9,12.96,80.0,100.0,6.31
Hassan,B0029 channarayapatna,C2622 shravanabelagula,38,41.18,29.96,10.0,90.0,4.08
Hassan,B0057 hassan,C0071 ankapura,271,61.35,22.91,30.0,90.0,0.95
Hassan,B0057 hassan,C0405 devihalli,402,53.27,25.44,15.5,89.5,3.12
Hassan,B0057 hassan,C0604 hanumanthapura,555,63.62,27.86,20.0,95.0,-2.83
Hassan,B0057 hassan,C1151 markuli,70,73.86,23.21,39.0,95.0,15.71
Hassan,B0057 hassan,C1197 mosalehosahally,515,60.68,25.4,25.0,90.0,0.3
Hassan,B0057 hassan,C1320 nitturu,631,62.2,29.85,15.0,95.0,-1.27
Hassan,B0057 hassan,C1431 salagame,178,62.47,22.88,30.0,90.0,-7.77
Hassan,B0057 hassan,C1472 seege,263,63.78,22.96,30.0,90.0,4.63
Hassan,B0057 hassan,C1478 shanthigrama,134,64.51,24.88,30.0,95.0,4.07
Hassan,B0057 hassan,C1815 attavara hosahalli,266,59.1,26.01,20.0,90.0,5.1
Hassan,B0057 hassan,C1822 b katihally,156,76.03,20.09,47.5,100.0,9.64
Hassan,B0057 hassan,C1859 basavagatta,107,73.69,23.91,38.0,100.0,9.56
Hassan,B0057 hassan,C1914 bylahalli,212,76.34,23.15,45.0,100.0,2.96
Hassan,B0057 hassan,C1986 devegowdanagara,354,56.64,24.55,25.0,90.0,1.87
Hassan,B0057 hassan,C2012 dudda r.s,168,64.61,23.47,30.0,90.0,-2.21
Hassan,B0057 hassan,C2042 goruru,471,61.76,24.74,25.0,90.0,2.66
Hassan,B0057 hassan,C2101 haralahally,129,54.46,24.79,25.0,86.0,1.15
Hassan,B0057 hassan,C2114 heragu,144,53.68,23.67,21.5,85.0,0.83
Hassan,B0057 hassan,C2149 hoovinahally kaval,244,65.9,26.2,25.0,95.0,0.16
Hassan,B0057 hassan,C2255 kandli,122,61.56,24.16,30.0,90.0,-11.1
Hassan,B0057 hassan,C2279 kattaya,225,68.98,23.09,35.0,95.0,8.18
Hassan,B0057 hassan,C2289 kenchettahalli,109,61.06,24.51,24.0,90.0,12.02
Hassan,B0057 hassan,C2322 koravangala,124,66.25,25.81,30.0,95.0,3.21
Hassan,B0057 hassan,C2328 kowshika,256,64.02,25.0,25.0,95.0,1.58
Hassan,B0057 hassan,C2330 kudargundi,101,65.5,26.16,30.0,95.0,6.35
Hassan,B0057 hassan,C2378 madenuru,104,58.8,27.65,15.0,90.0,10.48
Hassan,B0057 hassan,C2425 melagodu,138,61.05,23.0,20.0,85.0,1.13
Hassan,B0061 holenarasipura,C0429 doddakadanoor,551,53.19,26.39,15.0,90.0,3.4
Hassan,B0061 holenarasipura,C0573 halekote,260,57.35,26.32,20.0,90.0,2.3
Hassan,B0061 holenarasipura,C0582 hallimysore,398,50.83,28.29,10.0,90.0,3.26
Hassan,B0061 holenarasipura,C0614 hariharapura,355,60.07,27.19,20.0,93.0,4.28
Hassan,B0061 holenarasipura,C1111 mallappanahalli,218,34.95,26.94,5.0,80.0,11.53
Hassan,B0061 holenarasipura,C1202 mudalahippe,692,54.15,26.29,15.0,90.0,4.14
Hassan,B0061 holenarasipura,C1256 nagaranahalli,391,51.01,27.11,15.0,85.0,6.78
Hassan,B0061 holenarasipura,C1890 bidarakka,453,54.06,24.48,20.0,85.0,1.33
Hassan,B0061 holenarasipura,C2001 doddahally,400,43.64,25.98,10.0,80.0,8.65
Hassan,B0061 holenarasipura,C2003 doddakunche,379,58.35,25.37,20.0,90.0,-1.11
Hassan,B0061 holenarasipura,C2068 hadavanahalli,111,43.2,24.59,10.0,75.0,4.03
Hassan,B0061 holenarasipura,C2290 keragodu,536,56.48,26.56,20.0,90.0,5.7
Hassan,B0061 holenarasipura,C2517 niduvani,242,50.83,27.68,10.0,85.0,8.31
Hassan,B0061 holenarasipura,C2538 pete,476,49.76,23.52,20.0,80.0,4.44
Hassan,B0061 holenarasipura,C2581 sankanahalli,157,44.39,25.19,10.0,77.0,4.84
Hassan,B0061 holenarasipura,C2679 thatanahally,171,60.91,24.46,25.0,90.0,0.9
Hassan,B0061 holenarasipura,C2768 yellesh pura,138,57.93,24.25,25.0,90.0,-0.45
Hassan,B0116 sakaleshapura,C0139 ballupete,417,54.5,27.41,15.0,90.0,8.2
Hassan,B0116 sakaleshapura,C0197 belegodu,516,55.15,27.03,20.0,90.0,1.18
Hassan,B0116 sakaleshapura,C0919 kelagalale,319,59.94,23.95,30.0,90.0,7.15
Hassan,B0116 sakaleshapura,C0971 kollahally,253,69.45,25.07,30.0,99.0,1.88
Hassan,B0116 sakaleshapura,C1792 anemahal,351,61.35,25.41,25.0,95.0,0.66
Hassan,B0116 sakaleshapura,C1910 byakaravally,140,65.18,20.52,35.0,85.0,5.55
Hassan,B0116 sakaleshapura,C1917 c r c yeslur,265,67.68,22.49,35.0,95.0,3.48
Hassan,B0116 sakaleshapura,C1930 changadihally,232,49.7,24.44,15.0,85.0,-3.6
Hassan,B0116 sakaleshapura,C2009 donigal,208,67.14,24.59,30.0,95.0,4.76
Hassan,B0116 sakaleshapura,C2090 hanbalu,308,53.67,25.77,15.0,86.5,6.56
Hassan,B0116 sakaleshapura,C2117 hethur,343,59.5,26.01,20.0,90.0,5.63
Hassan,B0116 sakaleshapura,C2561 raxidi,130,44.42,24.68,10.0,75.5,11.64
Hassan,B0116 sakaleshapura,C2738 valalahalli,60,68.5,17.06,50.0,90.5,0.75
Hassan,B0116 sakaleshapura,C2739 vanagur,36,64.72,23.45,35.0,92.5,10.62
Haveri,B0023 byadagi,C0257 bisalahalli,949,59.31,26.35,20.0,90.0,4.58
Haveri,B0023 byadagi,C0271 budupanhalli,625,55.58,24.14,20.0,85.0,7.92
Haveri,B0023 byadagi,C1154 masanagi,556,53.53,25.51,20.0,90.0,6.89
Haveri,B0023 byadagi,C1199 motebennur,709,64.61,25.49,25.0,95.0,15.54
Haveri,B0023 byadagi,C1938 chikkabasur,539,60.71,25.52,25.0,90.0,6.07
Haveri,B0023 byadagi,C2229 kaginele,535,59.11,26.36,20.0,95.0,8.51
Haveri,B0023 byadagi,C2603 shidenur,916,64.1,24.1,30.0,90.0,8.66
Haveri,B0023 byadagi,C2643 sudambi,256,62.05,28.15,15.0,95.0,3.13
Haveri,B0053 hanagal,C0132 balambeed,713,58.03,25.11,20.0,90.0,0.93
Haveri,B0053 hanagal,C0645 herur,637,51.04,27.19,15.0,85.0,3.02
Haveri,B0053 hanagal,C1761 adur,500,59.04,26.03,20.0,90.0,3.51
Haveri,B0053 hanagal,C1774 akkialur,328,68.98,20.88,40.0,95.0,5.62
Haveri,B0053 hanagal,C1806 araleshwar,595,60.57,24.29,25.0,90.0,5.22
Haveri,B0053 hanagal,C1843 bammanahalli,642,49.84,26.15,15.0,85.0,8.91
Haveri,B0053 hanagal,C1867 belagalpet,591,50.59,27.97,10.0,90.0,4.61
Haveri,B0053 hanagal,C1946 chikkaunashi hosur,525,49.63,26.39,15.0,85.0,4.22
Haveri,B0053 hanagal,C2033 gejjihalli,580,54.5,25.17,20.0,85.0,5.47
Haveri,B0053 hanagal,C2096 hangal urdu,167,40.18,28.63,5.0,85.0,8.87
Haveri,B0053 hanagal,C2318 kopparsikoppa,403,52.26,26.81,15.0,85.0,7.17
Haveri,B0053 hanagal,C2347 kusnur,286,55.26,25.5,20.0,90.0,9.22
Haveri,B0053 hanagal,C2385 maharajpet,634,52.91,26.11,15.0,85.0,1.21
Haveri,B0053 hanagal,C2494 naregal,656,49.89,28.11,10.0,85.0,8.78
Haveri,B0053 hanagal,C2577 sammasagi,364,52.86,27.25,15.0,90.0,7.31
Haveri,B0053 hanagal,C2610 shirgod,496,45.28,26.47,10.0,80.0,8.69
Haveri,B0053 hanagal,C2624 shyadaguppi,749,54.28,27.06,15.0,90.0,1.62
Haveri,B0053 hanagal,C2691 tilavalli,717,64.69,24.15,30.0,95.0,5.81
Haveri,B0053 hanagal,C2710 uppanasi,625,42.9,26.99,7.0,80.0,5.24
Haveri,B0053 hanagal,C2770 akkialur urdu,142,59.58,26.41,20.5,90.0,4.66
Haveri,B0058 hirekerur,C0342 chikkerur,550,60.44,28.8,15.0,95.0,-1.84
Haveri,B0058 hirekerur,C0658 hirekabbar,731,55.98,25.7,20.0,90.0,4.62
Haveri,B0058 hirekerur,C1931 channalli,413,64.7,21.74,35.0,90.0,0.14
Haveri,B0058 hirekerur,C1956 chinnamulgunda,466,54.06,27.89,15.0,90.0,7.21
Haveri,B0058 hirekerur,C2000 doddagubbi,480,49.96,25.77,14.5,85.0,-2.35
Haveri,B0058 hirekerur,C2085 hamsabhavi,245,62.14,23.14,30.0,95.0,-1.46
Haveri,B0058 hirekerur,C2129 hirekerur (urdu),83,65.3,20.13,40.0,90.0,0.17
Haveri,B0058 hirekerur,C2155 hosakatti,501,54.13,24.53,25.0,90.0,-0.89
Haveri,B0058 hirekerur,C2170 hullatti,874,61.13,28.4,20.0,95.0,0.74
Haveri,B0058 hirekerur,C2227 kadur,635,55.22,26.59,20.0,90.0,5.09
Haveri,B0058 hirekerur,C2301 kod,528,47.12,29.31,5.0,85.0,-0.86
Haveri,B0058 hirekerur,C2415 masur urdu,187,63.26,16.34,50.0,85.0,3.28
Haveri,B0058 hirekerur,C2416 masur,706,70.03,21.72,40.0,95.0,3.02
Haveri,B0058 hirekerur,C2424 medur,233,43.09,27.92,5.0,80.0,12.64
Haveri,B0058 hirekerur,C2558 rattihalli,457,69.4,25.37,30.0,95.0,8.34
Haveri,B0058 hirekerur,C2590 satenhalli,373,58.14,28.64,15.0,95.0,7.26
Haveri,B0058 hirekerur,C2666 tavaragi,468,59.57,25.12,25.0,90.0,0.49
Haveri,B0058 hirekerur,C2767 yattinahalli,556,61.41,29.55,15.0,95.0,4.08
Haveri,B0114 ranebennur,C0289 chalageri,1398,55.14,26.94,15.0,90.0,4.14
Haveri,B0114 ranebennur,C0532 gudihonatti,261,48.79,27.29,10.0,85.0,7.48
Haveri,B0114 ranebennur,C0564 halageri,983,63.17,23.97,26.0,90.0,1.96
Haveri,B0114 ranebennur,C0756 itagi,128,65.12,23.96,28.5,95.0,0.38
Haveri,B0114 ranebennur,C0997 kotihal,494,63.69,26.43,20.0,95.0,0.51
Haveri,B0114 ranebennur,C1811 aremallapur,736,55.46,24.39,20.0,90.0,-3.01
Haveri,B0114 ranebennur,C1984 devaragudda,684,70.99,18.58,50.0,95.0,5.87
Haveri,B0114 ranebennur,C2103 haranagiri,536,80.61,15.89,55.0,100.0,4.62
Haveri,B0114 ranebennur,C2125 hirebidari,564,64.0,24.5,26.5,95.0,3.83
Haveri,B0114 ranebennur,C2211 joyisaraharalahalli,845,67.27,24.78,30.0,95.0,5.4
Haveri,B0114 ranebennur,C2232 kakol,920,59.15,27.04,20.0,95.0,3.21
Haveri,B0114 ranebennur,C2340 kuppelur,614,69.06,23.2,35.0,95.0,7.15
Haveri,B0114 ranebennur,C2388 makanur,289,62.11,23.15,30.0,90.0,1.85
Haveri,B0114 ranebennur,C2423 medleri,709,50.44,29.2,10.0,90.0,1.99
Haveri,B0114 ranebennur,C2566 rural urdu,103,51.84,25.3,15.0,85.0,6.76
Haveri,B0114 ranebennur,C2920 ranebennur no 2,217,58.06,27.83,18.0,92.0,1.15
Haveri,B0118 savanur,C0628 hattimattur,1075,60.64,25.23,25.0,90.0,4.45
Haveri,B0118 savanur,C0825 kadakol,1031,70.16,22.88,35.0,95.0,0.29
Haveri,B0118 savanur,C0895 karadagi,893,65.66,23.18,35.0,90.0,1.65
Haveri,B0118 savanur,C1467 savanur urdu,96,70.1,17.65,47.5,92.5,3.15
Haveri,B0118 savanur,C1487 shirabadagi,886,52.46,27.42,15.0,90.0,0.88
Haveri,B0118 savanur,C1723 yalavagi,986,58.55,23.92,25.0,90.0,0.39
Haveri,B0118 savanur,C2179 huralikoppa,555,50.24,28.67,10.0,90.0,3.35
Haveri,B0118 savanur,C2236 kalakoti,645,43.88,27.83,5.0,83.0,0.51
Haveri,B0118 savanur,C2667 tavarmellahalli,306,54.18,25.92,20.0,90.0,2.58
Haveri,B0118 savanur,C2926 savanur urdu,336,43.47,29.67,5.0,85.0,6.66
Haveri,B0121 shiggoan,C0162 bannur,458,77.19,17.54,55.0,95.0,5.36
Haveri,B0121 shiggoan,C0976 konankeri,621,62.95,23.92,30.0,95.0,1.21
Haveri,B0121 shiggoan,C1284 narayanpur,626,68.48,21.68,40.0,95.0,5.15
Haveri,B0121 shiggoan,C1823 baad,465,61.03,27.76,20.0,95.0,7.58
Haveri,B0121 shiggoan,C1928 chandapur,637,63.04,23.3,30.0,90.0,-0.54
Haveri,B0121 shiggoan,C1992 dhundasi,371,68.87,17.28,45.0,90.0,3.93
Haveri,B0121 shiggoan,C2123 hirebendigeri,336,48.35,25.14,15.0,80.0,5.07
Haveri,B0121 shiggoan,C2166 hulagur,868,62.56,23.24,30.0,90.0,2.87
Haveri,B0121 shiggoan,C2502 neeralagi,284,63.98,25.13,30.0,95.0,3.93
Haveri,B0121 shiggoan,C2603 shidenur,274,72.46,14.86,55.0,90.0,2.74
Haveri,B0121 shiggoan,C2604 shiggaon urdu,52,63.65,17.07,40.5,85.0,-3.97
Haveri,B0121 shiggoan,C2658 tadas,424,65.46,21.92,35.0,90.0,-0.07
Haveri,B0149 haveri,C0550 guttal urdu,292,71.28,21.67,40.0,95.0,-2.66
Haveri,B0149 haveri,C1762 agadi,483,45.04,27.25,10.0,80.0,4.75
Haveri,B0149 haveri,C1978 devagiri,838,49.43,24.87,15.0,80.0,0.24
Haveri,B0149 haveri,C1987 devihosur,919,67.12,24.08,35.0,95.0,5.42
Haveri,B0149 haveri,C2060 guttal urdu,150,49.2,26.29,15.0,85.0,15.9
Haveri,B0149 haveri,C2061 guttal,356,37.81,25.11,7.5,75.0,-0.15
Haveri,B0149 haveri,C2108 havnur,857,44.14,27.88,10.0,85.0,16.47
Haveri,B0149 haveri,C2159 hosaritti,418,57.94,26.14,20.0,90.0,8.76
Haveri,B0149 haveri,C2220 kabbur,804,60.02,25.7,25.0,90.0,2.31
Haveri,B0149 haveri,C2261 kanvalli,578,58.17,24.56,25.0,90.0,-0.53
Haveri,B0149 haveri,C2344 kurubgonda,863,58.3,24.61,25.0,90.0,9.08
Haveri,B0149 haveri,C2413 marol,701,48.86,27.59,10.0,85.0,4.01
Haveri,B0149 haveri,C2431 mevundi,552,68.91,23.94,30.0,95.0,2.32
Haveri,B0149 haveri,C2757 yalagaccha,553,60.29,24.62,25.0,90.0,5.33
Kalaburagi,B0001 afzalpur,C0100 atnoor,579,38.45,24.7,10.0,75.0,-3.64
Kalaburagi,B0001 afzalpur,C0141 baluragi,660,49.33,31.19,5.0,90.0,-1.4
Kalaburagi,B0001 afzalpur,C0149 bandarwad,787,34.71,26.01,0.0,70.0,2.71
Kalaburagi,B0001 afzalpur,C0219 bhairamadagi,441,52.01,29.73,5.0,90.0,0.42
Kalaburagi,B0001 afzalpur,C0366 chowdapur,411,50.28,30.62,5.0,90.0,-0.48
Kalaburagi,B0001 afzalpur,C0385 deval gangapur,1298,38.21,27.68,0.0,75.0,-1.55
Kalaburagi,B0001 afzalpur,C0499 ghattarga,241,32.72,27.16,0.0,70.0,-2.42
Kalaburagi,B0001 afzalpur,C0504 gobbur (b),459,57.24,28.89,15.0,95.0,1.81
Kalaburagi,B0001 afzalpur,C0517 gour (b),381,38.14,24.95,5.0,75.0,-1.06
Kalaburagi,B0001 afzalpur,C0898 karajagi,1280,33.88,25.68,0.0,70.0,-2.75
Kalaburagi,B0001 afzalpur,C1135 mannur,1239,64.43,26.39,25.0,95.0,0.84
Kalaburagi,B0001 afzalpur,C1156 mashal,652,40.46,29.85,5.0,85.0,-6.08
Kalaburagi,B0001 afzalpur,C1407 revoor (b),1012,69.46,24.61,30.0,95.0,4.28
Kalaburagi,B0001 afzalpur,C1536 station gangapur,754,44.32,29.15,5.0,85.0,4.76
Kalaburagi,B0002 aland,C0030 aland north urdu,763,42.08,26.48,10.0,80.0,-3.42
Kalaburagi,B0002 aland,C0046 ambalaga,349,40.04,28.03,5.0,80.0,4.22
Kalaburagi,B0002 aland,C0238 bhusanoor,1182,37.97,27.33,5.0,80.0,-2.64
Kalaburagi,B0002 aland,C0349 chinchansoor,907,45.16,25.14,15.0,80.0,-0.76
Kalaburagi,B0002 aland,C0450 durga siroor,817,44.71,26.72,10.0,85.0,3.02
Kalaburagi,B0002 aland,C0451 duttargaon,985,40.93,27.91,5.0,80.0,-2.63
Kalaburagi,B0002 aland,C0671 hirolli,605,40.6,27.65,5.0,80.0,0.43
Kalaburagi,B0002 aland,C0676 hodalur,924,36.47,25.06,5.0,73.5,0.31
Kalaburagi,B0002 aland,C0796 jidaga,408,35.4,26.16,0.0,75.0,-1.09
Kalaburagi,B0002 aland,C0823 kadaganchi,1076,43.58,27.1,10.0,80.0,-2.5
Kalaburagi,B0002 aland,C0935 khajuri,499,57.17,26.36,20.0,90.0,3.67
Kalaburagi,B0002 aland,C0990 koralli,339,46.7,25.84,10.0,80.0,-0.45
Kalaburagi,B0002 aland,C1083 madanhipparga,467,45.74,29.42,5.0,85.0,0.36
Kalaburagi,B0002 aland,C1161 mataki,562,40.79,28.36,5.0,80.0,2.71
Kalaburagi,B0002 aland,C1224 munahalli,597,48.69,28.71,5.0,90.0,-1.6
Kalaburagi,B0002 aland,C1287 narona,689,45.57,29.71,5.0,90.0,-3.48
Kalaburagi,B0002 aland,C1315 nimbarga,342,53.19,26.28,15.0,85.0,0.08
Kalaburagi,B0002 aland,C1432 salagar (v.k.),558,36.18,28.89,0.0,80.0,-1.95
Kalaburagi,B0002 aland,C1454 sarsamba,859,34.39,26.78,0.0,75.0,2.35
Kalaburagi,B0002 aland,C1466 savaleshwar,559,26.47,24.0,0.0,65.0,-0.5
Kalaburagi,B0002 aland,C1559 tadakal,465,36.59,26.67,5.0,75.0,3.78
Kalaburagi,B0002 aland,C1740 yelasangi,932,65.51,23.23,35.0,95.0,2.36
Kalaburagi,B0002 aland,C1780 aland south urdu,793,42.62,27.89,5.0,80.0,-0.03
Kalaburagi,B0033 chincholi,C0025 ainapur,520,39.92,28.05,5.0,80.0,-0.84
Kalaburagi,B0033 chincholi,C0026 ainoli,837,41.13,27.5,5.0,85.0,2.52
Kalaburagi,B0033 chincholi,C0312 chengata,512,39.21,26.39,5.0,80.0,-7.32
Kalaburagi,B0033 chincholi,C0347 chimmaidalai,850,37.02,28.44,0.0,80.0,5.52
Kalaburagi,B0033 chincholi,C0348 chimmanchod,844,36.75,27.48,5.0,80.0,-1.45
Kalaburagi,B0033 chincholi,C0351 chincholi,157,62.93,22.05,30.0,90.0,6.11
Kalaburagi,B0033 chincholi,C0382 degalmadi,699,38.8,27.68,5.0,80.0,4.37
Kalaburagi,B0033 chincholi,C0469 gadikeshwar,716,49.85,29.09,10.0,90.0,3.56
Kalaburagi,B0033 chincholi,C0471 gadilingadalli,271,42.27,25.89,10.0,80.0,-4.33
Kalaburagi,B0033 chincholi,C0878 kanakapur,449,42.08,30.28,5.0,90.0,0.14
Kalaburagi,B0033 chincholi,C0902 karchkhed,405,34.83,28.28,0.0,75.0,4.11
Kalaburagi,B0033 chincholi,C0954 kodli,1111,41.09,28.15,5.0,80.0,-2.23
Kalaburagi,B0033 chincholi,C0980 konchawaram,435,45.41,24.34,10.0,78.0,-5.4
Kalaburagi,B0033 chincholi,C1188 miryan,68,32.21,23.41,5.0,66.5,13.67
Kalaburagi,B0033 chincholi,C1311 nidgunda,587,32.19,25.73,0.0,70.0,-4.6
Kalaburagi,B0033 chincholi,C1399 ratkal,676,44.21,26.89,10.0,80.0,-1.03
Kalaburagi,B0033 chincholi,C1414 rummangud,1029,36.98,26.82,5.0,75.0,-0.08
Kalaburagi,B0033 chincholi,C1433 salagar basantpur,406,35.57,26.53,0.0,75.0,-6.26
Kalaburagi,B0033 chincholi,C1474 shadipur,271,44.17,25.05,10.0,75.0,2.99
Kalaburagi,B0033 chincholi,C1539 sulepeth urdu,111,50.54,26.12,10.0,80.0,-1.36
Kalaburagi,B0033 chincholi,C1540 sulepeth,529,52.53,28.2,15.0,90.0,1.59
Kalaburagi,B0033 chincholi,C1954 chincholi urdu,520,53.13,24.85,20.0,85.0,4.67
Kalaburagi,B0036 chittapur,C0038 allolli,1019,31.37,24.45,0.0,65.0,3.52
Kalaburagi,B0036 chittapur,C0085 arankal,640,34.41,27.56,0.0,75.0,-2.27
Kalaburagi,B0036 chittapur,C0224 bhankur,781,37.78,26.24,5.0,75.0,1.66
Kalaburagi,B0036 chittapur,C0232 bheemanahalli,1252,37.14,26.47,5.0,75.0,3.21
Kalaburagi,B0036 chittapur,C0542 gundagurthi,811,27.64,23.83,0.0,60.0,6.53
Kalaburagi,B0036 chittapur,C0566 halakatta,955,33.36,25.43,5.0,70.0,-0.05
Kalaburagi,B0036 chittapur,C0631 hebbal,784,33.03,25.76,5.0,70.0,2.62
Kalaburagi,B0036 chittapur,C0688 honguntta,855,30.94,26.35,0.0,70.0,4.24
Kalaburagi,B0036 chittapur,C0841 kalagi urdu,209,38.66,25.67,5.0,75.0,1.31
Kalaburagi,B0036 chittapur,C0945 kodadoor,581,43.55,27.21,10.0,80.0,1.76
Kalaburagi,B0036 chittapur,C0972 kollur,803,41.43,27.88,5.0,80.0,0.98
Kalaburagi,B0036 chittapur,C0993 korwar,827,27.5,24.87,0.0,65.0,2.74
Kalaburagi,B0036 chittapur,C1077 madaboola,509,37.64,23.65,10.0,75.0,4.23
Kalaburagi,B0036 chittapur,C1269 nalwar,300,40.37,24.83,9.5,75.0,-1.08
Kalaburagi,B0036 chittapur,C1363 pethsiroor,977,31.41,26.26,0.0,75.0,5.12
Kalaburagi,B0036 chittapur,C1401 ravoor,789,41.25,25.5,10.0,80.0,-1.0
Kalaburagi,B0036 chittapur,C1406 revaggi,257,42.68,27.02,5.0,80.0,0.74
Kalaburagi,B0036 chittapur,C1462 satnoor,798,43.11,26.04,10.0,80.0,1.36
Kalaburagi,B0036 chittapur,C1583 tengali,614,29.36,25.73,0.0,70.0,-0.91
Kalaburagi,B0048 gulbarga north,C0069 ankalaga,439,48.43,26.01,15.0,90.0,2.82
Kalaburagi,B0048 gulbarga north,C0102 aurab (b),1009,45.92,27.28,10.0,85.0,4.15
Kalaburagi,B0048 gulbarga north,C0442 dongargaon,591,43.15,26.28,10.0,80.0,-0.53
Kalaburagi,B0048 gulbarga north,C0619 harsoor,407,44.64,27.05,10.0,85.0,-1.29
Kalaburagi,B0048 gulbarga north,C0792 jeevanagi,434,41.89,27.2,5.0,80.0,2.13
Kalaburagi,B0048 gulbarga north,C0854 kallahangarga,611,49.5,25.55,15.0,85.0,1.63
Kalaburagi,B0048 gulbarga north,C0858 kalmood,289,39.19,25.24,10.0,75.0,-7.39
Kalaburagi,B0048 gulbarga north,C0864 kamalapur,94,42.77,19.71,20.0,70.0,2.06
Kalaburagi,B0048 gulbarga north,C1096 mahagaon,336,42.29,26.43,5.0,80.0,-3.3
Kalaburagi,B0048 gulbarga north,C1262 nagoor,191,40.26,25.78,10.0,80.0,0.98
Kalaburagi,B0048 gulbarga north,C1329 okali,194,45.31,25.99,10.0,80.0,-3.73
Kalaburagi,B0048 gulbarga north,C1525 sonth,492,50.53,30.17,10.0,90.0,2.02
Kalaburagi,B0048 gulbarga north,C1562 tajsultanpur,192,53.59,27.52,10.5,90.0,2.59
Kalaburagi,B0049 gulbarga south,C0230 bheemalli,532,41.37,24.55,10.0,75.0,2.52
Kalaburagi,B0049 gulbarga south,C0461 faratabad urdu,588,45.14,26.59,10.0,85.0,3.38
Kalaburagi,B0049 gulbarga south,C0462 faratabad,1203,39.81,27.56,5.0,80.0,-0.31
Kalaburagi,B0049 gulbarga south,C0562 hagargundagi,718,48.56,28.06,10.0,85.0,3.65
Kalaburagi,B0049 gulbarga south,C0689 honna kiranagi,813,44.24,25.8,10.0,80.0,5.2
Kalaburagi,B0049 gulbarga south,C0936 khanadal,155,41.45,28.73,5.0,80.0,-0.66
Kalaburagi,B0049 gulbarga south,C1068 m s k mill gulbarga,271,34.7,24.62,5.0,65.0,-1.34
Kalaburagi,B0049 gulbarga south,C1274 nandikur,231,56.0,27.0,15.0,90.0,-1.9
Kalaburagi,B0049 gulbarga south,C1277 nandur (k),957,34.24,27.55,0.0,75.0,3.79
Kalaburagi,B0049 gulbarga south,C1355 pattan,1014,35.72,24.97,5.0,73.5,1.21
Kalaburagi,B0049 gulbarga south,C1445 sannur,473,41.5,23.64,10.0,75.0,-7.05
Kalaburagi,B0049 gulbarga south,C1480 sharan sirasagi,273,36.74,27.44,5.0,75.0,6.46
Kalaburagi,B0049 gulbarga south,C1532 srinivas saradag,149,27.08,27.25,0.0,71.0,1.49
Kalaburagi,B0073 jewargi,C0040 aloor,1586,45.25,28.26,10.0,85.0,-0.4
Kalaburagi,B0073 jewargi,C0061 andola,760,43.9,24.14,15.0,75.0,-0.86
Kalaburagi,B0073 jewargi,C0070 ankalagi,1344,42.52,30.49,0.0,85.0,-2.07
Kalaburagi,B0073 jewargi,C0081 aralagundagi,1111,55.04,30.57,10.0,95.0,-8.31
Kalaburagi,B0073 jewargi,C0254 bilwar,957,43.76,27.2,10.0,80.0,-3.97
Kalaburagi,B0073 jewargi,C0490 ganwar,835,42.56,26.05,5.0,80.0,-2.35
Kalaburagi,B0073 jewargi,C0647 hippargi,626,43.04,27.16,10.0,80.0,1.0
Kalaburagi,B0073 jewargi,C0742 ijeri,673,49.03,30.93,5.0,90.0,7.24
Kalaburagi,B0073 jewargi,C0794 jeratagi,1646,49.6,29.49,10.0,90.0,-2.58
Kalaburagi,B0073 jewargi,C0795 jewargi south,598,42.68,25.42,10.0,80.0,0.37
Kalaburagi,B0073 jewargi,C0830 kadkol,373,43.7,25.54,10.0,80.0,1.61
Kalaburagi,B0073 jewargi,C0966 kolakur,625,51.14,26.37,15.0,85.0,2.08
Kalaburagi,B0073 jewargi,C1114 malli,1901,52.97,27.91,10.0,90.0,0.42
Kalaburagi,B0073 jewargi,C1123 mandewal,971,46.46,27.87,5.0,85.0,-3.97
Kalaburagi,B0073 jewargi,C1286 naribol,1269,46.0,29.64,5.0,86.0,3.21
Kalaburagi,B0073 jewargi,C1305 nelogi,612,42.08,29.52,0.0,85.0,2.89
Kalaburagi,B0073 jewargi,C1704 wadgera,953,38.34,29.48,1.0,85.0,1.28
Kalaburagi,B0119 sedam,C0010 adaki,683,38.02,25.14,5.0,75.0,2.45
Kalaburagi,B0119 sedam,C0446 duganoor,794,45.46,26.95,10.0,80.0,7.16
Kalaburagi,B0119 sedam,C0555 habala ( t ),808,38.57,26.77,5.0,80.0,3.01
Kalaburagi,B0119 sedam,C0872 kanagadda,1463,35.81,26.28,5.0,75.0,0.61
Kalaburagi,B0119 sedam,C0947 kodala,896,54.94,28.45,15.0,90.0,4.56
Kalaburagi,B0119 sedam,C0965 kolakunda,660,29.25,26.45,0.0,70.0,-0.02
Kalaburagi,B0119 sedam,C1040 kurkunta,682,31.8,27.16,0.0,75.0,-2.31
Kalaburagi,B0119 sedam,C1059 lingampalli,159,55.13,23.95,19.0,85.0,-0.68
Kalaburagi,B0119 sedam,C1082 madana,773,34.55,26.11,5.0,75.0,2.91
Kalaburagi,B0119 sedam,C1107 malkhed,842,32.27,22.83,5.0,65.0,5.86
Kalaburagi,B0119 sedam,C1198 motakpalli,422,43.18,27.86,5.0,80.0,1.65
Kalaburagi,B0119 sedam,C1210 mudhol urdu,283,26.43,24.74,0.0,65.0,3.39
Kalaburagi,B0119 sedam,C1211 mudhol,348,23.49,20.41,0.0,50.0,0.26
Kalaburagi,B0119 sedam,C1297 neelhalli,279,42.15,25.91,5.0,75.0,2.06
Kalaburagi,B0119 sedam,C1396 ranjol,559,32.88,26.89,0.0,75.0,-1.15
Kalaburagi,B0119 sedam,C1409 ribbanpalli,322,28.17,24.1,0.0,64.5,-2.84
Kalaburagi,B0119 sedam,C1468 sedam urdu,370,52.65,26.11,15.0,85.0,-3.28
Kalaburagi,B0119 sedam,C1630 udagi,173,41.04,25.54,10.0,75.0,1.7
Kodagu,B0092 madikeri,C0216 bhagamandala,522,54.42,24.56,20.0,85.0,6.38
Kodagu,B0092 madikeri,C0308 chayyandane,381,51.52,26.91,15.0,90.0,5.27
Kodagu,B0092 madikeri,C0313 cherambane,230,58.76,26.04,20.0,90.0,9.17
Kodagu,B0092 madikeri,C0315 chettalli,202,53.49,29.06,10.0,90.0,1.52
Kodagu,B0092 madikeri,C0822 kadagadalu,351,54.02,26.86,15.0,90.0,6.23
Kodagu,B0092 madikeri,C0839 kakkabe,193,50.83,25.79,15.0,85.0,-3.77
Kodagu,B0092 madikeri,C0906 karike,161,56.58,25.23,20.0,85.0,6.8
Kodagu,B0092 madikeri,C1090 madikeri,209,65.57,21.8,34.0,95.0,8.0
Kodagu,B0092 madikeri,C1179 mekeri,262,66.18,24.17,30.0,95.0,7.48
Kodagu,B0092 madikeri,C1233 murnadu,724,50.81,25.2,20.0,85.0,4.74
Kodagu,B0092 madikeri,C1280 napoklu,836,47.75,25.14,15.0,85.0,1.71
Kodagu,B0092 madikeri,C1358 peraje,246,64.55,24.26,27.5,95.0,1.64
Kodagu,B0092 madikeri,C1437 sampaje,459,62.98,26.1,25.0,95.0,3.76
Kodagu,B0129 somavarpet,C0213 bessur,209,57.34,25.5,20.0,90.0,8.32
Kodagu,B0129 somavarpet,C0315 chettalli,163,57.09,25.23,25.0,90.0,8.29
Kodagu,B0129 somavarpet,C0522 gowdali,48,54.9,26.69,15.0,90.0,3.12
Kodagu,B0129 somavarpet,C0596 handli,242,57.33,26.02,20.0,90.0,5.01
Kodagu,B0129 somavarpet,C0633 hebbale,357,58.96,25.82,25.0,90.0,8.01
Kodagu,B0129 somavarpet,C0837 kajuru,275,54.93,25.51,20.0,85.0,3.35
Kodagu,B0129 somavarpet,C0955 kodlipet,257,55.31,25.04,20.0,85.0,1.48
Kodagu,B0129 somavarpet,C1013 kudige,287,55.42,26.95,15.0,90.0,-2.8
Kodagu,B0129 somavarpet,C1084 madapur,248,62.22,22.97,30.0,90.0,0.61
Kodagu,B0129 somavarpet,C1265 najrayapatana,500,55.23,25.82,20.0,90.0,3.08
Kodagu,B0129 somavarpet,C1476 shanivarsanthe,195,61.23,25.25,25.0,90.0,7.08
Kodagu,B0129 somavarpet,C1477 shanthalli,126,64.76,23.81,30.0,95.0,6.86
Kodagu,B0129 somavarpet,C1524 somvarpet,190,57.66,26.04,20.0,90.0,6.37
Kodagu,B0129 somavarpet,C1547 suntikoppa,432,71.02,21.95,40.5,95.0,-0.8
Kodagu,B0129 somavarpet,C2040 gonimarur,187,55.96,24.47,20.0,90.0,4.76
Kodagu,B0129 somavarpet,C2044 gowdali,71,75.99,21.24,45.0,100.0,4.39
Kodagu,B0140 virajpet,C0053 ammathi vantiangadi,354,70.82,21.15,41.5,95.0,-0.17
Kodagu,B0140 virajpet,C0054 ammatti,257,50.6,25.16,15.0,85.0,-0.44
Kodagu,B0140 virajpet,C0134 balele,395,60.54,22.82,25.0,85.0,-0.53
Kodagu,B0140 virajpet,C0303 channenakote,339,52.54,23.76,20.0,85.0,2.61
Kodagu,B0140 virajpet,C0315 chettalli,48,61.67,22.23,38.5,90.0,2.64
Kodagu,B0140 virajpet,C0510 gonikoppal,492,51.63,26.85,15.0,90.0,3.71
Kodagu,B0140 virajpet,C0840 kakotu parambu,127,72.09,22.61,40.0,95.0,3.29
Kodagu,B0140 virajpet,C0859 kalthodu,459,54.84,24.69,20.0,90.0,0.51
Kodagu,B0140 virajpet,C1044 kutta,615,34.58,28.19,0.0,75.0,1.22
Kodagu,B0140 virajpet,C1174 mayamudi,265,37.92,25.63,5.0,75.0,10.15
Kodagu,B0140 virajpet,C1364 polibetta,267,51.8,26.65,20.0,90.0,-0.38
Kodagu,B0140 virajpet,C1365 ponnampet,355,38.45,25.6,5.0,75.0,4.53
Kodagu,B0140 virajpet,C1555 t. shettigeri,371,37.95,25.73,5.0,75.0,3.17
Kodagu,B0140 virajpet,C1607 thithimathi,530,56.84,27.77,15.0,90.0,-0.01
Kodagu,B0140 virajpet,C1699 virajpet,110,34.5,19.83,10.0,60.0,4.79
Kolar,B0014 bangarapete,C0154 bangarpet (urdu-1),82,50.18,26.66,10.0,80.0,8.67
Kolar,B0014 bangarapete,C0155 bangarpet,105,58.0,22.89,25.0,88.0,-6.46
Kolar,B0014 bangarapete,C0264 boodikote,291,55.55,25.82,20.0,85.0,4.4
Kolar,B0014 bangarapete,C0473 gajaga,140,50.43,26.63,10.0,85.0,2.35
Kolar,B0014 bangarapete,C0535 gullahalli,388,41.83,28.23,5.0,80.0,9.58
Kolar,B0014 bangarapete,C0713 hudukula,63,57.54,24.71,20.0,85.0,-0.89
Kolar,B0014 bangarapete,C0847 kalavanchi,155,48.39,23.67,12.0,80.0,-0.66
Kolar,B0014 bangarapete,C0897 karahalli,32,66.09,19.75,45.5,90.0,8.96
Kolar,B0014 bangarapete,C0899 karamangala,112,70.94,23.71,35.5,95.0,-2.48
Kolar,B0014 bangarapete,C0933 kethaganahalli,155,50.65,21.76,22.0,80.0,0.64
Kolar,B0014 bangarapete,C1350 paravanahalli,95,59.74,22.21,27.0,90.0,3.37
Kolar,B0014 bangarapete,C1417 s madamangala,127,60.0,24.81,20.0,90.0,-5.18
Kolar,B0014 bangarapete,C1971 dasarahosahalli,85,58.41,22.61,30.0,90.0,-5.21
Kolar,B0014 bangarapete,C2036 ghattamadamangala,170,49.47,25.66,15.0,85.0,-5.84
Kolar,B0014 bangarapete,C2419 mavahalli,73,51.44,22.34,25.0,79.0,4.49
Kolar,B0074 k g f,C0379 dasarahosahalli,104,59.09,27.52,15.0,90.0,24.3
Kolar,B0074 k g f,C0847 kalavanchi,96,73.65,26.44,27.5,100.0,21.39
Kolar,B0074 k g f,C0933 kethaganahalli,73,64.59,28.79,16.0,95.0,-9.88
Kolar,B0074 k g f,C1167 mavahalli,85,67.18,23.87,30.0,95.0,13.89
Kolar,B0079 kolar,C0184 beglihosahalli,472,54.61,26.1,20.0,90.0,-1.22
Kolar,B0079 kolar,C0193 belamaranahalli,493,58.88,26.67,20.0,90.0,0.98
Kolar,B0079 kolar,C0611 harathi,448,56.31,26.84,15.0,90.0,4.5
Kolar,B0079 kolar,C0757 itharasanahalli,277,57.74,25.89,20.0,90.0,-1.21
Kolar,B0079 kolar,C0799 joohalli (urdu-1),111,51.53,30.23,10.0,90.0,5.25
Kolar,B0079 kolar,C0824 kadahalli,235,53.83,25.99,15.0,85.0,0.08
Kolar,B0079 kolar,C0951 kodikannur,629,51.09,28.47,10.0,90.0,9.04
Kolar,B0079 kolar,C1212 mudigere,147,33.71,27.66,0.0,72.0,-0.7
Kolar,B0079 kolar,C1215 muduvadi,314,48.09,26.73,11.5,85.0,-1.9
Kolar,B0079 kolar,C1282 narasapura,674,50.67,26.22,15.0,85.0,2.67
Kolar,B0079 kolar,C1681 vadagur,532,56.5,26.19,15.0,85.0,-0.11
Kolar,B0079 kolar,C1688 vakkaleri,254,55.75,25.1,20.0,90.0,8.12
Kolar,B0079 kolar,C1756 abbani,265,57.77,28.97,15.0,95.0,0.74
Kolar,B0079 kolar,C1800 annihalli (manighatta),185,58.11,25.19,25.0,90.0,3.39
Kolar,B0079 kolar,C1803 arabikothanur,255,47.22,23.86,15.0,78.0,2.79
Kolar,B0079 kolar,C1969 darga (urdu-2),275,47.98,27.18,10.0,85.0,4.89
Kolar,B0079 kolar,C2143 holur,196,51.66,27.63,7.5,85.0,4.92
Kolar,B0079 kolar,C2181 huthur,211,60.21,26.05,25.0,95.0,-1.13
Kolar,B0079 kolar,C2210 joohalli (urdu-1),188,65.4,23.37,30.0,90.0,3.8
Kolar,B0079 kolar,C2310 kondarajanahalli(katarip),111,52.25,25.66,15.0,80.0,1.56
Kolar,B0079 kolar,C2345 kurugal,76,46.18,27.37,10.0,82.5,5.61
Kolar,B0079 kolar,C2348 kyalanur,316,53.8,30.09,12.5,90.0,6.79
Kolar,B0079 kolar,C2372 madanahalli,353,52.56,28.83,15.0,90.0,4.1
Kolar,B0079 kolar,C2376 madderi,206,48.47,26.96,10.0,85.0,3.36
Kolar,B0079 kolar,C2422 medihala,117,50.81,24.02,20.0,85.0,2.39
Kolar,B0079 kolar,C2446 muduvatti,235,50.0,27.42,15.0,85.0,5.32
Kolar,B0079 kolar,C2644 sugatur,315,64.25,27.3,20.0,95.0,1.33
Kolar,B0079 kolar,C2650 sulur,135,53.48,24.7,20.0,85.0,3.63
Kolar,B0079 kolar,C2686 thoradevandahalli,198,66.54,26.43,28.5,95.0,3.74
Kolar,B0079 kolar,C2743 vemgal,189,61.08,24.71,24.0,90.0,8.81
Kolar,B0094 malur,C0338 chikkathirupathi,532,49.12,26.35,15.0,85.0,5.39
Kolar,B0094 malur,C0811 k.g. halli,401,45.45,27.36,10.0,85.0,0.11
Kolar,B0094 malur,C1015 kudiyanur,769,56.94,26.06,20.0,90.0,4.65
Kolar,B0094 malur,C1052 lakkur,454,51.27,25.02,15.0,85.0,-2.38
Kolar,B0094 malur,C1071 m.c.halli,679,47.19,26.15,10.0,85.0,6.7
Kolar,B0094 malur,C1159 masthi,589,56.46,26.14,15.0,90.0,-0.76
Kolar,B0094 malur,C1793 anepura,193,43.29,26.25,10.0,80.0,11.44
Kolar,B0094 malur,C1805 araleri,277,49.48,26.87,15.0,85.0,3.64
Kolar,B0094 malur,C1844 banahalli,126,51.27,27.92,12.5,90.0,-2.67
Kolar,B0094 malur,C1942 chikkakunthuru,215,50.42,26.94,10.0,85.0,4.51
Kolar,B0094 malur,C1965 d.n. doddi,318,55.28,25.28,20.0,90.0,4.33
Kolar,B0094 malur,C1995 dinnahalli,390,47.04,22.32,20.0,80.0,1.35
Kolar,B0094 malur,C2007 doddashivara,144,62.85,26.11,25.0,100.0,-2.19
Kolar,B0094 malur,C2165 huladenahalli,113,76.24,15.39,55.0,95.0,-3.05
Kolar,B0094 malur,C2178 huralagere,223,54.84,24.66,20.0,85.0,4.79
Kolar,B0094 malur,C2311 kondashettihalli (urdu-2),649,46.16,28.37,10.0,90.0,-2.95
Kolar,B0094 malur,C2399 malur,174,50.55,24.64,20.0,85.0,3.62
Kolar,B0094 malur,C2548 rajenahalli,174,59.05,22.59,30.0,90.0,6.54
Kolar,B0094 malur,C2620 shivarapatna,74,67.36,23.99,26.5,95.0,-7.94
Kolar,B0094 malur,C2670 tekal,70,34.07,27.81,0.0,75.0,1.13
Kolar,B0094 malur,C2694 trunasi,218,40.32,25.37,8.5,75.0,3.47
Kolar,B0100 mulbagal,C0020 agara,209,62.01,28.47,20.0,95.0,-1.77
Kolar,B0100 mulbagal,C0602 hanumanahalli,269,48.03,26.47,10.0,85.0,-5.13
Kolar,B0100 mulbagal,C1041 kurudumale,341,45.79,33.66,0.0,90.0,1.21
Kolar,B0100 mulbagal,C1212 mudigere,147,33.03,25.05,5.0,67.0,5.61
Kolar,B0100 mulbagal,C1214 mudiyanur,276,61.0,29.09,20.0,95.0,-0.65
Kolar,B0100 mulbagal,C1278 nangali,616,48.18,29.31,7.5,85.0,5.79
Kolar,B0100 mulbagal,C1402 rayalamanadinne,397,63.07,27.22,25.0,95.0,1.7
Kolar,B0100 mulbagal,C1678 uthanur,269,54.44,28.8,10.0,90.0,2.79
Kolar,B0100 mulbagal,C1784 amblikal,229,37.58,27.73,0.0,80.0,3.8
Kolar,B0100 mulbagal,C1794 angondahalli,187,57.97,27.54,18.0,95.0,0.71
Kolar,B0100 mulbagal,C1818 avani,317,55.8,24.29,20.0,85.0,-4.33
Kolar,B0100 mulbagal,C1832 bairakur,205,58.15,27.53,15.0,90.0,-2.63
Kolar,B0100 mulbagal,C1840 balla,190,44.63,24.5,15.0,80.0,-0.99
Kolar,B0100 mulbagal,C1985 devarayasamudra,353,53.44,23.98,25.0,85.0,-1.67
Kolar,B0100 mulbagal,C2016 emmenatha,225,43.69,26.74,10.0,80.0,6.57
Kolar,B0100 mulbagal,C2048 gudipalli,115,48.09,25.28,15.0,80.0,-1.32
Kolar,B0100 mulbagal,C2052 gummakallu,230,51.11,26.62,14.5,90.0,3.96
Kolar,B0100 mulbagal,C2066 h.gollahalli,293,38.38,24.08,10.0,75.0,0.93
Kolar,B0100 mulbagal,C2111 hebbani,333,40.51,23.88,10.0,75.0,3.1
Kolar,B0100 mulbagal,C2395 mallanayakanahalli,504,52.3,28.22,15.0,90.0,2.03
Kolar,B0100 mulbagal,C2439 mothakapalli,140,48.04,31.1,5.0,90.0,-2.61
Kolar,B0100 mulbagal,C2468 n.vaddahalli,173,38.5,24.08,5.0,70.0,7.48
Kolar,B0100 mulbagal,C2527 padmaghatta (urdu-2),125,46.72,25.68,10.0,80.0,10.84
Kolar,B0100 mulbagal,C2540 pitchaguntlahalli,261,53.14,24.62,20.0,85.0,-1.3
Kolar,B0100 mulbagal,C2549 rajendrahalli,108,48.75,25.15,15.0,81.5,-2.23
Kolar,B0100 mulbagal,C2680 thayalur,170,43.26,27.47,5.0,80.0,4.64
Kolar,B0100 mulbagal,C2682 thimmaravuthanahalli,129,40.7,25.53,10.0,75.0,-0.55
Kolar,B0131 srinivasapur,C0014 addagal,285,51.96,28.69,15.0,93.0,-2.88
Kolar,B0131 srinivasapur,C0092 arikunte,142,63.66,26.97,20.0,95.0,-2.22
Kolar,B0131 srinivasapur,C0278 byraganahalli,191,54.84,30.91,10.0,95.0,-6.72
Kolar,B0131 srinivasapur,C0290 chaldiganahalli,190,51.87,24.45,20.0,80.5,5.38
Kolar,B0131 srinivasapur,C0372 dalasanur,197,60.28,28.68,20.0,95.0,7.31
Kolar,B0131 srinivasapur,C0524 gownipalli,494,45.44,28.94,5.0,85.0,2.7
Kolar,B0131 srinivasapur,C0675 hodali,267,67.88,26.45,25.0,100.0,12.92
Kolar,B0131 srinivasapur,C0762 j thimmasandra,264,56.7,28.01,15.0,90.0,-1.78
Kolar,B0131 srinivasapur,C1038 kurigepalli,168,45.33,27.14,10.0,85.0,10.66
Kolar,B0131 srinivasapur,C1054 lakshmipura,538,49.13,28.56,10.0,85.0,7.12
Kolar,B0131 srinivasapur,C1055 lakshmisagara,354,53.28,26.24,15.0,85.0,4.13
Kolar,B0131 srinivasapur,C1158 mastenahalli,294,62.86,26.19,21.5,95.0,6.92
Kolar,B0131 srinivasapur,C1213 mudimadagu,195,44.74,29.31,5.0,83.0,-5.45
Kolar,B0131 srinivasapur,C1241 muttakapalli,380,46.83,28.8,5.0,85.0,-0.95
Kolar,B0131 srinivasapur,C1270 nambihalli,300,71.18,22.59,35.0,95.0,1.25
Kolar,B0131 srinivasapur,C1302 nelavanki,311,62.2,26.23,25.0,95.0,-4.56
Kolar,B0131 srinivasapur,C1368 pulugoorkote,386,41.39,31.99,2.5,90.0,-8.87
Kolar,B0131 srinivasapur,C1403 rayalpadu,301,50.1,27.81,10.0,85.0,-3.25
Kolar,B0131 srinivasapur,C1411 ronur,250,59.72,26.7,20.0,90.0,0.89
Kolar,B0131 srinivasapur,C1521 somayajalahalli,628,56.25,28.02,15.0,90.0,4.85
Kolar,B0131 srinivasapur,C1585 thadigol,285,63.02,26.95,20.0,95.0,-3.29
Kolar,B0131 srinivasapur,C1733 yaramvaripalli,252,49.92,26.73,15.0,85.0,6.43
Kolar,B0131 srinivasapur,C1741 yeldur,197,55.69,30.37,10.0,92.0,7.03
Kolar,B0131 srinivasapur,C2016 emmenatha,72,52.22,31.26,5.0,90.0,10.06
Kolar,B0151 k g f,C1850 bangartirupathi,253,55.36,24.43,20.0,85.0,2.7
Kolar,B0151 k g f,C1876 bethamangala (urdi-2),133,41.62,22.04,15.0,70.0,-0.6
Kolar,B0151 k g f,C1877 bethamangala,371,43.29,30.52,5.0,90.0,7.95
Kolar,B0151 k g f,C2036 ghattamadamangala,329,44.21,25.51,10.0,80.0,2.94
Kolar,B0151 k g f,C2199 jakkaarasanakuppa,196,51.02,28.97,15.0,90.0,8.57
Kolar,B0151 k g f,C2262 karadaguru,222,54.44,19.17,30.0,80.0,-3.04
Kolar,B0151 k g f,C2349 kyasamballi,490,34.95,25.12,5.0,70.5,-1.38
Kolar,B0151 k g f,C2467 n.g. hulkur,362,45.21,24.02,15.0,75.0,4.9
Kolar,B0151 k g f,C2523 oorgaumpet,109,49.59,22.2,15.0,80.0,4.59
Kolar,B0151 k g f,C2551 ramasagara,160,54.19,23.55,20.0,85.0,7.54
Kolar,B0151 k g f,C2651 sundarapalya,112,57.81,21.67,30.0,89.5,1.46
Kolar,B0151 k g f,C2657 t.gollahalli,265,45.53,26.53,10.0,85.0,0.28
Koppal,B0044 gangavathi,C0064 anegundi,1032,39.08,27.99,5.0,80.0,8.7
Koppal,B0044 gangavathi,C0172 basapattan,539,54.9,25.67,19.0,85.0,2.95
Koppal,B0044 gangavathi,C0269 budagumpa,1055,44.81,29.59,5.0,85.0,3.3
Koppal,B0044 gangavathi,C0291 challur,1198,46.49,27.81,10.0,85.0,1.57
Koppal,B0044 gangavathi,C0329 chikkadankanakal,744,46.58,25.51,10.0,80.0,4.69
Koppal,B0044 gangavathi,C0334 chikkajanthakal,1214,35.3,26.79,5.0,75.0,4.35
Koppal,B0044 gangavathi,C0657 hirejanthakal,383,39.43,26.62,5.0,80.0,-0.99
Koppal,B0044 gangavathi,C0718 hulihydar,950,38.69,26.33,5.0,75.0,-0.19
Koppal,B0044 gangavathi,C0754 islampur west,381,59.8,23.26,25.0,90.0,-0.21
Koppal,B0044 gangavathi,C0876 kanakagiri north,401,54.25,24.94,20.0,85.0,-9.65
Koppal,B0044 gangavathi,C0877 kanakagiri south,1364,42.42,25.01,10.0,75.0,0.33
Koppal,B0044 gangavathi,C0900 karatagi east,423,41.11,25.17,10.0,75.0,-3.49
Koppal,B0044 gangavathi,C0901 karatagi west,335,50.28,24.45,15.0,85.0,-0.88
Koppal,B0044 gangavathi,C0930 kesarahatti,1068,44.44,27.76,5.0,85.0,1.14
Koppal,B0044 gangavathi,C1144 marali,662,37.76,25.75,5.0,75.0,5.13
Koppal,B0044 gangavathi,C1234 musalapur,675,55.2,27.75,15.0,90.0,-0.44
Koppal,B0044 gangavathi,C1290 navali,867,50.34,25.58,15.0,85.0,-0.43
Koppal,B0044 gangavathi,C1501 siddapur,825,48.1,27.79,10.0,85.0,-0.72
Koppal,B0044 gangavathi,C1533 sriramanagar,726,43.75,26.47,10.0,80.0,8.73
Koppal,B0044 gangavathi,C1641 ulenoor,779,50.55,28.52,10.0,90.0,-4.04
Koppal,B0044 gangavathi,C1692 venkatagiri,862,45.1,27.49,5.0,80.0,0.73
Koppal,B0081 koppal,C0018 agalakera,924,53.36,26.99,15.0,90.0,-0.09
Koppal,B0081 koppal,C0032 alawandi,897,45.62,29.08,5.0,85.0,1.78
Koppal,B0081 koppal,C0214 betageri,1187,44.59,28.18,5.0,85.0,0.95
Koppal,B0081 koppal,C0218 bhahaddurbandi,697,52.35,26.69,15.0,90.0,0.27
Koppal,B0081 koppal,C0262 boodagumpa,1280,43.79,27.04,10.0,80.0,-0.16
Koppal,B0081 koppal,C0502 gingera,1366,49.81,26.59,15.0,85.0,1.7
Koppal,B0081 koppal,C0564 halageri,733,59.45,23.8,25.0,90.0,-2.06
Koppal,B0081 koppal,C0623 hasagal,1099,48.94,25.79,10.0,85.0,1.72
Koppal,B0081 koppal,C0665 hiresindhogi,890,40.95,27.88,5.0,80.0,3.86
Koppal,B0081 koppal,C0672 hitnal,976,48.48,28.04,10.0,85.0,3.21
Koppal,B0081 koppal,C0751 irakalagada,1067,51.05,25.91,15.0,85.0,-2.02
Koppal,B0081 koppal,C0918 kawalur,882,50.58,25.87,15.0,85.0,4.2
Koppal,B0081 koppal,C0941 kinnal(bhagyanagar),808,53.83,28.53,10.0,90.0,4.12
Koppal,B0081 koppal,C0973 kolur,705,55.44,27.42,15.0,90.0,0.99
Koppal,B0081 koppal,C1019 kukanapalli,801,58.22,24.51,25.0,90.0,-2.03
Koppal,B0081 koppal,C1033 kunikeri,330,47.98,24.67,15.0,80.0,2.38
Koppal,B0081 koppal,C1227 munerabada,797,51.35,27.05,15.0,85.0,7.95
Koppal,B0085 kuknoor,C0256 binnal,972,45.2,26.6,10.0,80.0,1.49
Koppal,B0085 kuknoor,C0756 itagi,721,47.91,28.07,10.0,85.0,2.1
Koppal,B0085 kuknoor,C1011 kudarimoti,1359,37.2,26.18,5.0,75.0,3.81
Koppal,B0085 kuknoor,C1020 kukanoor,1223,46.46,26.76,10.0,85.0,-2.68
Koppal,B0085 kuknoor,C1126 mangalore,449,49.57,25.55,15.0,80.0,-3.73
Koppal,B0085 kuknoor,C1565 talakal,1067,50.46,27.32,10.0,85.0,5.12
Koppal,B0085 kuknoor,C1715 yadiyapura,334,61.38,22.65,25.0,85.0,-6.54
Koppal,B0088 kustagi,C0012 adavibhavi,833,47.35,28.27,5.0,85.0,-3.24
Koppal,B0088 kustagi,C0244 bijakal,957,46.42,24.98,10.0,80.0,-2.65
Koppal,B0088 kustagi,C0289 chalageri,1036,47.15,26.02,10.0,85.0,-6.75
Koppal,B0088 kustagi,C0444 dotihal,791,48.12,25.81,10.0,80.0,-2.76
Koppal,B0088 kustagi,C0603 hanumanal,1733,46.34,26.6,10.0,85.0,-1.5
Koppal,B0088 kustagi,C0606 hanumasagar,929,58.86,25.85,20.0,90.0,-2.15
Koppal,B0088 kustagi,C0652 hiregonnagar,983,49.31,27.65,10.0,85.0,1.53
Koppal,B0088 kustagi,C0662 hiremannapur,1299,46.94,27.45,10.0,85.0,-1.03
Koppal,B0088 kustagi,C0717 hulgeri,1146,46.03,27.14,7.5,85.0,-2.1
Koppal,B0088 kustagi,C0765 j.gudadoor,441,57.12,26.5,15.0,90.0,0.38
Koppal,B0088 kustagi,C0800 jumalapur,724,46.82,25.18,10.0,80.0,-0.76
Koppal,B0088 kustagi,C0940 killarahatti,408,56.57,23.88,25.0,90.0,-4.2
Koppal,B0088 kustagi,C0989 koradakera,1324,42.33,27.03,5.0,80.0,-0.99
Koppal,B0088 kustagi,C1182 menedhal,699,43.48,26.07,5.0,80.0,1.89
Koppal,B0088 kustagi,C1207 mudenoor,543,49.13,27.96,6.0,85.0,1.84
Koppal,B0088 kustagi,C1314 nilogal,719,50.79,27.83,10.0,85.0,-6.37
Koppal,B0088 kustagi,C1441 sanganahal,368,53.89,23.54,20.0,85.0,0.86
Koppal,B0143 yelburga,C0150 bandi,1747,40.43,27.19,5.0,80.0,2.52
Koppal,B0143 yelburga,C0215 bevoor,1256,41.1,27.79,5.0,80.0,1.53
Koppal,B0143 yelburga,C0256 binnal,187,62.54,22.5,30.0,90.0,-0.08
Koppal,B0143 yelburga,C0335 chikkamyagiri,902,48.34,25.75,10.0,85.0,6.45
Koppal,B0143 yelburga,C0545 gunnal,1199,47.18,27.26,10.0,85.0,0.42
Koppal,B0143 yelburga,C0651 hirearalihalli,606,44.78,26.67,10.0,80.0,-1.61
Koppal,B0143 yelburga,C0666 hirevankalakunta,358,62.97,24.32,25.0,90.0,0.48
Koppal,B0143 yelburga,C1211 mudhol,1300,57.78,30.16,10.0,95.0,3.89
Koppal,B0143 yelburga,C1566 talakere,1068,46.4,28.96,5.0,85.0,-2.62
Koppal,B0143 yelburga,C1687 vajrabandi,773,43.4,26.63,10.0,80.0,2.44
Koppal,B0143 yelburga,C1738 yelaburga,931,47.99,28.02,10.0,85.0,3.9
Mandya,B0083 krishnaraja pet,C0136 balenahalli,5,79.0,11.4,68.0,88.0,-1.67
Mandya,B0090 maddur,C0074 annuru,579,50.73,26.86,15.0,86.0,-2.48
Mandya,B0090 maddur,C0212 besagara hally,376,60.82,26.4,22.5,90.0,11.79
Mandya,B0090 maddur,C0324 chikkaarasinakere,293,68.72,22.96,35.0,95.0,3.6
Mandya,B0090 maddur,C0642 hemmanahally,270,50.56,26.95,15.0,90.0,6.5
Mandya,B0090 maddur,C0807 k. honnalagere,440,55.0,26.3,15.0,90.0,3.05
Mandya,B0090 maddur,C0810 k.bellur,338,50.96,27.72,15.0,85.0,9.07
Mandya,B0090 maddur,C0931 kesthur,214,53.41,28.91,10.0,90.0,7.76
Mandya,B0090 maddur,C0987 koppa,91,67.86,22.82,35.0,95.0,11.94
Mandya,B0090 maddur,C1005 kowdale,261,56.3,25.26,15.0,90.0,8.8
Mandya,B0090 maddur,C1611 thorebommanahally,568,56.38,25.4,20.0,90.0,4.25
Mandya,B0090 maddur,C1755 abalavadi,132,58.98,24.71,25.0,90.0,0.44
Mandya,B0090 maddur,C2032 gejjalagere,379,50.4,28.11,15.0,90.0,4.65
Mandya,B0090 maddur,C2216 k.h. koppalu,80,56.19,26.81,15.0,90.0,-2.71
Mandya,B0090 maddur,C2217 k.k. hally,329,54.89,29.77,10.0,95.0,4.12
Mandya,B0090 maddur,C2374 madarahalli,293,50.6,27.48,15.0,90.0,4.99
Mandya,B0090 maddur,C2377 maddur,147,53.84,26.73,15.0,90.0,11.67
Mandya,B0090 maddur,C2394 mallanakuppe,139,52.19,26.74,15.0,90.0,-3.57
Mandya,B0090 maddur,C2472 nagarakere,353,53.2,25.86,20.0,85.0,1.96
Mandya,B0090 maddur,C2519 niluvagilu,257,49.59,26.59,10.0,80.0,9.63
Mandya,B0090 maddur,C2634 somanahalli,300,50.17,26.18,15.0,90.0,6.14
Mandya,B0090 maddur,C2844 hebbaralu,62,63.87,23.98,30.5,95.0,5.48
Mandya,B0093 malavally,C0107 b g pura,315,47.35,27.91,5.0,85.0,1.9
Mandya,B0093 malavally,C0153 bandur,385,57.43,27.63,15.0,90.0,7.54
Mandya,B0093 malavally,C0558 hadli,543,54.4,25.97,15.0,90.0,6.95
Mandya,B0093 malavally,C0565 halagur,453,64.05,25.18,25.0,95.0,3.67
Mandya,B0093 malavally,C0700 hosa hally,406,62.13,27.15,25.0,95.0,9.8
Mandya,B0093 malavally,C1102 malavally,84,43.21,26.36,11.5,85.0,11.04
Mandya,B0093 malavally,C1320 nitturu,341,57.65,25.71,25.0,90.0,5.29
Mandya,B0093 malavally,C1375 ragibommana hally,291,63.68,26.25,25.0,95.0,3.97
Mandya,B0093 malavally,C1557 t.kagepura,316,49.97,29.27,10.0,90.0,8.61
Mandya,B0093 malavally,C1868 belakavadi,317,50.74,27.55,10.0,85.0,2.62
Mandya,B0093 malavally,C1909 byadarahalli,290,52.93,25.38,19.5,85.0,7.22
Mandya,B0093 malavally,C1961 chottana halli,357,54.24,27.21,15.0,85.0,1.31
Mandya,B0093 malavally,C1964 d.halasa halli,333,52.52,25.86,20.0,90.0,1.54
Mandya,B0093 malavally,C2055 gundapura,285,47.23,27.39,10.0,85.0,0.11
Mandya,B0093 malavally,C2065 h. h. koppalu,453,49.53,23.94,15.0,80.0,4.81
Mandya,B0093 malavally,C2180 huskuru,351,53.9,25.79,20.0,85.0,5.92
Mandya,B0093 malavally,C2239 kalkuni,390,53.9,25.72,15.0,85.5,4.23
Mandya,B0093 malavally,C2298 kirugavalu,381,57.82,26.73,20.0,90.0,5.5
Mandya,B0093 malavally,C2351 kyathegowdanadoddi,343,52.46,26.66,15.0,89.0,2.5
Mandya,B0093 malavally,C2541 purigali,431,48.84,26.35,10.0,85.0,4.06
Mandya,B0093 malavally,C2560 ravani,439,54.16,27.04,20.0,90.0,3.59
Mandya,B0093 malavally,C2645 sujjaloor,216,51.44,24.08,20.0,85.0,2.37
Mandya,B0103 nagamangala,C0015 addihalli,130,59.27,25.31,25.0,90.0,7.33
Mandya,B0103 nagamangala,C0059 anchechittanahalli,308,66.28,25.51,25.0,95.0,6.81
Mandya,B0103 nagamangala,C0202 bellur,158,62.22,27.48,15.0,95.0,1.07
Mandya,B0103 nagamangala,C0232 bheemanahalli,213,58.15,29.68,15.0,95.0,8.38
Mandya,B0103 nagamangala,C0255 bindiganavile,108,61.62,23.04,30.0,90.0,-4.51
Mandya,B0103 nagamangala,C0258 bogadi,315,62.76,28.02,20.0,95.0,4.94
Mandya,B0103 nagamangala,C0267 brahmadevara hally,352,60.98,24.68,25.0,90.0,-1.8
Mandya,B0103 nagamangala,C0310 cheenya,274,65.42,24.43,26.5,93.5,1.97
Mandya,B0103 nagamangala,C0368 chunchanahalli,169,78.05,18.19,54.0,100.0,1.66
Mandya,B0103 nagamangala,C0386 devalapura,253,65.67,23.98,30.0,95.0,0.87
Mandya,B0103 nagamangala,C0393 devara mallanayakanahalli,181,63.7,28.71,20.0,95.0,5.35
Mandya,B0103 nagamangala,C0687 honakere,170,54.94,27.32,14.5,85.0,-0.89
Mandya,B0103 nagamangala,C0693 honnavara,269,65.3,24.52,30.0,90.0,2.65
Mandya,B0103 nagamangala,C0705 hosakki palya,259,62.22,24.14,25.0,90.0,-2.26
Mandya,B0103 nagamangala,C0818 kadaba hally,239,60.42,23.11,30.0,90.0,2.58
Mandya,B0103 nagamangala,C0894 karada hally,285,62.61,26.36,25.0,95.0,0.41
Mandya,B0103 nagamangala,C0986 koochahalli,220,71.93,20.88,40.0,95.0,3.55
Mandya,B0103 nagamangala,C1056 lalanakere,137,58.47,26.55,15.0,90.0,1.84
Mandya,B0103 nagamangala,C1133 mannahalli,309,54.43,24.67,20.0,85.0,0.35
Mandya,B0103 nagamangala,C1173 mayagonahalli,220,58.32,25.81,20.0,90.0,1.88
Mandya,B0103 nagamangala,C1244 mylarapattana,379,62.66,25.76,25.0,90.0,9.6
Mandya,B0103 nagamangala,C1303 nelligere,290,66.71,25.4,25.0,95.0,6.81
Mandya,B0103 nagamangala,C1341 palagrahara,173,63.5,23.45,30.0,90.0,2.57
Mandya,B0103 nagamangala,C1594 thattekere,273,61.3,22.1,35.0,90.0,-1.14
Mandya,B0103 nagamangala,C1808 arani,227,65.13,23.83,30.0,95.0,2.23
Mandya,B0103 nagamangala,C2470 nagamangala,171,50.85,27.11,10.0,85.0,0.87
Mandya,B0109 pandavapura,C0328 chikkabyadarahalli,353,61.35,25.56,25.0,90.0,0.15
Mandya,B0109 pandavapura,C0613 haravu,287,63.82,26.27,25.0,95.0,0.67
Mandya,B0109 pandavapura,C0771 jakkana hally,346,57.49,26.24,20.0,90.0,7.46
Mandya,B0109 pandavapura,C0915 katteri,599,65.66,22.57,30.0,90.0,4.85
Mandya,B0109 pandavapura,C1046 kyathana hally,265,69.02,24.55,30.0,95.0,4.0
Mandya,B0109 pandavapura,C1055 lakshmisagara,464,70.43,22.96,40.0,95.0,2.57
Mandya,B0109 pandavapura,C1130 manikyanahalli,423,62.03,25.77,25.0,95.0,1.39
Mandya,B0109 pandavapura,C1346 pandava pura,174,72.13,22.47,40.0,95.0,1.62
Mandya,B0109 pandavapura,C1545 sunka thonnuru,542,63.18,26.14,25.0,95.0,-0.46
Mandya,B0109 pandavapura,C1852 bannangadi,375,69.95,23.43,35.0,95.0,3.22
Mandya,B0109 pandavapura,C1953 chinakurali,230,54.04,28.27,14.5,90.0,5.14
Mandya,B0109 pandavapura,C2428 melu kote,195,57.15,24.71,22.0,90.0,4.05
Mandya,B0109 pandavapura,C2492 narayana pura,183,52.4,25.0,20.0,85.0,4.48
Mandya,B0109 pandavapura,C2544 ragimuddanahalli,438,58.4,27.34,20.0,90.0,4.9
Mandya,B0132 srirangapatna,C0080 arakere,714,51.91,31.24,5.0,90.0,11.49
Mandya,B0132 srirangapatna,C0116 baburayana koppalu,257,58.74,28.78,15.0,90.0,-0.71
Mandya,B0132 srirangapatna,C0376 darasaguppe,233,59.06,28.59,16.0,95.0,3.09
Mandya,B0132 srirangapatna,C0482 ganangooru,408,67.0,24.44,30.0,95.0,6.21
Mandya,B0132 srirangapatna,C0809 k. r. sagara,354,65.51,22.73,35.0,90.0,2.61
Mandya,B0132 srirangapatna,C0952 kodiyala,542,55.18,27.07,15.0,90.0,2.98
Mandya,B0132 srirangapatna,C1094 mahadevapura,529,52.03,26.26,15.0,85.0,-0.38
Mandya,B0132 srirangapatna,C1339 pala hally,472,65.21,27.73,20.0,95.0,8.69
Mandya,B0132 srirangapatna,C1535 srirangapatna,233,60.67,26.59,25.0,90.0,1.74
Mandya,B0132 srirangapatna,C1945 chikkankana hally,293,41.57,25.08,10.0,75.0,6.81
Mandya,B0148 h.d.kote,C0116 baburayana koppalu,108,52.73,27.64,15.0,90.0,1.76
Mandya,B0155 krishnaraja pet,C0614 hariharapura,339,47.85,25.66,15.0,81.0,3.57
Mandya,B0155 krishnaraja pet,C1701 vittalapura,272,54.5,27.44,10.5,90.0,2.03
Mandya,B0155 krishnaraja pet,C1773 akki hebbalu,495,50.69,26.59,15.0,85.0,9.97
Mandya,B0155 krishnaraja pet,C1791 anegola,243,52.24,27.46,15.0,90.0,4.2
Mandya,B0155 krishnaraja pet,C1839 balenahalli,333,49.76,26.58,10.0,85.0,2.89
Mandya,B0155 krishnaraja pet,C1849 bandihole,304,49.38,26.16,10.0,85.0,4.98
Mandya,B0155 krishnaraja pet,C1865 beeruvally,262,42.81,27.74,10.0,80.0,7.91
Mandya,B0155 krishnaraja pet,C1884 bharathipura cross,282,42.02,27.34,10.0,80.0,-4.25
Mandya,B0155 krishnaraja pet,C1905 bookana kere,491,50.57,26.57,15.0,85.0,4.12
Mandya,B0155 krishnaraja pet,C1968 dabbeghatta,251,59.92,24.66,25.0,90.0,-1.44
Mandya,B0155 krishnaraja pet,C2025 gandhinagara,456,50.23,25.97,15.0,85.0,5.08
Mandya,B0155 krishnaraja pet,C2028 ganjigere,281,45.89,28.47,5.0,85.0,4.23
Mandya,B0155 krishnaraja pet,C2101 haralahally,205,49.95,25.74,20.0,85.0,10.34
Mandya,B0155 krishnaraja pet,C2105 harirayanahalli,197,52.64,24.19,20.0,85.0,4.34
Mandya,B0155 krishnaraja pet,C2187 ikanahally,492,54.44,27.2,15.5,90.0,7.83
Mandya,B0155 krishnaraja pet,C2197 jagina kere,323,46.47,25.98,15.0,80.0,6.29
Mandya,B0155 krishnaraja pet,C2329 krishnaraja pet,211,52.54,26.68,15.0,85.0,-0.16
Mandya,B0155 krishnaraja pet,C2403 mandagere,226,49.14,27.06,10.0,85.0,-3.33
Mandya,B0155 krishnaraja pet,C2583 santhe bacha hally,127,52.05,26.64,18.0,85.0,4.89
Mandya,B0155 krishnaraja pet,C2605 shilanere,248,51.07,24.35,18.5,80.0,3.65
Mandya,B0155 krishnaraja pet,C2625 sindhaghatta,144,49.9,31.92,5.0,90.0,13.57
Mandya,B0155 krishnaraja pet,C2633 somana hally,233,58.84,25.22,20.0,85.0,11.11
Mandya,B0155 krishnaraja pet,C2673 tendekere,246,49.82,26.63,15.0,85.0,6.27
Mandya,B0158 mandya north,C0680 holalu,203,61.82,27.98,15.0,95.0,-6.66
Mandya,B0158 mandya north,C1827 baby,303,53.76,28.31,15.0,90.0,5.1
Mandya,B0158 mandya north,C1858 basaralu,221,53.28,25.41,15.0,85.0,-7.84
Mandya,B0158 mandya north,C1882 bevkal,254,50.16,25.34,15.0,85.0,-2.43
Mandya,B0158 mandya north,C1893 bilidegulu,368,69.06,21.02,35.0,90.0,6.79
Mandya,B0158 mandya north,C1927 chandagalu,486,54.29,25.8,20.0,87.5,3.55
Mandya,B0158 mandya north,C1999 doddagarudanahalli,366,52.84,24.84,20.0,85.0,5.2
Mandya,B0158 mandya north,C2002 doddakottagere,328,62.23,26.5,20.0,95.0,2.32
Mandya,B0158 mandya north,C2013 dudda,309,52.75,22.37,25.0,85.0,5.74
Mandya,B0158 mandya north,C2080 hallegere,128,69.22,23.24,33.5,95.0,10.12
Mandya,B0158 mandya north,C2209 jodihodaghatta,255,68.41,18.61,45.0,95.0,6.65
Mandya,B0158 mandya north,C2286 keelara,290,48.41,26.63,15.0,85.0,7.71
Mandya,B0158 mandya north,C2291 keregodu,189,53.49,24.98,19.0,85.0,9.01
Mandya,B0158 mandya north,C2461 muttegere,299,54.7,25.55,20.0,85.0,4.08
Mandya,B0158 mandya north,C2613 shivalli,278,55.29,26.86,15.0,90.0,5.38
Mandya,B0159 mandya south,C1746 yeliyur,370,53.03,27.36,15.0,90.0,-5.89
Mandya,B0159 mandya south,C2041 gopala pura,393,57.6,28.89,15.0,95.0,6.19
Mandya,B0159 mandya south,C2076 hale boodanooru,301,54.88,29.63,15.0,95.0,8.5
Mandya,B0159 mandya south,C2256 kannali,435,51.3,26.51,15.0,90.0,9.84
Mandya,B0159 mandya south,C2325 kothathi,365,60.79,27.04,20.0,95.0,-0.26
Mandya,B0159 mandya south,C2636 soonagahally,405,53.21,28.93,10.0,90.0,3.94
Mandya,B0159 mandya south,C2677 thagga hally,443,59.65,27.28,25.0,95.0,4.87
Mysuru,B0104 nanjanagud,C0252 biligere,94,49.1,30.54,5.0,90.0,18.66
Mysuru,B0104 nanjanagud,C0421 dodda kavalande,385,50.79,29.95,10.0,90.0,4.38
Mysuru,B0104 nanjanagud,C0638 heggadahalli,432,54.57,29.2,15.0,95.0,9.11
Mysuru,B0104 nanjanagud,C0643 hemmaragala,636,47.37,26.5,10.0,85.0,2.34
Mysuru,B0104 nanjanagud,C0720 hulimavu,730,57.04,25.79,20.0,90.0,6.36
Mysuru,B0104 nanjanagud,C0724 hullahalli,569,60.79,26.17,25.0,91.0,4.97
Mysuru,B0104 nanjanagud,C0843 kalale,484,51.06,26.13,15.0,85.0,7.51
Mysuru,B0104 nanjanagud,C1551 sutturu,401,48.07,29.3,5.0,85.0,9.25
Mysuru,B0104 nanjanagud,C1586 thagadur,529,44.05,32.43,5.0,90.0,-0.1
Mysuru,B0104 nanjanagud,C1591 thandava pura,564,56.42,24.5,20.0,85.0,6.69
Mysuru,B0104 nanjanagud,C1974 debur,482,56.76,28.46,15.0,90.0,1.89
Mysuru,B0104 nanjanagud,C2153 hosa kote,343,53.13,26.64,15.0,85.0,11.69
Mysuru,B0104 nanjanagud,C2332 kudlapura,293,40.34,31.83,0.0,90.0,6.47
Mysuru,B0104 nanjanagud,C2474 nagarle,412,61.48,26.14,25.0,95.0,10.36
Mysuru,B0104 nanjanagud,C2782 badanavalu,348,51.88,24.27,20.0,85.0,3.64
Mysuru,B0104 nanjanagud,C2790 bidaragudu,292,60.0,28.89,15.0,95.0,1.05
Mysuru,B0104 nanjanagud,C2807 dasanur,229,50.31,30.27,10.0,90.0,6.19
Mysuru,B0104 nanjanagud,C2811 devanuru,286,58.6,25.13,25.0,95.0,3.86
Mysuru,B0104 nanjanagud,C2813 devarayashettipura,143,57.27,33.42,10.0,95.0,1.23
Mysuru,B0104 nanjanagud,C2833 hadya,114,40.66,29.39,5.0,85.0,7.31
Mysuru,B0104 nanjanagud,C2845 hediyala,245,37.78,27.73,2.0,78.0,9.11
Mysuru,B0104 nanjanagud,C2853 hura,227,54.54,24.65,20.0,85.0,1.32
Mysuru,B0104 nanjanagud,C2868 kanenuru,316,58.2,26.33,20.0,90.0,4.5
Mysuru,B0104 nanjanagud,C2870 kappasoge,151,49.93,34.8,5.0,95.0,10.99
Mysuru,B0104 nanjanagud,C2872 kasuvina halli,191,48.32,27.24,10.0,85.0,4.04
Mysuru,B0133 t.n.pura,C0162 bannur,246,53.54,27.77,15.0,90.0,9.77
Mysuru,B0133 t.n.pura,C0283 c b hundi,385,51.86,30.48,15.0,90.0,-2.92
Mysuru,B0133 t.n.pura,C0319 chidaravalli,404,49.43,26.53,15.0,85.0,10.0
Mysuru,B0133 t.n.pura,C0934 kethupura,761,57.72,24.55,25.0,90.0,4.8
Mysuru,B0133 t.n.pura,C0946 kodagahalli,551,75.54,19.63,45.0,100.0,5.61
Mysuru,B0133 t.n.pura,C1106 maliyur,202,49.98,27.91,10.0,85.0,5.24
Mysuru,B0133 t.n.pura,C1200 mseehalli,254,67.89,25.28,31.5,95.0,0.2
Mysuru,B0133 t.n.pura,C1237 musuvina koppalu,350,60.13,27.79,15.0,95.0,3.94
Mysuru,B0133 t.n.pura,C1395 rangasamudra,423,66.36,21.82,36.0,95.0,6.51
Mysuru,B0133 t.n.pura,C1530 sosale,613,52.11,26.55,15.0,90.0,9.25
Mysuru,B0133 t.n.pura,C1564 talakadu,431,53.11,30.24,10.0,90.0,0.8
Mysuru,B0133 t.n.pura,C1710 yadadore,207,70.17,18.83,45.0,90.0,5.07
Mysuru,B0133 t.n.pura,C2078 halekempayyanahundi,524,62.15,28.12,20.0,95.0,3.36
Mysuru,B0133 t.n.pura,C2379 madhapura,442,55.07,28.64,15.0,90.0,-0.6
Mysuru,B0133 t.n.pura,C2430 menasi kyathanahalli,90,78.44,22.0,45.0,100.0,11.85
Mysuru,B0133 t.n.pura,C2450 muguru,592,64.86,24.68,30.0,95.0,8.7
Mysuru,B0133 t.n.pura,C2792 bilagerehundi,127,50.0,24.32,20.0,85.0,13.85
Mysuru,B0133 t.n.pura,C2850 hosakukkur 1,200,48.72,24.75,19.5,80.0,12.64
Mysuru,B0133 t.n.pura,C2907 nergyathanahalli,152,63.68,27.09,25.0,95.0,7.62
Mysuru,B0148 h.d.kote,C0074 annuru,514,43.31,26.73,10.0,85.0,-0.31
Mysuru,B0148 h.d.kote,C1200 mseehalli,78,59.94,21.93,25.0,86.5,6.67
Mysuru,B0148 h.d.kote,C1222 mulluru,351,61.1,24.58,25.0,90.0,3.12
Mysuru,B0148 h.d.kote,C1779 alanahalli,324,71.98,24.89,35.0,100.0,1.11
Mysuru,B0148 h.d.kote,C1802 antharasanthe,485,47.47,27.57,10.0,85.0,7.0
Mysuru,B0148 h.d.kote,C2025 gandhinagara,267,58.91,25.59,25.0,90.0,7.69
Mysuru,B0148 h.d.kote,C2109 hebbalaguppe,447,46.7,26.94,10.0,85.0,4.99
Mysuru,B0148 h.d.kote,C2112 hegganur colony,390,61.36,26.91,19.5,90.0,8.93
Mysuru,B0148 h.d.kote,C2214 k.belthuru,444,50.54,27.51,10.0,85.0,7.58
Mysuru,B0148 h.d.kote,C2280 katte manuganahalli,149,61.11,23.61,29.0,90.0,2.28
Mysuru,B0148 h.d.kote,C2350 kyathanahalli,334,48.82,26.13,15.0,85.0,4.88
Mysuru,B0148 h.d.kote,C2373 madapura-hdk,656,42.87,27.27,10.0,80.0,3.59
Mysuru,B0148 h.d.kote,C2466 n.begur,280,57.07,24.81,20.0,90.0,7.07
Mysuru,B0148 h.d.kote,C2587 saragur,65,64.85,19.92,32.0,85.0,2.12
Mysuru,B0148 h.d.kote,C2779 b.matakere,110,69.41,21.84,40.0,95.0,6.52
Mysuru,B0148 h.d.kote,C2786 beechana halli,146,44.97,23.36,15.0,75.0,-0.91
Mysuru,B0148 h.d.kote,C2808 db kuppe,120,33.54,24.47,5.0,65.5,-3.43
Mysuru,B0148 h.d.kote,C2837 hampapura-hdk,351,37.17,26.19,5.0,75.0,7.56
Mysuru,B0148 h.d.kote,C2881 m c thalalu,219,76.05,17.0,50.0,95.0,3.17
Mysuru,B0148 h.d.kote,C2927 savve,137,50.73,25.76,15.0,85.0,7.07
Mysuru,B0150 hunsur,C1222 mulluru,141,49.89,27.26,10.0,85.0,-1.68
Mysuru,B0150 hunsur,C1594 thattekere,77,41.43,22.94,15.0,72.0,5.61
Mysuru,B0150 hunsur,C1853 bannikuppe,395,49.58,25.21,15.0,85.0,0.74
Mysuru,B0150 hunsur,C1863 beejaganahalli,588,51.45,26.92,15.0,90.0,6.82
Mysuru,B0150 hunsur,C1894 bilikere,464,53.46,27.16,15.0,90.0,0.68
Mysuru,B0150 hunsur,C1925 challahalli,348,60.34,24.24,30.0,95.0,9.18
Mysuru,B0150 hunsur,C1949 chilkunda,617,43.11,26.35,10.0,80.0,5.09
Mysuru,B0150 hunsur,C2031 gavadagere,422,59.91,25.52,25.0,95.0,0.64
Mysuru,B0150 hunsur,C2059 gurupura,219,58.11,27.71,15.0,90.0,5.78
Mysuru,B0150 hunsur,C2077 halebeedu,98,49.03,27.17,13.5,90.0,0.71
Mysuru,B0150 hunsur,C2086 hanagodu,325,55.82,26.08,17.0,90.0,1.9
Mysuru,B0150 hunsur,C2139 hirikyathanahalli,148,52.91,23.04,20.0,85.0,3.32
Mysuru,B0150 hunsur,C2269 karimuddana halli,492,48.71,26.34,15.0,85.0,1.08
Mysuru,B0150 hunsur,C2273 karnakuppe,197,41.52,24.76,5.0,75.0,1.73
Mysuru,B0150 hunsur,C2628 singaramaranahalli,232,45.17,27.08,10.0,85.0,6.46
Mysuru,B0150 hunsur,C2793 bolanahalli,279,61.74,25.63,25.0,95.0,3.64
Mysuru,B0150 hunsur,C2800 chikkahunsur,59,52.2,28.27,10.0,86.0,5.35
Mysuru,B0150 hunsur,C2816 doddahejjuru,193,40.67,25.44,10.0,75.0,10.22
Mysuru,B0150 hunsur,C2862 k.m.vadi,143,56.82,28.24,15.0,95.0,0.83
Mysuru,B0150 hunsur,C2921 rathnapuri colony,179,64.86,22.34,35.0,90.0,10.15
Mysuru,B0156 krishnarajanagara,C0695 honnenahalli,90,52.17,33.28,10.0,95.0,-8.03
Mysuru,B0156 krishnarajanagara,C1804 arakere koppalu,247,50.08,31.32,10.0,90.0,7.74
Mysuru,B0156 krishnarajanagara,C1887 bherya,260,53.5,28.44,15.0,90.0,1.81
Mysuru,B0156 krishnarajanagara,C1909 byadarahalli,255,48.16,29.6,10.0,90.0,3.17
Mysuru,B0156 krishnarajanagara,C2084 hampapura,430,45.8,28.0,10.0,90.0,2.12
Mysuru,B0156 krishnarajanagara,C2089 hanasoge,186,60.81,23.5,25.0,90.0,-1.7
Mysuru,B0156 krishnarajanagara,C2099 haradanahalli,211,51.02,28.84,10.0,90.0,4.06
Mysuru,B0156 krishnarajanagara,C2110 hebbalu,281,48.1,26.75,10.0,85.0,1.98
Mysuru,B0156 krishnarajanagara,C2152 hosa agrahara,102,72.3,20.92,45.0,99.5,-1.86
Mysuru,B0156 krishnarajanagara,C2156 hosakote,235,50.4,27.56,15.0,90.0,2.81
Mysuru,B0156 krishnarajanagara,C2160 hosuru,172,71.08,24.39,30.0,100.0,1.03
Mysuru,B0156 krishnarajanagara,C2339 kuppahalli,175,51.89,24.85,20.0,85.0,-1.94
Mysuru,B0156 krishnarajanagara,C2420 mavathuru,306,51.26,29.01,15.0,90.0,7.54
Mysuru,B0156 krishnarajanagara,C2575 saligrama,293,63.99,22.73,30.0,90.0,1.5
Mysuru,B0156 krishnarajanagara,C2863 kaggere,253,59.13,25.66,25.0,95.0,-4.78
Mysuru,B0156 krishnarajanagara,C2892 mayigowdanahalli,147,52.01,25.54,18.0,85.0,7.62
Mysuru,B0156 krishnarajanagara,C2893 meluru,142,56.09,26.61,20.0,90.0,-0.62
Mysuru,B0162 mysore rural,C0258 bogadi,212,71.32,22.35,40.0,95.0,1.65
Mysuru,B0162 mysore rural,C1779 alanahalli,593,52.91,26.9,15.0,90.0,5.76
Mysuru,B0162 mysore rural,C1864 beeri hundi,196,44.54,24.7,10.0,80.0,9.06
Mysuru,B0162 mysore rural,C1966 d.salundi,331,57.67,27.13,20.0,90.0,3.8
Mysuru,B0162 mysore rural,C1979 devala pura,260,66.54,22.66,30.0,95.0,6.0
Mysuru,B0162 mysore rural,C2106 harohalli,374,38.65,25.62,6.5,75.0,6.87
Mysuru,B0162 mysore rural,C2203 jaya pura,282,46.51,25.71,15.0,80.0,6.4
Mysuru,B0162 mysore rural,C2218 k.r.mills colony,337,49.9,29.25,10.0,90.0,1.27
Mysuru,B0162 mysore rural,C2221 kadakola,426,50.2,28.59,10.0,90.0,5.18
Mysuru,B0162 mysore rural,C2285 keelanapura,490,55.84,25.06,20.0,90.0,3.33
Mysuru,B0162 mysore rural,C2427 mellahalli,315,61.67,25.45,25.0,95.0,7.42
Mysuru,B0162 mysore rural,C2704 udbur,553,63.63,23.12,30.0,90.0,2.46
Mysuru,B0162 mysore rural,C2736 uthanahalli,278,56.03,25.29,20.0,90.0,3.31
Mysuru,B0162 mysore rural,C2769 yelwala,315,62.52,22.46,30.0,90.0,3.95
Mysuru,B0162 mysore rural,C2839 hanchya,69,74.64,22.46,40.0,100.0,12.91
Mysuru,B0162 mysore rural,C2866 kalluru nagana halli,192,47.27,25.89,15.0,85.0,5.29
Mysuru,B0164 periya patna,C1816 attigodu,665,61.53,23.04,30.0,93.0,4.45
Mysuru,B0164 periya patna,C1831 bailukuppe,325,67.74,24.79,35.0,100.0,3.33
Mysuru,B0164 periya patna,C1878 bettada pura,371,63.58,23.98,30.0,95.0,5.51
Mysuru,B0164 periya patna,C1933 chapparada halli,323,84.71,14.87,65.0,100.0,4.04
Mysuru,B0164 periya patna,C1944 chikkanerale,202,56.66,25.86,25.0,90.0,8.27
Mysuru,B0164 periya patna,C1996 dodda belalu,424,68.6,24.83,30.0,95.0,0.66
Mysuru,B0164 periya patna,C2094 handithavalli,420,57.57,22.22,30.0,85.0,1.62
Mysuru,B0164 periya patna,C2141 hitnehebbagilu,232,61.1,21.64,30.0,90.0,1.98
Mysuru,B0164 periya patna,C2174 hunasa vadi,319,55.83,25.53,20.0,90.0,11.46
Mysuru,B0164 periya patna,C2246 kamplapura,213,63.19,26.4,25.0,90.0,4.09
Mysuru,B0164 periya patna,C2248 kanagalu,77,50.06,31.48,8.0,90.0,-4.56
Mysuru,B0164 periya patna,C2390 makodu,229,65.7,22.3,35.0,90.0,4.17
Mysuru,B0164 periya patna,C2393 malangi,206,74.15,23.13,40.0,100.0,4.48
Mysuru,B0164 periya patna,C2532 panchavalli,330,64.29,25.04,25.0,95.0,8.3
Mysuru,B0164 periya patna,C2559 ravandur,68,66.47,12.73,53.5,85.0,-4.49
Mysuru,B0164 periya patna,C2787 benagalu,198,52.05,30.38,10.0,95.0,0.68
Mysuru,B0164 periya patna,C2789 bhuvana halli,287,60.38,30.27,15.0,95.0,3.8
Mysuru,B0164 periya patna,C2804 chittenahalli,144,84.48,14.8,65.0,100.0,3.49
Mysuru,B0164 periya patna,C2817 doddakamaravalli,77,47.66,28.58,13.0,85.0,-5.29
Mysuru,B0164 periya patna,C2899 muthuru,145,78.41,21.54,50.0,100.0,6.73
Raichur,B0039 devadurga,C0036 alkod,1114,34.11,24.11,5.0,70.0,-0.86
Raichur,B0039 devadurga,C0094 arkera,991,40.72,27.22,5.0,80.0,0.76
Raichur,B0039 devadurga,C0108 b ganekal,256,47.58,24.1,15.0,80.0,-4.21
Raichur,B0039 devadurga,C0440 dondambralli,746,39.1,24.66,10.0,75.0,-1.51
Raichur,B0039 devadurga,C0466 gabbur,833,35.02,26.04,0.0,75.0,-0.38
Raichur,B0039 devadurga,C0476 galag,1008,39.16,28.48,5.0,80.0,-0.25
Raichur,B0039 devadurga,C0481 ganadal,630,40.79,26.41,5.0,80.0,-2.04
Raichur,B0039 devadurga,C0484 gandhal,455,50.67,28.46,10.0,90.0,4.0
Raichur,B0039 devadurga,C0534 gugal,819,44.94,25.19,10.0,80.0,1.58
Raichur,B0039 devadurga,C0551 h siddapur,584,47.4,25.0,15.0,80.0,-4.18
Raichur,B0039 devadurga,C0772 jalahalli west,452,54.88,23.44,20.0,85.0,4.19
Raichur,B0039 devadurga,C0773 jalahalli,1198,48.75,27.31,10.0,85.0,1.04
Raichur,B0039 devadurga,C0808 k. irabagera,676,43.37,24.37,10.0,75.0,-4.57
Raichur,B0039 devadurga,C0988 koppar,355,46.11,26.86,10.0,80.0,-0.22
Raichur,B0039 devadurga,C0999 kottadoddi,464,53.33,24.05,20.0,85.0,-2.72
Raichur,B0039 devadurga,C1045 kyadigera,451,34.83,27.11,5.0,75.0,-2.41
Raichur,B0039 devadurga,C1109 malladevaragudda,579,41.01,25.55,5.0,75.0,1.17
Raichur,B0039 devadurga,C1155 masarakal,582,55.79,24.75,20.0,85.0,4.17
Raichur,B0039 devadurga,C1249 nagadadinni,836,37.05,27.53,5.0,80.0,1.44
Raichur,B0039 devadurga,C1546 sunkeswarahal,430,50.21,28.93,10.0,85.0,3.21
Raichur,B0039 devadurga,C1659 urdu devadurga,239,41.53,27.98,5.0,80.0,-3.09
Raichur,B0039 devadurga,C1977 devadurga west,180,32.94,23.11,5.0,70.0,0.4
Raichur,B0039 devadurga,C2457 mustur,37,53.78,21.65,25.0,77.0,-11.92
Raichur,B0039 devadurga,C2809 devadurga south,256,35.98,26.62,5.0,75.0,0.92
Raichur,B0089 lingasugur,C0048 amdihal,586,53.34,25.95,15.0,85.0,-0.98
Raichur,B0089 lingasugur,C0157 bannigol,978,45.79,26.1,10.0,80.0,0.45
Raichur,B0089 lingasugur,C0181 bayyapur,515,45.5,27.32,10.0,85.0,-10.3
Raichur,B0089 lingasugur,C0394 devarabhupur,789,41.08,25.55,5.0,75.0,0.41
Raichur,B0089 lingasugur,C0455 echanal,1321,43.95,27.66,5.0,80.0,-1.8
Raichur,B0089 lingasugur,C0516 goudur,1063,44.2,25.79,10.0,80.0,-0.73
Raichur,B0089 lingasugur,C0546 guntagol,384,46.11,27.57,5.0,80.0,-11.83
Raichur,B0089 lingasugur,C0547 guragunta,922,36.6,25.85,5.0,75.0,2.53
Raichur,B0089 lingasugur,C0846 kalapur,570,46.04,25.48,15.0,80.0,-2.92
Raichur,B0089 lingasugur,C0890 kannal,468,40.2,26.21,5.0,80.0,-4.0
Raichur,B0089 lingasugur,C1061 lingasugur rural,562,47.86,27.29,10.0,85.0,-6.93
Raichur,B0089 lingasugur,C1141 maraladinni,846,41.57,26.92,5.0,80.0,-4.69
Raichur,B0089 lingasugur,C1169 mavinabhavi,894,45.42,27.84,5.0,85.0,-0.68
Raichur,B0089 lingasugur,C1176 mediknal,573,48.44,25.65,15.0,80.0,-1.6
Raichur,B0089 lingasugur,C1250 nagalapur,682,52.18,26.72,15.0,90.0,-2.5
Raichur,B0089 lingasugur,C1257 nagarhal,942,52.58,28.92,10.0,90.0,2.48
Raichur,B0089 lingasugur,C1338 paidoddi,403,44.0,24.74,10.0,75.0,-7.47
Raichur,B0089 lingasugur,C1410 roadlabanda,477,50.01,26.58,10.0,85.0,-6.86
Raichur,B0089 lingasugur,C1446 santekellur,725,43.33,27.53,5.0,80.0,-6.31
Raichur,B0089 lingasugur,C1570 talekhan,355,47.66,27.57,10.0,85.0,-9.74
Raichur,B0089 lingasugur,C1691 veerapur,948,42.19,24.91,10.0,75.0,-2.8
Raichur,B0096 manvi,C0098 athnoor,632,44.0,26.31,10.0,80.0,7.97
Raichur,B0096 manvi,C0123 bagalwada,1699,45.28,26.71,5.0,80.0,-0.35
Raichur,B0096 manvi,C0514 gorkal,606,42.86,25.38,10.0,80.0,-0.8
Raichur,B0096 manvi,C0569 halapur,631,81.84,13.97,70.0,100.0,1.07
Raichur,B0096 manvi,C0622 harvi,683,46.68,25.79,10.0,85.0,-0.75
Raichur,B0096 manvi,C0637 heera,638,45.41,27.8,5.0,80.0,-0.3
Raichur,B0096 manvi,C0661 hirekotnekal,759,60.05,24.35,25.0,86.0,0.93
Raichur,B0096 manvi,C0857 kallur,609,48.03,25.5,15.0,80.0,-2.58
Raichur,B0096 manvi,C0917 kavithal,530,46.0,27.49,10.0,80.0,-2.62
Raichur,B0096 manvi,C1037 kurdi,760,38.41,24.39,10.0,75.0,1.9
Raichur,B0096 manvi,C1113 mallat,279,40.68,28.69,0.0,80.0,1.46
Raichur,B0096 manvi,C1138 manvi rural,652,47.06,25.01,15.0,80.0,-2.12
Raichur,B0096 manvi,C1298 neer manvi,583,44.61,28.94,5.0,85.0,-0.15
Raichur,B0096 manvi,C1345 pamanakallur,533,60.08,29.06,15.0,95.0,0.91
Raichur,B0096 manvi,C1367 potnal,562,45.34,24.49,10.0,80.0,-0.16
Raichur,B0096 manvi,C1442 sangapur,1026,40.44,29.64,5.0,85.0,2.28
Raichur,B0096 manvi,C1513 sirwar east,295,63.51,24.41,30.0,95.0,-4.21
Raichur,B0096 manvi,C1514 sirwar,177,66.44,26.38,25.0,95.0,-5.21
Raichur,B0096 manvi,C1621 torandinni,575,44.23,30.02,5.0,85.0,1.54
Raichur,B0096 manvi,C1677 utaknoor,357,62.52,25.24,25.0,90.0,6.76
Raichur,B0111 raichur,C0245 bijanigera,408,52.72,26.72,15.0,90.0,1.23
Raichur,B0111 raichur,C0296 chandrabanda,939,51.81,29.15,10.0,90.0,3.15
Raichur,B0111 raichur,C0318 chicksugur,1262,44.28,26.81,10.0,80.0,1.54
Raichur,B0111 raichur,C0401 devasugur,783,51.21,28.94,6.0,90.0,2.54
Raichur,B0111 raichur,C0468 gadhar,431,71.16,26.37,30.0,100.0,0.94
Raichur,B0111 raichur,C0484 gandhal,704,50.23,30.36,10.0,90.0,4.71
Raichur,B0111 raichur,C0501 gillesugur,537,43.04,28.02,10.0,85.0,1.19
Raichur,B0111 raichur,C0741 idapanur,1446,57.33,24.94,20.0,85.0,-0.12
Raichur,B0111 raichur,C0775 jalibenchi,1007,63.61,28.51,20.0,95.0,5.71
Raichur,B0111 raichur,C0793 jegarkal,834,34.29,27.79,0.0,75.0,7.36
Raichur,B0111 raichur,C0844 kalamala,449,45.18,22.17,15.0,75.0,4.83
Raichur,B0111 raichur,C1147 marched,533,49.07,27.52,10.0,85.0,4.59
Raichur,B0111 raichur,C1162 matamari,1612,42.35,28.47,5.0,80.0,1.69
Raichur,B0111 raichur,C1424 sagamkunta,644,44.22,24.93,10.0,75.0,1.32
Raichur,B0111 raichur,C1506 singanodi,532,36.36,28.04,5.0,80.0,7.14
Raichur,B0111 raichur,C1624 tuntapur,317,48.44,25.07,15.0,80.0,1.02
Raichur,B0111 raichur,C1729 yapaladinni,385,43.69,25.01,10.0,75.0,3.19
Raichur,B0111 raichur,C1731 yaragera,642,67.94,26.01,30.0,95.0,2.56
Raichur,B0111 raichur,C1742 yelebichali,299,44.85,27.89,5.0,85.0,5.99
Raichur,B0126 sindhanur,C0002 7 mile camp,788,53.39,25.88,20.0,85.0,-1.43
Raichur,B0126 sindhanur,C0033 albanur,1033,41.6,28.35,5.0,84.0,0.85
Raichur,B0126 sindhanur,C0119 badarli,815,57.88,25.45,20.0,90.0,-3.64
Raichur,B0126 sindhanur,C0164 bappur,356,36.57,26.58,5.0,75.0,-5.23
Raichur,B0126 sindhanur,C0403 devi camp,1018,41.45,28.3,5.0,85.0,-0.09
Raichur,B0126 sindhanur,C0513 gorebal,1027,46.6,27.0,10.0,85.0,6.02
Raichur,B0126 sindhanur,C0515 goudanbhavi,985,45.36,25.09,10.0,80.0,1.39
Raichur,B0126 sindhanur,C0526 gudadur,403,46.84,28.66,5.0,85.0,12.65
Raichur,B0126 sindhanur,C0540 gunda,438,55.39,25.66,20.0,90.0,-7.91
Raichur,B0126 sindhanur,C0702 hosahalli (ej),595,48.11,25.95,15.0,85.0,0.02
Raichur,B0126 sindhanur,C0777 jalihal,1410,40.2,27.51,5.0,80.0,1.38
Raichur,B0126 sindhanur,C0790 jawalagera,248,47.88,28.25,10.0,86.5,-2.11
Raichur,B0126 sindhanur,C0845 kalamangi,863,50.44,25.53,15.0,85.0,-3.27
Raichur,B0126 sindhanur,C0969 kolbala,521,48.45,27.52,10.0,85.0,2.9
Raichur,B0126 sindhanur,C1336 pagadadinni,292,48.01,26.65,10.0,85.0,-3.03
Raichur,B0126 sindhanur,C1374 ragalparvi,806,39.89,26.46,5.0,80.0,-3.16
Raichur,B0126 sindhanur,C1391 ramathnal,346,48.11,26.66,10.0,85.0,-0.04
Raichur,B0126 sindhanur,C1408 rh no-1,339,57.15,27.16,20.0,90.0,-5.53
Raichur,B0126 sindhanur,C1412 roudakunda,1433,46.36,28.22,10.0,85.0,1.35
Raichur,B0126 sindhanur,C1497 shri venkteswara camp,486,44.5,23.86,10.0,75.0,0.01
Raichur,B0126 sindhanur,C1599 thidigol,398,53.24,27.63,15.0,90.0,3.74
Ramanagara,B0077 kanakapura,C0323 chikka muduvadi,546,62.32,25.37,25.0,90.0,4.87
Ramanagara,B0077 kanakapura,C0415 dodda allahalli,355,46.75,26.69,12.0,85.0,8.14
Ramanagara,B0077 kanakapura,C0640 hegganuru,310,39.24,28.74,5.0,85.0,14.56
Ramanagara,B0077 kanakapura,C0816 kabbal,282,69.88,22.17,40.0,95.0,0.32
Ramanagara,B0077 kanakapura,C0834 kaggalahalli,375,53.29,26.91,15.0,85.0,10.97
Ramanagara,B0077 kanakapura,C0853 kallahalli,299,63.38,24.72,25.0,90.0,7.05
Ramanagara,B0077 kanakapura,C0950 kodihalli,468,49.52,24.63,15.0,85.0,3.77
Ramanagara,B0077 kanakapura,C1000 kottagalu,397,58.12,27.94,15.0,90.0,5.43
Ramanagara,B0077 kanakapura,C1143 maralebekuppe,207,60.31,24.13,28.0,90.0,7.74
Ramanagara,B0077 kanakapura,C1459 sathanuru,299,54.35,25.02,15.0,85.0,-0.54
Ramanagara,B0077 kanakapura,C1720 yalachavadi,173,48.47,29.42,10.0,90.0,8.93
Ramanagara,B0077 kanakapura,C1789 anedoddi,463,51.6,25.61,15.0,85.0,5.43
Ramanagara,B0077 kanakapura,C1817 attihalli,293,53.24,26.18,15.0,85.0,5.89
Ramanagara,B0077 kanakapura,C1848 banavasi,123,49.59,24.19,15.0,84.0,-5.01
Ramanagara,B0077 kanakapura,C1854 bannimukodlu,55,46.0,26.06,15.0,75.0,-7.1
Ramanagara,B0077 kanakapura,C1922 chakanahalli,196,56.58,25.46,22.5,90.0,-0.67
Ramanagara,B0077 kanakapura,C1934 cheeluru,359,58.97,26.63,20.0,90.0,4.58
Ramanagara,B0077 kanakapura,C1997 dodda maralavadi,528,68.26,23.61,35.0,95.0,4.63
Ramanagara,B0077 kanakapura,C1998 dodda muduvadi,191,88.43,11.21,75.0,100.0,1.55
Ramanagara,B0077 kanakapura,C2014 dyvasandra,252,47.28,27.92,5.0,85.0,7.43
Ramanagara,B0077 kanakapura,C2075 halasuru,144,49.17,24.66,15.0,80.0,14.92
Ramanagara,B0077 kanakapura,C2106 harohalli,431,62.58,28.88,20.0,95.0,2.63
Ramanagara,B0077 kanakapura,C2115 herindyapanahalli,199,47.56,25.57,10.0,81.0,12.39
Ramanagara,B0077 kanakapura,C2154 hosadurga,172,52.99,27.76,15.0,90.0,0.1
Ramanagara,B0077 kanakapura,C2164 hukunda,251,55.44,24.86,20.0,90.0,-4.5
Ramanagara,B0077 kanakapura,C2175 hunasanahalli,233,74.76,12.28,60.0,90.0,-1.75
Ramanagara,B0077 kanakapura,C2184 i gollahalli,248,65.65,18.42,45.0,90.0,1.07
Ramanagara,B0077 kanakapura,C2306 kolagondanahalli,286,36.05,30.09,0.0,85.0,-0.95
Ramanagara,B0077 kanakapura,C2493 narayanapura,90,66.22,19.14,40.0,90.0,0.6
Ramanagara,B0077 kanakapura,C2616 shivanahalli,193,65.52,24.01,35.0,95.0,3.68
Ramanagara,B0077 kanakapura,C2635 somedypanahalli,150,68.1,24.06,30.0,95.0,6.02
Ramanagara,B0112 ramanagara,C0161 bannikuppe(b),282,81.6,19.72,55.0,100.0,3.39
Ramanagara,B0112 ramanagara,C0249 bilagumba,359,86.18,14.62,65.0,100.0,-1.19
Ramanagara,B0112 ramanagara,C0279 byramangala,176,80.45,19.87,52.5,100.0,3.74
Ramanagara,B0112 ramanagara,C0615 harisandra,325,76.97,21.42,45.0,100.0,-2.19
Ramanagara,B0112 ramanagara,C0774 jalamangala,304,55.86,26.99,15.0,95.0,6.0
Ramanagara,B0112 ramanagara,C0835 kailancha,353,67.48,28.9,20.0,100.0,6.79
Ramanagara,B0112 ramanagara,C1054 lakshmipura,144,77.15,16.09,60.0,95.0,3.24
Ramanagara,B0112 ramanagara,C1172 mayaganahalli,335,76.0,19.72,45.0,100.0,5.26
Ramanagara,B0112 ramanagara,C1479 shanuboganahalli,274,68.52,25.43,35.0,95.0,4.24
Ramanagara,B0112 ramanagara,C1537 sugganahalli,30,91.33,10.82,79.0,100.0,0.0
Ramanagara,B0112 ramanagara,C1696 vibhutikere,319,79.87,18.9,50.0,100.0,3.82
Ramanagara,B0112 ramanagara,C1797 annahalli,241,80.73,16.94,55.0,100.0,3.62
Ramanagara,B0112 ramanagara,C1821 avverahalli,200,61.9,28.97,19.5,95.0,2.34
Ramanagara,B0112 ramanagara,C2167 hulikal,152,77.43,26.19,35.0,100.0,-0.72
Ramanagara,B0112 ramanagara,C2175 hunasanahalli,309,80.16,15.62,64.0,100.0,1.94
Ramanagara,B0112 ramanagara,C2252 kanchugaranahalli,164,90.15,13.7,70.0,100.0,-1.53
Ramanagara,B0112 ramanagara,C2315 kootagal,153,80.46,20.05,46.0,100.0,-1.42
Ramanagara,B0112 ramanagara,C2402 manchanayakanahalli,340,79.91,21.85,50.0,100.0,3.55
Ramanagara,B0146 channapatna,C1757 abburudoddi,578,50.56,28.44,10.0,90.0,10.35
Ramanagara,B0146 channapatna,C1776 akkuru,764,52.53,26.77,15.0,90.0,5.37
Ramanagara,B0146 channapatna,C1883 bevooru,211,57.7,26.31,20.0,90.0,1.29
Ramanagara,B0146 channapatna,C1923 chakkere,526,50.36,26.65,15.0,85.0,8.92
Ramanagara,B0146 channapatna,C1932 channapatna kannada town2,594,47.44,26.23,15.0,85.0,5.08
Ramanagara,B0146 channapatna,C1972 dashavara,144,68.47,22.24,35.0,95.0,0.79
Ramanagara,B0146 channapatna,C2100 harakoppa,674,43.52,28.42,6.5,85.0,9.09
Ramanagara,B0146 channapatna,C2146 honganuru,775,49.92,28.11,10.0,85.0,6.55
Ramanagara,B0146 channapatna,C2303 kodamballi,414,49.54,28.77,10.0,90.0,4.89
Ramanagara,B0146 channapatna,C2408 mankunda,474,65.68,26.65,26.5,95.0,2.86
Ramanagara,B0146 channapatna,C2462 mylanayakanahosahalli,249,58.13,24.27,25.0,90.0,5.28
Ramanagara,B0146 channapatna,C2601 shettihalli,160,66.09,24.29,29.5,90.0,1.76
Ramanagara,B0146 channapatna,C2627 singarajipura,111,51.35,30.73,10.0,90.0,18.13
Ramanagara,B0146 channapatna,C2676 thagachagere,168,57.41,23.25,23.5,86.5,4.85
Ramanagara,B0146 channapatna,C2750 y.t. halli,208,47.84,26.67,10.0,85.0,6.82
Ramanagara,B0157 magadi,C0190 belagumba,401,46.85,27.59,5.0,85.0,4.79
Ramanagara,B0157 magadi,C1764 agalkote,281,48.7,26.08,10.0,80.0,9.57
Ramanagara,B0157 magadi,C1771 ajjanahalli,203,47.39,25.24,15.0,80.0,8.45
Ramanagara,B0157 magadi,C1828 bachenahatti,236,64.96,22.99,30.0,90.0,3.45
Ramanagara,B0157 magadi,C1847 banavadi,113,64.29,25.69,26.0,95.0,3.21
Ramanagara,B0157 magadi,C1900 biskuru,182,77.31,18.04,50.5,95.0,1.8
Ramanagara,B0157 magadi,C1901 bittasandra,131,51.79,30.65,10.0,95.0,11.72
Ramanagara,B0157 magadi,C1924 chakrabavi,269,51.99,25.08,15.0,85.0,7.07
Ramanagara,B0157 magadi,C1936 chikenudigera,245,60.47,24.67,25.0,90.0,5.99
Ramanagara,B0157 magadi,C1941 chikkahalli,238,46.7,26.02,15.0,81.5,-5.62
Ramanagara,B0157 magadi,C2047 guddemaranahalli,367,61.93,25.6,25.0,95.0,-1.59
Ramanagara,B0157 magadi,C2158 hosapalya,100,62.45,24.47,29.5,90.0,2.01
Ramanagara,B0157 magadi,C2167 hulikal,219,61.19,29.51,19.0,96.0,2.82
Ramanagara,B0157 magadi,C2172 hullenahalli,110,42.64,29.86,0.0,80.0,7.08
Ramanagara,B0157 magadi,C2243 kalya,152,76.58,12.21,60.0,90.0,3.85
Ramanagara,B0157 magadi,C2331 kuddur,85,57.29,29.09,12.0,95.0,8.05
Ramanagara,B0157 magadi,C2334 kuduru,347,55.4,25.73,20.0,90.0,8.12
Ramanagara,B0157 magadi,C2369 madabal,194,57.89,23.29,30.0,85.0,4.63
Ramanagara,B0157 magadi,C2381 madigundanahalli,139,63.88,26.89,25.0,95.0,2.09
Ramanagara,B0157 magadi,C2383 magadi town,286,50.38,23.99,17.5,80.0,1.46
Ramanagara,B0157 magadi,C2438 motaganahalli,302,51.94,28.75,10.0,95.0,-1.48
Ramanagara,B0157 magadi,C2490 narasandra,177,52.8,27.33,15.0,87.0,5.54
Ramanagara,B0157 magadi,C2512 nethanahalli,150,68.73,20.28,40.0,95.0,-1.77
Ramanagara,B0157 magadi,C2582 sankighatta,302,58.2,26.76,20.0,95.0,-1.01
Ramanagara,B0157 magadi,C2632 soluru,222,49.55,26.39,15.0,85.0,7.04
Ramanagara,B0157 magadi,C2640 sri giripura,171,62.08,27.9,20.0,95.0,7.54
Ramanagara,B0157 magadi,C2737 v.g.doddi,246,57.05,25.77,20.0,90.0,2.53
Tumakuru,B0031 chiknayakanhalli,C0167 baragur,376,67.21,22.12,35.0,92.5,0.92
Tumakuru,B0031 chiknayakanhalli,C0169 baraknaalu,422,61.64,23.96,25.5,90.0,9.81
Tumakuru,B0031 chiknayakanhalli,C0189 belaguli,390,68.54,24.45,35.0,95.0,7.4
Tumakuru,B0031 chiknayakanhalli,C0327 chikkabidare,350,56.57,25.53,15.0,85.0,1.41
Tumakuru,B0031 chiknayakanhalli,C0435 doddennegere,651,59.11,27.21,15.0,90.0,4.67
Tumakuru,B0031 chiknayakanhalli,C0480 ganadaalu,650,62.07,23.52,30.0,90.0,4.04
Tumakuru,B0031 chiknayakanhalli,C0506 godekere,413,61.22,27.77,20.0,95.0,1.97
Tumakuru,B0031 chiknayakanhalli,C0594 handanakere,437,61.11,23.81,25.0,90.0,6.93
Tumakuru,B0031 chiknayakanhalli,C0721 huliyaaru,256,61.5,22.38,30.0,87.5,-0.53
Tumakuru,B0031 chiknayakanhalli,C0760 j c pura,451,63.66,25.2,30.0,95.0,3.83
Tumakuru,B0031 chiknayakanhalli,C0887 kandhikere,682,64.24,24.62,30.0,95.0,1.56
Tumakuru,B0031 chiknayakanhalli,C1036 kuppuru,387,67.38,22.79,35.0,95.0,3.92
Tumakuru,B0031 chiknayakanhalli,C1067 m mantapa,185,82.16,19.34,60.0,100.0,7.89
Tumakuru,B0031 chiknayakanhalli,C1105 maligehalli,124,75.08,17.76,55.0,90.0,4.9
Tumakuru,B0031 chiknayakanhalli,C1115 malligere,317,74.45,21.19,45.0,100.0,3.34
Tumakuru,B0031 chiknayakanhalli,C1163 mathighatta,381,78.82,19.04,50.0,100.0,1.19
Tumakuru,B0031 chiknayakanhalli,C1471 seege bagi gate,130,59.46,23.44,25.0,90.0,4.21
Tumakuru,B0031 chiknayakanhalli,C1484 shettykere,255,63.59,25.35,25.0,90.0,3.96
Tumakuru,B0031 chiknayakanhalli,C1601 thimmanahalli,331,55.21,26.98,15.0,90.0,1.39
Tumakuru,B0031 chiknayakanhalli,C1722 yalanaadu,439,55.93,26.41,15.0,90.0,-0.31
Tumakuru,B0031 chiknayakanhalli,C1973 dasudi,489,57.53,24.3,25.0,90.0,3.49
Tumakuru,B0031 chiknayakanhalli,C2161 hoysala katte,396,57.55,25.31,20.0,90.0,-4.47
Tumakuru,B0031 chiknayakanhalli,C2684 thirthapura,272,56.08,25.84,25.0,90.0,0.99
Tumakuru,B0046 gubbi,C0009 adagur,756,57.34,34.11,10.0,100.0,0.88
Tumakuru,B0046 gubbi,C0035 alilughatta,485,82.03,18.95,55.0,100.0,5.13
Tumakuru,B0046 gubbi,C0052 ammana ghatta,315,77.35,21.66,47.0,100.0,-2.0
Tumakuru,B0046 gubbi,C0196 belavatha,419,78.99,20.11,45.0,100.0,1.0
Tumakuru,B0046 gubbi,C0243 bidare,559,80.58,20.22,55.0,100.0,1.5
Tumakuru,B0046 gubbi,C0284 c s pura,429,65.93,26.89,25.0,100.0,3.37
Tumakuru,B0046 gubbi,C0311 chelur,659,73.07,24.42,35.0,100.0,-0.95
Tumakuru,B0046 gubbi,C0427 doddaguni,326,80.81,18.38,50.0,100.0,4.52
Tumakuru,B0046 gubbi,C0525 gubbi hosahalli,735,76.75,20.61,50.0,100.0,4.46
Tumakuru,B0046 gubbi,C0560 hagalavadi,475,78.88,19.57,50.0,100.0,2.88
Tumakuru,B0046 gubbi,C0646 hindiskere,152,87.53,14.99,60.5,100.0,2.24
Tumakuru,B0046 gubbi,C0704 hosakere,613,64.66,28.09,20.0,95.0,5.66
Tumakuru,B0046 gubbi,C0709 hpbs gubbi,91,85.66,10.52,70.0,95.0,3.17
Tumakuru,B0046 gubbi,C0740 idagur,376,85.17,14.55,65.0,100.0,0.65
Tumakuru,B0046 gubbi,C0752 irakasandra,197,78.15,27.71,33.0,100.0,2.75
Tumakuru,B0046 gubbi,C0819 kadaba,577,55.52,27.28,15.0,90.0,-1.04
Tumakuru,B0046 gubbi,C0857 kallur,412,78.35,20.08,50.0,100.0,1.55
Tumakuru,B0046 gubbi,C0983 kondli,320,64.09,27.91,20.0,95.0,-1.25
Tumakuru,B0046 gubbi,C0987 koppa,203,69.53,23.0,26.0,95.0,1.77
Tumakuru,B0046 gubbi,C1066 m h patna,395,79.15,19.78,52.0,100.0,2.39
Tumakuru,B0046 gubbi,C1121 manchaladore,525,64.7,27.46,20.0,95.0,7.47
Tumakuru,B0046 gubbi,C1139 mara shettyhalli,261,70.48,23.31,40.0,95.0,0.58
Tumakuru,B0046 gubbi,C1153 maruthi nagara,364,83.38,17.59,60.0,100.0,1.98
Tumakuru,B0046 gubbi,C1170 mavinahalli,413,69.84,29.1,15.0,100.0,2.63
Tumakuru,B0046 gubbi,C1319 nittur,385,64.3,24.37,30.0,90.0,4.87
Tumakuru,B0046 gubbi,C1357 peddanahalli,176,69.94,22.58,35.0,92.5,2.9
Tumakuru,B0046 gubbi,C1416 s kodagihalli,70,75.21,20.65,45.0,95.0,8.42
Tumakuru,B0046 gubbi,C1461 sathenahalli,280,73.43,25.66,30.0,100.0,-3.71
Tumakuru,B0046 gubbi,C1589 thale koppa,338,75.19,22.39,40.0,95.0,1.5
Tumakuru,B0046 gubbi,C1613 thyagatur,245,60.78,24.7,25.0,90.0,-1.02
Tumakuru,B0046 gubbi,C1916 c kunnala,54,71.02,22.43,35.0,95.0,8.64
Tumakuru,B0046 gubbi,C2121 hindiskere,116,87.24,13.61,67.5,100.0,5.0
Tumakuru,B0082 koratagere,C0029 akkirampura,426,60.41,24.17,25.0,90.0,4.59
Tumakuru,B0082 koratagere,C0106 b d pura,331,54.62,25.13,20.0,90.0,4.96
Tumakuru,B0082 koratagere,C0273 bukkapatna,770,71.19,22.49,40.0,95.0,2.89
Tumakuru,B0082 koratagere,C0352 chinnahalli,579,63.82,28.09,20.0,95.0,5.34
Tumakuru,B0082 koratagere,C0681 holavanahalli,373,59.56,25.92,25.0,95.0,-2.66
Tumakuru,B0082 koratagere,C0719 hulikunte,195,54.51,27.23,15.0,90.0,10.25
Tumakuru,B0082 koratagere,C0967 kolala,340,60.65,26.82,20.0,95.0,4.61
Tumakuru,B0082 koratagere,C1168 mavathur,264,65.27,23.22,35.0,90.0,6.21
Tumakuru,B0082 koratagere,C1353 pathaganahalli,149,63.29,23.72,30.0,90.0,-0.7
Tumakuru,B0082 koratagere,C1596 theetha,184,51.01,24.68,16.5,85.0,-1.56
Tumakuru,B0082 koratagere,C1683 vaddagere,238,48.63,26.67,13.5,85.0,8.46
Tumakuru,B0082 koratagere,C1743 yelerampura,353,61.77,24.37,25.0,90.0,2.81
Tumakuru,B0082 koratagere,C1904 boodagavi,515,54.35,25.82,20.0,90.0,5.8
Tumakuru,B0082 koratagere,C1915 byrenahalli,320,40.44,25.32,5.0,75.0,0.48
Tumakuru,B0082 koratagere,C2185 i k colony,284,61.07,24.87,25.0,95.0,7.81
Tumakuru,B0082 koratagere,C2320 koratagere pattana,190,53.68,26.0,19.5,90.0,10.69
Tumakuru,B0082 koratagere,C2341 kuramkote,155,58.65,25.09,22.0,90.0,4.04
Tumakuru,B0082 koratagere,C2688 thovinakere,109,49.77,24.31,15.0,85.0,3.19
Tumakuru,B0087 kunigal,C0055 amruthur,512,58.18,25.27,20.5,90.0,4.07
Tumakuru,B0087 kunigal,C0185 begur,291,58.68,24.27,25.0,90.0,3.94
Tumakuru,B0087 kunigal,C0221 bhaktharahally,458,60.37,26.1,20.0,90.0,2.83
Tumakuru,B0087 kunigal,C0240 bidanagere,235,67.47,24.86,30.0,95.0,5.27
Tumakuru,B0087 kunigal,C0365 chowdanakuppe,376,51.42,28.25,12.5,87.5,6.75
Tumakuru,B0087 kunigal,C0369 d hosahalli,372,60.26,25.18,20.0,90.0,5.1
Tumakuru,B0087 kunigal,C0439 dombarahatty,374,57.03,28.35,15.0,95.0,9.07
Tumakuru,B0087 kunigal,C0503 girigowdana palya,414,62.61,26.06,25.0,95.0,7.77
Tumakuru,B0087 kunigal,C0593 hanchipura,277,60.4,27.06,20.0,90.0,4.88
Tumakuru,B0087 kunigal,C0645 herur,292,56.47,28.98,10.0,90.0,5.92
Tumakuru,B0087 kunigal,C0722 huliyurdurga,262,61.62,26.81,20.0,95.0,6.91
Tumakuru,B0087 kunigal,C0737 huthridurga,225,74.67,18.75,45.0,95.0,1.57
Tumakuru,B0087 kunigal,C0782 janagere,165,72.03,21.43,40.0,95.0,-0.91
Tumakuru,B0087 kunigal,C0797 jinnagara,224,61.7,28.64,16.5,95.0,-7.27
Tumakuru,B0087 kunigal,C0798 jodi hosahalli,193,61.5,23.99,25.0,90.0,0.09
Tumakuru,B0087 kunigal,C0803 k h halli,155,60.94,24.21,27.0,90.0,2.3
Tumakuru,B0087 kunigal,C0923 kempanahalli,250,70.16,24.54,30.0,95.0,4.28
Tumakuru,B0087 kunigal,C0987 koppa,234,65.98,24.54,35.0,95.0,8.07
Tumakuru,B0087 kunigal,C1001 kottagere,142,69.19,18.53,45.0,90.0,-2.36
Tumakuru,B0087 kunigal,C1150 markonahalli,238,54.89,25.51,23.5,90.0,3.93
Tumakuru,B0087 kunigal,C1248 nademavinapura,127,54.25,26.04,15.0,85.0,1.96
Tumakuru,B0087 kunigal,C1259 nagasandra,302,58.2,26.17,20.0,90.0,10.89
Tumakuru,B0087 kunigal,C1309 nidasale,216,58.36,24.57,25.0,85.0,5.18
Tumakuru,B0087 kunigal,C1577 tavarekere,94,79.79,16.15,56.5,95.0,7.9
Tumakuru,B0087 kunigal,C1593 tharedakuppe,74,63.92,24.58,25.0,95.0,-0.93
Tumakuru,B0087 kunigal,C1638 ujjani,235,65.74,23.2,35.0,95.0,2.27
Tumakuru,B0087 kunigal,C1652 urdu 2 (rural),70,90.64,10.46,85.0,100.0,-1.98
Tumakuru,B0087 kunigal,C1736 yediyur,269,59.16,24.41,25.0,90.0,7.75
Tumakuru,B0091 madhugiri,C0246 bijavara,605,55.67,26.21,20.0,90.0,5.25
Tumakuru,B0091 madhugiri,C0353 chinnenahally,289,60.31,23.89,30.0,90.0,3.49
Tumakuru,B0091 madhugiri,C0436 dodderi,567,49.42,26.46,15.0,85.0,9.03
Tumakuru,B0091 madhugiri,C0704 hosakere,580,42.97,29.05,5.0,85.0,-3.32
Tumakuru,B0091 madhugiri,C0739 i.d.hally,567,51.42,25.8,15.0,85.0,5.58
Tumakuru,B0091 madhugiri,C0949 kodigenahally,446,58.68,26.71,20.0,90.0,10.68
Tumakuru,B0091 madhugiri,C0953 kodlapura,594,51.02,26.62,15.0,85.0,0.19
Tumakuru,B0091 madhugiri,C1502 siddapura,292,55.74,26.93,15.0,90.0,5.04
Tumakuru,B0091 madhugiri,C1830 badavanahally,738,45.2,26.42,10.0,85.0,8.3
Tumakuru,B0091 madhugiri,C1912 byalya,404,49.2,26.26,15.0,85.0,-0.34
Tumakuru,B0091 madhugiri,C1929 chandragiri,236,37.31,25.53,5.0,75.0,3.38
Tumakuru,B0091 madhugiri,C1943 chikkamalur,394,49.35,28.94,10.0,90.0,0.91
Tumakuru,B0091 madhugiri,C1952 chinaka vajra,505,69.92,23.83,35.0,95.0,1.14
Tumakuru,B0091 madhugiri,C1967 dabbegatta,461,49.11,26.35,10.0,85.0,1.1
Tumakuru,B0091 madhugiri,C2030 garani,486,49.0,24.4,15.0,80.0,-0.28
Tumakuru,B0091 madhugiri,C2312 kondavadi,202,42.65,24.89,10.0,75.0,7.76
Tumakuru,B0091 madhugiri,C2421 medigesi,328,68.67,23.72,33.5,95.0,9.82
Tumakuru,B0091 madhugiri,C2557 rantavalalu,138,61.85,25.24,25.0,90.0,1.63
Tumakuru,B0091 madhugiri,C2562 reddyhally,242,54.79,26.69,15.5,90.0,2.34
Tumakuru,B0091 madhugiri,C2572 sajjehosahally,275,41.98,18.84,25.0,70.0,-2.96
Tumakuru,B0091 madhugiri,C2626 singanahally,360,43.68,28.44,10.0,85.0,0.36
Tumakuru,B0091 madhugiri,C2681 theriyur,184,39.59,29.22,0.0,80.0,6.39
Tumakuru,B0091 madhugiri,C2761 yalkur,219,65.25,25.4,25.0,95.0,5.16
Tumakuru,B0127 sira,C0166 baragooru,406,58.47,25.05,20.0,90.0,7.22
Tumakuru,B0127 sira,C0207 benche,624,53.76,27.04,15.0,90.0,4.96
Tumakuru,B0127 sira,C0234 bhoovanahally,684,62.15,25.04,25.0,90.0,5.75
Tumakuru,B0127 sira,C0268 brahmasandra,854,56.84,25.86,20.0,90.0,0.69
Tumakuru,B0127 sira,C0274 bukkapattana,719,66.59,23.02,30.0,95.0,2.64
Tumakuru,B0127 sira,C0420 dodda hulikunte,259,51.85,24.62,20.0,85.0,0.91
Tumakuru,B0127 sira,C0422 doddaagrahara,870,47.57,27.09,10.0,85.0,3.7
Tumakuru,B0127 sira,C0452 dwaranakunte,370,50.34,28.31,10.0,90.0,5.95
Tumakuru,B0127 sira,C0521 gowdagere,628,52.79,25.42,20.0,85.0,-0.37
Tumakuru,B0127 sira,C0572 haldodderi,148,61.82,19.66,35.0,85.0,0.93
Tumakuru,B0127 sira,C0690 honnagondanahally,801,51.59,27.51,15.0,90.0,1.8
Tumakuru,B0127 sira,C0855 kallambella,375,65.77,24.08,35.0,95.0,2.13
Tumakuru,B0127 sira,C1081 madalooru,331,51.13,26.17,15.0,85.0,-4.36
Tumakuru,B0127 sira,C1093 magodu,521,57.05,27.61,20.0,95.0,1.27
Tumakuru,B0127 sira,C1306 neralagudda,374,50.43,27.06,15.0,90.0,3.56
Tumakuru,B0127 sira,C1356 pattanayakanahalli,380,49.45,27.56,10.0,85.0,5.96
Tumakuru,B0127 sira,C1400 ratnasandra,287,55.82,28.29,15.0,95.0,6.92
Tumakuru,B0127 sira,C1430 sakshihalli,505,57.71,23.24,25.0,90.0,7.93
Tumakuru,B0127 sira,C1577 tavarekere,803,58.03,24.54,20.0,90.0,2.09
Tumakuru,B0127 sira,C1588 thalagunda,443,56.63,27.77,15.0,90.0,5.76
Tumakuru,B0127 sira,C1608 thogarugunte,376,53.55,25.08,20.0,87.5,4.03
Tumakuru,B0127 sira,C1734 yaravarahalli,252,30.73,23.13,5.0,65.0,-1.49
Tumakuru,B0127 sira,C1748 yeliyuuru,278,50.72,27.59,10.0,86.5,1.24
Tumakuru,B0127 sira,C1881 bevinahalli,777,57.83,28.89,15.0,95.0,1.27
Tumakuru,B0127 sira,C1937 chikkabanagere,293,34.64,24.74,5.0,70.0,8.28
Tumakuru,B0127 sira,C2267 karekyathanahalli,290,49.29,27.33,10.0,85.5,2.74
Tumakuru,B0127 sira,C2327 kotta,243,51.3,28.99,10.0,90.0,-4.52
Tumakuru,B0127 sira,C2355 lakkanahalli,165,57.39,25.08,20.0,90.0,3.85
Tumakuru,B0127 sira,C2678 tharooru,227,44.01,24.92,10.0,77.0,3.34
Tumakuru,B0135 tiptur,C0142 baluvaneralu,498,58.69,24.08,25.0,90.0,1.22
Tumakuru,B0135 tiptur,C0252 biligere,510,61.4,24.87,20.0,90.0,2.43
Tumakuru,B0135 tiptur,C0280 byranayakanahalli,710,60.2,25.27,25.0,90.0,1.7
Tumakuru,B0135 tiptur,C0531 gudigondanahalli,467,66.64,22.82,35.0,95.0,3.43
Tumakuru,B0135 tiptur,C0548 gurugadahalli,439,57.8,24.94,20.0,90.0,1.93
Tumakuru,B0135 tiptur,C0584 halukurike,496,74.83,22.32,40.0,95.0,3.56
Tumakuru,B0135 tiptur,C0692 honnavalli,149,82.18,20.67,59.0,100.0,1.0
Tumakuru,B0135 tiptur,C0695 honnenahalli,490,67.01,26.39,25.0,95.0,6.56
Tumakuru,B0135 tiptur,C0703 hosahalli,90,58.5,27.51,20.0,95.0,7.72
Tumakuru,B0135 tiptur,C0870 kamparahalli,183,58.25,22.09,25.0,90.0,4.24
Tumakuru,B0135 tiptur,C0896 karadalu,547,64.36,23.84,30.0,95.0,2.1
Tumakuru,B0135 tiptur,C0916 kattigenahalli,82,88.48,13.6,70.5,100.0,0.85
Tumakuru,B0135 tiptur,C1035 kuppalu,150,74.9,18.91,50.0,95.0,0.07
Tumakuru,B0135 tiptur,C1165 mattihalli,84,80.36,17.32,65.0,95.0,0.48
Tumakuru,B0135 tiptur,C1253 nagaraghatta,309,71.42,20.01,45.0,95.0,0.55
Tumakuru,B0135 tiptur,C1304 nellikere,195,62.49,26.18,25.0,95.0,9.41
Tumakuru,B0135 tiptur,C1322 nonavinakere,727,68.61,22.74,35.0,95.0,5.26
Tumakuru,B0135 tiptur,C1455 sarthavalli,99,66.82,22.29,35.0,90.0,8.76
Tumakuru,B0135 tiptur,C1527 sooguru,292,66.47,26.77,25.0,95.0,3.53
Tumakuru,B0135 tiptur,C1617 tiptur (urdu),79,62.15,25.24,25.0,95.0,-5.49
Tumakuru,B0135 tiptur,C1618 tiptur south,80,82.81,15.89,69.5,100.0,6.99
Tumakuru,B0135 tiptur,C2281 kattigenahalli,140,73.07,20.66,45.0,95.0,9.97
Tumakuru,B0136 tumkur,C0138 ballagere,362,67.72,18.0,50.0,95.0,1.33
Tumakuru,B0136 tumkur,C0190 belagumba,661,67.56,23.42,35.0,95.0,3.19
Tumakuru,B0136 tumkur,C0200 bellavi,620,60.68,23.93,25.0,90.0,4.23
Tumakuru,B0136 tumkur,C0221 bhaktharahally,66,63.79,24.12,25.0,92.5,-4.5
Tumakuru,B0136 tumkur,C0272 bugudanahalli,239,59.35,25.38,24.0,90.0,11.2
Tumakuru,B0136 tumkur,C0285 c t kere,923,61.54,24.91,25.0,90.0,2.67
Tumakuru,B0136 tumkur,C0386 devalapura,367,72.83,21.58,40.0,100.0,0.15
Tumakuru,B0136 tumkur,C0537 gulur,754,72.04,22.2,40.0,95.0,2.78
Tumakuru,B0136 tumkur,C0609 haraluru,303,71.27,22.93,35.0,95.0,0.34
Tumakuru,B0136 tumkur,C0635 hebburu,443,69.73,22.2,40.0,95.0,0.69
Tumakuru,B0136 tumkur,C0656 hirehalli,484,55.37,27.32,16.5,90.0,4.81
Tumakuru,B0136 tumkur,C0677 holakallu,481,54.58,26.03,15.0,90.0,7.62
Tumakuru,B0136 tumkur,C0696 honnudike,398,51.46,26.22,15.0,90.0,8.21
Tumakuru,B0136 tumkur,C0805 k palasandra,429,86.86,14.96,70.0,100.0,1.1
Tumakuru,B0136 tumkur,C0879 kanakuppe,76,78.82,18.27,62.5,95.0,7.17
Tumakuru,B0136 tumkur,C1047 kyathasandra,120,65.88,22.42,35.0,95.0,-0.71
Tumakuru,B0136 tumkur,C1112 mallasandra,233,53.61,25.0,20.0,90.0,8.81
Tumakuru,B0136 tumkur,C1242 mydala,55,62.0,24.99,30.0,90.0,-10.15
Tumakuru,B0136 tumkur,C1261 nagavalli,524,61.77,26.7,25.0,95.0,-3.18
Tumakuru,B0136 tumkur,C1300 nelahal,334,58.79,25.75,20.0,90.0,4.65
Tumakuru,B0136 tumkur,C1312 niduvalalu,219,69.09,21.58,39.0,95.0,-2.69
Tumakuru,B0136 tumkur,C1325 obalapura,298,69.09,22.13,35.0,95.0,2.24
Tumakuru,B0136 tumkur,C1330 oordigere,360,59.18,26.98,20.0,95.0,4.37
Tumakuru,B0136 tumkur,C1473 seethakal,360,62.76,26.46,25.0,95.0,-0.0
Tumakuru,B0136 tumkur,C1510 sirivara,265,60.94,23.84,25.0,93.0,6.01
Tumakuru,B0136 tumkur,C1812 areyur,221,56.33,25.54,20.0,90.0,4.26
Tumakuru,B0136 tumkur,C1866 beladhara,241,58.73,22.46,30.0,90.0,5.38
Tumakuru,B0136 tumkur,C2024 galigenahalli,89,62.7,21.72,25.0,85.0,1.83
Tumakuru,B0136 tumkur,C2113 heggere,551,59.52,24.82,25.0,90.0,2.49
Tumakuru,B0136 tumkur,C2145 honasigere,333,62.3,22.56,30.0,90.0,6.51
Tumakuru,B0136 tumkur,C2352 kyathsandra (urdu),131,54.69,26.92,15.0,85.0,10.1
Tumakuru,B0136 tumkur,C2524 oorukere,321,73.5,21.61,40.0,95.0,-0.15
Tumakuru,B0137 turuvekere,C0016 adithya patna,309,65.91,25.77,29.0,95.0,7.26
Tumakuru,B0137 turuvekere,C0065 anekere,281,80.09,18.66,55.0,100.0,0.95
Tumakuru,B0137 turuvekere,C0090 aremallenahalli,337,69.48,24.75,35.0,95.0,6.82
Tumakuru,B0137 turuvekere,C0146 banasandra,269,65.06,27.89,25.0,100.0,3.32
Tumakuru,B0137 turuvekere,C0282 bythara hosahalli,160,71.97,20.52,45.0,95.0,0.69
Tumakuru,B0137 turuvekere,C0371 dabbe ghatta,288,68.65,22.56,35.0,95.0,1.49
Tumakuru,B0137 turuvekere,C0375 dandina shivara,241,61.35,23.89,25.0,90.0,4.45
Tumakuru,B0137 turuvekere,C0673 hittala koppa,286,62.6,28.06,20.0,95.0,5.42
Tumakuru,B0137 turuvekere,C0725 hullekere,284,68.73,22.91,35.0,95.0,1.52
Tumakuru,B0137 turuvekere,C0881 kanathur,231,73.33,25.77,35.0,100.0,7.64
Tumakuru,B0137 turuvekere,C0981 kondajji,287,59.06,25.02,20.0,90.0,-0.15
Tumakuru,B0137 turuvekere,C1063 lokkammana halli,244,68.73,25.6,30.0,95.0,2.73
Tumakuru,B0137 turuvekere,C1089 madihalli,366,90.77,10.92,75.0,100.0,0.93
Tumakuru,B0137 turuvekere,C1153 maruthi nagara,7,70.71,20.7,44.0,87.0,16.25
Tumakuru,B0137 turuvekere,C1171 mavinakere,234,62.16,24.35,25.0,90.0,4.89
Tumakuru,B0137 turuvekere,C1175 mayasandra,202,86.98,19.05,75.5,100.0,2.28
Tumakuru,B0137 turuvekere,C1228 muniyur,412,87.22,16.17,70.0,100.0,0.41
Tumakuru,B0137 turuvekere,C1438 sampige hosahalli,393,75.79,20.14,50.0,95.0,1.2
Tumakuru,B0137 turuvekere,C1439 sampige,212,59.34,26.83,15.5,90.0,8.12
Tumakuru,B0137 turuvekere,C1483 shettygondana halli,363,69.64,21.1,36.0,95.0,4.8
Tumakuru,B0137 turuvekere,C1529 soravanahalli,273,69.65,21.25,40.0,95.0,3.82
Tumakuru,B0137 turuvekere,C1566 talakere,358,73.32,23.44,40.0,100.0,1.83
Tumakuru,B0137 turuvekere,C1682 vadavana ghatta,389,82.07,17.07,55.0,100.0,2.33
Tumakuru,B0168 pavagada,C1605 thirumani,199,72.56,20.14,45.0,95.0,-1.0
Tumakuru,B0168 pavagada,C2796 c.k.pura,264,77.77,17.59,55.0,95.0,-0.23
Tumakuru,B0168 pavagada,C2815 doddahalli,260,69.08,19.69,44.5,95.0,-1.66
Tumakuru,B0168 pavagada,C2818 dommathamari,188,79.87,17.18,58.5,100.0,0.21
Tumakuru,B0168 pavagada,C2829 gundralahalli,262,80.23,19.98,55.0,100.0,8.05
Tumakuru,B0168 pavagada,C2861 k t hally,76,80.66,18.64,55.0,95.0,5.7
Tumakuru,B0168 pavagada,C2869 kannamedi,275,74.91,21.56,45.0,100.0,8.18
Tumakuru,B0168 pavagada,C2877 kotagudda,326,77.19,21.5,45.0,100.0,1.85
Tumakuru,B0168 pavagada,C2880 lingdahalli,325,77.08,17.99,55.0,100.0,0.65
Tumakuru,B0168 pavagada,C2882 magalawada,171,83.45,15.05,60.0,100.0,-1.27
Tumakuru,B0168 pavagada,C2889 maridasanahally,282,66.91,24.01,35.0,99.5,0.36
Tumakuru,B0168 pavagada,C2900 nagala madike,236,79.81,15.51,60.0,100.0,1.72
Tumakuru,B0168 pavagada,C2905 neelamannahally,214,62.43,30.12,15.0,100.0,9.07
Tumakuru,B0168 pavagada,C2910 nyayadagunte,136,81.29,17.42,55.0,100.0,1.41
Tumakuru,B0168 pavagada,C2913 pavagada rural,172,62.65,22.08,30.0,85.0,6.46
Tumakuru,B0168 pavagada,C2915 ponnasamundra,135,65.81,22.97,40.0,95.0,-2.88
Tumakuru,B0168 pavagada,C2955 venkatapura,98,74.29,17.37,50.0,95.0,5.05
Tumakuru,B0168 pavagada,C2957 y.n.hosakote rural,238,41.11,23.63,10.0,70.0,2.99
Udupi,B0022 brahmavara,C0104 avarse,344,71.18,23.41,35.0,95.0,8.27
Udupi,B0022 brahmavara,C0170 barkuru,26,80.19,16.46,57.5,95.0,8.85
Udupi,B0022 brahmavara,C0266 brahamavara,109,67.06,24.11,30.0,95.0,-0.42
Udupi,B0022 brahmavara,C0314 cherkady,99,81.87,20.12,59.0,100.0,-3.15
Udupi,B0022 brahmavara,C0449 dupadakatte,162,74.04,22.25,45.0,99.5,5.17
Udupi,B0022 brahmavara,C0491 garadimajalu,112,68.84,23.52,40.0,95.0,7.89
Udupi,B0022 brahmavara,C0599 hangarakatte,152,84.54,13.18,65.5,100.0,-0.08
Udupi,B0022 brahmavara,C0786 januvarkatte,164,71.04,25.66,30.0,95.0,4.72
Udupi,B0022 brahmavara,C0907 karkada,188,82.45,18.9,58.5,100.0,1.01
Udupi,B0022 brahmavara,C0963 kokkarne,166,73.37,21.71,45.0,95.0,2.95
Udupi,B0022 brahmavara,C1021 kukkehalli,73,60.07,28.18,20.0,95.0,17.4
Udupi,B0022 brahmavara,C1426 saibrakatte,180,66.22,25.84,30.0,95.0,2.44
Udupi,B0022 brahmavara,C1451 santhekatte,75,78.2,20.71,42.0,100.0,4.23
Udupi,B0024 byndoor,C0028 ajri mananje,33,88.64,13.77,72.0,100.0,12.17
Udupi,B0024 byndoor,C0091 areshiroor,57,90.35,10.97,80.0,100.0,3.9
Udupi,B0024 byndoor,C0867 kambadakone,88,88.35,14.75,70.0,100.0,2.15
Udupi,B0024 byndoor,C0943 kirimanjeshwara,82,87.13,13.63,70.0,100.0,-1.83
Udupi,B0024 byndoor,C0972 kollur,69,83.19,14.58,69.0,100.0,-2.45
Udupi,B0024 byndoor,C1291 navunda,72,90.69,10.79,80.0,100.0,-6.14
Udupi,B0024 byndoor,C1491 shiroor,58,74.05,23.01,40.0,100.0,-12.1
Udupi,B0024 byndoor,C1646 uppunda,101,80.15,15.19,60.0,100.0,-3.48
Udupi,B0138 udupi,C0099 athradi,110,56.14,27.86,14.5,90.0,1.63
Udupi,B0138 udupi,C0669 hiriyadaka,127,61.06,25.71,18.0,90.0,8.05
Udupi,B0138 udupi,C1333 padu alevoor,94,66.54,24.7,26.5,95.0,-0.59
Udupi,B0138 udupi,C1634 udyavara,74,70.14,20.14,40.0,95.0,-1.9
Uttara Kannada,B0101 mundagod,C0117 bachanaki,69,65.94,25.3,29.0,95.0,9.68
Uttara Kannada,B0101 mundagod,C0320 chigalli,80,63.5,25.54,25.0,95.0,-3.83
Uttara Kannada,B0101 mundagod,C0364 choudalli,85,56.18,29.42,15.0,90.0,6.99
Uttara Kannada,B0101 mundagod,C0747 indura,124,57.02,27.21,15.0,90.0,10.86
Uttara Kannada,B0101 mundagod,C1340 pala,108,61.25,25.2,30.0,91.5,10.81
Uttara Kannada,B0144 yellapur,C0056 anagod,123,78.25,24.51,40.0,100.0,12.06
Uttara Kannada,B0144 yellapur,C0892 kannigeri,74,88.78,11.07,76.5,100.0,4.12
Uttara Kannada,B0144 yellapur,C1099 malalgaov,73,80.62,15.66,56.0,95.0,-0.93
Uttara Kannada,B0144 yellapur,C1276 nandolli,65,90.31,12.5,80.0,100.0,-2.8
Vijayanagara,B0051 hadagali,C0557 hadagali gramina,584,38.2,25.28,5.0,75.0,-3.78
Vijayanagara,B0051 hadagali,C0561 hagaranooru,915,41.04,27.54,5.0,80.0,-3.7
Vijayanagara,B0051 hadagali,C0648 hire hadagali,1105,42.42,27.62,5.0,80.0,-6.56
Vijayanagara,B0051 hadagali,C0650 hire mallanakeri,770,49.29,26.55,10.0,85.0,-1.07
Vijayanagara,B0051 hadagali,C0680 holalu,845,47.27,28.94,7.0,85.0,4.08
Vijayanagara,B0051 hadagali,C0758 ittigi,1039,50.83,28.62,10.0,90.0,0.56
Vijayanagara,B0051 hadagali,C0913 kathe bennur,611,45.61,28.47,10.0,85.0,4.63
Vijayanagara,B0051 hadagali,C1243 mylara,1053,50.06,28.53,10.0,90.0,3.54
Vijayanagara,B0051 hadagali,C1260 nagathi basapura,668,53.34,26.26,15.0,90.0,0.52
Vijayanagara,B0051 hadagali,C1517 sogi,576,49.53,27.03,10.0,85.0,-3.12
Vijayanagara,B0051 hadagali,C1531 sovena halli,561,51.71,28.15,10.0,90.0,-2.7
Vijayanagara,B0052 hagaribommanahalli,C0118 bachigondana halli,1243,41.26,25.88,10.0,80.0,2.71
Vijayanagara,B0052 hagaribommanahalli,C0158 bannikal,1131,38.36,27.28,0.0,75.0,0.46
Vijayanagara,B0052 hagaribommanahalli,C0380 dashamapura,1328,39.87,26.63,5.0,75.0,1.36
Vijayanagara,B0052 hagaribommanahalli,C0552 h.b. halli,759,42.95,27.25,5.0,80.0,2.0
Vijayanagara,B0052 hagaribommanahalli,C0587 hampapattana,1186,43.85,28.82,5.0,85.0,2.8
Vijayanagara,B0052 hagaribommanahalli,C0588 hampasagara,130,55.15,25.61,20.0,90.0,6.6
Vijayanagara,B0052 hagaribommanahalli,C0601 hansi,1005,38.91,26.77,5.0,80.0,2.15
Vijayanagara,B0052 hagaribommanahalli,C0956 kogali,1601,50.21,26.88,15.0,85.0,3.62
Vijayanagara,B0052 hagaribommanahalli,"C1002 kottur, lbs badavane",126,39.13,27.47,5.0,80.0,3.44
Vijayanagara,B0052 hagaribommanahalli,C1140 marabbihal,414,50.34,24.13,20.0,80.0,-2.88
Vijayanagara,B0052 hagaribommanahalli,C1196 morigeri,994,44.28,29.51,5.0,85.0,1.78
Vijayanagara,B0052 hagaribommanahalli,C1275 nandipura,226,41.5,24.05,10.0,70.0,3.27
Vijayanagara,B0052 hagaribommanahalli,C1590 thambra halli,957,44.87,27.15,5.0,80.0,1.96
Vijayanagara,B0055 harapanahalli,C0086 arasikere,1154,40.25,28.1,5.0,80.0,2.51
Vijayanagara,B0055 harapanahalli,C0122 bagali,1094,35.08,26.42,5.0,75.0,-0.06
Vijayanagara,B0055 harapanahalli,C0211 bennehalli,1189,40.17,27.4,5.0,80.0,-2.26
Vijayanagara,B0055 harapanahalli,C0307 chatnihalli,786,40.13,28.94,5.0,80.0,2.79
Vijayanagara,B0055 harapanahalli,C0321 chigateri,1075,42.22,26.82,10.0,80.0,3.13
Vijayanagara,B0055 harapanahalli,C0358 chirasthahalli,1039,39.21,26.49,5.0,80.0,-2.84
Vijayanagara,B0055 harapanahalli,C0519 goverahalli,784,37.65,27.41,0.0,75.0,-1.6
Vijayanagara,B0055 harapanahalli,C0541 gundagaththi,862,43.89,27.13,10.0,85.0,-0.28
Vijayanagara,B0055 harapanahalli,C0585 haluvagilu,746,46.41,27.03,10.0,80.0,1.94
Vijayanagara,B0055 harapanahalli,C0663 hiremegalagere,734,40.29,27.58,5.0,80.0,2.45
Vijayanagara,B0055 harapanahalli,C0820 kadabagere,884,42.22,27.52,5.0,80.0,2.27
Vijayanagara,B0055 harapanahalli,C0869 kammathahalli,409,38.44,27.28,5.0,76.0,-2.38
Vijayanagara,B0055 harapanahalli,C0882 kanchikere,626,36.86,26.25,5.0,75.0,-0.11
Vijayanagara,B0055 harapanahalli,C1028 kunchuru,704,41.36,28.71,5.0,80.0,2.56
Vijayanagara,B0055 harapanahalli,C1080 madalagere,484,44.98,29.58,5.0,85.0,2.82
Vijayanagara,B0055 harapanahalli,C1089 madihalli,589,47.22,29.57,5.0,90.0,4.6
Vijayanagara,B0055 harapanahalli,C1164 mathihalli,599,42.76,26.64,10.0,80.0,4.65
Vijayanagara,B0055 harapanahalli,C1296 neelagunda,683,42.42,27.39,5.0,80.0,-2.05
Vijayanagara,B0055 harapanahalli,C1458 sasvehalli,126,40.87,22.27,12.5,75.0,6.58
Vijayanagara,B0055 harapanahalli,C1507 singrihalli,823,39.55,26.67,5.0,75.0,4.42
Vijayanagara,B0055 harapanahalli,C1598 theligi,1207,47.55,27.48,10.0,85.0,1.08
Vijayanagara,B0055 harapanahalli,C1629 uchchangidurga,476,39.95,26.62,5.0,80.0,-5.78
Vijayanagara,B0065 hosapete,"C0001 15th ward, hospet",347,27.52,25.17,0.0,70.0,5.46
Vijayanagara,B0065 hosapete,"C0003 8th ward, kampli",1148,54.23,25.44,15.0,85.0,0.16
Vijayanagara,B0065 hosapete,C0058 ananthasayana gudi,508,41.06,27.27,5.0,80.0,4.86
Vijayanagara,B0065 hosapete,C0344 chilakana hatti,697,42.78,26.87,5.0,80.0,0.43
Vijayanagara,B0065 hosapete,C0384 deva samudra,875,37.69,27.43,0.0,80.0,1.24
Vijayanagara,B0065 hosapete,C0465 g.nagalapura,876,41.74,24.97,10.0,75.0,1.12
Vijayanagara,B0065 hosapete,C0602 hanumanahalli,688,45.65,25.27,10.0,80.0,-0.82
Vijayanagara,B0065 hosapete,C0905 kariganur,290,44.07,24.85,10.0,75.0,-3.64
Vijayanagara,B0065 hosapete,C1101 malapana gudi,669,38.71,25.19,5.0,75.0,5.72
Vijayanagara,B0065 hosapete,C1149 mariyammana halli,115,72.87,19.22,47.0,95.0,-3.24
Vijayanagara,B0065 hosapete,C1184 metri,969,41.09,27.77,5.0,80.0,1.88
Vijayanagara,B0065 hosapete,C1348 papinayakana hall,765,52.86,26.35,15.0,85.0,2.41
Vijayanagara,B0065 hosapete,"C1420 s.n.pet, kampli",448,33.09,24.53,5.0,70.0,-0.38
Vijayanagara,B0065 hosapete,C1538 suggenahalli,352,48.07,26.4,10.0,80.0,3.55
Vijayanagara,B0065 hosapete,C1556 t.c.kamalapura,457,29.76,25.75,0.0,70.0,-0.92
Vijayanagara,B0065 hosapete,"C1698 vinobha,chithawadgi hpt",247,41.15,26.9,5.0,80.0,3.37
Vijayanagara,B0065 hosapete,C2570 s.s.kamalapura,352,58.76,23.94,25.5,90.0,4.54
Vijayanagara,B0084 kudligi,C0041 alur,452,55.28,28.67,15.0,90.0,3.99
Vijayanagara,B0084 kudligi,C0297 chandrasekhara pura,1080,41.45,27.1,5.0,75.0,-0.36
Vijayanagara,B0084 kudligi,C0322 chikka jogi halli,580,36.69,25.87,5.0,70.0,-2.63
Vijayanagara,B0084 kudligi,C0359 chirathagundu,647,31.96,27.47,0.0,70.0,-2.0
Vijayanagara,B0084 kudligi,C0360 chiribi,1452,53.67,28.91,10.0,90.0,1.65
Vijayanagara,B0084 kudligi,C0367 chowdapura,1195,35.05,27.02,0.0,75.0,0.99
Vijayanagara,B0084 kudligi,C0474 gajapura,374,46.28,27.89,10.0,85.0,3.24
Vijayanagara,B0084 kudligi,C0699 hosa halli,840,48.7,28.58,10.0,85.0,5.52
Vijayanagara,B0084 kudligi,C0711 hudem,553,34.27,27.96,0.0,75.0,-3.72
Vijayanagara,B0084 kudligi,C0736 hurlihal,585,34.1,26.61,0.0,75.0,1.5
Vijayanagara,B0084 kudligi,C0768 jagatagere,198,43.86,24.84,10.0,75.0,-7.62
Vijayanagara,B0084 kudligi,C0812 k.iyana halli,572,62.61,31.31,15.0,100.0,3.51
Vijayanagara,B0084 kudligi,"C1016 kudligi, for boys",613,38.78,26.01,5.0,75.0,-0.19
Vijayanagara,B0084 kudligi,"C1017 kudligi, for girls",819,30.31,26.03,0.0,70.0,2.96
Vijayanagara,B0084 kudligi,C1023 kulumehatti,278,42.86,25.59,10.0,80.0,0.07
Vijayanagara,B0084 kudligi,C1070 m.b. iyyana halli,1202,36.04,27.58,5.0,75.0,4.46
Vijayanagara,B0084 kudligi,C1094 mahadevapura,873,38.08,27.62,5.0,80.0,4.45
Vijayanagara,B0084 kudligi,C1254 nagaraja kottur,606,69.68,19.28,45.0,90.0,2.85
Vijayanagara,B0084 kudligi,C1255 nagarakatte,800,45.35,28.35,5.0,85.0,5.33
Vijayanagara,B0084 kudligi,"C1639 ujjini, for girls",987,43.66,27.14,5.0,80.0,6.18
Vijayapura,B0016 basavan bagewadi,C0756 itagi,777,62.69,26.3,25.0,95.0,4.57
Vijayapura,B0016 basavan bagewadi,C1240 muttagi,454,70.01,25.34,30.0,95.0,1.62
Vijayapura,B0016 basavan bagewadi,C1281 narasalagi,521,80.36,18.3,55.0,100.0,-0.99
Vijayapura,B0016 basavan bagewadi,C1778 alamatti d s,545,67.36,27.17,20.0,95.0,0.15
Vijayapura,B0016 basavan bagewadi,C1951 chimmalagi,911,57.37,29.0,10.0,90.0,0.84
Vijayapura,B0016 basavan bagewadi,C2011 donur,412,70.12,27.02,30.0,100.0,1.47
Vijayapura,B0016 basavan bagewadi,C2062 h hipparagi,713,82.26,16.55,60.0,100.0,3.17
Vijayapura,B0016 basavan bagewadi,C2182 huvina hipparagi,340,84.85,14.13,65.0,100.0,4.08
Vijayapura,B0016 basavan bagewadi,C2195 ingaleshwar,437,50.74,29.88,10.0,90.0,-9.92
Vijayapura,B0016 basavan bagewadi,C2205 jayawadagi,368,66.01,27.67,25.0,95.0,4.91
Vijayapura,B0016 basavan bagewadi,C2400 managuli urdu,473,35.48,25.48,5.0,75.0,-3.91
Vijayapura,B0016 basavan bagewadi,C2451 mulawad,227,64.87,30.23,15.0,97.0,13.92
Vijayapura,B0016 basavan bagewadi,C2564 ronihal,837,43.11,26.06,10.0,80.0,3.98
Vijayapura,B0016 basavan bagewadi,C2671 telagi,565,60.36,19.69,35.0,85.0,-1.0
Vijayapura,B0016 basavan bagewadi,C2745 wadawadagi,640,70.21,26.57,29.5,100.0,1.38
Vijayapura,B0016 basavan bagewadi,C2748 wandal,641,65.02,27.56,25.0,100.0,-0.29
Vijayapura,B0016 basavan bagewadi,C2760 yalawar,642,63.59,25.54,25.0,95.0,-0.74
Vijayapura,B0016 basavan bagewadi,C2785 basavana bagewadi urdu,217,72.37,20.48,45.0,100.0,7.27
Vijayapura,B0016 basavan bagewadi,C2825 golasangi,435,57.17,28.08,15.0,93.0,-2.09
Vijayapura,B0016 basavan bagewadi,C2860 k salawadagi,283,62.44,23.42,25.0,90.0,7.3
Vijayapura,B0016 basavan bagewadi,C2875 kolhar,240,45.29,28.0,5.0,80.0,2.47
Vijayapura,B0016 basavan bagewadi,C2886 managuli no. 2,268,74.72,18.64,53.5,95.0,-0.64
Vijayapura,B0016 basavan bagewadi,C2887 managuli,294,60.73,30.18,10.0,95.0,7.87
Vijayapura,B0025 chadachan,C1321 nivaragi,744,52.29,31.96,5.0,95.0,13.34
Vijayapura,B0025 chadachan,C1754 zalaki,553,78.43,17.11,60.0,95.0,-3.58
Vijayapura,B0025 chadachan,C1856 baradol,859,70.03,22.55,40.0,95.0,0.3
Vijayapura,B0025 chadachan,C1919 chadachan,244,61.54,32.51,15.0,100.0,-1.55
Vijayapura,B0025 chadachan,C1920 chadachan(urdu),391,61.65,24.91,25.0,95.0,1.45
Vijayapura,B0025 chadachan,C2073 halasangi,739,72.1,24.33,35.0,95.0,2.77
Vijayapura,B0025 chadachan,C2151 horti,588,68.63,23.03,35.0,95.0,7.03
Vijayapura,B0025 chadachan,C2190 inchageri,223,48.86,27.77,10.0,85.0,0.53
Vijayapura,B0025 chadachan,C2483 nandaragi,349,48.35,26.85,10.0,85.0,-4.32
Vijayapura,B0025 chadachan,C2814 dhulakhed,334,81.2,16.15,60.0,100.0,1.34
Vijayapura,B0025 chadachan,C2832 hadalasang,97,55.15,27.91,18.0,90.0,3.62
Vijayapura,B0025 chadachan,C2842 hattalli,602,82.84,16.27,60.5,100.0,3.38
Vijayapura,B0025 chadachan,C2849 horti urdu,415,64.43,25.55,25.0,90.0,-0.72
Vijayapura,B0025 chadachan,C2859 jigajivanagi,163,60.49,26.84,20.0,95.0,2.62
Vijayapura,B0070 indi,C0041 alur,685,66.41,26.43,25.0,95.0,4.29
Vijayapura,B0070 indi,C0068 anjutagi,429,59.31,28.2,15.0,90.0,-0.41
Vijayapura,B0070 indi,C0097 atharga,1003,41.75,27.81,5.0,80.0,5.56
Vijayapura,B0070 indi,C1434 salotagi,1123,65.8,26.76,25.0,95.0,2.9
Vijayapura,B0070 indi,C1765 agarakhed,1170,64.83,26.83,25.0,95.0,-7.21
Vijayapura,B0070 indi,C1939 chikkabevanur,1023,49.16,27.81,10.0,89.0,2.45
Vijayapura,B0070 indi,C2124 hirebevanur,665,36.91,25.67,5.0,75.0,-4.86
Vijayapura,B0070 indi,C2137 hirerugi,487,36.58,27.73,5.0,80.0,11.83
Vijayapura,B0070 indi,C2354 lachyan,733,58.26,28.99,15.0,95.0,2.78
Vijayapura,B0070 indi,C2357 lalasangi,1080,38.38,28.69,0.0,80.0,1.76
Vijayapura,B0070 indi,C2469 nad kd,940,65.41,22.51,35.0,95.0,6.16
Vijayapura,B0070 indi,C2483 nandaragi,191,55.6,25.66,20.0,90.0,8.32
Vijayapura,B0070 indi,C2674 tenihalli,659,43.04,27.62,5.0,85.0,2.36
Vijayapura,B0070 indi,C2788 bhatagunaki,231,66.28,20.45,40.0,90.0,-11.55
Vijayapura,B0070 indi,C2841 hanjagi,237,42.28,30.05,5.0,85.0,7.37
Vijayapura,B0070 indi,C2908 nimbal kd,113,43.41,27.69,6.0,85.0,6.14
Vijayapura,B0070 indi,C2933 tadwalaga,329,65.21,27.16,24.0,100.0,-4.22
Vijayapura,B0070 indi,C2935 tamba,302,50.13,27.1,15.0,85.0,9.66
Vijayapura,B0125 sindagi,C0391 devar hipparagi i urdu,121,55.0,28.4,15.0,85.0,10.91
Vijayapura,B0125 sindagi,C0674 hittinahalli,666,36.37,28.01,5.0,80.0,-4.77
Vijayapura,B0125 sindagi,C0842 kalakeri,593,72.99,21.73,40.0,100.0,-1.6
Vijayapura,B0125 sindagi,C0929 kerutagi,1040,45.34,29.25,5.0,85.0,4.96
Vijayapura,B0125 sindagi,C1221 mulasavalagi,219,37.21,24.78,5.0,70.0,-0.4
Vijayapura,B0125 sindagi,C1392 rampur pa,490,57.96,25.59,20.0,90.0,2.45
Vijayapura,B0125 sindagi,C1814 aski,651,46.09,27.41,10.0,85.0,-2.59
Vijayapura,B0125 sindagi,C1835 balaganur,713,59.94,25.51,20.0,90.0,-4.14
Vijayapura,B0125 sindagi,C1982 devar hipparagi,839,50.1,25.35,15.0,85.0,3.84
Vijayapura,B0125 sindagi,C1983 devara navadagi,534,47.82,26.65,10.0,80.0,3.1
Vijayapura,B0125 sindagi,C2147 honnalli,451,45.88,29.57,5.0,85.0,2.59
Vijayapura,B0125 sindagi,C2222 kadani,492,65.9,23.44,30.0,90.0,-4.6
Vijayapura,B0125 sindagi,C2235 kalakeri urdu,293,62.56,25.41,25.0,95.0,3.98
Vijayapura,B0125 sindagi,C2258 kannolli,219,48.36,26.72,10.0,80.0,4.49
Vijayapura,B0125 sindagi,C2309 kondaguli,175,70.49,16.97,45.0,90.0,-1.93
Vijayapura,B0125 sindagi,C2323 korawar,606,42.88,26.29,5.0,80.0,-6.94
Vijayapura,B0125 sindagi,C2410 manur,136,60.85,20.85,30.0,90.0,6.58
Vijayapura,B0125 sindagi,C2437 moratagi,528,51.82,29.1,10.0,90.0,-3.78
Vijayapura,B0125 sindagi,C2758 yalagod,442,40.07,27.87,5.0,80.0,2.35
Vijayapura,B0125 sindagi,C2764 yankanchi,435,36.1,26.53,0.0,75.0,-1.05
Vijayapura,B0125 sindagi,C2774 almel urdu,178,25.42,25.39,0.0,61.5,-1.21
Vijayapura,B0125 sindagi,C2812 devar hipparagi i urdu,254,77.87,18.56,50.0,98.5,7.41
Vijayapura,B0125 sindagi,C2821 gabasavalagi,510,52.05,32.01,5.0,95.0,-0.1
Vijayapura,B0125 sindagi,C2824 golageri,292,40.09,26.17,5.0,75.0,5.06
Vijayapura,B0125 sindagi,C2827 gubbewad,360,38.9,27.05,5.0,80.0,-3.13
Vijayapura,B0125 sindagi,C2857 jalawad,260,39.75,24.49,10.0,75.0,7.57
Vijayapura,B0125 sindagi,C2876 korahalli,511,51.43,27.11,15.0,85.0,0.76
Vijayapura,B0125 sindagi,C2883 malaghan,329,61.55,25.9,25.0,95.0,8.33
Vijayapura,B0125 sindagi,C2895 moratagi urdu,190,41.79,26.28,5.0,80.0,18.6
Vijayapura,B0125 sindagi,C2931 sungathan,316,37.78,28.52,0.0,82.5,-2.12
Vijayapura,B0134 talikoti,C0110 b salawadagi,148,73.65,20.52,48.5,95.0,3.3
Vijayapura,B0134 talikoti,C0985 konnur,150,78.37,15.58,60.0,95.0,1.88
Vijayapura,B0139 vijayapura rural,C0022 aheri,455,64.88,28.11,20.0,95.0,-1.11
Vijayapura,B0139 vijayapura rural,C0674 hittinahalli,1097,72.9,20.57,45.0,95.0,-0.77
Vijayapura,B0139 vijayapura rural,C1119 mamadapur,297,42.05,25.04,10.0,75.0,0.37
Vijayapura,B0139 vijayapura rural,C1500 siddapur k,151,80.73,14.5,60.0,95.0,1.99
Vijayapura,B0139 vijayapura rural,C1813 arjunagi,721,76.32,18.66,50.0,95.0,3.36
Vijayapura,B0139 vijayapura rural,C1824 babaleshwar urdu,185,32.65,24.98,0.0,65.0,0.3
Vijayapura,B0139 vijayapura rural,C1825 babaleshwar,372,53.25,28.95,15.0,90.0,-3.36
Vijayapura,B0139 vijayapura rural,C1826 babanagar,724,46.62,28.48,10.0,85.0,1.42
Vijayapura,B0139 vijayapura rural,C1903 bommanahallii,512,52.55,29.56,10.0,90.0,5.91
Vijayapura,B0139 vijayapura rural,C2053 gunadal,496,55.98,28.6,15.0,95.0,-2.27
Vijayapura,B0139 vijayapura rural,C2054 gunaki,484,65.45,26.06,25.0,95.0,3.16
Vijayapura,B0139 vijayapura rural,C2072 halagani,370,60.19,25.85,25.0,90.0,6.82
Vijayapura,B0139 vijayapura rural,C2144 honaganahalli,1011,58.78,25.57,20.0,90.0,8.3
Vijayapura,B0139 vijayapura rural,C2198 jainapur,158,39.68,23.27,10.0,70.0,-4.45
Vijayapura,B0139 vijayapura rural,C2200 jambagi,532,39.23,26.32,5.0,75.0,-1.3
Vijayapura,B0139 vijayapura rural,C2240 kallakavatagi,415,58.16,28.95,20.0,95.0,-0.78
Vijayapura,B0139 vijayapura rural,C2250 kanamadi,248,38.65,23.72,5.0,70.0,8.7
Vijayapura,B0139 vijayapura rural,C2259 kannur,374,52.78,28.53,15.0,90.0,3.32
Vijayapura,B0139 vijayapura rural,C2284 kawalagi,1309,69.77,24.18,30.0,95.0,-2.5
Vijayapura,B0139 vijayapura rural,C2360 lohagoan,667,54.34,28.08,15.0,95.0,3.19
Vijayapura,B0139 vijayapura rural,C2389 makhanapur,396,56.93,32.51,10.0,95.0,-6.6
Vijayapura,B0139 vijayapura rural,C2475 nagathan,376,63.86,22.02,35.0,90.0,5.69
Vijayapura,B0139 vijayapura rural,C2515 nidoni,732,41.95,26.38,10.0,80.0,3.69
Vijayapura,B0139 vijayapura rural,C2615 shivanagi,491,74.1,23.73,40.0,100.0,0.59
Vijayapura,B0139 vijayapura rural,C2659 tajapur h,273,69.03,20.65,40.0,95.0,2.06
Vijayapura,B0139 vijayapura rural,C2690 tikota,635,70.45,23.17,35.0,95.0,4.8
Vijayapura,B0139 vijayapura rural,C2693 toravi,679,79.09,17.25,55.0,95.0,0.51
Vijayapura,B0139 vijayapura rural,C2773 aliyabad,483,73.12,21.6,40.0,95.0,3.23
Vijayapura,B0139 vijayapura rural,C2777 arakeri,453,75.47,18.03,50.0,95.0,4.05
Vijayapura,B0139 vijayapura rural,C2780 babaleshwar urdu,181,46.52,26.45,10.0,85.0,-3.72
Vijayapura,B0139 vijayapura rural,C2784 baratagi,309,67.65,26.22,25.0,95.0,2.38
Vijayapura,B0139 vijayapura rural,C2856 jalageri,308,76.53,20.14,50.0,100.0,0.28
Vijayapura,B0139 vijayapura rural,C2864 kakhandaki,333,71.64,20.1,45.0,95.0,4.35
Vijayapura,B0139 vijayapura rural,C2867 kambagi,266,70.47,20.73,45.0,90.0,1.11
Vijayapura,B0139 vijayapura rural,C2934 takkalaki,131,35.46,24.7,5.0,70.0,2.99
Vijayapura,B0161 muddebihal,C0041 alur,451,32.44,26.37,0.0,75.0,3.41
Vijayapura,B0161 muddebihal,C0110 b salawadagi,293,52.82,28.03,15.0,90.0,9.92
Vijayapura,B0161 muddebihal,C0726 hullur,426,55.54,28.25,10.0,90.0,0.78
Vijayapura,B0161 muddebihal,C0985 konnur,767,54.82,29.26,15.0,90.0,-1.08
Vijayapura,B0161 muddebihal,C1760 adavi somanal,604,55.84,28.84,10.0,90.0,-3.41
Vijayapura,B0161 muddebihal,C1833 balabatti,1041,47.71,28.15,10.0,90.0,0.16
Vijayapura,B0161 muddebihal,C1857 basarakod,521,61.46,29.4,15.0,95.0,1.5
Vijayapura,B0161 muddebihal,C1991 dhavalagi,214,48.15,26.61,11.5,85.0,2.56
Vijayapura,B0161 muddebihal,C2067 hadalageri,671,38.64,28.01,5.0,80.0,4.05
Vijayapura,B0161 muddebihal,C2133 hiremural,656,55.24,30.13,10.0,95.0,-1.05
Vijayapura,B0161 muddebihal,C2193 ingalageri,823,59.71,29.21,15.0,95.0,2.3
Vijayapura,B0161 muddebihal,C2302 kodaganur,592,42.14,27.6,5.0,80.0,-2.28
Vijayapura,B0161 muddebihal,C2314 konnur urdu,126,52.34,26.21,15.0,85.0,-9.08
Vijayapura,B0161 muddebihal,C2382 madikeshwar,820,59.47,29.85,10.0,95.0,3.99
Vijayapura,B0161 muddebihal,C2432 minajagi,787,45.36,26.58,8.0,80.0,1.93
Vijayapura,B0161 muddebihal,C2480 nalatawad,666,54.37,31.94,5.0,90.0,-0.22
Vijayapura,B0161 muddebihal,C2550 rakkasagi,286,50.44,26.55,15.0,85.0,-2.8
Vijayapura,B0161 muddebihal,C2663 tangadagi,742,49.74,28.54,10.0,90.0,-4.96
Vijayapura,B0161 muddebihal,C2697 tumbagi,128,46.64,31.75,5.0,90.0,-2.99
Vijayapura,B0161 muddebihal,C2791 bidarakundi urdu,263,46.25,27.94,10.0,85.0,-1.68
Yadgir,B0120 shahapur,C0113 b.gudi,411,61.78,22.47,30.0,90.0,1.5
Yadgir,B0120 shahapur,C0209 bendebembali,871,36.23,27.35,5.0,80.0,-0.42
Yadgir,B0120 shahapur,C0250 bilhar,1131,37.03,26.3,5.0,75.0,-2.73
Yadgir,B0120 shahapur,C0306 chatnalli,796,45.06,26.56,10.0,80.0,-1.43
Yadgir,B0120 shahapur,C0443 doranahalli,667,52.83,26.69,15.0,90.0,-4.76
Yadgir,B0120 shahapur,C0508 gogi,397,49.23,28.16,10.0,85.0,-3.07
Yadgir,B0120 shahapur,C0576 halgera,742,49.87,26.39,15.0,85.0,-5.07
Yadgir,B0120 shahapur,C0626 hattigudur,941,44.08,27.38,10.0,80.0,-1.44
Yadgir,B0120 shahapur,C0630 hayyal (b),1192,37.79,26.47,5.0,79.5,-3.27
Yadgir,B0120 shahapur,C1039 kurkunda,931,47.76,27.39,10.0,85.0,2.75
Yadgir,B0120 shahapur,C1085 maddarki,698,50.78,30.68,10.0,90.0,1.06
Yadgir,B0120 shahapur,C1251 naganatagi,648,51.1,26.85,15.0,90.0,-4.2
Yadgir,B0120 shahapur,C1294 naykal,784,54.07,25.43,15.0,85.0,1.26
Yadgir,B0120 shahapur,C1425 sagar,533,45.75,24.38,15.0,80.0,5.91
Yadgir,B0120 shahapur,C1492 shirwal,787,49.98,31.43,5.0,90.0,4.22
Yadgir,B0120 shahapur,C1561 tadibidi,668,58.8,27.55,20.0,95.0,7.3
Yadgir,B0120 shahapur,C1640 ukkinal,200,48.6,25.48,14.5,80.0,-2.06
Yadgir,B0120 shahapur,C1702 wadagera,165,58.12,23.68,25.0,85.0,-1.37
Yadgir,B0120 shahapur,C1706 wanadurga,888,50.17,26.96,10.0,85.0,-3.63
Yadgir,B0120 shahapur,C1970 darshanapur,315,41.63,27.98,10.0,83.0,-3.67
Yadgir,B0120 shahapur,C2257 kannekolur,329,33.21,24.75,5.0,70.0,-3.7
Yadgir,B0123 shorapur,C0133 balashettihal,1317,48.91,28.89,10.0,90.0,-5.23
Yadgir,B0123 shorapur,C0137 balichakra,285,61.25,26.77,20.0,90.0,0.89
Yadgir,B0123 shorapur,C0143 banadoddi,472,46.73,26.86,10.0,85.0,-9.71
Yadgir,B0123 shorapur,C0389 devapur,1297,50.78,28.07,10.0,90.0,0.65
Yadgir,B0123 shorapur,C0399 devargonal,1483,55.59,28.25,15.0,90.0,2.07
Yadgir,B0123 shorapur,C0402 devatkal,1021,45.03,27.72,5.0,85.0,-0.18
Yadgir,B0123 shorapur,C0495 geddalmari,886,53.63,28.64,10.0,90.0,-6.67
Yadgir,B0123 shorapur,C0543 gundalgera,1082,44.75,30.43,5.0,85.0,-6.24
Yadgir,B0123 shorapur,C0731 hunasagi,151,61.42,25.03,25.0,90.0,-0.62
Yadgir,B0123 shorapur,C0891 kannelli,742,54.07,27.31,15.0,90.0,2.69
Yadgir,B0123 shorapur,C0903 kardakal,927,40.38,29.66,0.0,85.0,-0.59
Yadgir,B0123 shorapur,C0921 kembhavi,603,48.32,30.08,5.0,90.0,3.37
Yadgir,B0123 shorapur,C0948 kodekal,1319,50.43,29.67,5.0,90.0,-0.03
Yadgir,B0123 shorapur,C1057 laxmipur,1563,56.15,29.9,10.0,95.0,1.98
Yadgir,B0123 shorapur,C1108 malla (b),1422,55.61,28.09,15.0,90.0,-0.09
Yadgir,B0123 shorapur,C1145 maranal,551,50.89,26.55,15.0,90.0,-6.74
Yadgir,B0123 shorapur,C1203 mudanoor,626,55.25,30.04,10.0,90.0,0.21
Yadgir,B0123 shorapur,C1252 naganur,625,51.16,29.62,10.0,90.0,2.7
Yadgir,B0123 shorapur,C1284 narayanpur,544,39.95,27.76,5.0,80.0,-1.79
Yadgir,B0123 shorapur,C1381 rajankolur,609,57.53,29.17,15.0,95.0,-4.27
Yadgir,B0123 shorapur,C1413 rukmapur,291,51.25,26.44,10.0,85.0,4.54
Yadgir,B0123 shorapur,C1616 tinthani,661,42.69,24.0,15.0,75.0,2.05
Yadgir,B0123 shorapur,C1686 vajjal,635,50.8,27.71,10.0,90.0,-5.53
Yadgir,B0123 shorapur,C1719 yaktapur,446,54.36,28.21,15.0,92.5,2.65
Yadgir,B0141 yadgir,C0037 allipur,359,41.98,25.93,5.0,75.0,-7.6
Yadgir,B0141 yadgir,C0076 anpur,777,46.65,27.43,10.0,85.0,0.7
Yadgir,B0141 yadgir,C0079 arakera(k),829,57.23,29.02,15.0,90.0,0.88
Yadgir,B0141 yadgir,C0105 azalapur,303,45.12,27.47,10.0,85.0,0.7
Yadgir,B0141 yadgir,C0120 badiyal,503,50.97,24.74,20.0,85.0,1.44
Yadgir,B0141 yadgir,C0137 balichakra,458,39.43,26.61,5.0,75.0,-0.64
Yadgir,B0141 yadgir,C0305 chapetla,533,44.58,27.15,10.0,85.0,-0.45
Yadgir,B0141 yadgir,C0475 gajarkot,631,49.96,26.38,15.0,85.0,-1.83
Yadgir,B0141 yadgir,C0627 hattikuni,340,47.04,26.25,10.0,80.0,-2.97
Yadgir,B0141 yadgir,C0636 hedgimadra,607,45.53,26.35,10.0,85.0,2.6
Yadgir,B0141 yadgir,C0686 honagera,649,38.3,29.33,0.0,80.0,-1.01
Yadgir,B0141 yadgir,C0828 kadechur,117,49.49,26.04,10.0,85.0,-12.58
Yadgir,B0141 yadgir,C0885 kandakoor,849,37.49,28.04,5.0,80.0,-1.85
Yadgir,B0141 yadgir,C0984 konkal,909,38.97,26.05,5.0,75.0,2.14
Yadgir,B0141 yadgir,C1086 madhawar,462,46.87,29.79,5.0,85.0,-1.29
Yadgir,B0141 yadgir,C1104 malhar,339,49.35,27.09,10.0,85.0,1.98
Yadgir,B0141 yadgir,C1370 putpak,369,43.01,26.93,10.0,80.0,2.86
Yadgir,B0141 yadgir,C1394 ramsamudra,561,51.68,27.83,10.0,90.0,0.05
Yadgir,B0141 yadgir,C1427 saidapur,406,49.4,29.72,10.0,90.0,-4.79
Yadgir,B0141 yadgir,C1713 yadgir rural,207,57.44,24.88,20.0,87.0,-0.65
Yadgir,B0141 yadgir,C1714 yadgir station,451,38.98,28.36,5.0,80.0,2.05
Yadgir,B0141 yadgir,C1744 yelheri,347,39.67,28.13,5.0,80.0,1.18
Yadgir,B0141 yadgir,C1751 yergole,195,52.0,27.13,15.0,85.0,-4.51
