district,block,cluster,gp,n_students,pct_mean,pct_sd,gp_id,pct_floor,pct_p90,gender_gap_pp,n_schools_4_6,n_schools_govt,pct_govt_schools,pct_private_schools,pct_rural_schools,enrolment_all,enrolment_govt,teachers_govt,ptr_govt,pct_female_teachers_govt,pct_teachers_graduate_plus_govt,pct_sch_electricity_govt,pct_sch_library_govt,pct_sch_playground_govt,pct_sch_tapwater_functional_govt,pct_sch_internet_govt,pct_sch_computer_lab_govt,pct_sch_ramps_govt,pct_sch_reading_corner_govt,pct_sch_handwash_meal_govt,pct_sch_kannada_medium_govt,pct_sch_preprimary_govt,girls_func_toilets_per_school_govt,good_classrooms_per_school_govt,acad_inspections_per_school_govt,crc_coordinators_per_school_govt,smc_meetings_per_school_govt,mean_instruction_days_govt,avg_govt_school_size
Bagalkote,B0008 badami,C0204 beluru,1201 belur,396,50.76,29.41,1201,10.0,90.0,6.94,,,,,,,,,,,,,,,,,,,,,,,,,,,,,
Bagalkote,B0008 badami,C0204 beluru,4246 mangalur,400,40.0,26.85,4246,5.0,80.0,-1.3,,,,,,,,,,,,,,,,,,,,,,,,,,,,,
Bagalkote,B0008 badami,C0568 halakurki,2327 halakurki,254,38.39,24.7,2327,5.0,75.0,0.39,,,,,,,,,,,,,,,,,,,,,,,,,,,,,
Bagalkote,B0008 badami,C0568 halakurki,3546 kendur,431,73.05,21.82,3546,40.0,95.0,6.8,,,,,,,,,,,,,,,,,,,,,,,,,,,,,
Bagalkote,B0008 badami,C0568 halakurki,510 adagal,740,73.3,21.71,510,40.0,95.0,0.46,,,,,,,,,,,,,,,,,,,,,,,,,,,,,
Bagalkote,B0008 badami,C0578 haligeri,213009165 haligeri,352,58.49,22.9,213009165,30.0,90.0,3.54,,,,,,,,,,,,,,,,,,,,,,,,,,,,,
Bagalkote,B0008 badami,C0578 haligeri,3215 kainakatti,83,53.25,28.66,3215,11.0,89.0,4.12,,,,,,,,,,,,,,,,,,,,,,,,,,,,,
Bagalkote,B0008 badami,C0600 hansanur,2427 hansnoor,327,53.56,26.68,2427,15.0,85.0,3.01,,,,,,,,,,,,,,,,,,,,,,,,,,,,,
Bagalkote,B0008 badami,C0600 hansanur,3531 kelawadi,271,40.94,22.48,3531,10.0,75.0,-0.39,,,,,,,,,,,,,,,,,,,,,,,,,,,,,
Bagalkote,B0008 badami,C0634 hebballi,3631 kittali,312,59.41,23.99,3631,25.0,90.0,0.81,,,,,,,,,,,,,,,,,,,,,,,,,,,,,
Bagalkote,B0008 badami,C0634 hebballi,6294 hebballi,285,71.91,20.61,6294,45.0,95.0,4.97,,,,,,,,,,,,,,,,,,,,,,,,,,,,,
Bagalkote,B0008 badami,C0634 hebballi,633 alur sk,377,56.49,27.16,633,15.0,90.0,8.12,,,,,,,,,,,,,,,,,,,,,,,,,,,,,
Bagalkote,B0008 badami,C0708 housur,3025 jalihal,236,48.96,30.32,3025,5.0,90.0,6.2,,,,,,,,,,,,,,,,,,,,,,,,,,,,,
Bagalkote,B0008 badami,C0911 katageri,2420 hangaragi,361,45.83,25.01,2420,15.0,80.0,6.73,,,,,,,,,,,,,,,,,,,,,,,,,,,,,
Bagalkote,B0008 badami,C0911 katageri,3038 jammanakatti,309,62.56,25.71,3038,25.0,90.0,7.62,,,,,,,,,,,,,,,,,,,,,,,,,,,,,
Bagalkote,B0008 badami,C0911 katageri,3479 katageri,363,62.7,24.45,3479,26.0,90.0,-1.22,,,,,,,,,,,,,,,,,,,,,,,,,,,,,
Bagalkote,B0008 badami,C1960 cholachagudda,1670 cholachagudda,513,62.6,24.52,1670,21.0,85.0,2.53,,,,,,,,,,,,,,,,,,,,,,,,,,,,,
Bagalkote,B0008 badami,C1960 cholachagudda,213009333 kataraki,320,85.64,15.28,213009333,65.0,100.0,-0.34,,,,,,,,,,,,,,,,,,,,,,,,,,,,,
Bagalkote,B0008 badami,C2189 inam hullikeri,2853 hullikeri inam,491,53.08,27.65,2853,15.0,90.0,3.75,,,,,,,,,,,,,,,,,,,,,,,,,,,,,
Bagalkote,B0008 badami,C2228 kagalgomba,2764 hoolageri,419,74.83,21.94,2764,45.0,95.0,-2.91,,,,,,,,,,,,,,,,,,,,,,,,,,,,,
Bagalkote,B0008 badami,C2228 kagalgomba,5534 sulikeri,335,55.64,23.23,5534,22.0,85.0,1.73,,,,,,,,,,,,,,,,,,,,,,,,,,,,,
Bagalkote,B0008 badami,C2335 kulageri cross,213009605 narsapura,139,30.58,23.55,213009605,0.0,70.0,3.95,,,,,,,,,,,,,,,,,,,,,,,,,,,,,
Bagalkote,B0008 badami,C2335 kulageri cross,3221 kakanur,253,81.34,23.28,3221,55.0,100.0,3.04,,,,,,,,,,,,,,,,,,,,,,,,,,,,,
Bagalkote,B0008 badami,C2335 kulageri cross,3590 khanapur sk,242,40.1,24.64,3590,10.0,75.0,-1.0,,,,,,,,,,,,,,,,,,,,,,,,,,,,,
Bagalkote,B0008 badami,C2358 layadagundi,2313 haladur,456,85.56,13.37,2313,70.0,100.0,0.05,,,,,,,,,,,,,,,,,,,,,,,,,,,,,
Bagalkote,B0008 badami,C2358 layadagundi,4011 layadagundi,437,81.14,11.99,4011,65.0,95.0,0.68,,,,,,,,,,,,,,,,,,,,,,,,,,,,,
Bagalkote,B0008 badami,C2358 layadagundi,4655 nagaral sp,243,71.23,16.93,4655,50.0,90.0,-1.12,,,,,,,,,,,,,,,,,,,,,,,,,,,,,
Bagalkote,B0008 badami,C2460 muttalageri,4584 mustigeri,365,70.23,16.88,4584,47.0,90.0,3.74,,,,,,,,,,,,,,,,,,,,,,,,,,,,,
Bagalkote,B0008 badami,C2460 muttalageri,4597 muttalageri,676,78.54,13.75,4597,65.0,95.0,2.36,,,,,,,,,,,,,,,,,,,,,,,,,,,,,
Bagalkote,B0008 badami,C2487 nandikeswara,4240 mangalagudda,241,50.15,27.24,4240,10.0,85.0,-0.06,,,,,,,,,,,,,,,,,,,,,,,,,,,,,
Bagalkote,B0008 badami,C2487 nandikeswara,4721 nandikeshwar,392,71.52,14.38,4721,50.5,90.0,2.26,,,,,,,,,,,,,,,,,,,,,,,,,,,,,
Bagalkote,B0008 badami,C2487 nandikeswara,4973 pattadakall,284,50.67,26.53,4973,10.0,85.0,5.92,,,,,,,,,,,,,,,,,,,,,,,,,,,,,
Bagalkote,B0008 badami,C2495 narenur,1994 fakirbudihal,300,46.83,23.94,1994,10.0,80.0,0.2,,,,,,,,,,,,,,,,,,,,,,,,,,,,,
Bagalkote,B0008 badami,C2495 narenur,3215 kainakatti,109,51.61,29.52,3215,15.0,90.0,-7.56,,,,,,,,,,,,,,,,,,,,,,,,,,,,,
Bagalkote,B0008 badami,C2500 neelagund,4210 mamtageri,402,55.62,29.84,4210,15.0,95.0,-3.99,,,,,,,,,,,,,,,,,,,,,,,,,,,,,
Bagalkote,B0008 badami,C2500 neelagund,4778 neelagund,349,64.43,24.62,4778,25.0,95.0,1.64,,,,,,,,,,,,,,,,,,,,,,,,,,,,,
Bagalkote,B0008 badami,C2501 neerabudhihal,4783 neerbudihal,415,58.69,22.31,4783,25.0,85.0,1.84,,,,,,,,,,,,,,,,,,,,,,,,,,,,,
Bagalkote,B0008 badami,C2501 neerabudhihal,695 anawal,500,63.48,22.38,695,35.0,95.0,-3.44,,,,,,,,,,,,,,,,,,,,,,,,,,,,,
Bagalkote,B0008 badami,C2851 housur,6503 hosur,286,34.93,26.62,6503,5.0,75.0,10.3,,,,,,,,,,,,,,,,,,,,,,,,,,,,,
Bagalkote,B0008 badami,C2878 kotikal,213009602 hanapur sp,109,48.3,24.62,213009602,15.0,81.0,-6.06,,,,,,,,,,,,,,,,,,,,,,,,,,,,,
Bagalkote,B0008 badami,C2878 kotikal,3802 kotikal,252,63.79,24.87,3802,25.0,95.0,0.02,,,,,,,,,,,,,,,,,,,,,,,,,,,,,
Bagalkote,B0008 badami,C2878 kotikal,4965 parvati,263,62.91,22.29,4965,30.0,90.0,7.42,,,,,,,,,,,,,,,,,,,,,,,,,,,,,
Bagalkote,B0009 bagalkot,C0215 bevoor,1254 bevoor,401,71.51,18.88,1254,45.0,95.0,0.45,,,,,,,,,,,,,,,,,,,,,,,,,,,,,
Bagalkote,B0009 bagalkot,C0215 bevoor,5776 timmapur,357,80.25,15.77,5776,60.0,100.0,3.74,,,,,,,,,,,,,,,,,,,,,,,,,,,,,
Bagalkote,B0009 bagalkot,C0217 bhagavati,1216 benakatti,480,79.52,20.56,1216,45.0,100.0,1.39,,,,,,,,,,,,,,,,,,,,,,,,,,,,,
Bagalkote,B0009 bagalkot,C0217 bhagavati,1260 bhagavati,425,84.32,14.25,1260,65.0,100.0,3.25,,,,,,,,,,,,,,,,,,,,,,,,,,,,,
Bagalkote,B0009 bagalkot,C0217 bhagavati,2363 hallur,299,67.32,23.0,2363,35.0,95.0,3.49,,,,,,,,,,,,,,,,,,,,,,,,,,,,,
Bagalkote,B0009 bagalkot,C0578 haligeri,4785 neeralakeri,455,69.19,27.54,4785,25.0,100.0,5.67,,,,,,,,,,,,,,,,,,,,,,,,,,,,,
Bagalkote,B0009 bagalkot,C0826 kadampur,3166 kadampur,246,73.76,18.97,3166,50.0,95.0,1.82,,,,,,,,,,,,,,,,,,,,,,,,,,,,,
Bagalkote,B0009 bagalkot,C1219 mugalolli,1253 bevinamatti,457,79.35,19.39,1253,50.0,100.0,1.82,,,,,,,,,,,,,,,,,,,,,,,,,,,,,
Bagalkote,B0009 bagalkot,C1219 mugalolli,4526 mugalolli,200,71.25,20.11,4526,45.0,95.5,0.28,,,,,,,,,,,,,,,,,,,,,,,,,,,,,
Bagalkote,B0009 bagalkot,C1516 sitimani r s,1597 chikkamyageri,58,66.9,28.19,1597,25.0,95.0,7.45,,,,,,,,,,,,,,,,,,,,,,,,,,,,,
Bagalkote,B0009 bagalkot,C1516 sitimani r s,5085 rampur,508,84.65,14.92,5085,65.0,100.0,1.5,,,,,,,,,,,,,,,,,,,,,,,,,,,,,
Bagalkote,B0009 bagalkot,C1875 bennur,1350 bilkerur,187,76.39,18.56,1350,50.0,95.0,7.42,,,,,,,,,,,,,,,,,,,,,,,,,,,,,
Bagalkote,B0009 bagalkot,C1875 bennur,3188 kadlimatti,382,69.36,25.12,3188,30.0,95.0,-0.19,,,,,,,,,,,,,,,,,,,,,,,,,,,,,
Bagalkote,B0009 bagalkot,C1875 bennur,6222 bennuru,300,54.38,28.14,6222,14.5,90.0,1.58,,,,,,,,,,,,,,,,,,,,,,,,,,,,,
Bagalkote,B0009 bagalkot,C2019 gaddanakeri,2012 gaddanakeri,268,57.26,23.0,2012,25.0,85.0,7.61,,,,,,,,,,,,,,,,,,,,,,,,,,,,,
Bagalkote,B0009 bagalkot,C2019 gaddanakeri,4571 muranal,255,74.88,18.29,4571,50.0,95.0,3.42,,,,,,,,,,,,,,,,,,,,,,,,,,,,,
Bagalkote,B0009 bagalkot,C2019 gaddanakeri,5411 simikeri,204,63.43,24.59,5411,35.0,95.0,0.97,,,,,,,,,,,,,,,,,,,,,,,,,,,,,
Bagalkote,B0009 bagalkot,C2050 gulabal,2630 hiregulbal,270,87.43,11.31,2630,75.0,100.0,0.57,,,,,,,,,,,,,,,,,,,,,,,,,,,,,
Bagalkote,B0009 bagalkot,C2234 kaladagi,3230 kaladagi,455,58.41,23.73,3230,25.0,85.0,-5.79,,,,,,,,,,,,,,,,,,,,,,,,,,,,,
Bagalkote,B0009 bagalkot,C2234 kaladagi,3586 khajjadoni,303,46.68,26.02,3586,15.0,85.0,7.21,,,,,,,,,,,,,,,,,,,,,,,,,,,,,
Bagalkote,B0009 bagalkot,C2479 nainegali,6503 hosur,101,88.42,14.23,6503,75.0,100.0,1.69,,,,,,,,,,,,,,,,,,,,,,,,,,,,,
Bagalkote,B0009 bagalkot,C2612 shirur,5336 shikkeri,265,83.91,11.3,5336,70.0,100.0,-1.2,,,,,,,,,,,,,,,,,,,,,,,,,,,,,
Bagalkote,B0009 bagalkot,C2655 sutagundar,1597 chikkamyageri,140,75.21,18.02,1597,55.0,95.0,-1.7,,,,,,,,,,,,,,,,,,,,,,,,,,,,,
Bagalkote,B0009 bagalkot,C2655 sutagundar,5565 sutagundar,139,64.68,25.05,5565,30.0,95.0,4.05,,,,,,,,,,,,,,,,,,,,,,,,,,,,,
Bagalkote,B0009 bagalkot,C2695 tulasigeri,1607 chikkasellikeri,280,64.41,28.54,1607,15.0,95.0,2.74,,,,,,,,,,,,,,,,,,,,,,,,,,,,,
Bagalkote,B0009 bagalkot,C2695 tulasigeri,1780 devanal,268,44.35,27.1,1780,10.0,85.0,-2.33,,,,,,,,,,,,,,,,,,,,,,,,,,,,,
Bagalkote,B0009 bagalkot,C2695 tulasigeri,5823 tulasigeri,240,67.77,24.01,5823,30.0,95.0,7.31,,,,,,,,,,,,,,,,,,,,,,,,,,,,,
Bagalkote,B0009 bagalkot,C2752 yadahalli-(bgk),213009332 yadahalli,323,62.03,21.36,213009332,31.0,85.0,1.46,,,,,,,,,,,,,,,,,,,,,,,,,,,,,
Bagalkote,B0009 bagalkot,C2903 nainegali,213009604 hosur,83,85.12,14.82,213009604,65.0,100.0,-2.43,,,,,,,,,,,,,,,,,,,,,,,,,,,,,
Bagalkote,B0009 bagalkot,C2903 nainegali,4774 nayanegali,222,73.31,21.22,4774,40.5,95.0,0.2,,,,,,,,,,,,,,,,,,,,,,,,,,,,,
Bagalkote,B0021 bilagi,C0884 kandagal,2101 girisagar,460,58.85,25.88,2101,20.0,90.0,4.48,,,,,,,,,,,,,,,,,,,,,,,,,,,,,
Bagalkote,B0021 bilagi,C0884 kandagal,2568 heggur,249,62.43,27.09,2568,20.0,95.0,-0.78,,,,,,,,,,,,,,,,,,,,,,,,,,,,,
Bagalkote,B0021 bilagi,C0884 kandagal,3359 kandagal,236,42.92,26.6,3359,7.5,80.0,4.37,,,,,,,,,,,,,,,,,,,,,,,,,,,,,
Bagalkote,B0021 bilagi,C0884 kandagal,899 badagandi,303,71.7,18.81,899,45.0,95.0,7.56,,,,,,,,,,,,,,,,,,,,,,,,,,,,,
Bagalkote,B0021 bilagi,C1031 kundargi,3042 janamatti,268,63.96,21.22,3042,35.0,90.0,-2.21,,,,,,,,,,,,,,,,,,,,,,,,,,,,,
Bagalkote,B0021 bilagi,C1031 kundargi,3890 kundaragi,174,51.93,26.1,3890,15.0,85.0,-5.23,,,,,,,,,,,,,,,,,,,,,,,,,,,,,
Bagalkote,B0021 bilagi,C1031 kundargi,759 arakeri,463,50.05,26.87,759,11.0,85.0,10.7,,,,,,,,,,,,,,,,,,,,,,,,,,,,,
Bagalkote,B0021 bilagi,C1501 siddapur,4654 nagaral,606,54.48,27.33,4654,12.5,90.0,6.96,,,,,,,,,,,,,,,,,,,,,,,,,,,,,
Bagalkote,B0021 bilagi,C1501 siddapur,5474 sonna,350,65.7,24.74,5474,30.0,95.0,9.52,,,,,,,,,,,,,,,,,,,,,,,,,,,,,
Bagalkote,B0021 bilagi,C1501 siddapur,6311 siddapura,509,45.45,25.61,6311,10.0,80.0,-5.58,,,,,,,,,,,,,,,,,,,,,,,,,,,,,
Bagalkote,B0021 bilagi,C1543 sunag,5543 sunag,758,50.34,27.28,5543,15.0,85.0,6.27,,,,,,,,,,,,,,,,,,,,,,,,,,,,,
Bagalkote,B0021 bilagi,C1711 yadahalli,6040 yadahalli,397,44.29,27.94,6040,5.0,85.0,1.44,,,,,,,,,,,,,,,,,,,,,,,,,,,,,
Bagalkote,B0021 bilagi,C1711 yadahalli,901 badagi,192,76.54,17.89,901,50.0,95.0,7.39,,,,,,,,,,,,,,,,,,,,,,,,,,,,,
Bagalkote,B0021 bilagi,C1786 anagwadi,1410 budihal sa,240,71.02,20.42,1410,45.0,95.0,7.49,,,,,,,,,,,,,,,,,,,,,,,,,,,,,
Bagalkote,B0021 bilagi,C1786 anagwadi,2592 herkal,364,71.13,19.49,2592,46.5,90.0,2.18,,,,,,,,,,,,,,,,,,,,,,,,,,,,,
Bagalkote,B0021 bilagi,C1786 anagwadi,678 anagawadi,355,77.68,20.09,678,50.0,95.0,0.68,,,,,,,,,,,,,,,,,,,,,,,,,,,,,
Bagalkote,B0021 bilagi,C2023 galagali,2026 galagali,305,63.67,28.06,2026,20.0,100.0,3.07,,,,,,,,,,,,,,,,,,,,,,,,,,,,,
Bagalkote,B0021 bilagi,C2023 galagali,3713 kolur (k),286,53.83,25.24,3713,15.0,90.0,0.99,,,,,,,,,,,,,,,,,,,,,,,,,,,,,
Bagalkote,B0021 bilagi,C2276 kataraki,1586 chikkalagundi,308,58.12,27.73,1586,10.0,90.0,9.45,,,,,,,,,,,,,,,,,,,,,,,,,,,,,
Bagalkote,B0021 bilagi,C2276 kataraki,3483 kataraki,424,49.25,23.54,3483,20.0,80.0,2.92,,,,,,,,,,,,,,,,,,,,,,,,,,,,,
Bagalkote,B0021 bilagi,C2409 manniker,2760 honnihal,216,45.58,25.6,2760,10.0,80.0,7.54,,,,,,,,,,,,,,,,,,,,,,,,,,,,,
Bagalkote,B0021 bilagi,C2409 manniker,3783 korti,291,46.91,24.88,3783,15.0,80.0,2.66,,,,,,,,,,,,,,,,,,,,,,,,,,,,,
Bagalkote,B0021 bilagi,C2668 teggi,2938 inam hanchinal,94,60.37,22.92,2938,26.5,85.0,-1.07,,,,,,,,,,,,,,,,,,,,,,,,,,,,,
Bagalkote,B0021 bilagi,C2668 teggi,5653 teggi,514,51.35,28.75,5653,10.0,90.0,-0.11,,,,,,,,,,,,,,,,,,,,,,,,,,,,,
Bagalkote,B0069 hunagund,C0317 chicknal,1558 chikanal,411,58.72,25.33,1558,20.0,90.0,-3.28,,,,,,,,,,,,,,,,,,,,,,,,,,,,,
Bagalkote,B0069 hunagund,C0644 heremagi,1665 chittaragi,379,50.98,26.47,1665,15.0,85.0,3.64,,,,,,,,,,,,,,,,,,,,,,,,,,,,,
Bagalkote,B0069 hunagund,C0644 heremagi,2658 hiremagi,337,41.88,27.47,2658,5.0,80.0,2.48,,,,,,,,,,,,,,,,,,,,,,,,,,,,,
Bagalkote,B0069 hunagund,C0644 heremagi,2659 hiremalagavi,84,59.88,26.68,2659,16.5,95.0,1.66,,,,,,,,,,,,,,,,,,,,,,,,,,,,,
Bagalkote,B0069 hunagund,C0644 heremagi,5063 rakkasagi,289,58.74,23.22,5063,25.0,90.0,-5.17,,,,,,,,,,,,,,,,,,,,,,,,,,,,,
Bagalkote,B0069 hunagund,C0734 hungund,1145 belagal,382,40.13,25.34,1145,5.5,75.0,-0.22,,,,,,,,,,,,,,,,,,,,,,,,,,,,,
Bagalkote,B0069 hunagund,C0734 hungund,2061 ganjihal,295,50.83,21.66,2061,22.0,85.0,-0.74,,,,,,,,,,,,,,,,,,,,,,,,,,,,,
Bagalkote,B0069 hunagund,C0734 hungund,3826 kudal-sangam,190,65.92,24.37,3826,34.5,95.0,-10.5,,,,,,,,,,,,,,,,,,,,,,,,,,,,,
Bagalkote,B0069 hunagund,C0743 ilkal middle,1620 chikodagali,480,78.76,19.76,1620,50.0,100.0,1.72,,,,,,,,,,,,,,,,,,,,,,,,,,,,,
Bagalkote,B0069 hunagund,C0743 ilkal middle,2648 hirekodagli,329,69.26,22.74,2648,35.0,95.0,3.86,,,,,,,,,,,,,,,,,,,,,,,,,,,,,
Bagalkote,B0069 hunagund,C0744 ilkal west,955 balakundi,445,76.56,17.15,955,55.0,95.0,4.23,,,,,,,,,,,,,,,,,,,,,,,,,,,,,
Bagalkote,B0069 hunagund,C1008 kudal sangam,213009599 bisaladinni,107,54.63,26.58,213009599,15.0,85.0,16.19,,,,,,,,,,,,,,,,,,,,,,,,,,,,,
Bagalkote,B0069 hunagund,C1264 nagur,2618 hirebadawadagi,103,85.87,14.36,2618,70.0,100.0,-0.41,,,,,,,,,,,,,,,,,,,,,,,,,,,,,
Bagalkote,B0069 hunagund,C1264 nagur,4680 nagur,260,73.94,17.36,4680,50.0,90.0,7.38,,,,,,,,,,,,,,,,,,,,,,,,,,,,,
Bagalkote,B0069 hunagund,C1769 aihole,2904 huvinahalli,325,65.31,22.42,2904,35.0,90.0,1.79,,,,,,,,,,,,,,,,,,,,,,,,,,,,,
Bagalkote,B0069 hunagund,C1769 aihole,561 aihole,344,76.54,19.47,561,50.0,100.0,7.11,,,,,,,,,,,,,,,,,,,,,,,,,,,,,
Bagalkote,B0069 hunagund,C1897 bingawadagi,1358 binjawadagi,288,46.53,25.51,1358,10.0,80.0,-1.59,,,,,,,,,,,,,,,,,,,,,,,,,,,,,
Bagalkote,B0069 hunagund,C1897 bingawadagi,2618 hirebadawadagi,87,91.61,11.25,2618,78.0,100.0,-0.18,,,,,,,,,,,,,,,,,,,,,,,,,,,,,
Bagalkote,B0069 hunagund,C1897 bingawadagi,643 amarawati,277,38.39,25.58,643,8.0,75.0,5.38,,,,,,,,,,,,,,,,,,,,,,,,,,,,,
Bagalkote,B0069 hunagund,C1907 budihal s k,1411 budihal sk,270,43.7,25.63,1411,5.0,80.0,4.02,,,,,,,,,,,,,,,,,,,,,,,,,,,,,
Bagalkote,B0069 hunagund,C1989 dhannur,1823 dhannur,276,27.5,24.62,1823,0.0,62.5,2.37,,,,,,,,,,,,,,,,,,,,,,,,,,,,,
Bagalkote,B0069 hunagund,C1989 dhannur,213009597 havaragi,106,56.51,26.77,213009597,15.0,87.5,8.99,,,,,,,,,,,,,,,,,,,,,,,,,,,,,
Bagalkote,B0069 hunagund,C1989 dhannur,4332 marol,246,62.5,23.56,4332,30.0,90.0,3.67,,,,,,,,,,,,,,,,,,,,,,,,,,,,,
Bagalkote,B0069 hunagund,C2049 gudur,2215 gudur sc,331,82.69,16.05,2215,60.0,100.0,17.75,,,,,,,,,,,,,,,,,,,,,,,,,,,,,
Bagalkote,B0069 hunagund,C2049 gudur,4568 muradi,200,57.38,26.61,4568,20.0,90.0,-7.74,,,,,,,,,,,,,,,,,,,,,,,,,,,,,
Bagalkote,B0069 hunagund,C2049 gudur,5932 vadageri,156,54.42,17.26,5932,35.0,80.0,-7.7,,,,,,,,,,,,,,,,,,,,,,,,,,,,,
Bagalkote,B0069 hunagund,C2138 hiresingangutti,2678 hiresinganagutti,403,53.52,27.11,2678,15.0,90.0,4.22,,,,,,,,,,,,,,,,,,,,,,,,,,,,,
Bagalkote,B0069 hunagund,C2254 kandgall,213009401 kandagal,310,67.89,25.46,213009401,30.0,95.0,2.29,,,,,,,,,,,,,,,,,,,,,,,,,,,,,
Bagalkote,B0069 hunagund,C2254 kandgall,2674 hireotageri,318,66.79,23.84,2674,33.5,95.0,-1.39,,,,,,,,,,,,,,,,,,,,,,,,,,,,,
Bagalkote,B0069 hunagund,C2264 karadi,3421 karadi,178,37.67,26.95,3421,5.0,80.0,-4.01,,,,,,,,,,,,,,,,,,,,,,,,,,,,,
Bagalkote,B0069 hunagund,C2447 muganur,4528 muganur,412,43.08,27.42,4528,10.0,80.0,4.28,,,,,,,,,,,,,,,,,,,,,,,,,,,,,
Bagalkote,B0069 hunagund,C2484 nandawadagi,4708 nandawadagi,492,77.01,19.99,4708,50.0,100.0,-7.9,,,,,,,,,,,,,,,,,,,,,,,,,,,,,
Bagalkote,B0069 hunagund,C2647 sulibhavi,3534 kelur,348,33.53,26.9,3534,0.0,71.5,-4.65,,,,,,,,,,,,,,,,,,,,,,,,,,,,,
Bagalkote,B0069 hunagund,C2647 sulibhavi,6367 sulebhavi,345,62.2,28.67,6367,15.0,95.0,5.09,,,,,,,,,,,,,,,,,,,,,,,,,,,,,
Bagalkote,B0069 hunagund,C2696 tumb,3034 jambaladinni,85,72.65,19.4,3034,42.0,95.0,-0.47,,,,,,,,,,,,,,,,,,,,,,,,,,,,,
Bagalkote,B0069 hunagund,C2696 tumb,6307 gorabal,156,63.88,24.13,6307,27.5,90.0,9.52,,,,,,,,,,,,,,,,,,,,,,,,,,,,,
Bagalkote,B0069 hunagund,C2854 ilkal (urdu crc),3421 karadi,170,32.24,24.05,3421,5.0,65.0,4.12,,,,,,,,,,,,,,,,,,,,,,,,,,,,,
Bagalkote,B0072 jamakhandi,C0729 hulyal,213009331 siddapura,301,74.22,21.11,213009331,40.0,95.0,3.3,,,,,,,,,,,,,,,,,,,,,,,,,,,,,
Bagalkote,B0072 jamakhandi,C0729 hulyal,2859 hulyal,354,61.72,24.98,2859,25.0,95.0,1.61,,,,,,,,,,,,,,,,,,,,,,,,,,,,,
Bagalkote,B0072 jamakhandi,C0729 hulyal,6311 siddapura,96,70.05,20.68,6311,37.5,90.0,-0.16,,,,,,,,,,,,,,,,,,,,,,,,,,,,,
Bagalkote,B0072 jamakhandi,C0735 hunnur,2878 hunnur,331,71.1,21.21,2878,45.0,95.0,4.9,,,,,,,,,,,,,,,,,,,,,,,,,,,,,
Bagalkote,B0072 jamakhandi,C0735 hunnur,4081 madarakandi,617,65.03,24.46,4081,30.0,95.0,2.54,,,,,,,,,,,,,,,,,,,,,,,,,,,,,
Bagalkote,B0072 jamakhandi,C0779 jamakhandi west,3170 kadapatti,221,50.84,29.97,3170,5.0,90.0,10.2,,,,,,,,,,,,,,,,,,,,,,,,,,,,,
Bagalkote,B0072 jamakhandi,C0985 konnur,213009603 mareguddi,41,37.93,24.82,213009603,5.0,70.0,-10.58,,,,,,,,,,,,,,,,,,,,,,,,,,,,,
Bagalkote,B0072 jamakhandi,C0985 konnur,3752 konnur,350,43.99,25.61,3752,10.0,80.0,1.68,,,,,,,,,,,,,,,,,,,,,,,,,,,,,
Bagalkote,B0072 jamakhandi,C1027 kunchanur,3873 kumbarhalla,587,47.65,29.6,3873,8.0,90.0,-1.32,,,,,,,,,,,,,,,,,,,,,,,,,,,,,
Bagalkote,B0072 jamakhandi,C1027 kunchanur,3882 kunchanur,214,33.11,25.9,3882,5.0,70.0,-0.56,,,,,,,,,,,,,,,,,,,,,,,,,,,,,
Bagalkote,B0072 jamakhandi,C1027 kunchanur,4017 linganur,263,45.61,29.33,4017,5.0,85.0,7.72,,,,,,,,,,,,,,,,,,,,,,,,,,,,,
Bagalkote,B0072 jamakhandi,C1845 banahatti east,4759 navalagi,532,54.03,28.44,4759,15.0,90.0,-1.26,,,,,,,,,,,,,,,,,,,,,,,,,,,,,
Bagalkote,B0072 jamakhandi,C1846 banahatti west,815 asangi,603,68.22,30.91,815,20.0,100.0,-0.83,,,,,,,,,,,,,,,,,,,,,,,,,,,,,
Bagalkote,B0072 jamakhandi,C1891 bidari,1322 bidari,262,48.74,25.57,1322,15.0,80.0,4.71,,,,,,,,,,,,,,,,,,,,,,,,,,,,,
Bagalkote,B0072 jamakhandi,C1950 chimmad,1630 chimmada,653,66.88,20.57,1630,40.0,90.0,4.23,,,,,,,,,,,,,,,,,,,,,,,,,,,,,
Bagalkote,B0072 jamakhandi,C2022 gadyal,3394 kannolli,361,47.6,26.19,3394,15.0,85.0,-1.15,,,,,,,,,,,,,,,,,,,,,,,,,,,,,
Bagalkote,B0072 jamakhandi,C2038 golabhavi,2119 golabhavi,333,52.42,27.83,2119,10.0,90.0,5.15,,,,,,,,,,,,,,,,,,,,,,,,,,,,,
Bagalkote,B0072 jamakhandi,C2038 golabhavi,5252 sasalatti,120,66.83,21.99,5252,35.0,95.0,5.54,,,,,,,,,,,,,,,,,,,,,,,,,,,,,
Bagalkote,B0072 jamakhandi,C2122 hipparagi,2608 hipparagi,348,40.07,25.93,2608,5.0,80.0,10.26,,,,,,,,,,,,,,,,,,,,,,,,,,,,,
Bagalkote,B0072 jamakhandi,C2122 hipparagi,3865 kulhalli,344,33.91,25.47,3865,5.0,70.0,9.23,,,,,,,,,,,,,,,,,,,,,,,,,,,,,
Bagalkote,B0072 jamakhandi,C2136 hirepadasalagi,1606 chikkapadasalagi,208,59.16,26.66,1606,15.0,95.0,2.82,,,,,,,,,,,,,,,,,,,,,,,,,,,,,
Bagalkote,B0072 jamakhandi,C2136 hirepadasalagi,2675 hirepadasalagi,248,38.04,28.52,2675,3.5,85.0,-2.24,,,,,,,,,,,,,,,,,,,,,,,,,,,,,
Bagalkote,B0072 jamakhandi,C2136 hirepadasalagi,594 alagur,202,45.69,27.39,594,10.0,85.0,3.22,,,,,,,,,,,,,,,,,,,,,,,,,,,,,
Bagalkote,B0072 jamakhandi,C2386 maigur,3379 kankanawadi,201,67.84,26.18,3379,30.0,100.0,0.32,,,,,,,,,,,,,,,,,,,,,,,,,,,,,
Bagalkote,B0072 jamakhandi,C2386 maigur,4129 maigur,230,54.24,24.86,4129,15.0,85.0,2.41,,,,,,,,,,,,,,,,,,,,,,,,,,,,,
Bagalkote,B0072 jamakhandi,C2386 maigur,4604 muttur,287,78.8,15.82,4604,55.0,95.0,5.18,,,,,,,,,,,,,,,,,,,,,,,,,,,,,
Bagalkote,B0072 jamakhandi,C2553 rampur,213009601 yallatti,72,39.03,26.51,213009601,5.0,79.5,12.3,,,,,,,,,,,,,,,,,,,,,,,,,,,,,
Bagalkote,B0072 jamakhandi,C2553 rampur,3002 jagadal,383,43.71,27.12,3002,10.0,84.0,-0.76,,,,,,,,,,,,,,,,,,,,,,,,,,,,,
Bagalkote,B0072 jamakhandi,C2593 savalagi,3033 jambagi bk,431,56.09,29.25,3033,15.0,95.0,1.86,,,,,,,,,,,,,,,,,,,,,,,,,,,,,
Bagalkote,B0072 jamakhandi,C2593 savalagi,5272 savalagi,133,45.64,26.19,5272,15.0,85.0,18.84,,,,,,,,,,,,,,,,,,,,,,,,,,,,,
Bagalkote,B0072 jamakhandi,C2675 terdal east,213009342 tamadaddi,186,66.88,17.23,213009342,45.0,87.5,1.69,,,,,,,,,,,,,,,,,,,,,,,,,,,,,
Bagalkote,B0072 jamakhandi,C2675 terdal east,2348 halingali,210,41.26,26.34,2348,10.0,80.0,3.44,,,,,,,,,,,,,,,,,,,,,,,,,,,,,
Bagalkote,B0072 jamakhandi,C2699 tungal,5389 shurpali,221,57.31,25.9,5389,20.0,90.0,6.69,,,,,,,,,,,,,,,,,,,,,,,,,,,,,
Bagalkote,B0072 jamakhandi,C2699 tungal,5832 tungal,180,54.25,27.75,5832,19.5,90.0,-1.91,,,,,,,,,,,,,,,,,,,,,,,,,,,,,
Bagalkote,B0072 jamakhandi,C2826 gothe,2097 ghote,146,59.79,22.96,2097,30.0,90.0,7.69,,,,,,,,,,,,,,,,,,,,,,,,,,,,,
Bagalkote,B0072 jamakhandi,C2826 gothe,213009600 kajibilagi,295,65.31,22.65,213009600,35.0,90.0,-6.94,,,,,,,,,,,,,,,,,,,,,,,,,,,,,
Bagalkote,B0072 jamakhandi,C2917 rabakavi,2384 hanagandi,448,75.13,18.01,2384,50.0,95.0,4.33,,,,,,,,,,,,,,,,,,,,,,,,,,,,,
Bagalkote,B0072 jamakhandi,C2938 todalbagi,213009598 adihudi,236,51.78,25.5,213009598,15.0,80.0,0.33,,,,,,,,,,,,,,,,,,,,,,,,,,,,,
Bagalkote,B0072 jamakhandi,C2938 todalbagi,5790 todalabagi,222,47.59,25.75,5790,5.5,80.0,5.44,,,,,,,,,,,,,,,,,,,,,,,,,,,,,
Bagalkote,B0099 mudhol,C0225 bhantanur,1272 bhantanur,382,45.56,24.93,1272,10.0,80.0,0.44,,,,,,,,,,,,,,,,,,,,,,,,,,,,,
Bagalkote,B0099 mudhol,C0631 hebbal,3474 kasabajambagi,360,44.64,24.76,3474,10.0,75.0,3.27,,,,,,,,,,,,,,,,,,,,,,,,,,,,,
Bagalkote,B0099 mudhol,C0631 hebbal,6666 hebbal,267,36.37,24.15,6666,5.0,70.0,1.59,,,,,,,,,,,,,,,,,,,,,,,,,,,,,
Bagalkote,B0099 mudhol,C1053 lakshanatti,4000 lakshanatti,311,52.27,27.53,4000,10.0,85.0,2.65,,,,,,,,,,,,,,,,,,,,,,,,,,,,,
Bagalkote,B0099 mudhol,C1137 mantur,2314 halagali,360,55.33,28.91,2314,15.0,95.0,3.08,,,,,,,,,,,,,,,,,,,,,,,,,,,,,
Bagalkote,B0099 mudhol,C1137 mantur,4277 mantur,720,60.98,26.6,4277,20.0,95.0,1.48,,,,,,,,,,,,,,,,,,,,,,,,,,,,,
Bagalkote,B0099 mudhol,C1137 mantur,4418 melligeri,196,46.81,23.77,4418,17.5,80.0,-1.31,,,,,,,,,,,,,,,,,,,,,,,,,,,,,
Bagalkote,B0099 mudhol,C1218 mugalkhod,4525 mugalkhod,427,43.14,25.41,4525,10.0,80.0,1.21,,,,,,,,,,,,,,,,,,,,,,,,,,,,,
Bagalkote,B0099 mudhol,C1427 saidapur,3570 kesarakoppa,380,32.01,24.41,3570,5.0,65.5,2.17,,,,,,,,,,,,,,,,,,,,,,,,,,,,,
Bagalkote,B0099 mudhol,C1427 saidapur,5154 saidapur,119,41.13,27.97,5154,5.0,80.0,-1.32,,,,,,,,,,,,,,,,,,,,,,,,,,,,,
Bagalkote,B0099 mudhol,C1490 shirol,5362 shirol,224,47.54,28.39,5362,10.0,88.5,8.12,,,,,,,,,,,,,,,,,,,,,,,,,,,,,
Bagalkote,B0099 mudhol,C1679 uttur,5926 uttur,182,44.37,26.78,5926,10.0,84.5,5.5,,,,,,,,,,,,,,,,,,,,,,,,,,,,,
Bagalkote,B0099 mudhol,C1679 uttur,5971 vantagodi,376,54.28,26.2,5971,15.0,85.0,-5.31,,,,,,,,,,,,,,,,,,,,,,,,,,,,,
Bagalkote,B0099 mudhol,C1935 chichkhandi k d,1636 chinchakandi,131,64.5,22.25,1636,35.0,90.0,0.02,,,,,,,,,,,,,,,,,,,,,,,,,,,,,
Bagalkote,B0099 mudhol,C1935 chichkhandi k d,2221 gulagal jambagi,114,53.68,24.29,2221,20.0,85.0,4.72,,,,,,,,,,,,,,,,,,,,,,,,,,,,,
Bagalkote,B0099 mudhol,C1935 chichkhandi k d,4432 metagudda,412,57.42,25.2,4432,20.0,90.0,5.69,,,,,,,,,,,,,,,,,,,,,,,,,,,,,
Bagalkote,B0099 mudhol,C2361 lokapur,1719 dadanatti,298,43.02,28.26,1719,10.0,85.0,4.16,,,,,,,,,,,,,,,,,,,,,,,,,,,,,
Bagalkote,B0099 mudhol,C2368 machakanur,4049 machakanur,397,33.64,24.76,4049,5.0,70.0,2.46,,,,,,,,,,,,,,,,,,,,,,,,,,,,,
Bagalkote,B0099 mudhol,C2371 madabhavi,4054 madabhavi,244,39.12,25.07,4054,5.0,75.0,-5.14,,,,,,,,,,,,,,,,,,,,,,,,,,,,,
Bagalkote,B0099 mudhol,C2384 mahalingapur mps,1834 dhavaleshwar,119,39.24,27.03,1834,4.0,80.0,-2.8,,,,,,,,,,,,,,,,,,,,,,,,,,,,,
Bagalkote,B0099 mudhol,C2384 mahalingapur mps,213009334 nagaral,497,43.01,27.16,213009334,5.0,80.0,4.79,,,,,,,,,,,,,,,,,,,,,,,,,,,,,
Bagalkote,B0099 mudhol,C2384 mahalingapur mps,4703 nandagaon,181,66.55,22.44,4703,30.0,90.0,11.38,,,,,,,,,,,,,,,,,,,,,,,,,,,,,
Bagalkote,B0099 mudhol,C2637 soragaon,3860 kulali,314,58.01,26.55,3860,20.0,95.0,1.97,,,,,,,,,,,,,,,,,,,,,,,,,,,,,
Bagalkote,B0099 mudhol,C2637 soragaon,4155 malali,69,50.22,22.87,4155,20.0,80.0,-0.15,,,,,,,,,,,,,,,,,,,,,,,,,,,,,
Bagalkote,B0099 mudhol,C2637 soragaon,5487 soragaon,282,72.43,16.55,5487,50.0,90.0,2.74,,,,,,,,,,,,,,,,,,,,,,,,,,,,,
Bagalkote,B0099 mudhol,C2723 urdu mudhol,6247 baragi,99,50.35,24.79,6247,19.0,85.0,4.19,,,,,,,,,,,,,,,,,,,,,,,,,,,,,
Bagalkote,B0099 mudhol,C2751 yadahalli ingalagi,5949 vajjaramatti,228,35.64,26.39,5949,5.0,75.0,3.55,,,,,,,,,,,,,,,,,,,,,,,,,,,,,
Bagalkote,B0099 mudhol,C2751 yadahalli ingalagi,6247 baragi,128,55.0,23.82,6247,23.5,86.5,0.79,,,,,,,,,,,,,,,,,,,,,,,,,,,,,
Bagalkote,B0099 mudhol,C2751 yadahalli ingalagi,6339 ingalagi,422,54.05,26.38,6339,15.0,89.5,0.78,,,,,,,,,,,,,,,,,,,,,,,,,,,,,
Ballari,B0012 ballari east,C0062 andral,1991 etthinabudhihal,635,39.35,27.97,1991,5.0,85.0,-1.7,,,,,,,,,,,,,,,,,,,,,,,,,,,,,
Ballari,B0012 ballari east,C0145 banapura,1078 basarakodu,486,26.91,23.15,1078,0.0,60.0,6.14,,,,,,,,,,,,,,,,,,,,,,,,,,,,,
Ballari,B0012 ballari east,C0145 banapura,5968 vanenoor,485,32.07,23.46,5968,5.0,65.0,3.79,,,,,,,,,,,,,,,,,,,,,,,,,,,,,
Ballari,B0012 ballari east,C0145 banapura,6153 yerragudi,112,47.37,30.58,6153,5.0,90.0,0.49,,,,,,,,,,,,,,,,,,,,,,,,,,,,,
Ballari,B0012 ballari east,C0374 dammur,1482 chanalu,384,46.52,26.85,1482,10.0,80.0,0.24,,,,,,,,,,,,,,,,,,,,,,,,,,,,,
Ballari,B0012 ballari east,C0374 dammur,1729 dammur,447,31.39,24.06,1729,0.0,65.0,-1.7,,,,,,,,,,,,,,,,,,,,,,,,,,,,,
Ballari,B0012 ballari east,C0374 dammur,5417 sindigeri,433,45.98,26.35,5417,10.0,85.0,5.63,,,,,,,,,,,,,,,,,,,,,,,,,,,,,
Ballari,B0012 ballari east,C0567 halakundi,2326 halakundhi,617,27.12,24.88,2326,0.0,65.0,4.63,,,,,,,,,,,,,,,,,,,,,,,,,,,,,
Ballari,B0012 ballari east,C0567 halakundi,5210 sanjeevarayanakote,657,28.99,24.57,5210,0.0,70.0,4.46,,,,,,,,,,,,,,,,,,,,,,,,,,,,,
Ballari,B0012 ballari east,C0991 korlagundi,2406 handhihal,462,77.02,17.03,2406,55.0,95.0,1.75,,,,,,,,,,,,,,,,,,,,,,,,,,,,,
Ballari,B0012 ballari east,C0991 korlagundi,3779 korlagundhi,593,68.41,21.87,3779,40.0,95.0,5.72,,,,,,,,,,,,,,,,,,,,,,,,,,,,,
Ballari,B0012 ballari east,C0991 korlagundi,5500 sridharagadda,597,68.48,24.84,5500,30.0,95.0,5.43,,,,,,,,,,,,,,,,,,,,,,,,,,,,,
Ballari,B0012 ballari east,C1191 moka,4043 m.gonal,523,34.36,26.44,4043,5.0,75.0,4.37,,,,,,,,,,,,,,,,,,,,,,,,,,,,,
Ballari,B0012 ballari east,C1191 moka,4461 moka,580,48.4,27.13,4461,10.0,85.0,7.24,,,,,,,,,,,,,,,,,,,,,,,,,,,,,
Ballari,B0012 ballari east,C1191 moka,6153 yerragudi,216,31.81,24.88,6153,0.0,65.0,4.83,,,,,,,,,,,,,,,,,,,,,,,,,,,,,
Ballari,B0012 ballari east,C1352 patelanagar bellary,642 amarapura,495,38.99,25.87,642,5.0,75.0,5.4,,,,,,,,,,,,,,,,,,,,,,,,,,,,,
Ballari,B0012 ballari east,C1415 rupanagudi,1474 challagurki,450,31.9,26.43,1474,0.0,70.0,3.25,,,,,,,,,,,,,,,,,,,,,,,,,,,,,
Ballari,B0012 ballari east,C1415 rupanagudi,5136 rupanagudi,645,21.34,20.29,5136,0.0,55.0,0.39,,,,,,,,,,,,,,,,,,,,,,,,,,,,,
Ballari,B0012 ballari east,C1415 rupanagudi,5213 sankarabanda,358,23.11,20.45,5213,0.0,50.0,0.05,,,,,,,,,,,,,,,,,,,,,,,,,,,,,
Ballari,B0012 ballari east,C1504 sidiginamola,3445 karekallu,369,24.08,21.8,3445,0.0,60.0,5.47,,,,,,,,,,,,,,,,,,,,,,,,,,,,,
Ballari,B0012 ballari east,C1504 sidiginamola,4956 paramadevanahalli,364,54.11,28.73,4956,15.0,90.0,-1.02,,,,,,,,,,,,,,,,,,,,,,,,,,,,,
Ballari,B0012 ballari east,C1504 sidiginamola,5406 sidiginamola,394,34.02,32.17,5406,0.0,85.0,9.4,,,,,,,,,,,,,,,,,,,,,,,,,,,,,
Ballari,B0012 ballari east,C1510 sirivara,1450 byradevanahalli,431,43.76,28.65,1450,5.0,85.0,3.3,,,,,,,,,,,,,,,,,,,,,,,,,,,,,
Ballari,B0012 ballari east,C1510 sirivara,3413 kappagal,446,69.85,21.48,3413,35.0,90.0,8.82,,,,,,,,,,,,,,,,,,,,,,,,,,,,,
Ballari,B0012 ballari east,C1510 sirivara,5200 sanganakallu,600,70.88,19.69,5200,45.0,95.0,2.03,,,,,,,,,,,,,,,,,,,,,,,,,,,,,
Ballari,B0012 ballari east,C1510 sirivara,5437 sirivara,602,60.32,21.54,5437,30.0,85.0,3.97,,,,,,,,,,,,,,,,,,,,,,,,,,,,,
Ballari,B0012 ballari east,C1580 telugu ballari east,5213 sankarabanda,175,53.34,24.29,5213,22.0,85.0,4.1,,,,,,,,,,,,,,,,,,,,,,,,,,,,,
Ballari,B0012 ballari east,C1655 urdu ballari east,3413 kappagal,208,71.35,18.44,3413,45.0,90.0,0.26,,,,,,,,,,,,,,,,,,,,,,,,,,,,,
Ballari,B0013 ballari west,C0151 bandihatti bellary,1148 belagallu,607,44.09,26.66,1148,10.0,80.0,-0.45,,,,,,,,,,,,,,,,,,,,,,,,,,,,,
Ballari,B0013 ballari west,C0458 emmiganur,1986 emmiganur,334,48.79,25.59,1986,11.5,80.0,3.0,,,,,,,,,,,,,,,,,,,,,,,,,,,,,
Ballari,B0013 ballari west,C0458 emmiganur,4805 nelludi,294,41.8,31.44,4805,0.0,85.0,-4.05,,,,,,,,,,,,,,,,,,,,,,,,,,,,,
Ballari,B0013 ballari west,C0496 genikehal,2085 genakihal,468,38.89,25.01,2085,5.0,75.0,-1.84,,,,,,,,,,,,,,,,,,,,,,,,,,,,,
Ballari,B0013 ballari west,C0496 genikehal,907 badanahatti,661,35.17,28.35,907,0.0,80.0,4.12,,,,,,,,,,,,,,,,,,,,,,,,,,,,,
Ballari,B0013 ballari west,"C0746 indiranagar,bellary",3688 kolagallu,575,53.72,24.2,3688,20.0,80.0,6.82,,,,,,,,,,,,,,,,,,,,,,,,,,,,,
Ballari,B0013 ballari west,C0856 kallukamba,2282 h.veerapura,489,32.38,24.38,2282,5.0,70.0,-3.57,,,,,,,,,,,,,,,,,,,,,,,,,,,,,
Ballari,B0013 ballari west,C0856 kallukamba,3287 kallukamba,527,37.46,26.95,3287,5.0,77.0,2.32,,,,,,,,,,,,,,,,,,,,,,,,,,,,,
Ballari,B0013 ballari west,C0856 kallukamba,4907 orvai,514,48.35,28.7,4907,10.0,90.0,0.69,,,,,,,,,,,,,,,,,,,,,,,,,,,,,
Ballari,B0013 ballari west,C0974 koluru,5460 somasamudra,508,30.45,25.27,5460,0.0,65.0,5.41,,,,,,,,,,,,,,,,,,,,,,,,,,,,,
Ballari,B0013 ballari west,C0974 koluru,6155 yerrangaligi,421,42.78,31.01,6155,5.0,90.0,2.88,,,,,,,,,,,,,,,,,,,,,,,,,,,,,
Ballari,B0013 ballari west,C0974 koluru,6196 kolur (b),389,26.14,23.69,6196,0.0,65.0,4.42,,,,,,,,,,,,,,,,,,,,,,,,,,,,,
Ballari,B0013 ballari west,C1014 kudithini,1983 elubenchi,453,41.42,27.28,1983,5.0,80.0,0.13,,,,,,,,,,,,,,,,,,,,,,,,,,,,,
Ballari,B0013 ballari west,C1499 siddamman halli,5396 siddammanahalli,227,34.47,26.24,5396,5.0,72.0,9.67,,,,,,,,,,,,,,,,,,,,,,,,,,,,,
Ballari,B0013 ballari west,C1656 urdu ballari west,1986 emmiganur,144,56.74,26.77,1986,20.0,90.0,11.34,,,,,,,,,,,,,,,,,,,,,,,,,,,,,
Ballari,B0084 kudligi,"C1002 kottur, lbs badavane",2907 hyalya,103,47.04,29.43,2907,6.0,89.0,0.68,,,,,,,,,,,,,,,,,,,,,,,,,,,,,
Ballari,B0117 sandur,C0152 bandri,1026 bandri,328,35.88,25.55,1026,5.0,70.0,-1.01,8.0,5.0,62.5,37.5,100.0,1579.0,1356.0,27.0,50.22,37.04,85.19,100.0,100.0,80.0,80.0,40.0,40.0,60.0,80.0,100.0,80.0,50.0,1.6,5.4,0.8,7.0,7.2,243.0,271.2
Ballari,B0117 sandur,C0152 bandri,2280 h.k. halli,493,45.17,25.58,2280,20.0,89.0,-1.98,6.0,6.0,100.0,0.0,100.0,913.0,913.0,29.0,31.48,31.03,89.66,83.33,100.0,0.0,100.0,33.33,16.67,100.0,100.0,100.0,100.0,0.0,1.33,4.33,0.33,7.0,5.33,237.33,152.2
Ballari,B0117 sandur,C0152 bandri,4846 nidugurthi,576,26.6,26.08,4846,0.0,67.5,-4.07,,,,,,,,,,,,,,,,,,,,,,,,,,,,,
Ballari,B0117 sandur,C0236 bhujanga nagar,1301 bhujanganagara,367,35.22,24.38,1301,5.0,72.0,1.72,,,,,,,,,,,,,,,,,,,,,,,,,,,,,
Ballari,B0117 sandur,C0236 bhujanga nagar,4742 narasingapura,443,38.66,28.93,4742,5.0,80.0,2.28,7.0,6.0,85.71,14.29,100.0,1669.0,1510.0,61.0,24.75,45.9,98.36,100.0,100.0,33.33,100.0,16.67,16.67,100.0,83.33,100.0,83.33,0.0,1.67,11.5,0.17,2.17,2.17,235.33,251.7
Ballari,B0117 sandur,C0236 bhujanga nagar,6586 devagiri,157,35.45,25.36,6586,8.0,75.0,1.33,5.0,3.0,60.0,40.0,100.0,568.0,141.0,4.0,35.25,25.0,100.0,100.0,100.0,33.33,100.0,0.0,33.33,100.0,33.33,100.0,100.0,0.0,2.33,3.0,0.0,4.67,2.67,4.0,47.0
Ballari,B0117 sandur,C0259 bomma gatta,1384 bommagatta,526,36.15,28.36,1384,5.0,80.0,3.9,13.0,10.0,76.92,23.08,100.0,2320.0,1552.0,20.0,77.6,60.0,95.0,100.0,100.0,20.0,100.0,40.0,10.0,90.0,90.0,80.0,100.0,33.33,1.6,5.2,0.3,2.1,1.5,239.5,155.2
Ballari,B0117 sandur,C0259 bomma gatta,6217 yerrayyana halli,561,47.97,31.33,6217,5.0,90.0,9.62,,,,,,,,,,,,,,,,,,,,,,,,,,,,,
Ballari,B0117 sandur,C0363 chornur,1675 choranuru,452,77.93,21.85,1675,50.0,100.0,3.81,,,,,,,,,,,,,,,,,,,,,,,,,,,,,
Ballari,B0117 sandur,C0363 chornur,213009592 agrahara,107,27.38,25.0,213009592,0.0,65.0,6.59,7.0,7.0,100.0,0.0,100.0,694.0,694.0,19.0,36.53,26.32,84.21,71.43,100.0,42.86,100.0,42.86,0.0,71.43,100.0,100.0,100.0,14.29,0.71,3.71,0.14,5.29,2.0,234.67,99.1
Ballari,B0117 sandur,C0363 chornur,5496 sovenahalli,457,38.61,28.85,5496,0.0,80.0,3.8,4.0,3.0,75.0,25.0,100.0,487.0,463.0,13.0,35.62,61.54,53.85,66.67,100.0,0.0,100.0,0.0,33.33,100.0,100.0,66.67,100.0,33.33,1.67,2.33,0.33,6.33,4.0,238.0,154.3
Ballari,B0117 sandur,C0509 gollalingammanahalli,2125 gollalingamanahalli,588,27.02,23.15,2125,0.0,60.0,0.05,9.0,8.0,88.89,11.11,100.0,1085.0,911.0,25.0,36.44,16.0,84.0,87.5,100.0,50.0,100.0,62.5,12.5,100.0,100.0,75.0,100.0,37.5,1.0,4.0,0.88,4.88,3.88,246.5,113.9
Ballari,B0117 sandur,C1007 krishnanagara,3819 krishnanagara,529,52.49,25.22,3819,15.0,85.0,3.44,,,,,,,,,,,,,,,,,,,,,,,,,,,,,
Ballari,B0117 sandur,C1007 krishnanagara,5390 shuseelanagara,630,31.09,26.7,5390,0.0,75.0,4.83,,,,,,,,,,,,,,,,,,,,,,,,,,,,,
Ballari,B0117 sandur,C1054 lakshmipura,553 agrahara,72,47.71,19.25,553,20.5,70.0,-8.7,7.0,7.0,100.0,0.0,100.0,694.0,694.0,19.0,36.53,26.32,84.21,71.43,100.0,42.86,100.0,42.86,0.0,71.43,100.0,100.0,100.0,14.29,0.71,3.71,0.14,5.29,2.0,234.67,99.1
Ballari,B0117 sandur,C1185 metriki,4436 metriki,778,63.06,29.49,4436,20.0,95.0,-1.72,7.0,6.0,85.71,14.29,100.0,1115.0,1047.0,27.0,38.78,7.41,96.3,100.0,100.0,83.33,83.33,83.33,16.67,83.33,100.0,100.0,83.33,40.0,2.33,4.83,1.83,5.0,3.0,242.0,174.5
Ballari,B0117 sandur,C1185 metriki,5054 rajapura,392,51.21,31.63,5054,0.0,85.0,1.77,4.0,3.0,75.0,25.0,100.0,701.0,581.0,14.0,41.5,28.57,78.57,100.0,100.0,0.0,100.0,33.33,0.0,100.0,100.0,66.67,100.0,33.33,1.33,3.33,1.0,3.33,4.0,239.5,193.7
Ballari,B0117 sandur,C1185 metriki,6007 vittalapura,131,32.25,25.28,6007,0.0,70.0,1.37,9.0,9.0,100.0,0.0,100.0,1080.0,1080.0,14.0,77.14,21.43,85.71,88.89,88.89,44.44,88.89,22.22,0.0,100.0,55.56,88.89,100.0,22.22,1.11,4.22,0.56,6.22,3.67,238.25,120.0
Ballari,B0117 sandur,C1592 tharanagara,5695 tharanagara,492,32.13,27.47,5695,0.0,70.0,4.55,,,,,,,,,,,,,,,,,,,,,,,,,,,,,
Ballari,B0117 sandur,C1592 tharanagara,5940 vaddu,629,51.75,28.12,5940,10.0,90.0,5.55,4.0,2.0,50.0,50.0,100.0,2603.0,976.0,15.0,65.07,66.67,80.0,100.0,100.0,50.0,100.0,100.0,50.0,100.0,100.0,100.0,100.0,50.0,2.0,22.5,0.0,4.0,4.0,,488.0
Ballari,B0117 sandur,C1592 tharanagara,6308 thaluru,388,69.07,21.44,6308,40.0,95.0,5.22,2.0,2.0,100.0,0.0,100.0,792.0,792.0,11.0,72.0,54.55,90.91,100.0,100.0,50.0,100.0,0.0,50.0,100.0,50.0,100.0,100.0,50.0,2.5,13.5,1.5,9.0,4.5,239.0,396.0
Ballari,B0117 sandur,C1592 tharanagara,6350 bannihatti,452,43.87,28.68,6350,5.0,80.0,-1.46,5.0,4.0,80.0,20.0,100.0,1319.0,810.0,21.0,38.57,52.38,90.48,100.0,100.0,50.0,75.0,25.0,25.0,75.0,100.0,100.0,75.0,0.0,2.75,6.0,0.0,0.0,1.5,230.0,202.5
Ballari,B0117 sandur,C1610 thoranagal,1831 dharoji,639,29.74,22.91,1831,5.0,65.0,3.23,,,,,,,,,,,,,,,,,,,,,,,,,,,,,
Ballari,B0117 sandur,C1610 thoranagal,5747 thoranagallu,614,47.27,26.36,5747,10.0,85.0,2.93,,,,,,,,,,,,,,,,,,,,,,,,,,,,,
Ballari,B0117 sandur,C1669 urdu sandur,6119 yashwanthnagara,93,71.13,23.15,6119,36.0,100.0,5.32,,,,,,,,,,,,,,,,,,,,,,,,,,,,,
Ballari,B0117 sandur,C1701 vittalapura,6007 vittalapura,360,52.82,31.0,6007,10.0,95.0,1.59,9.0,9.0,100.0,0.0,100.0,1080.0,1080.0,14.0,77.14,21.43,85.71,88.89,88.89,44.44,88.89,22.22,0.0,100.0,55.56,88.89,100.0,22.22,1.11,4.22,0.56,6.22,3.67,238.25,120.0
Ballari,B0117 sandur,C1701 vittalapura,739 anthapura,584,37.81,24.39,739,5.0,75.0,-0.65,7.0,6.0,85.71,14.29,100.0,1399.0,1358.0,25.0,54.32,28.0,88.0,100.0,100.0,16.67,100.0,33.33,16.67,83.33,83.33,100.0,100.0,16.67,1.5,6.0,0.17,3.33,4.0,9.67,226.3
Ballari,B0117 sandur,C1735 yashvanthnagara,3259 kalingere,482,57.84,22.31,3259,25.0,85.0,1.92,,,,,,,,,,,,,,,,,,,,,,,,,,,,,
Ballari,B0117 sandur,C1735 yashvanthnagara,6119 yashwanthnagara,249,41.47,29.83,6119,5.0,90.0,-0.26,,,,,,,,,,,,,,,,,,,,,,,,,,,,,
Ballari,B0128 siruguppa,C0378 darur,1453 byrapur,551,67.9,20.4,1453,40.0,95.0,6.05,,,,,,,,,,,,,,,,,,,,,,,,,,,,,
Ballari,B0128 siruguppa,C0378 darur,3469 karuru,487,39.71,26.81,3469,5.0,80.0,-0.09,,,,,,,,,,,,,,,,,,,,,,,,,,,,,
Ballari,B0128 siruguppa,C0378 darur,5194 sanavasapura,597,25.82,23.16,5194,0.0,60.0,-1.21,,,,,,,,,,,,,,,,,,,,,,,,,,,,,
Ballari,B0128 siruguppa,C0378 darur,954 balakundhi,621,33.07,24.89,954,5.0,70.0,-1.81,8.0,7.0,87.5,12.5,100.0,1147.0,967.0,17.0,56.88,29.41,82.35,100.0,85.71,57.14,100.0,42.86,0.0,85.71,85.71,100.0,100.0,28.57,1.14,3.43,1.14,4.29,3.29,238.67,138.1
Ballari,B0128 siruguppa,C0625 hatcholli,1124 beerahalli,577,34.84,26.62,1124,0.0,75.0,-1.81,6.0,6.0,100.0,0.0,100.0,736.0,736.0,10.0,73.6,10.0,70.0,100.0,83.33,50.0,100.0,0.0,0.0,83.33,66.67,50.0,100.0,0.0,0.83,2.17,0.33,6.67,3.67,243.0,122.7
Ballari,B0128 siruguppa,C0625 hatcholli,2285 hachcholi,619,42.19,25.57,2285,10.0,80.0,1.5,,,,,,,,,,,,,,,,,,,,,,,,,,,,,
Ballari,B0128 siruguppa,C0802 k belgal,3116 k.belagallu,598,21.17,24.18,3116,0.0,60.0,-3.28,,,,,,,,,,,,,,,,,,,,,,,,,,,,,
Ballari,B0128 siruguppa,C0802 k belgal,3129 k.suguru,462,42.18,27.07,3129,5.0,80.0,-1.31,,,,,,,,,,,,,,,,,,,,,,,,,,,,,
Ballari,B0128 siruguppa,C0802 k belgal,5101 raravi,185,20.84,24.25,5101,0.0,60.0,-2.56,7.0,6.0,85.71,14.29,100.0,1084.0,601.0,14.0,42.93,42.86,78.57,100.0,100.0,83.33,100.0,16.67,0.0,100.0,83.33,50.0,83.33,0.0,1.17,4.5,0.17,1.67,1.67,,100.2
Ballari,B0128 siruguppa,C0924 kenchanagudda,2340 halekote,347,26.67,24.08,2340,0.0,65.0,-1.53,10.0,7.0,70.0,30.0,100.0,2177.0,1274.0,37.0,34.43,54.05,86.49,100.0,85.71,42.86,100.0,28.57,28.57,100.0,71.43,57.14,71.43,33.33,2.57,6.86,0.0,2.43,2.71,229.0,182.0
Ballari,B0128 siruguppa,C0924 kenchanagudda,3541 kenchanagudda,646,28.65,22.45,3541,0.0,60.0,3.4,8.0,7.0,87.5,12.5,100.0,1626.0,1599.0,38.0,42.08,31.58,86.84,100.0,85.71,71.43,100.0,0.0,0.0,85.71,71.43,85.71,85.71,50.0,2.0,4.86,1.86,3.43,3.71,233.75,228.4
Ballari,B0128 siruguppa,C0924 kenchanagudda,4628 nadavi,319,24.5,20.26,4628,0.0,50.0,4.04,9.0,7.0,77.78,22.22,100.0,1333.0,1138.0,25.0,45.52,52.0,76.0,100.0,100.0,71.43,100.0,71.43,28.57,85.71,85.71,100.0,71.43,0.0,2.71,4.57,0.0,0.0,1.14,240.0,162.6
Ballari,B0128 siruguppa,C1010 kudarhal,3842 kududhurahal,578,39.63,28.05,3842,5.0,80.0,2.12,,,,,,,,,,,,,,,,,,,,,,,,,,,,,
Ballari,B0128 siruguppa,C1010 kudarhal,5108 ravihal,203,39.61,28.46,5108,5.0,85.0,1.2,8.0,7.0,87.5,12.5,100.0,1662.0,1285.0,13.0,98.85,15.38,61.54,85.71,100.0,42.86,100.0,28.57,14.29,100.0,85.71,57.14,100.0,28.57,1.0,4.0,0.14,1.86,3.29,237.0,183.6
Ballari,B0128 siruguppa,C1010 kudarhal,6236 bagewadi (b),431,30.87,25.96,6236,5.0,70.0,5.98,8.0,6.0,75.0,25.0,100.0,792.0,570.0,16.0,35.62,37.5,68.75,100.0,100.0,16.67,100.0,0.0,16.67,83.33,83.33,100.0,100.0,16.67,0.67,2.17,0.33,4.0,4.0,236.0,95.0
Ballari,B0128 siruguppa,C1010 kudarhal,928 bagguru,318,42.14,22.02,928,15.0,70.0,6.49,,,,,,,,,,,,,,,,,,,,,,,,,,,,,
Ballari,B0128 siruguppa,C1069 m suguru,4046 m.suguru,536,30.39,27.67,4046,0.0,75.0,0.83,,,,,,,,,,,,,,,,,,,,,,,,,,,,,
Ballari,B0128 siruguppa,C1069 m suguru,4499 muddatanuru,384,39.26,26.62,4499,5.0,80.0,-2.63,,,,,,,,,,,,,,,,,,,,,,,,,,,,,
Ballari,B0128 siruguppa,C1069 m suguru,4628 nadavi,158,35.22,26.41,4628,5.0,75.0,1.16,9.0,7.0,77.78,22.22,100.0,1333.0,1138.0,25.0,45.52,52.0,76.0,100.0,100.0,71.43,100.0,71.43,28.57,85.71,85.71,100.0,71.43,0.0,2.71,4.57,0.0,0.0,1.14,240.0,162.6
Ballari,B0128 siruguppa,C1247 nadanga,5108 ravihal,133,36.73,26.13,5108,5.0,74.0,-0.64,8.0,7.0,87.5,12.5,100.0,1662.0,1285.0,13.0,98.85,15.38,61.54,85.71,100.0,42.86,100.0,28.57,14.29,100.0,85.71,57.14,100.0,28.57,1.0,4.0,0.14,1.86,3.29,237.0,183.6
Ballari,B0128 siruguppa,C1247 nadanga,877 b.m.suguru,402,42.38,29.56,877,5.0,85.0,-1.03,,,,,,,,,,,,,,,,,,,,,,,,,,,,,
Ballari,B0128 siruguppa,C1398 raravi,3949 kuruvalli,470,50.51,30.79,3949,10.0,95.0,3.15,3.0,3.0,100.0,0.0,100.0,559.0,559.0,11.0,50.82,27.27,81.82,100.0,100.0,33.33,100.0,33.33,0.0,66.67,33.33,66.67,100.0,66.67,1.33,3.33,0.33,5.0,3.33,250.0,186.3
Ballari,B0128 siruguppa,C1398 raravi,5101 raravi,357,40.35,28.55,5101,10.0,85.0,2.04,7.0,6.0,85.71,14.29,100.0,1084.0,601.0,14.0,42.93,42.86,78.57,100.0,100.0,83.33,100.0,16.67,0.0,100.0,83.33,50.0,83.33,0.0,1.17,4.5,0.17,1.67,1.67,,100.2
Ballari,B0128 siruguppa,C1398 raravi,928 bagguru,91,45.99,25.46,928,15.0,75.0,10.09,,,,,,,,,,,,,,,,,,,,,,,,,,,,,
Ballari,B0128 siruguppa,C1509 sirigeri,3734 konchegeri,543,24.85,23.11,3734,0.0,60.0,-2.9,,,,,,,,,,,,,,,,,,,,,,,,,,,,,
Ballari,B0128 siruguppa,C1509 sirigeri,5436 sirigeri,591,46.9,27.56,5436,10.0,85.0,0.54,12.0,7.0,58.33,41.67,100.0,2310.0,1389.0,25.0,55.56,52.0,80.0,100.0,100.0,57.14,100.0,28.57,14.29,85.71,100.0,100.0,85.71,14.29,1.43,3.14,0.57,2.71,3.43,238.5,198.4
Ballari,B0128 siruguppa,"C1511 siruguppa, 5th ward",1763 desanooru,315,34.73,26.31,1763,5.0,75.0,2.11,,,,,,,,,,,,,,,,,,,,,,,,,,,,,
Ballari,B0128 siruguppa,C1572 talur,2279 h.hosahalli,578,52.84,28.7,2279,15.0,90.0,2.07,3.0,3.0,100.0,0.0,100.0,1001.0,1001.0,17.0,58.88,29.41,88.24,66.67,100.0,0.0,100.0,33.33,33.33,100.0,100.0,100.0,100.0,33.33,1.67,10.0,0.33,2.67,2.67,236.0,333.7
Ballari,B0128 siruguppa,C1572 talur,5625 taluru,767,53.14,21.46,5625,25.0,80.0,2.16,,,,,,,,,,,,,,,,,,,,,,,,,,,,,
Ballari,B0128 siruguppa,C1572 talur,5924 uththanuru,583,65.17,23.73,5924,30.0,94.0,4.59,,,,,,,,,,,,,,,,,,,,,,,,,,,,,
Ballari,B0128 siruguppa,C1579 tekkalakote,2340 halekote,180,47.0,25.39,2340,10.0,80.0,-12.25,10.0,7.0,70.0,30.0,100.0,2177.0,1274.0,37.0,34.43,54.05,86.49,100.0,85.71,42.86,100.0,28.57,28.57,100.0,71.43,57.14,71.43,33.33,2.57,6.86,0.0,2.43,2.71,229.0,182.0
Ballari,B0128 siruguppa,C1628 u hosalli,5911 upparahosahalli,387,36.2,24.58,5911,5.0,70.0,-1.33,,,,,,,,,,,,,,,,,,,,,,,,,,,,,
Belagavi,B0006 athani,C0378 darur,1743 darur,68,75.51,16.14,1743,53.5,95.0,5.72,,,,,,,,,,,,,,,,,,,,,,,,,,,,,
Belagavi,B0006 athani,C0378 darur,4629 nadi-ingalagaon,225,62.22,25.79,4629,25.0,93.0,1.9,,,,,,,,,,,,,,,,,,,,,,,,,,,,,
Belagavi,B0006 athani,C0378 darur,5236 saptasagar,102,50.83,24.82,5236,20.0,79.5,-1.78,,,,,,,,,,,,,,,,,,,,,,,,,,,,,
Belagavi,B0006 athani,C1373 raderahatti,4646 naganur p.k.,305,61.49,23.63,4646,30.0,95.0,-0.52,,,,,,,,,,,,,,,,,,,,,,,,,,,,,
Belagavi,B0006 athani,C1373 raderahatti,5037 radderahatti,548,63.52,25.02,5037,28.5,90.0,4.62,,,,,,,,,,,,,,,,,,,,,,,,,,,,,
Belagavi,B0006 athani,C1373 raderahatti,5215 sankonatti,133,75.86,16.73,5215,50.0,95.0,-1.09,,,,,,,,,,,,,,,,,,,,,,,,,,,,,
Belagavi,B0006 athani,C1444 sankonatti,5215 sankonatti,148,71.99,20.09,5215,45.0,95.0,5.51,,,,,,,,,,,,,,,,,,,,,,,,,,,,,
Belagavi,B0006 athani,C1759 adahalli,513 adahalli,156,58.72,22.92,513,27.5,85.0,0.42,,,,,,,,,,,,,,,,,,,,,,,,,,,,,
Belagavi,B0006 athani,C1759 adahalli,6077 yalihadalgi,306,47.57,24.17,6077,15.0,80.0,-3.61,,,,,,,,,,,,,,,,,,,,,,,,,,,,,
Belagavi,B0006 athani,C1768 aigali,559 aigali,189,60.53,23.43,559,29.0,90.0,0.27,,,,,,,,,,,,,,,,,,,,,,,,,,,,,
Belagavi,B0006 athani,C1768 aigali,5664 telsang,190,63.0,20.02,5664,35.0,90.0,10.41,,,,,,,,,,,,,,,,,,,,,,,,,,,,,
Belagavi,B0006 athani,C1768 aigali,6611 kohalli,267,45.41,28.07,6611,10.0,85.0,-2.64,,,,,,,,,,,,,,,,,,,,,,,,,,,,,
Belagavi,B0006 athani,C1787 anantpur,3599 khilegaon,160,39.06,26.85,3599,5.0,75.0,9.85,,,,,,,,,,,,,,,,,,,,,,,,,,,,,
Belagavi,B0006 athani,C1787 anantpur,687 anantapur,379,49.18,25.68,687,10.0,85.0,2.33,,,,,,,,,,,,,,,,,,,,,,,,,,,,,
Belagavi,B0006 athani,C1842 balligeri,1476 chamakeri,100,59.35,21.73,1476,35.0,85.5,5.13,,,,,,,,,,,,,,,,,,,,,,,,,,,,,
Belagavi,B0006 athani,C1842 balligeri,4146 malabad,133,76.8,16.03,4146,55.0,95.0,3.14,,,,,,,,,,,,,,,,,,,,,,,,,,,,,
Belagavi,B0006 athani,C1842 balligeri,984 balligeri,254,47.48,27.06,984,10.0,80.0,-2.4,,,,,,,,,,,,,,,,,,,,,,,,,,,,,
Belagavi,B0006 athani,C2056 gundewadi,2246 gundewadi,368,41.3,28.31,2246,5.0,85.0,6.92,,,,,,,,,,,,,,,,,,,,,,,,,,,,,
Belagavi,B0006 athani,C2056 gundewadi,4964 parthanhalli,353,51.76,25.44,4964,15.0,85.0,8.51,,,,,,,,,,,,,,,,,,,,,,,,,,,,,
Belagavi,B0006 athani,C2082 halyal,2827 hulagabali,105,85.62,13.95,2827,65.0,100.0,-0.3,,,,,,,,,,,,,,,,,,,,,,,,,,,,,
Belagavi,B0006 athani,C2082 halyal,6567 halyal,218,53.94,23.91,6567,25.0,86.5,6.04,,,,,,,,,,,,,,,,,,,,,,,,,,,,,
Belagavi,B0006 athani,C2200 jambagi,3031 jambagi,299,36.84,25.45,3031,5.0,71.0,-4.0,,,,,,,,,,,,,,,,,,,,,,,,,,,,,
Belagavi,B0006 athani,C2200 jambagi,6658 madabhavi,287,56.64,34.98,6658,5.0,95.0,11.26,,,,,,,,,,,,,,,,,,,,,,,,,,,,,
Belagavi,B0006 athani,C2230 kakamari,3219 kakamari,206,41.29,25.99,3219,10.0,80.0,2.79,,,,,,,,,,,,,,,,,,,,,,,,,,,,,
Belagavi,B0006 athani,C2230 kakamari,3807 kottalagi,188,39.1,27.72,3807,5.0,80.0,4.44,,,,,,,,,,,,,,,,,,,,,,,,,,,,,
Belagavi,B0006 athani,C2230 kakamari,6559 kannal,168,59.64,25.42,6559,20.0,90.0,7.21,,,,,,,,,,,,,,,,,,,,,,,,,,,,,
Belagavi,B0006 athani,C2305 kokatnoor,6401 kokatanur,317,73.41,22.79,6401,38.0,95.0,-3.46,,,,,,,,,,,,,,,,,,,,,,,,,,,,,
Belagavi,B0006 athani,C2305 kokatnoor,6602 katageri,233,46.18,27.64,6602,10.0,85.0,-2.84,,,,,,,,,,,,,,,,,,,,,,,,,,,,,
Belagavi,B0006 athani,C2305 kokatnoor,895 badachi,192,45.36,25.04,895,15.0,80.0,5.52,,,,,,,,,,,,,,,,,,,,,,,,,,,,,
Belagavi,B0006 athani,C2371 madabhavi,5405 siddewadi,114,51.1,26.98,5405,15.0,90.0,2.78,,,,,,,,,,,,,,,,,,,,,,,,,,,,,
Belagavi,B0006 athani,C2454 murgundi,4570 muragundi,325,55.49,27.49,4570,20.0,90.0,3.72,,,,,,,,,,,,,,,,,,,,,,,,,,,,,
Belagavi,B0006 athani,C2454 murgundi,5215 sankonatti,308,55.6,24.33,5215,23.5,85.0,4.6,,,,,,,,,,,,,,,,,,,,,,,,,,,,,
Belagavi,B0006 athani,C2486 nandgaon,6638 nandagaon,270,57.48,26.6,6638,15.0,90.0,9.91,,,,,,,,,,,,,,,,,,,,,,,,,,,,,
Belagavi,B0006 athani,C2576 sambaragi,5182 sambaragi,280,44.18,26.73,5182,10.0,80.5,-2.96,,,,,,,,,,,,,,,,,,,,,,,,,,,,,
Belagavi,B0006 athani,C2576 sambaragi,6321 shirur,30,67.33,14.84,6321,54.0,85.5,-2.08,,,,,,,,,,,,,,,,,,,,,,,,,,,,,
Belagavi,B0006 athani,C2591 satti,4127 mahishawadagi,110,58.27,23.18,4127,25.0,85.0,3.07,,,,,,,,,,,,,,,,,,,,,,,,,,,,,
Belagavi,B0006 athani,C2591 satti,4709 nandeshwar,112,64.46,20.46,4709,40.0,85.0,9.46,,,,,,,,,,,,,,,,,,,,,,,,,,,,,
Belagavi,B0006 athani,C2591 satti,5266 satti,317,55.93,21.74,5266,30.0,85.0,-9.09,,,,,,,,,,,,,,,,,,,,,,,,,,,,,
Belagavi,B0006 athani,C2599 shankarhatti,5216 sankratti,194,46.13,27.38,5216,10.0,85.0,8.86,,,,,,,,,,,,,,,,,,,,,,,,,,,,,
Belagavi,B0006 athani,C2599 shankarhatti,5293 segunashi,113,38.05,27.48,5293,5.0,75.0,3.4,,,,,,,,,,,,,,,,,,,,,,,,,,,,,
Belagavi,B0006 athani,C2608 shirahatti,6439 savadi,143,76.96,15.08,6439,55.0,95.0,6.62,,,,,,,,,,,,,,,,,,,,,,,,,,,,,
Belagavi,B0006 athani,C2608 shirahatti,6597 shirahatti,262,56.3,23.5,6597,25.0,90.0,-1.79,,,,,,,,,,,,,,,,,,,,,,,,,,,,,
Belagavi,B0006 athani,C2656 suttati,3095 junjarawad,91,33.08,22.42,3095,5.0,65.0,7.82,,,,,,,,,,,,,,,,,,,,,,,,,,,,,
Belagavi,B0006 athani,C2656 suttati,5567 suttatti,211,39.34,27.53,5567,5.0,80.0,2.99,,,,,,,,,,,,,,,,,,,,,,,,,,,,,
Belagavi,B0006 athani,C2672 telsang,5664 telsang,140,62.04,22.79,5664,34.5,90.5,6.65,,,,,,,,,,,,,,,,,,,,,,,,,,,,,
Belagavi,B0006 athani,C2672 telsang,809 artal,197,59.29,19.29,809,33.0,85.0,2.57,,,,,,,,,,,,,,,,,,,,,,,,,,,,,
Belagavi,B0006 athani,C2778 aralihatti,3016 jakkaratti,34,73.38,18.9,3016,50.0,95.0,14.82,,,,,,,,,,,,,,,,,,,,,,,,,,,,,
Belagavi,B0006 athani,C2778 aralihatti,768 aralihatti,10,88.5,9.44,768,79.0,100.0,2.62,,,,,,,,,,,,,,,,,,,,,,,,,,,,,
Belagavi,B0011 bailhongal,C0045 ambadgatti,648 ambadgatti,148,73.61,16.51,648,50.0,95.0,-2.0,,,,,,,,,,,,,,,,,,,,,,,,,,,,,
Belagavi,B0011 bailhongal,C0130 bailur,1758 degaon,173,80.29,16.14,1758,60.0,100.0,-0.25,,,,,,,,,,,,,,,,,,,,,,,,,,,,,
Belagavi,B0011 bailhongal,C0194 belavadi,1206 belwadi,394,54.4,27.61,1206,15.0,90.0,5.69,,,,,,,,,,,,,,,,,,,,,,,,,,,,,
Belagavi,B0011 bailhongal,C0194 belavadi,2723 holinagalapur,134,38.81,29.13,2723,0.0,80.0,3.72,,,,,,,,,,,,,,,,,,,,,,,,,,,,,
Belagavi,B0011 bailhongal,C0194 belavadi,3229 kalabhavi,116,59.83,27.07,3229,15.0,92.5,-3.44,,,,,,,,,,,,,,,,,,,,,,,,,,,,,
Belagavi,B0011 bailhongal,C0194 belavadi,3547 kenganur,369,64.3,23.65,3547,34.0,95.0,4.51,4.0,4.0,100.0,0.0,100.0,489.0,489.0,24.0,20.38,58.33,50.0,100.0,100.0,100.0,75.0,0.0,0.0,100.0,100.0,100.0,100.0,0.0,1.25,5.25,3.0,7.0,7.5,244.0,122.2
Belagavi,B0011 bailhongal,C0194 belavadi,3601 khodanpur,235,72.79,19.18,3601,50.0,95.0,-1.87,,,,,,,,,,,,,,,,,,,,,,,,,,,,,
Belagavi,B0011 bailhongal,C0194 belavadi,4982 pattihal k.b.,109,67.75,17.29,4982,40.0,90.0,5.14,6.0,4.0,66.67,33.33,100.0,976.0,458.0,19.0,24.11,26.32,26.32,100.0,100.0,25.0,100.0,0.0,0.0,75.0,100.0,50.0,75.0,25.0,1.0,3.25,1.0,5.0,2.75,244.0,114.5
Belagavi,B0011 bailhongal,C0194 belavadi,5206 sangoli,170,65.38,24.93,5206,30.0,95.0,8.64,,,,,,,,,,,,,,,,,,,,,,,,,,,,,
Belagavi,B0011 bailhongal,C0194 belavadi,5854 udakeri,518,53.47,27.64,5854,15.0,90.0,-0.27,4.0,3.0,75.0,25.0,100.0,717.0,630.0,23.0,27.39,30.43,78.26,100.0,100.0,100.0,100.0,33.33,0.0,100.0,100.0,100.0,100.0,0.0,2.33,7.33,1.0,6.33,8.67,244.33,210.0
Belagavi,B0011 bailhongal,C0270 budarkatti,1407 budarkatti,514,69.77,22.38,1407,40.0,95.0,3.43,3.0,2.0,66.67,33.33,100.0,719.0,478.0,15.0,31.87,46.67,53.33,50.0,100.0,100.0,100.0,50.0,0.0,50.0,100.0,100.0,100.0,0.0,1.0,9.5,3.0,9.0,3.5,,239.0
Belagavi,B0011 bailhongal,C0270 budarkatti,1857 dodawad,311,46.22,27.13,1857,5.0,80.0,7.98,,,,,,,,,,,,,,,,,,,,,,,,,,,,,
Belagavi,B0011 bailhongal,C0270 budarkatti,2169 govankoppa,348,53.26,26.86,2169,20.0,90.0,8.11,3.0,3.0,100.0,0.0,100.0,486.0,486.0,12.0,40.5,33.33,91.67,100.0,100.0,100.0,100.0,0.0,0.0,100.0,100.0,100.0,100.0,0.0,1.0,7.0,1.67,10.0,5.33,242.5,162.0
Belagavi,B0011 bailhongal,C0325 chikkabagewadi,1560 chikka bagewadi,422,71.93,22.08,1560,40.0,100.0,-1.72,,,,,,,,,,,,,,,,,,,,,,,,,,,,,
Belagavi,B0011 bailhongal,C0325 chikkabagewadi,4316 marikatti,356,56.77,24.43,4316,25.0,85.0,-2.85,6.0,6.0,100.0,0.0,100.0,687.0,687.0,26.0,26.42,34.62,46.15,100.0,100.0,50.0,83.33,0.0,16.67,100.0,100.0,83.33,100.0,16.67,1.17,4.67,1.17,6.17,5.0,243.5,114.5
Belagavi,B0011 bailhongal,C0325 chikkabagewadi,5771 tigadi,407,81.77,15.51,5771,60.0,100.0,3.49,5.0,4.0,80.0,20.0,100.0,555.0,511.0,21.0,24.33,42.86,61.9,100.0,100.0,75.0,100.0,25.0,0.0,100.0,100.0,100.0,75.0,0.0,1.0,1.5,1.0,3.25,5.5,241.0,127.8
Belagavi,B0011 bailhongal,C0590 hanabarhatti,2380 hanabaratti,469,75.34,16.37,2380,55.0,95.0,-3.43,7.0,7.0,100.0,0.0,100.0,1333.0,1333.0,40.0,33.33,32.5,52.5,100.0,100.0,28.57,85.71,14.29,28.57,100.0,71.43,71.43,100.0,0.0,2.29,6.86,1.0,4.86,1.14,242.0,190.4
Belagavi,B0011 bailhongal,C0590 hanabarhatti,4606 myakalmardi,366,60.11,21.74,4606,30.0,85.0,5.31,,,,,,,,,,,,,,,,,,,,,,,,,,,,,
Belagavi,B0011 bailhongal,C0590 hanabarhatti,5970 vannur,484,68.45,25.28,5970,30.0,95.0,2.28,7.0,5.0,71.43,28.57,100.0,1256.0,846.0,29.0,29.17,51.72,68.97,100.0,100.0,80.0,40.0,20.0,0.0,100.0,100.0,100.0,80.0,0.0,1.0,6.2,1.0,6.8,5.2,242.0,169.2
Belagavi,B0011 bailhongal,C0701 hosa kadarvalli,3192 kadrolli,227,78.99,19.4,3192,55.0,95.0,4.2,,,,,,,,,,,,,,,,,,,,,,,,,,,,,
Belagavi,B0011 bailhongal,C0848 kalbhavi,2672 hirenandihalli,148,73.92,19.98,2672,45.0,95.0,1.12,,,,,,,,,,,,,,,,,,,,,,,,,,,,,
Belagavi,B0011 bailhongal,C1022 kulavalli,3862 kulavalli,151,61.52,16.26,3862,40.0,85.0,0.8,,,,,,,,,,,,,,,,,,,,,,,,,,,,,
Belagavi,B0011 bailhongal,C1436 sampagaon,4308 mardi nagalapur,134,51.46,26.24,4308,15.0,83.5,4.59,,,,,,,,,,,,,,,,,,,,,,,,,,,,,
Belagavi,B0011 bailhongal,C1436 sampagaon,5188 sampgaon,578,59.9,26.45,5188,25.0,90.0,0.33,8.0,6.0,75.0,25.0,100.0,1068.0,747.0,34.0,21.97,67.65,58.82,100.0,100.0,33.33,100.0,0.0,0.0,83.33,100.0,66.67,66.67,0.0,1.17,3.83,0.83,4.33,3.5,245.0,124.5
Belagavi,B0011 bailhongal,C1795 anigol,1669 chivat gundi,131,79.12,10.86,1669,65.0,90.0,3.93,,,,,,,,,,,,,,,,,,,,,,,,,,,,,
Belagavi,B0011 bailhongal,C1795 anigol,1773 devalapur,287,67.68,21.62,1773,35.0,90.0,4.73,5.0,3.0,60.0,40.0,100.0,554.0,313.0,15.0,20.87,60.0,60.0,100.0,100.0,33.33,100.0,0.0,0.0,100.0,100.0,100.0,66.67,0.0,1.67,7.33,1.0,5.67,7.0,243.0,104.3
Belagavi,B0011 bailhongal,C1795 anigol,5954 vakkund,296,48.19,29.11,5954,10.0,90.0,2.08,7.0,7.0,100.0,0.0,100.0,1065.0,1065.0,41.0,25.98,48.78,65.85,100.0,100.0,57.14,85.71,14.29,14.29,100.0,100.0,100.0,57.14,0.0,2.0,5.29,1.14,3.71,2.0,240.0,152.1
Belagavi,B0011 bailhongal,C1795 anigol,646 amatur,312,74.46,23.07,646,40.0,100.0,1.4,4.0,3.0,75.0,25.0,100.0,664.0,622.0,24.0,25.92,50.0,45.83,100.0,100.0,100.0,66.67,33.33,0.0,66.67,100.0,100.0,100.0,33.33,1.33,5.67,1.0,4.33,5.33,241.67,207.3
Belagavi,B0011 bailhongal,C1795 anigol,716 anigal,294,69.74,21.15,716,45.0,93.5,6.81,,,,,,,,,,,,,,,,,,,,,,,,,,,,,
Belagavi,B0011 bailhongal,C1795 anigol,941 bailwad,113,62.83,19.28,941,35.0,80.0,6.42,7.0,3.0,42.86,57.14,100.0,2377.0,250.0,16.0,15.62,56.25,25.0,100.0,100.0,66.67,100.0,0.0,33.33,100.0,100.0,66.67,66.67,0.0,1.0,4.67,1.33,5.33,2.67,240.5,83.3
Belagavi,B0011 bailhongal,C1975 deshnur,1764 deshnur,151,55.1,26.24,1764,20.0,90.0,6.32,,,,,,,,,,,,,,,,,,,,,,,,,,,,,
Belagavi,B0011 bailhongal,C1975 deshnur,2426 hannikeri,166,68.98,26.58,2426,32.5,100.0,-3.83,,,,,,,,,,,,,,,,,,,,,,,,,,,,,
Belagavi,B0011 bailhongal,C1975 deshnur,5564 sutagatti,494,75.27,20.31,5564,45.0,95.0,3.36,3.0,3.0,100.0,0.0,100.0,459.0,459.0,17.0,27.0,23.53,58.82,100.0,100.0,33.33,66.67,33.33,0.0,100.0,100.0,66.67,100.0,0.0,1.33,4.67,5.33,6.0,5.33,243.0,153.0
Belagavi,B0011 bailhongal,C2098 hannikeri,1279 bhavihal,290,67.74,24.48,1279,30.0,95.0,1.06,4.0,4.0,100.0,0.0,100.0,642.0,642.0,29.0,22.14,34.48,62.07,75.0,100.0,75.0,75.0,25.0,50.0,100.0,100.0,75.0,100.0,0.0,1.5,7.0,1.75,11.25,7.0,243.0,160.5
Belagavi,B0011 bailhongal,C2098 hannikeri,2426 hannikeri,192,69.53,22.97,2426,40.0,95.0,6.42,,,,,,,,,,,,,,,,,,,,,,,,,,,,,
Belagavi,B0011 bailhongal,C2477 nagnoor,4645 naganur,278,56.64,25.16,4645,18.5,90.0,-1.79,6.0,5.0,83.33,16.67,100.0,529.0,326.0,18.0,18.11,66.67,50.0,100.0,100.0,60.0,100.0,0.0,40.0,100.0,80.0,60.0,100.0,0.0,1.8,2.4,3.8,6.6,3.6,241.5,65.2
Belagavi,B0011 bailhongal,C2504 neginhal,2722 holihosur,379,58.58,25.77,2722,20.0,90.0,5.15,5.0,5.0,100.0,0.0,100.0,568.0,568.0,29.0,19.59,55.17,65.52,100.0,100.0,60.0,100.0,0.0,20.0,100.0,100.0,80.0,80.0,0.0,1.2,3.6,1.2,9.0,7.8,244.5,113.6
Belagavi,B0011 bailhongal,C2504 neginhal,4789 neginal,398,50.69,29.61,4789,5.0,90.0,-0.04,,,,,,,,,,,,,,,,,,,,,,,,,,,,,
Belagavi,B0011 bailhongal,C2511 nesargi,213009365 mallapur,214,58.69,25.92,213009365,20.0,90.0,5.58,,,,,,,,,,,,,,,,,,,,,,,,,,,,,
Belagavi,B0011 bailhongal,C2511 nesargi,4575 murkibhavi,283,81.8,18.02,4575,60.0,100.0,2.18,,,,,,,,,,,,,,,,,,,,,,,,,,,,,
Belagavi,B0011 bailhongal,C2511 nesargi,4827 nesargi,388,66.73,22.12,4827,33.5,90.0,3.99,4.0,4.0,100.0,0.0,100.0,762.0,762.0,29.0,26.28,62.07,79.31,100.0,100.0,100.0,75.0,25.0,25.0,100.0,75.0,100.0,50.0,0.0,3.5,8.75,2.25,4.75,7.25,166.33,190.5
Belagavi,B0017 belgaum rural,C0082 aralikatti,2620 hirebagewadi,344,70.9,23.91,2620,35.0,100.0,8.29,,,,,,,,,,,,,,,,,,,,,,,,,,,,,
Belagavi,B0017 belgaum rural,C0082 aralikatti,769 aralikatti,157,72.9,18.45,769,45.0,95.0,3.23,3.0,3.0,100.0,0.0,100.0,308.0,308.0,13.0,23.69,53.85,69.23,100.0,100.0,66.67,100.0,100.0,0.0,100.0,100.0,100.0,66.67,0.0,1.33,5.33,1.0,10.67,0.67,,102.7
Belagavi,B0017 belgaum rural,C0575 halga,1097 bastwad,528,79.66,15.16,1097,60.0,95.0,-0.44,,,,,,,,,,,,,,,,,,,,,,,,,,,,,
Belagavi,B0017 belgaum rural,C0575 halga,2345 halga,280,66.55,18.96,2345,40.0,90.0,-2.59,,,,,,,,,,,,,,,,,,,,,,,,,,,,,
Belagavi,B0017 belgaum rural,C0575 halga,4351 mastamardi,263,70.93,21.15,4351,40.0,95.0,5.47,,,,,,,,,,,,,,,,,,,,,,,,,,,,,
Belagavi,B0017 belgaum rural,C0575 halga,5639 tarihal,119,49.71,22.28,5639,20.0,81.0,-0.33,4.0,4.0,100.0,0.0,100.0,643.0,643.0,24.0,26.79,54.17,58.33,100.0,100.0,75.0,100.0,100.0,0.0,100.0,100.0,100.0,75.0,0.0,1.0,5.0,1.25,17.25,9.75,244.0,160.8
Belagavi,B0017 belgaum rural,C0888 kangrali bk,2738 honga,167,79.31,16.04,2738,60.0,100.0,5.95,13.0,10.0,76.92,23.08,100.0,2043.0,1046.0,47.0,22.26,74.47,59.57,100.0,100.0,80.0,100.0,50.0,0.0,90.0,80.0,80.0,70.0,0.0,1.3,3.0,1.1,12.7,9.0,241.17,104.6
Belagavi,B0017 belgaum rural,C0888 kangrali bk,3373 kangrali b.k.,525,67.06,21.05,3373,40.0,95.0,1.5,5.0,4.0,80.0,20.0,100.0,1146.0,916.0,25.0,36.64,36.0,24.0,100.0,100.0,75.0,100.0,50.0,100.0,100.0,100.0,75.0,50.0,0.0,2.5,8.5,1.0,18.5,5.0,242.0,229.0
Belagavi,B0017 belgaum rural,C0889 kangrali kh,3374 kangrali k.h.,462,76.76,17.47,3374,55.0,95.0,3.15,4.0,4.0,100.0,0.0,100.0,900.0,900.0,31.0,29.03,64.52,48.39,100.0,100.0,100.0,100.0,25.0,75.0,75.0,100.0,100.0,50.0,0.0,2.0,9.5,1.0,11.25,8.25,243.0,225.0
Belagavi,B0017 belgaum rural,C0889 kangrali kh,3522 kednur,255,68.41,22.08,3522,35.0,95.0,4.45,,,,,,,,,,,,,,,,,,,,,,,,,,,,,
Belagavi,B0017 belgaum rural,C1135 mannur,5529 sulga u,34,61.03,17.13,5529,45.0,90.0,3.24,,,,,,,,,,,,,,,,,,,,,,,,,,,,,
Belagavi,B0017 belgaum rural,C1135 mannur,654 ambewadi,138,35.07,23.08,654,5.0,70.0,10.45,6.0,6.0,100.0,0.0,100.0,775.0,775.0,32.0,24.22,78.12,50.0,100.0,100.0,83.33,100.0,66.67,66.67,100.0,100.0,66.67,50.0,16.67,1.5,6.67,1.67,10.5,4.83,242.0,129.2
Belagavi,B0017 belgaum rural,C1837 balekundri kh,4456 modaga,217,79.12,17.62,4456,55.0,100.0,-0.05,6.0,5.0,83.33,16.67,100.0,1090.0,914.0,23.0,39.74,78.26,47.83,100.0,100.0,60.0,80.0,80.0,20.0,80.0,100.0,100.0,60.0,0.0,1.2,5.4,1.0,12.2,4.8,244.5,182.8
Belagavi,B0017 belgaum rural,C1837 balekundri kh,5183 sambra,177,58.76,21.49,5183,30.0,85.0,3.92,3.0,3.0,100.0,0.0,100.0,1733.0,1733.0,48.0,36.1,60.42,70.83,100.0,100.0,66.67,100.0,100.0,33.33,100.0,100.0,100.0,33.33,33.33,7.0,16.33,0.67,7.67,2.0,244.5,577.7
Belagavi,B0017 belgaum rural,C1837 balekundri kh,964 balekundri b.k.,123,83.25,13.44,964,65.0,100.0,11.95,,,,,,,,,,,,,,,,,,,,,,,,,,,,,
Belagavi,B0017 belgaum rural,C1837 balekundri kh,965 balekundri k.h.,189,66.35,22.8,965,35.0,95.0,4.58,,,,,,,,,,,,,,,,,,,,,,,,,,,,,
Belagavi,B0017 belgaum rural,C1870 belgundi,1180 belgundi,25,75.0,15.75,1180,52.0,90.0,7.5,,,,,,,,,,,,,,,,,,,,,,,,,,,,,
Belagavi,B0017 belgaum rural,C1886 bhendigeri,1286 bhendigeri,237,52.89,26.28,1286,15.0,85.0,-1.81,,,,,,,,,,,,,,,,,,,,,,,,,,,,,
Belagavi,B0017 belgaum rural,C1886 bhendigeri,3123 k.k.koppa,408,79.46,14.21,3123,60.0,95.0,5.36,2.0,2.0,100.0,0.0,100.0,207.0,207.0,11.0,18.82,36.36,63.64,100.0,100.0,100.0,100.0,50.0,0.0,100.0,100.0,50.0,100.0,0.0,1.0,6.5,1.0,7.0,9.0,239.5,103.5
Belagavi,B0017 belgaum rural,C1886 bhendigeri,3849 kukadoli,115,49.7,20.83,3849,25.0,75.0,2.39,,,,,,,,,,,,,,,,,,,,,,,,,,,,,
Belagavi,B0017 belgaum rural,C1886 bhendigeri,4594 mutnal,54,62.69,17.64,4594,36.5,85.0,12.58,,,,,,,,,,,,,,,,,,,,,,,,,,,,,
Belagavi,B0017 belgaum rural,C1886 bhendigeri,911 badas k.h.,94,68.67,17.03,911,45.0,90.0,8.58,2.0,2.0,100.0,0.0,100.0,519.0,519.0,19.0,27.32,47.37,57.89,100.0,100.0,100.0,100.0,50.0,0.0,50.0,100.0,100.0,100.0,0.0,2.5,6.5,10.5,12.0,6.0,244.0,259.5
Belagavi,B0017 belgaum rural,C1889 bhutaramatti,1000 bambarga,195,66.82,21.11,1000,40.0,90.0,-2.03,13.0,12.0,92.31,7.69,100.0,982.0,692.0,28.0,24.71,50.0,64.29,91.67,100.0,91.67,100.0,66.67,0.0,83.33,91.67,83.33,75.0,0.0,1.42,2.42,1.0,12.42,6.83,218.6,57.7
Belagavi,B0017 belgaum rural,C1889 bhutaramatti,2777 hosa vantmuri,802,67.77,19.02,2777,45.0,90.0,1.71,,,,,,,,,,,,,,,,,,,,,,,,,,,,,
Belagavi,B0017 belgaum rural,C1976 desur,1765 desur,156,57.21,22.59,1765,25.0,85.0,4.31,4.0,4.0,100.0,0.0,100.0,592.0,592.0,19.0,31.16,73.68,42.11,100.0,100.0,100.0,100.0,50.0,25.0,100.0,100.0,75.0,50.0,0.0,1.0,5.75,1.0,11.0,6.0,243.0,148.0
Belagavi,B0017 belgaum rural,C1976 desur,4321 markandeynagar,162,59.35,21.32,4321,35.0,85.0,8.28,,,,,,,,,,,,,,,,,,,,,,,,,,,,,
Belagavi,B0017 belgaum rural,C1976 desur,4719 nandihalli,25,82.2,10.81,4719,70.0,98.0,-3.83,,,,,,,,,,,,,,,,,,,,,,,,,,,,,
Belagavi,B0017 belgaum rural,C1976 desur,5232 santi bastwad,73,59.86,20.38,5232,45.0,80.0,12.49,,,,,,,,,,,,,,,,,,,,,,,,,,,,,
Belagavi,B0017 belgaum rural,C1988 dhamne s,1819 dhamane s.bgm,161,81.4,14.73,1819,60.0,95.0,6.09,,,,,,,,,,,,,,,,,,,,,,,,,,,,,
Belagavi,B0017 belgaum rural,C1988 dhamne s,5530 sulga y.,36,80.56,11.01,5530,67.5,95.0,8.42,,,,,,,,,,,,,,,,,,,,,,,,,,,,,
Belagavi,B0017 belgaum rural,C1990 dharanatti,213009347 dharanatti,151,63.54,14.54,213009347,45.0,80.0,-4.51,,,,,,,,,,,,,,,,,,,,,,,,,,,,,
Belagavi,B0017 belgaum rural,C1990 dharanatti,819 aste,58,73.71,17.88,819,48.5,95.0,-3.46,8.0,7.0,87.5,12.5,100.0,637.0,634.0,23.0,27.57,65.22,39.13,100.0,100.0,71.43,100.0,71.43,0.0,85.71,100.0,71.43,57.14,0.0,1.14,4.0,1.0,16.57,9.86,239.2,90.6
Belagavi,B0017 belgaum rural,C2092 handignur,2409 handiganur,140,42.04,25.54,2409,10.0,80.0,-3.24,7.0,6.0,85.71,14.29,100.0,394.0,319.0,18.0,17.72,50.0,55.56,100.0,100.0,83.33,83.33,83.33,0.0,83.33,100.0,83.33,50.0,0.0,1.5,2.67,1.0,10.67,8.83,241.6,53.2
Belagavi,B0017 belgaum rural,C2092 handignur,542 agasage,85,64.12,17.32,542,40.0,85.0,1.16,5.0,5.0,100.0,0.0,100.0,430.0,430.0,22.0,19.55,63.64,45.45,100.0,100.0,60.0,100.0,80.0,0.0,100.0,100.0,80.0,40.0,0.0,1.8,3.4,1.0,10.4,7.4,240.5,86.0
Belagavi,B0017 belgaum rural,C2120 hindalga,1212 benakanahalli,31,71.45,13.86,1212,55.0,85.0,-0.23,,,,,,,,,,,,,,,,,,,,,,,,,,,,,
Belagavi,B0017 belgaum rural,C2120 hindalga,2605 hindalga,207,64.32,23.82,2605,30.0,95.0,3.58,9.0,6.0,66.67,33.33,100.0,1619.0,557.0,29.0,19.21,65.52,44.83,100.0,100.0,66.67,100.0,83.33,16.67,100.0,100.0,100.0,33.33,0.0,1.83,5.33,1.0,11.33,7.17,244.0,92.8
Belagavi,B0017 belgaum rural,C2163 hudli,2819 hudli,316,51.98,21.71,2819,25.0,80.0,1.37,,,,,,,,,,,,,,,,,,,,,,,,,,,,,
Belagavi,B0017 belgaum rural,C2163 hudli,5830 tummar guddi,142,69.68,19.04,5830,50.0,90.0,4.71,,,,,,,,,,,,,,,,,,,,,,,,,,,,,
Belagavi,B0017 belgaum rural,C2224 kadoli,1000 bambarga,36,48.89,29.45,1000,12.5,87.5,-5.35,13.0,12.0,92.31,7.69,100.0,982.0,692.0,28.0,24.71,50.0,64.29,91.67,100.0,91.67,100.0,66.67,0.0,83.33,91.67,83.33,75.0,0.0,1.42,2.42,1.0,12.42,6.83,218.6,57.7
Belagavi,B0017 belgaum rural,C2224 kadoli,3189 kadoli,164,54.73,21.5,3189,25.0,80.0,3.61,8.0,6.0,75.0,25.0,100.0,1423.0,826.0,31.0,26.65,87.1,54.84,100.0,100.0,83.33,100.0,66.67,16.67,66.67,100.0,100.0,33.33,0.0,1.83,7.67,1.5,10.83,7.17,242.0,137.7
Belagavi,B0017 belgaum rural,C2233 kakti,2738 honga,534,77.21,16.42,2738,55.0,95.0,3.37,13.0,10.0,76.92,23.08,100.0,2043.0,1046.0,47.0,22.26,74.47,59.57,100.0,100.0,80.0,100.0,50.0,0.0,90.0,80.0,80.0,70.0,0.0,1.3,3.0,1.1,12.7,9.0,241.17,104.6
Belagavi,B0017 belgaum rural,C2233 kakti,3222 kakati,297,60.12,24.57,3222,28.0,90.0,2.11,,,,,,,,,,,,,,,,,,,,,,,,,,,,,
Belagavi,B0017 belgaum rural,C2233 kakti,5092 rangadolli,88,74.83,14.88,5092,58.5,90.0,4.43,,,,,,,,,,,,,,,,,,,,,,,,,,,,,
Belagavi,B0017 belgaum rural,C2300 kk koppa,722 ankalgi,172,57.33,25.55,722,20.0,90.0,6.06,,,,,,,,,,,,,,,,,,,,,,,,,,,,,
Belagavi,B0017 belgaum rural,C2411 marihal,3442 kardiguddi,104,51.06,20.55,3442,25.0,78.5,0.92,1.0,1.0,100.0,0.0,100.0,266.0,266.0,13.0,20.46,61.54,61.54,100.0,100.0,100.0,0.0,100.0,100.0,100.0,100.0,100.0,100.0,0.0,3.0,17.0,5.0,10.0,5.0,244.0,266.0
Belagavi,B0017 belgaum rural,C2411 marihal,4315 marihal,81,54.07,18.36,4315,35.0,80.0,12.51,3.0,2.0,66.67,33.33,100.0,425.0,320.0,14.0,22.86,71.43,28.57,100.0,100.0,100.0,100.0,100.0,0.0,100.0,0.0,50.0,50.0,0.0,3.0,5.0,1.5,12.0,3.5,240.0,160.0
Belagavi,B0017 belgaum rural,C2411 marihal,5525 sulebhavi,258,80.68,16.2,5525,60.0,100.0,2.11,6.0,6.0,100.0,0.0,100.0,1369.0,1369.0,49.0,27.94,65.31,55.1,100.0,100.0,83.33,100.0,66.67,16.67,100.0,66.67,66.67,83.33,0.0,1.17,7.83,1.0,10.67,5.0,238.6,228.2
Belagavi,B0017 belgaum rural,C2440 muchandi,4483 muchandi,276,55.31,25.24,4483,20.0,90.0,8.15,,,,,,,,,,,,,,,,,,,,,,,,,,,,,
Belagavi,B0017 belgaum rural,C2440 muchandi,819 aste,110,76.59,20.28,819,49.0,95.0,-2.09,8.0,7.0,87.5,12.5,100.0,637.0,634.0,23.0,27.57,65.22,39.13,100.0,100.0,71.43,100.0,71.43,0.0,85.71,100.0,71.43,57.14,0.0,1.14,4.0,1.0,16.57,9.86,239.2,90.6
Belagavi,B0017 belgaum rural,C2458 mutaga,4587 mutaga,168,48.93,28.81,4587,5.0,85.0,11.54,4.0,3.0,75.0,25.0,100.0,624.0,370.0,12.0,30.83,66.67,83.33,100.0,100.0,66.67,66.67,100.0,0.0,100.0,100.0,100.0,66.67,0.0,3.0,6.67,1.67,10.0,7.67,221.33,123.3
Belagavi,B0017 belgaum rural,C2458 mutaga,4852 nilaji,291,57.56,26.83,4852,20.0,90.0,10.71,8.0,5.0,62.5,37.5,100.0,3003.0,570.0,22.0,25.91,63.64,63.64,100.0,100.0,100.0,100.0,80.0,0.0,100.0,100.0,100.0,40.0,0.0,1.6,4.2,1.2,10.4,3.2,218.5,114.0
Belagavi,B0017 belgaum rural,C2586 santibastwad,3609 kinaye,97,44.54,20.2,3609,20.0,70.0,4.32,,,,,,,,,,,,,,,,,,,,,,,,,,,,,
Belagavi,B0017 belgaum rural,C2586 santibastwad,5232 santi bastwad,40,67.12,22.27,5232,39.5,90.0,8.39,,,,,,,,,,,,,,,,,,,,,,,,,,,,,
Belagavi,B0017 belgaum rural,C2703 uchagaon,1141 bekkinkeri,45,69.56,14.45,1141,50.0,85.0,-3.63,3.0,3.0,100.0,0.0,100.0,479.0,479.0,14.0,34.21,71.43,35.71,100.0,100.0,66.67,100.0,33.33,0.0,100.0,100.0,66.67,33.33,0.0,2.0,9.33,1.0,11.33,5.0,,159.7
Belagavi,B0017 belgaum rural,C2703 uchagaon,3840 kudremani,33,38.48,25.57,3840,6.0,78.0,18.9,,,,,,,,,,,,,,,,,,,,,,,,,,,,,
Belagavi,B0017 belgaum rural,C2703 uchagaon,5839 turmari,150,63.6,15.56,5839,45.0,85.0,0.09,3.0,3.0,100.0,0.0,100.0,329.0,329.0,14.0,23.5,85.71,35.71,100.0,100.0,66.67,100.0,66.67,0.0,100.0,100.0,100.0,33.33,0.0,2.67,6.67,1.0,13.33,4.0,245.0,109.7
Belagavi,B0017 belgaum rural,C2703 uchagaon,5847 uchagaon,66,68.18,18.09,5847,47.5,85.0,5.88,,,,,,,,,,,,,,,,,,,,,,,,,,,,,
Belagavi,B0017 belgaum rural,C2959 yallur,6141 yellur,72,75.49,15.29,6141,55.0,95.0,1.34,,,,,,,,,,,,,,,,,,,,,,,,,,,,,
Belagavi,B0032 chikodi,C0908 karoshi,3463 karoshi,262,86.39,14.06,3463,65.5,100.0,-4.88,,,,,,,,,,,,,,,,,,,,,,,,,,,,,
Belagavi,B0032 chikodi,C0908 karoshi,999 bambalwad,166,79.85,18.35,999,55.0,100.0,-1.25,,,,,,,,,,,,,,,,,,,,,,,,,,,,,
Belagavi,B0032 chikodi,C0928 kerur,3563 kerur,113,69.03,19.94,3563,40.0,94.0,1.53,,,,,,,,,,,,,,,,,,,,,,,,,,,,,
Belagavi,B0032 chikodi,C1488 shiraguppi,4981 pattankodi,269,70.63,21.97,4981,40.0,95.0,2.6,,,,,,,,,,,,,,,,,,,,,,,,,,,,,
Belagavi,B0032 chikodi,C1488 shiraguppi,6107 yaranal,46,62.61,18.1,6107,40.0,85.0,-8.56,,,,,,,,,,,,,,,,,,,,,,,,,,,,,
Belagavi,B0032 chikodi,C1488 shiraguppi,6600 kodani,51,73.33,9.57,6600,60.0,85.0,-3.04,,,,,,,,,,,,,,,,,,,,,,,,,,,,,
Belagavi,B0032 chikodi,C1796 ankali,3171 kadapur,254,73.86,17.57,3171,50.0,95.0,5.38,,,,,,,,,,,,,,,,,,,,,,,,,,,,,
Belagavi,B0032 chikodi,C1796 ankali,723 ankali,294,76.16,19.56,723,50.0,100.0,-0.67,,,,,,,,,,,,,,,,,,,,,,,,,,,,,
Belagavi,B0032 chikodi,C1947 chikkodi urdu,3799 kothali,103,75.97,20.21,3799,46.0,100.0,0.13,,,,,,,,,,,,,,,,,,,,,,,,,,,,,
Belagavi,B0032 chikodi,C1948 chikodi marathi,3463 karoshi,153,75.42,17.65,3463,50.0,100.0,10.44,,,,,,,,,,,,,,,,,,,,,,,,,,,,,
Belagavi,B0032 chikodi,C2017 examba,3284 kallol,89,80.11,12.59,3284,65.0,95.0,4.27,,,,,,,,,,,,,,,,,,,,,,,,,,,,,
Belagavi,B0032 chikodi,C2017 examba,4177 malikwad,33,75.61,16.24,4177,55.0,95.0,12.17,,,,,,,,,,,,,,,,,,,,,,,,,,,,,
Belagavi,B0032 chikodi,C2130 hirekodi,2649 hirekodi,23,59.35,31.27,2649,10.0,90.0,-4.72,,,,,,,,,,,,,,,,,,,,,,,,,,,,,
Belagavi,B0032 chikodi,C2130 hirekodi,4702 nanadi,82,77.99,19.89,4702,50.5,100.0,-11.25,,,,,,,,,,,,,,,,,,,,,,,,,,,,,
Belagavi,B0032 chikodi,C2130 hirekodi,6370 nagaral,295,76.34,14.49,6370,60.0,95.0,4.89,,,,,,,,,,,,,,,,,,,,,,,,,,,,,
Belagavi,B0032 chikodi,C2196 jaganoor,3007 jagnur,343,74.78,18.59,3007,50.0,95.0,1.22,,,,,,,,,,,,,,,,,,,,,,,,,,,,,
Belagavi,B0032 chikodi,C2198 jainapur,2511 hattarwat,114,53.33,23.32,2511,20.0,80.0,-1.7,,,,,,,,,,,,,,,,,,,,,,,,,,,,,
Belagavi,B0032 chikodi,C2198 jainapur,6644 jainapur,287,64.95,24.1,6644,30.0,95.0,2.9,,,,,,,,,,,,,,,,,,,,,,,,,,,,,
Belagavi,B0032 chikodi,C2207 jodakurli,3079 jodakurli,319,83.46,13.46,3079,65.0,100.0,2.49,,,,,,,,,,,,,,,,,,,,,,,,,,,,,
Belagavi,B0032 chikodi,C2207 jodakurli,3563 kerur,316,78.31,18.12,3563,52.5,100.0,2.11,,,,,,,,,,,,,,,,,,,,,,,,,,,,,
Belagavi,B0032 chikodi,C2293 khadaklat,1588 chikkalwal,110,71.05,19.4,1588,45.0,95.0,-0.57,,,,,,,,,,,,,,,,,,,,,,,,,,,,,
Belagavi,B0032 chikodi,C2293 khadaklat,4683 nainglaj,260,70.71,26.68,4683,30.0,100.0,2.88,,,,,,,,,,,,,,,,,,,,,,,,,,,,,
Belagavi,B0032 chikodi,C2324 kothali,1638 chinchani,121,78.72,18.25,1638,55.0,95.0,0.52,,,,,,,,,,,,,,,,,,,,,,,,,,,,,
Belagavi,B0032 chikodi,C2324 kothali,3583 khadaklat,313,87.56,13.52,3583,70.0,100.0,1.69,,,,,,,,,,,,,,,,,,,,,,,,,,,,,
Belagavi,B0032 chikodi,C2324 kothali,3799 kothali,73,76.92,15.38,3799,60.0,95.0,-0.09,,,,,,,,,,,,,,,,,,,,,,,,,,,,,
Belagavi,B0032 chikodi,C2387 majalatti,6010 wadaral,184,60.95,25.57,6010,20.0,90.0,4.25,,,,,,,,,,,,,,,,,,,,,,,,,,,,,
Belagavi,B0032 chikodi,C2387 majalatti,6627 mugali,310,65.58,24.62,6627,30.0,95.0,0.42,,,,,,,,,,,,,,,,,,,,,,,,,,,,,
Belagavi,B0032 chikodi,C2471 nagar munoli,1185 belkud,160,51.03,27.16,1185,15.0,90.0,7.54,,,,,,,,,,,,,,,,,,,,,,,,,,,,,
Belagavi,B0032 chikodi,C2471 nagar munoli,4661 nagarmunoli,315,68.63,23.23,4661,35.0,100.0,1.82,,,,,,,,,,,,,,,,,,,,,,,,,,,,,
Belagavi,B0032 chikodi,C2498 navalihal,4762 navalihal,400,77.41,15.96,4762,59.5,95.0,-4.17,,,,,,,,,,,,,,,,,,,,,,,,,,,,,
Belagavi,B0032 chikodi,C2708 umarani,3426 karagaon,165,76.42,21.96,3426,45.0,100.0,4.13,,,,,,,,,,,,,,,,,,,,,,,,,,,,,
Belagavi,B0032 chikodi,C2708 umarani,6532 umarani,149,90.23,9.49,6532,80.0,100.0,2.87,,,,,,,,,,,,,,,,,,,,,,,,,,,,,
Belagavi,B0032 chikodi,C2747 walaki,6018 walki,245,80.2,15.6,6018,55.0,100.0,-0.16,,,,,,,,,,,,,,,,,,,,,,,,,,,,,
Belagavi,B0032 chikodi,C2754 yadur,1499 chandur,38,76.71,15.87,1499,50.0,95.0,8.61,,,,,,,,,,,,,,,,,,,,,,,,,,,,,
Belagavi,B0032 chikodi,C2754 yadur,2957 ingali,96,83.18,14.31,2957,62.5,100.0,-2.6,,,,,,,,,,,,,,,,,,,,,,,,,,,,,
Belagavi,B0032 chikodi,C2754 yadur,4263 manjari,78,81.35,11.81,4263,65.0,96.5,4.82,,,,,,,,,,,,,,,,,,,,,,,,,,,,,
Belagavi,B0032 chikodi,C2754 yadur,6126 yedur,342,72.09,19.69,6126,45.0,95.0,2.56,,,,,,,,,,,,,,,,,,,,,,,,,,,,,
Belagavi,B0032 chikodi,C2801 chikkodi urdu,3284 kallol,86,72.67,17.14,3284,50.0,95.0,2.9,,,,,,,,,,,,,,,,,,,,,,,,,,,,,
Belagavi,B0032 chikodi,C2801 chikkodi urdu,6532 umarani,166,71.87,25.22,6532,32.5,95.0,3.88,,,,,,,,,,,,,,,,,,,,,,,,,,,,,
Belagavi,B0032 chikodi,C2802 chikodi marathi,4177 malikwad,61,79.02,14.71,4177,65.0,95.0,5.21,,,,,,,,,,,,,,,,,,,,,,,,,,,,,
Belagavi,B0032 chikodi,C2958 yadur marathi,2957 ingali,122,79.06,17.04,2957,55.5,95.0,4.57,,,,,,,,,,,,,,,,,,,,,,,,,,,,,
Belagavi,B0045 gokak,C0070 ankalagi,3891 kundargi,259,78.44,16.84,3891,55.0,100.0,1.82,,,,,,,,,,,,,,,,,,,,,,,,,,,,,
Belagavi,B0045 gokak,C0985 konnur,6446 konnur,318,69.72,24.04,6446,35.0,95.0,-0.35,,,,,,,,,,,,,,,,,,,,,,,,,,,,,
Belagavi,B0045 gokak,C1098 makkalgeri,4141 makkalageri,350,68.8,21.28,4141,40.0,95.0,-0.05,,,,,,,,,,,,,,,,,,,,,,,,,,,,,
Belagavi,B0045 gokak,C1098 makkalgeri,5337 shiltibhavi,160,56.25,19.73,5337,25.0,80.0,-0.78,,,,,,,,,,,,,,,,,,,,,,,,,,,,,
Belagavi,B0045 gokak,C1119 mamadapur,6408 mamadapur,330,79.55,15.14,6408,59.5,100.0,-2.09,,,,,,,,,,,,,,,,,,,,,,,,,,,,,
Belagavi,B0045 gokak,C1993 dhupadal,1840 dhupadal,261,85.15,12.2,1840,65.0,100.0,1.62,,,,,,,,,,,,,,,,,,,,,,,,,,,,,
Belagavi,B0045 gokak,C2037 gokak(urdu),5524 suldhal,183,67.84,25.36,5524,31.0,95.0,6.55,,,,,,,,,,,,,,,,,,,,,,,,,,,,,
Belagavi,B0045 gokak,C2037 gokak(urdu),6408 mamadapur,201,69.6,21.17,6408,40.0,95.0,-1.87,,,,,,,,,,,,,,,,,,,,,,,,,,,,,
Belagavi,B0045 gokak,C2134 hirenandi,2671 hirenandi,313,79.11,17.39,2671,55.0,100.0,3.5,,,,,,,,,,,,,,,,,,,,,,,,,,,,,
Belagavi,B0045 gokak,C2294 khanagaon,213009368 midakanatti,315,48.65,26.6,213009368,15.0,90.0,5.68,,,,,,,,,,,,,,,,,,,,,,,,,,,,,
Belagavi,B0045 gokak,C2294 khanagaon,3593 khangaon,391,46.16,25.3,3593,15.0,80.0,-9.54,,,,,,,,,,,,,,,,,,,,,,,,,,,,,
Belagavi,B0045 gokak,C2307 kolavi,3699 kolavi,376,61.21,22.0,3699,30.0,85.0,1.2,,,,,,,,,,,,,,,,,,,,,,,,,,,,,
Belagavi,B0045 gokak,C2307 kolavi,4141 makkalageri,180,72.11,17.14,4141,50.0,95.0,0.89,,,,,,,,,,,,,,,,,,,,,,,,,,,,,
Belagavi,B0045 gokak,C2375 madawal,4115 madwal,346,55.78,26.98,4115,20.0,90.0,11.92,,,,,,,,,,,,,,,,,,,,,,,,,,,,,
Belagavi,B0045 gokak,C2392 maladinni,213009367 benachinamaradi k,451,72.07,18.09,213009367,45.0,95.0,-2.18,,,,,,,,,,,,,,,,,,,,,,,,,,,,,
Belagavi,B0045 gokak,C2392 maladinni,4148 maladinni,354,70.93,22.55,4148,40.0,95.0,1.61,,,,,,,,,,,,,,,,,,,,,,,,,,,,,
Belagavi,B0045 gokak,C2618 shivapur k,4419 melmanahatti,178,81.24,14.5,4419,60.0,100.0,5.95,,,,,,,,,,,,,,,,,,,,,,,,,,,,,
Belagavi,B0045 gokak,C2618 shivapur k,6403 nandgaon,304,68.24,21.56,6403,36.5,95.0,10.27,,,,,,,,,,,,,,,,,,,,,,,,,,,,,
Belagavi,B0045 gokak,C2646 suldhal,2217 gujanal,140,75.39,16.86,2217,55.0,95.0,2.0,,,,,,,,,,,,,,,,,,,,,,,,,,,,,
Belagavi,B0045 gokak,C2646 suldhal,5524 suldhal,180,74.81,12.75,5524,59.5,90.0,-0.81,,,,,,,,,,,,,,,,,,,,,,,,,,,,,
Belagavi,B0045 gokak,C2665 tavag,5645 tavag,318,41.26,23.42,5645,10.0,70.0,0.93,,,,,,,,,,,,,,,,,,,,,,,,,,,,,
Belagavi,B0067 hukkeri,C0178 bassapur,1095 bassapur,795,74.96,21.18,1095,50.0,100.0,-11.61,,,,,,,,,,,,,,,,,,,,,,,,,,,,,
Belagavi,B0067 hukkeri,C0178 bassapur,3918 kuraguppi,278,72.3,19.67,3918,45.0,95.0,5.31,,,,,,,,,,,,,,,,,,,,,,,,,,,,,
Belagavi,B0067 hukkeri,C0631 hebbal,3635 kochari,166,68.34,20.84,3635,40.0,95.0,0.59,,,,,,,,,,,,,,,,,,,,,,,,,,,,,
Belagavi,B0067 hukkeri,C0631 hebbal,6670 hebbal,199,82.24,15.2,6670,60.0,100.0,-6.09,,,,,,,,,,,,,,,,,,,,,,,,,,,,,
Belagavi,B0067 hukkeri,C0707 hosur,6509 hosur,329,78.94,17.99,6509,50.0,100.0,1.03,,,,,,,,,,,,,,,,,,,,,,,,,,,,,
Belagavi,B0067 hukkeri,C0707 hosur,903 badakundri,133,67.56,14.68,903,50.0,89.0,2.75,,,,,,,,,,,,,,,,,,,,,,,,,,,,,
Belagavi,B0067 hukkeri,C0755 islampur,2972 islampur,475,70.34,22.56,2972,30.0,95.0,2.2,,,,,,,,,,,,,,,,,,,,,,,,,,,,,
Belagavi,B0067 hukkeri,C1310 nidasoshi,1400 borgal,162,75.34,21.95,1400,45.0,95.0,2.74,,,,,,,,,,,,,,,,,,,,,,,,,,,,,
Belagavi,B0067 hukkeri,C1310 nidasoshi,3577 kesti,91,73.35,21.59,3577,40.0,95.0,0.03,,,,,,,,,,,,,,,,,,,,,,,,,,,,,
Belagavi,B0067 hukkeri,C1310 nidasoshi,4839 nidasoshi,531,72.47,21.46,4839,45.0,100.0,6.57,,,,,,,,,,,,,,,,,,,,,,,,,,,,,
Belagavi,B0067 hukkeri,C1310 nidasoshi,720 ankale,43,85.93,11.35,720,72.0,100.0,1.54,,,,,,,,,,,,,,,,,,,,,,,,,,,,,
Belagavi,B0067 hukkeri,C1871 bellad bagewadi,1188 bellad bagewadi,377,38.49,27.1,1188,5.0,75.0,9.71,,,,,,,,,,,,,,,,,,,,,,,,,,,,,
Belagavi,B0067 hukkeri,C1871 bellad bagewadi,2854 hulloli,134,49.03,24.11,2854,16.5,78.5,3.6,,,,,,,,,,,,,,,,,,,,,,,,,,,,,
Belagavi,B0067 hukkeri,C1871 bellad bagewadi,5242 sarapur,151,46.72,30.92,5242,10.0,95.0,0.87,,,,,,,,,,,,,,,,,,,,,,,,,,,,,
Belagavi,B0067 hukkeri,C2064 h-mastiholi,4251 mangutti,522,73.02,17.45,4251,50.0,95.0,4.31,,,,,,,,,,,,,,,,,,,,,,,,,,,,,
Belagavi,B0067 hukkeri,C2064 h-mastiholi,4675 nagnur k.d.,405,76.64,18.03,4675,50.0,100.0,6.27,,,,,,,,,,,,,,,,,,,,,,,,,,,,,
Belagavi,B0067 hukkeri,C2104 hargapur gad,2447 haragapur,89,65.39,14.97,2447,50.0,85.0,1.33,,,,,,,,,,,,,,,,,,,,,,,,,,,,,
Belagavi,B0067 hukkeri,C2104 hargapur gad,5449 sollapur,300,69.72,19.27,5449,50.0,95.0,4.22,,,,,,,,,,,,,,,,,,,,,,,,,,,,,
Belagavi,B0067 hukkeri,C2107 hattargi,2510 hattargi,198,75.4,21.21,2510,40.0,95.0,4.92,,,,,,,,,,,,,,,,,,,,,,,,,,,,,
Belagavi,B0067 hukkeri,C2107 hattargi,6094 yamkanmardi,287,80.68,15.34,6094,63.0,100.0,-3.18,,,,,,,,,,,,,,,,,,,,,,,,,,,,,
Belagavi,B0067 hukkeri,C2118 hidakal dam,2107 godageri,290,83.69,16.58,2107,60.0,100.0,19.65,,,,,,,,,,,,,,,,,,,,,,,,,,,,,
Belagavi,B0067 hukkeri,C2118 hidakal dam,2803 hospet,208,62.14,22.44,2803,30.0,90.0,-2.51,,,,,,,,,,,,,,,,,,,,,,,,,,,,,
Belagavi,B0067 hukkeri,C2118 hidakal dam,5137 rustampur,162,79.38,17.76,5137,60.0,100.0,1.56,,,,,,,,,,,,,,,,,,,,,,,,,,,,,
Belagavi,B0067 hukkeri,C2247 kanagala,2692 hitni,21,71.67,13.72,2692,50.0,90.0,12.14,,,,,,,,,,,,,,,,,,,,,,,,,,,,,
Belagavi,B0067 hukkeri,C2247 kanagala,3332 kanagala,106,48.49,27.85,3332,10.0,85.0,0.92,,,,,,,,,,,,,,,,,,,,,,,,,,,,,
Belagavi,B0067 hukkeri,C2247 kanagala,6434 konankeri,229,82.45,14.21,6434,65.0,100.0,4.87,,,,,,,,,,,,,,,,,,,,,,,,,,,,,
Belagavi,B0067 hukkeri,C2247 kanagala,893 bad,304,77.19,18.09,893,55.0,95.0,-0.49,,,,,,,,,,,,,,,,,,,,,,,,,,,,,
Belagavi,B0067 hukkeri,C2343 kurni,3936 kurni,180,78.42,14.65,3936,60.0,95.0,10.09,,,,,,,,,,,,,,,,,,,,,,,,,,,,,
Belagavi,B0067 hukkeri,C2343 kurni,5891 ullagaddi khanapur,304,70.21,22.09,5891,35.0,95.0,3.68,,,,,,,,,,,,,,,,,,,,,,,,,,,,,
Belagavi,B0067 hukkeri,C2343 kurni,6579 hanchinal,141,67.38,22.4,6579,30.0,95.0,-1.44,,,,,,,,,,,,,,,,,,,,,,,,,,,,,
Belagavi,B0067 hukkeri,C2510 nerli,3315 kamatnur,124,46.85,26.75,3315,10.0,80.0,8.93,,,,,,,,,,,,,,,,,,,,,,,,,,,,,
Belagavi,B0067 hukkeri,C2510 nerli,4823 nerli,73,71.64,19.47,4823,46.0,95.0,-0.14,,,,,,,,,,,,,,,,,,,,,,,,,,,,,
Belagavi,B0067 hukkeri,C2510 nerli,664 ammangi,273,39.76,27.87,664,5.0,85.0,3.96,,,,,,,,,,,,,,,,,,,,,,,,,,,,,
Belagavi,B0067 hukkeri,C2526 pachapur,4380 mavanur,174,69.17,19.58,4380,45.0,90.0,-0.67,,,,,,,,,,,,,,,,,,,,,,,,,,,,,
Belagavi,B0067 hukkeri,C2526 pachapur,4911 pachapur,288,77.67,20.81,4911,55.0,95.0,-0.34,,,,,,,,,,,,,,,,,,,,,,,,,,,,,
Belagavi,B0067 hukkeri,C2597 shahabandar,5297 shah bandar,594,71.27,19.55,5297,45.0,95.0,0.23,,,,,,,,,,,,,,,,,,,,,,,,,,,,,
Belagavi,B0067 hukkeri,C2609 shirgaon,213009361 shiradhan,160,76.34,16.59,213009361,55.0,95.0,-0.17,,,,,,,,,,,,,,,,,,,,,,,,,,,,,
Belagavi,B0067 hukkeri,C2609 shirgaon,2189 gudas,203,64.75,21.4,2189,35.0,90.0,3.29,,,,,,,,,,,,,,,,,,,,,,,,,,,,,
Belagavi,B0067 hukkeri,C2609 shirgaon,6335 kotabagi,277,66.84,22.54,6335,30.0,90.0,-1.45,,,,,,,,,,,,,,,,,,,,,,,,,,,,,
Belagavi,B0067 hukkeri,C2609 shirgaon,6346 madihalli,181,80.11,15.92,6346,60.0,95.0,-4.4,,,,,,,,,,,,,,,,,,,,,,,,,,,,,
Belagavi,B0067 hukkeri,C2649 sultanpur,1034 baniwad,87,77.76,20.14,1034,55.0,100.0,-2.76,,,,,,,,,,,,,,,,,,,,,,,,,,,,,
Belagavi,B0067 hukkeri,C2649 sultanpur,5540 sultanpur,349,72.29,23.51,5540,35.0,95.0,-4.22,,,,,,,,,,,,,,,,,,,,,,,,,,,,,
Belagavi,B0067 hukkeri,C2649 sultanpur,6389 bastwad,59,73.05,17.91,6389,50.0,96.0,3.56,,,,,,,,,,,,,,,,,,,,,,,,,,,,,
Belagavi,B0067 hukkeri,C2753 yadgud,1175 belavi,277,63.68,20.75,1175,40.0,90.0,7.5,,,,,,,,,,,,,,,,,,,,,,,,,,,,,
Belagavi,B0067 hukkeri,C2753 yadgud,6039 yadagud,261,69.79,21.62,6039,40.0,95.0,0.45,,,,,,,,,,,,,,,,,,,,,,,,,,,,,
Belagavi,B0067 hukkeri,C2753 yadgud,6137 yelimunoli,103,77.62,17.96,6137,50.0,100.0,0.93,,,,,,,,,,,,,,,,,,,,,,,,,,,,,
Belagavi,B0067 hukkeri,C2806 daddi,1720 daddi,107,71.45,20.47,1720,43.0,95.0,-0.36,,,,,,,,,,,,,,,,,,,,,,,,,,,,,
Belagavi,B0067 hukkeri,C2806 daddi,3602 khot,21,41.67,25.41,3602,10.0,75.0,8.27,,,,,,,,,,,,,,,,,,,,,,,,,,,,,
Belagavi,B0067 hukkeri,C2806 daddi,5170 salamwadi,6,92.5,6.89,5170,85.0,100.0,11.67,,,,,,,,,,,,,,,,,,,,,,,,,,,,,
Belagavi,B0075 kagwad,C0025 ainapur,3818 krishnakittur,258,77.66,19.03,3818,55.0,100.0,6.29,,,,,,,,,,,,,,,,,,,,,,,,,,,,,
Belagavi,B0075 kagwad,C1488 shiraguppi,3091 jugul,407,58.57,25.08,3091,20.0,90.0,-0.87,,,,,,,,,,,,,,,,,,,,,,,,,,,,,
Belagavi,B0075 kagwad,C1488 shiraguppi,6387 shiraguppi,124,32.18,22.31,6387,5.0,65.0,6.9,,,,,,,,,,,,,,,,,,,,,,,,,,,,,
Belagavi,B0075 kagwad,C1635 ugar bk,3953 kusanal,43,37.21,20.85,3953,15.0,69.0,8.25,,,,,,,,,,,,,,,,,,,,,,,,,,,,,
Belagavi,B0075 kagwad,C1635 ugar bk,5872 ugar bk,282,46.68,27.85,5872,10.0,85.0,15.71,,,,,,,,,,,,,,,,,,,,,,,,,,,,,
Belagavi,B0075 kagwad,C2288 kempwad,3552 kepmwad,300,51.22,27.09,3552,15.0,90.0,6.23,,,,,,,,,,,,,,,,,,,,,,,,,,,,,
Belagavi,B0075 kagwad,C2288 kempwad,4464 mole,292,54.02,26.17,4464,15.0,85.0,10.93,,,,,,,,,,,,,,,,,,,,,,,,,,,,,
Belagavi,B0075 kagwad,C2404 mangasuli(marathi),4249 mangsuli,219,51.39,28.37,4249,5.0,85.0,4.61,,,,,,,,,,,,,,,,,,,,,,,,,,,,,
Belagavi,B0075 kagwad,C2664 tangadi,5634 tangadi,291,55.29,26.17,5634,15.0,90.0,6.84,,,,,,,,,,,,,,,,,,,,,,,,,,,,,
Belagavi,B0078 khanapur,C0237 bhuranki,1302 bhuranki,395,48.28,27.39,1302,10.0,85.0,9.99,,,,,,,,,,,,,,,,,,,,,,,,,,,,,
Belagavi,B0078 khanapur,C0664 hiremunolli,2668 hiremunoli,273,67.78,21.06,2668,40.0,90.0,3.07,,,,,,,,,,,,,,,,,,,,,,,,,,,,,
Belagavi,B0078 khanapur,C0664 hiremunolli,3150 kadachwad,393,61.72,26.79,3150,21.0,95.0,8.46,,,,,,,,,,,,,,,,,,,,,,,,,,,,,
Belagavi,B0078 khanapur,C0756 itagi,2044 gandigwad,415,61.71,25.34,2044,22.0,90.0,8.5,,,,,,,,,,,,,,,,,,,,,,,,,,,,,
Belagavi,B0078 khanapur,C0756 itagi,2976 itagi,515,64.0,24.75,2976,25.0,95.0,-0.72,8.0,6.0,75.0,25.0,100.0,1273.0,1242.0,45.0,27.6,40.0,57.78,100.0,100.0,33.33,100.0,50.0,16.67,83.33,100.0,100.0,100.0,16.67,1.17,3.83,1.33,2.67,2.67,242.0,207.0
Belagavi,B0078 khanapur,C1351 parishwad,2637 hirehattiholi,406,78.5,16.79,2637,55.0,95.0,4.49,4.0,4.0,100.0,0.0,100.0,413.0,413.0,23.0,17.96,43.48,69.57,100.0,100.0,100.0,100.0,0.0,0.0,100.0,100.0,100.0,100.0,0.0,1.0,6.75,1.0,6.0,5.0,119.5,103.2
Belagavi,B0078 khanapur,C1351 parishwad,4963 parishwad,204,66.76,20.39,4963,40.0,95.0,9.7,,,,,,,,,,,,,,,,,,,,,,,,,,,,,
Belagavi,B0078 khanapur,C1619 tolagi,3115 k.bagewadi,347,69.87,22.24,3115,40.0,95.0,1.4,,,,,,,,,,,,,,,,,,,,,,,,,,,,,
Belagavi,B0078 khanapur,C1892 bidi,1323 bidi,315,59.41,23.49,1323,25.0,90.0,-5.2,,,,,,,,,,,,,,,,,,,,,,,,,,,,,
Belagavi,B0078 khanapur,C1980 devalatti,1775 devalatti,332,47.15,26.21,1775,10.0,84.5,0.32,3.0,3.0,100.0,0.0,100.0,646.0,646.0,27.0,23.93,66.67,62.96,100.0,100.0,33.33,33.33,0.0,0.0,100.0,100.0,66.67,100.0,0.0,2.67,6.33,1.0,16.67,0.0,,215.3
Belagavi,B0078 khanapur,C2071 halaga,2095 ghotagali,7,92.86,8.09,2095,83.0,100.0,-2.5,,,,,,,,,,,,,,,,,,,,,,,,,,,,,
Belagavi,B0078 khanapur,C2074 halashi,2330 halashi,253,61.48,22.52,2330,30.0,90.0,2.62,,,,,,,,,,,,,,,,,,,,,,,,,,,,,
Belagavi,B0078 khanapur,C2074 halashi,4727 nanjankodal,18,78.33,12.49,4727,63.5,90.0,-10.0,,,,,,,,,,,,,,,,,,,,,,,,,,,,,
Belagavi,B0078 khanapur,C2186 idalhond,4874 nittur,148,58.41,21.38,4874,30.0,85.0,3.71,3.0,3.0,100.0,0.0,100.0,393.0,393.0,19.0,20.68,68.42,68.42,100.0,100.0,66.67,100.0,0.0,0.0,100.0,100.0,100.0,33.33,0.0,1.33,4.0,1.33,13.67,8.0,240.0,131.0
Belagavi,B0078 khanapur,C2231 kakkeri,3225 kakkeri,336,64.51,24.7,3225,25.0,95.0,-2.33,5.0,3.0,60.0,40.0,100.0,721.0,554.0,20.0,27.7,60.0,75.0,100.0,100.0,100.0,100.0,33.33,33.33,66.67,100.0,100.0,66.67,0.0,1.67,3.67,1.0,8.67,7.0,244.0,184.7
Belagavi,B0078 khanapur,C2231 kakkeri,4016 linganmath,155,70.71,18.05,4016,45.0,93.0,5.28,,,,,,,,,,,,,,,,,,,,,,,,,,,,,
Belagavi,B0078 khanapur,C2363 londa,4030 londa,13,76.15,20.73,4030,42.0,95.0,2.5,5.0,4.0,80.0,20.0,100.0,916.0,648.0,16.0,40.5,62.5,50.0,100.0,100.0,75.0,100.0,25.0,50.0,100.0,100.0,100.0,50.0,0.0,2.0,4.75,1.0,6.0,4.5,238.33,162.0
Belagavi,B0078 khanapur,C2406 mangyankoppa,3567 kerwad-gundyanatti,240,75.56,19.36,3567,50.0,100.0,4.02,,,,,,,,,,,,,,,,,,,,,,,,,,,,,
Belagavi,B0078 khanapur,C2406 mangyankoppa,4252 mangyankop,247,67.31,20.04,4252,40.0,90.0,0.28,,,,,,,,,,,,,,,,,,,,,,,,,,,,,
Belagavi,B0078 khanapur,C2434 mohishet,4460 mohishet,3,83.33,7.64,4460,77.0,89.0,12.5,,,,,,,,,,,,,,,,,,,,,,,,,,,,,
Belagavi,B0078 khanapur,C2473 nagargali,2110 godholi,137,72.08,13.72,2110,53.0,90.0,4.54,,,,,,,,,,,,,,,,,,,,,,,,,,,,,
Belagavi,B0078 khanapur,C2485 nandgad,4710 nandgad,262,55.57,23.32,4710,25.0,85.0,2.7,,,,,,,,,,,,,,,,,,,,,,,,,,,,,
Belagavi,B0078 khanapur,C2552 ramgurwadi,5082 ramgurwadi,17,76.76,21.21,5082,68.0,90.0,12.01,,,,,,,,,,,,,,,,,,,,,,,,,,,,,
Belagavi,B0098 mudalgi,C0214 betageri,213009650 tapshi,347,39.31,25.66,213009650,5.0,75.0,-5.92,,,,,,,,,,,,,,,,,,,,,,,,,,,,,
Belagavi,B0098 mudalgi,C0214 betageri,2159 gosabal,601,53.96,26.84,2159,15.0,90.0,-5.29,,,,,,,,,,,,,,,,,,,,,,,,,,,,,
Belagavi,B0098 mudalgi,C0214 betageri,6478 betageri,327,54.04,24.6,6478,20.0,85.0,3.58,,,,,,,,,,,,,,,,,,,,,,,,,,,,,
Belagavi,B0098 mudalgi,C1716 yadwad,213009642 kamanakatti,130,69.77,14.76,213009642,50.0,90.0,1.09,,,,,,,,,,,,,,,,,,,,,,,,,,,,,
Belagavi,B0098 mudalgi,C1716 yadwad,6047 yadawad,657,58.49,23.18,6047,25.0,90.0,3.52,,,,,,,,,,,,,,,,,,,,,,,,,,,,,
Belagavi,B0098 mudalgi,C1716 yadwad,6575 awaradi,266,70.32,14.23,6575,55.0,90.0,3.19,,,,,,,,,,,,,,,,,,,,,,,,,,,,,
Belagavi,B0098 mudalgi,C2035 ghataprabha,4190 mallapur pg,150,69.07,21.44,4190,35.0,90.0,9.35,,,,,,,,,,,,,,,,,,,,,,,,,,,,,
Belagavi,B0098 mudalgi,C2081 hallur,6563 hallur,447,52.72,26.18,6563,15.0,90.0,3.0,,,,,,,,,,,,,,,,,,,,,,,,,,,,,
Belagavi,B0098 mudalgi,C2242 kalloli,5822 tukkanatti,464,60.41,23.45,5822,30.0,90.0,-2.67,,,,,,,,,,,,,,,,,,,,,,,,,,,,,
Belagavi,B0098 mudalgi,C2282 kaujalgi,3281 kalligud,176,44.18,28.2,3281,10.0,82.5,-7.12,,,,,,,,,,,,,,,,,,,,,,,,,,,,,
Belagavi,B0098 mudalgi,C2282 kaujalgi,3501 kaujalgi,398,43.98,27.43,3501,10.0,85.0,1.82,,,,,,,,,,,,,,,,,,,,,,,,,,,,,
Belagavi,B0098 mudalgi,C2282 kaujalgi,3859 kulagod,239,46.61,26.34,3859,5.0,80.0,0.76,,,,,,,,,,,,,,,,,,,,,,,,,,,,,
Belagavi,B0098 mudalgi,C2336 kulgod,2883 hunshyal py,379,73.69,19.88,2883,50.0,100.0,1.31,,,,,,,,,,,,,,,,,,,,,,,,,,,,,
Belagavi,B0098 mudalgi,C2336 kulgod,3859 kulagod,166,62.11,23.87,3859,40.0,90.0,11.52,,,,,,,,,,,,,,,,,,,,,,,,,,,,,
Belagavi,B0098 mudalgi,C2336 kulgod,6551 dhavaleshwar,135,44.89,13.47,6551,30.0,65.0,1.16,,,,,,,,,,,,,,,,,,,,,,,,,,,,,
Belagavi,B0098 mudalgi,C2414 masaguppi,1830 dharmatti,316,42.99,28.55,1830,10.0,85.0,-2.99,,,,,,,,,,,,,,,,,,,,,,,,,,,,,
Belagavi,B0098 mudalgi,C2414 masaguppi,213009641 gujanatti,229,42.25,25.97,213009641,10.0,80.0,-1.82,,,,,,,,,,,,,,,,,,,,,,,,,,,,,
Belagavi,B0098 mudalgi,C2414 masaguppi,213009647 patagundi,138,55.22,26.3,213009647,20.0,90.0,6.67,,,,,,,,,,,,,,,,,,,,,,,,,,,,,
Belagavi,B0098 mudalgi,C2414 masaguppi,4579 musaguppi,313,43.91,28.23,4579,6.0,85.0,-0.95,,,,,,,,,,,,,,,,,,,,,,,,,,,,,
Belagavi,B0098 mudalgi,C2426 melavanki,4408 melavanki,731,42.38,29.02,4408,5.0,85.0,5.12,,,,,,,,,,,,,,,,,,,,,,,,,,,,,
Belagavi,B0098 mudalgi,C2426 melavanki,5852 udagatti,331,33.55,28.31,5852,0.0,80.0,-7.77,,,,,,,,,,,,,,,,,,,,,,,,,,,,,
Belagavi,B0098 mudalgi,C2442 mudalgi (urdu),5339 shindikurbet,164,39.21,26.93,5339,5.0,75.0,-0.78,,,,,,,,,,,,,,,,,,,,,,,,,,,,,
Belagavi,B0098 mudalgi,C2442 mudalgi (urdu),6473 rajapur,181,47.02,24.61,6473,15.0,80.0,4.44,,,,,,,,,,,,,,,,,,,,,,,,,,,,,
Belagavi,B0098 mudalgi,C2481 nallanatti,213009652 lolasur,56,62.5,21.32,213009652,35.0,87.5,-0.72,,,,,,,,,,,,,,,,,,,,,,,,,,,,,
Belagavi,B0098 mudalgi,C2481 nallanatti,4696 nallanatti,418,58.01,26.2,4696,20.0,90.0,-0.49,,,,,,,,,,,,,,,,,,,,,,,,,,,,,
Belagavi,B0098 mudalgi,C2481 nallanatti,990 balobal,187,42.89,28.55,990,5.0,85.0,-5.32,,,,,,,,,,,,,,,,,,,,,,,,,,,,,
Belagavi,B0098 mudalgi,C2547 rajapur,213009638 dandapur,100,41.2,22.97,213009638,10.0,70.5,2.24,,,,,,,,,,,,,,,,,,,,,,,,,,,,,
Belagavi,B0098 mudalgi,C2547 rajapur,6473 rajapur,251,34.36,25.72,6473,5.0,75.0,2.47,,,,,,,,,,,,,,,,,,,,,,,,,,,,,
Belagavi,B0098 mudalgi,C2547 rajapur,914 badigwad,149,42.08,30.57,914,5.0,86.0,15.83,,,,,,,,,,,,,,,,,,,,,,,,,,,,,
Belagavi,B0098 mudalgi,C2606 shindikurbet,1966 durdundi,253,28.6,27.08,1966,0.0,75.0,0.33,,,,,,,,,,,,,,,,,,,,,,,,,,,,,
Belagavi,B0098 mudalgi,C2606 shindikurbet,5339 shindikurbet,224,43.37,27.33,5339,5.0,80.0,0.25,,,,,,,,,,,,,,,,,,,,,,,,,,,,,
Belagavi,B0098 mudalgi,C2619 shivapur,213009646 khanatti,75,71.6,15.92,213009646,55.0,95.0,-1.73,,,,,,,,,,,,,,,,,,,,,,,,,,,,,
Belagavi,B0098 mudalgi,C2619 shivapur,4563 muniyal,406,57.56,23.53,4563,25.0,90.0,1.8,,,,,,,,,,,,,,,,,,,,,,,,,,,,,
Belagavi,B0098 mudalgi,C2619 shivapur,5384 shivapur (h),396,57.64,26.87,5384,20.0,95.0,-0.51,,,,,,,,,,,,,,,,,,,,,,,,,,,,,
Belagavi,B0098 mudalgi,C2652 sundholi,213009651 thigadi,165,48.06,24.93,213009651,15.0,83.0,-2.74,,,,,,,,,,,,,,,,,,,,,,,,,,,,,
Belagavi,B0098 mudalgi,C2652 sundholi,5542 sunadholi,410,60.59,25.56,5542,20.0,90.0,3.84,,,,,,,,,,,,,,,,,,,,,,,,,,,,,
Belagavi,B0098 mudalgi,C2652 sundholi,5610 talakatnal,294,40.19,25.55,5610,5.0,75.0,0.74,,,,,,,,,,,,,,,,,,,,,,,,,,,,,
Belagavi,B0098 mudalgi,C2746 waderatti,2882 hunshyal pg,180,42.72,24.75,2882,10.0,75.0,-3.91,,,,,,,,,,,,,,,,,,,,,,,,,,,,,
Belagavi,B0098 mudalgi,C2746 waderatti,6013 waderatti,373,48.69,27.71,6013,10.0,85.0,2.42,,,,,,,,,,,,,,,,,,,,,,,,,,,,,
Belagavi,B0098 mudalgi,C2823 ghataprabha,4944 pamaldinni,178,32.78,21.3,4944,5.0,65.0,5.61,,,,,,,,,,,,,,,,,,,,,,,,,,,,,
Belagavi,B0098 mudalgi,C2896 mudalgi (urdu),2882 hunshyal pg,171,42.34,25.0,2882,10.0,80.0,0.53,,,,,,,,,,,,,,,,,,,,,,,,,,,,,
Belagavi,B0108 nippani,C0478 galatga,2028 galataga,406,40.94,29.3,2028,5.0,85.0,-3.07,,,,,,,,,,,,,,,,,,,,,,,,,,,,,
Belagavi,B0108 nippani,C1488 shiraguppi,213009640 gayakanawadi,88,78.52,14.59,213009640,58.5,95.0,4.36,,,,,,,,,,,,,,,,,,,,,,,,,,,,,
Belagavi,B0108 nippani,C1775 akkol,583 akkol,138,40.47,29.78,583,5.0,85.0,-3.56,,,,,,,,,,,,,,,,,,,,,,,,,,,,,
Belagavi,B0108 nippani,C1862 bedakihal,1114 bedkihal,204,32.48,25.03,1114,0.0,70.0,4.09,,,,,,,,,,,,,,,,,,,,,,,,,,,,,
Belagavi,B0108 nippani,C1862 bedakihal,5296 shaemanewadi,269,57.03,25.21,5296,20.0,90.0,-13.8,,,,,,,,,,,,,,,,,,,,,,,,,,,,,
Belagavi,B0108 nippani,C1874 benadi,1209 benadi,365,75.33,17.83,1209,50.0,95.0,3.48,,,,,,,,,,,,,,,,,,,,,,,,,,,,,
Belagavi,B0108 nippani,C1888 bhoj,1297 bhoj,193,71.84,17.17,1297,50.0,90.0,2.26,,,,,,,,,,,,,,,,,,,,,,,,,,,,,
Belagavi,B0108 nippani,C1906 borgaon,1401 borgaon,102,84.36,12.87,1401,70.0,100.0,2.93,,,,,,,,,,,,,,,,,,,,,,,,,,,,,
Belagavi,B0108 nippani,C1906 borgaon,3043 janawad,128,66.29,23.01,3043,35.0,95.0,-1.34,,,,,,,,,,,,,,,,,,,,,,,,,,,,,
Belagavi,B0108 nippani,C2263 karadga,213009363 dhonewadi,77,65.71,17.39,213009363,45.0,90.0,5.6,,,,,,,,,,,,,,,,,,,,,,,,,,,,,
Belagavi,B0108 nippani,C2263 karadga,3420 karadga,201,58.28,21.95,3420,35.0,90.0,-4.53,,,,,,,,,,,,,,,,,,,,,,,,,,,,,
Belagavi,B0108 nippani,C2263 karadga,5344 shiradawad,160,63.84,20.31,5344,39.5,90.5,-0.74,,,,,,,,,,,,,,,,,,,,,,,,,,,,,
Belagavi,B0108 nippani,C2304 kognoli,3673 koganoli,13,88.46,8.26,3673,80.0,95.0,5.95,,,,,,,,,,,,,,,,,,,,,,,,,,,,,
Belagavi,B0108 nippani,C2342 kurli,3934 kurli,84,81.9,14.1,3934,61.5,100.0,3.41,,,,,,,,,,,,,,,,,,,,,,,,,,,,,
Belagavi,B0108 nippani,C2401 manakapur,4215 manakapur,151,78.87,18.14,4215,55.0,100.0,-7.27,,,,,,,,,,,,,,,,,,,,,,,,,,,,,
Belagavi,B0108 nippani,C2405 mangur,4250 mangur,43,82.21,13.77,4250,60.0,99.0,5.51,,,,,,,,,,,,,,,,,,,,,,,,,,,,,
Belagavi,B0108 nippani,C2611 shirpewadi,3053 jatrat,128,68.16,15.95,3053,45.0,85.0,9.5,,,,,,,,,,,,,,,,,,,,,,,,,,,,,
Belagavi,B0108 nippani,C2611 shirpewadi,3989 lakhanapur,73,75.68,17.35,3989,50.0,95.0,-5.77,,,,,,,,,,,,,,,,,,,,,,,,,,,,,
Belagavi,B0108 nippani,C2638 soundalga,526 adi,122,57.62,27.1,526,25.0,95.0,4.17,,,,,,,,,,,,,,,,,,,,,,,,,,,,,
Belagavi,B0108 nippani,C2638 soundalga,5493 soundalga,228,67.5,24.77,5493,25.0,95.0,-1.33,,,,,,,,,,,,,,,,,,,,,,,,,,,,,
Belagavi,B0108 nippani,C2763 yamagarni,6090 yamagarni,49,59.9,26.01,6090,19.0,90.0,-23.87,,,,,,,,,,,,,,,,,,,,,,,,,,,,,
Belagavi,B0108 nippani,C2906 nej,4791 nej,153,64.18,25.53,4791,26.0,95.0,0.58,,,,,,,,,,,,,,,,,,,,,,,,,,,,,
Belagavi,B0108 nippani,C2912 pattankudi,6107 yaranal,103,76.46,17.53,6107,50.0,99.0,-0.97,,,,,,,,,,,,,,,,,,,,,,,,,,,,,
Belagavi,B0108 nippani,C2928 shiragaon,5346 shiragaon,167,64.28,24.22,5346,30.0,95.0,-1.84,,,,,,,,,,,,,,,,,,,,,,,,,,,,,
Belagavi,B0110 raibag,C0710 hubbarwadi,2812 hubbarwadi,421,50.05,30.96,2812,5.0,90.0,-3.15,,,,,,,,,,,,,,,,,,,,,,,,,,,,,
Belagavi,B0110 raibag,C0710 hubbarwadi,4404 mekali,286,61.4,30.41,4404,20.0,100.0,-1.71,,,,,,,,,,,,,,,,,,,,,,,,,,,,,
Belagavi,B0110 raibag,C1308 nidagundi,6489 nidagundi,57,54.91,22.11,6489,28.0,85.0,4.87,,,,,,,,,,,,,,,,,,,,,,,,,,,,,
Belagavi,B0110 raibag,C1308 nidagundi,6590 morab,207,62.75,23.04,6590,30.0,90.0,-0.45,,,,,,,,,,,,,,,,,,,,,,,,,,,,,
Belagavi,B0110 raibag,C1777 alagawadi,591 alagawadi,260,50.85,24.89,591,19.5,85.0,3.09,,,,,,,,,,,,,,,,,,,,,,,,,,,,,
Belagavi,B0110 raibag,C1842 balligeri,2411 handigund,66,45.91,28.53,2411,7.5,85.0,2.4,,,,,,,,,,,,,,,,,,,,,,,,,,,,,
Belagavi,B0110 raibag,C1885 bhendawad,1287 bhendwad,291,59.88,28.03,1287,20.0,95.0,0.38,,,,,,,,,,,,,,,,,,,,,,,,,,,,,
Belagavi,B0110 raibag,C1885 bhendawad,213009355 mantur,176,36.7,25.29,213009355,5.0,75.0,6.62,,,,,,,,,,,,,,,,,,,,,,,,,,,,,
Belagavi,B0110 raibag,C1885 bhendawad,3480 katakabhavi,354,60.82,21.5,3480,30.0,90.0,-0.19,,,,,,,,,,,,,,,,,,,,,,,,,,,,,
Belagavi,B0110 raibag,C1994 diggewadi,1290 bhiradi,164,72.74,16.03,1290,55.0,90.0,1.87,,,,,,,,,,,,,,,,,,,,,,,,,,,,,
Belagavi,B0110 raibag,C1994 diggewadi,1847 diggewadi,63,75.87,17.93,1847,55.0,95.0,5.13,,,,,,,,,,,,,,,,,,,,,,,,,,,,,
Belagavi,B0110 raibag,C1994 diggewadi,213009353 yadrav,108,84.03,20.16,213009353,60.0,100.0,10.5,,,,,,,,,,,,,,,,,,,,,,,,,,,,,
Belagavi,B0110 raibag,C1994 diggewadi,213009354 jalalpur,133,70.79,20.48,213009354,41.0,95.0,0.33,,,,,,,,,,,,,,,,,,,,,,,,,,,,,
Belagavi,B0110 raibag,C2093 handigund,2411 handigund,136,62.79,25.46,2411,20.0,90.0,7.13,,,,,,,,,,,,,,,,,,,,,,,,,,,,,
Belagavi,B0110 raibag,C2093 handigund,3414 kappalaguddi,60,48.25,24.94,3414,20.0,85.5,5.14,,,,,,,,,,,,,,,,,,,,,,,,,,,,,
Belagavi,B0110 raibag,C2119 hidakal,2603 hidakal,396,66.29,22.21,2603,35.0,95.0,7.74,,,,,,,,,,,,,,,,,,,,,,,,,,,,,
Belagavi,B0110 raibag,C2295 khemlapur,213009352 yalparatti,181,45.61,24.72,213009352,15.0,80.0,6.91,,,,,,,,,,,,,,,,,,,,,,,,,,,,,
Belagavi,B0110 raibag,C2295 khemlapur,213009648 siddapur,73,65.34,20.08,213009648,40.0,85.0,-1.18,,,,,,,,,,,,,,,,,,,,,,,,,,,,,
Belagavi,B0110 raibag,C2295 khemlapur,3596 khemlapur,169,42.96,26.76,3596,10.0,80.0,10.7,,,,,,,,,,,,,,,,,,,,,,,,,,,,,
Belagavi,B0110 raibag,C2337 kuligodd,213009639 ebaratti,52,52.88,24.32,213009639,25.0,85.0,3.3,,,,,,,,,,,,,,,,,,,,,,,,,,,,,
Belagavi,B0110 raibag,C2337 kuligodd,3700 koligudda,150,43.13,29.81,3700,5.0,85.5,8.04,,,,,,,,,,,,,,,,,,,,,,,,,,,,,
Belagavi,B0110 raibag,C2478 nagral,1140 bekkeri,189,87.91,12.53,1140,75.0,100.0,2.88,,,,,,,,,,,,,,,,,,,,,,,,,,,,,
Belagavi,B0110 raibag,C2478 nagral,1435 byakud,179,40.53,26.56,1435,5.0,75.0,-3.7,,,,,,,,,,,,,,,,,,,,,,,,,,,,,
Belagavi,B0110 raibag,C2478 nagral,213009645 khanadal,93,61.13,26.0,213009645,26.0,90.0,-4.42,,,,,,,,,,,,,,,,,,,,,,,,,,,,,
Belagavi,B0110 raibag,C2478 nagral,6489 nidagundi,180,44.78,25.17,6489,10.0,80.0,2.14,,,,,,,,,,,,,,,,,,,,,,,,,,,,,
Belagavi,B0110 raibag,C2488 nandikurali,213009644 kempatti,94,42.39,26.54,213009644,5.0,80.0,9.29,,,,,,,,,,,,,,,,,,,,,,,,,,,,,
Belagavi,B0110 raibag,C2488 nandikurali,4722 nandikurli,332,53.7,25.15,4722,20.0,85.0,2.44,,,,,,,,,,,,,,,,,,,,,,,,,,,,,
Belagavi,B0110 raibag,C2497 naslapur,4758 nasalapur,168,61.04,25.24,4758,25.0,90.0,-2.8,,,,,,,,,,,,,,,,,,,,,,,,,,,,,
Belagavi,B0110 raibag,C2497 naslapur,5494 soundatti,43,72.33,14.45,5494,56.0,90.0,-2.27,,,,,,,,,,,,,,,,,,,,,,,,,,,,,
Belagavi,B0110 raibag,C2518 nilaji,213009649 suttatti,135,61.11,22.67,213009649,30.0,85.0,1.96,,,,,,,,,,,,,,,,,,,,,,,,,,,,,
Belagavi,B0110 raibag,C2518 nilaji,4856 nilji,354,51.17,26.39,4856,15.0,85.0,1.44,,,,,,,,,,,,,,,,,,,,,,,,,,,,,
Belagavi,B0110 raibag,C2518 nilaji,598 alaknur,260,41.83,29.16,598,5.0,85.0,5.65,,,,,,,,,,,,,,,,,,,,,,,,,,,,,
Belagavi,B0110 raibag,C2520 nipanal,4865 nipnal,368,41.93,24.92,4865,10.0,75.0,0.98,,,,,,,,,,,,,,,,,,,,,,,,,,,,,
Belagavi,B0110 raibag,C2529 palbhavi,213009643 kappalaguddi,55,38.09,26.24,213009643,10.0,75.0,-2.03,,,,,,,,,,,,,,,,,,,,,,,,,,,,,
Belagavi,B0110 raibag,C2529 palbhavi,4935 palbhavi,286,60.56,25.23,4935,20.0,90.0,1.06,,,,,,,,,,,,,,,,,,,,,,,,,,,,,
Belagavi,B0110 raibag,C2533 paramanandwadi,4957 paramanandwadi,169,54.17,25.12,4957,15.0,90.0,-0.01,,,,,,,,,,,,,,,,,,,,,,,,,,,,,
Belagavi,B0110 raibag,C2533 paramanandwadi,5348 shiragur,270,82.69,14.36,5348,65.0,100.0,-0.36,,,,,,,,,,,,,,,,,,,,,,,,,,,,,
Belagavi,B0110 raibag,C2595 savsuddi,2978 itanal,52,60.1,11.74,2978,50.0,75.0,-4.81,,,,,,,,,,,,,,,,,,,,,,,,,,,,,
Belagavi,B0110 raibag,C2595 savsuddi,5278 savasuddi,201,44.13,27.71,5278,10.0,85.0,0.19,,,,,,,,,,,,,,,,,,,,,,,,,,,,,
Belagavi,B0113 ramdurg,C1129 manihal,2138 gonnagar,245,75.33,18.56,2138,45.0,95.0,2.74,4.0,4.0,100.0,0.0,100.0,457.0,457.0,15.0,30.47,46.67,53.33,100.0,100.0,50.0,100.0,0.0,25.0,75.0,75.0,75.0,100.0,25.0,1.0,4.5,1.0,6.25,0.5,,114.2
Belagavi,B0113 ramdurg,C1129 manihal,2918 idagal,393,82.79,13.47,2918,65.0,100.0,-0.39,4.0,4.0,100.0,0.0,100.0,634.0,634.0,18.0,35.22,22.22,83.33,100.0,100.0,75.0,100.0,0.0,25.0,100.0,100.0,25.0,100.0,25.0,1.0,6.0,2.0,5.75,3.5,243.0,158.5
Belagavi,B0113 ramdurg,C1129 manihal,3632 kittur,396,70.71,19.42,3632,45.0,95.0,4.67,,,,,,,,,,,,,,,,,,,,,,,,,,,,,
Belagavi,B0113 ramdurg,C1129 manihal,4256 manihal,424,75.44,17.8,4256,50.0,95.0,4.27,4.0,3.0,75.0,25.0,100.0,652.0,425.0,14.0,30.36,78.57,57.14,100.0,100.0,66.67,100.0,0.0,0.0,100.0,66.67,66.67,100.0,0.0,1.0,5.33,1.0,8.67,1.0,,141.7
Belagavi,B0113 ramdurg,C1208 mudenur,213009595 obalapur,175,52.06,31.89,213009595,5.0,95.0,-0.29,,,,,,,,,,,,,,,,,,,,,,,,,,,,,
Belagavi,B0113 ramdurg,C1208 mudenur,2319 halagatti,416,64.44,22.46,2319,35.0,95.0,2.46,,,,,,,,,,,,,,,,,,,,,,,,,,,,,
Belagavi,B0113 ramdurg,C1208 mudenur,4504 mudenur,259,49.19,26.72,4504,15.0,85.0,-0.09,,,,,,,,,,,,,,,,,,,,,,,,,,,,,
Belagavi,B0113 ramdurg,C1625 turanur,2089 ghatakanur,301,63.06,24.89,2089,25.0,90.0,2.32,4.0,4.0,100.0,0.0,100.0,448.0,448.0,20.0,22.4,55.0,65.0,100.0,100.0,25.0,100.0,50.0,50.0,100.0,75.0,50.0,100.0,0.0,1.5,4.0,1.25,4.0,0.0,240.0,112.0
Belagavi,B0113 ramdurg,C1625 turanur,5836 turanur,444,74.86,24.48,5836,40.0,100.0,3.6,3.0,3.0,100.0,0.0,100.0,427.0,427.0,14.0,30.5,64.29,50.0,100.0,100.0,33.33,100.0,66.67,0.0,66.67,100.0,66.67,100.0,0.0,1.67,5.0,1.0,12.0,3.33,235.0,142.3
Belagavi,B0113 ramdurg,C1860 batakurki,1099 batakurki,320,40.42,27.59,1099,5.0,80.0,-0.25,8.0,7.0,87.5,12.5,100.0,1165.0,1063.0,31.0,34.29,19.35,58.06,100.0,100.0,85.71,100.0,28.57,0.0,85.71,100.0,28.57,71.43,16.67,1.14,5.86,1.86,7.14,2.14,244.0,151.9
Belagavi,B0113 ramdurg,C1860 batakurki,4757 narsapur,232,43.81,26.93,4757,10.0,80.0,1.51,,,,,,,,,,,,,,,,,,,,,,,,,,,,,
Belagavi,B0113 ramdurg,C2087 hanamapur,2434 hanumapur,328,50.61,28.12,2434,10.0,90.0,-4.32,,,,,,,,,,,,,,,,,,,,,,,,,,,,,
Belagavi,B0113 ramdurg,C2087 hanamapur,4718 nandihal,235,62.64,21.54,4718,35.0,90.0,5.99,,,,,,,,,,,,,,,,,,,,,,,,,,,,,
Belagavi,B0113 ramdurg,C2088 hanamsagar,1692 chunchanur,122,58.73,21.76,1692,30.0,85.0,3.61,,,,,,,,,,,,,,,,,,,,,,,,,,,,,
Belagavi,B0113 ramdurg,C2131 hirekoppa ks,2653 hirekop k.s.,450,55.17,23.76,2653,20.0,85.0,2.25,10.0,7.0,70.0,30.0,100.0,933.0,572.0,26.0,22.0,34.62,73.08,100.0,100.0,57.14,100.0,42.86,0.0,71.43,100.0,85.71,100.0,0.0,1.14,3.71,1.57,8.0,2.57,243.0,81.7
Belagavi,B0113 ramdurg,C2157 hosakoti,2776 hosa koti,461,71.02,18.46,2776,45.0,95.0,0.26,,,,,,,,,,,,,,,,,,,,,,,,,,,,,
Belagavi,B0113 ramdurg,C2157 hosakoti,5793 tondikatti,226,77.77,18.41,5793,55.0,100.0,3.61,,,,,,,,,,,,,,,,,,,,,,,,,,,,,
Belagavi,B0113 ramdurg,C2157 hosakoti,5856 udapudi,150,82.4,12.35,5856,65.0,100.0,3.87,,,,,,,,,,,,,,,,,,,,,,,,,,,,,
Belagavi,B0113 ramdurg,C2169 hulkund,1654 chippal katti,241,61.54,26.11,1654,25.0,95.0,3.04,,,,,,,,,,,,,,,,,,,,,,,,,,,,,
Belagavi,B0113 ramdurg,C2169 hulkund,2845 hulkund,240,68.94,19.38,2845,45.0,95.0,-2.34,,,,,,,,,,,,,,,,,,,,,,,,,,,,,
Belagavi,B0113 ramdurg,C2215 k.chandargi,2106 godachi,309,59.01,27.27,2106,20.0,95.0,-1.64,9.0,6.0,66.67,33.33,100.0,1012.0,475.0,16.0,29.69,56.25,62.5,100.0,100.0,83.33,100.0,16.67,0.0,100.0,100.0,83.33,83.33,0.0,1.17,3.33,1.0,5.83,2.83,236.0,79.2
Belagavi,B0113 ramdurg,C2215 k.chandargi,3119 k.chandargi,282,69.77,20.82,3119,40.0,95.0,-1.64,13.0,9.0,69.23,30.77,100.0,1818.0,1168.0,35.0,33.37,34.29,77.14,100.0,100.0,44.44,100.0,11.11,11.11,100.0,88.89,77.78,100.0,0.0,1.44,6.78,2.44,7.78,6.56,195.4,129.8
Belagavi,B0113 ramdurg,C2278 katkol,3490 katkol,357,55.53,25.74,3490,20.0,90.0,-1.02,,,,,,,,,,,,,,,,,,,,,,,,,,,,,
Belagavi,B0113 ramdurg,C2278 katkol,5798 torangatti,257,43.4,27.42,5798,10.0,85.0,-5.19,,,,,,,,,,,,,,,,,,,,,,,,,,,,,
Belagavi,B0113 ramdurg,C2441 mudakavi,2775 hosa keri,151,57.15,26.35,2775,20.0,90.0,-1.43,,,,,,,,,,,,,,,,,,,,,,,,,,,,,
Belagavi,B0113 ramdurg,C2441 mudakavi,4491 mudakavi,326,61.5,22.96,4491,30.0,90.0,2.39,,,,,,,,,,,,,,,,,,,,,,,,,,,,,
Belagavi,B0113 ramdurg,C2452 mullur,2336 hale torgal,314,39.14,25.16,2336,5.0,75.0,-1.17,,,,,,,,,,,,,,,,,,,,,,,,,,,,,
Belagavi,B0113 ramdurg,C2452 mullur,4544 mullur,376,70.89,21.2,4544,42.5,95.0,3.53,5.0,4.0,80.0,20.0,100.0,713.0,603.0,14.0,43.07,50.0,85.71,100.0,100.0,25.0,100.0,50.0,0.0,100.0,50.0,100.0,100.0,0.0,1.25,4.25,3.25,8.5,3.0,239.33,150.8
Belagavi,B0113 ramdurg,C2491 narasapur,1048 bannur,264,60.47,28.26,1048,16.5,90.0,-0.21,3.0,3.0,100.0,0.0,100.0,453.0,453.0,18.0,25.17,33.33,50.0,100.0,100.0,33.33,100.0,33.33,0.0,100.0,66.67,100.0,100.0,0.0,1.33,6.33,1.0,5.0,0.67,,151.0
Belagavi,B0113 ramdurg,C2491 narasapur,4757 narsapur,234,56.2,23.18,4757,21.5,85.0,-2.08,,,,,,,,,,,,,,,,,,,,,,,,,,,,,
Belagavi,B0113 ramdurg,C2574 salahalli,3600 khodampur,604,75.5,20.89,3600,45.0,100.0,2.23,,,,,,,,,,,,,,,,,,,,,,,,,,,,,
Belagavi,B0113 ramdurg,C2574 salahalli,5856 udapudi,129,89.03,9.84,5856,75.0,100.0,-0.65,,,,,,,,,,,,,,,,,,,,,,,,,,,,,
Belagavi,B0113 ramdurg,C2653 sunnal,3111 k. junipeth,251,28.92,24.7,3111,0.0,65.0,5.95,7.0,6.0,85.71,14.29,100.0,1034.0,938.0,14.0,67.0,42.86,57.14,100.0,100.0,50.0,83.33,83.33,0.0,100.0,83.33,100.0,83.33,16.67,1.17,5.83,1.17,7.0,2.33,243.33,156.3
Belagavi,B0113 ramdurg,C2653 sunnal,5554 sunnal,489,55.66,25.83,5554,20.0,90.0,-0.63,,,,,,,,,,,,,,,,,,,,,,,,,,,,,
Belagavi,B0113 ramdurg,C2654 sureban,5197 sangal,305,77.98,15.93,5197,60.0,95.0,1.1,3.0,3.0,100.0,0.0,100.0,529.0,529.0,16.0,33.06,37.5,62.5,100.0,100.0,33.33,100.0,100.0,33.33,100.0,66.67,100.0,100.0,0.0,1.0,4.33,1.0,7.67,0.0,,176.3
Belagavi,B0113 ramdurg,C2654 sureban,5561 sureban,329,74.42,22.43,5561,40.0,100.0,0.58,,,,,,,,,,,,,,,,,,,,,,,,,,,,,
Belagavi,B0113 ramdurg,C2654 sureban,849 avaradi,322,65.84,26.95,849,20.0,95.0,5.25,,,,,,,,,,,,,,,,,,,,,,,,,,,,,
Belagavi,B0113 ramdurg,C2838 hanamsagar,213009594 hanumasagar,128,69.96,18.87,213009594,45.0,85.0,-1.02,,,,,,,,,,,,,,,,,,,,,,,,,,,,,
Belagavi,B0130 soundatti,C0697 hoolikatti,2153 gorbal,99,75.15,15.21,2153,55.0,95.0,1.42,,,,,,,,,,,,,,,,,,,,,,,,,,,,,
Belagavi,B0130 soundatti,C0697 hoolikatti,2766 hooli katti,412,73.35,16.87,2766,50.0,95.0,-1.18,,,,,,,,,,,,,,,,,,,,,,,,,,,,,
Belagavi,B0130 soundatti,C0697 hoolikatti,3199 kagadal,137,83.8,16.2,3199,65.0,100.0,-1.84,4.0,4.0,100.0,0.0,100.0,597.0,597.0,23.0,25.96,30.43,52.17,100.0,100.0,75.0,100.0,0.0,0.0,100.0,75.0,100.0,100.0,0.0,2.0,5.5,2.0,9.0,5.25,241.0,149.2
Belagavi,B0130 soundatti,C0697 hoolikatti,5438 sirsangi,226,62.5,24.5,5438,30.0,95.0,-0.94,,,,,,,,,,,,,,,,,,,,,,,,,,,,,
Belagavi,B0130 soundatti,C0707 hosur,2805 hosur,291,60.22,24.22,2805,20.0,90.0,5.72,6.0,5.0,83.33,16.67,100.0,785.0,770.0,27.0,28.52,59.26,59.26,100.0,100.0,40.0,100.0,0.0,0.0,80.0,60.0,40.0,80.0,0.0,1.0,5.2,1.2,8.2,4.6,243.0,154.0
Belagavi,B0130 soundatti,C0707 hosur,5132 rudrapur,316,76.12,18.42,5132,55.0,100.0,5.04,4.0,4.0,100.0,0.0,100.0,245.0,245.0,12.0,20.42,25.0,33.33,100.0,100.0,75.0,100.0,0.0,0.0,100.0,100.0,100.0,100.0,0.0,1.0,2.75,1.25,7.5,3.0,,61.2
Belagavi,B0130 soundatti,C0745 inamhongal,2939 inam hongal,491,74.82,17.87,2939,50.0,95.0,4.64,,,,,,,,,,,,,,,,,,,,,,,,,,,,,
Belagavi,B0130 soundatti,C0745 inamhongal,5207 sangresh koppa,296,66.5,20.75,5207,35.0,95.0,-3.2,,,,,,,,,,,,,,,,,,,,,,,,,,,,,
Belagavi,B0130 soundatti,C1231 murgod,4326 markumbi,255,74.71,15.68,4326,52.0,90.0,2.13,,,,,,,,,,,,,,,,,,,,,,,,,,,,,
Belagavi,B0130 soundatti,C1231 murgod,4572 murgod,551,72.92,22.67,4572,35.0,95.0,0.34,12.0,9.0,75.0,25.0,100.0,1490.0,1138.0,39.0,29.18,51.28,41.03,100.0,100.0,44.44,100.0,22.22,11.11,100.0,77.78,66.67,88.89,11.11,1.78,5.33,1.0,9.11,0.67,233.0,126.4
Belagavi,B0130 soundatti,C1636 ugargol,1239 betsur,436,60.28,22.52,1239,30.0,90.0,4.86,,,,,,,,,,,,,,,,,,,,,,,,,,,,,
Belagavi,B0130 soundatti,C1636 ugargol,5874 ugargol,275,82.53,14.28,5874,65.0,100.0,2.09,,,,,,,,,,,,,,,,,,,,,,,,,,,,,
Belagavi,B0130 soundatti,C1809 aratagal,5654 teggihal,147,37.52,24.37,5654,5.0,70.0,-0.86,6.0,6.0,100.0,0.0,100.0,730.0,730.0,21.0,34.76,42.86,80.95,100.0,100.0,83.33,83.33,16.67,0.0,83.33,100.0,100.0,100.0,0.0,1.67,4.0,1.5,10.33,5.83,241.5,121.7
Belagavi,B0130 soundatti,C1809 aratagal,784 aratgal,389,67.28,21.79,784,40.0,95.0,2.38,,,,,,,,,,,,,,,,,,,,,,,,,,,,,
Belagavi,B0130 soundatti,C1918 chachadi,1463 chachadi,351,70.33,22.55,1463,40.0,95.0,6.0,2.0,2.0,100.0,0.0,100.0,558.0,558.0,21.0,26.57,33.33,76.19,100.0,100.0,50.0,100.0,0.0,50.0,100.0,100.0,100.0,100.0,0.0,3.5,7.5,1.5,8.5,2.5,,279.0
Belagavi,B0130 soundatti,C1918 chachadi,2495 haru goppa,120,47.88,22.83,2495,19.5,75.0,3.71,,,,,,,,,,,,,,,,,,,,,,,,,,,,,
Belagavi,B0130 soundatti,C1918 chachadi,2614 hire budnur,151,49.37,20.01,2614,25.0,80.0,0.16,,,,,,,,,,,,,,,,,,,,,,,,,,,,,
Belagavi,B0130 soundatti,C1918 chachadi,2941 inchal,362,56.96,23.76,2941,20.5,90.0,0.72,7.0,7.0,100.0,0.0,100.0,899.0,899.0,35.0,25.69,54.29,42.86,100.0,100.0,57.14,85.71,0.0,0.0,100.0,42.86,57.14,85.71,14.29,1.0,4.0,1.0,8.57,3.86,240.0,128.4
Belagavi,B0130 soundatti,C2126 hirebudanur,2614 hire budnur,233,54.27,30.16,2614,10.0,90.0,-9.1,,,,,,,,,,,,,,,,,,,,,,,,,,,,,
Belagavi,B0130 soundatti,C2126 hirebudanur,5597 tadaslur,123,31.99,25.32,5597,0.0,70.0,3.12,,,,,,,,,,,,,,,,,,,,,,,,,,,,,
Belagavi,B0130 soundatti,C2132 hirekumbi,1689 chulki,165,82.45,16.23,1689,60.0,100.0,-1.18,,,,,,,,,,,,,,,,,,,,,,,,,,,,,
Belagavi,B0130 soundatti,C2132 hirekumbi,2398 hanchinal,170,77.35,16.37,2398,60.0,95.0,4.06,4.0,4.0,100.0,0.0,100.0,710.0,710.0,17.0,41.76,23.53,58.82,100.0,100.0,50.0,100.0,25.0,25.0,100.0,100.0,100.0,75.0,25.0,1.5,6.0,3.5,6.25,6.0,244.67,177.5
Belagavi,B0130 soundatti,C2132 hirekumbi,2656 hirekumbi,392,66.45,22.54,2656,35.0,90.0,9.82,5.0,4.0,80.0,20.0,100.0,870.0,700.0,24.0,29.17,29.17,66.67,100.0,100.0,75.0,100.0,50.0,25.0,100.0,100.0,100.0,75.0,0.0,1.5,6.25,1.5,14.5,8.5,240.0,175.0
Belagavi,B0130 soundatti,C2148 hooli,2151 goravan kolla,260,72.87,18.93,2151,45.0,100.0,0.85,,,,,,,,,,,,,,,,,,,,,,,,,,,,,
Belagavi,B0130 soundatti,C2148 hooli,2765 hooli,248,69.21,20.67,2765,48.5,91.5,-2.44,5.0,3.0,60.0,40.0,100.0,851.0,661.0,17.0,38.88,41.18,58.82,100.0,100.0,100.0,100.0,0.0,0.0,100.0,100.0,100.0,100.0,33.33,1.0,6.0,1.0,10.33,4.67,240.5,220.3
Belagavi,B0130 soundatti,C2268 karikatti,3451 karikatti,417,76.34,17.55,3451,50.0,95.0,2.36,2.0,2.0,100.0,0.0,100.0,427.0,427.0,15.0,28.47,53.33,66.67,100.0,100.0,100.0,100.0,50.0,0.0,100.0,100.0,100.0,50.0,0.0,2.0,8.0,6.5,12.5,5.0,246.0,213.5
Belagavi,B0130 soundatti,C2268 karikatti,822 asundi,383,84.84,15.14,822,65.0,100.0,2.83,3.0,2.0,66.67,33.33,100.0,704.0,470.0,13.0,36.15,53.85,69.23,100.0,100.0,100.0,100.0,0.0,50.0,100.0,100.0,100.0,100.0,0.0,1.5,13.0,1.0,9.5,4.0,236.0,235.0
Belagavi,B0130 soundatti,C2592 sattigeri,4524 mugalihal,168,60.54,29.77,4524,18.5,95.0,-11.2,7.0,6.0,85.71,14.29,100.0,1027.0,826.0,20.0,41.3,25.0,60.0,100.0,100.0,83.33,83.33,0.0,0.0,100.0,83.33,100.0,100.0,0.0,1.67,3.83,4.67,10.17,1.67,240.5,137.7
Belagavi,B0130 soundatti,C2592 sattigeri,5267 sattigeri,356,74.62,19.8,5267,45.0,95.0,-0.32,11.0,8.0,72.73,27.27,100.0,1566.0,1134.0,36.0,31.5,38.89,58.33,100.0,100.0,87.5,87.5,25.0,25.0,87.5,87.5,87.5,87.5,12.5,1.12,4.25,1.25,7.5,7.5,242.0,141.8
Belagavi,B0130 soundatti,C2592 sattigeri,579 akki sagar,165,74.61,17.11,579,50.0,95.0,2.44,,,,,,,,,,,,,,,,,,,,,,,,,,,,,
Belagavi,B0130 soundatti,C2607 shindogi,213009372 bhandarahalli,415,52.89,20.82,213009372,25.0,80.0,4.9,7.0,6.0,85.71,14.29,100.0,1153.0,1086.0,27.0,40.22,33.33,81.48,100.0,100.0,50.0,83.33,0.0,0.0,100.0,100.0,100.0,100.0,0.0,1.0,5.33,1.17,10.17,4.83,240.0,181.0
Belagavi,B0130 soundatti,C2607 shindogi,5340 shindogi,352,75.82,16.07,5340,55.0,95.0,5.27,6.0,5.0,83.33,16.67,100.0,858.0,490.0,14.0,35.0,50.0,28.57,100.0,100.0,40.0,100.0,20.0,0.0,100.0,100.0,100.0,100.0,0.0,1.0,4.2,1.2,8.8,5.6,240.0,98.0
Belagavi,B0130 soundatti,C2619 shivapur,3811 kotur,326,62.96,22.02,3811,35.0,92.5,7.96,,,,,,,,,,,,,,,,,,,,,,,,,,,,,
Belagavi,B0130 soundatti,C2619 shivapur,4069 madamgeri,206,61.75,20.63,4069,35.0,92.5,-2.6,,,,,,,,,,,,,,,,,,,,,,,,,,,,,
Belagavi,B0130 soundatti,C2661 tallur,4048 mabanur,180,73.08,16.45,4048,50.0,90.0,1.85,4.0,3.0,75.0,25.0,100.0,767.0,560.0,13.0,43.08,30.77,61.54,66.67,100.0,66.67,66.67,0.0,0.0,66.67,66.67,100.0,100.0,0.0,1.0,5.0,1.0,9.67,2.67,243.0,186.7
Belagavi,B0130 soundatti,C2661 tallur,4110 madlur,144,87.5,10.05,4110,75.0,100.0,0.87,5.0,4.0,80.0,20.0,100.0,1077.0,1037.0,27.0,38.41,48.15,74.07,100.0,100.0,100.0,100.0,0.0,0.0,100.0,100.0,100.0,100.0,0.0,1.0,6.5,1.0,10.75,3.5,232.0,259.2
Belagavi,B0130 soundatti,C2661 tallur,5621 tallur,375,74.87,21.9,5621,45.0,100.0,4.17,6.0,5.0,83.33,16.67,100.0,790.0,748.0,27.0,27.7,37.04,74.07,100.0,100.0,100.0,80.0,20.0,20.0,80.0,100.0,80.0,100.0,20.0,1.6,3.8,2.8,7.8,3.0,240.5,149.6
Belagavi,B0130 soundatti,C2661 tallur,587 aladakatti,113,68.32,20.81,587,45.0,95.0,6.52,,,,,,,,,,,,,,,,,,,,,,,,,,,,,
Belagavi,B0130 soundatti,C2756 yakkundi,4201 mallur,229,76.7,15.24,4201,55.0,95.0,4.56,5.0,5.0,100.0,0.0,100.0,677.0,677.0,26.0,26.04,53.85,57.69,100.0,100.0,80.0,100.0,40.0,20.0,100.0,80.0,100.0,100.0,0.0,1.0,5.0,1.6,10.4,2.0,,135.4
Belagavi,B0130 soundatti,C2756 yakkundi,6061 yakkundi,373,83.27,14.29,6061,65.0,100.0,2.59,7.0,7.0,100.0,0.0,100.0,1081.0,1081.0,39.0,27.72,71.79,66.67,100.0,100.0,42.86,85.71,0.0,14.29,100.0,85.71,71.43,85.71,28.57,1.29,4.57,1.14,9.29,4.71,239.33,154.4
Belagavi,B0130 soundatti,C2756 yakkundi,916 badli,271,85.92,14.03,916,65.0,100.0,3.39,2.0,2.0,100.0,0.0,100.0,332.0,332.0,9.0,36.89,44.44,44.44,100.0,100.0,100.0,100.0,0.0,0.0,100.0,100.0,100.0,100.0,0.0,1.0,6.5,1.0,7.5,9.0,,166.0
Belagavi,B0130 soundatti,C2765 yarazarvi,3148 kadabi,187,81.1,15.65,3148,60.0,100.0,-1.17,5.0,5.0,100.0,0.0,100.0,699.0,699.0,20.0,34.95,20.0,80.0,100.0,100.0,40.0,100.0,40.0,0.0,100.0,100.0,60.0,100.0,0.0,1.2,3.8,1.0,8.4,7.2,237.0,139.8
Belagavi,B0130 soundatti,C2765 yarazarvi,6118 yarzarvi,396,81.52,17.49,6118,60.0,100.0,4.09,,,,,,,,,,,,,,,,,,,,,,,,,,,,,
Belagavi,B0130 soundatti,C2766 yargatti,5485 soppadla,255,42.24,28.99,5485,5.0,85.0,5.25,3.0,3.0,100.0,0.0,100.0,396.0,396.0,16.0,24.75,25.0,62.5,100.0,100.0,100.0,100.0,33.33,0.0,100.0,100.0,100.0,100.0,0.0,2.0,5.0,1.67,11.67,3.33,240.5,132.0
Belagavi,B0153 kittur,C0045 ambadgatti,5772 tigadolli,280,63.29,23.48,5772,30.0,90.0,2.8,4.0,3.0,75.0,25.0,100.0,447.0,315.0,12.0,26.25,33.33,58.33,100.0,100.0,100.0,100.0,33.33,33.33,100.0,66.67,100.0,100.0,0.0,1.33,2.67,1.0,8.0,2.67,242.0,105.0
Belagavi,B0153 kittur,C0045 ambadgatti,5875 ugarkhod,249,59.18,23.89,5875,25.0,90.0,-8.88,7.0,7.0,100.0,0.0,100.0,622.0,622.0,25.0,24.88,40.0,64.0,100.0,100.0,42.86,85.71,0.0,0.0,85.71,71.43,85.71,85.71,0.0,1.86,3.57,1.14,9.43,4.71,240.8,88.9
Belagavi,B0153 kittur,C0045 ambadgatti,648 ambadgatti,305,61.74,23.88,648,25.0,90.0,2.13,6.0,6.0,100.0,0.0,100.0,1187.0,1187.0,37.0,32.08,32.43,62.16,100.0,100.0,50.0,100.0,0.0,33.33,66.67,83.33,83.33,66.67,0.0,1.0,5.5,1.0,8.67,0.0,245.0,197.8
Belagavi,B0153 kittur,C0130 bailur,1758 degaon,423,61.56,25.39,1758,25.0,90.0,5.98,7.0,6.0,85.71,14.29,100.0,1204.0,624.0,28.0,22.29,57.14,75.0,100.0,100.0,83.33,100.0,16.67,0.0,66.67,66.67,100.0,100.0,0.0,1.33,3.0,2.17,7.17,2.0,237.0,104.0
Belagavi,B0153 kittur,C0130 bailur,939 bailur,288,60.95,23.42,939,30.0,90.0,0.91,3.0,2.0,66.67,33.33,100.0,689.0,443.0,18.0,24.61,44.44,61.11,100.0,100.0,50.0,100.0,0.0,50.0,100.0,100.0,50.0,100.0,0.0,2.0,9.0,1.0,9.5,0.0,,221.5
Belagavi,B0153 kittur,C0701 hosa kadarvalli,1789 devar shigihalli,272,58.36,26.38,1789,20.0,90.0,7.34,,,,,,,,,,,,,,,,,,,,,,,,,,,,,
Belagavi,B0153 kittur,C0701 hosa kadarvalli,2884 hunsikatti,257,47.8,30.19,2884,5.0,90.0,16.33,,,,,,,,,,,,,,,,,,,,,,,,,,,,,
Belagavi,B0153 kittur,C0701 hosa kadarvalli,3192 kadrolli,144,70.97,20.83,3192,40.0,95.0,9.54,5.0,3.0,60.0,40.0,100.0,658.0,402.0,21.0,19.14,52.38,38.1,100.0,100.0,100.0,100.0,33.33,0.0,100.0,100.0,100.0,66.67,0.0,1.0,5.67,1.33,8.33,4.0,240.0,134.0
Belagavi,B0153 kittur,C0701 hosa kadarvalli,5839 turmari,82,63.35,20.14,5839,35.5,90.0,3.07,4.0,3.0,75.0,25.0,100.0,478.0,272.0,10.0,27.2,10.0,20.0,100.0,100.0,66.67,100.0,0.0,0.0,100.0,66.67,33.33,66.67,0.0,1.0,4.67,4.0,6.67,2.67,245.0,90.7
Belagavi,B0153 kittur,C0848 kalbhavi,2672 hirenandihalli,324,68.33,21.43,2672,40.0,95.0,-3.03,3.0,3.0,100.0,0.0,100.0,479.0,479.0,19.0,25.21,36.84,57.89,100.0,100.0,66.67,100.0,66.67,0.0,100.0,100.0,66.67,100.0,0.0,1.67,2.67,1.0,8.33,5.33,240.0,159.7
Belagavi,B0153 kittur,C0848 kalbhavi,3229 kalabhavi,88,59.49,24.69,3229,28.5,90.0,-1.4,4.0,3.0,75.0,25.0,100.0,713.0,550.0,20.0,27.5,25.0,65.0,100.0,100.0,66.67,100.0,0.0,0.0,66.67,66.67,100.0,100.0,0.0,1.0,4.0,1.67,9.33,4.67,240.0,183.3
Belagavi,B0153 kittur,C0848 kalbhavi,3601 khodanpur,209,69.21,25.04,3601,25.0,95.0,0.18,4.0,3.0,75.0,25.0,100.0,626.0,482.0,15.0,32.13,20.0,46.67,100.0,100.0,66.67,100.0,0.0,0.0,100.0,100.0,66.67,100.0,0.0,1.67,4.33,1.67,7.67,8.0,,160.7
Belagavi,B0153 kittur,C0848 kalbhavi,5838 turkar shigihalli,236,54.98,25.09,5838,20.0,87.5,9.62,,,,,,,,,,,,,,,,,,,,,,,,,,,,,
Belagavi,B0153 kittur,C0848 kalbhavi,856 awaradi,361,61.83,24.57,856,25.0,95.0,0.75,,,,,,,,,,,,,,,,,,,,,,,,,,,,,
Belagavi,B0153 kittur,C1022 kulavalli,3862 kulavalli,453,69.5,17.98,3862,45.0,90.0,4.71,8.0,8.0,100.0,0.0,100.0,685.0,685.0,26.0,26.35,23.08,46.15,100.0,100.0,87.5,100.0,25.0,0.0,75.0,100.0,100.0,100.0,0.0,1.25,4.0,1.88,8.12,5.75,241.33,85.6
Belagavi,B0153 kittur,C1022 kulavalli,5838 turkar shigihalli,159,62.77,19.44,5838,35.0,90.0,5.84,,,,,,,,,,,,,,,,,,,,,,,,,,,,,
Belagavi,B0153 kittur,C2299 kittur,4833 nichanki,332,62.55,26.81,4833,20.0,95.0,-1.52,,,,,,,,,,,,,,,,,,,,,,,,,,,,,
Belagavi,B0153 kittur,C2366 m.k.hubli,1753 dastikoppa,221,78.24,14.33,1753,60.0,95.0,8.72,3.0,3.0,100.0,0.0,100.0,261.0,261.0,13.0,20.08,69.23,38.46,100.0,100.0,33.33,100.0,0.0,0.0,100.0,33.33,66.67,66.67,0.0,1.33,4.67,2.67,9.67,8.67,244.0,87.0
Belagavi,B0153 kittur,C2366 m.k.hubli,213009351 veerapura,144,81.39,14.53,213009351,60.0,95.0,3.56,2.0,2.0,100.0,0.0,100.0,288.0,288.0,13.0,22.15,46.15,61.54,100.0,100.0,50.0,100.0,0.0,0.0,100.0,100.0,100.0,100.0,0.0,2.0,11.5,1.5,6.5,0.0,,144.0
Bengaluru Rural,B0040 devanahalli,C0239 bidaluru,1309 bidaluru,362,87.25,12.46,1309,70.5,100.0,2.3,7.0,5.0,71.43,28.57,100.0,793.0,329.0,17.0,19.35,47.06,64.71,100.0,100.0,60.0,100.0,20.0,0.0,100.0,100.0,100.0,100.0,20.0,1.8,4.2,0.6,6.8,7.0,245.0,65.8
Bengaluru Rural,B0040 devanahalli,C0239 bidaluru,3430 karahalli,316,82.42,17.95,3430,55.0,100.0,4.71,8.0,8.0,100.0,0.0,100.0,416.0,416.0,24.0,17.33,62.5,70.83,100.0,100.0,50.0,100.0,0.0,12.5,75.0,87.5,100.0,100.0,0.0,1.12,4.12,0.75,8.12,8.75,243.25,52.0
Bengaluru Rural,B0040 devanahalli,C0247 bijjavara,1333 bijjavara,143,66.96,30.81,1333,20.0,100.0,5.93,,,,,,,,,,,,,,,,,,,,,,,,,,,,,
Bengaluru Rural,B0040 devanahalli,C0247 bijjavara,2486 harohalli,91,77.14,23.35,2486,45.0,100.0,0.2,5.0,5.0,100.0,0.0,100.0,109.0,109.0,10.0,10.9,70.0,60.0,100.0,100.0,80.0,100.0,40.0,0.0,80.0,80.0,100.0,100.0,0.0,1.8,2.4,0.0,2.8,6.4,240.0,21.8
Bengaluru Rural,B0040 devanahalli,C0247 bijjavara,3774 koramangala,151,76.99,21.84,3774,45.0,100.0,7.3,5.0,5.0,100.0,0.0,100.0,333.0,333.0,21.0,15.86,28.57,85.71,100.0,100.0,80.0,100.0,20.0,0.0,60.0,100.0,100.0,80.0,0.0,4.6,2.8,0.2,8.4,5.4,241.0,66.6
Bengaluru Rural,B0040 devanahalli,C0263 boodigere,1395 boodigere,202,84.26,14.13,1395,65.0,100.0,1.24,,,,,,,,,,,,,,,,,,,,,,,,,,,,,
Bengaluru Rural,B0040 devanahalli,C0263 boodigere,2049 gangavara,193,83.65,18.62,2049,60.0,100.0,3.51,,,,,,,,,,,,,,,,,,,,,,,,,,,,,
Bengaluru Rural,B0040 devanahalli,C0300 channahalli,1246 bettakote,367,58.79,27.24,1246,15.0,95.0,2.69,,,,,,,,,,,,,,,,,,,,,,,,,,,,,
Bengaluru Rural,B0040 devanahalli,C0300 channahalli,6570 channahalli,178,81.32,19.44,6570,60.0,100.0,5.5,,,,,,,,,,,,,,,,,,,,,,,,,,,,,
Bengaluru Rural,B0040 devanahalli,C0301 channarayapatna,1510 channarayapatna,123,81.02,16.85,1510,55.0,100.0,1.95,10.0,6.0,60.0,40.0,100.0,721.0,89.0,7.0,12.71,42.86,42.86,100.0,100.0,50.0,100.0,16.67,0.0,66.67,100.0,100.0,100.0,0.0,1.0,2.83,2.67,4.83,2.67,243.0,14.8
Bengaluru Rural,B0040 devanahalli,C0301 channarayapatna,6212 i basapura,126,85.16,16.59,6212,70.0,100.0,1.1,4.0,4.0,100.0,0.0,100.0,76.0,76.0,8.0,9.5,25.0,37.5,100.0,100.0,50.0,100.0,0.0,0.0,75.0,100.0,100.0,100.0,25.0,1.5,3.25,0.5,5.5,4.25,241.67,19.0
Bengaluru Rural,B0040 devanahalli,C0433 doddasanne,3386 kannamangala,208,83.8,14.01,3386,65.0,100.0,1.18,21.0,13.0,61.9,38.1,100.0,2330.0,398.0,27.0,14.74,77.78,59.26,100.0,100.0,61.54,100.0,7.69,0.0,76.92,100.0,84.62,92.31,0.0,1.23,2.46,3.08,6.0,5.08,242.2,30.6
Bengaluru Rural,B0040 devanahalli,C0433 doddasanne,731 anneshwara,416,86.42,15.11,731,65.0,100.0,2.27,9.0,7.0,77.78,22.22,100.0,744.0,453.0,19.0,23.84,84.21,63.16,100.0,100.0,85.71,85.71,14.29,0.0,100.0,100.0,85.71,100.0,28.57,2.0,4.29,1.71,8.0,8.43,243.0,64.7
Bengaluru Rural,B0040 devanahalli,C0533 gudlumuddenahalli,2209 gudlumuddenahalli,312,70.02,24.64,2209,30.0,95.0,0.23,,,,,,,,,,,,,,,,,,,,,,,,,,,,,
Bengaluru Rural,B0040 devanahalli,C0776 jalige,3024 jalige,556,82.6,17.72,3024,57.5,100.0,1.81,15.0,13.0,86.67,13.33,100.0,1187.0,801.0,31.0,25.84,64.52,54.84,100.0,100.0,38.46,100.0,7.69,7.69,61.54,100.0,76.92,100.0,7.69,1.23,3.85,1.38,5.08,3.54,239.0,61.6
Bengaluru Rural,B0040 devanahalli,C0961 koira,3682 koira,401,86.47,14.44,3682,65.0,100.0,0.95,12.0,12.0,100.0,0.0,100.0,257.0,257.0,24.0,10.71,37.5,29.17,100.0,100.0,41.67,100.0,58.33,0.0,66.67,100.0,91.67,91.67,0.0,1.17,2.58,0.0,4.17,3.75,240.0,21.4
Bengaluru Rural,B0040 devanahalli,C1030 kundana,3888 kundana,234,88.89,13.95,3888,65.0,100.0,-0.32,14.0,13.0,92.86,7.14,100.0,1064.0,662.0,45.0,14.71,42.22,66.67,100.0,100.0,69.23,84.62,30.77,15.38,61.54,100.0,69.23,92.31,0.0,2.62,3.77,0.23,6.38,4.08,238.2,50.9
Bengaluru Rural,B0040 devanahalli,C1030 kundana,6239 aluru duddanahalli,95,84.58,17.68,6239,59.0,100.0,6.8,,,,,,,,,,,,,,,,,,,,,,,,,,,,,
Bengaluru Rural,B0040 devanahalli,C1268 nalluru,4699 nalluru,208,85.36,13.86,4699,65.0,100.0,0.32,11.0,9.0,81.82,18.18,100.0,588.0,167.0,19.0,8.79,52.63,31.58,100.0,100.0,88.89,88.89,22.22,0.0,77.78,100.0,100.0,100.0,11.11,1.44,3.11,0.11,7.44,5.56,241.75,18.6
Bengaluru Rural,B0040 devanahalli,C1693 venkatagirikote,5989 venkatagirikote,244,85.12,14.32,5989,65.0,100.0,3.03,,,,,,,,,,,,,,,,,,,,,,,,,,,,,
Bengaluru Rural,B0040 devanahalli,C1693 venkatagirikote,854 avathi,178,85.53,13.69,854,65.0,100.0,-0.25,9.0,6.0,66.67,33.33,100.0,2074.0,181.0,14.0,12.93,64.29,42.86,83.33,100.0,100.0,100.0,16.67,0.0,66.67,100.0,83.33,100.0,0.0,1.67,3.17,0.17,5.33,4.5,243.0,30.2
Bengaluru Rural,B0040 devanahalli,C1700 vishwanathapura,6002 vishwanathapura,305,86.87,13.72,6002,65.0,100.0,1.45,,,,,,,,,,,,,,,,,,,,,,,,,,,,,
Bengaluru Rural,B0040 devanahalli,C1700 vishwanathapura,6239 aluru duddanahalli,123,87.28,13.22,6239,65.0,100.0,3.39,,,,,,,,,,,,,,,,,,,,,,,,,,,,,
Bengaluru Rural,B0040 devanahalli,C1747 yeliyuru,6079 yaliyuru,192,70.91,35.64,6079,0.0,100.0,8.25,8.0,6.0,75.0,25.0,100.0,441.0,194.0,13.0,14.92,76.92,46.15,100.0,100.0,66.67,100.0,0.0,0.0,66.67,83.33,66.67,100.0,0.0,2.0,3.17,0.0,3.0,1.67,243.67,32.3
Bengaluru Rural,B0040 devanahalli,C1747 yeliyuru,6198 mandibele,119,73.61,24.02,6198,39.0,95.0,7.84,8.0,7.0,87.5,12.5,100.0,556.0,121.0,13.0,9.31,61.54,69.23,100.0,100.0,42.86,100.0,0.0,0.0,71.43,85.71,71.43,100.0,14.29,1.43,3.43,2.57,3.71,0.0,241.33,17.3
Bengaluru Rural,B0040 devanahalli,C2571 sadahalli,3386 kannamangala,93,88.82,12.19,3386,70.0,100.0,-3.75,21.0,13.0,61.9,38.1,100.0,2330.0,398.0,27.0,14.74,77.78,59.26,100.0,100.0,61.54,100.0,7.69,0.0,76.92,100.0,84.62,92.31,0.0,1.23,2.46,3.08,6.0,5.08,242.2,30.6
Bengaluru Rural,B0042 doddaballapura,C0067 anjanamurthynagara,1742 dargajogihalli,51,64.22,24.81,1742,35.0,90.0,1.21,1.0,1.0,100.0,0.0,100.0,12.0,12.0,2.0,6.0,50.0,50.0,100.0,100.0,100.0,100.0,100.0,0.0,100.0,100.0,100.0,100.0,0.0,1.0,1.0,1.0,20.0,12.0,236.0,12.0
Bengaluru Rural,B0042 doddaballapura,C0067 anjanamurthynagara,1874 dodda tumkuru,108,63.15,25.83,1874,20.0,91.5,2.14,,,,,,,,,,,,,,,,,,,,,,,,,,,,,
Bengaluru Rural,B0042 doddaballapura,C0067 anjanamurthynagara,3169 kadanuru,79,50.63,26.75,3169,15.0,85.0,5.86,6.0,4.0,66.67,33.33,100.0,609.0,59.0,6.0,9.83,16.67,50.0,100.0,100.0,75.0,100.0,75.0,0.0,75.0,100.0,75.0,100.0,0.0,1.5,3.0,1.0,8.5,6.5,242.67,14.8
Bengaluru Rural,B0042 doddaballapura,C0083 aralumallige,4133 majara hosahalli,219,43.9,26.06,4133,10.0,80.0,0.88,10.0,8.0,80.0,20.0,100.0,722.0,397.0,24.0,16.54,54.17,50.0,100.0,100.0,75.0,100.0,75.0,25.0,87.5,100.0,87.5,100.0,37.5,1.0,3.88,0.38,14.0,9.12,240.5,49.6
Bengaluru Rural,B0042 doddaballapura,C0083 aralumallige,771 aralu mallige,245,59.78,26.62,771,20.0,90.0,7.63,,,,,,,,,,,,,,,,,,,,,,,,,,,,,
Bengaluru Rural,B0042 doddaballapura,C0095 aroodi,6275 hosahalli,272,44.78,23.75,6275,15.0,75.0,3.77,14.0,13.0,92.86,7.14,100.0,642.0,604.0,34.0,17.76,61.76,55.88,100.0,100.0,92.31,100.0,84.62,0.0,76.92,100.0,100.0,100.0,0.0,1.46,2.77,0.85,10.69,7.0,239.9,46.5
Bengaluru Rural,B0042 doddaballapura,C0095 aroodi,808 aroodi,357,53.38,25.99,808,20.0,87.0,8.55,,,,,,,,,,,,,,,,,,,,,,,,,,,,,
Bengaluru Rural,B0042 doddaballapura,C0177 bashettihalli,4133 majara hosahalli,117,63.08,26.3,4133,23.0,95.0,-5.94,10.0,8.0,80.0,20.0,100.0,722.0,397.0,24.0,16.54,54.17,50.0,100.0,100.0,75.0,100.0,75.0,25.0,87.5,100.0,87.5,100.0,37.5,1.0,3.88,0.38,14.0,9.12,240.5,49.6
Bengaluru Rural,B0042 doddaballapura,C0302 channaveeranahalli,5253 sasalu,299,50.75,25.01,5253,15.0,85.0,-0.15,18.0,18.0,100.0,0.0,100.0,455.0,455.0,36.0,12.64,19.44,44.44,100.0,100.0,61.11,100.0,72.22,0.0,77.78,88.89,100.0,100.0,5.56,1.11,2.22,3.39,11.17,5.83,239.93,25.3
Bengaluru Rural,B0042 doddaballapura,C0302 channaveeranahalli,5730 thippuru,110,45.82,26.54,5730,10.0,85.0,-4.23,12.0,12.0,100.0,0.0,100.0,233.0,233.0,21.0,11.1,23.81,33.33,100.0,100.0,83.33,91.67,91.67,0.0,91.67,100.0,83.33,100.0,0.0,1.33,2.0,1.75,10.58,5.58,239.67,19.4
Bengaluru Rural,B0042 doddaballapura,C0302 channaveeranahalli,6502 bhaktharahalli,164,57.29,23.92,6502,25.0,85.0,2.12,,,,,,,,,,,,,,,,,,,,,,,,,,,,,
Bengaluru Rural,B0042 doddaballapura,C0377 dargajogihalli,1742 dargajogihalli,47,76.28,21.61,1742,58.0,97.0,4.63,1.0,1.0,100.0,0.0,100.0,12.0,12.0,2.0,6.0,50.0,50.0,100.0,100.0,100.0,100.0,100.0,0.0,100.0,100.0,100.0,100.0,0.0,1.0,1.0,1.0,20.0,12.0,236.0,12.0
Bengaluru Rural,B0042 doddaballapura,C0377 dargajogihalli,3399 kantanakunte,184,47.2,23.05,3399,20.0,80.0,-6.34,13.0,12.0,92.31,7.69,100.0,1756.0,696.0,34.0,20.47,38.24,52.94,100.0,100.0,91.67,100.0,91.67,16.67,75.0,91.67,75.0,91.67,0.0,2.08,2.75,2.0,8.08,5.67,216.7,58.0
Bengaluru Rural,B0042 doddaballapura,C0377 dargajogihalli,6640 kodigehalli,241,57.8,24.44,6640,25.0,90.0,2.41,17.0,10.0,58.82,41.18,100.0,3196.0,791.0,38.0,20.82,63.16,76.32,100.0,100.0,80.0,100.0,90.0,20.0,70.0,100.0,50.0,80.0,22.22,5.2,4.3,0.9,9.2,4.8,233.67,79.1
Bengaluru Rural,B0042 doddaballapura,C0416 dodda ballapura town,2753 honnavara,69,62.68,22.79,2753,29.0,90.0,3.99,10.0,10.0,100.0,0.0,100.0,173.0,173.0,20.0,8.65,60.0,35.0,100.0,100.0,60.0,100.0,100.0,0.0,90.0,100.0,100.0,100.0,0.0,1.3,2.5,0.3,4.5,4.8,241.6,17.3
Bengaluru Rural,B0042 doddaballapura,C0416 dodda ballapura town,5818 tubagere,155,37.13,21.93,5818,10.0,70.0,1.54,,,,,,,,,,,,,,,,,,,,,,,,,,,,,
Bengaluru Rural,B0042 doddaballapura,C0417 dodda belavangala,1861 dodda belavangala,283,54.75,24.75,1861,20.0,85.0,-1.53,,,,,,,,,,,,,,,,,,,,,,,,,,,,,
Bengaluru Rural,B0042 doddaballapura,C0417 dodda belavangala,2301 hadripura,230,58.15,23.83,2301,25.0,90.0,4.7,7.0,7.0,100.0,0.0,100.0,195.0,195.0,18.0,10.83,22.22,66.67,100.0,100.0,71.43,85.71,100.0,0.0,71.43,100.0,85.71,100.0,28.57,1.29,2.29,0.29,21.29,8.57,242.33,27.9
Bengaluru Rural,B0042 doddaballapura,C0559 hadonahalli,3399 kantanakunte,91,42.75,35.65,3399,0.0,90.0,11.1,13.0,12.0,92.31,7.69,100.0,1756.0,696.0,34.0,20.47,38.24,52.94,100.0,100.0,91.67,100.0,91.67,16.67,75.0,91.67,75.0,91.67,0.0,2.08,2.75,2.0,8.08,5.67,216.7,58.0
Bengaluru Rural,B0042 doddaballapura,C0559 hadonahalli,6519 hadonahalli,128,54.06,27.07,6519,15.0,90.0,5.32,11.0,10.0,90.91,9.09,100.0,425.0,222.0,21.0,10.57,38.1,47.62,100.0,100.0,80.0,100.0,90.0,0.0,100.0,100.0,70.0,100.0,0.0,1.2,2.1,0.7,7.9,5.6,239.5,22.2
Bengaluru Rural,B0042 doddaballapura,C0591 hanabe,2381 hanabe,302,58.76,24.88,2381,20.5,90.0,-0.69,11.0,11.0,100.0,0.0,100.0,335.0,335.0,27.0,12.41,37.04,44.44,100.0,100.0,81.82,100.0,100.0,9.09,81.82,100.0,100.0,100.0,0.0,1.18,2.91,0.45,9.0,7.55,180.67,30.5
Bengaluru Rural,B0042 doddaballapura,C0591 hanabe,6685 kesturu,50,56.0,21.62,6685,25.0,80.5,0.16,,,,,,,,,,,,,,,,,,,,,,,,,,,,,
Bengaluru Rural,B0042 doddaballapura,C0639 heggadihalli,2558 heggadihalli,180,56.92,26.16,2558,20.0,90.0,-3.07,12.0,11.0,91.67,8.33,100.0,1194.0,191.0,19.0,10.05,36.84,73.68,100.0,100.0,81.82,100.0,100.0,9.09,90.91,90.91,90.91,100.0,9.09,1.18,2.09,0.18,12.55,4.73,216.33,17.4
Bengaluru Rural,B0042 doddaballapura,C0639 heggadihalli,3722 konaghatta,72,31.88,22.97,3722,5.0,65.0,-9.14,9.0,7.0,77.78,22.22,100.0,1123.0,471.0,21.0,22.43,61.9,71.43,100.0,100.0,85.71,85.71,100.0,14.29,85.71,100.0,85.71,85.71,14.29,1.57,5.14,0.29,6.57,7.43,235.33,67.3
Bengaluru Rural,B0042 doddaballapura,C0639 heggadihalli,4409 melekote,168,55.33,26.02,4409,15.0,85.0,-4.39,15.0,13.0,86.67,13.33,100.0,1426.0,322.0,26.0,12.38,46.15,57.69,100.0,100.0,100.0,100.0,100.0,7.69,92.31,100.0,84.62,100.0,23.08,1.31,2.54,0.77,14.08,8.31,219.6,24.8
Bengaluru Rural,B0042 doddaballapura,C0694 honnawara,2753 honnavara,119,75.55,20.6,2753,45.0,95.0,3.98,10.0,10.0,100.0,0.0,100.0,173.0,173.0,20.0,8.65,60.0,35.0,100.0,100.0,60.0,100.0,100.0,0.0,90.0,100.0,100.0,100.0,0.0,1.3,2.5,0.3,4.5,4.8,241.6,17.3
Bengaluru Rural,B0042 doddaballapura,C0703 hosahalli,6275 hosahalli,228,52.54,26.91,6275,15.0,85.0,4.7,14.0,13.0,92.86,7.14,100.0,642.0,604.0,34.0,17.76,61.76,55.88,100.0,100.0,92.31,100.0,84.62,0.0,76.92,100.0,100.0,100.0,0.0,1.46,2.77,0.85,10.69,7.0,239.9,46.5
Bengaluru Rural,B0042 doddaballapura,C0719 hulikunte,2839 hulikunte,330,56.39,26.73,2839,20.0,90.0,2.02,11.0,11.0,100.0,0.0,100.0,309.0,309.0,29.0,10.66,37.93,48.28,100.0,100.0,63.64,100.0,63.64,0.0,81.82,100.0,81.82,100.0,0.0,1.82,2.64,1.27,8.09,5.27,240.6,28.1
Bengaluru Rural,B0042 doddaballapura,C0719 hulikunte,5163 sakkaregollahalli,200,58.48,26.33,5163,20.0,90.5,-5.61,,,,,,,,,,,,,,,,,,,,,,,,,,,,,
Bengaluru Rural,B0042 doddaballapura,C0827 kadathippuru,6502 bhaktharahalli,104,80.14,17.78,6502,55.0,98.5,-7.03,,,,,,,,,,,,,,,,,,,,,,,,,,,,,
Bengaluru Rural,B0042 doddaballapura,C0880 kanasavadi,3349 kanasawadi,301,55.38,27.76,3349,15.0,90.0,8.32,,,,,,,,,,,,,,,,,,,,,,,,,,,,,
Bengaluru Rural,B0042 doddaballapura,C0932 kesthuru,6685 kesturu,112,65.85,26.53,6685,25.0,95.0,2.08,,,,,,,,,,,,,,,,,,,,,,,,,,,,,
Bengaluru Rural,B0042 doddaballapura,C1087 madhure kodihalli,1503 channadevi agrahara,213,58.03,26.98,1503,16.0,90.0,4.07,10.0,10.0,100.0,0.0,100.0,236.0,236.0,21.0,11.24,42.86,57.14,100.0,100.0,90.0,90.0,100.0,0.0,90.0,100.0,90.0,100.0,0.0,1.1,1.8,0.6,9.0,8.8,242.89,23.6
Bengaluru Rural,B0042 doddaballapura,C1180 melekote,4409 melekote,81,66.17,19.67,4409,40.0,90.0,4.6,15.0,13.0,86.67,13.33,100.0,1426.0,322.0,26.0,12.38,46.15,57.69,100.0,100.0,100.0,100.0,100.0,7.69,92.31,100.0,84.62,100.0,23.08,1.31,2.54,0.77,14.08,8.31,219.6,24.8
Bengaluru Rural,B0042 doddaballapura,C1180 melekote,5818 tubagere,135,39.89,26.0,5818,5.0,75.0,-1.99,,,,,,,,,,,,,,,,,,,,,,,,,,,,,
Bengaluru Rural,B0042 doddaballapura,C1238 muthasandra,5047 rajaghatta,101,57.48,19.83,5047,30.0,85.0,-11.72,13.0,8.0,61.54,38.46,100.0,1297.0,294.0,25.0,11.76,60.0,48.0,100.0,100.0,100.0,100.0,87.5,12.5,87.5,100.0,87.5,100.0,12.5,1.38,3.88,0.5,12.25,9.62,243.0,36.8
Bengaluru Rural,B0042 doddaballapura,C1379 rajaghatta,3722 konaghatta,111,51.35,27.1,3722,15.0,90.0,-1.97,9.0,7.0,77.78,22.22,100.0,1123.0,471.0,21.0,22.43,61.9,71.43,100.0,100.0,85.71,85.71,100.0,14.29,85.71,100.0,85.71,85.71,14.29,1.57,5.14,0.29,6.57,7.43,235.33,67.3
Bengaluru Rural,B0042 doddaballapura,C1379 rajaghatta,5047 rajaghatta,47,76.38,17.09,5047,53.0,97.0,-11.11,13.0,8.0,61.54,38.46,100.0,1297.0,294.0,25.0,11.76,60.0,48.0,100.0,100.0,100.0,100.0,87.5,12.5,87.5,100.0,87.5,100.0,12.5,1.38,3.88,0.5,12.25,9.62,243.0,36.8
Bengaluru Rural,B0042 doddaballapura,C1418 s s ghati,4416 melinajuganahalli,439,53.27,26.77,4416,15.0,90.0,2.86,,,,,,,,,,,,,,,,,,,,,,,,,,,,,
Bengaluru Rural,B0042 doddaballapura,C1418 s s ghati,6519 hadonahalli,65,63.46,27.26,6519,15.0,95.0,-0.1,11.0,10.0,90.91,9.09,100.0,425.0,222.0,21.0,10.57,38.1,47.62,100.0,100.0,80.0,100.0,90.0,0.0,100.0,100.0,70.0,100.0,0.0,1.2,2.1,0.7,7.9,5.6,239.5,22.2
Bengaluru Rural,B0042 doddaballapura,C1429 sakkare gollahalli,5163 sakkaregollahalli,127,65.91,23.26,5163,30.0,92.0,-3.66,,,,,,,,,,,,,,,,,,,,,,,,,,,,,
Bengaluru Rural,B0042 doddaballapura,C1456 sasalu,5253 sasalu,140,67.86,23.11,5253,35.0,95.0,1.21,18.0,18.0,100.0,0.0,100.0,455.0,455.0,36.0,12.64,19.44,44.44,100.0,100.0,61.11,100.0,72.22,0.0,77.78,88.89,100.0,100.0,5.56,1.11,2.22,3.39,11.17,5.83,239.93,25.3
Bengaluru Rural,B0042 doddaballapura,C1604 thippuru,5730 thippuru,241,53.36,26.48,5730,15.0,85.0,-2.24,12.0,12.0,100.0,0.0,100.0,233.0,233.0,21.0,11.1,23.81,33.33,100.0,100.0,83.33,91.67,91.67,0.0,91.67,100.0,83.33,100.0,0.0,1.33,2.0,1.75,10.58,5.58,239.67,19.4
Bengaluru Rural,B0042 doddaballapura,C1623 tubugere,5818 tubagere,187,53.05,27.82,5818,18.0,90.0,-7.21,,,,,,,,,,,,,,,,,,,,,,,,,,,,,
Bengaluru Rural,B0064 hosakote,C0031 alappanahalli,3869 kumbalahalli,325,47.48,27.75,3869,10.0,85.0,9.71,8.0,7.0,87.5,12.5,100.0,508.0,375.0,25.0,15.0,84.0,64.0,100.0,100.0,57.14,100.0,28.57,14.29,100.0,100.0,28.57,85.71,14.29,1.71,5.29,0.0,24.57,0.0,,53.6
Bengaluru Rural,B0064 hosakote,C0031 alappanahalli,3996 lakkondahalli,242,56.74,26.7,3996,20.0,90.0,4.14,10.0,8.0,80.0,20.0,100.0,594.0,175.0,17.0,10.29,88.24,23.53,100.0,100.0,50.0,100.0,0.0,0.0,100.0,100.0,37.5,100.0,12.5,1.25,3.0,0.0,16.62,1.0,230.5,21.9
Bengaluru Rural,B0064 hosakote,C0186 beguru,3320 kambalipura,379,57.99,26.55,3320,20.0,90.0,1.64,13.0,11.0,84.62,15.38,100.0,2598.0,494.0,22.0,22.45,54.55,72.73,100.0,100.0,72.73,100.0,0.0,0.0,81.82,100.0,81.82,90.91,18.18,1.09,3.09,0.55,10.0,5.0,240.29,44.9
Bengaluru Rural,B0064 hosakote,C0186 beguru,6179 chokkahalli,127,47.8,29.02,6179,10.0,90.0,9.72,12.0,9.0,75.0,25.0,100.0,1961.0,528.0,22.0,24.0,86.36,59.09,100.0,100.0,77.78,100.0,0.0,0.0,100.0,100.0,77.78,88.89,0.0,1.89,3.78,0.11,18.67,3.67,241.67,58.7
Bengaluru Rural,B0064 hosakote,C0210 bendiganahalli,1859 dodda aralagere,184,53.37,26.11,1859,15.0,90.0,8.05,,,,,,,,,,,,,,,,,,,,,,,,,,,,,
Bengaluru Rural,B0064 hosakote,C0210 bendiganahalli,2983 ittasandra,226,57.96,28.71,2983,15.0,95.0,9.08,11.0,9.0,81.82,18.18,100.0,669.0,314.0,20.0,15.7,70.0,70.0,100.0,100.0,88.89,88.89,22.22,0.0,100.0,100.0,77.78,88.89,0.0,1.33,3.0,0.44,10.22,2.44,244.33,34.9
Bengaluru Rural,B0064 hosakote,C0277 bylanarasapura,1446 bylanarasapura,232,55.24,22.36,1446,25.0,80.0,1.85,4.0,4.0,100.0,0.0,100.0,288.0,288.0,13.0,22.15,69.23,53.85,100.0,100.0,50.0,75.0,0.0,25.0,75.0,100.0,50.0,75.0,0.0,2.25,4.75,0.0,14.5,0.0,244.0,72.0
Bengaluru Rural,B0064 hosakote,C0277 bylanarasapura,6170 hettakki,296,62.5,27.03,6170,20.0,95.0,7.4,9.0,9.0,100.0,0.0,100.0,219.0,219.0,16.0,13.69,31.25,50.0,100.0,100.0,44.44,100.0,11.11,0.0,77.78,100.0,77.78,100.0,22.22,1.67,1.89,0.22,16.67,3.89,241.67,24.3
Bengaluru Rural,B0064 hosakote,C0277 bylanarasapura,6443 nelavagilu,144,54.24,28.3,6443,16.5,95.0,3.23,9.0,8.0,88.89,11.11,100.0,211.0,206.0,11.0,18.73,63.64,81.82,100.0,100.0,25.0,100.0,12.5,0.0,100.0,100.0,87.5,100.0,0.0,1.0,2.12,0.38,10.38,5.75,183.25,25.8
Bengaluru Rural,B0064 hosakote,C0388 devanagundi,1778 devanagundi,288,62.33,23.97,1778,28.5,91.5,-1.69,12.0,8.0,66.67,33.33,100.0,1722.0,568.0,20.0,28.4,50.0,45.0,100.0,100.0,37.5,100.0,50.0,12.5,100.0,100.0,87.5,87.5,0.0,1.88,3.25,0.62,19.5,0.5,,71.0
Bengaluru Rural,B0064 hosakote,C0388 devanagundi,743 anugondanahalli,187,57.7,26.81,743,20.0,92.0,3.59,9.0,6.0,66.67,33.33,100.0,1453.0,231.0,11.0,21.0,63.64,27.27,100.0,100.0,0.0,83.33,0.0,0.0,83.33,100.0,33.33,66.67,16.67,1.17,2.83,0.0,24.5,0.0,,38.5
Bengaluru Rural,B0064 hosakote,C0425 doddagattiganabbe,1865 dodda gattiganabbe,337,53.49,27.0,1865,15.0,90.0,10.19,,,,,,,,,,,,,,,,,,,,,,,,,,,,,
Bengaluru Rural,B0064 hosakote,C0425 doddagattiganabbe,5944 vagata,203,49.04,24.39,5944,15.0,84.0,1.02,13.0,11.0,84.62,15.38,100.0,856.0,279.0,18.0,15.5,61.11,61.11,100.0,100.0,36.36,100.0,18.18,0.0,90.91,100.0,63.64,90.91,0.0,1.45,3.09,1.18,11.82,4.0,239.5,25.4
Bengaluru Rural,B0064 hosakote,C0428 doddahulluru,1868 dodda hulluru,307,40.7,25.43,1868,10.0,75.0,1.46,,,,,,,,,,,,,,,,,,,,,,,,,,,,,
Bengaluru Rural,B0064 hosakote,C0428 doddahulluru,6179 chokkahalli,236,48.88,28.45,6179,15.0,90.0,0.51,12.0,9.0,75.0,25.0,100.0,1961.0,528.0,22.0,24.0,86.36,59.09,100.0,100.0,77.78,100.0,0.0,0.0,100.0,100.0,77.78,88.89,0.0,1.89,3.78,0.11,18.67,3.67,241.67,58.7
Bengaluru Rural,B0064 hosakote,C0432 doddanallala,1872 dodda nallala,166,49.4,26.54,1872,10.0,85.0,2.09,,,,,,,,,,,,,,,,,,,,,,,,,,,,,
Bengaluru Rural,B0064 hosakote,C0432 doddanallala,4906 orohalli,117,57.01,22.56,4906,28.0,85.0,0.12,10.0,10.0,100.0,0.0,100.0,249.0,249.0,18.0,13.83,66.67,55.56,100.0,100.0,20.0,100.0,20.0,0.0,70.0,70.0,40.0,90.0,0.0,1.7,2.5,0.0,17.4,0.8,,24.9
Bengaluru Rural,B0064 hosakote,C0766 jadigenahalli,3000 jadigenahalli,71,51.97,26.14,3000,20.0,90.0,6.8,9.0,6.0,66.67,33.33,100.0,1189.0,196.0,11.0,17.82,63.64,81.82,100.0,100.0,100.0,83.33,0.0,0.0,83.33,100.0,100.0,100.0,33.33,1.33,1.67,0.0,14.17,1.67,243.5,32.7
Bengaluru Rural,B0064 hosakote,C0766 jadigenahalli,3585 khaji hosahalli,223,43.39,27.59,3585,5.0,80.0,-5.03,,,,,,,,,,,,,,,,,,,,,,,,,,,,,
Bengaluru Rural,B0064 hosakote,C0766 jadigenahalli,4906 orohalli,17,86.76,9.67,4906,75.0,100.0,4.29,10.0,10.0,100.0,0.0,100.0,249.0,249.0,18.0,13.83,66.67,55.56,100.0,100.0,20.0,100.0,20.0,0.0,70.0,70.0,40.0,90.0,0.0,1.7,2.5,0.0,17.4,0.8,,24.9
Bengaluru Rural,B0064 hosakote,C0852 kalkunte,2038 ganagaluru,212,57.55,28.33,2038,15.5,95.0,3.12,8.0,7.0,87.5,12.5,100.0,519.0,320.0,16.0,20.0,31.25,31.25,100.0,100.0,42.86,71.43,28.57,0.0,85.71,100.0,85.71,100.0,0.0,1.86,4.14,0.0,15.0,1.57,243.0,45.7
Bengaluru Rural,B0064 hosakote,C0852 kalkunte,3265 kalkunte agrahara,142,49.72,28.14,3265,5.0,85.0,7.32,4.0,4.0,100.0,0.0,100.0,398.0,398.0,12.0,33.17,33.33,83.33,100.0,100.0,50.0,100.0,0.0,0.0,25.0,100.0,75.0,100.0,25.0,3.25,4.75,0.0,18.75,0.0,,99.5
Bengaluru Rural,B0064 hosakote,C1216 mugabala,4521 mugabala,384,52.55,27.85,4521,15.0,90.0,3.94,13.0,12.0,92.31,7.69,100.0,524.0,401.0,25.0,16.04,84.0,40.0,100.0,100.0,50.0,91.67,0.0,8.33,91.67,100.0,83.33,83.33,16.67,1.67,2.83,0.33,15.92,3.67,243.0,33.4
Bengaluru Rural,B0064 hosakote,C1271 nandagudi,4704 nandagudi,346,57.11,27.47,4704,20.0,95.0,-4.92,19.0,13.0,68.42,31.58,100.0,1889.0,860.0,30.0,28.67,63.33,63.33,100.0,100.0,46.15,84.62,7.69,15.38,61.54,100.0,84.62,76.92,8.33,1.85,2.77,0.92,18.92,3.69,160.67,66.2
Bengaluru Rural,B0064 hosakote,C1301 nelavagilu,6443 nelavagilu,71,67.46,27.88,6443,20.0,95.0,7.44,9.0,8.0,88.89,11.11,100.0,211.0,206.0,11.0,18.73,63.64,81.82,100.0,100.0,25.0,100.0,12.5,0.0,100.0,100.0,87.5,100.0,0.0,1.0,2.12,0.38,10.38,5.75,183.25,25.8
Bengaluru Rural,B0064 hosakote,C1435 samethanahalli,4590 muthsandra,298,52.92,28.54,4590,15.0,95.0,1.79,14.0,6.0,42.86,57.14,100.0,2972.0,279.0,13.0,21.46,61.54,46.15,100.0,100.0,66.67,83.33,0.0,16.67,83.33,100.0,100.0,100.0,0.0,1.33,2.5,0.5,12.83,2.67,241.0,46.5
Bengaluru Rural,B0064 hosakote,C1435 samethanahalli,5185 samethanahalli,531,55.7,25.94,5185,20.0,90.0,-0.3,16.0,5.0,31.25,68.75,100.0,4797.0,676.0,26.0,26.0,73.08,69.23,100.0,100.0,40.0,80.0,0.0,20.0,100.0,100.0,100.0,100.0,0.0,3.0,5.2,2.8,19.0,3.0,236.5,135.2
Bengaluru Rural,B0064 hosakote,C1495 shivanapura,5381 shivanapura,399,49.94,28.93,5381,10.0,90.0,0.98,10.0,9.0,90.0,10.0,100.0,512.0,170.0,12.0,14.17,58.33,58.33,100.0,100.0,66.67,100.0,0.0,11.11,77.78,100.0,88.89,100.0,0.0,1.78,1.78,0.11,14.33,3.56,243.5,18.9
Bengaluru Rural,B0064 hosakote,C1541 sulibele,2098 giddappanahalli,268,54.44,28.72,2098,15.0,95.0,7.75,12.0,11.0,91.67,8.33,100.0,450.0,346.0,20.0,17.3,60.0,60.0,100.0,100.0,45.45,90.91,9.09,9.09,81.82,100.0,72.73,81.82,0.0,1.55,3.18,0.09,14.73,2.18,135.0,31.5
Bengaluru Rural,B0064 hosakote,C1541 sulibele,5531 sulibele,292,49.21,26.65,5531,15.0,85.0,9.62,13.0,8.0,61.54,38.46,100.0,1840.0,1135.0,41.0,27.68,56.1,58.54,100.0,100.0,87.5,100.0,50.0,50.0,75.0,87.5,87.5,75.0,14.29,3.62,6.75,0.0,9.62,1.25,235.67,141.9
Bengaluru Rural,B0064 hosakote,C1552 t agrahara,1859 dodda aralagere,82,74.88,23.7,1859,36.0,95.0,-0.25,,,,,,,,,,,,,,,,,,,,,,,,,,,,,
Bengaluru Rural,B0064 hosakote,C1595 thavarekere,1872 dodda nallala,128,63.28,26.86,1872,25.0,95.0,3.26,,,,,,,,,,,,,,,,,,,,,,,,,,,,,
Bengaluru Rural,B0064 hosakote,C1595 thavarekere,6386 thavarekere,310,45.97,27.34,6386,10.0,80.0,4.56,10.0,7.0,70.0,30.0,100.0,1722.0,324.0,14.0,23.14,50.0,85.71,100.0,100.0,28.57,100.0,14.29,0.0,85.71,100.0,100.0,85.71,0.0,2.0,3.29,0.0,19.43,2.86,242.0,46.3
Bengaluru Rural,B0064 hosakote,C1685 vagata,5944 vagata,117,61.92,28.14,5944,18.0,95.0,1.45,13.0,11.0,84.62,15.38,100.0,856.0,279.0,18.0,15.5,61.11,61.11,100.0,100.0,36.36,100.0,18.18,0.0,90.91,100.0,63.64,90.91,0.0,1.45,3.09,1.18,11.82,4.0,239.5,25.4
Bengaluru Rural,B0107 nelamangala,C0019 agalakuppe,537 agalakuppe,336,63.48,24.26,537,25.0,90.0,2.39,16.0,15.0,93.75,6.25,100.0,2230.0,470.0,39.0,12.05,71.79,43.59,100.0,100.0,66.67,100.0,73.33,6.67,80.0,93.33,80.0,93.33,6.67,1.53,2.47,0.13,6.53,6.47,222.23,31.3
Bengaluru Rural,B0107 nelamangala,C0087 arasinakunte,6281 gollahalli,260,59.62,23.33,6281,25.0,90.0,-1.89,9.0,9.0,100.0,0.0,100.0,285.0,285.0,19.0,15.0,52.63,15.79,100.0,100.0,77.78,100.0,11.11,11.11,88.89,100.0,88.89,100.0,11.11,1.11,2.67,1.11,5.56,4.78,236.0,31.7
Bengaluru Rural,B0107 nelamangala,C0088 arebommanahalli,3866 kuluvanahalli,169,62.87,24.09,3866,30.0,90.0,4.15,13.0,13.0,100.0,0.0,100.0,322.0,322.0,27.0,11.93,62.96,37.04,100.0,100.0,84.62,92.31,38.46,15.38,69.23,100.0,100.0,100.0,0.0,1.08,1.77,0.69,7.38,6.0,240.36,24.8
Bengaluru Rural,B0107 nelamangala,C0088 arebommanahalli,786 arebommanahalli,307,58.81,22.55,786,25.0,85.0,4.14,15.0,15.0,100.0,0.0,100.0,370.0,370.0,35.0,10.57,45.71,25.71,100.0,100.0,73.33,100.0,73.33,6.67,53.33,100.0,86.67,93.33,0.0,1.2,2.93,1.13,5.73,5.13,240.56,24.7
Bengaluru Rural,B0107 nelamangala,C0174 basavanahalli,213009346 kanegondanahall,208,51.25,25.04,213009346,20.0,85.0,5.53,,,,,,,,,,,,,,,,,,,,,,,,,,,,,
Bengaluru Rural,B0107 nelamangala,C0174 basavanahalli,6003 vishweshwarapura,66,63.86,28.08,6003,25.0,95.0,4.76,,,,,,,,,,,,,,,,,,,,,,,,,,,,,
Bengaluru Rural,B0107 nelamangala,C0261 bommanahalli,1298 bhoodihal,466,55.98,25.05,1298,20.0,85.0,0.41,,,,,,,,,,,,,,,,,,,,,,,,,,,,,
Bengaluru Rural,B0107 nelamangala,C0418 dodda bele,1885 doddabele,193,66.01,22.28,1885,35.0,90.0,-3.99,8.0,8.0,100.0,0.0,100.0,181.0,181.0,16.0,11.31,43.75,50.0,100.0,100.0,87.5,87.5,100.0,0.0,87.5,100.0,87.5,100.0,0.0,1.12,2.38,0.25,6.25,4.5,218.5,22.6
Bengaluru Rural,B0107 nelamangala,C0418 dodda bele,3659 kodigenahalli,148,56.69,24.56,3659,25.0,90.0,-0.91,,,,,,,,,,,,,,,,,,,,,,,,,,,,,
Bengaluru Rural,B0107 nelamangala,C0605 hanumanthegowdanapalya,5505 srinivasapura,222,64.84,23.7,5505,30.0,94.5,1.39,10.0,10.0,100.0,0.0,100.0,330.0,330.0,25.0,13.2,68.0,36.0,100.0,100.0,90.0,100.0,60.0,10.0,100.0,100.0,100.0,100.0,20.0,1.3,2.5,0.5,9.7,7.7,242.38,33.0
Bengaluru Rural,B0107 nelamangala,C0605 hanumanthegowdanapalya,6097 yantaganahalli,226,56.02,26.22,6097,20.0,90.0,-2.12,,,,,,,,,,,,,,,,,,,,,,,,,,,,,
Bengaluru Rural,B0107 nelamangala,C0624 hasuruvalli,2506 hasuravalli,273,63.77,21.84,2506,35.0,90.0,4.99,,,,,,,,,,,,,,,,,,,,,,,,,,,,,
Bengaluru Rural,B0107 nelamangala,C0695 honnenahalli,6470 honnenahalli,363,54.86,25.46,6470,20.0,85.0,2.31,9.0,9.0,100.0,0.0,100.0,234.0,234.0,21.0,11.14,52.38,38.1,100.0,100.0,100.0,100.0,100.0,44.44,100.0,88.89,77.78,100.0,0.0,1.33,2.33,0.22,1.56,2.44,242.0,26.0
Bengaluru Rural,B0107 nelamangala,C0922 kempalinganahalli,5505 srinivasapura,108,72.96,19.78,5505,45.0,95.0,7.77,10.0,10.0,100.0,0.0,100.0,330.0,330.0,25.0,13.2,68.0,36.0,100.0,100.0,90.0,100.0,60.0,10.0,100.0,100.0,100.0,100.0,20.0,1.3,2.5,0.5,9.7,7.7,242.38,33.0
Bengaluru Rural,B0107 nelamangala,C1024 kuluvanahalli,3237 kalalaghatta,154,55.97,26.91,3237,20.0,90.0,3.43,11.0,11.0,100.0,0.0,100.0,228.0,228.0,23.0,9.91,82.61,47.83,100.0,100.0,81.82,90.91,81.82,36.36,72.73,100.0,100.0,90.91,0.0,1.18,2.0,0.91,7.09,7.36,217.11,20.7
Bengaluru Rural,B0107 nelamangala,C1024 kuluvanahalli,3866 kuluvanahalli,126,66.59,18.46,3866,45.0,90.0,-3.16,13.0,13.0,100.0,0.0,100.0,322.0,322.0,27.0,11.93,62.96,37.04,100.0,100.0,84.62,92.31,38.46,15.38,69.23,100.0,100.0,100.0,0.0,1.08,1.77,0.69,7.38,6.0,240.36,24.8
Bengaluru Rural,B0107 nelamangala,C1134 manne,3659 kodigenahalli,71,67.82,22.45,3659,40.0,90.0,6.45,,,,,,,,,,,,,,,,,,,,,,,,,,,,,
Bengaluru Rural,B0107 nelamangala,C1134 manne,4268 manne,203,57.19,26.89,4268,20.0,90.0,-1.16,15.0,13.0,86.67,13.33,100.0,824.0,243.0,23.0,10.57,52.17,39.13,100.0,100.0,76.92,100.0,46.15,0.0,84.62,100.0,92.31,92.31,0.0,1.15,2.46,1.23,4.69,4.77,200.67,18.7
Bengaluru Rural,B0107 nelamangala,C1142 maralakunte,4290 maralakunte,363,67.91,23.76,4290,35.0,95.0,4.88,9.0,9.0,100.0,0.0,100.0,293.0,293.0,27.0,10.85,29.63,40.74,100.0,100.0,77.78,100.0,77.78,11.11,100.0,100.0,100.0,100.0,0.0,1.22,3.0,0.33,5.78,5.11,242.83,32.6
Bengaluru Rural,B0107 nelamangala,C1283 narasipura,6428 naraseepura,224,63.62,20.49,6428,35.0,90.0,6.41,,,,,,,,,,,,,,,,,,,,,,,,,,,,,
Bengaluru Rural,B0107 nelamangala,C1494 shivagange,5375 shivagange,394,56.93,27.09,5375,15.0,90.0,2.86,16.0,14.0,87.5,12.5,100.0,962.0,607.0,40.0,15.18,65.0,45.0,100.0,100.0,92.86,100.0,85.71,7.14,78.57,92.86,92.86,85.71,0.0,1.86,3.36,1.0,7.21,7.43,241.36,43.4
Bengaluru Rural,B0107 nelamangala,C1519 soladevanahalli,5448 soladevanahalli,395,60.27,24.18,5448,30.0,90.0,3.96,17.0,17.0,100.0,0.0,100.0,366.0,366.0,39.0,9.38,48.72,61.54,100.0,100.0,76.47,100.0,70.59,0.0,94.12,100.0,70.59,100.0,5.88,1.12,2.47,0.71,6.18,5.82,219.91,21.5
Bengaluru Rural,B0107 nelamangala,C1523 sompura,5467 sompura,405,57.81,24.16,5467,22.0,85.0,3.87,19.0,13.0,68.42,31.58,100.0,2967.0,763.0,39.0,19.56,56.41,38.46,100.0,100.0,61.54,92.31,100.0,15.38,92.31,100.0,100.0,84.62,7.69,1.38,2.85,0.0,3.0,4.23,242.25,58.7
Bengaluru Rural,B0107 nelamangala,C1554 t. beguru,5582 t. beguru,400,61.46,26.28,5582,24.5,95.0,4.89,,,,,,,,,,,,,,,,,,,,,,,,,,,,,
Bengaluru Rural,B0107 nelamangala,C1614 thyamagondlu,3237 kalalaghatta,102,55.05,29.59,3237,10.0,90.0,11.3,11.0,11.0,100.0,0.0,100.0,228.0,228.0,23.0,9.91,82.61,47.83,100.0,100.0,81.82,90.91,81.82,36.36,72.73,100.0,100.0,90.91,0.0,1.18,2.0,0.91,7.09,7.36,217.11,20.7
Bengaluru Rural,B0107 nelamangala,C1614 thyamagondlu,5767 thyamagondlu,124,71.9,23.84,5767,36.5,95.0,-1.56,11.0,9.0,81.82,18.18,100.0,2466.0,824.0,31.0,26.58,67.74,45.16,100.0,100.0,55.56,100.0,44.44,0.0,66.67,66.67,66.67,88.89,22.22,1.67,5.67,0.78,2.78,3.89,238.67,91.6
Bidar,B0007 aurad,C0103 aurad urdu,1186 belkuni(ch),204,43.82,29.24,1186,10.0,88.5,-9.12,17.0,16.0,94.12,5.88,100.0,833.0,646.0,45.0,14.36,35.56,48.89,93.75,100.0,68.75,75.0,0.0,0.0,62.5,87.5,37.5,68.75,0.0,0.62,3.44,0.0,1.06,0.88,235.5,40.4
Bidar,B0007 aurad,C0103 aurad urdu,1269 bhandarkumta,119,63.74,26.27,1269,30.0,95.0,-7.18,7.0,7.0,100.0,0.0,100.0,699.0,699.0,31.0,22.55,48.39,48.39,71.43,100.0,42.86,42.86,0.0,14.29,71.43,57.14,71.43,0.0,0.0,1.0,4.14,3.0,6.86,0.0,240.0,99.9
Bidar,B0007 aurad,C0103 aurad urdu,1977 ekamba,41,52.56,23.83,1977,30.0,90.0,-7.69,,,,,,,,,,,,,,,,,,,,,,,,,,,,,
Bidar,B0007 aurad,C0103 aurad urdu,3306 kamalnagar,71,64.15,19.24,3306,40.0,85.0,-3.75,19.0,11.0,57.89,42.11,100.0,3505.0,1156.0,42.0,27.52,42.86,47.62,90.91,81.82,63.64,72.73,18.18,0.0,63.64,45.45,54.55,63.64,0.0,1.91,8.27,0.18,2.18,1.09,237.0,105.1
Bidar,B0007 aurad,C0103 aurad urdu,5469 sonal,95,80.47,17.94,5469,55.0,100.0,1.53,5.0,4.0,80.0,20.0,100.0,304.0,140.0,11.0,12.73,27.27,27.27,75.0,100.0,75.0,75.0,25.0,0.0,75.0,0.0,25.0,50.0,0.0,1.0,6.0,0.0,2.5,0.0,,35.0
Bidar,B0007 aurad,C0103 aurad urdu,5799 torna,40,80.75,13.66,5799,64.5,95.5,9.73,6.0,5.0,83.33,16.67,100.0,352.0,279.0,17.0,16.41,41.18,29.41,100.0,100.0,100.0,80.0,0.0,0.0,80.0,60.0,60.0,40.0,0.0,0.8,5.6,0.0,0.0,0.0,,55.8
Bidar,B0007 aurad,C0103 aurad urdu,904 badalgaon,33,55.15,21.27,904,27.0,88.0,0.36,12.0,11.0,91.67,8.33,100.0,825.0,824.0,42.0,19.62,54.76,54.76,90.91,100.0,72.73,90.91,9.09,0.0,100.0,72.73,90.91,72.73,10.0,1.64,3.0,10.91,9.73,2.36,225.29,74.9
Bidar,B0007 aurad,C0198 belkuni(ch),2549 hedgapur,44,54.55,27.7,2549,15.0,93.5,3.36,6.0,6.0,100.0,0.0,100.0,242.0,242.0,20.0,12.1,40.0,30.0,100.0,83.33,50.0,83.33,0.0,16.67,66.67,66.67,66.67,83.33,0.0,1.0,3.83,3.33,5.67,1.33,229.0,40.3
Bidar,B0007 aurad,C0223 bhandar kumta,1269 bhandarkumta,95,82.11,14.34,1269,60.0,95.0,-1.64,7.0,7.0,100.0,0.0,100.0,699.0,699.0,31.0,22.55,48.39,48.39,71.43,100.0,42.86,42.86,0.0,14.29,71.43,57.14,71.43,0.0,0.0,1.0,4.14,3.0,6.86,0.0,240.0,99.9
Bidar,B0007 aurad,C0223 bhandar kumta,2706 hokrana,120,54.33,29.45,2706,15.0,95.0,-2.41,11.0,10.0,90.91,9.09,100.0,772.0,736.0,31.0,23.74,12.9,45.16,80.0,90.0,40.0,20.0,0.0,0.0,90.0,40.0,70.0,10.0,10.0,0.9,4.1,2.0,2.8,1.9,233.33,73.6
Bidar,B0007 aurad,C0286 ch dapka,1461 ch dapka,206,64.59,23.76,1461,27.5,90.0,1.05,,,,,,,,,,,,,,,,,,,,,,,,,,,,,
Bidar,B0007 aurad,C0286 ch dapka,1619 chikli (u),142,71.73,17.4,1619,50.0,90.0,0.15,,,,,,,,,,,,,,,,,,,,,,,,,,,,,
Bidar,B0007 aurad,C0354 chintaki,1651 chintaki,212,41.37,28.62,1651,5.0,85.0,-0.82,11.0,8.0,72.73,27.27,100.0,973.0,857.0,35.0,24.49,40.0,60.0,100.0,75.0,62.5,50.0,12.5,0.0,75.0,25.0,87.5,62.5,0.0,2.0,3.38,3.5,6.38,1.12,238.33,107.1
Bidar,B0007 aurad,C0354 chintaki,4672 nagmarpalli,167,60.81,23.74,4672,30.0,90.0,-5.01,8.0,7.0,87.5,12.5,100.0,650.0,610.0,33.0,18.48,27.27,63.64,71.43,85.71,42.86,85.71,0.0,0.0,85.71,42.86,42.86,71.43,0.0,1.0,5.43,1.0,6.14,2.57,235.5,87.1
Bidar,B0007 aurad,C0456 eklara,1978 eklara,75,57.27,23.37,1978,25.0,90.0,-4.63,8.0,8.0,100.0,0.0,100.0,564.0,564.0,28.0,20.14,39.29,64.29,75.0,75.0,12.5,37.5,12.5,0.0,87.5,62.5,75.0,87.5,12.5,0.88,2.75,2.5,5.88,2.0,194.4,70.5
Bidar,B0007 aurad,C0470 gadikushnoor,3035 jambgi,266,31.92,25.37,3035,5.0,70.0,-0.57,17.0,16.0,94.12,5.88,100.0,878.0,830.0,52.0,15.96,32.69,48.08,62.5,81.25,68.75,62.5,0.0,0.0,68.75,81.25,75.0,81.25,0.0,0.69,2.56,4.25,9.06,4.0,235.83,51.9
Bidar,B0007 aurad,C0470 gadikushnoor,3814 koutha (b),118,46.53,26.9,3814,10.0,85.0,7.51,,,,,,,,,,,,,,,,,,,,,,,,,,,,,
Bidar,B0007 aurad,C0470 gadikushnoor,3984 ladha,40,39.5,27.73,3984,10.0,80.5,5.6,8.0,8.0,100.0,0.0,100.0,349.0,349.0,21.0,16.62,33.33,57.14,75.0,75.0,100.0,75.0,0.0,0.0,87.5,50.0,62.5,100.0,0.0,0.88,4.38,0.5,5.38,3.5,235.5,43.6
Bidar,B0007 aurad,C0470 gadikushnoor,5320 shembelli,23,58.48,20.97,5320,36.0,84.0,-8.41,,,,,,,,,,,,,,,,,,,,,,,,,,,,,
Bidar,B0007 aurad,C0470 gadikushnoor,6014 wadgaon (d),58,63.02,32.52,6014,3.5,95.0,-6.84,15.0,13.0,86.67,13.33,100.0,936.0,655.0,35.0,18.71,51.43,65.71,69.23,53.85,76.92,53.85,0.0,7.69,69.23,69.23,61.54,76.92,15.38,0.69,2.54,0.15,4.77,2.46,238.0,50.4
Bidar,B0007 aurad,C0527 gudapalli,2212 gudpalli,177,40.25,28.68,2212,5.0,85.0,3.32,,,,,,,,,,,,,,,,,,,,,,,,,,,,,
Bidar,B0007 aurad,C0527 gudapalli,3085 jojana,177,49.32,26.68,3085,10.0,82.0,4.24,,,,,,,,,,,,,,,,,,,,,,,,,,,,,
Bidar,B0007 aurad,C0683 holesamudra,2725 holsamudra,218,67.68,20.82,2725,40.0,95.0,-2.16,,,,,,,,,,,,,,,,,,,,,,,,,,,,,
Bidar,B0007 aurad,C0683 holesamudra,3595 khed,103,61.26,27.12,3595,25.0,95.0,16.35,4.0,3.0,75.0,25.0,100.0,492.0,156.0,13.0,12.0,38.46,38.46,100.0,100.0,100.0,100.0,0.0,0.0,100.0,0.0,66.67,66.67,0.0,1.0,8.33,0.0,3.0,0.0,,52.0
Bidar,B0007 aurad,C0778 jamagi,1618 chikli (j),53,41.51,28.58,1618,6.0,84.0,0.41,,,,,,,,,,,,,,,,,,,,,,,,,,,,,
Bidar,B0007 aurad,C0778 jamagi,3035 jambgi,162,54.1,23.85,3035,15.5,80.0,-5.09,17.0,16.0,94.12,5.88,100.0,878.0,830.0,52.0,15.96,32.69,48.08,62.5,81.25,68.75,62.5,0.0,0.0,68.75,81.25,75.0,81.25,0.0,0.69,2.56,4.25,9.06,4.0,235.83,51.9
Bidar,B0007 aurad,C0865 kamalnagar,1848 diggi,295,53.76,28.32,1848,10.0,90.0,2.18,,,,,,,,,,,,,,,,,,,,,,,,,,,,,
Bidar,B0007 aurad,C0865 kamalnagar,3306 kamalnagar,93,50.65,28.03,3306,5.0,85.0,-0.88,19.0,11.0,57.89,42.11,100.0,3505.0,1156.0,42.0,27.52,42.86,47.62,90.91,81.82,63.64,72.73,18.18,0.0,63.64,45.45,54.55,63.64,0.0,1.91,8.27,0.18,2.18,1.09,237.0,105.1
Bidar,B0007 aurad,C1004 koudgoan,1841 dhupathmahagaon,251,60.96,26.46,1841,15.0,90.0,9.1,,,,,,,,,,,,,,,,,,,,,,,,,,,,,
Bidar,B0007 aurad,C1004 koudgoan,3984 ladha,27,75.56,18.73,3984,50.0,95.0,7.5,8.0,8.0,100.0,0.0,100.0,349.0,349.0,21.0,16.62,33.33,57.14,75.0,75.0,100.0,75.0,0.0,0.0,87.5,50.0,62.5,100.0,0.0,0.88,4.38,0.5,5.38,3.5,235.5,43.6
Bidar,B0007 aurad,C1042 kushnoor-t,3777 korekal,64,56.56,24.83,3777,25.0,85.0,-2.36,6.0,6.0,100.0,0.0,100.0,271.0,271.0,18.0,15.06,33.33,38.89,100.0,83.33,50.0,50.0,0.0,0.0,100.0,100.0,33.33,100.0,16.67,0.83,5.5,0.17,2.0,0.0,,45.2
Bidar,B0007 aurad,C1042 kushnoor-t,3956 kushnoor (t),204,55.15,27.25,3956,15.0,90.0,-0.94,,,,,,,,,,,,,,,,,,,,,,,,,,,,,
Bidar,B0007 aurad,C1042 kushnoor-t,959 balat (b),89,54.44,30.41,959,9.0,90.0,-4.88,5.0,5.0,100.0,0.0,100.0,225.0,225.0,15.0,15.0,33.33,26.67,80.0,100.0,40.0,80.0,0.0,0.0,100.0,100.0,40.0,80.0,0.0,1.0,4.8,0.0,2.4,0.8,240.0,45.0
Bidar,B0007 aurad,C1062 lingi marathi,1392 bonthi,94,73.03,18.05,1392,51.5,95.0,3.6,,,,,,,,,,,,,,,,,,,,,,,,,,,,,
Bidar,B0007 aurad,C1209 mudhol (b),4507 mudhol (b),156,68.53,23.3,4507,37.5,95.0,-0.39,9.0,6.0,66.67,33.33,100.0,1494.0,287.0,18.0,15.94,27.78,38.89,83.33,100.0,50.0,33.33,0.0,0.0,66.67,100.0,66.67,83.33,0.0,0.83,4.17,6.67,5.33,0.0,220.0,47.8
Bidar,B0007 aurad,C1232 murki,4574 murki,253,58.42,24.3,4574,25.0,90.0,-5.25,10.0,9.0,90.0,10.0,100.0,739.0,542.0,35.0,15.49,42.86,57.14,77.78,100.0,33.33,33.33,11.11,11.11,33.33,33.33,22.22,33.33,0.0,0.89,2.33,10.11,8.44,4.33,235.0,60.2
Bidar,B0007 aurad,C1452 santhpur urdu,6014 wadgaon (d),48,39.06,23.44,6014,10.0,65.0,9.26,15.0,13.0,86.67,13.33,100.0,936.0,655.0,35.0,18.71,51.43,65.71,69.23,53.85,76.92,53.85,0.0,7.69,69.23,69.23,61.54,76.92,15.38,0.69,2.54,0.15,4.77,2.46,238.0,50.4
Bidar,B0007 aurad,C1453 santhpur,5231 santhpur,203,43.1,26.54,5231,5.0,80.0,1.52,,,,,,,,,,,,,,,,,,,,,,,,,,,,,
Bidar,B0007 aurad,C1453 santhpur,5320 shembelli,39,50.77,29.92,5320,14.0,90.0,21.83,,,,,,,,,,,,,,,,,,,,,,,,,,,,,
Bidar,B0007 aurad,C1544 sundal,5546 sundhal,132,54.36,28.02,5546,15.0,90.0,-1.06,,,,,,,,,,,,,,,,,,,,,,,,,,,,,
Bidar,B0007 aurad,C1544 sundal,904 badalgaon,71,56.55,23.63,904,25.0,85.0,-3.52,12.0,11.0,91.67,8.33,100.0,825.0,824.0,42.0,19.62,54.76,54.76,90.91,100.0,72.73,90.91,9.09,0.0,100.0,72.73,90.91,72.73,10.0,1.64,3.0,10.91,9.73,2.36,225.29,74.9
Bidar,B0007 aurad,C1622 torna,1494 chandoori,116,65.43,23.11,1494,35.0,95.0,9.0,,,,,,,,,,,,,,,,,,,,,,,,,,,,,
Bidar,B0007 aurad,C1622 torna,5799 torna,47,81.06,20.11,5799,45.0,100.0,4.93,6.0,5.0,83.33,16.67,100.0,352.0,279.0,17.0,16.41,41.18,29.41,100.0,100.0,100.0,80.0,0.0,0.0,80.0,60.0,60.0,40.0,0.0,0.8,5.6,0.0,0.0,0.0,,55.8
Bidar,B0007 aurad,C1703 wadgaon,1618 chikli (j),50,27.9,19.69,1618,5.0,50.5,-6.38,,,,,,,,,,,,,,,,,,,,,,,,,,,,,
Bidar,B0007 aurad,C1703 wadgaon,6014 wadgaon (d),32,65.16,18.94,6014,40.5,89.5,-17.24,15.0,13.0,86.67,13.33,100.0,936.0,655.0,35.0,18.71,51.43,65.71,69.23,53.85,76.92,53.85,0.0,7.69,69.23,69.23,61.54,76.92,15.38,0.69,2.54,0.15,4.77,2.46,238.0,50.4
Bidar,B0007 aurad,C2008 dongaon (m),1187 belkuni bh,246,59.7,30.01,1187,5.0,90.0,-3.47,,,,,,,,,,,,,,,,,,,,,,,,,,,,,
Bidar,B0007 aurad,C2008 dongaon (m),1939 dongaon (m),169,68.14,29.38,1939,15.0,100.0,0.46,,,,,,,,,,,,,,,,,,,,,,,,,,,,,
Bidar,B0007 aurad,C2008 dongaon (m),4111 madnoor,104,65.29,26.75,4111,26.5,95.0,-5.8,,,,,,,,,,,,,,,,,,,,,,,,,,,,,
Bidar,B0007 aurad,C2799 chemegaon marathi,1540 chemegaon,28,66.25,24.52,1540,33.5,95.0,-8.81,,,,,,,,,,,,,,,,,,,,,,,,,,,,,
Bidar,B0015 basavakalyan,C0173 basavaklyan urdu rural,1300 bhosaga,192,50.29,29.38,1300,10.0,90.0,16.49,,,,,,,,,,,,,,,,,,,,,,,,,,,,,
Bidar,B0015 basavakalyan,C0173 basavaklyan urdu rural,2857 hulsoor,52,31.54,22.22,2857,5.0,59.5,-13.33,16.0,10.0,62.5,37.5,100.0,3186.0,1451.0,44.0,32.98,22.73,52.27,100.0,100.0,70.0,60.0,30.0,10.0,70.0,50.0,100.0,70.0,0.0,1.4,5.3,0.8,4.1,3.0,237.33,145.1
Bidar,B0015 basavakalyan,C0173 basavaklyan urdu rural,3597 kherda b,120,28.08,21.39,3597,5.0,56.0,-7.69,8.0,7.0,87.5,12.5,100.0,784.0,673.0,23.0,29.26,17.39,47.83,85.71,100.0,14.29,71.43,85.71,0.0,71.43,42.86,71.43,85.71,0.0,1.0,6.14,0.0,12.71,1.71,235.0,96.1
Bidar,B0015 basavakalyan,C0173 basavaklyan urdu rural,3680 kohinoor,131,27.67,19.68,3680,5.0,60.0,0.31,9.0,8.0,88.89,11.11,100.0,1088.0,954.0,25.0,38.16,24.0,88.0,87.5,87.5,75.0,62.5,50.0,0.0,87.5,25.0,0.0,75.0,14.29,2.12,5.0,0.75,4.38,2.5,235.0,119.2
Bidar,B0015 basavakalyan,C0173 basavaklyan urdu rural,5059 rajeshwar,74,38.04,18.72,5059,16.5,65.0,3.69,21.0,13.0,61.9,38.1,100.0,3197.0,1751.0,60.0,29.18,48.33,55.0,92.31,84.62,61.54,76.92,38.46,0.0,84.62,30.77,100.0,76.92,33.33,0.69,6.69,1.23,5.69,1.85,235.67,134.7
Bidar,B0015 basavakalyan,C0173 basavaklyan urdu rural,5255 sastapur,100,26.15,24.14,5255,0.0,65.0,3.65,9.0,4.0,44.44,55.56,100.0,696.0,472.0,22.0,21.45,59.09,50.0,100.0,100.0,0.0,75.0,25.0,25.0,100.0,50.0,25.0,75.0,0.0,1.5,5.75,0.5,6.5,6.0,236.67,118.0
Bidar,B0015 basavakalyan,C0173 basavaklyan urdu rural,5601 tadola,75,31.53,21.7,5601,5.0,60.0,-2.65,9.0,6.0,66.67,33.33,100.0,860.0,357.0,16.0,22.31,37.5,31.25,83.33,100.0,16.67,50.0,16.67,0.0,100.0,16.67,66.67,83.33,0.0,1.0,5.17,2.33,6.17,4.0,236.17,59.5
Bidar,B0015 basavakalyan,C0173 basavaklyan urdu rural,6109 yarandagi,163,41.38,24.8,6109,10.0,75.0,1.71,,,,,,,,,,,,,,,,,,,,,,,,,,,,,
Bidar,B0015 basavakalyan,C0173 basavaklyan urdu rural,6111 yarbag,71,20.92,19.22,6111,0.0,50.0,1.68,,,,,,,,,,,,,,,,,,,,,,,,,,,,,
Bidar,B0015 basavakalyan,C0203 belura,1235 betbalkunda,221,57.53,25.73,1235,20.0,90.0,0.8,8.0,6.0,75.0,25.0,100.0,896.0,761.0,39.0,19.51,53.85,58.97,100.0,100.0,50.0,66.67,16.67,16.67,83.33,83.33,66.67,66.67,0.0,2.67,6.17,2.67,3.33,2.67,233.83,126.8
Bidar,B0015 basavakalyan,C0203 belura,6453 belur,219,38.49,32.59,6453,0.0,85.0,-2.19,,,,,,,,,,,,,,,,,,,,,,,,,,,,,
Bidar,B0015 basavakalyan,C0235 bhosga marathi,1300 bhosaga,108,40.51,30.78,1300,5.0,86.5,10.73,,,,,,,,,,,,,,,,,,,,,,,,,,,,,
Bidar,B0015 basavakalyan,C0235 bhosga marathi,614 algood,319,48.46,27.3,614,10.0,85.0,8.14,,,,,,,,,,,,,,,,,,,,,,,,,,,,,
Bidar,B0015 basavakalyan,C0295 chandikapur,1492 chandikapur,328,38.0,27.4,1492,5.0,80.0,-0.04,,,,,,,,,,,,,,,,,,,,,,,,,,,,,
Bidar,B0015 basavakalyan,C0295 chandikapur,4962 paratapur,413,33.8,27.35,4962,5.0,75.0,5.72,,,,,,,,,,,,,,,,,,,,,,,,,,,,,
Bidar,B0015 basavakalyan,C0500 ghotal,2096 ghotala,486,47.88,27.56,2096,10.0,85.0,-1.7,10.0,10.0,100.0,0.0,100.0,847.0,847.0,24.0,35.29,37.5,58.33,100.0,80.0,60.0,80.0,40.0,0.0,70.0,30.0,70.0,50.0,10.0,0.9,6.0,1.1,6.0,6.0,235.0,84.7
Bidar,B0015 basavakalyan,C0500 ghotal,4475 morkhandi,389,64.19,26.72,4475,25.0,95.0,2.26,,,,,,,,,,,,,,,,,,,,,,,,,,,,,
Bidar,B0015 basavakalyan,C0617 harkood,1557 chikanagaon,364,40.69,27.21,1557,10.0,83.5,-0.78,,,,,,,,,,,,,,,,,,,,,,,,,,,,,
Bidar,B0015 basavakalyan,C0617 harkood,1979 ekloora,233,41.22,27.99,1979,5.0,84.0,-0.53,,,,,,,,,,,,,,,,,,,,,,,,,,,,,
Bidar,B0015 basavakalyan,C0617 harkood,2475 harkood,260,43.69,27.24,2475,10.0,80.0,2.92,,,,,,,,,,,,,,,,,,,,,,,,,,,,,
Bidar,B0015 basavakalyan,C0728 hulsoor,2857 hulsoor,147,58.4,26.97,2857,15.0,90.0,3.85,16.0,10.0,62.5,37.5,100.0,3186.0,1451.0,44.0,32.98,22.73,52.27,100.0,100.0,70.0,60.0,30.0,10.0,70.0,50.0,100.0,70.0,0.0,1.4,5.3,0.8,4.1,3.0,237.33,145.1
Bidar,B0015 basavakalyan,C0755 islampur,2971 islamapur,159,34.94,24.51,2971,0.0,70.0,-8.0,,,,,,,,,,,,,,,,,,,,,,,,,,,,,
Bidar,B0015 basavakalyan,C0755 islampur,6111 yarbag,154,27.5,19.63,6111,1.5,50.0,4.39,,,,,,,,,,,,,,,,,,,,,,,,,,,,,
Bidar,B0015 basavakalyan,C0851 kalkora,3263 kalkhora,425,28.55,24.48,3263,0.0,65.0,-1.4,,,,,,,,,,,,,,,,,,,,,,,,,,,,,
Bidar,B0015 basavakalyan,C0939 kherda (b),3597 kherda b,189,26.9,22.51,3597,0.0,60.0,-2.31,8.0,7.0,87.5,12.5,100.0,784.0,673.0,23.0,29.26,17.39,47.83,85.71,100.0,14.29,71.43,85.71,0.0,71.43,42.86,71.43,85.71,0.0,1.0,6.14,0.0,12.71,1.71,235.0,96.1
Bidar,B0015 basavakalyan,C0944 kitta,1825 dhanura k,211,69.74,22.58,1825,35.0,95.0,-1.23,,,,,,,,,,,,,,,,,,,,,,,,,,,,,
Bidar,B0015 basavakalyan,C0944 kitta,3629 kitta,201,36.52,27.36,3629,5.0,75.0,-9.0,8.0,6.0,75.0,25.0,100.0,741.0,455.0,15.0,30.33,73.33,66.67,66.67,100.0,50.0,50.0,16.67,0.0,66.67,33.33,83.33,83.33,0.0,1.67,5.0,1.67,5.83,2.33,188.8,75.8
Bidar,B0015 basavakalyan,C0944 kitta,4482 muchalam,196,44.23,27.64,4482,10.0,85.0,-0.59,,,,,,,,,,,,,,,,,,,,,,,,,,,,,
Bidar,B0015 basavakalyan,C0960 kohinoor,3680 kohinoor,286,39.77,24.92,3680,10.0,80.0,-6.22,9.0,8.0,88.89,11.11,100.0,1088.0,954.0,25.0,38.16,24.0,88.0,87.5,87.5,75.0,62.5,50.0,0.0,87.5,25.0,0.0,75.0,14.29,2.12,5.0,0.75,4.38,2.5,235.0,119.2
Bidar,B0015 basavakalyan,C1048 ladwanthi,1100 batgera,258,37.77,26.14,1100,5.0,80.0,3.29,,,,,,,,,,,,,,,,,,,,,,,,,,,,,
Bidar,B0015 basavakalyan,C1048 ladwanthi,3987 ladwanthi,147,66.7,23.86,3987,30.0,95.0,15.05,,,,,,,,,,,,,,,,,,,,,,,,,,,,,
Bidar,B0015 basavakalyan,C1136 manthal,2249 gundur,250,42.2,28.64,2249,9.5,85.0,-5.4,5.0,5.0,100.0,0.0,100.0,612.0,612.0,23.0,26.61,34.78,69.57,100.0,100.0,20.0,80.0,20.0,0.0,60.0,0.0,40.0,100.0,20.0,0.8,6.2,0.2,6.0,4.0,237.0,122.4
Bidar,B0015 basavakalyan,C1136 manthal,4275 manthal,325,45.15,28.59,4275,5.0,85.0,4.82,,,,,,,,,,,,,,,,,,,,,,,,,,,,,
Bidar,B0015 basavakalyan,C1187 mirkhal marathi,2018 gadigoundgaon,150,37.93,28.69,2018,0.0,80.0,-1.17,,,,,,,,,,,,,,,,,,,,,,,,,,,,,
Bidar,B0015 basavakalyan,C1187 mirkhal marathi,4447 mirkhal,90,54.67,23.37,4447,20.0,85.0,8.67,,,,,,,,,,,,,,,,,,,,,,,,,,,,,
Bidar,B0015 basavakalyan,C1201 muchalam,2157 gorta b,116,34.48,26.67,2157,0.0,70.0,-3.2,2.0,1.0,50.0,50.0,100.0,477.0,323.0,1.0,323.0,100.0,0.0,100.0,100.0,100.0,0.0,0.0,0.0,100.0,100.0,100.0,100.0,100.0,1.0,6.0,1.0,15.0,12.0,237.0,323.0
Bidar,B0015 basavakalyan,C1201 muchalam,5791 toglur,239,40.42,27.96,5791,5.0,80.0,1.32,6.0,4.0,66.67,33.33,100.0,438.0,246.0,9.0,27.33,22.22,66.67,100.0,100.0,25.0,75.0,0.0,0.0,100.0,100.0,100.0,75.0,0.0,1.0,3.0,0.75,9.0,9.0,236.75,61.5
Bidar,B0015 basavakalyan,C1204 mudbi,4495 mudbi,372,38.13,27.76,4495,0.0,80.0,1.3,14.0,8.0,57.14,42.86,100.0,1810.0,1188.0,33.0,36.0,36.36,63.64,100.0,87.5,50.0,87.5,50.0,0.0,87.5,12.5,37.5,75.0,14.29,1.12,5.38,0.25,3.12,3.62,231.4,148.5
Bidar,B0015 basavakalyan,C1316 nirgudi,5601 tadola,134,32.28,26.02,5601,0.0,65.0,8.43,9.0,6.0,66.67,33.33,100.0,860.0,357.0,16.0,22.31,37.5,31.25,83.33,100.0,16.67,50.0,16.67,0.0,100.0,16.67,66.67,83.33,0.0,1.0,5.17,2.33,6.17,4.0,236.17,59.5
Bidar,B0015 basavakalyan,C1316 nirgudi,6525 nirgudi,304,35.51,26.77,6525,5.0,73.5,-0.59,8.0,7.0,87.5,12.5,100.0,781.0,617.0,29.0,21.28,41.38,62.07,85.71,100.0,28.57,57.14,28.57,0.0,71.43,14.29,85.71,85.71,14.29,1.0,6.43,1.43,5.57,2.57,236.75,88.1
Bidar,B0015 basavakalyan,C1382 rajeshwar,2389 hanamanth wadi r,141,25.82,26.22,2389,0.0,65.0,9.12,,,,,,,,,,,,,,,,,,,,,,,,,,,,,
Bidar,B0015 basavakalyan,C1382 rajeshwar,5059 rajeshwar,227,26.72,24.44,5059,0.0,60.0,5.35,21.0,13.0,61.9,38.1,100.0,3197.0,1751.0,60.0,29.18,48.33,55.0,92.31,84.62,61.54,76.92,38.46,0.0,84.62,30.77,100.0,76.92,33.33,0.69,6.69,1.23,5.69,1.85,235.67,134.7
Bidar,B0015 basavakalyan,C1384 rajola,4747 narayanpur,344,36.05,26.25,4747,5.0,73.5,-0.55,12.0,10.0,83.33,16.67,100.0,1177.0,914.0,53.0,17.25,49.06,64.15,100.0,90.0,20.0,80.0,10.0,10.0,70.0,40.0,70.0,80.0,0.0,1.4,5.1,0.2,3.4,3.3,232.71,91.4
Bidar,B0015 basavakalyan,C1384 rajola,5060 rajola,256,46.89,33.89,5060,5.0,95.0,-8.11,9.0,7.0,77.78,22.22,100.0,1258.0,1005.0,33.0,30.45,30.3,69.7,85.71,85.71,57.14,42.86,14.29,14.29,85.71,28.57,71.43,71.43,16.67,1.29,6.29,2.0,2.43,3.57,236.0,143.6
Bidar,B0015 basavakalyan,C1457 sastapur,5255 sastapur,242,45.85,29.26,5255,5.0,85.0,3.94,9.0,4.0,44.44,55.56,100.0,696.0,472.0,22.0,21.45,59.09,50.0,100.0,100.0,0.0,75.0,25.0,25.0,100.0,50.0,25.0,75.0,0.0,1.5,5.75,0.5,6.5,6.0,236.67,118.0
Bidar,B0015 basavakalyan,C1457 sastapur,6109 yarandagi,300,39.98,27.11,6109,5.0,80.0,-2.75,,,,,,,,,,,,,,,,,,,,,,,,,,,,,
Bidar,B0015 basavakalyan,C1637 ujalam,5878 ujjalam,329,67.05,20.34,5878,40.0,95.0,-0.23,,,,,,,,,,,,,,,,,,,,,,,,,,,,,
Bidar,B0019 bhalki,C0043 alwai marathi,5820 tugaon (h),193,42.85,25.12,5820,10.0,75.0,3.55,6.0,6.0,100.0,0.0,100.0,367.0,367.0,16.0,22.94,37.5,43.75,100.0,50.0,66.67,16.67,0.0,0.0,66.67,66.67,33.33,33.33,0.0,1.0,4.17,2.5,6.17,1.67,,61.2
Bidar,B0019 bhalki,C0043 alwai marathi,635 alwai,156,39.39,28.07,635,2.5,80.0,-3.97,5.0,5.0,100.0,0.0,100.0,300.0,300.0,14.0,21.43,0.0,14.29,100.0,80.0,20.0,60.0,0.0,0.0,60.0,80.0,60.0,20.0,0.0,1.6,5.0,0.6,8.2,5.0,238.0,60.0
Bidar,B0019 bhalki,C0043 alwai marathi,832 attarga,128,44.26,30.42,832,5.0,85.0,-0.55,4.0,4.0,100.0,0.0,100.0,218.0,218.0,13.0,16.77,30.77,76.92,100.0,100.0,25.0,50.0,0.0,25.0,100.0,25.0,50.0,25.0,0.0,1.0,6.5,0.5,6.5,3.75,240.0,54.5
Bidar,B0019 bhalki,C0047 ambesangvi,5627 talwad (k),185,41.08,29.96,5627,2.0,85.0,5.65,8.0,5.0,62.5,37.5,100.0,3443.0,181.0,15.0,12.07,53.33,26.67,100.0,20.0,0.0,40.0,0.0,20.0,100.0,40.0,40.0,80.0,0.0,0.8,3.4,2.0,2.4,0.0,161.0,36.2
Bidar,B0019 bhalki,C0047 ambesangvi,653 ambesangavi,225,37.58,27.02,653,5.0,80.0,-1.77,,,,,,,,,,,,,,,,,,,,,,,,,,,,,
Bidar,B0019 bhalki,C0140 balur,3785 kosam,161,31.3,25.48,3785,0.0,70.0,5.01,4.0,4.0,100.0,0.0,100.0,258.0,258.0,9.0,28.67,66.67,44.44,75.0,75.0,50.0,100.0,25.0,0.0,75.0,50.0,50.0,100.0,25.0,1.0,7.0,0.0,4.5,0.25,237.0,64.5
Bidar,B0019 bhalki,C0140 balur,4875 nittur (b),162,31.45,25.83,4875,5.0,70.0,3.74,7.0,6.0,85.71,14.29,100.0,1144.0,618.0,27.0,22.89,44.44,70.37,83.33,66.67,33.33,83.33,16.67,0.0,66.67,83.33,33.33,66.67,20.0,1.17,5.67,2.17,4.83,3.67,185.5,103.0
Bidar,B0019 bhalki,C0140 balur,994 balur,304,39.8,25.82,994,6.5,75.0,3.37,,,,,,,,,,,,,,,,,,,,,,,,,,,,,
Bidar,B0019 bhalki,C0222 bhalki (urdu),1127 beeri (b),59,48.39,29.91,1127,9.0,85.0,1.57,8.0,8.0,100.0,0.0,100.0,332.0,332.0,28.0,11.86,53.57,57.14,100.0,87.5,50.0,62.5,0.0,0.0,100.0,62.5,37.5,75.0,12.5,1.12,3.62,0.38,7.0,2.62,241.25,41.5
Bidar,B0019 bhalki,C0222 bhalki (urdu),1755 dawargaon,123,31.22,23.87,1755,5.0,59.0,-2.78,6.0,6.0,100.0,0.0,100.0,360.0,360.0,21.0,17.14,47.62,52.38,83.33,66.67,33.33,83.33,0.0,0.0,100.0,33.33,16.67,66.67,16.67,1.0,6.0,0.33,2.0,0.0,240.0,60.0
Bidar,B0019 bhalki,C0222 bhalki (urdu),3594 khatakchincholi,237,40.61,26.52,3594,10.0,80.0,-1.34,,,,,,,,,,,,,,,,,,,,,,,,,,,,,
Bidar,B0019 bhalki,C0222 bhalki (urdu),4108 madkatti,31,50.81,23.38,4108,20.0,80.0,-21.13,9.0,7.0,77.78,22.22,100.0,590.0,288.0,17.0,16.94,41.18,11.76,71.43,42.86,28.57,57.14,42.86,0.0,71.43,28.57,14.29,71.43,0.0,1.0,6.14,2.29,2.0,1.29,240.0,41.1
Bidar,B0019 bhalki,C0222 bhalki (urdu),6032 warwatti (b),88,23.64,22.34,6032,0.0,55.0,4.83,7.0,6.0,85.71,14.29,100.0,481.0,340.0,21.0,16.19,38.1,57.14,100.0,50.0,33.33,100.0,0.0,0.0,66.67,33.33,50.0,83.33,0.0,1.0,5.67,0.0,5.0,4.17,240.0,56.7
Bidar,B0019 bhalki,C0222 bhalki (urdu),6146 yenkur,117,28.08,24.18,6146,0.0,67.0,1.28,,,,,,,,,,,,,,,,,,,,,,,,,,,,,
Bidar,B0019 bhalki,C0227 bhatambra (urdu),3990 lakhangaon,192,36.33,26.25,3990,5.0,75.0,1.3,3.0,2.0,66.67,33.33,100.0,433.0,338.0,13.0,26.0,53.85,30.77,100.0,100.0,100.0,100.0,0.0,0.0,100.0,0.0,50.0,50.0,0.0,2.5,5.0,1.0,5.0,0.0,,169.0
Bidar,B0019 bhalki,C0227 bhatambra (urdu),5820 tugaon (h),125,58.64,25.85,5820,25.0,95.0,3.87,6.0,6.0,100.0,0.0,100.0,367.0,367.0,16.0,22.94,37.5,43.75,100.0,50.0,66.67,16.67,0.0,0.0,66.67,66.67,33.33,33.33,0.0,1.0,4.17,2.5,6.17,1.67,,61.2
Bidar,B0019 bhalki,C0227 bhatambra (urdu),6021 wanjarkhed,75,60.33,24.64,6021,27.0,93.0,0.51,,,,,,,,,,,,,,,,,,,,,,,,,,,,,
Bidar,B0019 bhalki,C0228 bhatambra,1277 bhatambra,233,34.94,25.41,1277,5.0,70.0,0.41,7.0,5.0,71.43,28.57,100.0,1271.0,839.0,34.0,24.68,64.71,61.76,100.0,80.0,60.0,60.0,20.0,20.0,80.0,80.0,60.0,80.0,0.0,1.2,5.4,1.2,4.4,5.0,156.0,167.8
Bidar,B0019 bhalki,C0228 bhatambra,2154 gorchincholi,220,47.11,25.93,2154,10.0,80.0,-0.79,,,,,,,,,,,,,,,,,,,,,,,,,,,,,
Bidar,B0019 bhalki,C0228 bhatambra,5660 telgaon,60,35.75,23.68,5660,5.0,70.0,9.46,10.0,8.0,80.0,20.0,100.0,1246.0,420.0,31.0,13.55,54.84,61.29,87.5,62.5,50.0,75.0,12.5,0.0,75.0,62.5,75.0,75.0,0.0,1.12,4.0,1.38,5.25,2.25,118.5,52.5
Bidar,B0019 bhalki,C0229 bhatsangvi,4433 methimelkunda,215,55.77,28.29,4433,12.0,90.0,3.12,7.0,6.0,85.71,14.29,100.0,455.0,381.0,29.0,13.14,34.48,79.31,83.33,83.33,33.33,66.67,0.0,16.67,66.67,83.33,83.33,50.0,33.33,1.17,4.83,0.0,4.67,1.67,230.0,63.5
Bidar,B0019 bhalki,C0229 bhatsangvi,5382 shivani,222,60.52,23.3,5382,25.0,85.0,4.02,4.0,3.0,75.0,25.0,100.0,480.0,255.0,15.0,17.0,26.67,40.0,100.0,100.0,66.67,33.33,0.0,33.33,100.0,33.33,66.67,100.0,33.33,1.0,7.0,0.33,2.0,2.67,,85.0
Bidar,B0019 bhalki,C0409 dhannura (s),1824 dhannura (s),176,32.41,27.16,1824,0.0,75.0,8.81,,,,,,,,,,,,,,,,,,,,,,,,,,,,,
Bidar,B0019 bhalki,C0409 dhannura (s),2332 halbarga,102,46.62,27.42,2332,10.0,84.5,-3.71,10.0,7.0,70.0,30.0,100.0,1335.0,578.0,24.0,24.08,50.0,62.5,71.43,71.43,42.86,71.43,28.57,14.29,85.71,28.57,57.14,85.71,28.57,1.0,5.29,0.0,0.71,0.0,240.0,82.6
Bidar,B0019 bhalki,C0409 dhannura (s),4169 malchapur,283,38.53,28.93,4169,5.0,85.0,0.19,8.0,6.0,75.0,25.0,100.0,712.0,463.0,23.0,20.13,69.57,78.26,100.0,100.0,66.67,66.67,0.0,16.67,100.0,83.33,66.67,83.33,16.67,1.33,5.67,0.33,5.5,2.33,231.75,77.2
Bidar,B0019 bhalki,C0441 dongapur,1127 beeri (b),146,43.39,30.13,1127,10.0,90.0,11.65,8.0,8.0,100.0,0.0,100.0,332.0,332.0,28.0,11.86,53.57,57.14,100.0,87.5,50.0,62.5,0.0,0.0,100.0,62.5,37.5,75.0,12.5,1.12,3.62,0.38,7.0,2.62,241.25,41.5
Bidar,B0019 bhalki,C0441 dongapur,1940 dongapur,157,37.07,26.6,1940,5.0,75.0,-2.31,3.0,3.0,100.0,0.0,100.0,447.0,447.0,21.0,21.29,47.62,42.86,100.0,100.0,100.0,100.0,0.0,0.0,66.67,100.0,33.33,100.0,33.33,1.0,6.0,0.67,10.67,0.0,238.5,149.0
Bidar,B0019 bhalki,C0570 halbarga (urdu),1437 byalhalli (k),263,25.61,22.93,1437,0.0,60.0,5.82,10.0,8.0,80.0,20.0,100.0,1019.0,496.0,26.0,19.08,80.77,50.0,100.0,100.0,25.0,87.5,0.0,0.0,87.5,87.5,87.5,75.0,0.0,1.0,4.25,1.25,4.75,0.88,237.0,62.0
Bidar,B0019 bhalki,C0570 halbarga (urdu),3088 joldapka,164,27.84,24.97,3088,5.0,63.5,0.93,4.0,3.0,75.0,25.0,100.0,430.0,313.0,21.0,14.9,19.05,57.14,66.67,66.67,66.67,33.33,33.33,33.33,66.67,33.33,66.67,66.67,0.0,1.0,4.0,0.33,12.0,9.0,231.33,104.3
Bidar,B0019 bhalki,C0571 halbarga,2332 halbarga,43,39.65,25.25,2332,6.0,70.0,-2.71,10.0,7.0,70.0,30.0,100.0,1335.0,578.0,24.0,24.08,50.0,62.5,71.43,71.43,42.86,71.43,28.57,14.29,85.71,28.57,57.14,85.71,28.57,1.0,5.29,0.0,0.71,0.0,240.0,82.6
Bidar,B0019 bhalki,C0571 halbarga,3750 konmelkunda,174,46.26,28.68,3750,10.0,90.0,5.62,6.0,4.0,66.67,33.33,100.0,473.0,386.0,20.0,19.3,55.0,65.0,100.0,100.0,75.0,75.0,50.0,25.0,75.0,100.0,25.0,50.0,0.0,1.75,3.0,0.0,0.0,0.0,240.0,96.5
Bidar,B0019 bhalki,C0571 halbarga,3785 kosam,99,40.3,28.44,3785,4.0,85.0,1.0,4.0,4.0,100.0,0.0,100.0,258.0,258.0,9.0,28.67,66.67,44.44,75.0,75.0,50.0,100.0,25.0,0.0,75.0,50.0,50.0,100.0,25.0,1.0,7.0,0.0,4.5,0.25,237.0,64.5
Bidar,B0019 bhalki,C0571 halbarga,5403 siddeshwar,208,43.0,29.68,5403,5.0,85.0,7.56,7.0,5.0,71.43,28.57,100.0,602.0,328.0,22.0,14.91,45.45,63.64,100.0,80.0,60.0,80.0,0.0,0.0,80.0,20.0,60.0,80.0,0.0,1.0,4.0,0.2,2.0,0.6,240.67,65.6
Bidar,B0019 bhalki,C0577 halhalli (k),1437 byalhalli (k),122,15.53,15.14,1437,0.0,39.5,3.99,10.0,8.0,80.0,20.0,100.0,1019.0,496.0,26.0,19.08,80.77,50.0,100.0,100.0,25.0,87.5,0.0,0.0,87.5,87.5,87.5,75.0,0.0,1.0,4.25,1.25,4.75,0.88,237.0,62.0
Bidar,B0019 bhalki,C0577 halhalli (k),1471 chalkapur,247,45.26,32.43,1471,5.0,90.0,1.39,7.0,6.0,85.71,14.29,100.0,545.0,355.0,16.0,22.19,50.0,75.0,100.0,83.33,0.0,100.0,0.0,0.0,66.67,66.67,16.67,83.33,0.0,1.0,7.67,0.5,3.67,0.0,240.0,59.2
Bidar,B0019 bhalki,C0583 halsi (l),2942 inchur,182,34.7,23.55,2942,5.0,70.0,3.69,,,,,,,,,,,,,,,,,,,,,,,,,,,,,
Bidar,B0019 bhalki,C0860 kalwadi,1718 dadagi,149,49.3,28.53,1718,10.0,90.0,-6.57,,,,,,,,,,,,,,,,,,,,,,,,,,,,,
Bidar,B0019 bhalki,C0860 kalwadi,3939 kurubakhelagi,121,41.49,26.56,3939,10.0,80.0,-4.7,,,,,,,,,,,,,,,,,,,,,,,,,,,,,
Bidar,B0019 bhalki,C0875 kanaji,3088 joldapka,114,52.85,29.54,3088,10.0,90.0,5.24,4.0,3.0,75.0,25.0,100.0,430.0,313.0,21.0,14.9,19.05,57.14,66.67,66.67,66.67,33.33,33.33,33.33,66.67,33.33,66.67,66.67,0.0,1.0,4.0,0.33,12.0,9.0,231.33,104.3
Bidar,B0019 bhalki,C0875 kanaji,3097 jyanthi,313,36.69,29.01,3097,5.0,80.0,2.74,,,,,,,,,,,,,,,,,,,,,,,,,,,,,
Bidar,B0019 bhalki,C0875 kanaji,3337 kanaji,197,43.6,26.82,3337,10.0,85.0,5.85,,,,,,,,,,,,,,,,,,,,,,,,,,,,,
Bidar,B0019 bhalki,C0938 khatak-chincholi,1755 dawargaon,196,35.89,26.98,1755,5.0,77.5,-1.82,6.0,6.0,100.0,0.0,100.0,360.0,360.0,21.0,17.14,47.62,52.38,83.33,66.67,33.33,83.33,0.0,0.0,100.0,33.33,16.67,66.67,16.67,1.0,6.0,0.33,2.0,0.0,240.0,60.0
Bidar,B0019 bhalki,C0938 khatak-chincholi,3939 kurubakhelagi,68,42.43,27.65,3939,8.5,80.0,-3.97,,,,,,,,,,,,,,,,,,,,,,,,,,,,,
Bidar,B0019 bhalki,C0938 khatak-chincholi,6146 yenkur,43,40.58,27.86,6146,1.0,75.0,10.44,,,,,,,,,,,,,,,,,,,,,,,,,,,,,
Bidar,B0019 bhalki,C1049 lakhangaon,3990 lakhangaon,105,39.62,28.57,3990,5.0,85.0,2.86,3.0,2.0,66.67,33.33,100.0,433.0,338.0,13.0,26.0,53.85,30.77,100.0,100.0,100.0,100.0,0.0,0.0,100.0,0.0,50.0,50.0,0.0,2.5,5.0,1.0,5.0,0.0,,169.0
Bidar,B0019 bhalki,C1049 lakhangaon,4010 lanjwad,157,38.82,27.05,4010,8.0,80.0,8.56,,,,,,,,,,,,,,,,,,,,,,,,,,,,,
Bidar,B0019 bhalki,C1049 lakhangaon,5660 telgaon,102,30.44,24.04,5660,0.0,60.0,-7.82,10.0,8.0,80.0,20.0,100.0,1246.0,420.0,31.0,13.55,54.84,61.29,87.5,62.5,50.0,75.0,12.5,0.0,75.0,62.5,75.0,75.0,0.0,1.12,4.0,1.38,5.25,2.25,118.5,52.5
Bidar,B0019 bhalki,C1178 mehakar,4403 mehakar,359,52.98,27.63,4403,15.0,90.0,2.38,,,,,,,,,,,,,,,,,,,,,,,,,,,,,
Bidar,B0019 bhalki,C1195 morambi,4108 madkatti,42,50.71,32.34,4108,0.0,90.0,4.4,9.0,7.0,77.78,22.22,100.0,590.0,288.0,17.0,16.94,41.18,11.76,71.43,42.86,28.57,57.14,42.86,0.0,71.43,28.57,14.29,71.43,0.0,1.0,6.14,2.29,2.0,1.29,240.0,41.1
Bidar,B0019 bhalki,C1195 morambi,4472 morambi,175,52.8,21.55,4472,22.0,80.0,-1.26,8.0,6.0,75.0,25.0,100.0,345.0,294.0,21.0,14.0,57.14,38.1,100.0,66.67,50.0,33.33,66.67,33.33,100.0,66.67,66.67,100.0,33.33,1.33,6.0,0.83,3.33,0.83,240.0,49.0
Bidar,B0019 bhalki,C1318 nittur (b),1128 beeri (k),178,40.28,27.34,1128,5.0,80.0,2.68,8.0,8.0,100.0,0.0,100.0,332.0,332.0,28.0,11.86,53.57,57.14,100.0,87.5,50.0,62.5,0.0,0.0,100.0,62.5,37.5,75.0,12.5,1.12,3.62,0.38,7.0,2.62,241.25,41.5
Bidar,B0019 bhalki,C1318 nittur (b),4875 nittur (b),78,51.79,23.31,4875,18.5,80.0,1.37,7.0,6.0,85.71,14.29,100.0,1144.0,618.0,27.0,22.89,44.44,70.37,83.33,66.67,33.33,83.33,16.67,0.0,66.67,83.33,33.33,66.67,20.0,1.17,5.67,2.17,4.83,3.67,185.5,103.0
Bidar,B0019 bhalki,C1428 saigaon,5155 saigaon,283,62.58,26.65,5155,25.0,95.0,1.11,9.0,8.0,88.89,11.11,100.0,612.0,611.0,28.0,21.82,21.43,46.43,87.5,62.5,50.0,62.5,0.0,12.5,50.0,50.0,62.5,62.5,12.5,1.12,3.5,1.12,8.25,0.0,,76.4
Bidar,B0019 bhalki,C1707 wanjarkhed marathi,6021 wanjarkhed,191,50.63,28.03,6021,15.0,90.0,-3.92,,,,,,,,,,,,,,,,,,,,,,,,,,,,,
Bidar,B0019 bhalki,C1708 warwatti (b),4108 madkatti,37,51.62,28.09,4108,15.0,85.0,10.62,9.0,7.0,77.78,22.22,100.0,590.0,288.0,17.0,16.94,41.18,11.76,71.43,42.86,28.57,57.14,42.86,0.0,71.43,28.57,14.29,71.43,0.0,1.0,6.14,2.29,2.0,1.29,240.0,41.1
Bidar,B0019 bhalki,C1708 warwatti (b),6032 warwatti (b),119,30.08,26.51,6032,0.0,70.0,2.35,7.0,6.0,85.71,14.29,100.0,481.0,340.0,21.0,16.19,38.1,57.14,100.0,50.0,33.33,100.0,0.0,0.0,66.67,33.33,50.0,83.33,0.0,1.0,5.67,0.0,5.0,4.17,240.0,56.7
Bidar,B0020 bidar,C0034 aliamber,6108 yaranalli,173,41.65,29.22,6108,5.0,85.0,2.32,,,,,,,,,,,,,,,,,,,,,,,,,,,,,
Bidar,B0020 bidar,C0034 aliamber,616 aliamber,274,50.09,27.77,616,15.0,90.0,1.83,10.0,8.0,80.0,20.0,100.0,687.0,619.0,42.0,14.74,45.24,59.52,87.5,87.5,62.5,87.5,12.5,0.0,100.0,62.5,75.0,87.5,0.0,1.0,3.62,0.75,7.88,4.5,240.0,77.4
Bidar,B0020 bidar,C0051 amlapur,4678 nagora,113,32.88,20.5,4678,6.0,59.0,2.1,,,,,,,,,,,,,,,,,,,,,,,,,,,,,
Bidar,B0020 bidar,C0051 amlapur,6051 yadlapur,133,61.99,27.87,6051,20.0,90.0,-3.6,11.0,8.0,72.73,27.27,100.0,1095.0,791.0,44.0,17.98,61.36,50.0,100.0,87.5,37.5,75.0,0.0,0.0,100.0,50.0,75.0,62.5,25.0,0.75,4.5,0.12,8.75,0.25,237.17,98.9
Bidar,B0020 bidar,C0063 andura,5205 sangolgi,262,31.03,25.2,5205,0.0,69.5,0.3,11.0,9.0,81.82,18.18,100.0,567.0,534.0,32.0,16.69,43.75,65.62,66.67,88.89,55.56,77.78,11.11,0.0,100.0,22.22,77.78,66.67,0.0,0.89,3.22,1.89,7.33,3.33,230.57,59.3
Bidar,B0020 bidar,C0063 andura,706 andoor,169,45.44,28.13,706,5.0,81.0,9.24,,,,,,,,,,,,,,,,,,,,,,,,,,,,,
Bidar,B0020 bidar,C0124 bagdal,844 aurad (s),157,22.39,21.61,844,0.0,50.0,7.61,4.0,4.0,100.0,0.0,100.0,170.0,170.0,11.0,15.45,54.55,27.27,75.0,100.0,25.0,100.0,0.0,0.0,100.0,100.0,100.0,75.0,0.0,1.0,3.75,0.5,11.0,2.5,234.0,42.5
Bidar,B0020 bidar,C0124 bagdal,921 bagdal,281,18.99,18.18,921,0.0,45.0,4.22,14.0,11.0,78.57,21.43,100.0,1551.0,1116.0,50.0,22.32,62.0,56.0,100.0,81.82,54.55,63.64,9.09,9.09,72.73,72.73,81.82,45.45,0.0,1.64,4.91,0.36,5.64,1.0,239.4,101.5
Bidar,B0020 bidar,C0171 baroor,1071 baroor,159,37.3,28.83,1071,5.0,85.0,-0.76,,,,,,,,,,,,,,,,,,,,,,,,,,,,,
Bidar,B0020 bidar,C0171 baroor,2707 hokrana (b),128,31.91,26.27,2707,0.0,75.0,13.61,,,,,,,,,,,,,,,,,,,,,,,,,,,,,
Bidar,B0020 bidar,C0171 baroor,4214 manahalli,169,21.98,18.72,4214,0.0,45.0,-1.18,,,,,,,,,,,,,,,,,,,,,,,,,,,,,
Bidar,B0020 bidar,C0306 chatnalli,3198 kadwad,76,41.05,27.93,3198,5.0,80.0,2.55,11.0,9.0,81.82,18.18,100.0,780.0,685.0,39.0,17.56,66.67,43.59,77.78,100.0,66.67,22.22,0.0,0.0,100.0,66.67,44.44,55.56,22.22,0.89,4.22,1.78,3.78,2.56,206.75,76.1
Bidar,B0020 bidar,C0346 chimkod,1625 chilargi,181,43.45,27.73,1625,10.0,85.0,-0.16,,,,,,,,,,,,,,,,,,,,,,,,,,,,,
Bidar,B0020 bidar,C0346 chimkod,1629 chimkod,33,36.97,22.5,1629,11.0,74.0,5.28,7.0,6.0,85.71,14.29,100.0,340.0,324.0,18.0,18.0,61.11,50.0,83.33,100.0,83.33,100.0,0.0,0.0,83.33,50.0,100.0,66.67,0.0,0.67,3.5,0.33,11.33,2.0,235.0,54.0
Bidar,B0020 bidar,C0346 chimkod,5502 srimandal,129,39.65,27.38,5502,5.0,80.0,-2.41,8.0,6.0,75.0,25.0,100.0,347.0,291.0,18.0,16.17,77.78,72.22,66.67,100.0,83.33,66.67,0.0,0.0,100.0,50.0,83.33,83.33,0.0,1.17,5.0,0.17,3.83,1.33,237.0,48.5
Bidar,B0020 bidar,C0467 gadagi,1629 chimkod,38,60.39,23.43,1629,28.5,81.5,8.54,7.0,6.0,85.71,14.29,100.0,340.0,324.0,18.0,18.0,61.11,50.0,83.33,100.0,83.33,100.0,0.0,0.0,83.33,50.0,100.0,66.67,0.0,0.67,3.5,0.33,11.33,2.0,235.0,54.0
Bidar,B0020 bidar,C0467 gadagi,2016 gadgi,254,48.72,29.49,2016,10.0,90.0,-0.55,16.0,11.0,68.75,31.25,100.0,1967.0,662.0,36.0,18.39,58.33,44.44,90.91,81.82,63.64,54.55,0.0,9.09,90.91,9.09,90.91,63.64,0.0,1.45,3.18,0.45,8.36,2.91,237.29,60.2
Bidar,B0020 bidar,C0467 gadagi,4323 markhal,258,60.66,25.19,4323,20.0,90.0,0.4,,,,,,,,,,,,,,,,,,,,,,,,,,,,,
Bidar,B0020 bidar,C0787 janwada,1480 chambol,89,72.92,21.01,1480,40.0,95.0,3.72,8.0,7.0,87.5,12.5,100.0,534.0,525.0,23.0,22.83,39.13,43.48,100.0,100.0,42.86,42.86,14.29,14.29,85.71,71.43,57.14,71.43,14.29,1.71,5.86,0.0,4.43,0.29,239.0,75.0
Bidar,B0020 bidar,C0787 janwada,3050 janwada,235,45.55,25.72,3050,10.0,80.0,-0.23,14.0,9.0,64.29,35.71,100.0,1939.0,1219.0,52.0,23.44,69.23,78.85,88.89,88.89,55.56,33.33,33.33,11.11,77.78,11.11,88.89,55.56,14.29,4.22,4.44,0.11,4.67,1.33,240.8,135.4
Bidar,B0020 bidar,C0787 janwada,5502 srimandal,61,58.11,31.48,5502,10.0,95.0,-3.62,8.0,6.0,75.0,25.0,100.0,347.0,291.0,18.0,16.17,77.78,72.22,66.67,100.0,83.33,66.67,0.0,0.0,100.0,50.0,83.33,83.33,0.0,1.17,5.0,0.17,3.83,1.33,237.0,48.5
Bidar,B0020 bidar,C0831 kadwad,1522 chatnalli,183,43.91,24.17,1522,15.0,80.0,-3.46,9.0,9.0,100.0,0.0,100.0,698.0,698.0,45.0,15.51,42.22,51.11,77.78,100.0,88.89,44.44,0.0,0.0,88.89,88.89,88.89,55.56,0.0,1.0,4.0,2.0,6.67,1.78,231.5,77.6
Bidar,B0020 bidar,C0831 kadwad,3198 kadwad,158,47.25,32.19,3198,5.0,91.5,4.48,11.0,9.0,81.82,18.18,100.0,780.0,685.0,39.0,17.56,66.67,43.59,77.78,100.0,66.67,22.22,0.0,0.0,100.0,66.67,44.44,55.56,22.22,0.89,4.22,1.78,3.78,2.56,206.75,76.1
Bidar,B0020 bidar,C0871 kamthana,3329 kamthana,104,64.9,20.35,3329,40.0,90.0,1.24,16.0,8.0,50.0,50.0,100.0,2517.0,1322.0,53.0,24.94,47.17,67.92,100.0,87.5,62.5,37.5,25.0,25.0,75.0,25.0,62.5,37.5,16.67,4.25,6.25,2.12,7.12,0.5,232.57,165.2
Bidar,B0020 bidar,C0871 kamthana,3411 kaplapur (a),271,24.56,25.52,3411,0.0,60.0,6.5,8.0,6.0,75.0,25.0,100.0,479.0,283.0,22.0,12.86,86.36,59.09,66.67,100.0,66.67,33.33,0.0,0.0,100.0,33.33,100.0,66.67,0.0,1.33,3.33,2.33,10.33,1.33,240.0,47.2
Bidar,B0020 bidar,C0968 kolar(k),3411 kaplapur (a),140,42.68,25.92,3411,5.0,75.0,9.32,8.0,6.0,75.0,25.0,100.0,479.0,283.0,22.0,12.86,86.36,59.09,66.67,100.0,66.67,33.33,0.0,0.0,100.0,33.33,100.0,66.67,0.0,1.33,3.33,2.33,10.33,1.33,240.0,47.2
Bidar,B0020 bidar,C0968 kolar(k),3695 kolar (k),167,44.43,25.1,3695,13.0,80.0,-5.48,15.0,7.0,46.67,53.33,100.0,1698.0,473.0,29.0,16.31,62.07,55.17,100.0,85.71,57.14,85.71,0.0,0.0,100.0,57.14,71.43,71.43,14.29,1.29,3.86,0.43,10.29,1.57,240.0,67.6
Bidar,B0020 bidar,C1097 mailoor,1661 chitta,178,59.97,27.67,1661,20.0,95.0,7.71,,,,,,,,,,,,,,,,,,,,,,,,,,,,,
Bidar,B0020 bidar,C1103 malegaon,4172 malegaon,279,29.75,23.01,4172,4.0,65.0,5.72,12.0,11.0,91.67,8.33,100.0,868.0,829.0,42.0,19.74,76.19,42.86,100.0,100.0,45.45,81.82,0.0,0.0,100.0,54.55,81.82,72.73,20.0,1.45,5.18,0.82,9.73,2.36,235.12,75.4
Bidar,B0020 bidar,C1103 malegaon,4180 malkapur,85,42.94,25.64,4180,10.0,75.0,7.8,7.0,6.0,85.71,14.29,100.0,325.0,322.0,22.0,14.64,81.82,40.91,66.67,33.33,50.0,83.33,0.0,0.0,100.0,0.0,83.33,66.67,0.0,1.83,2.67,1.17,10.33,2.67,237.0,53.7
Bidar,B0020 bidar,C1103 malegaon,820 astoor,327,29.37,26.38,820,0.0,70.0,-0.78,,,,,,,,,,,,,,,,,,,,,,,,,,,,,
Bidar,B0020 bidar,C1122 mandaknalli,3329 kamthana,182,47.69,23.11,3329,20.0,80.0,9.12,16.0,8.0,50.0,50.0,100.0,2517.0,1322.0,53.0,24.94,47.17,67.92,100.0,87.5,62.5,37.5,25.0,25.0,75.0,25.0,62.5,37.5,16.67,4.25,6.25,2.12,7.12,0.5,232.57,165.2
Bidar,B0020 bidar,C1122 mandaknalli,4228 mandaknalli,242,42.19,28.68,4228,10.0,89.5,0.74,7.0,6.0,85.71,14.29,100.0,767.0,536.0,28.0,19.14,60.71,50.0,66.67,100.0,50.0,33.33,0.0,0.0,100.0,16.67,83.33,66.67,16.67,1.5,4.83,0.17,9.83,2.67,239.25,89.3
Bidar,B0020 bidar,C1122 mandaknalli,6051 yadlapur,76,47.83,28.5,6051,10.0,87.5,-0.54,11.0,8.0,72.73,27.27,100.0,1095.0,791.0,44.0,17.98,61.36,50.0,100.0,87.5,37.5,75.0,0.0,0.0,100.0,50.0,75.0,62.5,25.0,0.75,4.5,0.12,8.75,0.25,237.17,98.9
Bidar,B0020 bidar,C1127 mangalpet,4180 malkapur,157,37.93,26.66,4180,5.0,80.0,3.69,7.0,6.0,85.71,14.29,100.0,325.0,322.0,22.0,14.64,81.82,40.91,66.67,33.33,50.0,83.33,0.0,0.0,100.0,0.0,83.33,66.67,0.0,1.83,2.67,1.17,10.33,2.67,237.0,53.7
Bidar,B0020 bidar,C1128 manhalli,4214 manahalli,44,41.02,32.81,4214,5.0,92.0,4.23,,,,,,,,,,,,,,,,,,,,,,,,,,,,,
Bidar,B0020 bidar,C1128 manhalli,5418 sindol,133,27.37,22.04,5418,5.0,55.0,-2.36,,,,,,,,,,,,,,,,,,,,,,,,,,,,,
Bidar,B0020 bidar,C1263 nagora,4678 nagora,273,40.24,26.4,4678,10.0,80.0,-5.38,,,,,,,,,,,,,,,,,,,,,,,,,,,,,
Bidar,B0020 bidar,C1263 nagora,661 amlapur,193,50.41,29.68,661,10.0,90.0,4.66,,,,,,,,,,,,,,,,,,,,,,,,,,,,,
Bidar,B0020 bidar,C1288 naubad,620 aliyabad (j),111,44.14,28.7,620,10.0,85.0,4.08,,,,,,,,,,,,,,,,,,,,,,,,,,,,,
Bidar,B0020 bidar,C1383 rajgira,4327 markunda,196,45.51,22.46,4327,17.5,75.0,-7.73,14.0,10.0,71.43,28.57,100.0,1101.0,775.0,45.0,17.22,53.33,46.67,100.0,80.0,50.0,80.0,0.0,10.0,90.0,80.0,80.0,70.0,10.0,1.4,3.8,1.5,5.8,1.5,234.5,77.5
Bidar,B0020 bidar,C1383 rajgira,5418 sindol,231,39.94,25.3,5418,5.0,75.0,-2.64,,,,,,,,,,,,,,,,,,,,,,,,,,,,,
Bidar,B0020 bidar,C1397 ranjolkheni,5099 ranjol kheni,123,35.61,28.46,5099,5.0,80.0,-4.7,,,,,,,,,,,,,,,,,,,,,,,,,,,,,
Bidar,B0020 bidar,C1397 ranjolkheni,5115 rekulagi,228,44.58,27.05,5115,10.0,85.0,3.87,,,,,,,,,,,,,,,,,,,,,,,,,,,,,
Bidar,B0020 bidar,C1397 ranjolkheni,5440 sirsi (a),211,50.55,27.27,5440,15.0,85.0,1.89,4.0,2.0,50.0,50.0,100.0,484.0,343.0,14.0,24.5,42.86,64.29,100.0,100.0,50.0,50.0,0.0,0.0,100.0,0.0,100.0,50.0,50.0,1.5,5.0,0.0,4.0,0.0,244.0,171.5
Bidar,B0020 bidar,C2563 rekulgi urdu,5115 rekulagi,103,26.8,25.98,5115,0.0,65.0,-5.0,,,,,,,,,,,,,,,,,,,,,,,,,,,,,
Bidar,B0020 bidar,C2820 faizpura urdu,1661 chitta,92,62.66,20.31,1661,30.0,84.5,5.33,,,,,,,,,,,,,,,,,,,,,,,,,,,,,
Bidar,B0068 humnabad,C0205 bemalkheda,1207 bemalkheda,447,47.21,29.33,1207,5.0,85.0,-3.06,8.0,7.0,87.5,12.5,100.0,1505.0,1313.0,35.0,37.51,42.86,62.86,85.71,100.0,71.43,14.29,14.29,14.29,71.43,57.14,100.0,57.14,40.0,2.86,6.71,0.0,0.86,0.86,240.0,187.6
Bidar,B0068 humnabad,C0205 bemalkheda,5855 udamnalli,467,53.24,32.71,5855,5.0,90.0,-2.39,,,,,,,,,,,,,,,,,,,,,,,,,,,,,
Bidar,B0068 humnabad,C0208 benchincholi,1219 benchincholi,281,35.09,25.71,1219,5.0,75.0,-0.04,3.0,3.0,100.0,0.0,100.0,367.0,367.0,22.0,16.68,50.0,31.82,66.67,66.67,0.0,33.33,0.0,0.0,100.0,33.33,100.0,100.0,66.67,1.67,7.0,0.0,0.0,0.0,,122.3
Bidar,B0068 humnabad,C0208 benchincholi,4082 madargaon,217,47.53,29.25,4082,10.0,90.0,-2.55,9.0,9.0,100.0,0.0,100.0,360.0,360.0,17.0,21.18,23.53,64.71,88.89,88.89,22.22,66.67,0.0,22.22,100.0,44.44,66.67,77.78,0.0,1.22,3.22,0.44,3.89,2.0,238.2,40.0
Bidar,B0068 humnabad,C0208 benchincholi,5622 talmadgi,65,43.46,21.03,5622,12.0,65.0,-2.0,4.0,3.0,75.0,25.0,100.0,695.0,232.0,8.0,29.0,50.0,62.5,100.0,100.0,33.33,66.67,0.0,0.0,100.0,66.67,66.67,100.0,33.33,1.0,5.0,0.0,0.0,0.0,1.0,77.3
Bidar,B0068 humnabad,C0298 changlera,1502 changlera,505,68.09,22.23,1502,35.0,95.0,3.36,13.0,12.0,92.31,7.69,100.0,1103.0,995.0,42.0,23.69,33.33,50.0,66.67,83.33,41.67,83.33,16.67,0.0,100.0,50.0,75.0,91.67,16.67,1.08,5.25,0.92,3.25,2.67,240.0,82.9
Bidar,B0068 humnabad,C0298 changlera,4400 meenkera,395,34.41,26.28,4400,5.0,75.0,3.68,7.0,5.0,71.43,28.57,100.0,1020.0,602.0,27.0,22.3,29.63,44.44,60.0,80.0,40.0,60.0,0.0,0.0,100.0,0.0,60.0,60.0,60.0,1.0,5.2,0.0,4.2,2.4,244.0,120.4
Bidar,B0068 humnabad,C0298 changlera,4599 muttangi,287,23.62,22.8,4599,0.0,60.0,4.28,,,,,,,,,,,,,,,,,,,,,,,,,,,,,
Bidar,B0068 humnabad,C0361 chitguppa (urdu),1184 belkera,108,64.21,27.79,1184,20.0,95.0,2.19,8.0,8.0,100.0,0.0,100.0,903.0,903.0,41.0,22.02,53.66,68.29,100.0,87.5,75.0,50.0,0.0,0.0,50.0,87.5,75.0,75.0,25.0,1.0,7.0,1.25,3.62,1.38,232.0,112.9
Bidar,B0068 humnabad,C0361 chitguppa (urdu),4711 nandgaon,171,46.29,25.55,4711,15.0,85.0,0.8,,,,,,,,,,,,,,,,,,,,,,,,,,,,,
Bidar,B0068 humnabad,C0361 chitguppa (urdu),5858 udbal,219,31.19,26.84,5858,0.0,75.0,5.69,3.0,3.0,100.0,0.0,100.0,314.0,314.0,11.0,28.55,54.55,81.82,100.0,100.0,33.33,33.33,33.33,0.0,33.33,100.0,33.33,66.67,33.33,1.33,5.67,0.0,6.0,3.33,237.0,104.7
Bidar,B0068 humnabad,C0362 chitguppa,1184 belkera,179,35.11,26.07,1184,5.0,75.0,-4.81,8.0,8.0,100.0,0.0,100.0,903.0,903.0,41.0,22.02,53.66,68.29,100.0,87.5,75.0,50.0,0.0,0.0,50.0,87.5,75.0,75.0,25.0,1.0,7.0,1.25,3.62,1.38,232.0,112.9
Bidar,B0068 humnabad,C0445 dubalgundi,1953 dubalgundi,154,66.43,15.4,1953,45.0,90.0,1.11,,,,,,,,,,,,,,,,,,,,,,,,,,,,,
Bidar,B0068 humnabad,C0445 dubalgundi,3027 jalsangi,317,54.76,28.42,3027,10.0,90.0,4.05,,,,,,,,,,,,,,,,,,,,,,,,,,,,,
Bidar,B0068 humnabad,C0445 dubalgundi,5284 sedol,161,41.71,22.99,5284,10.0,75.0,3.15,3.0,3.0,100.0,0.0,100.0,227.0,227.0,10.0,22.7,30.0,60.0,66.67,100.0,66.67,33.33,0.0,0.0,33.33,33.33,100.0,66.67,0.0,1.0,6.67,10.0,9.33,0.0,238.0,75.7
Bidar,B0068 humnabad,C0472 gadwanthi,1837 dhumansoor,98,76.73,14.33,1837,58.5,95.0,5.13,,,,,,,,,,,,,,,,,,,,,,,,,,,,,
Bidar,B0068 humnabad,C0472 gadwanthi,3381 kankatta,363,64.49,25.36,3381,30.0,95.0,6.95,5.0,3.0,60.0,40.0,100.0,711.0,574.0,24.0,23.92,66.67,54.17,100.0,100.0,66.67,0.0,0.0,0.0,66.67,100.0,100.0,66.67,66.67,2.0,7.67,0.33,8.67,3.67,234.67,191.3
Bidar,B0068 humnabad,C0472 gadwanthi,4257 maniknagar,144,47.26,28.42,4257,10.0,85.0,9.28,13.0,8.0,61.54,38.46,100.0,1642.0,408.0,26.0,15.69,69.23,57.69,75.0,87.5,37.5,62.5,12.5,0.0,75.0,37.5,75.0,75.0,25.0,1.0,5.75,0.62,2.62,3.12,204.33,51.0
Bidar,B0068 humnabad,C0498 ghatboral,2090 ghatboral,107,26.82,24.5,2090,0.0,67.0,-1.75,15.0,10.0,66.67,33.33,100.0,1179.0,787.0,27.0,29.15,40.74,81.48,100.0,40.0,60.0,60.0,20.0,10.0,70.0,30.0,60.0,70.0,11.11,2.2,5.3,0.0,2.4,0.5,235.0,78.7
Bidar,B0068 humnabad,C0498 ghatboral,2094 ghodwadi,82,39.82,27.53,2094,5.0,80.0,-15.22,8.0,6.0,75.0,25.0,100.0,2055.0,614.0,26.0,23.62,42.31,84.62,83.33,66.67,50.0,50.0,0.0,16.67,50.0,50.0,50.0,66.67,16.67,1.0,5.67,1.67,4.67,0.83,239.25,102.3
Bidar,B0068 humnabad,C0580 hallikhed (b),1723 dakulgi,272,34.98,27.58,1723,5.0,79.5,8.99,11.0,10.0,90.91,9.09,100.0,531.0,517.0,24.0,21.54,70.83,70.83,90.0,100.0,30.0,20.0,0.0,0.0,90.0,50.0,40.0,60.0,10.0,1.2,4.6,3.2,3.6,0.6,234.0,51.7
Bidar,B0068 humnabad,C0581 hallikhed (k),2361 hallikhed (k),369,66.6,26.72,2361,25.0,95.0,1.53,10.0,8.0,80.0,20.0,100.0,1463.0,1225.0,39.0,31.41,43.59,92.31,100.0,75.0,50.0,75.0,37.5,37.5,37.5,37.5,37.5,62.5,16.67,5.75,5.25,0.5,2.62,1.75,237.5,153.1
Bidar,B0068 humnabad,C0581 hallikhed (k),6285 kallur,339,73.92,19.37,6285,45.0,95.0,4.82,7.0,5.0,71.43,28.57,100.0,694.0,262.0,17.0,15.41,52.94,64.71,80.0,80.0,60.0,80.0,0.0,20.0,100.0,60.0,80.0,100.0,0.0,1.0,7.6,0.4,2.2,0.0,,52.4
Bidar,B0068 humnabad,C0595 handikera,1486 chandanhalli,376,62.01,26.84,1486,22.5,95.0,10.39,6.0,5.0,83.33,16.67,100.0,901.0,575.0,26.0,22.12,46.15,69.23,100.0,100.0,60.0,20.0,0.0,0.0,100.0,80.0,40.0,80.0,40.0,1.6,6.0,2.8,9.8,0.8,240.0,115.0
Bidar,B0068 humnabad,C0595 handikera,5539 sultanabad,371,51.89,24.32,5539,15.0,85.0,1.27,6.0,6.0,100.0,0.0,100.0,599.0,599.0,19.0,31.53,21.05,63.16,66.67,100.0,50.0,66.67,0.0,0.0,83.33,50.0,66.67,83.33,33.33,1.17,4.0,2.0,7.5,2.5,238.5,99.8
Bidar,B0068 humnabad,C0712 hudgi,2817 hudgi,258,41.32,29.09,2817,8.5,85.0,4.17,13.0,8.0,61.54,38.46,100.0,2429.0,1246.0,34.0,36.65,55.88,44.12,87.5,100.0,50.0,62.5,12.5,0.0,87.5,62.5,100.0,75.0,0.0,2.62,7.88,0.0,1.25,1.25,4.0,155.8
Bidar,B0068 humnabad,C0712 hudgi,5414 sindhankera,279,63.1,25.5,5414,29.0,90.0,5.86,,,,,,,,,,,,,,,,,,,,,,,,,,,,,
Bidar,B0068 humnabad,C0730 humnabad (urdu),4711 nandgaon,115,76.78,19.85,4711,50.0,98.0,7.12,,,,,,,,,,,,,,,,,,,,,,,,,,,,,
Bidar,B0068 humnabad,C1131 manna-ekhelli,4243 mangalgi,241,32.1,26.36,4243,0.0,70.0,-0.23,13.0,9.0,69.23,30.77,100.0,1872.0,1145.0,46.0,24.89,60.87,63.04,88.89,100.0,66.67,55.56,11.11,0.0,55.56,55.56,77.78,55.56,50.0,1.56,5.33,1.33,2.89,1.67,235.0,127.2
Bidar,B0068 humnabad,C1131 manna-ekhelli,4266 mannaekhelli,266,36.84,28.5,4266,5.0,80.0,2.93,,,,,,,,,,,,,,,,,,,,,,,,,,,,,
Bidar,B0068 humnabad,C1132 mannaekheli (urdu),4869 nirna,95,26.95,23.42,4869,2.0,63.0,9.42,14.0,9.0,64.29,35.71,100.0,1654.0,848.0,32.0,26.5,56.25,78.12,77.78,44.44,66.67,88.89,11.11,0.0,55.56,22.22,33.33,66.67,25.0,3.11,4.89,0.11,3.11,1.44,220.0,94.2
Bidar,B0068 humnabad,C1317 nirna,4599 muttangi,177,44.55,30.25,4599,5.0,85.0,2.03,,,,,,,,,,,,,,,,,,,,,,,,,,,,,
Bidar,B0068 humnabad,C1317 nirna,4869 nirna,239,38.26,26.92,4869,5.0,80.0,2.65,14.0,9.0,64.29,35.71,100.0,1654.0,848.0,32.0,26.5,56.25,78.12,77.78,44.44,66.67,88.89,11.11,0.0,55.56,22.22,33.33,66.67,25.0,3.11,4.89,0.11,3.11,1.44,220.0,94.2
Bidar,B0068 humnabad,C1469 sedol (urdu),1953 dubalgundi,83,88.01,9.94,1953,80.0,100.0,-3.95,,,,,,,,,,,,,,,,,,,,,,,,,,,,,
Bidar,B0068 humnabad,C1469 sedol (urdu),2094 ghodwadi,79,72.22,21.27,2094,45.0,100.0,-4.17,8.0,6.0,75.0,25.0,100.0,2055.0,614.0,26.0,23.62,42.31,84.62,83.33,66.67,50.0,50.0,0.0,16.67,50.0,50.0,50.0,66.67,16.67,1.0,5.67,1.67,4.67,0.83,239.25,102.3
Bidar,B0068 humnabad,C1515 sitalgera,5442 sitalgera,268,55.71,27.82,5442,15.0,90.0,-8.93,12.0,12.0,100.0,0.0,100.0,649.0,649.0,33.0,19.67,33.33,48.48,83.33,91.67,25.0,66.67,0.0,0.0,75.0,50.0,66.67,58.33,16.67,1.08,3.5,4.42,7.08,2.5,236.6,54.1
Bidar,B0068 humnabad,C1515 sitalgera,5622 talmadgi,179,55.78,28.84,5622,10.0,90.0,-1.89,4.0,3.0,75.0,25.0,100.0,695.0,232.0,8.0,29.0,50.0,62.5,100.0,100.0,33.33,66.67,0.0,0.0,100.0,66.67,66.67,100.0,33.33,1.0,5.0,0.0,0.0,0.0,1.0,77.3
Bidar,B0068 humnabad,C1632 udbal,2974 itaga,451,26.54,24.09,2974,0.0,65.0,2.57,,,,,,,,,,,,,,,,,,,,,,,,,,,,,
Bidar,B0068 humnabad,C1632 udbal,3646 kodambal,265,47.3,24.94,3646,10.0,80.0,11.77,3.0,2.0,66.67,33.33,100.0,768.0,473.0,18.0,26.28,61.11,61.11,100.0,100.0,0.0,100.0,50.0,50.0,100.0,50.0,100.0,50.0,50.0,1.5,8.5,0.0,0.0,0.0,,236.5
Bidar,B0068 humnabad,C1632 udbal,4583 mustari,223,29.78,24.53,4583,0.0,65.0,6.56,5.0,4.0,80.0,20.0,100.0,533.0,367.0,13.0,28.23,30.77,53.85,100.0,100.0,50.0,25.0,0.0,0.0,25.0,50.0,75.0,75.0,25.0,1.0,4.5,0.0,3.0,1.5,231.0,91.8
Bidar,B0068 humnabad,C1632 udbal,5858 udbal,78,65.45,20.34,5858,38.5,85.0,-2.78,3.0,3.0,100.0,0.0,100.0,314.0,314.0,11.0,28.55,54.55,81.82,100.0,100.0,33.33,33.33,33.33,0.0,33.33,100.0,33.33,66.67,33.33,1.33,5.67,0.0,6.0,3.33,237.0,104.7
Chamarajanagara,B0027 chamarajanagar,C0042 aluru,6270 aluru,176,43.84,29.43,6270,5.0,85.0,-2.15,,,,,,,,,,,,,,,,,,,,,,,,,,,,,
Chamarajanagara,B0027 chamarajanagar,C0044 amachavadi,636 amachavadi,287,42.75,28.23,636,5.0,85.0,15.73,,,,,,,,,,,,,,,,,,,,,,,,,,,,,
Chamarajanagara,B0027 chamarajanagar,C0044 amachavadi,6460 honnahalli,186,46.8,23.8,6460,15.0,80.0,2.59,,,,,,,,,,,,,,,,,,,,,,,,,,,,,
Chamarajanagara,B0027 chamarajanagar,C0078 arakala vadi,6102 yaraganahalli,99,52.53,25.14,6102,20.0,90.0,4.74,,,,,,,,,,,,,,,,,,,,,,,,,,,,,
Chamarajanagara,B0027 chamarajanagar,C0078 arakala vadi,757 arakalavadi,222,54.28,25.71,757,15.0,85.0,3.02,,,,,,,,,,,,,,,,,,,,,,,,,,,,,
Chamarajanagara,B0027 chamarajanagar,C0122 bagali,1760 demahalli,165,77.61,16.48,1760,55.0,95.0,7.73,,,,,,,,,,,,,,,,,,,,,,,,,,,,,
Chamarajanagara,B0027 chamarajanagar,C0122 bagali,5228 santhemaralli,66,44.7,21.48,5228,20.0,75.0,0.13,,,,,,,,,,,,,,,,,,,,,,,,,,,,,
Chamarajanagara,B0027 chamarajanagar,C0122 bagali,918 bagali,206,72.96,21.59,918,45.0,95.0,7.85,,,,,,,,,,,,,,,,,,,,,,,,,,,,,
Chamarajanagara,B0027 chamarajanagar,C0293 chamarajanagar-1v,1491 chandhakavadi,117,52.91,28.79,1491,13.0,90.0,10.73,,,,,,,,,,,,,,,,,,,,,,,,,,,,,
Chamarajanagara,B0027 chamarajanagar,C0293 chamarajanagar-1v,3838 kudluru,137,50.58,25.12,3838,15.0,80.0,0.56,,,,,,,,,,,,,,,,,,,,,,,,,,,,,
Chamarajanagara,B0027 chamarajanagar,C0293 chamarajanagar-1v,4094 madhapura,83,51.75,23.56,4094,21.0,84.0,0.09,,,,,,,,,,,,,,,,,,,,,,,,,,,,,
Chamarajanagara,B0027 chamarajanagar,C0294 chandaka vadi,1491 chandhakavadi,113,50.66,24.39,1491,15.0,80.0,4.82,,,,,,,,,,,,,,,,,,,,,,,,,,,,,
Chamarajanagara,B0027 chamarajanagar,C0294 chandaka vadi,2538 hebbasuru,176,52.36,26.6,2538,15.0,90.0,1.6,,,,,,,,,,,,,,,,,,,,,,,,,,,,,
Chamarajanagara,B0027 chamarajanagar,C0294 chandaka vadi,842 attugulipura,95,35.95,26.34,842,5.0,78.0,7.6,,,,,,,,,,,,,,,,,,,,,,,,,,,,,
Chamarajanagara,B0027 chamarajanagar,C0608 haradana halli,1368 bisalavadi,160,48.38,24.39,1368,15.0,80.0,-0.29,,,,,,,,,,,,,,,,,,,,,,,,,,,,,
Chamarajanagara,B0027 chamarajanagar,C0608 haradana halli,1835 dhoddamole,252,52.7,24.78,1835,20.0,85.0,-0.85,,,,,,,,,,,,,,,,,,,,,,,,,,,,,
Chamarajanagara,B0027 chamarajanagar,C0608 haradana halli,2442 haradhanahalli,208,68.89,20.7,2442,40.0,90.0,9.69,,,,,,,,,,,,,,,,,,,,,,,,,,,,,
Chamarajanagara,B0027 chamarajanagar,C0608 haradana halli,5990 venkataiahanachathra,114,34.43,24.17,5990,5.0,70.0,-1.54,,,,,,,,,,,,,,,,,,,,,,,,,,,,,
Chamarajanagara,B0027 chamarajanagar,C0612 harave,2462 harave,92,54.46,26.96,2462,15.0,89.5,-4.51,,,,,,,,,,,,,,,,,,,,,,,,,,,,,
Chamarajanagara,B0027 chamarajanagar,C0612 harave,4173 maleyuru,164,47.13,27.43,4173,10.0,85.0,12.2,,,,,,,,,,,,,,,,,,,,,,,,,,,,,
Chamarajanagara,B0027 chamarajanagar,C0612 harave,4535 mukkadahalli,77,51.69,23.12,4535,20.0,80.0,12.5,,,,,,,,,,,,,,,,,,,,,,,,,,,,,
Chamarajanagara,B0027 chamarajanagar,C0612 harave,6213 govinda wadi,39,51.79,30.68,6213,5.0,86.0,-5.69,,,,,,,,,,,,,,,,,,,,,,,,,,,,,
Chamarajanagara,B0027 chamarajanagar,C0641 heggotara,2566 heggotara,294,51.41,28.51,2566,15.0,90.0,6.27,,,,,,,,,,,,,,,,,,,,,,,,,,,,,
Chamarajanagara,B0027 chamarajanagar,C0641 heggotara,4535 mukkadahalli,88,51.48,25.32,4535,15.0,80.0,5.61,,,,,,,,,,,,,,,,,,,,,,,,,,,,,
Chamarajanagara,B0027 chamarajanagar,C0832 kagalavadi,2225 guleepura,176,57.02,28.09,2225,20.0,95.0,4.66,,,,,,,,,,,,,,,,,,,,,,,,,,,,,
Chamarajanagara,B0027 chamarajanagar,C0832 kagalavadi,3201 kagalavadi,132,54.89,21.11,3201,25.0,80.0,8.6,,,,,,,,,,,,,,,,,,,,,,,,,,,,,
Chamarajanagara,B0027 chamarajanagar,C0970 kolipalya,5022 punajnoor,131,42.94,30.04,5022,0.0,85.0,2.04,,,,,,,,,,,,,,,,,,,,,,,,,,,,,
Chamarajanagara,B0027 chamarajanagar,C1012 kuderu,3829 kuderu,191,45.47,27.82,3829,5.0,85.0,6.35,,,,,,,,,,,,,,,,,,,,,,,,,,,,,
Chamarajanagara,B0027 chamarajanagar,C1125 mangala,1294 bhogapura,139,58.45,27.22,1294,20.0,95.0,8.08,,,,,,,,,,,,,,,,,,,,,,,,,,,,,
Chamarajanagara,B0027 chamarajanagar,C1125 mangala,6264 mangala,283,48.67,27.85,6264,10.0,85.0,6.48,,,,,,,,,,,,,,,,,,,,,,,,,,,,,
Chamarajanagara,B0027 chamarajanagar,C1261 nagavalli,3098 jyothigowdanapura,295,48.02,26.55,3098,12.0,85.0,10.41,,,,,,,,,,,,,,,,,,,,,,,,,,,,,
Chamarajanagara,B0027 chamarajanagar,C1261 nagavalli,6336 nagavalli,208,57.72,27.78,6336,13.5,90.0,6.06,,,,,,,,,,,,,,,,,,,,,,,,,,,,,
Chamarajanagara,B0027 chamarajanagar,C1423 sagade,3857 kulagana,127,56.65,22.04,3857,25.0,85.0,7.84,,,,,,,,,,,,,,,,,,,,,,,,,,,,,
Chamarajanagara,B0027 chamarajanagar,C1423 sagade,5150 sagade,179,59.02,27.36,5150,15.0,95.0,5.77,,,,,,,,,,,,,,,,,,,,,,,,,,,,,
Chamarajanagara,B0027 chamarajanagar,C1447 santhe marahalli,3538 kempanapura,235,43.74,25.28,3538,10.0,80.0,11.99,,,,,,,,,,,,,,,,,,,,,,,,,,,,,
Chamarajanagara,B0027 chamarajanagar,C1447 santhe marahalli,5228 santhemaralli,148,52.94,26.7,5228,13.5,86.5,2.79,,,,,,,,,,,,,,,,,,,,,,,,,,,,,
Chamarajanagara,B0027 chamarajanagar,C1633 udigala,3809 kotthalavadi,228,51.95,27.17,3809,10.0,85.0,8.24,,,,,,,,,,,,,,,,,,,,,,,,,,,,,
Chamarajanagara,B0027 chamarajanagar,C1633 udigala,5865 udigala,204,51.37,27.89,5865,11.5,90.0,13.55,,,,,,,,,,,,,,,,,,,,,,,,,,,,,
Chamarajanagara,B0027 chamarajanagar,C1643 ummatturu,4768 navilur,81,54.14,21.76,4768,25.0,85.0,-3.56,,,,,,,,,,,,,,,,,,,,,,,,,,,,,
Chamarajanagara,B0027 chamarajanagar,C1643 ummatturu,5904 ummatthuru,119,54.03,29.36,5904,9.0,90.0,6.06,,,,,,,,,,,,,,,,,,,,,,,,,,,,,
Chamarajanagara,B0027 chamarajanagar,C1694 venkataiana chathra,5990 venkataiahanachathra,89,46.07,26.72,5990,10.0,86.0,10.47,,,,,,,,,,,,,,,,,,,,,,,,,,,,,
Chamarajanagara,B0027 chamarajanagar,C1694 venkataiana chathra,842 attugulipura,101,39.6,23.91,842,10.0,75.0,6.12,,,,,,,,,,,,,,,,,,,,,,,,,,,,,
Chamarajanagara,B0027 chamarajanagar,C2146 honganuru,1987 erasavadi,42,37.86,24.94,1987,10.0,65.0,14.52,,,,,,,,,,,,,,,,,,,,,,,,,,,,,
Chamarajanagara,B0027 chamarajanagar,C2146 honganuru,2740 honganoor,230,50.02,27.74,2740,10.0,90.0,4.84,,,,,,,,,,,,,,,,,,,,,,,,,,,,,
Chamarajanagara,B0027 chamarajanagar,C2146 honganuru,4344 masanapura,167,77.72,15.3,4344,60.0,95.0,1.92,,,,,,,,,,,,,,,,,,,,,,,,,,,,,
Chamarajanagara,B0027 chamarajanagar,C2489 nanjedevanapura,4729 nanjedevanapura,161,70.28,26.39,4729,30.0,95.0,6.89,,,,,,,,,,,,,,,,,,,,,,,,,,,,,
Chamarajanagara,B0027 chamarajanagar,C2489 nanjedevanapura,5385 shivapura,49,65.51,17.98,5385,45.0,90.0,3.42,,,,,,,,,,,,,,,,,,,,,,,,,,,,,
Chamarajanagara,B0027 chamarajanagar,C2781 badanaguppe,906 badanaguppe,143,43.88,24.69,906,11.0,80.0,6.2,,,,,,,,,,,,,,,,,,,,,,,,,,,,,
Chamarajanagara,B0027 chamarajanagar,C2797 chamarajanagar - i,5385 shivapura,123,56.06,23.48,5385,25.0,85.0,9.09,,,,,,,,,,,,,,,,,,,,,,,,,,,,,
Chamarajanagara,B0027 chamarajanagar,C2798 chamarajanagar urdu,4094 madhapura,73,52.4,24.55,4094,20.0,85.0,8.17,,,,,,,,,,,,,,,,,,,,,,,,,,,,,
Chamarajanagara,B0050 gundlupet,C0021 agathagowdanahalli,547 agathagowdana halli,241,55.1,27.09,547,15.0,90.0,5.36,,,,,,,,,,,,,,,,,,,,,,,,,,,,,
Chamarajanagara,B0050 gundlupet,C0021 agathagowdanahalli,608 alathur,411,43.54,25.67,608,10.0,75.0,7.98,,,,,,,,,,,,,,,,,,,,,,,,,,,,,
Chamarajanagara,B0050 gundlupet,C0165 baragi,1059 baragi,313,53.21,26.71,1059,15.0,90.0,8.4,,,,,,,,,,,,,,,,,,,,,,,,,,,,,
Chamarajanagara,B0050 gundlupet,C0165 baragi,4533 mukhahalli,338,46.89,25.74,4533,15.0,80.0,2.72,,,,,,,,,,,,,,,,,,,,,,,,,,,,,
Chamarajanagara,B0050 gundlupet,C0165 baragi,4811 nenekatte,319,50.47,28.96,4811,10.0,90.0,10.91,,,,,,,,,,,,,,,,,,,,,,,,,,,,,
Chamarajanagara,B0050 gundlupet,C0185 begur,1133 begur,297,39.49,25.9,1133,5.0,75.0,6.54,,,,,,,,,,,,,,,,,,,,,,,,,,,,,
Chamarajanagara,B0050 gundlupet,C0185 begur,5039 raghavapura,254,52.72,28.39,5039,11.5,90.0,7.17,,,,,,,,,,,,,,,,,,,,,,,,,,,,,
Chamarajanagara,B0050 gundlupet,C0231 bheemanabeedu,1230 berambadi,236,43.24,26.95,1230,10.0,80.0,9.68,,,,,,,,,,,,,,,,,,,,,,,,,,,,,
Chamarajanagara,B0050 gundlupet,C0231 bheemanabeedu,1281 bheemana beedu,342,44.59,24.75,1281,10.0,79.5,1.19,,,,,,,,,,,,,,,,,,,,,,,,,,,,,
Chamarajanagara,B0050 gundlupet,C0231 bheemanabeedu,3391 kannegala,292,50.55,24.85,3391,15.0,85.0,4.94,,,,,,,,,,,,,,,,,,,,,,,,,,,,,
Chamarajanagara,B0050 gundlupet,C0231 bheemanabeedu,3962 kuthanuru,199,59.35,27.11,3962,20.0,95.0,11.24,,,,,,,,,,,,,,,,,,,,,,,,,,,,,
Chamarajanagara,B0050 gundlupet,C0260 bommalapura,1385 bommalapura,302,41.46,29.96,1385,5.0,89.5,12.98,,,,,,,,,,,,,,,,,,,,,,,,,,,,,
Chamarajanagara,B0050 gundlupet,C0260 bommalapura,5936 vaddagere,154,47.31,27.41,5936,10.0,85.0,5.53,,,,,,,,,,,,,,,,,,,,,,,,,,,,,
Chamarajanagara,B0050 gundlupet,C0260 bommalapura,888 bachahalli,157,50.64,26.4,888,13.0,85.0,9.52,,,,,,,,,,,,,,,,,,,,,,,,,,,,,
Chamarajanagara,B0050 gundlupet,C0339 chikkathuppuru,1047 bannithalapura,271,46.38,29.47,1047,5.0,85.0,8.78,,,,,,,,,,,,,,,,,,,,,,,,,,,,,
Chamarajanagara,B0050 gundlupet,C0339 chikkathuppuru,5030 puthanapura,177,54.21,29.82,5030,10.0,95.0,12.75,,,,,,,,,,,,,,,,,,,,,,,,,,,,,
Chamarajanagara,B0050 gundlupet,C0339 chikkathuppuru,5338 shindana pura,241,49.5,27.47,5338,10.0,85.0,6.62,,,,,,,,,,,,,,,,,,,,,,,,,,,,,
Chamarajanagara,B0050 gundlupet,C0339 chikkathuppuru,6483 annuru,225,41.8,26.36,6483,10.0,80.0,15.05,,,,,,,,,,,,,,,,,,,,,,,,,,,,,
Chamarajanagara,B0050 gundlupet,C0340 chikkati,1609 chikkati,263,47.34,25.39,1609,10.0,80.0,8.95,,,,,,,,,,,,,,,,,,,,,,,,,,,,,
Chamarajanagara,B0050 gundlupet,C0340 chikkati,4871 nitre,548,45.94,29.68,4871,5.0,85.0,3.08,,,,,,,,,,,,,,,,,,,,,,,,,,,,,
Chamarajanagara,B0050 gundlupet,C0598 hangala,2418 hangala,289,48.53,28.3,2418,10.0,85.0,7.67,,,,,,,,,,,,,,,,,,,,,,,,,,,,,
Chamarajanagara,B0050 gundlupet,C0598 hangala,6256 mangala,144,48.65,25.74,6256,11.5,85.0,6.17,,,,,,,,,,,,,,,,,,,,,,,,,,,,,
Chamarajanagara,B0050 gundlupet,C0698 horeyala,2771 horeyala,233,47.08,27.13,2771,10.0,85.0,12.75,,,,,,,,,,,,,,,,,,,,,,,,,,,,,
Chamarajanagara,B0050 gundlupet,C0698 horeyala,3795 kotekere,332,54.02,28.35,3795,10.0,90.0,12.13,,,,,,,,,,,,,,,,,,,,,,,,,,,,,
Chamarajanagara,B0050 gundlupet,C0733 hundipura,2874 hundipura,114,40.61,23.8,2874,10.0,75.0,-0.32,,,,,,,,,,,,,,,,,,,,,,,,,,,,,
Chamarajanagara,B0050 gundlupet,C0733 hundipura,6291 shivapura,191,62.85,23.51,6291,30.0,95.0,9.22,,,,,,,,,,,,,,,,,,,,,,,,,,,,,
Chamarajanagara,B0050 gundlupet,C0815 kabbahalli,3132 kabbahalli,292,63.96,26.13,3132,25.0,95.0,2.92,,,,,,,,,,,,,,,,,,,,,,,,,,,,,
Chamarajanagara,B0050 gundlupet,C0815 kabbahalli,5453 somahalli,307,61.35,30.9,5453,10.0,100.0,14.12,,,,,,,,,,,,,,,,,,,,,,,,,,,,,
Chamarajanagara,B0050 gundlupet,C1334 paduguru,3529 kelasuru,308,52.27,24.48,3529,20.0,85.0,-9.06,,,,,,,,,,,,,,,,,,,,,,,,,,,,,
Chamarajanagara,B0050 gundlupet,C1334 paduguru,4917 paduguru,336,55.09,27.98,4917,15.0,90.0,18.57,,,,,,,,,,,,,,,,,,,,,,,,,,,,,
Chamarajanagara,B0050 gundlupet,C1584 terakanambi,5668 terakanambi,313,52.33,27.71,5668,10.0,85.0,4.32,,,,,,,,,,,,,,,,,,,,,,,,,,,,,
Chamarajanagara,B0050 gundlupet,C1584 terakanambi,948 balachavadi,266,56.62,28.8,948,15.0,95.0,3.41,,,,,,,,,,,,,,,,,,,,,,,,,,,,,
Chamarajanagara,B0050 gundlupet,C1683 vaddagere,1386 bommana halli,224,43.64,26.71,1386,6.5,80.0,9.68,,,,,,,,,,,,,,,,,,,,,,,,,,,,,
Chamarajanagara,B0050 gundlupet,C1683 vaddagere,3650 kodasoge,266,51.11,27.98,3650,10.0,85.0,6.89,,,,,,,,,,,,,,,,,,,,,,,,,,,,,
Chamarajanagara,B0050 gundlupet,C1683 vaddagere,5936 vaddagere,79,57.41,28.63,5936,10.0,95.0,4.52,,,,,,,,,,,,,,,,,,,,,,,,,,,,,
Chamarajanagara,B0054 hanur,C0148 bandahalli,1017 bandalli,246,63.92,26.5,1017,25.0,95.0,5.96,,,,,,,,,,,,,,,,,,,,,,,,,,,,,
Chamarajanagara,B0054 hanur,C0148 bandahalli,4212 managalli,214,53.9,26.38,4212,16.5,85.0,3.89,7.0,6.0,85.71,14.29,100.0,268.0,232.0,18.0,12.89,50.0,38.89,100.0,100.0,66.67,100.0,0.0,0.0,83.33,100.0,100.0,100.0,0.0,1.5,3.5,0.17,8.83,7.83,238.4,38.7
Chamarajanagara,B0054 hanur,C0607 hanur,4239 mangala,106,52.69,26.81,4239,15.0,90.0,15.19,6.0,5.0,83.33,16.67,100.0,552.0,495.0,28.0,17.68,46.43,89.29,100.0,100.0,80.0,100.0,60.0,40.0,80.0,100.0,80.0,60.0,0.0,1.0,4.2,2.8,1.6,3.8,243.0,99.0
Chamarajanagara,B0054 hanur,C1006 kowdalli,1908 doddalathur,217,60.94,23.73,1908,25.0,90.0,2.25,,,,,,,,,,,,,,,,,,,,,,,,,,,,,
Chamarajanagara,B0054 hanur,C1006 kowdalli,3815 kowdalli,198,44.42,24.38,3815,15.0,80.0,7.27,10.0,8.0,80.0,20.0,100.0,1378.0,749.0,32.0,23.41,53.12,40.62,100.0,100.0,75.0,100.0,37.5,0.0,75.0,75.0,100.0,75.0,0.0,2.5,3.25,1.38,7.5,5.12,237.0,93.6
Chamarajanagara,B0054 hanur,C1006 kowdalli,3922 kuratti hosur,178,45.39,26.74,3922,10.0,85.0,10.97,,,,,,,,,,,,,,,,,,,,,,,,,,,,,
Chamarajanagara,B0054 hanur,C1006 kowdalli,5325 shettalli,221,52.94,27.24,5325,15.0,90.0,11.0,9.0,9.0,100.0,0.0,100.0,277.0,277.0,15.0,18.47,40.0,46.67,100.0,100.0,66.67,88.89,0.0,0.0,88.89,100.0,100.0,100.0,0.0,0.89,1.44,1.0,4.44,2.44,240.4,30.8
Chamarajanagara,B0054 hanur,C1018 kuduluru,2821 hugyam,401,38.25,26.75,2821,5.0,80.0,7.71,,,,,,,,,,,,,,,,,,,,,,,,,,,,,
Chamarajanagara,B0054 hanur,C1064 lokkanahalli,1591 chikkamalapura,155,54.77,25.76,1591,15.0,85.0,10.04,6.0,6.0,100.0,0.0,100.0,125.0,125.0,16.0,7.81,37.5,68.75,100.0,100.0,100.0,100.0,16.67,0.0,100.0,100.0,100.0,100.0,0.0,1.17,1.67,0.33,11.17,8.67,242.17,20.8
Chamarajanagara,B0054 hanur,C1064 lokkanahalli,3397 kannuru,320,45.55,27.71,3397,5.0,80.0,3.68,5.0,4.0,80.0,20.0,100.0,342.0,277.0,16.0,17.31,56.25,37.5,75.0,100.0,75.0,100.0,0.0,0.0,100.0,75.0,75.0,100.0,0.0,1.25,3.0,0.25,9.75,3.25,246.0,69.2
Chamarajanagara,B0054 hanur,C1064 lokkanahalli,4026 lokkanahalli,307,56.71,30.45,4026,15.0,95.0,-3.24,5.0,4.0,80.0,20.0,100.0,400.0,353.0,15.0,23.53,46.67,53.33,100.0,100.0,50.0,100.0,25.0,25.0,100.0,100.0,100.0,100.0,25.0,1.5,3.5,1.5,10.75,10.0,238.67,88.2
Chamarajanagara,B0054 hanur,C1074 m.m.hills,2148 gopinatham,159,63.46,20.31,2148,40.0,90.0,5.41,6.0,5.0,83.33,16.67,100.0,335.0,322.0,9.0,35.78,44.44,66.67,100.0,100.0,60.0,100.0,20.0,20.0,80.0,100.0,100.0,80.0,0.0,2.0,2.8,3.4,5.4,7.6,238.4,64.4
Chamarajanagara,B0054 hanur,C1074 m.m.hills,4037 m m hills,48,27.71,22.55,4037,0.0,61.5,-16.25,17.0,16.0,94.12,5.88,100.0,1196.0,1062.0,31.0,34.26,25.81,51.61,62.5,93.75,50.0,93.75,12.5,6.25,87.5,93.75,87.5,100.0,0.0,1.5,2.25,0.81,6.94,7.75,235.23,66.4
Chamarajanagara,B0054 hanur,C1076 maaralli,1854 dinnalli,222,42.97,26.61,1854,5.0,80.0,2.25,,,,,,,,,,,,,,,,,,,,,,,,,,,,,
Chamarajanagara,B0054 hanur,C1076 maaralli,4444 minyam,296,28.24,21.34,4444,5.0,60.0,-0.42,6.0,6.0,100.0,0.0,100.0,345.0,345.0,11.0,31.36,9.09,27.27,100.0,100.0,33.33,83.33,16.67,16.67,100.0,100.0,100.0,100.0,0.0,1.0,2.83,0.0,5.0,1.67,241.0,57.5
Chamarajanagara,B0054 hanur,C1076 maaralli,5528 suleripalya,341,42.32,26.44,5528,10.0,80.0,5.85,7.0,7.0,100.0,0.0,100.0,350.0,350.0,29.0,12.07,48.28,55.17,100.0,100.0,57.14,100.0,42.86,0.0,100.0,100.0,85.71,85.71,14.29,1.29,3.29,1.43,8.57,7.0,241.0,50.0
Chamarajanagara,B0054 hanur,C1152 martalli,4334 martalli,388,46.39,25.43,4334,10.0,80.0,2.41,11.0,10.0,90.91,9.09,100.0,1289.0,924.0,45.0,20.53,62.22,28.89,100.0,100.0,70.0,100.0,60.0,10.0,100.0,100.0,100.0,80.0,10.0,1.8,3.7,0.1,6.1,1.2,239.56,92.4
Chamarajanagara,B0054 hanur,C1326 odakehalla,4037 m m hills,139,25.97,24.2,4037,0.0,60.0,-0.58,17.0,16.0,94.12,5.88,100.0,1196.0,1062.0,31.0,34.26,25.81,51.61,62.5,93.75,50.0,93.75,12.5,6.25,87.5,93.75,87.5,100.0,0.0,1.5,2.25,0.81,6.94,7.75,235.23,66.4
Chamarajanagara,B0054 hanur,C1326 odakehalla,5005 ponnachi,114,39.56,25.6,5005,6.5,75.0,-14.64,4.0,4.0,100.0,0.0,100.0,250.0,250.0,9.0,27.78,33.33,66.67,100.0,100.0,50.0,100.0,0.0,0.0,75.0,100.0,75.0,100.0,0.0,1.75,2.25,0.0,16.25,6.0,235.0,62.5
Chamarajanagara,B0054 hanur,C1328 odeyarapalya,2903 hutturu,223,62.15,27.61,2903,20.0,95.0,8.76,,,,,,,,,,,,,,,,,,,,,,,,,,,,,
Chamarajanagara,B0054 hanur,C1328 odeyarapalya,6272 bailooru,201,49.9,31.18,6272,10.0,90.0,11.46,10.0,10.0,100.0,0.0,100.0,380.0,380.0,18.0,21.11,50.0,61.11,90.0,100.0,40.0,90.0,0.0,20.0,90.0,100.0,100.0,100.0,0.0,1.2,2.4,0.4,3.0,3.1,240.62,38.0
Chamarajanagara,B0054 hanur,C1331 p.g.palya,4908 p g palya,93,66.18,26.82,4908,30.0,95.0,3.07,11.0,10.0,90.91,9.09,100.0,580.0,435.0,20.0,21.75,50.0,50.0,80.0,100.0,30.0,90.0,20.0,20.0,100.0,100.0,90.0,100.0,0.0,1.6,2.6,0.4,7.0,4.8,241.14,43.5
Chamarajanagara,B0054 hanur,C1390 ramapura,573 ajjipura,165,54.06,24.47,573,20.0,85.0,6.01,5.0,4.0,80.0,20.0,100.0,298.0,208.0,16.0,13.0,56.25,43.75,100.0,100.0,50.0,100.0,50.0,0.0,100.0,100.0,100.0,75.0,0.0,1.0,2.5,2.25,4.5,4.0,239.0,52.0
Chamarajanagara,B0054 hanur,C1390 ramapura,6237 ramapura,273,50.86,29.37,6237,10.0,90.0,1.67,11.0,9.0,81.82,18.18,100.0,1446.0,1066.0,51.0,20.9,45.1,64.71,100.0,100.0,66.67,100.0,33.33,11.11,100.0,100.0,100.0,77.78,0.0,1.78,4.33,3.22,5.0,3.89,240.57,118.4
Chamarajanagara,B0054 hanur,C1498 shyagyam,1982 ellemala,311,56.99,25.26,1982,25.0,90.0,3.81,9.0,8.0,88.89,11.11,100.0,444.0,377.0,23.0,16.39,65.22,56.52,87.5,100.0,25.0,100.0,37.5,0.0,100.0,100.0,100.0,87.5,0.0,1.12,2.38,0.38,9.38,8.12,239.88,47.1
Chamarajanagara,B0054 hanur,C1498 shyagyam,5393 shygya,205,69.15,18.27,5393,45.0,90.0,-0.79,,,,,,,,,,,,,,,,,,,,,,,,,,,,,
Chamarajanagara,B0080 kollegala,C0863 kamagere,3747 kongarahalli,56,71.52,19.21,3747,42.5,92.5,6.96,,,,,,,,,,,,,,,,,,,,,,,,,,,,,
Chamarajanagara,B0080 kollegala,C0863 kamagere,5394 siddaiahanapura,210,64.36,21.74,5394,35.0,90.0,5.5,,,,,,,,,,,,,,,,,,,,,,,,,,,,,
Chamarajanagara,B0080 kollegala,C0863 kamagere,5422 singanalluru,143,72.17,19.46,5422,45.0,95.0,0.69,,,,,,,,,,,,,,,,,,,,,,,,,,,,,
Chamarajanagara,B0080 kollegala,C0996 kothanur,1587 chikkalluru,272,49.67,24.82,1587,15.0,80.0,1.7,,,,,,,,,,,,,,,,,,,,,,,,,,,,,
Chamarajanagara,B0080 kollegala,C0996 kothanur,1926 doddinduvadi,427,34.45,24.51,1926,5.0,70.0,7.71,,,,,,,,,,,,,,,,,,,,,,,,,,,,,
Chamarajanagara,B0080 kollegala,C0996 kothanur,5711 thellanuru,225,41.69,27.07,5711,7.0,80.0,15.19,,,,,,,,,,,,,,,,,,,,,,,,,,,,,
Chamarajanagara,B0080 kollegala,C1034 kunthur,3881 kunagalli,429,38.33,27.74,3881,5.0,80.0,0.36,,,,,,,,,,,,,,,,,,,,,,,,,,,,,
Chamarajanagara,B0080 kollegala,C1034 kunthur,3907 kunthuru,336,56.77,24.69,3907,22.5,85.0,3.65,,,,,,,,,,,,,,,,,,,,,,,,,,,,,
Chamarajanagara,B0080 kollegala,C1088 madhuvanahalli,4099 madhuvanahalli,386,50.58,27.93,4099,10.0,85.0,7.29,,,,,,,,,,,,,,,,,,,,,,,,,,,,,
Chamarajanagara,B0080 kollegala,C1088 madhuvanahalli,5725 thimmarajapura,206,58.4,27.53,5725,17.5,90.0,9.24,,,,,,,,,,,,,,,,,,,,,,,,,,,,,
Chamarajanagara,B0080 kollegala,C1222 mulluru,2453 harale,323,43.89,25.49,2453,10.0,80.0,1.87,,,,,,,,,,,,,,,,,,,,,,,,,,,,,
Chamarajanagara,B0080 kollegala,C1222 mulluru,4545 mulluru,318,55.24,22.92,4545,25.0,85.0,3.93,,,,,,,,,,,,,,,,,,,,,,,,,,,,,
Chamarajanagara,B0080 kollegala,C1222 mulluru,5603 tagarapura,456,69.84,23.2,5603,35.0,95.0,5.65,,,,,,,,,,,,,,,,,,,,,,,,,,,,,
Chamarajanagara,B0080 kollegala,C1343 palya,1821 dhanagere,302,54.75,25.15,1821,20.5,90.0,4.85,,,,,,,,,,,,,,,,,,,,,,,,,,,,,
Chamarajanagara,B0080 kollegala,C1343 palya,4942 palya,251,51.25,27.19,4942,15.0,85.0,10.65,,,,,,,,,,,,,,,,,,,,,,,,,,,,,
Chamarajanagara,B0080 kollegala,C1460 sathegala,5262 sathegala,574,44.44,25.7,5262,10.0,80.0,8.02,,,,,,,,,,,,,,,,,,,,,,,,,,,,,
Chamarajanagara,B0142 yelandur,C0020 agara,4209 mamballi,190,60.63,24.61,4209,25.0,90.0,14.87,6.0,4.0,66.67,33.33,100.0,382.0,153.0,13.0,11.77,69.23,38.46,100.0,100.0,50.0,75.0,0.0,25.0,100.0,100.0,100.0,50.0,0.0,1.5,5.75,1.0,12.75,9.5,236.0,38.2
Chamarajanagara,B0142 yelandur,C0020 agara,538 agara,117,54.36,24.48,538,20.0,85.0,3.25,4.0,3.0,75.0,25.0,100.0,384.0,364.0,18.0,20.22,38.89,83.33,100.0,100.0,66.67,100.0,33.33,33.33,100.0,100.0,100.0,66.67,0.0,6.0,8.33,1.0,13.33,8.0,227.67,121.3
Chamarajanagara,B0142 yelandur,C0447 duggahatti,1957 duggahatti,211,41.94,25.89,1957,5.0,80.0,0.91,,,,,,,,,,,,,,,,,,,,,,,,,,,,,
Chamarajanagara,B0142 yelandur,C0447 duggahatti,6326 ambale,188,55.59,24.88,6326,20.0,90.0,0.05,6.0,5.0,83.33,16.67,100.0,303.0,251.0,17.0,14.76,70.59,64.71,100.0,100.0,80.0,100.0,20.0,20.0,100.0,100.0,100.0,100.0,0.0,1.4,4.6,4.0,12.8,8.0,182.0,50.2
Chamarajanagara,B0142 yelandur,C0538 gumballi,2232 gumballi,133,40.3,27.62,2232,5.0,79.0,5.25,6.0,5.0,83.33,16.67,100.0,410.0,363.0,19.0,19.11,68.42,63.16,100.0,100.0,60.0,100.0,0.0,0.0,100.0,100.0,100.0,80.0,0.0,1.4,5.4,1.0,11.8,6.2,240.2,72.6
Chamarajanagara,B0142 yelandur,C0538 gumballi,6101 yaragamballi,162,42.31,25.28,6101,10.0,75.0,4.25,,,,,,,,,,,,,,,,,,,,,,,,,,,,,
Chamarajanagara,B0142 yelandur,C0538 gumballi,6303 b.r hills,102,47.94,27.39,6303,5.0,84.5,-2.63,,,,,,,,,,,,,,,,,,,,,,,,,,,,,
Chamarajanagara,B0142 yelandur,C0931 kesthur,3575 kesthur,549,48.36,26.06,3575,15.0,85.0,9.52,,,,,,,,,,,,,,,,,,,,,,,,,,,,,
Chamarajanagara,B0142 yelandur,C0931 kesthur,6330 honnur,306,37.42,25.97,6330,5.0,75.0,5.3,,,,,,,,,,,,,,,,,,,,,,,,,,,,,
Chamarajanagara,B0142 yelandur,C1739 yelandur,6116 yariyur,262,38.24,23.48,6116,5.0,70.0,8.99,,,,,,,,,,,,,,,,,,,,,,,,,,,,,
Chamarajanagara,B0142 yelandur,C2377 maddur,2174 gowdahalli,196,62.07,24.2,2174,30.0,90.0,6.99,10.0,9.0,90.0,10.0,100.0,400.0,282.0,21.0,13.43,42.86,42.86,100.0,100.0,66.67,100.0,22.22,11.11,100.0,100.0,100.0,100.0,0.0,1.22,4.22,1.11,8.56,9.89,237.78,31.3
Chamarajanagara,B0142 yelandur,C2377 maddur,4090 maddur,161,62.05,19.97,4090,35.0,85.0,2.45,,,,,,,,,,,,,,,,,,,,,,,,,,,,,
Chikkaballapura,B0010 bagepally,C0008 achaganapalli,3089 joolapalya,344,40.35,24.52,3089,10.0,75.0,-4.94,7.0,7.0,100.0,0.0,100.0,256.0,256.0,9.0,28.44,44.44,77.78,100.0,100.0,71.43,100.0,28.57,0.0,28.57,100.0,100.0,100.0,0.0,1.43,2.71,0.14,1.57,1.0,242.0,36.6
Chikkaballapura,B0010 bagepally,C0008 achaganapalli,6178 poolanaikanahalli,237,43.9,28.3,6178,5.0,85.0,5.72,,,,,,,,,,,,,,,,,,,,,,,,,,,,,
Chikkaballapura,B0010 bagepally,C0125 bagepalli rural,4955 paragodu,440,45.95,25.24,4955,10.0,80.0,0.16,17.0,14.0,82.35,17.65,100.0,1711.0,860.0,39.0,22.05,64.1,79.49,92.86,100.0,57.14,85.71,7.14,0.0,57.14,100.0,85.71,92.86,0.0,1.14,2.36,0.14,4.5,3.0,183.88,61.4
Chikkaballapura,B0010 bagepally,C0126 bagepally,2064 gantamvaripalli,349,48.91,27.96,2064,10.0,85.0,0.34,,,,,,,,,,,,,,,,,,,,,,,,,,,,,
Chikkaballapura,B0010 bagepally,C0253 billur,1353 billur,271,30.24,23.28,1353,0.0,65.0,5.35,7.0,6.0,85.71,14.29,100.0,407.0,257.0,11.0,23.36,45.45,54.55,100.0,100.0,66.67,100.0,0.0,0.0,83.33,100.0,100.0,100.0,0.0,1.0,1.83,0.0,2.17,2.83,243.0,42.8
Chikkaballapura,B0010 bagepally,C0253 billur,5741 tholapalli,98,49.18,26.47,5741,13.5,80.0,5.74,,,,,,,,,,,,,,,,,,,,,,,,,,,,,
Chikkaballapura,B0010 bagepally,C0288 chakavelu,1467 chakavaelur,289,35.43,27.17,1467,5.0,75.0,-2.4,,,,,,,,,,,,,,,,,,,,,,,,,,,,,
Chikkaballapura,B0010 bagepally,C0288 chakavelu,5017 pulagal,156,51.03,31.6,5017,10.0,95.0,0.55,,,,,,,,,,,,,,,,,,,,,,,,,,,,,
Chikkaballapura,B0010 bagepally,C0311 chelur,6342 chelur,89,40.45,32.85,6342,5.0,90.0,8.1,9.0,6.0,66.67,33.33,100.0,3188.0,368.0,15.0,24.53,26.67,46.67,100.0,100.0,100.0,83.33,0.0,16.67,83.33,100.0,100.0,83.33,33.33,1.33,3.67,0.0,6.0,2.0,239.33,61.3
Chikkaballapura,B0010 bagepally,C0395 devaragudipalli,1795 devaragudipalli,472,50.52,27.03,1795,15.0,85.0,4.1,14.0,13.0,92.86,7.14,100.0,1408.0,804.0,40.0,20.1,40.0,72.5,100.0,100.0,69.23,84.62,69.23,15.38,84.62,100.0,92.31,84.62,0.0,1.62,2.23,1.0,3.62,2.23,244.67,61.8
Chikkaballapura,B0010 bagepally,C0464 g.maddepalli,2150 gorathapalli,198,50.2,29.41,2150,10.0,85.0,-0.13,,,,,,,,,,,,,,,,,,,,,,,,,,,,,
Chikkaballapura,B0010 bagepally,C0464 g.maddepalli,5718 thimampalli,228,32.68,24.61,5718,5.0,70.0,0.53,,,,,,,,,,,,,,,,,,,,,,,,,,,,,
Chikkaballapura,B0010 bagepally,C0537 gulur,2229 gulur,272,41.58,27.92,2229,5.0,80.0,4.06,11.0,8.0,72.73,27.27,100.0,694.0,338.0,15.0,22.53,46.67,60.0,100.0,100.0,87.5,100.0,37.5,0.0,100.0,100.0,100.0,100.0,0.0,1.75,1.75,0.88,4.5,4.12,242.5,42.2
Chikkaballapura,B0010 bagepally,C0537 gulur,4697 nallappareddipalli,261,41.36,27.83,4697,5.0,80.0,3.34,,,,,,,,,,,,,,,,,,,,,,,,,,,,,
Chikkaballapura,B0010 bagepally,C0873 kanagamakalapalli,3370 kangamakalapalli,359,47.53,26.31,3370,10.0,85.0,0.1,,,,,,,,,,,,,,,,,,,,,,,,,,,,,
Chikkaballapura,B0010 bagepally,C1075 m.nallagutapalli,1467 chakavaelur,143,46.08,30.11,1467,5.0,90.0,8.59,,,,,,,,,,,,,,,,,,,,,,,,,,,,,
Chikkaballapura,B0010 bagepally,C1075 m.nallagutapalli,4039 m nallagutlapalli,229,37.88,25.67,4039,5.0,75.0,-5.65,,,,,,,,,,,,,,,,,,,,,,,,,,,,,
Chikkaballapura,B0010 bagepally,C1148 marganukunte,3798 kothakote,191,51.44,25.39,3798,15.0,85.0,2.94,5.0,5.0,100.0,0.0,100.0,67.0,67.0,3.0,22.33,33.33,66.67,100.0,100.0,0.0,100.0,0.0,0.0,80.0,80.0,80.0,100.0,0.0,1.0,2.0,0.2,1.0,0.4,120.5,13.4
Chikkaballapura,B0010 bagepally,C1148 marganukunte,4285 maraganakunte,312,31.27,22.04,4285,5.0,60.0,-1.83,,,,,,,,,,,,,,,,,,,,,,,,,,,,,
Chikkaballapura,B0010 bagepally,C1190 mittemari,4453 mittemari,325,37.29,25.38,4453,5.0,75.0,3.88,9.0,8.0,88.89,11.11,100.0,688.0,560.0,10.0,56.0,40.0,80.0,100.0,100.0,87.5,100.0,62.5,0.0,75.0,100.0,87.5,87.5,14.29,1.62,2.75,2.0,4.75,4.25,242.0,70.0
Chikkaballapura,B0010 bagepally,C1344 palyakere,4943 palyakere,177,43.11,26.15,4943,5.0,75.0,-2.74,11.0,11.0,100.0,0.0,100.0,171.0,171.0,15.0,11.4,26.67,73.33,100.0,100.0,90.91,100.0,18.18,0.0,63.64,90.91,63.64,90.91,18.18,1.18,1.64,0.45,2.73,0.91,240.0,15.5
Chikkaballapura,B0010 bagepally,C1354 pathapalya,4970 pathapalya,315,36.9,26.05,4970,5.0,75.0,-1.17,11.0,8.0,72.73,27.27,100.0,960.0,379.0,17.0,22.29,29.41,76.47,100.0,100.0,75.0,100.0,12.5,0.0,100.0,87.5,75.0,87.5,0.0,1.5,2.62,1.38,3.38,2.5,162.67,47.4
Chikkaballapura,B0010 bagepally,C1372 raccheruvu,5102 rashceravu,109,44.95,29.93,5102,4.0,85.0,8.18,,,,,,,,,,,,,,,,,,,,,,,,,,,,,
Chikkaballapura,B0010 bagepally,C1520 somanathapura,5458 somanathapura,136,50.07,25.89,5458,15.0,85.0,2.96,9.0,9.0,100.0,0.0,100.0,314.0,314.0,16.0,19.62,43.75,50.0,100.0,100.0,44.44,100.0,44.44,0.0,44.44,88.89,77.78,88.89,0.0,0.89,2.0,0.0,3.78,2.44,241.0,34.9
Chikkaballapura,B0010 bagepally,C1600 thimampalli,5718 thimampalli,114,59.52,25.97,5718,20.0,90.0,0.29,,,,,,,,,,,,,,,,,,,,,,,,,,,,,
Chikkaballapura,B0010 bagepally,C1620 tollapalli,5741 tholapalli,166,36.45,24.35,5741,5.0,75.0,10.47,,,,,,,,,,,,,,,,,,,,,,,,,,,,,
Chikkaballapura,B0010 bagepally,C1726 yallampalli,6082 yallampalli,343,42.61,24.8,6082,10.0,75.0,0.79,,,,,,,,,,,,,,,,,,,,,,,,,,,,,
Chikkaballapura,B0010 bagepally,C1750 yeragudi,4736 naramaddepalli,207,39.83,26.58,4736,5.0,77.0,0.24,,,,,,,,,,,,,,,,,,,,,,,,,,,,,
Chikkaballapura,B0030 chikkaballapur,C0066 angarekanahalli,2787 hosahudya,94,51.97,25.4,2787,15.0,83.5,4.34,,,,,,,,,,,,,,,,,,,,,,,,,,,,,
Chikkaballapura,B0030 chikkaballapur,C0066 angarekanahalli,714 angarekanahalli,571,47.45,28.02,714,10.0,85.0,9.1,,,,,,,,,,,,,,,,,,,,,,,,,,,,,
Chikkaballapura,B0030 chikkaballapur,C0316 chickballapur rural,4220 manchanabele,324,51.19,25.4,4220,15.0,85.0,6.61,,,,,,,,,,,,,,,,,,,,,,,,,,,,,
Chikkaballapura,B0030 chikkaballapur,C0316 chickballapur rural,5728 thippanahalli,272,51.34,23.6,5728,20.0,85.0,6.84,6.0,5.0,83.33,16.67,100.0,276.0,273.0,17.0,16.06,64.71,76.47,100.0,100.0,40.0,100.0,40.0,20.0,60.0,80.0,80.0,100.0,20.0,1.0,2.8,0.4,6.4,5.2,243.5,54.6
Chikkaballapura,B0030 chikkaballapur,C0411 dibbur,1842 dibbur,418,45.59,24.91,1842,10.0,80.0,4.05,,,,,,,,,,,,,,,,,,,,,,,,,,,,,
Chikkaballapura,B0030 chikkaballapur,C0574 haleperasandra,3323 kammagattahalli,102,45.74,27.19,3323,10.0,85.0,6.7,,,,,,,,,,,,,,,,,,,,,,,,,,,,,
Chikkaballapura,B0030 chikkaballapur,C0574 haleperasandra,4087 maddenahalli,328,42.0,26.32,4087,10.0,80.0,-0.18,,,,,,,,,,,,,,,,,,,,,,,,,,,,,
Chikkaballapura,B0030 chikkaballapur,C0574 haleperasandra,523 addagal,173,54.86,23.85,523,21.0,80.0,10.95,,,,,,,,,,,,,,,,,,,,,,,,,,,,,
Chikkaballapura,B0030 chikkaballapur,C0574 haleperasandra,810 aruru,197,58.15,24.66,810,20.0,87.0,5.5,,,,,,,,,,,,,,,,,,,,,,,,,,,,,
Chikkaballapura,B0030 chikkaballapur,C0868 kammaguttahalli,3323 kammagattahalli,197,57.01,28.14,3323,15.0,90.0,5.26,,,,,,,,,,,,,,,,,,,,,,,,,,,,,
Chikkaballapura,B0030 chikkaballapur,C0982 kondenahalli,2787 hosahudya,202,59.58,23.28,2787,30.0,90.0,1.08,,,,,,,,,,,,,,,,,,,,,,,,,,,,,
Chikkaballapura,B0030 chikkaballapur,C0982 kondenahalli,3743 kondenahalli,177,51.1,30.3,3743,5.0,90.0,-8.1,10.0,8.0,80.0,20.0,100.0,365.0,207.0,21.0,9.86,42.86,80.95,100.0,100.0,37.5,100.0,0.0,0.0,87.5,100.0,87.5,100.0,0.0,1.25,2.88,0.0,1.62,2.25,245.0,25.9
Chikkaballapura,B0030 chikkaballapur,C1124 mandikal,4233 mandikal,207,58.38,23.48,4233,25.0,90.0,2.51,10.0,8.0,80.0,20.0,100.0,1242.0,481.0,12.0,40.08,41.67,83.33,100.0,100.0,50.0,100.0,12.5,0.0,75.0,100.0,87.5,100.0,14.29,1.5,2.88,0.0,0.0,1.25,,60.1
Chikkaballapura,B0030 chikkaballapur,C1146 marasanahalli,2481 harobande,321,60.26,25.13,2481,20.0,90.0,6.32,10.0,10.0,100.0,0.0,100.0,289.0,289.0,23.0,12.57,52.17,47.83,100.0,100.0,50.0,100.0,0.0,0.0,40.0,90.0,80.0,90.0,0.0,1.2,2.8,0.3,1.4,2.4,243.0,28.9
Chikkaballapura,B0030 chikkaballapur,C1206 muddenahalli,4087 maddenahalli,137,49.09,25.89,4087,15.0,80.0,4.53,,,,,,,,,,,,,,,,,,,,,,,,,,,,,
Chikkaballapura,B0030 chikkaballapur,C1272 nandi,3911 kuppahalli,329,45.5,28.59,3911,10.0,85.0,-0.56,,,,,,,,,,,,,,,,,,,,,,,,,,,,,
Chikkaballapura,B0030 chikkaballapur,C1272 nandi,4712 nandi,307,39.66,26.12,4712,5.0,80.0,9.83,7.0,7.0,100.0,0.0,100.0,333.0,333.0,17.0,19.59,58.82,70.59,100.0,100.0,42.86,100.0,14.29,28.57,71.43,100.0,85.71,85.71,0.0,1.29,3.29,0.14,6.71,5.71,243.5,47.6
Chikkaballapura,B0030 chikkaballapur,C1293 nayanahalli,4972 patrenahalli,199,59.62,27.07,4972,20.0,90.0,-2.2,,,,,,,,,,,,,,,,,,,,,,,,,,,,,
Chikkaballapura,B0030 chikkaballapur,C1293 nayanahalli,6379 ajjavara,275,68.58,22.77,6379,35.0,95.0,7.46,,,,,,,,,,,,,,,,,,,,,,,,,,,,,
Chikkaballapura,B0030 chikkaballapur,C1360 peresandra,4991 peresandra,298,69.19,24.39,4991,35.0,95.0,0.76,14.0,11.0,78.57,21.43,100.0,2028.0,707.0,24.0,29.46,45.83,75.0,100.0,100.0,36.36,100.0,72.73,9.09,90.91,81.82,81.82,81.82,0.0,2.64,3.64,0.09,1.45,2.73,245.0,64.3
Chikkaballapura,B0030 chikkaballapur,C1366 poshettihalli,5009 poshettihali,513,51.35,27.0,5009,15.0,85.0,-0.45,,,,,,,,,,,,,,,,,,,,,,,,,,,,,
Chikkaballapura,B0030 chikkaballapur,C1371 r.g. halli,1873 dodda pyayalagurki,368,53.34,27.19,1873,15.0,90.0,2.0,,,,,,,,,,,,,,,,,,,,,,,,,,,,,
Chikkaballapura,B0030 chikkaballapur,C1419 s.gollahalli,2124 gollahalli,307,44.15,27.06,2124,8.0,85.0,1.15,12.0,11.0,91.67,8.33,100.0,377.0,228.0,21.0,10.86,47.62,66.67,100.0,100.0,36.36,100.0,9.09,0.0,45.45,100.0,63.64,100.0,0.0,0.91,1.36,0.0,7.64,5.18,240.33,20.7
Chikkaballapura,B0030 chikkaballapur,C1534 srirampura,1913 doddamarali,271,52.82,26.04,1913,15.0,85.0,4.38,7.0,7.0,100.0,0.0,100.0,200.0,200.0,20.0,10.0,65.0,55.0,100.0,100.0,28.57,85.71,0.0,0.0,42.86,100.0,100.0,100.0,0.0,1.57,2.43,0.0,4.43,6.71,237.25,28.6
Chikkaballapura,B0030 chikkaballapur,C1534 srirampura,534 agalagurki,178,55.42,25.49,534,20.0,90.0,11.3,10.0,6.0,60.0,40.0,100.0,5973.0,164.0,13.0,12.62,76.92,53.85,100.0,100.0,16.67,83.33,16.67,0.0,66.67,100.0,100.0,100.0,0.0,1.17,2.33,0.17,5.33,2.67,242.5,27.3
Chikkaballapura,B0030 chikkaballapur,C1684 vaddrapalya,5728 thippanahalli,112,58.35,23.21,5728,25.5,90.0,11.04,6.0,5.0,83.33,16.67,100.0,276.0,273.0,17.0,16.06,64.71,76.47,100.0,100.0,40.0,100.0,40.0,20.0,60.0,80.0,80.0,100.0,20.0,1.0,2.8,0.4,6.4,5.2,243.5,54.6
Chikkaballapura,B0030 chikkaballapur,C1684 vaddrapalya,846 avalagurki,400,47.39,27.42,846,10.0,85.0,6.2,,,,,,,,,,,,,,,,,,,,,,,,,,,,,
Chikkaballapura,B0034 chintamani,C0050 amitaganahalli,5913 upparpet,279,58.05,28.8,5913,15.0,95.0,1.43,,,,,,,,,,,,,,,,,,,,,,,,,,,,,
Chikkaballapura,B0034 chintamani,C0075 anoor,3944 kurubur,237,37.0,27.28,3944,5.0,75.0,1.77,8.0,7.0,87.5,12.5,100.0,515.0,259.0,19.0,13.63,52.63,36.84,100.0,100.0,42.86,57.14,0.0,0.0,71.43,100.0,71.43,85.71,0.0,1.57,2.71,0.29,8.29,5.0,243.2,37.0
Chikkaballapura,B0034 chintamani,C0075 anoor,6283 anoor,232,55.34,29.07,6283,15.0,95.0,4.39,,,,,,,,,,,,,,,,,,,,,,,,,,,,,
Chikkaballapura,B0034 chintamani,C0179 batlahalli,1103 batlahalli,206,48.57,33.89,1103,0.0,90.0,2.2,5.0,4.0,80.0,20.0,100.0,376.0,334.0,17.0,19.65,23.53,94.12,100.0,100.0,50.0,100.0,0.0,0.0,75.0,100.0,100.0,100.0,25.0,1.25,6.5,0.25,9.0,5.25,241.0,83.5
Chikkaballapura,B0034 chintamani,C0179 batlahalli,5043 raguttahalli,87,59.14,31.39,5043,15.0,95.0,0.19,12.0,11.0,91.67,8.33,100.0,545.0,144.0,18.0,8.0,50.0,33.33,100.0,100.0,36.36,100.0,9.09,0.0,36.36,81.82,81.82,90.91,0.0,1.18,1.73,0.18,8.27,2.36,240.8,13.1
Chikkaballapura,B0034 chintamani,C0265 booragamakalahalli,3202 kagathi,268,51.4,28.4,3202,10.0,90.0,5.2,9.0,8.0,88.89,11.11,100.0,506.0,178.0,18.0,9.89,66.67,38.89,100.0,87.5,62.5,100.0,0.0,0.0,87.5,100.0,62.5,100.0,12.5,1.0,2.38,0.12,6.75,4.5,243.0,22.2
Chikkaballapura,B0034 chintamani,C0265 booragamakalahalli,4899 oolavadi,241,67.39,25.36,4899,25.0,95.0,6.71,11.0,7.0,63.64,36.36,100.0,2374.0,213.0,20.0,10.65,65.0,55.0,100.0,100.0,71.43,85.71,14.29,0.0,71.43,100.0,100.0,100.0,0.0,1.14,3.29,1.43,6.14,6.57,242.25,30.4
Chikkaballapura,B0034 chintamani,C0275 buradagunte,1420 burudagunte,320,35.27,27.15,1420,5.0,75.5,4.39,,,,,,,,,,,,,,,,,,,,,,,,,,,,,
Chikkaballapura,B0034 chintamani,C0275 buradagunte,1623 chilakalanerpu,47,40.53,24.25,1623,10.0,70.0,10.39,9.0,8.0,88.89,11.11,100.0,747.0,216.0,18.0,12.0,22.22,33.33,100.0,100.0,37.5,87.5,12.5,12.5,25.0,87.5,100.0,100.0,12.5,1.0,2.88,0.12,7.38,2.5,245.0,27.0
Chikkaballapura,B0034 chintamani,C0343 chilakalanerpu,1623 chilakalanerpu,80,51.0,27.63,1623,10.0,90.0,-1.6,9.0,8.0,88.89,11.11,100.0,747.0,216.0,18.0,12.0,22.22,33.33,100.0,100.0,37.5,87.5,12.5,12.5,25.0,87.5,100.0,100.0,12.5,1.0,2.88,0.12,7.38,2.5,245.0,27.0
Chikkaballapura,B0034 chintamani,C0343 chilakalanerpu,3544 kencharlahalli,37,33.38,23.84,3544,8.0,65.0,-10.57,9.0,7.0,77.78,22.22,100.0,303.0,134.0,14.0,9.57,64.29,50.0,100.0,100.0,57.14,100.0,0.0,0.0,85.71,85.71,100.0,100.0,0.0,1.0,2.71,0.57,7.71,4.43,243.6,19.1
Chikkaballapura,B0034 chintamani,C0343 chilakalanerpu,6145 yenigadele,76,56.05,26.23,6145,20.0,90.0,-7.76,10.0,9.0,90.0,10.0,100.0,890.0,723.0,30.0,24.1,33.33,60.0,100.0,100.0,66.67,88.89,11.11,11.11,33.33,77.78,77.78,88.89,0.0,1.0,3.89,0.33,9.44,2.56,181.25,80.3
Chikkaballapura,B0034 chintamani,C0356 chinthamani-2,1647 chinnasandra,381,44.33,29.61,1647,5.0,90.0,3.98,4.0,4.0,100.0,0.0,100.0,440.0,440.0,20.0,22.0,65.0,55.0,100.0,100.0,25.0,100.0,0.0,0.0,100.0,100.0,75.0,75.0,0.0,1.25,3.25,0.25,7.0,7.0,242.5,110.0
Chikkaballapura,B0034 chintamani,C0356 chinthamani-2,4551 munagnahalli,240,54.15,24.8,4551,20.0,85.0,6.61,,,,,,,,,,,,,,,,,,,,,,,,,,,,,
Chikkaballapura,B0034 chintamani,C0424 doddaganjuru,1892 doddaganjur,169,64.88,24.13,1892,30.0,95.0,4.05,8.0,8.0,100.0,0.0,100.0,244.0,244.0,19.0,12.84,63.16,52.63,100.0,100.0,37.5,100.0,12.5,0.0,75.0,100.0,100.0,62.5,0.0,1.25,2.62,0.12,7.75,5.0,241.33,30.5
Chikkaballapura,B0034 chintamani,C0424 doddaganjuru,4551 munagnahalli,124,73.19,21.19,4551,45.0,95.0,7.18,,,,,,,,,,,,,,,,,,,,,,,,,,,,,
Chikkaballapura,B0034 chintamani,C0659 hirekattigenahalli,2644 hirekattigenahalli,361,50.42,27.99,2644,10.0,90.0,-0.7,12.0,11.0,91.67,8.33,100.0,713.0,293.0,25.0,11.72,32.0,56.0,90.91,100.0,36.36,100.0,54.55,0.0,54.55,90.91,90.91,100.0,0.0,1.36,2.55,0.18,7.27,5.0,189.33,26.6
Chikkaballapura,B0034 chintamani,C0659 hirekattigenahalli,3944 kurubur,100,42.5,28.75,3944,0.0,80.0,-8.86,8.0,7.0,87.5,12.5,100.0,515.0,259.0,19.0,13.63,52.63,36.84,100.0,100.0,42.86,57.14,0.0,0.0,71.43,100.0,71.43,85.71,0.0,1.57,2.71,0.29,8.29,5.0,243.2,37.0
Chikkaballapura,B0034 chintamani,C0750 iragampalli,2963 iragampalli,208,53.53,28.33,2963,13.5,90.0,-7.14,7.0,6.0,85.71,14.29,100.0,910.0,235.0,17.0,13.82,41.18,70.59,100.0,100.0,33.33,100.0,16.67,33.33,83.33,100.0,100.0,100.0,0.0,2.33,2.5,1.17,11.67,7.5,243.67,39.2
Chikkaballapura,B0034 chintamani,C0750 iragampalli,6127 yegavakote,216,41.46,25.32,6127,10.0,80.0,4.52,,,,,,,,,,,,,,,,,,,,,,,,,,,,,
Chikkaballapura,B0034 chintamani,C0750 iragampalli,6253 mindigal,157,59.08,28.89,6253,15.0,95.0,3.04,8.0,8.0,100.0,0.0,100.0,230.0,230.0,20.0,11.5,45.0,35.0,100.0,100.0,62.5,100.0,0.0,0.0,50.0,100.0,87.5,100.0,12.5,1.38,2.62,0.5,5.25,5.12,237.75,28.8
Chikkaballapura,B0034 chintamani,C0806 k raguttahalli,3789 kotagal,281,58.06,26.95,3789,20.0,90.0,1.2,14.0,13.0,92.86,7.14,100.0,1915.0,711.0,40.0,17.77,37.5,62.5,100.0,100.0,38.46,92.31,15.38,7.69,61.54,92.31,100.0,92.31,8.33,1.69,2.54,1.38,7.69,4.38,243.67,54.7
Chikkaballapura,B0034 chintamani,C0806 k raguttahalli,5294 settihalli,222,54.8,24.43,5294,20.5,85.0,2.38,,,,,,,,,,,,,,,,,,,,,,,,,,,,,
Chikkaballapura,B0034 chintamani,C0821 kadadhanamari,3151 kadadanamari,57,57.54,26.0,3151,23.0,90.0,6.16,10.0,9.0,90.0,10.0,100.0,197.0,155.0,15.0,10.33,40.0,40.0,100.0,88.89,55.56,100.0,0.0,0.0,44.44,100.0,55.56,100.0,11.11,1.0,3.0,0.0,8.33,1.0,123.0,17.2
Chikkaballapura,B0034 chintamani,C0829 kaderanahalli,3772 koralaparthi,301,43.67,26.98,3772,5.0,80.0,1.54,,,,,,,,,,,,,,,,,,,,,,,,,,,,,
Chikkaballapura,B0034 chintamani,C0829 kaderanahalli,4451 mitahalli,145,41.69,25.11,4451,15.0,83.0,-3.73,,,,,,,,,,,,,,,,,,,,,,,,,,,,,
Chikkaballapura,B0034 chintamani,C0836 kaiwara,3216 kaiwara,120,64.96,25.77,3216,25.0,95.0,2.78,10.0,5.0,50.0,50.0,100.0,2325.0,523.0,18.0,29.06,38.89,44.44,100.0,100.0,100.0,100.0,20.0,40.0,80.0,100.0,100.0,80.0,20.0,2.0,5.8,1.0,5.0,4.0,183.0,104.6
Chikkaballapura,B0034 chintamani,C0836 kaiwara,4989 peramachanahalli,281,55.09,27.0,4989,15.0,90.0,7.46,,,,,,,,,,,,,,,,,,,,,,,,,,,,,
Chikkaballapura,B0034 chintamani,C0836 kaiwara,5680 thalagavara,196,45.43,27.18,5680,10.0,85.0,12.67,,,,,,,,,,,,,,,,,,,,,,,,,,,,,
Chikkaballapura,B0034 chintamani,C0836 kaiwara,6522 masthenahalli,217,52.95,30.09,6522,10.0,90.0,13.5,,,,,,,,,,,,,,,,,,,,,,,,,,,,,
Chikkaballapura,B0034 chintamani,C0925 kencharalhalli,3544 kencharlahalli,90,41.83,29.64,3544,5.0,85.0,-0.47,9.0,7.0,77.78,22.22,100.0,303.0,134.0,14.0,9.57,64.29,50.0,100.0,100.0,57.14,100.0,0.0,0.0,85.71,85.71,100.0,100.0,0.0,1.0,2.71,0.57,7.71,4.43,243.6,19.1
Chikkaballapura,B0034 chintamani,C0925 kencharalhalli,4451 mitahalli,64,41.33,29.13,4451,5.0,85.0,-2.54,,,,,,,,,,,,,,,,,,,,,,,,,,,,,
Chikkaballapura,B0034 chintamani,C0978 konapalli,3492 kattariguppa,230,54.11,28.33,3492,15.0,95.0,7.12,10.0,10.0,100.0,0.0,100.0,406.0,406.0,30.0,13.53,66.67,56.67,100.0,100.0,70.0,100.0,0.0,10.0,30.0,90.0,90.0,100.0,0.0,1.4,3.1,1.9,8.2,3.0,190.8,40.6
Chikkaballapura,B0034 chintamani,C0978 konapalli,3730 konapalli,240,68.27,23.87,3730,30.0,95.0,5.41,12.0,8.0,66.67,25.0,100.0,1898.0,273.0,16.0,17.06,50.0,37.5,100.0,100.0,50.0,100.0,0.0,12.5,62.5,87.5,75.0,87.5,12.5,1.12,1.88,2.62,7.5,3.12,245.5,34.1
Chikkaballapura,B0034 chintamani,C1065 m gollahalli,4035 m gollahalli,196,62.4,29.34,4035,20.0,95.0,-0.91,,,,,,,,,,,,,,,,,,,,,,,,,,,,,
Chikkaballapura,B0034 chintamani,C1230 muragamale,4569 muragamalla,256,55.16,26.43,4569,20.0,85.0,5.85,11.0,11.0,100.0,0.0,100.0,681.0,681.0,38.0,17.92,42.11,39.47,100.0,90.91,27.27,90.91,0.0,0.0,45.45,100.0,72.73,90.91,0.0,1.09,2.91,0.73,6.91,4.91,244.0,61.9
Chikkaballapura,B0034 chintamani,C1266 nalamachanahalli,5294 settihalli,126,51.9,23.6,5294,20.0,85.0,3.39,,,,,,,,,,,,,,,,,,,,,,,,,,,,,
Chikkaballapura,B0034 chintamani,C1273 nandiganahalli,4716 nandiganahalli,248,59.88,27.51,4716,20.0,95.0,10.48,11.0,11.0,100.0,0.0,100.0,200.0,200.0,23.0,8.7,56.52,39.13,100.0,90.91,27.27,100.0,9.09,0.0,54.55,81.82,90.91,81.82,0.0,1.0,1.73,3.0,8.45,6.55,243.29,18.2
Chikkaballapura,B0034 chintamani,C1273 nandiganahalli,4985 peddur,57,63.07,27.41,4985,23.0,95.0,6.95,9.0,9.0,100.0,0.0,100.0,126.0,126.0,16.0,7.88,37.5,50.0,100.0,100.0,33.33,100.0,22.22,0.0,55.56,88.89,88.89,100.0,0.0,1.11,1.56,1.33,7.44,6.11,195.0,14.0
Chikkaballapura,B0034 chintamani,C1359 peramachanahalli,4989 peramachanahalli,127,69.02,23.38,4989,40.0,97.0,-2.38,,,,,,,,,,,,,,,,,,,,,,,,,,,,,
Chikkaballapura,B0034 chintamani,C1503 siddepalli,1391 bommeshettihalli,298,49.61,26.52,1391,15.0,85.0,-0.02,,,,,,,,,,,,,,,,,,,,,,,,,,,,,
Chikkaballapura,B0034 chintamani,C1563 talagavara,5225 santhekallahalli,492,50.83,30.06,5225,10.0,90.0,8.85,,,,,,,,,,,,,,,,,,,,,,,,,,,,,
Chikkaballapura,B0034 chintamani,C1563 talagavara,5680 thalagavara,102,45.59,30.78,5680,5.5,85.0,7.75,,,,,,,,,,,,,,,,,,,,,,,,,,,,,
Chikkaballapura,B0034 chintamani,C1717 yagavakote,4985 peddur,122,57.05,25.0,4985,25.0,95.0,0.98,9.0,9.0,100.0,0.0,100.0,126.0,126.0,16.0,7.88,37.5,50.0,100.0,100.0,33.33,100.0,22.22,0.0,55.56,88.89,88.89,100.0,0.0,1.11,1.56,1.33,7.44,6.11,195.0,14.0
Chikkaballapura,B0034 chintamani,C1717 yagavakote,6127 yegavakote,97,59.95,25.93,6127,20.0,90.0,2.58,,,,,,,,,,,,,,,,,,,,,,,,,,,,,
Chikkaballapura,B0047 gudibanda,C0182 beechaganahalli,1115 beechaganahalli,323,41.67,25.59,1115,6.0,75.0,3.54,,,,,,,,,,,,,,,,,,,,,,,,,,,,,
Chikkaballapura,B0047 gudibanda,C0182 beechaganahalli,1737 dapparthy,151,73.28,21.28,1737,40.0,100.0,0.96,,,,,,,,,,,,,,,,,,,,,,,,,,,,,
Chikkaballapura,B0047 gudibanda,C0529 gudibande rural,5894 ullodu,97,47.94,25.99,5894,10.0,80.0,2.77,13.0,12.0,92.31,7.69,100.0,247.0,238.0,25.0,9.52,60.0,48.0,100.0,100.0,66.67,58.33,8.33,0.0,66.67,100.0,83.33,100.0,8.33,1.0,2.17,0.33,9.5,7.25,212.11,19.8
Chikkaballapura,B0047 gudibanda,C0529 gudibande rural,5975 varlakonda,267,42.04,26.44,5975,5.0,80.0,-3.02,12.0,12.0,100.0,0.0,100.0,309.0,309.0,26.0,11.88,53.85,76.92,100.0,100.0,41.67,91.67,75.0,0.0,91.67,91.67,100.0,100.0,0.0,1.42,2.17,1.0,10.92,7.0,239.89,25.8
Chikkaballapura,B0047 gudibanda,C0530 gudibande,5894 ullodu,233,49.03,26.01,5894,15.0,85.0,2.17,13.0,12.0,92.31,7.69,100.0,247.0,238.0,25.0,9.52,60.0,48.0,100.0,100.0,66.67,58.33,8.33,0.0,66.67,100.0,83.33,100.0,8.33,1.0,2.17,0.33,9.5,7.25,212.11,19.8
Chikkaballapura,B0047 gudibanda,C0589 hampasandra,2377 hampasandra,325,41.31,23.03,2377,12.0,70.0,3.95,14.0,12.0,85.71,14.29,100.0,814.0,576.0,35.0,16.46,51.43,65.71,100.0,100.0,33.33,75.0,0.0,0.0,83.33,100.0,100.0,91.67,9.09,1.5,3.42,0.75,7.67,3.92,239.12,48.0
Chikkaballapura,B0047 gudibanda,C1522 somenahalli,5465 somenahalli,484,34.57,25.15,5465,5.0,75.0,0.5,15.0,14.0,93.33,6.67,100.0,926.0,748.0,34.0,22.0,47.06,88.24,100.0,100.0,42.86,71.43,14.29,7.14,85.71,78.57,57.14,92.86,15.38,1.71,2.79,1.07,9.36,1.79,241.86,53.4
Chikkaballapura,B0047 gudibanda,C1605 thirumani,5732 thiruvani,204,46.79,23.53,5732,16.5,80.0,-1.39,,,,,,,,,,,,,,,,,,,,,,,,,,,,,
Chikkaballapura,B0047 gudibanda,C1689 varlkonda,5732 thiruvani,99,52.47,25.37,5732,15.0,80.0,1.26,,,,,,,,,,,,,,,,,,,,,,,,,,,,,
Chikkaballapura,B0047 gudibanda,C1689 varlkonda,5975 varlakonda,117,51.28,27.01,5975,13.0,85.0,0.82,12.0,12.0,100.0,0.0,100.0,309.0,309.0,26.0,11.88,53.85,76.92,100.0,100.0,41.67,91.67,75.0,0.0,91.67,91.67,100.0,100.0,0.0,1.42,2.17,1.0,10.92,7.0,239.89,25.8
Chikkaballapura,B0047 gudibanda,C1727 yallodu,6140 yellodu,250,62.94,25.72,6140,25.0,95.0,1.72,,,,,,,,,,,,,,,,,,,,,,,,,,,,,
Chikkaballapura,B0124 sidlaghatta,C0007 abloodu,2407 handiganala,95,56.68,26.3,2407,15.0,85.0,12.1,11.0,9.0,81.82,18.18,100.0,2201.0,271.0,21.0,12.9,80.95,61.9,100.0,100.0,77.78,100.0,22.22,0.0,55.56,100.0,88.89,100.0,0.0,1.11,2.11,0.56,3.33,3.33,242.33,30.1
Chikkaballapura,B0124 sidlaghatta,C0007 abloodu,4940 pallicherlu,203,41.31,27.76,4940,5.0,80.0,-0.12,,,,,,,,,,,,,,,,,,,,,,,,,,,,,
Chikkaballapura,B0124 sidlaghatta,C0007 abloodu,505 abloodu,325,45.22,27.25,505,5.0,80.0,4.61,,,,,,,,,,,,,,,,,,,,,,,,,,,,,
Chikkaballapura,B0124 sidlaghatta,C0176 basettyhalli,1090 basettihalli,352,54.49,25.98,1090,15.5,90.0,-1.42,,,,,,,,,,,,,,,,,,,,,,,,,,,,,
Chikkaballapura,B0124 sidlaghatta,C0176 basettyhalli,1856 dodathekahalli,249,30.92,24.31,1856,5.0,70.0,6.13,,,,,,,,,,,,,,,,,,,,,,,,,,,,,
Chikkaballapura,B0124 sidlaghatta,C0220 bhaktharahalli,4158 malamachanahalli,202,41.76,28.31,4158,5.0,85.0,9.59,,,,,,,,,,,,,,,,,,,,,,,,,,,,,
Chikkaballapura,B0124 sidlaghatta,C0220 bhaktharahalli,4641 nagamangala,61,63.93,24.1,4641,30.0,90.0,-2.41,3.0,2.0,66.67,33.33,100.0,357.0,46.0,6.0,7.67,50.0,66.67,100.0,100.0,50.0,100.0,0.0,0.0,50.0,100.0,100.0,100.0,0.0,1.0,2.0,1.0,7.5,7.5,243.0,23.0
Chikkaballapura,B0124 sidlaghatta,C0220 bhaktharahalli,744 anur,266,49.23,24.53,744,15.0,85.0,11.27,8.0,8.0,100.0,0.0,100.0,193.0,193.0,15.0,12.87,73.33,60.0,100.0,100.0,87.5,100.0,62.5,0.0,87.5,100.0,100.0,100.0,25.0,1.12,2.88,2.0,8.5,6.75,211.71,24.1
Chikkaballapura,B0124 sidlaghatta,C0220 bhaktharahalli,946 baktharahalli,104,57.36,27.94,946,15.0,93.5,10.49,,,,,,,,,,,,,,,,,,,,,,,,,,,,,
Chikkaballapura,B0124 sidlaghatta,C0309 cheemangala,1537 chemangala,344,53.21,24.92,1537,20.0,85.0,5.45,,,,,,,,,,,,,,,,,,,,,,,,,,,,,
Chikkaballapura,B0124 sidlaghatta,C0309 cheemangala,3876 kumbiganahalli,269,54.0,24.68,3876,20.0,90.0,6.75,,,,,,,,,,,,,,,,,,,,,,,,,,,,,
Chikkaballapura,B0124 sidlaghatta,C0397 devaramalluru,1777 devamallur,161,51.68,26.49,1777,15.0,90.0,2.13,,,,,,,,,,,,,,,,,,,,,,,,,,,,,
Chikkaballapura,B0124 sidlaghatta,C0397 devaramalluru,3808 kottanoor,132,39.28,27.41,3808,0.5,75.0,7.09,,,,,,,,,,,,,,,,,,,,,,,,,,,,,
Chikkaballapura,B0124 sidlaghatta,C0397 devaramalluru,3892 kundlagurki,179,47.68,27.12,3892,15.0,85.0,0.6,,,,,,,,,,,,,,,,,,,,,,,,,,,,,
Chikkaballapura,B0124 sidlaghatta,C0397 devaramalluru,6106 yaramallina hunasehalli,192,46.04,28.46,6106,5.0,85.0,-3.94,,,,,,,,,,,,,,,,,,,,,,,,,,,,,
Chikkaballapura,B0124 sidlaghatta,C0412 dibburahalli,1843 dibburahalli,251,51.83,24.66,1843,20.0,85.0,-4.9,14.0,13.0,92.86,7.14,100.0,912.0,767.0,32.0,23.97,37.5,62.5,100.0,100.0,38.46,92.31,38.46,23.08,53.85,76.92,76.92,92.31,8.33,1.85,3.54,1.0,4.23,3.77,237.75,59.0
Chikkaballapura,B0124 sidlaghatta,C0412 dibburahalli,6372 thalakayalabetta,128,47.89,25.66,6372,15.0,80.0,-3.33,,,,,,,,,,,,,,,,,,,,,,,,,,,,,
Chikkaballapura,B0124 sidlaghatta,C0453 e thimmasandra,1974 e thimmasandra,327,36.99,26.99,1974,5.0,75.0,5.66,,,,,,,,,,,,,,,,,,,,,,,,,,,,,
Chikkaballapura,B0124 sidlaghatta,C0453 e thimmasandra,6372 thalakayalabetta,60,48.67,26.26,6372,10.0,85.0,-0.24,,,,,,,,,,,,,,,,,,,,,,,,,,,,,
Chikkaballapura,B0124 sidlaghatta,C0479 gambiranahalli,2798 hosapet,176,51.59,24.9,2798,20.0,85.0,2.01,,,,,,,,,,,,,,,,,,,,,,,,,,,,,
Chikkaballapura,B0124 sidlaghatta,C0479 gambiranahalli,3045 jangamakote,277,39.12,26.78,3045,5.0,75.0,2.67,7.0,3.0,42.86,57.14,100.0,1548.0,282.0,11.0,25.64,72.73,54.55,100.0,100.0,33.33,66.67,33.33,0.0,33.33,100.0,66.67,66.67,33.33,1.33,4.33,0.33,1.67,5.67,242.5,94.0
Chikkaballapura,B0124 sidlaghatta,C0479 gambiranahalli,3876 kumbiganahalli,120,58.42,25.68,3876,15.0,90.0,2.89,,,,,,,,,,,,,,,,,,,,,,,,,,,,,
Chikkaballapura,B0124 sidlaghatta,C0488 ganjigunte,2060 ganjigunte,373,45.62,25.61,2060,10.0,80.0,-3.17,17.0,17.0,100.0,0.0,100.0,718.0,718.0,41.0,17.51,34.15,73.17,100.0,100.0,41.18,100.0,5.88,5.88,76.47,100.0,76.47,88.24,0.0,1.06,2.18,1.65,8.76,6.76,243.58,42.2
Chikkaballapura,B0124 sidlaghatta,C0753 irgappanahalli,5139 s devaganahalli,346,56.36,29.53,5139,15.0,95.0,-0.77,10.0,10.0,100.0,0.0,100.0,201.0,201.0,16.0,12.56,18.75,68.75,100.0,100.0,10.0,100.0,60.0,0.0,70.0,80.0,100.0,100.0,10.0,1.4,1.4,2.9,4.7,5.9,239.43,20.1
Chikkaballapura,B0124 sidlaghatta,C0785 jangamakote,2798 hosapet,84,61.49,25.76,2798,25.0,90.0,-1.61,,,,,,,,,,,,,,,,,,,,,,,,,,,,,
Chikkaballapura,B0124 sidlaghatta,C0785 jangamakote,2993 j venkatapura,255,59.29,26.41,2993,20.0,93.0,-4.46,,,,,,,,,,,,,,,,,,,,,,,,,,,,,
Chikkaballapura,B0124 sidlaghatta,C0785 jangamakote,4203 malluru,71,49.01,27.46,4203,15.0,85.0,2.32,,,,,,,,,,,,,,,,,,,,,,,,,,,,,
Chikkaballapura,B0124 sidlaghatta,C1181 melur,2407 handiganala,146,65.38,23.95,2407,30.0,90.0,12.14,11.0,9.0,81.82,18.18,100.0,2201.0,271.0,21.0,12.9,80.95,61.9,100.0,100.0,77.78,100.0,22.22,0.0,55.56,100.0,88.89,100.0,0.0,1.11,2.11,0.56,3.33,3.33,242.33,30.1
Chikkaballapura,B0124 sidlaghatta,C1181 melur,4203 malluru,149,52.48,24.6,4203,20.0,85.0,6.98,,,,,,,,,,,,,,,,,,,,,,,,,,,,,
Chikkaballapura,B0124 sidlaghatta,C1181 melur,4422 melur,131,51.6,27.44,4422,15.0,90.0,5.42,5.0,3.0,60.0,40.0,100.0,657.0,90.0,8.0,11.25,62.5,37.5,100.0,100.0,100.0,100.0,0.0,33.33,66.67,100.0,100.0,100.0,0.0,1.33,2.0,1.0,4.33,5.0,243.0,30.0
Chikkaballapura,B0124 sidlaghatta,C1342 palicherlu,1856 dodathekahalli,141,46.81,24.97,1856,15.0,85.0,4.11,,,,,,,,,,,,,,,,,,,,,,,,,,,,,
Chikkaballapura,B0124 sidlaghatta,C1342 palicherlu,4940 pallicherlu,121,47.56,29.0,4940,10.0,90.0,1.21,,,,,,,,,,,,,,,,,,,,,,,,,,,,,
Chikkaballapura,B0124 sidlaghatta,C1342 palicherlu,5722 thimmanayakanahalli,198,47.58,28.61,5722,0.0,85.0,2.17,,,,,,,,,,,,,,,,,,,,,,,,,,,,,
Chikkaballapura,B0124 sidlaghatta,C1422 sadali,5146 sadali,251,46.04,26.57,5146,15.0,85.0,0.98,11.0,10.0,90.91,9.09,100.0,606.0,596.0,22.0,27.09,40.91,54.55,100.0,100.0,50.0,100.0,80.0,10.0,50.0,90.0,100.0,100.0,10.0,1.7,3.2,2.2,7.0,4.0,238.44,59.6
Chikkaballapura,B0124 sidlaghatta,C1505 sidlaghatta,1777 devamallur,70,71.64,22.27,1777,40.0,95.0,7.25,,,,,,,,,,,,,,,,,,,,,,,,,,,,,
Chikkaballapura,B0124 sidlaghatta,C1602 thimmanayakanahalli,5722 thimmanayakanahalli,96,61.3,22.41,5722,30.0,90.0,-11.33,,,,,,,,,,,,,,,,,,,,,,,,,,,,,
Chikkaballapura,B0124 sidlaghatta,C1612 thummanahalli,4158 malamachanahalli,121,42.69,28.23,4158,5.0,80.0,8.91,,,,,,,,,,,,,,,,,,,,,,,,,,,,,
Chikkaballapura,B0124 sidlaghatta,C1612 thummanahalli,5758 thumanahalli,393,46.22,26.28,5758,10.0,80.0,-5.05,,,,,,,,,,,,,,,,,,,,,,,,,,,,,
Chikkaballapura,B0124 sidlaghatta,C1709 y.hunasenahalli,3892 kundlagurki,85,55.29,25.53,3892,17.0,85.0,3.89,,,,,,,,,,,,,,,,,,,,,,,,,,,,,
Chikkaballapura,B0124 sidlaghatta,C1709 y.hunasenahalli,6106 yaramallina hunasehalli,92,47.01,27.46,6106,5.0,80.0,8.29,,,,,,,,,,,,,,,,,,,,,,,,,,,,,
Chikkaballapura,B0167 gowribidanur,C0707 hosur,5476 sonnaganahalli,84,50.54,24.63,5476,16.5,83.5,2.93,,,,,,,,,,,,,,,,,,,,,,,,,,,,,
Chikkaballapura,B0167 gowribidanur,C0707 hosur,6508 hosur,56,63.39,24.39,6508,30.0,92.5,0.74,5.0,4.0,80.0,20.0,100.0,1536.0,1473.0,24.0,61.38,50.0,70.83,100.0,100.0,100.0,100.0,75.0,25.0,100.0,75.0,100.0,75.0,25.0,1.75,10.25,0.25,6.75,4.75,241.0,368.2
Chikkaballapura,B0167 gowribidanur,C0740 idagur,1906 doddakurugodu,179,45.67,22.99,1906,19.0,76.0,4.85,8.0,8.0,100.0,0.0,100.0,544.0,544.0,25.0,21.76,68.0,28.0,100.0,100.0,75.0,87.5,37.5,0.0,87.5,100.0,100.0,87.5,14.29,2.75,4.0,4.62,10.5,5.0,245.0,68.0
Chikkaballapura,B0167 gowribidanur,C0740 idagur,2316 halaganahalli,60,48.75,25.82,2316,19.5,85.0,-4.86,5.0,5.0,100.0,0.0,100.0,137.0,137.0,13.0,10.54,53.85,30.77,100.0,100.0,80.0,100.0,100.0,0.0,100.0,100.0,100.0,80.0,0.0,1.2,2.0,1.6,8.8,4.0,244.67,27.4
Chikkaballapura,B0167 gowribidanur,C0740 idagur,2921 idagur,60,56.25,27.04,2921,20.0,90.0,18.43,5.0,5.0,100.0,0.0,100.0,188.0,188.0,12.0,15.67,33.33,50.0,100.0,100.0,100.0,100.0,100.0,20.0,100.0,100.0,100.0,100.0,0.0,0.8,2.8,2.0,16.4,10.2,246.0,37.6
Chikkaballapura,B0167 gowribidanur,C1390 ramapura,3946 kurudi,97,34.12,25.48,3946,5.0,72.0,10.18,6.0,6.0,100.0,0.0,100.0,264.0,264.0,15.0,17.6,40.0,40.0,100.0,100.0,66.67,100.0,50.0,0.0,66.67,83.33,100.0,100.0,0.0,1.67,2.33,1.5,8.67,7.33,240.2,44.0
Chikkaballapura,B0167 gowribidanur,C2771 alakapura,1999 g bommasandra,114,41.32,21.97,1999,15.0,70.0,1.93,,,,,,,,,,,,,,,,,,,,,,,,,,,,,
Chikkaballapura,B0167 gowribidanur,C2771 alakapura,596 alakapura,106,38.96,27.41,596,10.0,85.0,3.54,12.0,10.0,83.33,16.67,100.0,845.0,296.0,26.0,11.38,42.31,50.0,100.0,100.0,60.0,100.0,70.0,0.0,60.0,100.0,100.0,90.0,0.0,1.1,2.3,1.4,7.7,7.2,243.38,29.6
Chikkaballapura,B0167 gowribidanur,C2772 alipura,1252 bevinahalli,100,42.2,28.29,1252,5.0,80.5,16.09,6.0,5.0,83.33,16.67,100.0,663.0,181.0,11.0,16.45,9.09,18.18,100.0,100.0,40.0,100.0,0.0,0.0,0.0,100.0,100.0,100.0,0.0,1.2,3.0,0.2,8.0,4.0,241.67,36.2
Chikkaballapura,B0167 gowribidanur,C2772 alipura,5697 tharidal,83,46.87,29.33,5697,5.0,85.0,12.64,,,,,,,,,,,,,,,,,,,,,,,,,,,,,
Chikkaballapura,B0167 gowribidanur,C2772 alipura,619 alipura,62,51.69,26.58,619,15.0,89.5,2.86,10.0,6.0,60.0,40.0,100.0,3190.0,299.0,17.0,17.59,47.06,58.82,100.0,100.0,33.33,100.0,50.0,16.67,66.67,100.0,100.0,66.67,0.0,1.5,3.17,0.5,6.33,6.33,244.75,49.8
Chikkaballapura,B0167 gowribidanur,C2805 d palya,1706 d palya,30,48.83,23.77,1706,20.0,80.5,-2.74,,,,,,,,,,,,,,,,,,,,,,,,,,,,,
Chikkaballapura,B0167 gowribidanur,C2805 d palya,861 b bommasandra,112,33.39,28.34,861,5.0,80.0,6.91,5.0,5.0,100.0,0.0,100.0,224.0,224.0,12.0,18.67,16.67,33.33,100.0,100.0,60.0,100.0,40.0,0.0,20.0,100.0,100.0,100.0,0.0,1.2,2.4,0.0,5.6,2.6,242.5,44.8
Chikkaballapura,B0167 gowribidanur,C2822 gedare,2011 gadare,168,42.53,28.19,2011,5.0,85.0,-5.0,,,,,,,,,,,,,,,,,,,,,,,,,,,,,
Chikkaballapura,B0167 gowribidanur,C2822 gedare,2624 hirebidanur,63,39.13,29.55,2624,1.0,80.0,-17.78,,,,,,,,,,,,,,,,,,,,,,,,,,,,,
Chikkaballapura,B0167 gowribidanur,C2835 hale halli,2339 halehalli,97,41.44,28.12,2339,5.0,80.0,3.06,7.0,7.0,100.0,0.0,100.0,247.0,247.0,14.0,17.64,35.71,64.29,100.0,100.0,85.71,85.71,100.0,14.29,85.71,85.71,100.0,100.0,0.0,1.14,2.29,1.43,10.14,8.57,246.25,35.3
Chikkaballapura,B0167 gowribidanur,C2835 hale halli,5302 shampura,75,36.33,21.61,5302,7.0,65.0,7.09,,,,,,,,,,,,,,,,,,,,,,,,,,,,,
Chikkaballapura,B0167 gowribidanur,C2846 herebidanur,2048 gangasandra,56,45.71,27.62,2048,7.5,80.0,3.43,12.0,9.0,75.0,25.0,100.0,2496.0,811.0,33.0,24.58,39.39,72.73,100.0,100.0,66.67,88.89,77.78,33.33,55.56,100.0,100.0,88.89,0.0,3.89,3.56,1.11,7.67,3.44,241.17,90.1
Chikkaballapura,B0167 gowribidanur,C2852 hudaguru,1443 bychapura,60,51.33,23.01,1443,19.5,80.0,2.0,7.0,7.0,100.0,0.0,100.0,389.0,389.0,23.0,16.91,30.43,47.83,100.0,100.0,57.14,100.0,42.86,14.29,85.71,85.71,100.0,100.0,0.0,1.29,3.71,0.43,7.86,3.29,241.75,55.6
Chikkaballapura,B0167 gowribidanur,C2852 hudaguru,2820 hudugur,70,58.14,30.95,2820,9.5,95.0,2.12,,,,,,,,,,,,,,,,,,,,,,,,,,,,,
Chikkaballapura,B0167 gowribidanur,C2852 hudaguru,4685 naklahalli,83,52.89,24.21,4685,20.0,85.0,-4.21,,,,,,,,,,,,,,,,,,,,,,,,,,,,,
Chikkaballapura,B0167 gowribidanur,C2858 jarabandahalli,3051 jarabandahalli,100,52.35,27.4,3051,14.5,85.0,-0.62,,,,,,,,,,,,,,,,,,,,,,,,,,,,,
Chikkaballapura,B0167 gowribidanur,C2858 jarabandahalli,4442 minakanagurki,134,32.87,23.33,4442,5.0,65.0,-0.74,8.0,8.0,100.0,0.0,100.0,801.0,801.0,33.0,24.27,30.3,45.45,100.0,100.0,87.5,100.0,75.0,0.0,75.0,87.5,100.0,100.0,25.0,1.25,4.12,0.5,3.5,0.5,240.0,100.1
Chikkaballapura,B0167 gowribidanur,C2865 kallinayakanahalli,3257 kalinayakanahalli,112,44.29,26.36,3257,5.5,79.5,-0.03,,,,,,,,,,,,,,,,,,,,,,,,,,,,,
Chikkaballapura,B0167 gowribidanur,C2888 manchenahalli,4222 manchenahalli,92,50.49,27.16,4222,10.0,85.0,0.34,9.0,5.0,55.56,44.44,100.0,1443.0,652.0,21.0,31.05,38.1,71.43,100.0,100.0,80.0,100.0,80.0,20.0,80.0,100.0,100.0,80.0,20.0,2.4,3.6,0.6,7.6,8.0,163.0,130.4
Chikkaballapura,B0167 gowribidanur,C2888 manchenahalli,6420 gowdagere,94,47.87,25.58,6420,11.5,83.5,3.62,7.0,7.0,100.0,0.0,100.0,232.0,232.0,18.0,12.89,44.44,27.78,100.0,100.0,85.71,100.0,85.71,0.0,42.86,100.0,100.0,100.0,0.0,0.86,2.29,1.71,10.0,6.71,244.5,33.1
Chikkaballapura,B0167 gowribidanur,C2894 melya,4424 melya,93,48.66,25.56,4424,11.0,80.0,3.64,8.0,8.0,100.0,0.0,100.0,276.0,276.0,18.0,15.33,22.22,44.44,100.0,100.0,62.5,100.0,25.0,0.0,62.5,100.0,100.0,100.0,0.0,1.25,2.62,0.0,4.62,3.12,238.0,34.5
Chikkaballapura,B0167 gowribidanur,C2894 melya,4496 muddalodu,62,41.45,26.07,4496,15.0,80.0,4.12,5.0,4.0,80.0,20.0,100.0,201.0,127.0,12.0,10.58,58.33,41.67,100.0,100.0,50.0,100.0,25.0,0.0,75.0,100.0,100.0,100.0,0.0,1.0,2.75,0.0,7.25,4.25,238.33,31.8
Chikkaballapura,B0167 gowribidanur,C2897 mudugere,3161 kadalaveni,70,54.5,24.11,3161,20.0,85.0,4.43,8.0,8.0,100.0,0.0,100.0,360.0,360.0,22.0,16.36,45.45,45.45,100.0,100.0,37.5,75.0,100.0,12.5,37.5,87.5,100.0,100.0,0.0,2.12,3.25,0.38,3.75,4.25,243.43,45.0
Chikkaballapura,B0167 gowribidanur,C2897 mudugere,4518 mudugere,64,42.81,30.26,4518,5.0,85.0,-9.56,,,,,,,,,,,,,,,,,,,,,,,,,,,,,
Chikkaballapura,B0167 gowribidanur,C2901 nagaragere,213009591 g kothur,64,55.86,27.0,213009591,21.5,90.0,10.52,8.0,7.0,87.5,12.5,100.0,403.0,148.0,13.0,11.38,30.77,69.23,100.0,100.0,57.14,100.0,0.0,14.29,28.57,100.0,100.0,100.0,0.0,1.14,1.71,0.86,5.29,5.86,240.4,21.1
Chikkaballapura,B0167 gowribidanur,C2901 nagaragere,4650 nagaragere,94,47.93,29.07,4650,10.0,85.0,10.91,6.0,5.0,83.33,16.67,100.0,481.0,360.0,15.0,24.0,40.0,40.0,100.0,100.0,40.0,100.0,0.0,0.0,40.0,100.0,100.0,100.0,20.0,1.6,4.0,0.6,6.2,7.0,240.0,72.0
Chikkaballapura,B0167 gowribidanur,C2904 namagondlu,4700 namagondlu,155,35.74,26.13,4700,2.0,70.0,2.25,6.0,6.0,100.0,0.0,100.0,421.0,421.0,24.0,17.54,41.67,66.67,100.0,100.0,66.67,100.0,66.67,0.0,50.0,100.0,100.0,100.0,0.0,1.17,4.5,0.0,4.5,2.17,238.0,70.2
Chikkaballapura,B0167 gowribidanur,C2916 pura,6639 pura,142,37.36,29.5,6639,0.0,84.5,-3.59,11.0,10.0,90.91,9.09,100.0,382.0,323.0,21.0,15.38,57.14,42.86,100.0,100.0,70.0,100.0,80.0,10.0,50.0,100.0,100.0,100.0,0.0,1.2,2.0,0.8,6.3,6.3,244.0,32.3
Chikkaballapura,B0167 gowribidanur,C2936 thondebavi,5743 thondebavi,153,50.42,27.51,5743,10.0,85.0,14.05,14.0,13.0,92.86,7.14,100.0,452.0,436.0,31.0,14.06,41.94,58.06,100.0,92.31,61.54,100.0,61.54,30.77,76.92,84.62,100.0,100.0,0.0,1.85,3.23,3.0,7.77,5.46,217.22,33.5
Chikkaballapura,B0167 gowribidanur,C2954 vatada hosahalli,5982 vatadahosahalli,137,35.66,29.1,5982,5.0,80.0,-7.24,14.0,13.0,92.86,7.14,100.0,1155.0,897.0,48.0,18.69,37.5,68.75,100.0,100.0,84.62,100.0,30.77,15.38,38.46,61.54,100.0,84.62,0.0,1.69,2.77,0.77,8.23,3.0,211.86,69.0
Chikkaballapura,B0167 gowribidanur,C2956 viduraswatha,1585 chikkakurugodu,70,74.86,13.54,1585,55.0,90.5,-3.7,4.0,4.0,100.0,0.0,100.0,209.0,209.0,12.0,17.42,58.33,41.67,100.0,100.0,25.0,75.0,0.0,0.0,75.0,100.0,100.0,100.0,0.0,2.25,5.0,0.25,4.5,7.0,236.5,52.2
Chikkamagaluru,B0145 biruru,C1058 lingadahalli,6230 lingadahalli,234,51.99,27.02,6230,15.0,90.0,0.37,,,,,,,,,,,,,,,,,,,,,,,,,,,,,
Chikkamagaluru,B0145 biruru,C1841 ballavara,4713 nandibattalu,152,63.26,21.18,4713,35.0,90.0,0.41,,,,,,,,,,,,,,,,,,,,,,,,,,,,,
Chikkamagaluru,B0145 biruru,C1841 ballavara,5717 thigada,136,72.17,16.12,5717,50.0,95.0,1.68,,,,,,,,,,,,,,,,,,,,,,,,,,,,,
Chikkamagaluru,B0145 biruru,C1855 banur,1053 banur,128,54.45,23.72,1053,25.0,90.0,6.29,,,,,,,,,,,,,,,,,,,,,,,,,,,,,
Chikkamagaluru,B0145 biruru,C1855 banur,6273 nagenahalli,105,48.33,27.58,6273,10.0,88.0,12.06,,,,,,,,,,,,,,,,,,,,,,,,,,,,,
Chikkamagaluru,B0145 biruru,C1898 birur m camp,3081 jodithimmapura,100,62.6,16.96,3081,40.0,80.0,6.91,,,,,,,,,,,,,,,,,,,,,,,,,,,,,
Chikkamagaluru,B0145 biruru,C1898 birur m camp,982 balliganur,116,64.91,23.98,982,30.0,95.0,-1.93,,,,,,,,,,,,,,,,,,,,,,,,,,,,,
Chikkamagaluru,B0145 biruru,C1981 devanur,1575 chikkadevanur,165,52.61,26.71,1575,15.0,85.0,1.14,,,,,,,,,,,,,,,,,,,,,,,,,,,,,
Chikkamagaluru,B0145 biruru,C1981 devanur,6477 devanur,218,81.26,14.07,6477,60.0,100.0,3.39,,,,,,,,,,,,,,,,,,,,,,,,,,,,,
Chikkamagaluru,B0145 biruru,C2006 doddapatanagere,3074 jiganehalli,213,53.08,27.61,3074,11.0,90.0,4.29,,,,,,,,,,,,,,,,,,,,,,,,,,,,,
Chikkamagaluru,B0145 biruru,C2006 doddapatanagere,4979 pattanagere,132,50.49,29.71,4979,10.0,90.0,6.76,,,,,,,,,,,,,,,,,,,,,,,,,,,,,
Chikkamagaluru,B0145 biruru,C2015 emmedoddi,1985 emmedoddi,327,81.59,14.46,1985,60.0,100.0,0.98,,,,,,,,,,,,,,,,,,,,,,,,,,,,,
Chikkamagaluru,B0145 biruru,C2051 gulladamane,2226 gulladamane,57,78.42,14.67,2226,55.0,92.0,-6.63,,,,,,,,,,,,,,,,,,,,,,,,,,,,,
Chikkamagaluru,B0145 biruru,C2051 gulladamane,5552 sunnadahalli,111,59.46,25.36,5552,20.0,90.0,2.13,,,,,,,,,,,,,,,,,,,,,,,,,,,,,
Chikkamagaluru,B0145 biruru,C2171 hullehalli,2849 hullehalli,111,70.09,16.87,2849,50.0,90.0,7.39,,,,,,,,,,,,,,,,,,,,,,,,,,,,,
Chikkamagaluru,B0145 biruru,C2171 hullehalli,4835 nidagatta,93,68.49,23.44,4835,35.0,90.0,4.1,,,,,,,,,,,,,,,,,,,,,,,,,,,,,
Chikkamagaluru,B0145 biruru,C2208 jodihochihalli,3080 jodihochihalli,203,55.84,24.63,3080,20.0,85.0,4.36,,,,,,,,,,,,,,,,,,,,,,,,,,,,,
Chikkamagaluru,B0145 biruru,C2208 jodihochihalli,4656 nagarallu,96,56.35,27.34,4656,15.0,85.0,-1.25,,,,,,,,,,,,,,,,,,,,,,,,,,,,,
Chikkamagaluru,B0145 biruru,C2212 k hosahalli,1371 bislehalli,243,52.1,26.25,1371,20.0,85.0,1.49,,,,,,,,,,,,,,,,,,,,,,,,,,,,,
Chikkamagaluru,B0145 biruru,C2212 k hosahalli,1603 chikkangala,74,67.57,25.83,1603,36.5,93.5,-0.54,,,,,,,,,,,,,,,,,,,,,,,,,,,,,
Chikkamagaluru,B0145 biruru,C2212 k hosahalli,5244 saraswatipura,58,65.17,22.92,5244,40.0,95.0,-19.49,,,,,,,,,,,,,,,,,,,,,,,,,,,,,
Chikkamagaluru,B0145 biruru,C2513 nidagatta,4835 nidagatta,91,60.77,28.5,4835,20.0,95.0,7.9,,,,,,,,,,,,,,,,,,,,,,,,,,,,,
Chikkamagaluru,B0145 biruru,C2569 s.bidare,5141 s. bidre,235,65.68,26.65,5141,25.0,95.0,10.86,,,,,,,,,,,,,,,,,,,,,,,,,,,,,
Chikkamagaluru,B0145 biruru,C2573 sakarayapatna,2837 hulikere,145,76.69,16.73,2837,55.0,95.0,3.86,,,,,,,,,,,,,,,,,,,,,,,,,,,,,
Chikkamagaluru,B0145 biruru,C2573 sakarayapatna,5002 pillenahalli,56,72.86,21.99,5002,55.0,95.0,10.68,,,,,,,,,,,,,,,,,,,,,,,,,,,,,
Chikkamagaluru,B0145 biruru,C2573 sakarayapatna,5162 sakarayapatna,151,73.38,19.46,5162,50.0,100.0,4.06,,,,,,,,,,,,,,,,,,,,,,,,,,,,,
Chikkamagaluru,B0145 biruru,C2706 udeva,3308 kamanadurga,20,62.0,23.97,3308,34.5,95.0,13.81,,,,,,,,,,,,,,,,,,,,,,,,,,,,,
Chikkamagaluru,B0145 biruru,C2706 udeva,5863 udeva,218,53.33,25.91,5863,20.0,85.0,3.24,,,,,,,,,,,,,,,,,,,,,,,,,,,,,
Chikkamagaluru,B0147 chikmagalur,C1781 aldur,1909 doddamagaravalli,67,59.63,24.61,1909,30.0,90.0,-6.11,,,,,,,,,,,,,,,,,,,,,,,,,,,,,
Chikkamagaluru,B0147 chikmagalur,C1781 aldur,611 aldur,213,63.54,22.05,611,35.0,90.0,12.28,,,,,,,,,,,,,,,,,,,,,,,,,,,,,
Chikkamagaluru,B0147 chikmagalur,C1782 allampura,1749 dasarahalli,82,63.29,17.61,1749,40.0,89.5,1.22,,,,,,,,,,,,,,,,,,,,,,,,,,,,,
Chikkamagaluru,B0147 chikmagalur,C1782 allampura,2910 i d peeta,27,82.04,14.56,2910,66.0,100.0,15.8,,,,,,,,,,,,,,,,,,,,,,,,,,,,,
Chikkamagaluru,B0147 chikmagalur,C1782 allampura,623 allampura,178,46.21,28.11,623,5.0,85.0,0.5,,,,,,,,,,,,,,,,,,,,,,,,,,,,,
Chikkamagaluru,B0147 chikmagalur,C1783 ambale,4157 malalooru,62,73.79,22.34,4157,45.5,95.0,-3.0,,,,,,,,,,,,,,,,,,,,,,,,,,,,,
Chikkamagaluru,B0147 chikmagalur,C1783 ambale,4530 mugulavalli,53,67.64,17.88,4530,40.0,85.0,6.32,,,,,,,,,,,,,,,,,,,,,,,,,,,,,
Chikkamagaluru,B0147 chikmagalur,C1783 ambale,649 ambale,253,44.37,26.57,649,11.0,85.0,5.18,,,,,,,,,,,,,,,,,,,,,,,,,,,,,
Chikkamagaluru,B0147 chikmagalur,C1820 avuthi,497 aavuthi,83,50.18,25.62,497,11.0,80.0,8.32,,,,,,,,,,,,,,,,,,,,,,,,,,,,,
Chikkamagaluru,B0147 chikmagalur,C1820 avuthi,5683 thalihalli,88,71.7,15.52,5683,53.5,90.0,0.46,,,,,,,,,,,,,,,,,,,,,,,,,,,,,
Chikkamagaluru,B0147 chikmagalur,C1820 avuthi,936 baigooru,130,75.69,25.1,936,39.5,100.0,4.63,,,,,,,,,,,,,,,,,,,,,,,,,,,,,
Chikkamagaluru,B0147 chikmagalur,C1873 belwadi,1168 belavadi,212,62.59,26.21,1168,25.0,90.0,6.49,,,,,,,,,,,,,,,,,,,,,,,,,,,,,
Chikkamagaluru,B0147 chikmagalur,C1873 belwadi,3099 k b haal,141,58.23,26.34,3099,25.0,95.0,7.11,,,,,,,,,,,,,,,,,,,,,,,,,,,,,
Chikkamagaluru,B0147 chikmagalur,C1873 belwadi,4047 maachenahalli,88,51.36,25.17,4047,18.5,85.0,8.18,,,,,,,,,,,,,,,,,,,,,,,,,,,,,
Chikkamagaluru,B0147 chikmagalur,C2128 hiregowja,2629 hiregowja,141,54.08,27.64,2629,10.0,90.0,15.76,,,,,,,,,,,,,,,,,,,,,,,,,,,,,
Chikkamagaluru,B0147 chikmagalur,C2128 hiregowja,4005 lakya,129,50.04,26.53,4005,10.0,80.0,3.21,,,,,,,,,,,,,,,,,,,,,,,,,,,,,
Chikkamagaluru,B0147 chikmagalur,C2183 huyigere,2906 huyigere,68,79.04,15.68,2906,53.5,95.0,6.97,,,,,,,,,,,,,,,,,,,,,,,,,,,,,
Chikkamagaluru,B0147 chikmagalur,C2191 indhavara,1119 beekanahalli,74,61.62,25.17,1119,20.0,95.0,1.29,,,,,,,,,,,,,,,,,,,,,,,,,,,,,
Chikkamagaluru,B0147 chikmagalur,C2191 indhavara,2652 hirekolale,107,59.49,27.3,2652,15.0,90.0,8.38,,,,,,,,,,,,,,,,,,,,,,,,,,,,,
Chikkamagaluru,B0147 chikmagalur,C2191 indhavara,2944 indhavar,55,57.36,20.52,2944,27.0,80.0,13.5,,,,,,,,,,,,,,,,,,,,,,,,,,,,,
Chikkamagaluru,B0147 chikmagalur,C2223 kadavanthi,1080 basaravalli,41,57.8,24.03,1080,25.0,85.0,11.87,,,,,,,,,,,,,,,,,,,,,,,,,,,,,
Chikkamagaluru,B0147 chikmagalur,C2223 kadavanthi,3176 kadavanti,100,55.75,29.87,3176,5.0,95.0,9.68,,,,,,,,,,,,,,,,,,,,,,,,,,,,,
Chikkamagaluru,B0147 chikmagalur,C2223 kadavanthi,6549 bidare,25,63.6,19.01,6549,42.0,85.0,3.17,,,,,,,,,,,,,,,,,,,,,,,,,,,,,
Chikkamagaluru,B0147 chikmagalur,C2238 kalasapura,1990 eshwarahalli,182,50.55,28.12,1990,10.0,85.0,4.26,,,,,,,,,,,,,,,,,,,,,,,,,,,,,
Chikkamagaluru,B0147 chikmagalur,C2238 kalasapura,5416 sindigere,128,56.29,24.0,5416,25.0,85.0,9.04,,,,,,,,,,,,,,,,,,,,,,,,,,,,,
Chikkamagaluru,B0147 chikmagalur,C2238 kalasapura,6332 kalasapura,266,52.95,26.52,6332,15.0,85.0,1.94,,,,,,,,,,,,,,,,,,,,,,,,,,,,,
Chikkamagaluru,B0147 chikmagalur,C2274 karthikere,2468 hariharadahalli,134,57.09,23.11,2468,25.0,85.0,8.42,,,,,,,,,,,,,,,,,,,,,,,,,,,,,
Chikkamagaluru,B0147 chikmagalur,C2274 karthikere,3466 karthikere,70,80.0,14.87,3466,64.5,95.0,0.87,,,,,,,,,,,,,,,,,,,,,,,,,,,,,
Chikkamagaluru,B0147 chikmagalur,C2367 machagondanahalli,3528 kelagooru,253,46.26,27.59,3528,10.0,85.0,1.99,,,,,,,,,,,,,,,,,,,,,,,,,,,,,
Chikkamagaluru,B0147 chikmagalur,C2367 machagondanahalli,5268 sattihalli,67,37.76,26.36,5268,5.0,72.0,-6.77,,,,,,,,,,,,,,,,,,,,,,,,,,,,,
Chikkamagaluru,B0147 chikmagalur,C2396 mallandur,1439 byaravalli,153,40.65,25.58,1439,5.0,75.0,3.35,,,,,,,,,,,,,,,,,,,,,,,,,,,,,
Chikkamagaluru,B0147 chikmagalur,C2396 mallandur,4413 melina hulavatti,34,79.26,13.03,4413,61.5,95.0,3.7,,,,,,,,,,,,,,,,,,,,,,,,,,,,,
Chikkamagaluru,B0147 chikmagalur,C2398 mallenahalli,4195 mallenahalli,300,42.37,26.2,4195,10.0,80.0,6.55,,,,,,,,,,,,,,,,,,,,,,,,,,,,,
Chikkamagaluru,B0147 chikmagalur,C2398 mallenahalli,5735 thogarihankallu,277,43.07,26.41,5735,5.0,80.0,-0.66,,,,,,,,,,,,,,,,,,,,,,,,,,,,,
Chikkamagaluru,B0147 chikmagalur,C2412 marle,4329 marle,214,44.63,24.09,4329,10.0,75.0,9.23,,,,,,,,,,,,,,,,,,,,,,,,,,,,,
Chikkamagaluru,B0147 chikmagalur,C2448 mugthihalli - 01,4529 mugthihalli,117,68.46,21.96,4529,38.0,95.0,-2.61,,,,,,,,,,,,,,,,,,,,,,,,,,,,,
Chikkamagaluru,B0147 chikmagalur,C2448 mugthihalli - 01,5706 thegur,178,88.9,12.43,5706,75.0,100.0,4.14,,,,,,,,,,,,,,,,,,,,,,,,,,,,,
Chikkamagaluru,B0147 chikmagalur,C2449 mugthihalli - 02,3108 k r pete,94,68.3,22.21,3108,40.0,95.0,-10.37,,,,,,,,,,,,,,,,,,,,,,,,,,,,,
Chikkamagaluru,B0147 chikmagalur,C2463 mylimane,4612 myliimane,69,50.51,24.23,4612,15.0,81.0,4.48,,,,,,,,,,,,,,,,,,,,,,,,,,,,,
Chikkamagaluru,B0147 chikmagalur,C2463 mylimane,6485 anoor,145,81.59,19.51,6485,60.0,100.0,0.57,,,,,,,,,,,,,,,,,,,,,,,,,,,,,
Chikkamagaluru,B0147 chikmagalur,C2568 s m pet,1767 devadana,216,49.26,27.41,1767,15.0,85.0,11.88,,,,,,,,,,,,,,,,,,,,,,,,,,,,,
Chikkamagaluru,B0147 chikmagalur,C2630 siravase,5434 siravase,87,53.91,24.43,5434,25.0,87.0,-10.35,,,,,,,,,,,,,,,,,,,,,,,,,,,,,
Chikkamagaluru,B0147 chikmagalur,C2705 uddebhoranahalli,1346 bilikallahalli,148,53.95,27.45,1346,15.0,90.0,2.12,,,,,,,,,,,,,,,,,,,,,,,,,,,,,
Chikkamagaluru,B0147 chikmagalur,C2705 uddebhoranahalli,3992 lakkammanahalli,93,62.53,21.69,3992,30.0,90.0,3.28,,,,,,,,,,,,,,,,,,,,,,,,,,,,,
Chikkamagaluru,B0147 chikmagalur,C2742 vasthare,1092 baskal,93,53.44,29.79,1092,10.0,90.0,-10.99,,,,,,,,,,,,,,,,,,,,,,,,,,,,,
Chikkamagaluru,B0147 chikmagalur,C2742 vasthare,3847 kuduvalli,74,66.28,22.16,3847,30.0,90.0,1.29,,,,,,,,,,,,,,,,,,,,,,,,,,,,,
Chikkamagaluru,B0147 chikmagalur,C2742 vasthare,5981 vasthare,81,53.95,25.06,5981,20.0,85.0,4.79,,,,,,,,,,,,,,,,,,,,,,,,,,,,,
Chikkamagaluru,B0147 chikmagalur,C2943 urdu ckm,4612 myliimane,76,84.61,14.55,4612,62.5,100.0,5.85,,,,,,,,,,,,,,,,,,,,,,,,,,,,,
Chikkamagaluru,B0147 chikmagalur,C2943 urdu ckm,5268 sattihalli,152,37.24,24.78,5268,5.5,75.0,12.56,,,,,,,,,,,,,,,,,,,,,,,,,,,,,
Chikkamagaluru,B0152 kadur,C1790 anegere,3102 k bidare,152,49.01,26.95,3102,10.0,85.0,1.9,,,,,,,,,,,,,,,,,,,,,,,,,,,,,
Chikkamagaluru,B0152 kadur,C1790 anegere,707 anegere,147,62.45,24.3,707,30.0,95.0,5.81,,,,,,,,,,,,,,,,,,,,,,,,,,,,,
Chikkamagaluru,B0152 kadur,C1798 annigere(9 cross),2834 huligere,88,63.18,25.0,2834,28.5,90.0,2.37,,,,,,,,,,,,,,,,,,,,,,,,,,,,,
Chikkamagaluru,B0152 kadur,C1798 annigere(9 cross),732 annigere,115,61.87,26.43,732,25.0,95.0,6.45,,,,,,,,,,,,,,,,,,,,,,,,,,,,,
Chikkamagaluru,B0152 kadur,C1801 antharaghatte,737 antaragatta,241,36.68,26.1,737,5.0,75.0,-2.63,,,,,,,,,,,,,,,,,,,,,,,,,,,,,
Chikkamagaluru,B0152 kadur,C1801 antharaghatte,814 asandu,92,54.67,17.89,814,30.0,80.0,-1.28,,,,,,,,,,,,,,,,,,,,,,,,,,,,,
Chikkamagaluru,B0152 kadur,C1896 biluvala,1355 bilvuala,185,56.57,25.45,1355,20.0,90.0,4.15,,,,,,,,,,,,,,,,,,,,,,,,,,,,,
Chikkamagaluru,B0152 kadur,C1896 biluvala,4196 malleshwara,201,47.06,26.2,4196,10.0,80.0,5.84,,,,,,,,,,,,,,,,,,,,,,,,,,,,,
Chikkamagaluru,B0152 kadur,C1896 biluvala,5635 tangali,122,52.66,26.31,5635,15.5,90.0,15.24,,,,,,,,,,,,,,,,,,,,,,,,,,,,,
Chikkamagaluru,B0152 kadur,C1899 bisalere,1098 basuru,215,62.81,26.79,1098,20.0,95.0,3.02,,,,,,,,,,,,,,,,,,,,,,,,,,,,,
Chikkamagaluru,B0152 kadur,C1899 bisalere,1369 bisalere,91,66.1,22.76,1369,35.0,95.0,5.8,,,,,,,,,,,,,,,,,,,,,,,,,,,,,
Chikkamagaluru,B0152 kadur,C1899 bisalere,1611 chikkballekere,119,70.25,21.23,1611,40.0,95.0,6.49,,,,,,,,,,,,,,,,,,,,,,,,,,,,,
Chikkamagaluru,B0152 kadur,C1962 chowlahiriyar,1686 chowlahiriyur,336,81.86,19.38,1686,55.0,100.0,5.99,,,,,,,,,,,,,,,,,,,,,,,,,,,,,
Chikkamagaluru,B0152 kadur,C1962 chowlahiriyar,3261 kalkere,76,82.89,14.86,3261,62.5,95.0,11.96,,,,,,,,,,,,,,,,,,,,,,,,,,,,,
Chikkamagaluru,B0152 kadur,C2018 g. yaradakere,5867 udugere,136,53.12,27.44,5867,7.5,85.0,-4.51,,,,,,,,,,,,,,,,,,,,,,,,,,,,,
Chikkamagaluru,B0152 kadur,C2018 g. yaradakere,5952 vakkalagere,140,63.64,27.53,5952,25.0,95.0,8.28,,,,,,,,,,,,,,,,,,,,,,,,,,,,,
Chikkamagaluru,B0152 kadur,C2135 hirenellur,2102 giriyapura,92,65.98,27.4,2102,20.0,95.0,-16.35,,,,,,,,,,,,,,,,,,,,,,,,,,,,,
Chikkamagaluru,B0152 kadur,C2135 hirenellur,2670 hirenalluru,194,50.26,29.38,2670,10.0,90.0,7.36,,,,,,,,,,,,,,,,,,,,,,,,,,,,,
Chikkamagaluru,B0152 kadur,C2135 hirenellur,3309 kamanakere,157,51.78,26.04,3309,13.0,85.0,-15.93,,,,,,,,,,,,,,,,,,,,,,,,,,,,,
Chikkamagaluru,B0152 kadur,C2142 hochihalli,2045 ganganahalli,106,44.15,24.32,2045,12.5,80.0,7.99,,,,,,,,,,,,,,,,,,,,,,,,,,,,,
Chikkamagaluru,B0152 kadur,C2142 hochihalli,2698 hochihalli,113,52.52,29.54,2698,10.0,90.0,21.21,,,,,,,,,,,,,,,,,,,,,,,,,,,,,
Chikkamagaluru,B0152 kadur,C2142 hochihalli,3904 kunkanadu,149,76.11,23.62,3904,35.0,100.0,12.16,,,,,,,,,,,,,,,,,,,,,,,,,,,,,
Chikkamagaluru,B0152 kadur,C2225 kadur rural,1916 doddapattagere,11,55.91,24.58,1916,20.0,85.0,14.79,,,,,,,,,,,,,,,,,,,,,,,,,,,,,
Chikkamagaluru,B0152 kadur,C2225 kadur rural,3197 kaduralli,69,55.58,25.1,3197,20.0,85.0,-0.96,,,,,,,,,,,,,,,,,,,,,,,,,,,,,
Chikkamagaluru,B0152 kadur,C2225 kadur rural,980 ballekere,122,55.57,24.4,980,25.0,90.0,-5.13,,,,,,,,,,,,,,,,,,,,,,,,,,,,,
Chikkamagaluru,B0152 kadur,C2226 kadur west,213009617 saraswatipura,25,54.8,24.81,213009617,20.0,83.0,-2.0,,,,,,,,,,,,,,,,,,,,,,,,,,,,,
Chikkamagaluru,B0152 kadur,C2292 keresanthe,3560 keresanthe,212,54.53,27.72,3560,15.0,85.0,-2.54,,,,,,,,,,,,,,,,,,,,,,,,,,,,,
Chikkamagaluru,B0152 kadur,C2292 keresanthe,5457 somanahalli,147,64.9,26.11,5457,25.0,95.0,9.99,,,,,,,,,,,,,,,,,,,,,,,,,,,,,
Chikkamagaluru,B0152 kadur,C2418 mattigatta,1529 cheelanahalli,54,68.89,20.34,1529,36.5,90.0,-8.03,,,,,,,,,,,,,,,,,,,,,,,,,,,,,
Chikkamagaluru,B0152 kadur,C2418 mattigatta,4367 matigatta,191,43.01,26.56,4367,10.0,80.0,3.76,,,,,,,,,,,,,,,,,,,,,,,,,,,,,
Chikkamagaluru,B0152 kadur,C2508 neralekere,6081 yallambalase,102,46.03,27.37,6081,10.0,85.0,4.98,,,,,,,,,,,,,,,,,,,,,,,,,,,,,
Chikkamagaluru,B0152 kadur,C2531 panchanahalli,4849 niduvalli,119,59.92,26.37,4849,25.0,91.0,2.52,,,,,,,,,,,,,,,,,,,,,,,,,,,,,
Chikkamagaluru,B0152 kadur,C2531 panchanahalli,4947 panchanahalli,152,65.23,27.63,4947,25.0,100.0,-1.77,,,,,,,,,,,,,,,,,,,,,,,,,,,,,
Chikkamagaluru,B0152 kadur,C2531 panchanahalli,5775 timlapura,157,55.51,26.54,5775,20.0,90.0,-4.85,,,,,,,,,,,,,,,,,,,,,,,,,,,,,
Chikkamagaluru,B0152 kadur,C2629 singatagere,5140 s madapura,128,79.77,16.66,5140,60.0,100.0,10.01,,,,,,,,,,,,,,,,,,,,,,,,,,,,,
Chikkamagaluru,B0152 kadur,C2629 singatagere,5428 singatagere,210,57.43,30.41,5428,10.0,95.0,9.68,,,,,,,,,,,,,,,,,,,,,,,,,,,,,
Chikkamagaluru,B0152 kadur,C2719 urdu kadur,6081 yallambalase,100,62.1,27.56,6081,20.0,90.0,10.38,,,,,,,,,,,,,,,,,,,,,,,,,,,,,
Chikkamagaluru,B0152 kadur,C2749 y mallapura,5929 v yaradhakere,75,78.47,15.6,5929,57.0,95.0,8.29,,,,,,,,,,,,,,,,,,,,,,,,,,,,,
Chikkamagaluru,B0152 kadur,C2749 y mallapura,6034 y. mallapura,181,52.24,26.24,6034,15.0,85.0,0.19,,,,,,,,,,,,,,,,,,,,,,,,,,,,,
Chikkamagaluru,B0152 kadur,C2755 yagati,5023 pura,146,54.49,25.19,5023,15.0,87.5,5.12,,,,,,,,,,,,,,,,,,,,,,,,,,,,,
Chikkamagaluru,B0152 kadur,C2755 yagati,6059 yagati,179,50.39,29.87,6059,10.0,90.0,0.83,,,,,,,,,,,,,,,,,,,,,,,,,,,,,
Chikkamagaluru,B0152 kadur,C2762 yallamabalase,2073 garje,130,51.54,28.41,2073,10.0,90.0,-0.96,,,,,,,,,,,,,,,,,,,,,,,,,,,,,
Chikkamagaluru,B0154 koppa,C0614 hariharapura,2470 hariharapura,124,77.14,17.03,2470,50.0,95.0,5.11,,,,,,,,,,,,,,,,,,,,,,,,,,,,,
Chikkamagaluru,B0154 koppa,C0614 hariharapura,6553 asagodu,69,79.78,21.46,6553,55.0,100.0,-0.97,,,,,,,,,,,,,,,,,,,,,,,,,,,,,
Chikkamagaluru,B0154 koppa,C0645 herur,2627 hiregadde,41,82.68,13.0,2627,60.0,95.0,6.09,,,,,,,,,,,,,,,,,,,,,,,,,,,,,
Chikkamagaluru,B0154 koppa,C0645 herur,6363 heruru,249,64.56,26.12,6363,24.0,95.0,-4.2,,,,,,,,,,,,,,,,,,,,,,,,,,,,,
Chikkamagaluru,B0154 koppa,C1763 agalagandi,1424 buvanakote,111,80.68,19.55,1424,55.0,100.0,1.54,,,,,,,,,,,,,,,,,,,,,,,,,,,,,
Chikkamagaluru,B0154 koppa,C1763 agalagandi,533 agalagandi,84,74.46,20.99,533,50.0,95.0,3.14,,,,,,,,,,,,,,,,,,,,,,,,,,,,,
Chikkamagaluru,B0154 koppa,C1834 balagady,1360 binthravalli,246,62.62,25.95,1360,22.5,95.0,3.98,,,,,,,,,,,,,,,,,,,,,,,,,,,,,
Chikkamagaluru,B0154 koppa,C1834 balagady,3574 kesave,54,67.31,19.9,3574,36.5,90.0,9.71,,,,,,,,,,,,,,,,,,,,,,,,,,,,,
Chikkamagaluru,B0154 koppa,C1834 balagady,4888 nuggi,44,63.07,26.57,4888,30.0,95.0,-4.61,,,,,,,,,,,,,,,,,,,,,,,,,,,,,
Chikkamagaluru,B0154 koppa,C2204 jayapura,3063 jayapura,158,64.78,25.73,3063,28.5,95.0,2.44,,,,,,,,,,,,,,,,,,,,,,,,,,,,,
Chikkamagaluru,B0154 koppa,C2204 jayapura,5824 tuluvinakoppa,114,58.73,26.6,5824,20.0,95.0,6.2,,,,,,,,,,,,,,,,,,,,,,,,,,,,,
Chikkamagaluru,B0154 koppa,C2245 kammaradi,1022 bandigadi,94,83.35,18.22,1022,61.5,100.0,1.34,,,,,,,,,,,,,,,,,,,,,,,,,,,,,
Chikkamagaluru,B0154 koppa,C2245 kammaradi,1526 chavalmane,230,75.2,20.78,1526,45.0,100.0,-1.68,,,,,,,,,,,,,,,,,,,,,,,,,,,,,
Chikkamagaluru,B0154 koppa,C2316 koppa gramantara,2650 hirekodige,148,73.18,23.42,2650,38.5,100.0,6.2,,,,,,,,,,,,,,,,,,,,,,,,,,,,,
Chikkamagaluru,B0154 koppa,C2316 koppa gramantara,3761 koppa rural,23,93.7,6.07,3761,85.0,100.0,1.86,,,,,,,,,,,,,,,,,,,,,,,,,,,,,
Chikkamagaluru,B0154 koppa,C2317 koppa pattana,2458 harandur,96,65.05,27.66,2458,20.0,95.0,3.02,,,,,,,,,,,,,,,,,,,,,,,,,,,,,
Chikkamagaluru,B0154 koppa,C2496 narve,4368 matithotlu,67,69.55,23.16,4368,38.0,95.0,-0.7,,,,,,,,,,,,,,,,,,,,,,,,,,,,,
Chikkamagaluru,B0154 koppa,C2496 narve,4741 naraseepura,85,78.47,15.0,4741,57.0,95.0,5.9,,,,,,,,,,,,,,,,,,,,,,,,,,,,,
Chikkamagaluru,B0154 koppa,C2519 niluvagilu,4859 niluvagilu,110,77.73,17.85,4859,55.0,100.0,-3.22,,,,,,,,,,,,,,,,,,,,,,,,,,,,,
Chikkamagaluru,B0154 koppa,C2519 niluvagilu,5312 shanuvalli,38,70.0,28.59,5312,24.5,100.0,-5.51,,,,,,,,,,,,,,,,,,,,,,,,,,,,,
Chikkamagaluru,B0154 koppa,C2600 shantigram,2200 guddethota,140,60.04,24.26,2200,25.0,90.0,1.93,,,,,,,,,,,,,,,,,,,,,,,,,,,,,
Chikkamagaluru,B0154 koppa,C2600 shantigram,839 attikodige,112,71.83,20.47,839,45.0,99.5,4.64,,,,,,,,,,,,,,,,,,,,,,,,,,,,,
Chikkamagaluru,B0160 moodigere,C1212 mudigere,2334 hale moodigere,255,64.22,21.64,2334,35.0,90.0,8.36,,,,,,,,,,,,,,,,,,,,,,,,,,,,,
Chikkamagaluru,B0160 moodigere,C1851 bankal,1007 banakal,165,43.15,22.1,1007,15.0,73.0,-3.92,,,,,,,,,,,,,,,,,,,,,,,,,,,,,
Chikkamagaluru,B0160 moodigere,C1851 bankal,5699 tharuve,85,53.47,25.52,5699,17.0,90.0,11.86,,,,,,,,,,,,,,,,,,,,,,,,,,,,,
Chikkamagaluru,B0160 moodigere,C1851 bankal,876 b.hosalli,56,51.96,24.69,876,22.5,82.5,0.85,,,,,,,,,,,,,,,,,,,,,,,,,,,,,
Chikkamagaluru,B0160 moodigere,C1880 bettadamane,2428 hanthuru,131,51.45,24.58,2428,15.0,85.0,8.3,,,,,,,,,,,,,,,,,,,,,,,,,,,,,
Chikkamagaluru,B0160 moodigere,C1895 billuru,1738 daradahalli,175,46.63,23.4,1738,15.0,80.0,-1.19,,,,,,,,,,,,,,,,,,,,,,,,,,,,,
Chikkamagaluru,B0160 moodigere,C1957 chinniga,1649 chinniga,162,47.04,23.85,1649,10.0,75.0,6.65,,,,,,,,,,,,,,,,,,,,,,,,,,,,,
Chikkamagaluru,B0160 moodigere,C1957 chinniga,3624 kirugund,99,55.56,27.09,3624,19.0,90.0,-7.75,,,,,,,,,,,,,,,,,,,,,,,,,,,,,
Chikkamagaluru,B0160 moodigere,C2039 gonibeedu,2134 gonibeedu,327,50.02,24.65,2134,18.0,85.0,4.59,,,,,,,,,,,,,,,,,,,,,,,,,,,,,
Chikkamagaluru,B0160 moodigere,C2043 gowdahalli,4902 oorubage,67,59.48,23.71,4902,25.0,90.0,-7.0,,,,,,,,,,,,,,,,,,,,,,,,,,,,,
Chikkamagaluru,B0160 moodigere,C2079 halike,1244 bettagere,89,71.52,19.19,1244,54.0,95.0,-3.77,,,,,,,,,,,,,,,,,,,,,,,,,,,,,
Chikkamagaluru,B0160 moodigere,C2079 halike,5816 tripura,49,40.1,23.84,5816,9.0,70.0,3.07,,,,,,,,,,,,,,,,,,,,,,,,,,,,,
Chikkamagaluru,B0160 moodigere,C2116 hesgal,1316 bidarahalli,105,72.33,18.44,1316,47.0,95.0,5.85,,,,,,,,,,,,,,,,,,,,,,,,,,,,,
Chikkamagaluru,B0160 moodigere,C2116 hesgal,2599 hesgal,166,54.34,19.03,2599,32.5,80.0,4.43,,,,,,,,,,,,,,,,,,,,,,,,,,,,,
Chikkamagaluru,B0160 moodigere,C2127 hirebylu,2922 idakani,77,59.22,27.29,2922,20.0,95.0,7.08,,,,,,,,,,,,,,,,,,,,,,,,,,,,,
Chikkamagaluru,B0160 moodigere,C2127 hirebylu,4298 marasanige,119,50.08,26.38,4298,10.0,80.0,1.36,,,,,,,,,,,,,,,,,,,,,,,,,,,,,
Chikkamagaluru,B0160 moodigere,C2202 javali,3057 javali,136,47.32,22.6,3057,17.5,75.0,4.91,,,,,,,,,,,,,,,,,,,,,,,,,,,,,
Chikkamagaluru,B0160 moodigere,C2202 javali,5549 sunkasale,74,66.89,20.55,5549,40.0,95.0,3.68,,,,,,,,,,,,,,,,,,,,,,,,,,,,,
Chikkamagaluru,B0160 moodigere,C2237 kalasa,3246 kalasa,269,70.15,20.6,3246,40.0,95.0,1.73,,,,,,,,,,,,,,,,,,,,,,,,,,,,,
Chikkamagaluru,B0160 moodigere,C2391 makonahalli,4144 makonahalli,148,54.32,21.76,4144,28.5,81.5,3.97,,,,,,,,,,,,,,,,,,,,,,,,,,,,,
Chikkamagaluru,B0160 moodigere,C2391 makonahalli,4723 nandipura,47,64.47,25.94,4723,26.0,95.0,-16.79,,,,,,,,,,,,,,,,,,,,,,,,,,,,,
Chikkamagaluru,B0160 moodigere,C2516 niduvale,3759 koove,203,43.47,26.27,3759,6.0,80.0,-1.45,,,,,,,,,,,,,,,,,,,,,,,,,,,,,
Chikkamagaluru,B0160 moodigere,C2516 niduvale,4848 niduvale,72,58.33,23.07,4848,26.0,85.0,-0.83,,,,,,,,,,,,,,,,,,,,,,,,,,,,,
Chikkamagaluru,B0160 moodigere,C2516 niduvale,881 baalooru,67,58.96,24.16,881,25.0,90.0,17.11,,,,,,,,,,,,,,,,,,,,,,,,,,,,,
Chikkamagaluru,B0160 moodigere,C2539 phalguni,3893 kundooru,48,67.71,24.36,3893,32.0,95.0,1.67,,,,,,,,,,,,,,,,,,,,,,,,,,,,,
Chikkamagaluru,B0160 moodigere,C2539 phalguni,4936 palghuni,144,48.19,25.99,4936,10.0,80.0,-3.45,,,,,,,,,,,,,,,,,,,,,,,,,,,,,
Chikkamagaluru,B0160 moodigere,C2578 samse,2770 horanadu,102,50.93,22.24,2770,20.0,80.0,-0.25,,,,,,,,,,,,,,,,,,,,,,,,,,,,,
Chikkamagaluru,B0160 moodigere,C2578 samse,5191 samse,115,52.65,24.78,5191,20.0,85.0,4.3,,,,,,,,,,,,,,,,,,,,,,,,,,,,,
Chikkamagaluru,B0160 moodigere,C2578 samse,5753 thotadooru,17,64.41,30.92,5753,23.0,97.0,32.58,,,,,,,,,,,,,,,,,,,,,,,,,,,,,
Chikkamagaluru,B0163 narasimharajapura,C1836 balehonnur,4123 magundi,189,65.03,20.79,4123,40.0,95.0,3.04,,,,,,,,,,,,,,,,,,,,,,,,,,,,,
Chikkamagaluru,B0163 narasimharajapura,C1836 balehonnur,869 b. kanabooru,283,61.71,23.43,869,31.0,95.0,6.15,,,,,,,,,,,,,,,,,,,,,,,,,,,,,
Chikkamagaluru,B0163 narasimharajapura,C2020 gadigeshwara,3405 kanur,137,61.82,25.34,3405,23.0,95.0,5.14,,,,,,,,,,,,,,,,,,,,,,,,,,,,,
Chikkamagaluru,B0163 narasimharajapura,C2020 gadigeshwara,496 aaduvalli,86,60.76,27.87,496,20.0,95.0,-1.98,,,,,,,,,,,,,,,,,,,,,,,,,,,,,
Chikkamagaluru,B0163 narasimharajapura,C2270 karkeshwara,1049 bannuru,65,85.85,10.81,1049,80.0,95.0,5.55,,,,,,,,,,,,,,,,,,,,,,,,,,,,,
Chikkamagaluru,B0163 narasimharajapura,C2270 karkeshwara,3457 karkeshwara,86,50.64,24.42,3457,20.0,80.0,11.82,,,,,,,,,,,,,,,,,,,,,,,,,,,,,
Chikkamagaluru,B0163 narasimharajapura,C2436 moodabagilu,2184 gubbiga,73,59.38,25.75,2184,21.0,90.0,2.28,,,,,,,,,,,,,,,,,,,,,,,,,,,,,
Chikkamagaluru,B0163 narasimharajapura,C2436 moodabagilu,2756 honnekodige,54,80.65,14.01,2756,60.0,95.0,-3.44,,,,,,,,,,,,,,,,,,,,,,,,,,,,,
Chikkamagaluru,B0163 narasimharajapura,C2436 moodabagilu,961 bale,101,63.32,22.94,961,30.0,90.0,7.4,,,,,,,,,,,,,,,,,,,,,,,,,,,,,
Chikkamagaluru,B0163 narasimharajapura,C2459 muthina koppa,4602 muttinakoppa,348,52.46,24.53,4602,18.5,85.0,2.27,,,,,,,,,,,,,,,,,,,,,,,,,,,,,
Chikkamagaluru,B0163 narasimharajapura,C2464 n r pura rural,6360 nagalapura,43,89.19,16.94,6360,81.0,100.0,-3.31,,,,,,,,,,,,,,,,,,,,,,,,,,,,,
Chikkamagaluru,B0163 narasimharajapura,C2465 n r pura,4429 menasooru,194,68.56,23.65,4429,31.5,95.0,2.46,,,,,,,,,,,,,,,,,,,,,,,,,,,,,
Chikkamagaluru,B0163 narasimharajapura,C2580 sankadakuni,5292 seethooru,132,72.01,18.44,5292,45.0,95.0,5.47,,,,,,,,,,,,,,,,,,,,,,,,,,,,,
Chikkamagaluru,B0163 narasimharajapura,C2602 shettikoppa,3156 kadahinabailu,142,50.77,26.44,3156,15.0,85.0,-3.64,,,,,,,,,,,,,,,,,,,,,,,,,,,,,
Chikkamagaluru,B0165 sringeri,C2296 kigga,4320 markal,135,72.41,22.43,4320,40.0,95.0,3.66,,,,,,,,,,,,,,,,,,,,,,,,,,,,,
Chikkamagaluru,B0165 sringeri,C2429 menase,3961 kutha godu,70,62.29,27.2,3961,24.5,95.0,6.04,,,,,,,,,,,,,,,,,,,,,,,,,,,,,
Chikkamagaluru,B0165 sringeri,C2429 menase,4427 menase,115,57.3,29.57,4427,15.0,95.0,3.38,,,,,,,,,,,,,,,,,,,,,,,,,,,,,
Chikkamagaluru,B0165 sringeri,C2482 nallur,1131 begaaru,121,51.65,25.66,1131,15.0,85.0,15.4,,,,,,,,,,,,,,,,,,,,,,,,,,,,,
Chikkamagaluru,B0165 sringeri,C2482 nallur,1826 dhare koppa,112,61.92,25.94,1826,25.5,90.0,8.92,,,,,,,,,,,,,,,,,,,,,,,,,,,,,
Chikkamagaluru,B0165 sringeri,C2506 nemmaru,3558 kere,4,60.0,33.42,3558,27.5,88.5,-53.33,,,,,,,,,,,,,,,,,,,,,,,,,,,,,
Chikkamagaluru,B0165 sringeri,C2506 nemmaru,4810 nemmaaru,71,64.08,24.93,4810,30.0,95.0,3.45,,,,,,,,,,,,,,,,,,,,,,,,,,,,,
Chikkamagaluru,B0165 sringeri,C2641 sringeri pattana,5995 vidyaranyapura,94,63.62,24.29,5995,31.5,95.0,5.87,,,,,,,,,,,,,,,,,,,,,,,,,,,,,
Chikkamagaluru,B0165 sringeri,C2744 vidyanagara,524 addagudde,113,61.68,22.25,524,30.0,90.0,2.99,,,,,,,,,,,,,,,,,,,,,,,,,,,,,
Chikkamagaluru,B0166 tarikere,C1770 ajjampura,2178 gowrapura,6,91.67,6.06,2178,85.0,97.5,1.25,,,,,,,,,,,,,,,,,,,,,,,,,,,,,
Chikkamagaluru,B0166 tarikere,C1770 ajjampura,4737 naranapura,61,80.49,14.48,4737,60.0,100.0,3.55,,,,,,,,,,,,,,,,,,,,,,,,,,,,,
Chikkamagaluru,B0166 tarikere,C1861 bavikere,1105 bavikere,126,42.34,23.8,1105,15.0,77.5,9.34,,,,,,,,,,,,,,,,,,,,,,,,,,,,,
Chikkamagaluru,B0166 tarikere,C1861 bavikere,5402 siddarahalli,177,49.89,27.55,5402,15.0,85.0,-3.75,,,,,,,,,,,,,,,,,,,,,,,,,,,,,
Chikkamagaluru,B0166 tarikere,C1869 belenahalli,1178 belenahalli,181,67.71,19.77,1178,40.0,90.0,4.37,,,,,,,,,,,,,,,,,,,,,,,,,,,,,
Chikkamagaluru,B0166 tarikere,C1869 belenahalli,4033 m c halli,154,65.81,19.35,4033,40.0,90.0,-0.81,,,,,,,,,,,,,,,,,,,,,,,,,,,,,
Chikkamagaluru,B0166 tarikere,C1879 bettadahalli,1243 bettadhahalli,98,58.21,25.13,1243,23.5,90.0,8.11,,,,,,,,,,,,,,,,,,,,,,,,,,,,,
Chikkamagaluru,B0166 tarikere,C1879 bettadahalli,3782 kornahalli,125,56.76,24.19,3782,25.0,90.0,3.14,,,,,,,,,,,,,,,,,,,,,,,,,,,,,
Chikkamagaluru,B0166 tarikere,C1908 bukkambudi,1415 bukkambudi,113,44.34,26.25,1415,10.0,80.0,10.97,,,,,,,,,,,,,,,,,,,,,,,,,,,,,
Chikkamagaluru,B0166 tarikere,C1908 bukkambudi,1602 chikkanavangala,98,66.07,26.88,1602,23.5,95.0,-1.46,,,,,,,,,,,,,,,,,,,,,,,,,,,,,
Chikkamagaluru,B0166 tarikere,C1908 bukkambudi,6680 javur,142,60.67,28.45,6680,20.0,95.0,2.45,,,,,,,,,,,,,,,,,,,,,,,,,,,,,
Chikkamagaluru,B0166 tarikere,C2021 gadihalli,2015 gadeehalli,162,67.28,25.97,2015,30.0,95.0,10.69,,,,,,,,,,,,,,,,,,,,,,,,,,,,,
Chikkamagaluru,B0166 tarikere,C2021 gadihalli,4523 mugali,56,67.41,20.82,4523,37.5,92.5,8.08,,,,,,,,,,,,,,,,,,,,,,,,,,,,,
Chikkamagaluru,B0166 tarikere,C2069 hadikere,2296 hadikere,113,49.87,27.18,2296,15.0,85.0,3.83,,,,,,,,,,,,,,,,,,,,,,,,,,,,,
Chikkamagaluru,B0166 tarikere,C2069 hadikere,671 amruthapura,56,48.57,24.27,671,17.5,75.0,1.79,,,,,,,,,,,,,,,,,,,,,,,,,,,,,
Chikkamagaluru,B0166 tarikere,C2241 kallenahalli,3278 kallenahalli,62,53.71,22.76,3278,25.5,85.0,9.87,,,,,,,,,,,,,,,,,,,,,,,,,,,,,
Chikkamagaluru,B0166 tarikere,C2241 kallenahalli,5842 tyagadhakatte,66,45.3,24.74,5842,10.0,72.5,4.58,,,,,,,,,,,,,,,,,,,,,,,,,,,,,
Chikkamagaluru,B0166 tarikere,C2271 karkuchi,2143 gopala,144,57.74,23.97,2143,25.0,90.0,0.79,,,,,,,,,,,,,,,,,,,,,,,,,,,,,
Chikkamagaluru,B0166 tarikere,C2271 karkuchi,3434 karakuchi,186,67.61,21.02,3434,35.0,90.0,5.07,,,,,,,,,,,,,,,,,,,,,,,,,,,,,
Chikkamagaluru,B0166 tarikere,C2275 kasaba rural,1950 doranalu,140,75.57,19.33,1950,45.0,95.0,1.45,,,,,,,,,,,,,,,,,,,,,,,,,,,,,
Chikkamagaluru,B0166 tarikere,C2333 kudlur,3837 kudlur,87,37.07,23.96,3837,10.0,67.0,-3.82,,,,,,,,,,,,,,,,,,,,,,,,,,,,,
Chikkamagaluru,B0166 tarikere,C2333 kudlur,6465 koratikere,149,61.61,26.91,6465,20.0,90.0,-4.06,,,,,,,,,,,,,,,,,,,,,,,,,,,,,
Chikkamagaluru,B0166 tarikere,C2333 kudlur,927 baggavalli,90,76.67,15.03,927,54.5,95.0,-5.43,,,,,,,,,,,,,,,,,,,,,,,,,,,,,
Chikkamagaluru,B0166 tarikere,C2356 lakkavalli,2366 halsooru,103,64.22,20.9,2366,35.0,90.0,5.59,,,,,,,,,,,,,,,,,,,,,,,,,,,,,
Chikkamagaluru,B0166 tarikere,C2356 lakkavalli,3993 lakkavalli,161,61.4,29.28,3993,20.0,100.0,9.44,,,,,,,,,,,,,,,,,,,,,,,,,,,,,
Chikkamagaluru,B0166 tarikere,C2356 lakkavalli,6660 kenchikoppa,81,81.48,14.17,6660,60.0,95.0,4.26,,,,,,,,,,,,,,,,,,,,,,,,,,,,,
Chikkamagaluru,B0166 tarikere,C2445 mudugodu,1058 baragenahalli,121,66.16,24.22,1058,30.0,95.0,9.04,,,,,,,,,,,,,,,,,,,,,,,,,,,,,
Chikkamagaluru,B0166 tarikere,C2445 mudugodu,4489 mudagodu,131,52.14,23.68,4489,25.0,85.0,-5.53,,,,,,,,,,,,,,,,,,,,,,,,,,,,,
Chikkamagaluru,B0166 tarikere,C2508 neralekere,2879 hunsagatta,182,63.52,25.12,2879,30.0,90.0,1.27,,,,,,,,,,,,,,,,,,,,,,,,,,,,,
Chikkamagaluru,B0166 tarikere,C2508 neralekere,4813 neralakere,159,56.48,25.45,4813,20.0,85.0,2.93,,,,,,,,,,,,,,,,,,,,,,,,,,,,,
Chikkamagaluru,B0166 tarikere,C2617 shivani,1532 cheeranahalli,99,65.51,26.31,1532,25.0,95.0,-7.26,,,,,,,,,,,,,,,,,,,,,,,,,,,,,
Chikkamagaluru,B0166 tarikere,C2617 shivani,6527 shivani,186,67.63,21.41,6527,35.0,90.0,6.88,,,,,,,,,,,,,,,,,,,,,,,,,,,,,
Chikkamagaluru,B0166 tarikere,C2617 shivani,745 anuvanahalli,32,55.31,28.65,745,15.0,89.5,-14.09,,,,,,,,,,,,,,,,,,,,,,,,,,,,,
Chikkamagaluru,B0166 tarikere,C2621 shokke,1878 doddabakikere,97,67.16,22.28,1878,35.0,95.0,13.66,,,,,,,,,,,,,,,,,,,,,,,,,,,,,
Chikkamagaluru,B0166 tarikere,C2621 shokke,6524 sokke,56,56.61,26.24,6524,20.0,90.0,9.17,,,,,,,,,,,,,,,,,,,,,,,,,,,,,
Chikkamagaluru,B0166 tarikere,C2621 shokke,841 attimogge,39,73.33,21.65,841,39.0,95.0,5.91,,,,,,,,,,,,,,,,,,,,,,,,,,,,,
Chikkamagaluru,B0166 tarikere,C2631 sollapura,5450 sollapura,52,81.83,18.04,5450,60.0,100.0,0.24,,,,,,,,,,,,,,,,,,,,,,,,,,,,,
Chikkamagaluru,B0166 tarikere,C2631 sollapura,6300 begur,146,83.49,12.21,6300,67.5,100.0,2.05,,,,,,,,,,,,,,,,,,,,,,,,,,,,,
Chitradurga,B0026 challakere,C0004 abbenahalli,500 abbenahalli,524,40.09,29.45,500,1.5,85.0,1.71,10.0,10.0,100.0,0.0,100.0,801.0,801.0,36.0,22.25,16.67,58.33,100.0,100.0,90.0,100.0,30.0,0.0,100.0,100.0,90.0,90.0,10.0,1.0,3.4,1.0,10.4,6.7,242.0,80.1
Chitradurga,B0026 challakere,C0114 b.n.pura,1150 belagere,575,42.57,30.19,1150,5.0,85.0,5.65,14.0,14.0,100.0,0.0,100.0,609.0,609.0,34.0,17.91,41.18,55.88,100.0,100.0,57.14,92.86,64.29,14.29,85.71,78.57,100.0,100.0,0.0,1.36,2.5,1.57,8.29,5.36,211.89,43.5
Chitradurga,B0026 challakere,C0156 banjigere,1110 bedaredihalli,323,45.68,28.09,1110,5.0,85.0,-2.94,,,,,,,,,,,,,,,,,,,,,,,,,,,,,
Chitradurga,B0026 challakere,C0156 banjigere,4269 mannekote,411,30.24,26.12,4269,0.0,75.0,2.14,5.0,5.0,100.0,0.0,100.0,418.0,418.0,20.0,20.9,60.0,60.0,100.0,100.0,60.0,100.0,40.0,0.0,100.0,100.0,100.0,100.0,0.0,1.2,1.6,0.4,4.6,3.8,242.0,83.6
Chitradurga,B0026 challakere,C0156 banjigere,4621 n.devarahally,289,26.7,24.49,4621,0.0,65.0,-2.27,7.0,7.0,100.0,0.0,100.0,354.0,354.0,20.0,17.7,30.0,60.0,100.0,100.0,57.14,85.71,28.57,0.0,85.71,100.0,85.71,100.0,0.0,1.14,2.57,0.43,4.29,4.71,240.0,50.6
Chitradurga,B0026 challakere,C0387 devamarikunte,1800 devaramarikunte,599,39.77,27.39,1800,5.0,80.0,6.82,7.0,7.0,100.0,0.0,100.0,477.0,477.0,24.0,19.88,20.83,62.5,100.0,100.0,71.43,100.0,100.0,14.29,100.0,100.0,100.0,100.0,0.0,1.14,3.29,0.43,8.0,5.14,241.71,68.1
Chitradurga,B0026 challakere,C0398 devareddihalli,1802 devarareddihalli,835,27.99,24.79,1802,0.0,65.0,5.51,,,,,,,,,,,,,,,,,,,,,,,,,,,,,
Chitradurga,B0026 challakere,C0423 doddachellur,1891 doddachellur,331,47.39,28.03,1891,5.0,85.0,-2.34,7.0,7.0,100.0,0.0,100.0,345.0,345.0,20.0,17.25,35.0,65.0,85.71,100.0,71.43,100.0,28.57,28.57,100.0,100.0,85.71,100.0,14.29,1.14,1.71,0.57,5.43,5.43,240.6,49.3
Chitradurga,B0026 challakere,C0423 doddachellur,4910 p.mahadevapura,240,48.48,28.89,4910,9.5,85.0,7.7,7.0,7.0,100.0,0.0,100.0,610.0,610.0,29.0,21.03,41.38,75.86,85.71,100.0,100.0,71.43,57.14,14.29,85.71,85.71,100.0,71.43,0.0,3.86,3.86,0.29,8.57,2.86,200.17,87.1
Chitradurga,B0026 challakere,C0436 dodderi,1412 budnahatti,425,24.66,21.48,1412,0.0,60.0,8.94,12.0,12.0,100.0,0.0,100.0,417.0,417.0,29.0,14.38,51.72,44.83,100.0,100.0,41.67,83.33,50.0,0.0,100.0,83.33,83.33,91.67,0.0,1.0,1.42,0.5,5.33,3.83,240.7,34.8
Chitradurga,B0026 challakere,C0436 dodderi,1925 dodderi,466,43.0,26.06,1925,10.0,80.0,7.49,10.0,10.0,100.0,0.0,100.0,885.0,885.0,43.0,20.58,53.49,67.44,100.0,100.0,80.0,90.0,40.0,10.0,100.0,90.0,80.0,80.0,0.0,1.6,5.0,1.1,4.1,2.0,241.0,88.5
Chitradurga,B0026 challakere,C0437 doddullarthy,1921 doddaullarthi,334,33.32,25.12,1921,5.0,70.0,0.44,5.0,3.0,60.0,40.0,100.0,753.0,433.0,18.0,24.06,50.0,72.22,100.0,100.0,100.0,100.0,66.67,0.0,100.0,100.0,100.0,100.0,0.0,1.33,2.0,0.33,10.0,7.33,239.5,144.3
Chitradurga,B0026 challakere,C0437 doddullarthy,3298 kaluvehally,459,36.94,29.04,3298,5.0,80.0,8.61,,,,,,,,,,,,,,,,,,,,,,,,,,,,,
Chitradurga,B0026 challakere,C0437 doddullarthy,4609 mylanahalli,635,31.31,26.24,4609,0.0,73.0,7.77,,,,,,,,,,,,,,,,,,,,,,,,,,,,,
Chitradurga,B0026 challakere,C0497 ghataparthy,2076 gataparthi,681,30.32,27.12,2076,0.0,75.0,2.93,,,,,,,,,,,,,,,,,,,,,,,,,,,,,
Chitradurga,B0026 challakere,C0512 gopanahalli,2147 gopanahalli,371,41.97,26.32,2147,5.0,80.0,-2.14,8.0,8.0,100.0,0.0,100.0,341.0,341.0,20.0,17.05,40.0,45.0,87.5,100.0,100.0,100.0,12.5,0.0,100.0,100.0,100.0,100.0,12.5,1.0,3.38,0.38,7.75,5.62,207.43,42.6
Chitradurga,B0026 challakere,C0512 gopanahalli,4657 nagaramgere,364,40.22,26.32,4657,5.0,75.0,-4.34,13.0,9.0,69.23,30.77,100.0,1956.0,358.0,25.0,14.32,84.0,52.0,100.0,100.0,77.78,100.0,55.56,0.0,100.0,100.0,100.0,88.89,0.0,1.11,2.44,0.22,3.22,4.22,239.86,39.8
Chitradurga,B0026 challakere,C0518 gourasamudra,2179 gowrasamudra,902,29.21,25.16,2179,0.0,70.0,-1.27,12.0,12.0,100.0,0.0,100.0,938.0,938.0,41.0,22.88,36.59,60.98,100.0,100.0,25.0,100.0,100.0,8.33,100.0,100.0,91.67,100.0,0.0,1.08,2.0,1.58,9.25,7.42,242.9,78.2
Chitradurga,B0026 challakere,C0656 hirehalli,6390 hirehalli,671,30.63,25.07,6390,0.0,65.0,6.2,12.0,10.0,83.33,16.67,100.0,1407.0,732.0,34.0,21.53,41.18,58.82,90.0,100.0,60.0,100.0,30.0,10.0,90.0,100.0,100.0,100.0,0.0,1.2,2.6,1.2,6.8,7.1,242.0,73.2
Chitradurga,B0026 challakere,C0770 jajuru,3010 jajur,581,35.95,27.98,3010,5.0,80.0,6.54,5.0,5.0,100.0,0.0,100.0,725.0,725.0,28.0,25.89,53.57,67.86,80.0,100.0,80.0,100.0,0.0,0.0,100.0,100.0,80.0,100.0,0.0,1.0,6.0,1.0,8.0,4.8,240.0,145.0
Chitradurga,B0026 challakere,C0770 jajuru,4894 obalapura,377,34.63,28.09,4894,0.0,80.0,4.5,9.0,9.0,100.0,0.0,100.0,485.0,485.0,24.0,20.21,54.17,54.17,77.78,100.0,55.56,100.0,77.78,11.11,100.0,88.89,100.0,100.0,0.0,1.22,1.89,0.89,5.89,4.11,241.0,53.9
Chitradurga,B0026 challakere,C0770 jajuru,5117 renukapura,495,35.67,29.27,5117,0.0,85.0,7.7,9.0,8.0,88.89,11.11,100.0,1192.0,777.0,29.0,26.79,34.48,75.86,100.0,100.0,50.0,100.0,75.0,0.0,100.0,75.0,100.0,100.0,12.5,0.88,1.62,0.25,6.38,5.88,242.0,97.1
Chitradurga,B0026 challakere,C1117 mallurahalli,4202 mallurahalli,833,35.73,28.79,4202,0.0,80.0,2.35,14.0,13.0,92.86,7.14,100.0,895.0,825.0,38.0,21.71,36.84,55.26,92.31,100.0,76.92,92.31,84.62,0.0,100.0,69.23,84.62,100.0,7.69,1.08,2.38,0.31,7.08,5.08,241.17,63.5
Chitradurga,B0026 challakere,C1177 meerasabeehalli,1507 channammanagathihalli,468,37.83,28.76,1507,0.0,80.0,2.48,,,,,,,,,,,,,,,,,,,,,,,,,,,,,
Chitradurga,B0026 challakere,C1177 meerasabeehalli,4401 meerasaabihalli,455,31.15,26.11,4401,0.0,70.0,4.67,6.0,6.0,100.0,0.0,100.0,490.0,490.0,22.0,22.27,45.45,31.82,100.0,100.0,100.0,100.0,100.0,0.0,100.0,100.0,83.33,100.0,16.67,1.33,4.83,0.0,12.5,0.0,235.0,81.7
Chitradurga,B0026 challakere,C1245 n mahadevapura,4621 n.devarahally,142,38.7,27.44,4621,5.0,84.5,1.54,7.0,7.0,100.0,0.0,100.0,354.0,354.0,20.0,17.7,30.0,60.0,100.0,100.0,57.14,85.71,28.57,0.0,85.71,100.0,85.71,100.0,0.0,1.14,2.57,0.43,4.29,4.71,240.0,50.6
Chitradurga,B0026 challakere,C1245 n mahadevapura,4623 n.mahadevapura,328,47.45,28.69,4623,5.0,85.0,10.04,,,,,,,,,,,,,,,,,,,,,,,,,,,,,
Chitradurga,B0026 challakere,C1245 n mahadevapura,5723 thimmappanahalli,581,37.56,25.54,5723,5.0,75.0,7.82,,,,,,,,,,,,,,,,,,,,,,,,,,,,,
Chitradurga,B0026 challakere,C1279 nannivala,4730 nannivala,373,40.6,29.04,4730,5.0,80.0,-2.49,20.0,20.0,100.0,0.0,100.0,840.0,840.0,53.0,15.85,52.83,50.94,90.0,100.0,20.0,100.0,15.0,5.0,95.0,100.0,65.0,95.0,5.0,1.05,1.95,0.8,5.85,5.3,238.86,42.0
Chitradurga,B0026 challakere,C1292 nayakanahatti,2163 goudagere,600,28.83,28.0,2163,0.0,75.0,2.99,,,,,,,,,,,,,,,,,,,,,,,,,,,,,
Chitradurga,B0026 challakere,C1292 nayakanahatti,4623 n.mahadevapura,157,31.82,26.02,4623,0.0,70.0,8.07,,,,,,,,,,,,,,,,,,,,,,,,,,,,,
Chitradurga,B0026 challakere,C1295 neelagethanahatti,4689 nalegetanahatti,601,24.02,21.48,4689,0.0,60.0,-1.17,,,,,,,,,,,,,,,,,,,,,,,,,,,,,
Chitradurga,B0026 challakere,C1307 neralagunte,4821 nerlagunte,434,33.27,27.52,4821,0.0,75.0,4.96,,,,,,,,,,,,,,,,,,,,,,,,,,,,,
Chitradurga,B0026 challakere,C1332 p.mahadevapura,4910 p.mahadevapura,136,53.42,27.92,4910,10.0,90.0,4.98,7.0,7.0,100.0,0.0,100.0,610.0,610.0,29.0,21.03,41.38,75.86,85.71,100.0,100.0,71.43,57.14,14.29,85.71,85.71,100.0,71.43,0.0,3.86,3.86,0.29,8.57,2.86,200.17,87.1
Chitradurga,B0026 challakere,C1332 p.mahadevapura,5404 siddeswaranadurga,405,41.19,27.8,5404,5.0,85.0,9.73,,,,,,,,,,,,,,,,,,,,,,,,,,,,,
Chitradurga,B0026 challakere,C1337 pagadalabande,4925 pagadalabande,670,43.19,31.14,4925,0.0,85.0,3.75,12.0,12.0,100.0,0.0,100.0,686.0,686.0,35.0,19.6,42.86,71.43,100.0,91.67,91.67,100.0,41.67,0.0,100.0,83.33,100.0,100.0,8.33,1.08,3.5,1.17,3.25,5.92,220.91,57.2
Chitradurga,B0026 challakere,C1349 parashurampura,1679 choulur,495,38.65,28.63,1679,5.0,85.0,4.2,,,,,,,,,,,,,,,,,,,,,,,,,,,,,
Chitradurga,B0026 challakere,C1349 parashurampura,4961 parashurampura,673,39.74,28.61,4961,5.0,85.0,1.76,,,,,,,,,,,,,,,,,,,,,,,,,,,,,
Chitradurga,B0026 challakere,C1388 ramajogihalli,4730 nannivala,219,49.43,31.23,4730,5.0,90.0,-4.29,20.0,20.0,100.0,0.0,100.0,840.0,840.0,53.0,15.85,52.83,50.94,90.0,100.0,20.0,100.0,15.0,5.0,95.0,100.0,65.0,95.0,5.0,1.05,1.95,0.8,5.85,5.3,238.86,42.0
Chitradurga,B0026 challakere,C1388 ramajogihalli,5068 ramajogihalli,424,62.83,27.67,5068,20.0,95.0,0.91,10.0,10.0,100.0,0.0,100.0,621.0,621.0,31.0,20.03,64.52,67.74,100.0,100.0,40.0,90.0,10.0,10.0,100.0,100.0,70.0,90.0,22.22,1.6,4.0,1.7,6.7,5.6,238.5,62.1
Chitradurga,B0026 challakere,C1405 renukapura,4894 obalapura,229,44.85,28.34,4894,5.0,85.0,2.93,9.0,9.0,100.0,0.0,100.0,485.0,485.0,24.0,20.21,54.17,54.17,77.78,100.0,55.56,100.0,77.78,11.11,100.0,88.89,100.0,100.0,0.0,1.22,1.89,0.89,5.89,4.11,241.0,53.9
Chitradurga,B0026 challakere,C1405 renukapura,5117 renukapura,241,38.57,30.3,5117,0.0,80.0,-2.01,9.0,8.0,88.89,11.11,100.0,1192.0,777.0,29.0,26.79,34.48,75.86,100.0,100.0,50.0,100.0,75.0,0.0,100.0,75.0,100.0,100.0,12.5,0.88,1.62,0.25,6.38,5.88,242.0,97.1
Chitradurga,B0026 challakere,C1443 sanikere,5209 sanikere,631,44.38,29.6,5209,5.0,85.0,2.25,11.0,10.0,90.91,9.09,100.0,1276.0,469.0,25.0,18.76,64.0,68.0,100.0,100.0,50.0,100.0,80.0,10.0,100.0,100.0,90.0,100.0,0.0,1.2,1.6,0.5,3.9,3.2,202.5,46.9
Chitradurga,B0026 challakere,C1443 sanikere,5452 somaguddu,388,43.13,27.88,5452,5.0,85.0,-2.07,7.0,7.0,100.0,0.0,100.0,406.0,406.0,22.0,18.45,59.09,50.0,100.0,100.0,0.0,100.0,57.14,0.0,100.0,100.0,85.71,100.0,0.0,1.14,2.57,0.14,3.57,3.57,239.33,58.0
Chitradurga,B0026 challakere,C1553 t n kote,5589 t.n.kote,481,50.14,28.32,5589,10.0,90.0,7.75,8.0,8.0,100.0,0.0,100.0,385.0,385.0,22.0,17.5,50.0,54.55,87.5,100.0,100.0,87.5,75.0,0.0,87.5,87.5,100.0,100.0,0.0,1.0,1.88,0.5,7.88,7.38,203.83,48.1
Chitradurga,B0026 challakere,C1567 talaku,5609 talak,615,44.09,29.36,5609,5.0,85.0,5.6,,,,,,,,,,,,,,,,,,,,,,,,,,,,,
Chitradurga,B0035 chitradurga,C0188 belagatta,1149 belagatta,653,36.49,26.18,1149,5.0,75.0,3.64,,,,,,,,,,,,,,,,,,,,,,,,,,,,,
Chitradurga,B0035 chitradurga,C0188 belagatta,2139 gonuru,477,44.49,27.38,2139,5.0,82.0,8.32,,,,,,,,,,,,,,,,,,,,,,,,,,,,,
Chitradurga,B0035 chitradurga,C0226 bharamasagara,1275 bharmasagara,539,40.27,29.05,1275,5.0,85.0,6.72,,,,,,,,,,,,,,,,,,,,,,,,,,,,,
Chitradurga,B0035 chitradurga,C0226 bharamasagara,3691 kolahal,381,36.31,26.63,3691,5.0,75.0,-1.0,8.0,8.0,100.0,0.0,100.0,488.0,488.0,29.0,16.83,68.97,44.83,100.0,100.0,62.5,100.0,100.0,12.5,100.0,87.5,87.5,100.0,0.0,1.0,4.12,0.12,5.25,4.0,241.5,61.0
Chitradurga,B0035 chitradurga,C0233 bheemasamudra,1121 beemasamudra,224,51.79,29.76,1121,10.0,90.0,3.49,,,,,,,,,,,,,,,,,,,,,,,,,,,,,
Chitradurga,B0035 chitradurga,C0233 bheemasamudra,1390 bommenahalli,256,51.35,29.34,1390,10.0,90.0,5.21,5.0,4.0,80.0,20.0,100.0,765.0,460.0,23.0,20.0,47.83,65.22,100.0,100.0,75.0,100.0,50.0,25.0,100.0,100.0,75.0,75.0,0.0,2.25,5.75,0.0,4.0,3.25,240.0,115.0
Chitradurga,B0035 chitradurga,C0326 chikkabennuru,1436 byalahal,293,40.99,28.13,1436,5.0,80.0,11.08,3.0,3.0,100.0,0.0,100.0,241.0,241.0,15.0,16.07,53.33,60.0,100.0,100.0,66.67,100.0,66.67,0.0,100.0,100.0,66.67,100.0,0.0,0.67,5.67,1.0,7.0,5.33,238.0,80.3
Chitradurga,B0035 chitradurga,C0326 chikkabennuru,1569 chikkabennuru,416,43.99,30.19,1569,5.0,87.5,11.25,,,,,,,,,,,,,,,,,,,,,,,,,,,,,
Chitradurga,B0035 chitradurga,C0331 chikkagondanahalli,1577 chikkagondanahalli,535,57.76,26.37,1577,20.0,90.0,5.65,7.0,6.0,85.71,14.29,100.0,830.0,610.0,29.0,21.03,48.28,72.41,100.0,100.0,100.0,83.33,83.33,0.0,100.0,100.0,83.33,100.0,0.0,1.0,3.0,2.0,7.17,1.67,240.0,101.7
Chitradurga,B0035 chitradurga,C0331 chikkagondanahalli,4075 madanayakanahalli,533,45.0,27.07,4075,10.0,85.0,5.05,7.0,7.0,100.0,0.0,100.0,569.0,569.0,27.0,21.07,55.56,66.67,100.0,100.0,71.43,100.0,100.0,0.0,100.0,100.0,85.71,85.71,0.0,1.29,2.14,0.43,6.57,3.0,238.5,81.3
Chitradurga,B0035 chitradurga,C0370 d.s.halli,1712 d.s.halli,479,37.11,26.71,1712,5.0,80.0,3.28,,,,,,,,,,,,,,,,,,,,,,,,,,,,,
Chitradurga,B0035 chitradurga,C0431 doddalaghatta,1907 doddalaghatta,412,39.1,26.53,1907,5.0,75.0,0.14,,,,,,,,,,,,,,,,,,,,,,,,,,,,,
Chitradurga,B0035 chitradurga,C0431 doddalaghatta,5435 sirigere,295,51.97,27.03,5435,15.0,85.0,-0.43,10.0,8.0,80.0,20.0,100.0,1844.0,431.0,23.0,18.74,65.22,47.83,100.0,100.0,75.0,100.0,37.5,12.5,100.0,87.5,75.0,100.0,0.0,1.12,3.12,0.88,9.88,6.75,239.75,53.9
Chitradurga,B0035 chitradurga,C0459 esamudra,1988 esamudra,483,34.11,28.75,1988,0.0,75.0,6.08,,,,,,,,,,,,,,,,,,,,,,,,,,,,,
Chitradurga,B0035 chitradurga,C0459 esamudra,3231 kalagere,676,44.28,25.33,3231,10.0,80.0,1.33,11.0,11.0,100.0,0.0,100.0,690.0,690.0,31.0,22.26,29.03,48.39,100.0,100.0,63.64,100.0,90.91,0.0,100.0,100.0,100.0,100.0,9.09,1.0,3.27,0.82,9.27,6.0,243.6,62.7
Chitradurga,B0035 chitradurga,C0505 godabanahal,2105 godabanahal,193,52.18,25.09,2105,20.0,85.0,1.85,6.0,5.0,83.33,16.67,100.0,391.0,205.0,13.0,15.77,69.23,53.85,100.0,100.0,40.0,100.0,100.0,0.0,100.0,60.0,40.0,100.0,25.0,1.2,4.0,0.0,7.0,3.2,242.0,41.0
Chitradurga,B0035 chitradurga,C0505 godabanahal,5472 sondekola,340,39.99,31.46,5472,0.0,85.0,9.6,6.0,6.0,100.0,0.0,100.0,339.0,339.0,21.0,16.14,47.62,47.62,100.0,100.0,66.67,100.0,100.0,0.0,100.0,100.0,66.67,100.0,0.0,1.17,2.83,0.83,15.83,6.17,240.0,56.5
Chitradurga,B0035 chitradurga,C0505 godabanahal,730 annehal,463,46.27,26.35,730,15.0,85.0,-0.99,6.0,6.0,100.0,0.0,100.0,448.0,448.0,20.0,22.4,70.0,45.0,100.0,100.0,66.67,100.0,50.0,0.0,100.0,83.33,83.33,100.0,33.33,1.5,2.5,0.67,9.67,3.0,240.0,74.7
Chitradurga,B0035 chitradurga,C0511 gonuru,2139 gonuru,280,45.3,30.13,2139,5.0,90.0,8.6,,,,,,,,,,,,,,,,,,,,,,,,,,,,,
Chitradurga,B0035 chitradurga,C0511 gonuru,2194 guddadarangavvanahalli,607,48.53,28.04,2194,8.0,85.0,5.52,4.0,4.0,100.0,0.0,100.0,557.0,557.0,25.0,22.28,72.0,76.0,100.0,100.0,75.0,100.0,100.0,0.0,100.0,100.0,100.0,100.0,0.0,1.5,5.75,0.25,3.5,4.0,237.0,139.2
Chitradurga,B0035 chitradurga,C0654 hireguntanuru,2632 hireguntanuru,615,35.1,25.11,2632,5.0,70.0,4.1,,,,,,,,,,,,,,,,,,,,,,,,,,,,,
Chitradurga,B0035 chitradurga,C0727 hulluru,2856 hulluru,337,49.15,23.96,2856,15.0,85.0,7.06,,,,,,,,,,,,,,,,,,,,,,,,,,,,,
Chitradurga,B0035 chitradurga,C0748 ingaladal,2951 ingaladal,422,41.93,27.21,2951,5.0,80.0,1.96,,,,,,,,,,,,,,,,,,,,,,,,,,,,,
Chitradurga,B0035 chitradurga,C0759 iyyanahalli kurubarahatti,2937 inalli,337,36.45,26.16,2937,0.0,75.0,-1.65,,,,,,,,,,,,,,,,,,,,,,,,,,,,,
Chitradurga,B0035 chitradurga,C0761 j n kote,2996 j.n.kote,626,46.53,27.05,2996,10.0,85.0,3.03,8.0,8.0,100.0,0.0,100.0,592.0,592.0,33.0,17.94,51.52,57.58,100.0,100.0,0.0,100.0,87.5,0.0,100.0,100.0,100.0,100.0,0.0,1.12,1.12,0.5,13.75,3.5,239.6,74.0
Chitradurga,B0035 chitradurga,C0784 janakonda,6310 janukonda,417,34.26,25.19,6310,5.0,70.0,8.84,7.0,6.0,85.71,14.29,100.0,470.0,319.0,20.0,15.95,60.0,70.0,100.0,100.0,83.33,100.0,83.33,0.0,100.0,100.0,66.67,100.0,0.0,1.33,1.83,0.5,13.83,8.0,242.5,53.2
Chitradurga,B0035 chitradurga,C0853 kallahalli,1971 dyamavvanahalli,546,43.11,26.99,1971,5.0,80.0,6.8,14.0,14.0,100.0,0.0,100.0,647.0,647.0,43.0,15.05,55.81,39.53,100.0,100.0,57.14,100.0,64.29,7.14,100.0,100.0,85.71,100.0,21.43,1.0,1.86,0.29,5.64,4.57,220.0,46.2
Chitradurga,B0035 chitradurga,C0959 kogunde,3678 kogunde,523,37.95,27.38,3678,5.0,80.0,5.78,8.0,7.0,87.5,12.5,100.0,531.0,426.0,25.0,17.04,40.0,56.0,100.0,100.0,71.43,100.0,85.71,28.57,100.0,100.0,85.71,85.71,14.29,1.0,1.86,2.57,10.14,7.86,239.5,60.9
Chitradurga,B0035 chitradurga,C0964 kolahal,3691 kolahal,206,32.67,26.56,3691,0.0,70.0,2.21,8.0,8.0,100.0,0.0,100.0,488.0,488.0,29.0,16.83,68.97,44.83,100.0,100.0,62.5,100.0,100.0,12.5,100.0,87.5,87.5,100.0,0.0,1.0,4.12,0.12,5.25,4.0,241.5,61.0
Chitradurga,B0035 chitradurga,C0964 kolahal,590 alagavadi,579,31.03,26.43,590,0.0,70.0,0.41,10.0,9.0,90.0,10.0,100.0,1784.0,466.0,24.0,19.42,33.33,58.33,100.0,100.0,33.33,100.0,66.67,11.11,100.0,44.44,44.44,100.0,11.11,1.0,3.89,1.33,4.89,5.22,240.43,51.8
Chitradurga,B0035 chitradurga,C1026 kunabevu,3880 kunabevu,461,42.18,26.68,3880,5.0,80.0,-1.9,,,,,,,,,,,,,,,,,,,,,,,,,,,,,
Chitradurga,B0035 chitradurga,C1026 kunabevu,5841 turuvanuru,488,47.72,26.79,5841,10.0,85.0,3.0,,,,,,,,,,,,,,,,,,,,,,,,,,,,,
Chitradurga,B0035 chitradurga,C1055 lakshmisagara,4003 lakshmisagara,490,52.77,26.75,4003,15.0,85.0,5.18,13.0,12.0,92.31,7.69,100.0,1401.0,1054.0,50.0,21.08,62.0,68.0,100.0,100.0,50.0,100.0,91.67,16.67,100.0,100.0,100.0,83.33,0.0,2.17,4.58,1.0,12.83,6.83,237.7,87.8
Chitradurga,B0035 chitradurga,C1073 m.k.hatti,4044 m.k.hatti,518,47.55,27.64,4044,10.0,85.0,5.15,,,,,,,,,,,,,,,,,,,,,,,,,,,,,
Chitradurga,B0035 chitradurga,C1073 m.k.hatti,4395 medehalli,108,41.85,28.21,4395,5.0,85.0,8.08,3.0,2.0,66.67,33.33,100.0,1159.0,576.0,22.0,26.18,54.55,90.91,100.0,100.0,100.0,100.0,100.0,50.0,100.0,100.0,100.0,50.0,0.0,2.5,6.0,1.0,30.0,12.5,240.0,288.0
Chitradurga,B0035 chitradurga,C1079 madakaripura,4060 madakaripura,366,49.06,28.73,4060,7.5,85.0,-5.27,11.0,5.0,45.45,54.55,100.0,3367.0,542.0,24.0,22.58,83.33,25.0,100.0,100.0,80.0,100.0,60.0,40.0,100.0,100.0,100.0,80.0,20.0,1.2,6.4,1.6,10.0,4.8,193.6,108.4
Chitradurga,B0035 chitradurga,C1205 muddapura,4498 muddapura,757,37.55,27.35,4498,5.0,80.0,6.15,12.0,12.0,100.0,0.0,100.0,676.0,676.0,39.0,17.33,51.28,74.36,100.0,100.0,33.33,100.0,83.33,25.0,100.0,100.0,100.0,100.0,0.0,1.42,2.25,0.08,6.33,7.0,235.78,56.3
Chitradurga,B0035 chitradurga,C1502 siddapura,1671 cholagatta,96,45.26,29.37,1671,5.0,85.0,9.11,,,,,,,,,,,,,,,,,,,,,,,,,,,,,
Chitradurga,B0035 chitradurga,C1502 siddapura,6194 siddapura (c),378,34.63,25.92,6194,5.0,75.0,8.07,8.0,5.0,62.5,37.5,100.0,1551.0,195.0,14.0,13.93,71.43,57.14,100.0,100.0,80.0,100.0,100.0,0.0,100.0,100.0,100.0,80.0,0.0,1.2,2.4,2.4,5.2,2.2,230.0,39.0
Chitradurga,B0035 chitradurga,C1508 sirigere,5435 sirigere,114,48.9,29.56,5435,6.5,90.0,1.52,10.0,8.0,80.0,20.0,100.0,1844.0,431.0,23.0,18.74,65.22,47.83,100.0,100.0,75.0,100.0,37.5,12.5,100.0,87.5,75.0,100.0,0.0,1.12,3.12,0.88,9.88,6.75,239.75,53.9
Chitradurga,B0035 chitradurga,C1626 turuvanur,5841 turuvanuru,170,42.79,29.68,5841,5.0,85.0,11.99,,,,,,,,,,,,,,,,,,,,,,,,,,,,,
Chitradurga,B0035 chitradurga,C1674 urdu-1,2856 hulluru,189,39.87,25.93,2856,10.0,80.0,6.09,,,,,,,,,,,,,,,,,,,,,,,,,,,,,
Chitradurga,B0035 chitradurga,C1721 yalagodu,6067 yalagodu,557,30.83,24.65,6067,5.0,70.0,4.08,,,,,,,,,,,,,,,,,,,,,,,,,,,,,
Chitradurga,B0035 chitradurga,C1958 chitradurga north,4395 medehalli,273,50.15,26.53,4395,15.0,85.0,4.91,3.0,2.0,66.67,33.33,100.0,1159.0,576.0,22.0,26.18,54.55,90.91,100.0,100.0,100.0,100.0,100.0,50.0,100.0,100.0,100.0,50.0,0.0,2.5,6.0,1.0,30.0,12.5,240.0,288.0
Chitradurga,B0035 chitradurga,C1959 chitradurga-west,1671 cholagatta,222,39.32,27.66,1671,5.0,80.0,1.37,,,,,,,,,,,,,,,,,,,,,,,,,,,,,
Chitradurga,B0059 hiriyur,C0006 abbinahole,1989 eshwaragere,581,45.83,28.81,1989,5.0,90.0,-2.22,7.0,7.0,100.0,0.0,100.0,456.0,456.0,27.0,16.89,44.44,66.67,100.0,100.0,71.43,100.0,71.43,28.57,71.43,100.0,100.0,100.0,0.0,1.14,3.43,1.0,6.14,8.71,241.83,65.1
Chitradurga,B0059 hiriyur,C0006 abbinahole,503 abbinahole,412,57.85,28.25,503,15.0,90.0,0.13,,,,,,,,,,,,,,,,,,,,,,,,,,,,,
Chitradurga,B0059 hiriyur,C0017 adivala,2176 gowdanahalli,514,41.53,26.8,2176,5.0,80.0,8.6,,,,,,,,,,,,,,,,,,,,,,,,,,,,,
Chitradurga,B0059 hiriyur,C0017 adivala,2989 j g halli,421,52.33,27.5,2989,15.0,90.0,2.61,,,,,,,,,,,,,,,,,,,,,,,,,,,,,
Chitradurga,B0059 hiriyur,C0017 adivala,3125 k.r.halli,147,44.15,28.94,3125,5.0,85.0,3.63,,,,,,,,,,,,,,,,,,,,,,,,,,,,,
Chitradurga,B0059 hiriyur,C0017 adivala,3454 kariyala,349,46.99,30.25,3454,5.0,85.0,-3.82,10.0,10.0,100.0,0.0,100.0,422.0,422.0,24.0,17.58,45.83,70.83,100.0,90.0,40.0,90.0,0.0,10.0,100.0,90.0,80.0,100.0,10.0,1.0,2.4,0.4,6.0,7.5,242.12,42.2
Chitradurga,B0059 hiriyur,C0017 adivala,527 adivala,417,47.55,28.96,527,10.0,90.0,3.89,10.0,9.0,90.0,10.0,100.0,1026.0,607.0,37.0,16.41,70.27,81.08,100.0,88.89,66.67,88.89,55.56,11.11,100.0,88.89,88.89,77.78,25.0,1.22,2.78,0.67,9.78,8.11,235.2,67.4
Chitradurga,B0059 hiriyur,C0024 aimangala,2936 imangala,549,39.05,27.95,2936,5.0,80.0,2.98,10.0,8.0,80.0,20.0,100.0,889.0,728.0,36.0,20.22,52.78,55.56,100.0,100.0,50.0,75.0,62.5,0.0,100.0,100.0,100.0,87.5,14.29,2.5,3.12,0.75,8.25,5.38,240.0,91.0
Chitradurga,B0059 hiriyur,C0084 aranakatte,3125 k.r.halli,80,45.31,29.06,3125,5.0,80.0,10.12,,,,,,,,,,,,,,,,,,,,,,,,,,,,,
Chitradurga,B0059 hiriyur,C0084 aranakatte,5093 ranganathapura,337,54.53,27.89,5093,15.0,90.0,6.04,7.0,7.0,100.0,0.0,100.0,521.0,521.0,27.0,19.3,18.52,55.56,85.71,100.0,85.71,71.43,57.14,14.29,100.0,100.0,100.0,100.0,14.29,1.14,2.86,0.43,6.29,6.0,241.0,74.4
Chitradurga,B0059 hiriyur,C0109 b roppa,1422 burujinaroppa,394,51.51,24.67,1422,15.0,85.0,1.94,,,,,,,,,,,,,,,,,,,,,,,,,,,,,
Chitradurga,B0059 hiriyur,C0109 b roppa,4283 maradihalli,259,48.86,25.81,4283,10.0,80.0,4.57,,,,,,,,,,,,,,,,,,,,,,,,,,,,,
Chitradurga,B0059 hiriyur,C0115 babbur,3901 kunikere,438,58.28,27.27,3901,20.0,95.0,3.22,14.0,14.0,100.0,0.0,100.0,492.0,492.0,37.0,13.3,75.68,51.35,100.0,100.0,64.29,92.86,35.71,0.0,100.0,100.0,100.0,92.86,7.14,1.0,1.07,0.21,8.21,8.29,238.55,35.1
Chitradurga,B0059 hiriyur,C0115 babbur,4434 metikurke,203,44.78,27.79,4434,10.0,80.0,-2.2,11.0,10.0,90.91,9.09,100.0,435.0,333.0,25.0,13.32,80.0,64.0,100.0,100.0,50.0,90.0,40.0,10.0,100.0,100.0,70.0,100.0,0.0,1.1,1.2,0.5,7.1,5.2,237.89,33.3
Chitradurga,B0059 hiriyur,C0115 babbur,5483 sooragondanahalli,347,43.04,28.2,5483,5.0,80.0,1.85,,,,,,,,,,,,,,,,,,,,,,,,,,,,,
Chitradurga,B0059 hiriyur,C0115 babbur,884 babbur,291,39.9,25.19,884,5.0,75.0,5.15,6.0,5.0,83.33,16.67,100.0,342.0,230.0,15.0,15.33,53.33,60.0,100.0,100.0,80.0,100.0,40.0,0.0,100.0,100.0,100.0,100.0,0.0,1.0,1.6,0.4,4.4,3.2,235.0,46.0
Chitradurga,B0059 hiriyur,C0183 beerenahalli,4434 metikurke,125,49.48,28.11,4434,10.0,85.0,5.53,11.0,10.0,90.91,9.09,100.0,435.0,333.0,25.0,13.32,80.0,64.0,100.0,100.0,50.0,90.0,40.0,10.0,100.0,100.0,70.0,100.0,0.0,1.1,1.2,0.5,7.1,5.2,237.89,33.3
Chitradurga,B0059 hiriyur,C0183 beerenahalli,5483 sooragondanahalli,142,50.92,25.3,5483,10.5,85.0,1.4,,,,,,,,,,,,,,,,,,,,,,,,,,,,,
Chitradurga,B0059 hiriyur,C0410 dharmapura,1828 dharmapura,481,49.66,29.72,1828,10.0,90.0,7.42,,,,,,,,,,,,,,,,,,,,,,,,,,,,,
Chitradurga,B0059 hiriyur,C0410 dharmapura,4909 p.d.kote,171,54.12,26.71,4909,20.0,90.0,-0.77,5.0,5.0,100.0,0.0,100.0,182.0,182.0,14.0,13.0,50.0,50.0,100.0,100.0,80.0,100.0,40.0,0.0,100.0,100.0,100.0,100.0,40.0,0.8,2.4,2.2,3.8,2.8,240.0,36.4
Chitradurga,B0059 hiriyur,C0414 dindavara,1850 dindavara,759,41.92,31.64,1850,0.0,90.0,1.25,15.0,15.0,100.0,0.0,100.0,758.0,758.0,39.0,19.44,41.03,61.54,100.0,100.0,60.0,93.33,60.0,6.67,100.0,86.67,86.67,100.0,6.67,1.07,1.87,0.27,8.13,6.93,217.4,50.5
Chitradurga,B0059 hiriyur,C0460 eshwaragere,1427 byadarahalli,298,52.28,28.7,1427,10.0,90.0,4.96,7.0,6.0,85.71,14.29,100.0,402.0,327.0,17.0,19.24,58.82,17.65,100.0,100.0,16.67,100.0,100.0,0.0,100.0,100.0,83.33,100.0,0.0,1.0,2.33,0.5,3.67,5.67,239.0,54.5
Chitradurga,B0059 hiriyur,C0523 gowdanahalli,5870 uduvalli,366,47.45,26.42,5870,10.0,85.0,-3.64,,,,,,,,,,,,,,,,,,,,,,,,,,,,,
Chitradurga,B0059 hiriyur,C0563 hal madenahally,6080 yalladakere,563,41.07,29.39,6080,5.0,85.0,5.28,,,,,,,,,,,,,,,,,,,,,,,,,,,,,
Chitradurga,B0059 hiriyur,C0616 hariyebbe,2473 hariyebbe,438,48.95,29.7,2473,10.0,90.0,0.15,10.0,8.0,80.0,20.0,100.0,1477.0,442.0,23.0,19.22,60.87,56.52,100.0,100.0,75.0,100.0,37.5,25.0,100.0,100.0,100.0,100.0,25.0,1.25,2.75,0.38,4.25,4.0,236.0,55.2
Chitradurga,B0059 hiriyur,C0616 hariyebbe,3336 kanajanahalli,496,38.98,29.55,3336,0.0,85.0,2.84,8.0,8.0,100.0,0.0,100.0,418.0,418.0,25.0,16.72,32.0,64.0,100.0,100.0,62.5,100.0,62.5,12.5,100.0,100.0,100.0,100.0,12.5,1.12,3.12,0.75,5.5,4.75,238.0,52.2
Chitradurga,B0059 hiriyur,C0620 harthikote,2063 gannayakanahalli,312,55.51,27.56,2063,15.5,90.0,-3.93,,,,,,,,,,,,,,,,,,,,,,,,,,,,,
Chitradurga,B0059 hiriyur,C0620 harthikote,2493 harthikote,315,54.86,30.05,2493,5.0,90.0,8.42,7.0,7.0,100.0,0.0,100.0,256.0,256.0,21.0,12.19,66.67,57.14,85.71,100.0,28.57,85.71,14.29,14.29,100.0,100.0,85.71,100.0,0.0,1.14,2.86,0.14,5.14,4.29,239.4,36.6
Chitradurga,B0059 hiriyur,C0716 hulagalakunte,5870 uduvalli,197,49.95,26.11,5870,10.0,85.0,7.43,,,,,,,,,,,,,,,,,,,,,,,,,,,,,
Chitradurga,B0059 hiriyur,C0764 j.g.halli,3454 kariyala,216,54.38,28.32,3454,10.0,90.0,2.82,10.0,10.0,100.0,0.0,100.0,422.0,422.0,24.0,17.58,45.83,70.83,100.0,90.0,40.0,90.0,0.0,10.0,100.0,90.0,80.0,100.0,10.0,1.0,2.4,0.4,6.0,7.5,242.12,42.2
Chitradurga,B0059 hiriyur,C0937 khandenahalli,3365 kandenahalli,146,53.32,27.29,3365,10.0,90.0,15.66,,,,,,,,,,,,,,,,,,,,,,,,,,,,,
Chitradurga,B0059 hiriyur,C0937 khandenahalli,4909 p.d.kote,93,58.66,27.77,4909,15.0,90.0,-6.39,5.0,5.0,100.0,0.0,100.0,182.0,182.0,14.0,13.0,50.0,50.0,100.0,100.0,80.0,100.0,40.0,0.0,100.0,100.0,100.0,100.0,40.0,0.8,2.4,2.2,3.8,2.8,240.0,36.4
Chitradurga,B0059 hiriyur,C0950 kodihalli,2933 ikkanuru,489,46.43,27.93,2933,10.0,85.0,6.96,,,,,,,,,,,,,,,,,,,,,,,,,,,,,
Chitradurga,B0059 hiriyur,C1157 maskalmatti,2778 hosa yelanadu,434,39.15,27.14,2778,5.0,75.0,0.52,,,,,,,,,,,,,,,,,,,,,,,,,,,,,
Chitradurga,B0059 hiriyur,C1157 maskalmatti,4349 maskal,368,46.64,29.33,4349,10.0,90.0,5.91,8.0,7.0,87.5,12.5,100.0,1144.0,286.0,21.0,13.62,57.14,85.71,100.0,100.0,100.0,71.43,14.29,0.0,100.0,100.0,100.0,100.0,14.29,1.14,1.29,0.29,9.57,10.0,239.43,40.9
Chitradurga,B0059 hiriyur,C1660 urdu east,2989 j g halli,208,49.4,29.7,2989,5.0,90.0,-0.81,,,,,,,,,,,,,,,,,,,,,,,,,,,,,
Chitradurga,B0059 hiriyur,C1680 v.v.pura,5931 v.v.pura,583,44.54,26.56,5931,10.0,85.0,-0.62,13.0,13.0,100.0,0.0,100.0,833.0,833.0,43.0,19.37,55.81,69.77,100.0,100.0,84.62,100.0,23.08,15.38,92.31,84.62,76.92,84.62,25.0,0.92,1.62,2.23,7.46,8.0,237.2,64.1
Chitradurga,B0059 hiriyur,C1725 yalladakere,6080 yalladakere,243,46.65,32.76,6080,1.0,90.0,0.6,,,,,,,,,,,,,,,,,,,,,,,,,,,,,
Chitradurga,B0059 hiriyur,C1730 yaraballi,4042 m.d.kote,419,51.59,26.68,4042,15.0,90.0,-0.79,7.0,7.0,100.0,0.0,100.0,474.0,474.0,30.0,15.8,46.67,53.33,100.0,100.0,57.14,100.0,14.29,0.0,100.0,100.0,71.43,100.0,0.0,1.0,2.57,0.0,2.86,2.71,239.5,67.7
Chitradurga,B0059 hiriyur,C1730 yaraballi,6099 yaraballi,271,61.16,27.32,6099,25.0,95.0,0.68,,,,,,,,,,,,,,,,,,,,,,,,,,,,,
Chitradurga,B0059 hiriyur,C2543 ragenahalli,5097 rangenahalli,267,48.01,26.62,5097,10.0,85.0,10.66,,,,,,,,,,,,,,,,,,,,,,,,,,,,,
Chitradurga,B0060 holalkere,C0011 adanuru,515 adanuru,475,53.88,29.23,515,12.0,95.0,-4.39,,,,,,,,,,,,,,,,,,,,,,,,,,,,,
Chitradurga,B0060 holalkere,C0060 andanuru,702 andanuru,348,41.14,29.12,702,0.0,80.0,7.04,,,,,,,,,,,,,,,,,,,,,,,,,,,,,
Chitradurga,B0060 holalkere,C0111 b.durga,2257 gunjiganuru,279,48.46,27.81,2257,10.0,85.0,1.45,,,,,,,,,,,,,,,,,,,,,,,,,,,,,
Chitradurga,B0060 holalkere,C0111 b.durga,872 b.durga,413,40.77,30.17,872,0.0,85.0,4.68,6.0,6.0,100.0,0.0,100.0,584.0,584.0,28.0,20.86,28.57,78.57,100.0,100.0,83.33,100.0,0.0,33.33,83.33,100.0,100.0,83.33,20.0,1.17,3.33,1.0,4.67,3.33,243.5,97.3
Chitradurga,B0060 holalkere,C0241 bidarakere,1317 bidarakere,303,53.84,28.8,1317,10.0,90.0,4.52,9.0,9.0,100.0,0.0,100.0,220.0,220.0,21.0,10.48,28.57,19.05,100.0,100.0,22.22,100.0,55.56,0.0,100.0,88.89,77.78,100.0,11.11,0.89,1.56,0.11,9.22,8.22,225.71,24.4
Chitradurga,B0060 holalkere,C0333 chikkajajuru,1580 chikkajajuru,457,64.98,27.26,1580,25.0,95.0,4.04,,,,,,,,,,,,,,,,,,,,,,,,,,,,,
Chitradurga,B0060 holalkere,C0333 chikkajajuru,1610 chikkayammiganuru,209,46.22,25.52,1610,10.0,80.0,12.34,,,,,,,,,,,,,,,,,,,,,,,,,,,,,
Chitradurga,B0060 holalkere,C0333 chikkajajuru,2680 hireyammiganuru,228,33.05,27.14,2680,0.0,75.0,-0.83,,,,,,,,,,,,,,,,,,,,,,,,,,,,,
Chitradurga,B0060 holalkere,C0341 chikkayammiganuru,1610 chikkayammiganuru,141,49.29,28.08,1610,5.0,80.0,6.31,,,,,,,,,,,,,,,,,,,,,,,,,,,,,
Chitradurga,B0060 holalkere,C0341 chikkayammiganuru,2680 hireyammiganuru,148,43.72,30.9,2680,5.0,85.0,-7.97,,,,,,,,,,,,,,,,,,,,,,,,,,,,,
Chitradurga,B0060 holalkere,C0454 echagatta,1660 chitrahalli,416,37.33,24.68,1660,5.0,75.0,6.33,,,,,,,,,,,,,,,,,,,,,,,,,,,,,
Chitradurga,B0060 holalkere,C0454 echagatta,5590 t.nulenuru,222,51.13,29.61,5590,10.0,95.0,3.5,,,,,,,,,,,,,,,,,,,,,,,,,,,,,
Chitradurga,B0060 holalkere,C0544 gunderi,2245 gunderi,320,47.95,27.31,2245,10.0,85.0,7.97,8.0,8.0,100.0,0.0,100.0,883.0,883.0,35.0,25.23,45.71,71.43,100.0,100.0,50.0,75.0,62.5,25.0,75.0,37.5,87.5,75.0,16.67,1.38,4.12,0.62,8.62,4.25,177.25,110.4
Chitradurga,B0060 holalkere,C0544 gunderi,6001 vishwanathanahalli,235,50.89,25.01,6001,20.0,85.0,8.16,,,,,,,,,,,,,,,,,,,,,,,,,,,,,
Chitradurga,B0060 holalkere,C0553 h.d.pura,2527 h.d.pura,577,49.05,28.75,2527,10.0,90.0,5.42,9.0,8.0,88.89,11.11,100.0,672.0,594.0,30.0,19.8,46.67,50.0,100.0,100.0,37.5,100.0,37.5,0.0,100.0,37.5,87.5,100.0,25.0,1.0,2.5,0.38,4.75,4.5,241.2,74.2
Chitradurga,B0060 holalkere,C0678 holalkere urdu,5907 uperigenahalli,168,53.21,28.74,5907,10.0,90.0,13.77,,,,,,,,,,,,,,,,,,,,,,,,,,,,,
Chitradurga,B0060 holalkere,C0679 holalkere,788 arehalli,183,57.57,27.19,788,15.0,90.0,1.28,12.0,9.0,75.0,25.0,100.0,1267.0,293.0,21.0,13.95,38.1,47.62,100.0,100.0,55.56,100.0,77.78,0.0,100.0,66.67,88.89,88.89,0.0,1.0,2.11,0.67,4.67,2.89,241.6,32.6
Chitradurga,B0060 holalkere,C1110 malladihalli,1963 dummi,419,42.89,27.81,1963,5.0,80.0,2.43,6.0,6.0,100.0,0.0,100.0,352.0,352.0,23.0,15.3,43.48,52.17,100.0,100.0,83.33,100.0,100.0,33.33,100.0,33.33,100.0,100.0,16.67,1.0,5.5,0.67,7.17,5.33,240.0,58.7
Chitradurga,B0060 holalkere,C1110 malladihalli,4184 malladihalli,239,48.74,31.6,4184,5.0,90.0,15.33,6.0,4.0,66.67,33.33,100.0,962.0,214.0,16.0,13.38,56.25,50.0,100.0,100.0,50.0,100.0,100.0,0.0,100.0,50.0,75.0,75.0,0.0,1.0,5.5,0.5,7.5,3.75,239.0,53.5
Chitradurga,B0060 holalkere,C1110 malladihalli,5330 shiavapura,157,53.98,26.13,5330,15.0,87.0,6.15,,,,,,,,,,,,,,,,,,,,,,,,,,,,,
Chitradurga,B0060 holalkere,C1239 muthugaduru,4591 muthugaduru,400,45.8,24.47,4591,10.0,80.0,3.61,,,,,,,,,,,,,,,,,,,,,,,,,,,,,
Chitradurga,B0060 holalkere,C1246 n.g.halli,4622 n.g.halli,311,52.6,25.51,4622,15.0,85.0,0.6,9.0,9.0,100.0,0.0,100.0,253.0,253.0,20.0,12.65,30.0,55.0,100.0,100.0,44.44,100.0,88.89,11.11,88.89,100.0,100.0,100.0,11.11,1.0,1.44,0.11,10.22,6.78,240.12,28.1
Chitradurga,B0060 holalkere,C1387 ramagiri,2047 gangasamudra,198,37.65,26.63,2047,3.5,75.0,4.85,2.0,2.0,100.0,0.0,100.0,134.0,134.0,7.0,19.14,28.57,42.86,100.0,100.0,50.0,100.0,100.0,0.0,100.0,100.0,100.0,100.0,0.0,1.0,3.0,0.5,10.0,0.0,125.0,67.0
Chitradurga,B0060 holalkere,C1387 ramagiri,5035 r.nulenuru,280,57.96,29.98,5035,15.0,95.0,6.85,,,,,,,,,,,,,,,,,,,,,,,,,,,,,
Chitradurga,B0060 holalkere,C1387 ramagiri,5067 ramagiri (h),159,55.44,29.46,5067,9.0,90.0,3.16,6.0,5.0,83.33,16.67,100.0,1144.0,510.0,26.0,19.62,46.15,65.38,100.0,100.0,60.0,100.0,60.0,40.0,80.0,40.0,100.0,80.0,0.0,1.4,3.6,0.2,12.2,6.2,241.0,102.0
Chitradurga,B0060 holalkere,C1493 shivaganga,4089 madderu,93,39.41,25.71,4089,10.0,75.0,17.95,9.0,9.0,100.0,0.0,100.0,387.0,387.0,26.0,14.88,34.62,42.31,100.0,100.0,44.44,77.78,77.78,11.11,100.0,88.89,100.0,100.0,11.11,1.11,2.22,0.56,9.11,6.44,183.12,43.0
Chitradurga,B0060 holalkere,C1493 shivaganga,5374 shivaganga,149,51.04,24.15,5374,20.0,85.0,6.48,7.0,5.0,71.43,28.57,100.0,919.0,158.0,12.0,13.17,50.0,25.0,100.0,100.0,20.0,100.0,100.0,20.0,80.0,80.0,100.0,100.0,40.0,1.2,3.6,0.6,10.8,20.8,239.0,31.6
Chitradurga,B0060 holalkere,C1496 shivapura,5330 shiavapura,124,47.38,29.89,5330,5.0,85.0,3.55,,,,,,,,,,,,,,,,,,,,,,,,,,,,,
Chitradurga,B0060 holalkere,C1571 talikatte,5617 talikatte,441,57.32,25.88,5617,20.0,90.0,3.2,5.0,4.0,80.0,20.0,100.0,824.0,360.0,20.0,18.0,40.0,30.0,100.0,100.0,50.0,100.0,100.0,25.0,100.0,75.0,25.0,100.0,25.0,1.25,4.75,0.75,11.25,2.75,120.5,90.0
Chitradurga,B0060 holalkere,C1571 talikatte,5834 tuppudahalli,454,47.28,30.65,5834,5.0,90.0,7.48,,,,,,,,,,,,,,,,,,,,,,,,,,,,,
Chitradurga,B0060 holalkere,C1573 talya,5628 talya,356,46.15,27.86,5628,10.0,85.0,6.43,10.0,9.0,90.0,10.0,100.0,1047.0,557.0,27.0,20.63,22.22,37.04,100.0,100.0,55.56,88.89,88.89,11.11,100.0,100.0,88.89,88.89,14.29,1.22,3.67,0.56,7.0,4.44,238.86,61.9
Chitradurga,B0060 holalkere,C1597 thekalavatti,5708 thekalavatti,455,48.27,27.66,5708,10.0,85.0,2.81,,,,,,,,,,,,,,,,,,,,,,,,,,,,,
Chitradurga,B0060 holalkere,C1644 upparigenahalli,5907 uperigenahalli,294,49.52,26.66,5907,15.0,90.0,7.29,,,,,,,,,,,,,,,,,,,,,,,,,,,,,
Chitradurga,B0063 hosadurga,C0101 attimage bhovihatti,840 attimage,460,52.34,29.3,840,10.0,90.0,-1.4,,,,,,,,,,,,,,,,,,,,,,,,,,,,,
Chitradurga,B0063 hosadurga,C0129 baguru,4098 madhure,177,48.16,26.25,4098,8.0,80.0,9.39,13.0,11.0,84.62,15.38,100.0,1074.0,536.0,35.0,15.31,54.29,37.14,100.0,100.0,36.36,100.0,18.18,9.09,100.0,90.91,81.82,90.91,0.0,1.09,3.18,0.55,5.64,2.55,236.8,48.7
Chitradurga,B0063 hosadurga,C0129 baguru,717 anivala,121,53.88,28.2,717,15.0,90.0,4.79,5.0,5.0,100.0,0.0,100.0,83.0,83.0,12.0,6.92,41.67,50.0,100.0,100.0,40.0,100.0,20.0,0.0,100.0,100.0,80.0,100.0,20.0,1.0,1.2,0.4,1.4,2.0,241.0,16.6
Chitradurga,B0063 hosadurga,C0129 baguru,931 baguru,300,56.45,26.97,931,15.0,90.0,8.21,9.0,8.0,88.89,11.11,100.0,617.0,244.0,21.0,11.62,52.38,38.1,100.0,100.0,37.5,100.0,0.0,0.0,100.0,87.5,50.0,100.0,12.5,1.12,2.88,0.25,4.0,2.62,240.83,30.5
Chitradurga,B0063 hosadurga,C0191 belaguru,1156 belaguru,239,50.63,31.15,1156,5.0,90.0,11.54,11.0,8.0,72.73,27.27,100.0,1273.0,288.0,25.0,11.52,60.0,24.0,100.0,100.0,62.5,100.0,62.5,0.0,100.0,100.0,100.0,100.0,0.0,1.5,3.25,0.88,6.75,4.25,239.6,36.0
Chitradurga,B0063 hosadurga,C0191 belaguru,3133 kabbala,172,60.78,27.33,3133,20.0,95.0,3.37,5.0,5.0,100.0,0.0,100.0,177.0,177.0,13.0,13.62,38.46,46.15,100.0,100.0,60.0,100.0,80.0,20.0,100.0,100.0,80.0,100.0,0.0,1.0,2.4,0.8,8.4,5.0,233.75,35.4
Chitradurga,B0063 hosadurga,C0390 devapura,1787 devapura,496,40.74,30.19,1787,0.0,85.0,3.01,12.0,12.0,100.0,0.0,100.0,406.0,406.0,32.0,12.69,62.5,43.75,100.0,100.0,50.0,91.67,66.67,0.0,100.0,100.0,83.33,100.0,0.0,1.0,2.58,1.42,9.08,6.0,240.5,33.8
Chitradurga,B0063 hosadurga,C0404 devigere,1814 devigere,468,40.98,28.91,1814,5.0,85.0,12.82,12.0,12.0,100.0,0.0,100.0,370.0,370.0,33.0,11.21,48.48,27.27,83.33,100.0,41.67,100.0,91.67,8.33,91.67,83.33,91.67,100.0,0.0,1.0,1.83,0.75,6.75,5.17,241.75,30.8
Chitradurga,B0063 hosadurga,C0404 devigere,2534 hebballi,198,53.94,25.64,2534,20.0,85.0,6.41,12.0,12.0,100.0,0.0,100.0,279.0,279.0,29.0,9.62,24.14,27.59,100.0,100.0,66.67,100.0,58.33,0.0,100.0,83.33,100.0,100.0,0.0,1.0,1.58,0.58,7.75,5.0,240.62,23.2
Chitradurga,B0063 hosadurga,C0426 doddaghatta,1895 doddaghatta,542,48.8,26.56,1895,10.0,85.0,1.47,,,,,,,,,,,,,,,,,,,,,,,,,,,,,
Chitradurga,B0063 hosadurga,C0434 doddathekalavatti,1713 d.t.vatti,384,49.54,29.32,1713,5.0,85.0,8.03,,,,,,,,,,,,,,,,,,,,,,,,,,,,,
Chitradurga,B0063 hosadurga,C0434 doddathekalavatti,3214 kainadu,260,55.62,25.11,3214,20.0,90.0,2.76,11.0,11.0,100.0,0.0,100.0,634.0,634.0,33.0,19.21,48.48,48.48,100.0,100.0,27.27,90.91,36.36,0.0,100.0,100.0,81.82,90.91,0.0,2.0,2.55,0.45,10.27,5.27,240.0,57.6
Chitradurga,B0063 hosadurga,C0434 doddathekalavatti,3443 karehalli,391,50.24,28.96,3443,10.0,90.0,-2.34,9.0,9.0,100.0,0.0,100.0,376.0,376.0,31.0,12.13,38.71,29.03,100.0,100.0,77.78,100.0,11.11,0.0,100.0,100.0,88.89,100.0,11.11,1.11,2.56,0.33,12.67,7.0,241.33,41.8
Chitradurga,B0063 hosadurga,C0493 garaga,5689 thandaga,507,54.1,28.43,5689,13.0,90.0,-0.77,13.0,13.0,100.0,0.0,100.0,432.0,432.0,31.0,13.94,45.16,35.48,100.0,100.0,23.08,100.0,53.85,0.0,100.0,100.0,53.85,92.31,23.08,1.08,1.85,1.62,9.23,4.85,231.62,33.2
Chitradurga,B0063 hosadurga,C0494 gavirangapura,2564 heggere,322,55.0,27.53,2564,15.0,90.0,8.89,7.0,7.0,100.0,0.0,100.0,276.0,276.0,18.0,15.33,61.11,38.89,100.0,100.0,42.86,85.71,85.71,0.0,100.0,100.0,71.43,100.0,0.0,1.0,2.71,0.86,9.0,7.57,240.29,39.4
Chitradurga,B0063 hosadurga,C0494 gavirangapura,3941 kurubarahalli,331,63.56,22.84,3941,30.0,90.0,0.24,8.0,8.0,100.0,0.0,100.0,309.0,309.0,22.0,14.05,31.82,40.91,87.5,100.0,25.0,100.0,75.0,0.0,100.0,100.0,62.5,87.5,0.0,1.0,1.62,0.88,9.62,4.75,194.8,38.6
Chitradurga,B0063 hosadurga,C0528 guddadaneralakere,2006 g.n.kere,501,51.43,26.33,2006,15.0,85.0,-0.11,,,,,,,,,,,,,,,,,,,,,,,,,,,,,
Chitradurga,B0063 hosadurga,C0528 guddadaneralakere,3357 kanchipura,307,49.74,28.2,3357,10.0,85.0,-2.65,8.0,8.0,100.0,0.0,100.0,520.0,520.0,24.0,21.67,54.17,54.17,100.0,100.0,37.5,100.0,75.0,12.5,100.0,100.0,87.5,100.0,12.5,1.5,2.0,0.12,3.5,4.62,243.75,65.0
Chitradurga,B0063 hosadurga,C0706 hosdurga town,4098 madhure,102,57.11,27.97,4098,15.5,90.0,-1.6,13.0,11.0,84.62,15.38,100.0,1074.0,536.0,35.0,15.31,54.29,37.14,100.0,100.0,36.36,100.0,18.18,9.09,100.0,90.91,81.82,90.91,0.0,1.09,3.18,0.55,5.64,2.55,236.8,48.7
Chitradurga,B0063 hosadurga,C0732 hunavinadu,2872 hunavinadu,536,50.27,27.64,2872,15.0,90.0,1.82,,,,,,,,,,,,,,,,,,,,,,,,,,,,,
Chitradurga,B0063 hosadurga,C0783 janakal,3040 janakal,689,52.38,24.83,3040,15.0,85.0,3.64,,,,,,,,,,,,,,,,,,,,,,,,,,,,,
Chitradurga,B0063 hosadurga,C0850 kalkere,3133 kabbala,100,58.7,28.62,3133,15.0,95.0,2.22,5.0,5.0,100.0,0.0,100.0,177.0,177.0,13.0,13.62,38.46,46.15,100.0,100.0,60.0,100.0,80.0,20.0,100.0,100.0,80.0,100.0,0.0,1.0,2.4,0.8,8.4,5.0,233.75,35.4
Chitradurga,B0063 hosadurga,C0850 kalkere,956 balalasamudra,311,48.89,30.75,956,5.0,90.0,-0.73,,,,,,,,,,,,,,,,,,,,,,,,,,,,,
Chitradurga,B0063 hosadurga,C0883 kanchipura,1459 c.b.kere,300,49.68,30.48,1459,5.0,90.0,10.32,,,,,,,,,,,,,,,,,,,,,,,,,,,,,
Chitradurga,B0063 hosadurga,C0883 kanchipura,3357 kanchipura,171,53.16,29.51,3357,10.0,85.0,9.87,8.0,8.0,100.0,0.0,100.0,520.0,520.0,24.0,21.67,54.17,54.17,100.0,100.0,37.5,100.0,75.0,12.5,100.0,100.0,87.5,100.0,12.5,1.5,2.0,0.12,3.5,4.62,243.75,65.0
Chitradurga,B0063 hosadurga,C0920 kellodu,3532 kellodu,503,47.38,28.75,3532,5.0,85.0,9.85,14.0,12.0,85.71,14.29,100.0,1020.0,402.0,27.0,14.89,48.15,25.93,100.0,100.0,33.33,100.0,100.0,8.33,100.0,91.67,66.67,100.0,8.33,1.0,2.75,0.08,3.08,4.25,241.29,33.5
Chitradurga,B0063 hosadurga,C1072 m.g.dibba,1378 bokikere,479,54.68,28.12,1378,15.0,90.0,9.31,13.0,9.0,69.23,30.77,100.0,1600.0,283.0,22.0,12.86,50.0,40.91,100.0,100.0,33.33,100.0,100.0,0.0,100.0,77.78,44.44,100.0,11.11,1.11,2.89,0.56,5.11,1.56,235.57,31.4
Chitradurga,B0063 hosadurga,C1072 m.g.dibba,3375 kanguvalli,134,62.61,30.12,3375,20.0,95.0,5.6,8.0,8.0,100.0,0.0,100.0,299.0,299.0,24.0,12.46,41.67,70.83,100.0,100.0,50.0,100.0,100.0,12.5,100.0,100.0,87.5,100.0,0.0,1.5,2.25,0.25,2.0,0.75,237.0,37.4
Chitradurga,B0063 hosadurga,C1078 madadakere,1710 d.k.halli,412,37.63,29.58,1710,0.0,80.0,1.18,,,,,,,,,,,,,,,,,,,,,,,,,,,,,
Chitradurga,B0063 hosadurga,C1078 madadakere,4056 madadakere,378,43.64,28.15,4056,5.0,85.0,-1.97,7.0,7.0,100.0,0.0,100.0,630.0,630.0,26.0,24.23,38.46,53.85,100.0,100.0,42.86,100.0,100.0,0.0,100.0,100.0,71.43,85.71,0.0,2.0,3.57,0.43,2.14,0.0,237.2,90.0
Chitradurga,B0063 hosadurga,C1100 malali,3375 kanguvalli,271,52.9,29.77,3375,10.0,90.0,8.65,8.0,8.0,100.0,0.0,100.0,299.0,299.0,24.0,12.46,41.67,70.83,100.0,100.0,50.0,100.0,100.0,12.5,100.0,100.0,87.5,100.0,0.0,1.5,2.25,0.25,2.0,0.75,237.0,37.4
Chitradurga,B0063 hosadurga,C1100 malali,5195 sanehalli,191,59.29,24.93,5195,25.0,90.0,2.89,,,,,,,,,,,,,,,,,,,,,,,,,,,,,
Chitradurga,B0063 hosadurga,C1111 mallappanahalli,2534 hebballi,101,60.4,27.64,2534,25.0,95.0,4.43,12.0,12.0,100.0,0.0,100.0,279.0,279.0,29.0,9.62,24.14,27.59,100.0,100.0,66.67,100.0,58.33,0.0,100.0,83.33,100.0,100.0,0.0,1.0,1.58,0.58,7.75,5.0,240.62,23.2
Chitradurga,B0063 hosadurga,C1111 mallappanahalli,4187 mallapanahalli,327,63.12,27.78,4187,18.0,95.0,11.38,,,,,,,,,,,,,,,,,,,,,,,,,,,,,
Chitradurga,B0063 hosadurga,C1166 mattodu,4364 mathodu,405,44.19,30.93,4364,0.0,85.0,0.04,9.0,8.0,88.89,11.11,100.0,642.0,435.0,25.0,17.4,44.0,36.0,100.0,100.0,87.5,87.5,25.0,0.0,100.0,100.0,87.5,100.0,14.29,1.12,3.25,2.12,13.75,7.5,241.75,54.4
Chitradurga,B0063 hosadurga,C1421 s.neralakere,3214 kainadu,123,65.33,26.89,3214,21.0,95.0,0.14,11.0,11.0,100.0,0.0,100.0,634.0,634.0,33.0,19.21,48.48,48.48,100.0,100.0,27.27,90.91,36.36,0.0,100.0,100.0,81.82,90.91,0.0,2.0,2.55,0.45,10.27,5.27,240.0,57.6
Chitradurga,B0063 hosadurga,C1421 s.neralakere,5143 s.neralakere,199,61.76,27.21,5143,24.0,95.0,9.0,,,,,,,,,,,,,,,,,,,,,,,,,,,,,
Chitradurga,B0063 hosadurga,C1440 sanehalli,5195 sanehalli,120,56.67,29.03,5195,10.0,95.0,3.07,,,,,,,,,,,,,,,,,,,,,,,,,,,,,
Chitradurga,B0063 hosadurga,C1481 sheeranakatte,3995 lakkihalli,619,36.78,27.06,3995,5.0,80.0,7.46,8.0,8.0,100.0,0.0,100.0,540.0,540.0,29.0,18.62,51.72,20.69,87.5,100.0,25.0,100.0,62.5,0.0,100.0,62.5,75.0,100.0,0.0,1.0,1.25,0.38,5.12,1.75,179.75,67.5
Chitradurga,B0063 hosadurga,C1534 srirampura,5143 s.neralakere,123,61.3,29.52,5143,10.0,95.0,5.93,,,,,,,,,,,,,,,,,,,,,,,,,,,,,
Chitradurga,B0063 hosadurga,C1534 srirampura,5509 srirampura,217,43.27,29.11,5509,3.0,85.0,0.88,8.0,6.0,75.0,25.0,100.0,999.0,542.0,29.0,18.69,58.62,41.38,100.0,100.0,16.67,100.0,83.33,33.33,100.0,83.33,83.33,83.33,16.67,1.0,3.5,0.67,10.5,5.67,240.83,90.3
Chitradurga,B0097 molakalmur,C0112 b.g.kere,5826 tumakurlahalli,694,31.09,25.98,5826,0.0,70.0,3.05,,,,,,,,,,,,,,,,,,,,,,,,,,,,,
Chitradurga,B0097 molakalmur,C0112 b.g.kere,873 b.g.kere,560,24.45,23.3,873,0.0,60.0,4.98,10.0,10.0,100.0,0.0,100.0,1019.0,1019.0,41.0,24.85,56.1,60.98,100.0,100.0,60.0,100.0,100.0,0.0,90.0,100.0,100.0,90.0,20.0,1.3,3.6,0.9,10.1,7.3,244.78,101.9
Chitradurga,B0097 molakalmur,C0400 devasamudra,1809 devasamudra,809,25.57,24.32,1809,0.0,65.0,3.5,,,,,,,,,,,,,,,,,,,,,,,,,,,,,
Chitradurga,B0097 molakalmur,C0400 devasamudra,5401 siddapura (m),538,35.11,25.44,5401,5.0,70.0,2.97,,,,,,,,,,,,,,,,,,,,,,,,,,,,,
Chitradurga,B0097 molakalmur,C0400 devasamudra,6665 rampura,372,39.96,26.77,6665,10.0,84.5,4.33,18.0,9.0,50.0,50.0,100.0,3288.0,1231.0,47.0,26.19,44.68,53.19,100.0,100.0,33.33,100.0,22.22,11.11,88.89,100.0,44.44,88.89,0.0,1.11,5.67,0.44,3.0,0.67,232.0,136.8
Chitradurga,B0097 molakalmur,C0592 hanagal,2382 hanagal,776,23.46,24.65,2382,0.0,65.0,-1.25,,,,,,,,,,,,,,,,,,,,,,,,,,,,,
Chitradurga,B0097 molakalmur,C0592 hanagal,2645 hirekerehalli,386,21.46,23.98,2645,0.0,65.0,-1.23,,,,,,,,,,,,,,,,,,,,,,,,,,,,,
Chitradurga,B0097 molakalmur,C0592 hanagal,5111 rayapura,466,27.23,26.56,5111,0.0,70.0,3.85,13.0,12.0,92.31,7.69,100.0,1416.0,1262.0,44.0,28.68,31.82,72.73,91.67,100.0,33.33,100.0,83.33,0.0,100.0,91.67,66.67,91.67,0.0,1.75,2.75,6.0,5.92,2.17,236.0,105.2
Chitradurga,B0097 molakalmur,C0763 j.b.halli,2994 j.b.halli,535,34.85,27.22,2994,0.0,75.0,-2.42,9.0,9.0,100.0,0.0,100.0,700.0,700.0,23.0,30.43,34.78,78.26,88.89,100.0,66.67,100.0,44.44,22.22,100.0,88.89,55.56,100.0,0.0,1.0,3.33,0.67,6.11,3.89,189.4,77.8
Chitradurga,B0097 molakalmur,C0763 j.b.halli,5221 santhegudda,364,27.91,24.47,5221,0.0,65.0,-5.76,7.0,7.0,100.0,0.0,100.0,831.0,831.0,10.0,83.1,20.0,70.0,100.0,100.0,85.71,100.0,85.71,0.0,85.71,85.71,85.71,85.71,0.0,1.14,2.14,0.71,10.57,6.43,240.14,118.7
Chitradurga,B0097 molakalmur,C0979 konasagara,3732 konasagara,781,40.29,29.93,3732,5.0,85.0,-0.2,12.0,11.0,91.67,8.33,100.0,1060.0,945.0,36.0,26.25,44.44,77.78,100.0,100.0,63.64,100.0,90.91,9.09,100.0,100.0,100.0,100.0,0.0,1.0,2.73,0.45,7.73,6.09,243.33,85.9
Chitradurga,B0097 molakalmur,C0979 konasagara,3745 kondlahalli,836,44.38,28.65,3745,5.0,85.0,-2.17,6.0,3.0,50.0,50.0,100.0,1197.0,709.0,20.0,35.45,70.0,70.0,100.0,100.0,66.67,100.0,66.67,0.0,100.0,100.0,100.0,100.0,0.0,1.67,5.33,1.33,4.67,9.67,245.0,236.3
Chitradurga,B0097 molakalmur,C0979 konasagara,4822 nerlahalli,422,33.4,26.16,4822,0.0,70.0,-1.59,10.0,10.0,100.0,0.0,100.0,579.0,579.0,26.0,22.27,26.92,46.15,100.0,100.0,30.0,100.0,100.0,0.0,100.0,100.0,70.0,90.0,0.0,1.0,1.7,2.1,3.8,3.5,238.4,57.9
Chitradurga,B0097 molakalmur,C1192 molakalmur east,5111 rayapura,266,27.37,25.92,5111,0.0,65.0,2.66,13.0,12.0,92.31,7.69,100.0,1416.0,1262.0,44.0,28.68,31.82,72.73,91.67,100.0,33.33,100.0,83.33,0.0,100.0,91.67,66.67,91.67,0.0,1.75,2.75,6.0,5.92,2.17,236.0,105.2
Chitradurga,B0097 molakalmur,C1258 nagasamudra,1613 chikkerahalli,630,23.77,25.49,1613,0.0,65.0,5.62,,,,,,,,,,,,,,,,,,,,,,,,,,,,,
Chitradurga,B0097 molakalmur,C1258 nagasamudra,4662 nagasamudra,206,16.31,23.64,4662,0.0,55.0,8.22,4.0,4.0,100.0,0.0,100.0,925.0,925.0,14.0,66.07,35.71,28.57,100.0,100.0,75.0,100.0,100.0,25.0,75.0,50.0,50.0,75.0,0.0,1.0,7.25,2.5,2.5,3.0,240.0,231.2
Chitradurga,B0097 molakalmur,C1502 siddapura,5401 siddapura (m),284,30.02,26.66,5401,0.0,70.0,-3.56,,,,,,,,,,,,,,,,,,,,,,,,,,,,,
Chitradurga,B0097 molakalmur,C1574 tammenahalli,5687 thammenahalli,1203,25.2,25.02,5687,0.0,65.0,-2.07,10.0,9.0,90.0,10.0,100.0,1664.0,1464.0,30.0,48.8,36.67,70.0,100.0,100.0,66.67,100.0,77.78,0.0,100.0,100.0,88.89,100.0,11.11,1.33,4.44,1.22,8.67,3.44,237.43,162.7
Chitradurga,B0097 molakalmur,C1902 block urdu,4662 nagasamudra,433,21.72,22.38,4662,0.0,50.0,3.08,4.0,4.0,100.0,0.0,100.0,925.0,925.0,14.0,66.07,35.71,28.57,100.0,100.0,75.0,100.0,100.0,25.0,75.0,50.0,50.0,75.0,0.0,1.0,7.25,2.5,2.5,3.0,240.0,231.2
Chitradurga,B0097 molakalmur,C1902 block urdu,6665 rampura,203,38.79,27.3,6665,5.0,80.0,8.34,18.0,9.0,50.0,50.0,100.0,3288.0,1231.0,47.0,26.19,44.68,53.19,100.0,100.0,33.33,100.0,22.22,11.11,88.89,100.0,44.44,88.89,0.0,1.11,5.67,0.44,3.0,0.67,232.0,136.8
Dakshina Kannada,B0095 mangaluru south,C0121 badriya nagara,213009166 malluru,48,87.81,11.53,213009166,70.0,100.0,13.8,,,,,,,,,,,,,,,,,,,,,,,,,,,,,
Dakshina Kannada,B0095 mangaluru south,C0121 badriya nagara,2261 gurupura,57,77.54,14.43,2261,60.0,95.0,0.96,7.0,4.0,57.14,42.86,100.0,2367.0,554.0,15.0,36.93,100.0,53.33,100.0,100.0,100.0,100.0,100.0,25.0,100.0,100.0,100.0,100.0,0.0,2.75,7.25,0.5,4.75,8.5,234.25,138.5
Dakshina Kannada,B0095 mangaluru south,C0121 badriya nagara,5886 ulaibettu,37,41.76,24.22,5886,13.0,70.0,2.19,,,,,,,,,,,,,,,,,,,,,,,,,,,,,
Dakshina Kannada,B0095 mangaluru south,C0131 bajal nanthoor,530 adyar,22,68.41,24.76,530,45.0,99.5,5.77,6.0,2.0,33.33,66.67,100.0,1886.0,318.0,5.0,63.6,100.0,60.0,100.0,100.0,100.0,100.0,100.0,50.0,100.0,100.0,100.0,100.0,0.0,3.0,8.0,0.5,3.5,2.5,232.0,159.0
Dakshina Kannada,B0095 mangaluru south,C0383 deralakatte,1198 belma,161,81.52,17.75,1198,55.0,95.0,0.65,7.0,5.0,71.43,28.57,100.0,2223.0,1117.0,19.0,58.79,73.68,84.21,100.0,100.0,80.0,80.0,80.0,20.0,100.0,100.0,100.0,80.0,25.0,6.0,5.8,2.0,3.8,4.4,238.33,223.4
Dakshina Kannada,B0095 mangaluru south,C0383 deralakatte,1383 boliyar,65,55.38,24.32,1383,25.0,83.0,-5.67,,,,,,,,,,,,,,,,,,,,,,,,,,,,,
Dakshina Kannada,B0095 mangaluru south,C0489 ganjimatta,2062 ganjimut,77,69.68,19.18,2062,45.0,90.0,6.87,,,,,,,,,,,,,,,,,,,,,,,,,,,,,
Dakshina Kannada,B0095 mangaluru south,C0489 ganjimatta,4484 muchur,87,68.1,25.98,4484,25.0,95.0,10.74,,,,,,,,,,,,,,,,,,,,,,,,,,,,,
Dakshina Kannada,B0095 mangaluru south,C0893 kannori,213009167 muttur,16,64.38,24.76,213009167,32.5,92.5,8.75,,,,,,,,,,,,,,,,,,,,,,,,,,,,,
Dakshina Kannada,B0095 mangaluru south,C0893 kannori,3915 kuppepadav,100,73.25,22.56,3915,40.0,95.0,11.44,4.0,3.0,75.0,25.0,100.0,573.0,200.0,10.0,20.0,100.0,80.0,100.0,100.0,66.67,100.0,66.67,0.0,100.0,100.0,100.0,100.0,0.0,2.67,3.0,0.33,5.0,6.67,243.0,66.7
Dakshina Kannada,B0095 mangaluru south,C0893 kannori,6124 yedapadav,100,76.8,18.13,6124,50.0,95.5,5.06,4.0,3.0,75.0,25.0,100.0,321.0,147.0,6.0,24.5,100.0,50.0,100.0,100.0,100.0,100.0,100.0,0.0,100.0,100.0,100.0,100.0,0.0,6.0,4.67,0.0,4.67,6.0,236.5,49.0
Dakshina Kannada,B0095 mangaluru south,C0942 kinnikambla,4921 paduperar,34,81.03,13.53,4921,60.0,95.0,1.01,6.0,6.0,100.0,0.0,100.0,355.0,355.0,20.0,17.75,100.0,45.0,100.0,100.0,83.33,100.0,100.0,0.0,100.0,100.0,100.0,83.33,0.0,1.83,4.5,1.5,4.33,6.5,239.17,59.2
Dakshina Kannada,B0095 mangaluru south,C0942 kinnikambla,6482 kandavara,83,69.58,21.96,6482,40.0,95.0,-4.73,6.0,4.0,66.67,33.33,100.0,1325.0,309.0,14.0,22.07,71.43,42.86,100.0,100.0,100.0,75.0,100.0,0.0,100.0,100.0,100.0,100.0,0.0,3.0,4.25,0.25,6.5,7.75,236.25,77.2
Dakshina Kannada,B0095 mangaluru south,C0975 konajepadav,2466 harekala,82,77.5,21.25,2466,55.5,100.0,5.94,5.0,3.0,60.0,40.0,100.0,1155.0,528.0,19.0,27.79,84.21,36.84,100.0,100.0,100.0,100.0,100.0,33.33,100.0,100.0,100.0,100.0,33.33,3.0,6.67,0.33,4.33,8.0,239.67,176.0
Dakshina Kannada,B0095 mangaluru south,C0975 konajepadav,3723 konaje,79,70.38,21.49,3723,54.0,91.0,6.05,5.0,4.0,80.0,20.0,100.0,883.0,353.0,13.0,27.15,84.62,53.85,100.0,100.0,75.0,75.0,100.0,25.0,100.0,100.0,100.0,100.0,0.0,2.0,5.25,1.25,4.25,4.5,240.0,88.2
Dakshina Kannada,B0095 mangaluru south,C0975 konajepadav,4983 pavur,119,70.25,21.7,4983,40.0,95.0,5.07,,,,,,,,,,,,,,,,,,,,,,,,,,,,,
Dakshina Kannada,B0095 mangaluru south,C1229 munnur,4262 manjanady,142,75.39,23.87,4262,45.5,95.0,5.89,8.0,7.0,87.5,12.5,100.0,2172.0,817.0,38.0,21.5,78.95,71.05,100.0,100.0,100.0,71.43,85.71,57.14,100.0,100.0,100.0,71.43,20.0,3.43,5.29,0.71,7.57,6.43,202.5,116.7
Dakshina Kannada,B0095 mangaluru south,C1229 munnur,4566 munnur,77,71.56,19.54,4566,45.0,90.0,4.48,,,,,,,,,,,,,,,,,,,,,,,,,,,,,
Dakshina Kannada,B0095 mangaluru south,C1229 munnur,656 amblamogaru,34,75.59,21.77,656,46.5,95.0,10.0,,,,,,,,,,,,,,,,,,,,,,,,,,,,,
Dakshina Kannada,B0095 mangaluru south,C1569 talapadi,3615 kinya,106,77.92,20.06,3615,55.0,100.0,-1.07,4.0,4.0,100.0,0.0,100.0,272.0,272.0,15.0,18.13,86.67,60.0,100.0,100.0,50.0,100.0,100.0,0.0,100.0,100.0,100.0,100.0,25.0,2.25,3.75,0.25,5.25,11.75,238.0,68.0
Dakshina Kannada,B0095 mangaluru south,C1569 talapadi,5613 talapady,59,64.15,24.9,5613,29.0,95.0,6.41,6.0,4.0,66.67,33.33,100.0,2398.0,192.0,12.0,16.0,91.67,50.0,100.0,100.0,75.0,75.0,50.0,0.0,100.0,100.0,100.0,100.0,0.0,1.25,3.75,0.0,5.5,9.25,237.33,48.0
Dakshina Kannada,B0095 mangaluru south,C1606 thiruvail,4468 moodushedde,38,78.42,16.69,4468,57.0,96.5,5.97,3.0,2.0,66.67,33.33,100.0,751.0,206.0,11.0,18.73,100.0,54.55,100.0,100.0,100.0,100.0,100.0,0.0,100.0,100.0,100.0,100.0,50.0,3.0,3.5,1.0,8.0,12.5,242.0,103.0
Davanagere,B0028 channagiri,C0027 ajjihalli,2490 haronahalli,78,50.45,31.52,2490,15.0,95.0,2.62,7.0,7.0,100.0,0.0,100.0,384.0,384.0,22.0,17.45,45.45,59.09,100.0,100.0,85.71,85.71,14.29,0.0,100.0,42.86,57.14,100.0,0.0,1.57,3.29,1.14,8.43,6.43,183.25,54.9
Davanagere,B0028 channagiri,C0027 ajjihalli,4508 mudigere,80,44.5,26.32,4508,10.0,80.5,10.24,5.0,5.0,100.0,0.0,100.0,155.0,155.0,16.0,9.69,25.0,56.25,100.0,100.0,80.0,100.0,0.0,20.0,100.0,80.0,100.0,100.0,0.0,1.2,3.0,1.0,8.8,3.6,228.33,31.0
Davanagere,B0028 channagiri,C0027 ajjihalli,572 ajjihalli,241,51.64,26.5,572,20.0,85.0,11.29,7.0,3.0,42.86,57.14,100.0,1389.0,197.0,11.0,17.91,81.82,72.73,100.0,100.0,33.33,100.0,0.0,0.0,100.0,66.67,100.0,100.0,0.0,1.67,2.33,1.33,10.67,6.67,246.0,65.7
Davanagere,B0028 channagiri,C0175 basavapatna,1089 basavapattana,200,55.22,26.12,1089,20.0,90.0,5.36,9.0,7.0,77.78,22.22,100.0,632.0,579.0,26.0,22.27,34.62,30.77,100.0,100.0,42.86,100.0,0.0,0.0,100.0,57.14,0.0,71.43,28.57,1.14,4.43,1.0,9.29,1.71,221.0,82.7
Davanagere,B0028 channagiri,C0175 basavapatna,1722 daginakatte,132,79.7,14.72,1722,60.0,95.0,5.56,3.0,3.0,100.0,0.0,100.0,436.0,436.0,18.0,24.22,16.67,38.89,66.67,100.0,100.0,66.67,33.33,0.0,66.67,100.0,100.0,100.0,0.0,1.33,6.67,2.33,7.33,7.33,162.33,145.3
Davanagere,B0028 channagiri,C0175 basavapatna,4858 nilogallu,113,85.71,13.66,4858,70.0,100.0,2.34,,,,,,,,,,,,,,,,,,,,,,,,,,,,,
Davanagere,B0028 channagiri,C0299 channagiri,539 agarabannihatti,138,51.56,26.89,539,15.0,85.0,12.49,2.0,2.0,100.0,0.0,100.0,256.0,256.0,13.0,19.69,69.23,84.62,100.0,100.0,50.0,100.0,0.0,0.0,100.0,50.0,100.0,50.0,0.0,1.5,3.5,1.0,9.0,3.0,,128.0
Davanagere,B0028 channagiri,C0304 channeshapura,1513 channeshpura,64,58.83,25.94,1513,30.0,95.0,1.82,,,,,,,,,,,,,,,,,,,,,,,,,,,,,
Davanagere,B0028 channagiri,C0304 channeshapura,3087 joladal,326,53.8,27.36,3087,15.0,90.0,5.18,,,,,,,,,,,,,,,,,,,,,,,,,,,,,
Davanagere,B0028 channagiri,C0330 chikkaganguru,1576 chikkaganguru,195,42.33,26.86,1576,7.0,80.0,1.03,,,,,,,,,,,,,,,,,,,,,,,,,,,,,
Davanagere,B0028 channagiri,C0330 chikkaganguru,3776 koratikere,96,49.01,32.13,3776,0.0,87.5,7.28,3.0,3.0,100.0,0.0,100.0,82.0,82.0,7.0,11.71,42.86,57.14,100.0,100.0,33.33,100.0,0.0,33.33,100.0,66.67,33.33,100.0,0.0,1.33,2.67,1.0,8.33,3.67,243.0,27.3
Davanagere,B0028 channagiri,C0330 chikkaganguru,4889 nuggihalli,37,80.41,12.98,4889,63.0,95.0,-1.87,,,,,,,,,,,,,,,,,,,,,,,,,,,,,
Davanagere,B0028 channagiri,C0357 chiradoni,1655 chiradoni,282,58.33,24.43,1655,25.0,90.0,7.79,,,,,,,,,,,,,,,,,,,,,,,,,,,,,
Davanagere,B0028 channagiri,C0357 chiradoni,3328 kamsagara,95,74.84,18.95,3328,45.0,95.0,-0.09,4.0,4.0,100.0,0.0,100.0,147.0,147.0,10.0,14.7,50.0,50.0,100.0,100.0,25.0,100.0,25.0,25.0,100.0,75.0,75.0,75.0,0.0,1.0,1.5,2.0,7.0,3.5,240.0,36.8
Davanagere,B0028 channagiri,C0357 chiradoni,3793 kotehal,95,82.0,17.62,3793,60.0,100.0,-2.2,8.0,6.0,75.0,25.0,100.0,839.0,321.0,19.0,16.89,52.63,68.42,100.0,100.0,50.0,100.0,16.67,33.33,100.0,83.33,100.0,83.33,0.0,1.17,5.5,1.0,8.5,5.0,235.0,53.5
Davanagere,B0028 channagiri,C0396 devarahalli,1796 devarahalli,188,53.3,26.71,1796,15.0,86.5,2.54,8.0,6.0,75.0,25.0,100.0,899.0,641.0,37.0,17.32,37.84,81.08,100.0,100.0,83.33,100.0,50.0,33.33,100.0,66.67,66.67,83.33,0.0,2.33,4.33,1.0,8.17,2.83,228.0,106.8
Davanagere,B0028 channagiri,C0396 devarahalli,2068 garaga,143,38.29,24.87,2068,5.0,74.0,-5.45,4.0,4.0,100.0,0.0,100.0,201.0,201.0,12.0,16.75,41.67,41.67,100.0,100.0,75.0,100.0,0.0,0.0,75.0,75.0,75.0,100.0,0.0,1.25,3.25,2.25,8.25,4.75,242.5,50.2
Davanagere,B0028 channagiri,C0632 hebbalagere,2532 hebbalagere,217,45.41,25.04,2532,10.0,80.0,9.58,5.0,4.0,80.0,20.0,100.0,271.0,268.0,15.0,17.87,40.0,33.33,100.0,100.0,50.0,100.0,0.0,25.0,100.0,75.0,75.0,100.0,0.0,1.25,4.0,1.0,9.5,5.5,230.0,67.0
Davanagere,B0028 channagiri,C0632 hebbalagere,2704 hodigere,134,44.74,28.93,2704,5.0,85.0,17.64,3.0,2.0,66.67,33.33,100.0,411.0,173.0,8.0,21.62,25.0,37.5,100.0,100.0,100.0,100.0,0.0,100.0,100.0,50.0,100.0,100.0,0.0,1.0,6.0,1.0,8.0,2.5,241.0,86.5
Davanagere,B0028 channagiri,C0632 hebbalagere,3354 kanchiganalu,58,87.41,12.71,3354,68.5,100.0,-0.5,,,,,,,,,,,,,,,,,,,,,,,,,,,,,
Davanagere,B0028 channagiri,C0632 hebbalagere,5943 vadnal,166,53.89,30.83,5943,7.5,90.0,8.26,,,,,,,,,,,,,,,,,,,,,,,,,,,,,
Davanagere,B0028 channagiri,C0649 hire kogaluru,1193 belliganodu,37,68.78,19.8,1193,48.0,95.0,6.29,,,,,,,,,,,,,,,,,,,,,,,,,,,,,
Davanagere,B0028 channagiri,C0649 hire kogaluru,1911 doddamallapura,90,66.0,20.86,1911,35.0,90.0,5.14,,,,,,,,,,,,,,,,,,,,,,,,,,,,,
Davanagere,B0028 channagiri,C0649 hire kogaluru,2651 hirekogalur,219,48.01,28.25,2651,10.0,85.0,8.67,,,,,,,,,,,,,,,,,,,,,,,,,,,,,
Davanagere,B0028 channagiri,C0781 jammapura,4302 maravanji,312,43.27,29.75,4302,5.0,85.0,-6.31,8.0,8.0,100.0,0.0,100.0,249.0,249.0,20.0,12.45,25.0,35.0,100.0,100.0,75.0,100.0,0.0,12.5,100.0,75.0,50.0,100.0,0.0,1.0,2.25,1.62,7.5,0.5,240.5,31.1
Davanagere,B0028 channagiri,C0781 jammapura,4801 nellihankalu,63,47.46,27.56,4801,10.0,80.0,-4.44,,,,,,,,,,,,,,,,,,,,,,,,,,,,,
Davanagere,B0028 channagiri,C0833 kagathuru,1418 bulasagara,92,46.14,24.03,1418,10.5,75.0,4.76,6.0,5.0,83.33,16.67,100.0,229.0,141.0,14.0,10.07,50.0,64.29,100.0,100.0,100.0,100.0,0.0,0.0,100.0,60.0,60.0,60.0,0.0,1.0,2.8,2.0,9.2,2.6,225.67,28.2
Davanagere,B0028 channagiri,C0833 kagathuru,2984 ittige,164,35.98,24.49,2984,5.0,70.0,-8.92,,,,,,,,,,,,,,,,,,,,,,,,,,,,,
Davanagere,B0028 channagiri,C0833 kagathuru,3203 kagaturu,142,42.61,23.91,3203,10.5,75.0,11.21,,,,,,,,,,,,,,,,,,,,,,,,,,,,,
Davanagere,B0028 channagiri,C0838 kakanur,3736 kondadahalli,100,60.3,25.86,3736,25.0,90.0,-0.56,3.0,3.0,100.0,0.0,100.0,163.0,163.0,12.0,13.58,25.0,50.0,100.0,100.0,100.0,100.0,33.33,0.0,100.0,100.0,100.0,100.0,33.33,1.0,2.67,1.0,5.0,10.0,240.0,54.3
Davanagere,B0028 channagiri,C0838 kakanur,6438 kakanur,121,52.27,25.11,6438,20.0,90.0,-0.71,7.0,7.0,100.0,0.0,100.0,577.0,577.0,25.0,23.08,4.0,48.0,100.0,100.0,71.43,100.0,28.57,0.0,85.71,42.86,57.14,85.71,0.0,2.29,4.43,2.57,7.71,2.86,239.33,82.4
Davanagere,B0028 channagiri,C0904 karekatte,213009625 kabbala,38,50.66,27.07,213009625,15.0,86.5,-4.05,6.0,5.0,83.33,16.67,100.0,522.0,157.0,12.0,13.08,25.0,33.33,100.0,100.0,80.0,100.0,0.0,0.0,100.0,40.0,100.0,100.0,0.0,1.0,2.4,1.2,8.8,2.6,230.0,31.4
Davanagere,B0028 channagiri,C0904 karekatte,3446 karekatte,278,36.82,29.21,3446,0.0,80.0,0.25,5.0,4.0,80.0,20.0,100.0,443.0,368.0,20.0,18.4,45.0,30.0,100.0,100.0,100.0,100.0,0.0,0.0,100.0,25.0,100.0,75.0,0.0,1.0,3.5,1.0,8.5,2.5,235.0,92.0
Davanagere,B0028 channagiri,C0904 karekatte,4767 navilehal,125,53.0,23.61,4767,20.0,85.0,2.83,9.0,6.0,66.67,33.33,100.0,945.0,266.0,16.0,16.62,31.25,31.25,100.0,100.0,66.67,100.0,0.0,0.0,83.33,66.67,66.67,66.67,16.67,1.0,4.5,1.0,9.33,1.5,231.0,44.3
Davanagere,B0028 channagiri,C0912 kathalagere,1161 belalagere,89,51.91,26.55,1161,19.0,90.0,5.77,5.0,3.0,60.0,40.0,100.0,312.0,228.0,12.0,19.0,33.33,58.33,100.0,100.0,66.67,100.0,33.33,33.33,100.0,100.0,66.67,100.0,0.0,1.0,5.67,1.67,8.0,4.33,242.0,76.0
Davanagere,B0028 channagiri,C0912 kathalagere,3449 kariganuru,326,40.6,31.25,3449,0.0,85.0,10.47,,,,,,,,,,,,,,,,,,,,,,,,,,,,,
Davanagere,B0028 channagiri,C0912 kathalagere,3491 kattalagere,121,50.95,30.11,3491,5.0,90.0,21.7,6.0,5.0,83.33,16.67,100.0,348.0,278.0,16.0,17.38,25.0,50.0,100.0,100.0,60.0,80.0,0.0,0.0,100.0,80.0,60.0,100.0,0.0,1.2,5.2,1.0,11.0,7.0,242.67,55.6
Davanagere,B0028 channagiri,C0927 kerebilachi,3376 kanivebilachi,116,65.22,18.98,3376,40.0,87.5,6.88,4.0,3.0,75.0,25.0,100.0,495.0,281.0,11.0,25.55,18.18,27.27,100.0,100.0,100.0,100.0,33.33,0.0,100.0,66.67,0.0,100.0,33.33,1.0,5.0,1.33,10.67,9.33,233.67,93.7
Davanagere,B0028 channagiri,C0927 kerebilachi,3559 kerebilachi,52,58.27,27.44,3559,15.5,94.5,2.06,13.0,10.0,76.92,23.08,100.0,2184.0,1192.0,54.0,22.07,57.41,44.44,100.0,100.0,40.0,90.0,20.0,30.0,100.0,60.0,80.0,30.0,0.0,2.1,5.7,1.3,8.3,3.3,229.6,119.2
Davanagere,B0028 channagiri,C0927 kerebilachi,5133 rudrapura,209,59.55,26.29,5133,15.0,95.0,10.68,5.0,4.0,80.0,20.0,100.0,188.0,138.0,9.0,15.33,44.44,33.33,100.0,100.0,25.0,100.0,0.0,0.0,100.0,50.0,0.0,100.0,0.0,1.0,2.5,1.0,6.75,5.0,244.0,34.5
Davanagere,B0028 channagiri,C0927 kerebilachi,5455 somalapura,100,57.25,27.93,5455,15.0,90.0,16.62,,,,,,,,,,,,,,,,,,,,,,,,,,,,,
Davanagere,B0028 channagiri,C1058 lingadahalli,2191 guddada kumaranahalli,72,72.01,29.26,2191,25.5,100.0,14.87,,,,,,,,,,,,,,,,,,,,,,,,,,,,,
Davanagere,B0028 channagiri,C1058 lingadahalli,6231 lingadahalli,214,34.67,25.68,6231,0.0,70.0,7.46,5.0,5.0,100.0,0.0,100.0,200.0,200.0,14.0,14.29,42.86,21.43,100.0,100.0,40.0,100.0,80.0,0.0,100.0,40.0,100.0,100.0,0.0,1.0,3.2,1.0,11.6,0.0,242.0,40.0
Davanagere,B0028 channagiri,C1268 nalluru,2660 hiremalali,96,70.89,25.56,2660,22.5,92.5,-7.87,15.0,13.0,86.67,13.33,100.0,1439.0,994.0,49.0,20.29,32.65,65.31,100.0,100.0,69.23,100.0,23.08,7.69,92.31,46.15,84.62,76.92,8.33,1.15,3.23,1.0,8.62,3.0,234.17,76.5
Davanagere,B0028 channagiri,C1268 nalluru,6288 nallur,161,54.6,25.37,6288,15.0,85.0,11.07,,,,,,,,,,,,,,,,,,,,,,,,,,,,,
Davanagere,B0028 channagiri,C1347 pandomati,2149 goppenahalli,151,66.29,25.49,2149,25.0,95.0,6.01,4.0,3.0,75.0,25.0,100.0,129.0,119.0,8.0,14.88,37.5,37.5,100.0,100.0,100.0,100.0,33.33,0.0,100.0,0.0,100.0,100.0,33.33,1.0,3.33,1.0,10.0,4.67,124.0,39.7
Davanagere,B0028 channagiri,C1347 pandomati,4154 malahal,155,54.23,26.68,4154,15.0,90.0,4.91,,,,,,,,,,,,,,,,,,,,,,,,,,,,,
Davanagere,B0028 channagiri,C1347 pandomati,4951 pandomatti,210,43.33,31.07,4951,0.0,85.0,3.49,3.0,3.0,100.0,0.0,100.0,263.0,263.0,13.0,20.23,46.15,53.85,100.0,100.0,100.0,100.0,33.33,0.0,66.67,33.33,66.67,100.0,33.33,1.0,6.0,1.0,9.33,2.0,238.0,87.7
Davanagere,B0028 channagiri,C1380 rajagondanahalli,2754 honnebagi,62,50.0,31.48,2754,15.0,94.5,25.19,12.0,4.0,33.33,66.67,100.0,2770.0,275.0,14.0,19.64,42.86,57.14,100.0,100.0,100.0,100.0,0.0,0.0,100.0,0.0,25.0,75.0,0.0,1.0,5.0,1.0,8.0,4.5,225.0,68.8
Davanagere,B0028 channagiri,C1380 rajagondanahalli,5048 rajagondanahalli,232,55.04,24.5,5048,20.0,85.0,0.79,6.0,6.0,100.0,0.0,100.0,281.0,281.0,17.0,16.53,29.41,47.06,100.0,100.0,83.33,100.0,16.67,0.0,83.33,50.0,100.0,100.0,0.0,1.83,3.17,1.0,8.5,3.67,236.25,46.8
Davanagere,B0028 channagiri,C1380 rajagondanahalli,5727 thippagondanahalli,41,53.05,25.76,5727,15.0,85.0,7.42,6.0,6.0,100.0,0.0,100.0,166.0,166.0,14.0,11.86,35.71,21.43,83.33,100.0,66.67,100.0,0.0,0.0,100.0,0.0,33.33,100.0,0.0,1.0,2.67,1.0,8.5,1.5,220.0,27.7
Davanagere,B0028 channagiri,C1449 santhebennuru-1,1884 doddabbigere,101,45.64,23.93,1884,15.0,80.0,9.55,4.0,3.0,75.0,25.0,100.0,198.0,157.0,8.0,19.62,25.0,25.0,100.0,100.0,100.0,100.0,0.0,0.0,66.67,66.67,100.0,100.0,0.0,1.0,4.67,1.0,8.0,6.33,232.67,52.3
Davanagere,B0028 channagiri,C1449 santhebennuru-1,5220 santhebennuru,341,54.5,27.53,5220,15.0,90.0,9.85,,,,,,,,,,,,,,,,,,,,,,,,,,,,,
Davanagere,B0028 channagiri,C1449 santhebennuru-1,5691 thanigere,94,75.27,21.17,5691,45.0,95.0,4.78,,,,,,,,,,,,,,,,,,,,,,,,,,,,,
Davanagere,B0028 channagiri,C1450 santhebennuru-2,4396 medikere,253,54.51,26.42,4396,15.0,85.0,6.99,5.0,5.0,100.0,0.0,100.0,178.0,178.0,12.0,14.83,33.33,25.0,100.0,100.0,20.0,100.0,0.0,0.0,100.0,40.0,60.0,100.0,0.0,1.0,2.2,1.0,7.8,3.4,230.0,35.6
Davanagere,B0028 channagiri,C1450 santhebennuru-2,5398 siddanamatha,109,46.06,27.44,5398,5.0,85.0,-0.37,3.0,3.0,100.0,0.0,100.0,132.0,132.0,9.0,14.67,0.0,55.56,100.0,100.0,66.67,100.0,0.0,0.0,100.0,33.33,100.0,100.0,0.0,1.0,3.0,3.33,6.33,3.33,237.0,44.0
Davanagere,B0028 channagiri,C1595 thavarekere,1968 durvigere,127,42.76,29.25,1968,5.0,82.0,7.64,,,,,,,,,,,,,,,,,,,,,,,,,,,,,
Davanagere,B0028 channagiri,C1595 thavarekere,5702 thavarekere,215,41.98,27.39,5702,5.0,83.0,-1.98,,,,,,,,,,,,,,,,,,,,,,,,,,,,,
Davanagere,B0028 channagiri,C1615 thyavanige,3537 kempanahalli,219,51.16,27.0,3537,14.0,86.0,-6.86,5.0,4.0,80.0,20.0,100.0,157.0,154.0,14.0,11.0,35.71,64.29,100.0,100.0,0.0,100.0,0.0,0.0,50.0,50.0,50.0,100.0,0.0,1.0,2.75,1.0,11.0,7.5,238.0,38.5
Davanagere,B0028 channagiri,C1615 thyavanige,4692 nalkudure,71,65.21,25.92,4692,20.0,90.0,5.21,5.0,5.0,100.0,0.0,100.0,176.0,176.0,11.0,16.0,9.09,54.55,100.0,100.0,60.0,100.0,0.0,0.0,80.0,100.0,80.0,100.0,25.0,1.2,4.2,1.0,8.8,2.0,23.0,35.2
Davanagere,B0028 channagiri,C1615 thyavanige,5768 thyavanige,138,81.01,15.43,5768,55.0,100.0,6.55,,,,,,,,,,,,,,,,,,,,,,,,,,,,,
Davanagere,B0037 davanagere(n),C0057 anaji,2574 hemmana bethur,122,55.82,23.75,2574,20.0,85.0,0.78,,,,,,,,,,,,,,,,,,,,,,,,,,,,,
Davanagere,B0037 davanagere(n),C0057 anaji,6447 anaji,446,45.63,29.64,6447,5.0,90.0,9.11,9.0,6.0,66.67,33.33,100.0,1276.0,611.0,22.0,27.77,54.55,77.27,100.0,100.0,100.0,100.0,33.33,16.67,83.33,50.0,100.0,83.33,0.0,1.17,4.33,1.17,7.0,3.83,164.33,101.8
Davanagere,B0037 davanagere(n),C0457 elebethur,1086 basavanalu,130,43.23,23.94,1086,15.0,75.5,4.81,5.0,5.0,100.0,0.0,100.0,191.0,191.0,15.0,12.73,46.67,40.0,100.0,100.0,80.0,100.0,20.0,0.0,100.0,20.0,100.0,100.0,0.0,1.0,4.6,1.0,10.4,5.2,233.0,38.2
Davanagere,B0037 davanagere(n),C0457 elebethur,1980 elebethur,103,55.83,21.91,1980,25.0,85.0,-1.42,,,,,,,,,,,,,,,,,,,,,,,,,,,,,
Davanagere,B0037 davanagere(n),C0457 elebethur,213009628 sriramanagara,64,65.39,23.84,213009628,30.0,95.0,9.89,,,,,,,,,,,,,,,,,,,,,,,,,,,,,
Davanagere,B0037 davanagere(n),C0457 elebethur,3157 kadajji,294,45.9,26.0,3157,10.0,80.0,14.55,6.0,4.0,66.67,33.33,100.0,517.0,404.0,20.0,20.2,75.0,70.0,100.0,100.0,100.0,100.0,0.0,0.0,100.0,50.0,100.0,75.0,0.0,2.0,5.25,1.75,10.0,8.25,228.0,101.0
Davanagere,B0037 davanagere(n),C0457 elebethur,6411 alur,124,38.55,24.99,6411,5.0,70.0,5.69,,,,,,,,,,,,,,,,,,,,,,,,,,,,,
Davanagere,B0037 davanagere(n),C0886 kandanakovi,2930 igooru,145,56.14,23.69,2930,25.0,90.0,8.76,,,,,,,,,,,,,,,,,,,,,,,,,,,,,
Davanagere,B0037 davanagere(n),C0886 kandanakovi,3363 kandanakovi,166,54.88,26.78,3363,15.0,90.0,9.57,,,,,,,,,,,,,,,,,,,,,,,,,,,,,
Davanagere,B0037 davanagere(n),C1732 yaragunte,1883 doddabathi,120,46.42,25.11,1883,15.0,80.0,1.65,,,,,,,,,,,,,,,,,,,,,,,,,,,,,
Davanagere,B0037 davanagere(n),C1732 yaragunte,213009624 halebhatti,114,65.83,20.37,213009624,36.5,90.0,11.52,,,,,,,,,,,,,,,,,,,,,,,,,,,,,
Davanagere,B0037 davanagere(n),C1785 anagodu,2535 hebbalu,173,59.57,18.68,2535,40.0,85.0,3.63,10.0,9.0,90.0,10.0,100.0,699.0,447.0,25.0,17.88,52.0,60.0,100.0,100.0,100.0,88.89,11.11,11.11,100.0,66.67,88.89,100.0,0.0,1.22,2.67,1.11,8.33,8.78,238.29,49.7
Davanagere,B0037 davanagere(n),C1785 anagodu,2762 honnur,227,51.45,24.39,2762,20.0,85.0,1.62,,,,,,,,,,,,,,,,,,,,,,,,,,,,,
Davanagere,B0037 davanagere(n),C1785 anagodu,4733 naraganahalli,139,35.18,27.04,4733,0.0,75.0,8.25,7.0,7.0,100.0,0.0,100.0,369.0,369.0,22.0,16.77,54.55,36.36,85.71,100.0,85.71,100.0,14.29,14.29,85.71,42.86,85.71,100.0,0.0,1.43,3.43,1.14,8.14,7.0,239.0,52.7
Davanagere,B0037 davanagere(n),C1785 anagodu,680 anagodu,126,56.55,27.56,680,12.5,95.0,11.65,8.0,6.0,75.0,25.0,100.0,1155.0,492.0,26.0,18.92,69.23,53.85,83.33,100.0,83.33,83.33,16.67,16.67,100.0,66.67,83.33,83.33,0.0,1.5,4.5,1.33,10.33,6.17,242.75,82.0
Davanagere,B0037 davanagere(n),C1940 chikkabudihal,3187 kadlebalu,589,35.74,25.66,3187,0.0,70.0,1.8,8.0,8.0,100.0,0.0,100.0,934.0,934.0,50.0,18.68,48.0,70.0,100.0,100.0,100.0,100.0,12.5,12.5,100.0,25.0,87.5,100.0,12.5,1.12,5.38,1.62,8.0,6.88,240.0,116.8
Davanagere,B0037 davanagere(n),C1940 chikkabudihal,3223 kakkaragolla,275,45.24,30.18,3223,5.0,90.0,4.68,5.0,3.0,60.0,40.0,100.0,907.0,420.0,18.0,23.33,55.56,55.56,100.0,100.0,100.0,100.0,33.33,0.0,100.0,33.33,100.0,100.0,0.0,1.33,5.67,1.67,7.67,11.33,239.0,140.0
Davanagere,B0037 davanagere(n),C1940 chikkabudihal,850 avaragolla,225,49.22,26.24,850,15.0,85.0,-0.07,7.0,5.0,71.43,28.57,100.0,1350.0,1146.0,45.0,25.47,71.11,77.78,100.0,100.0,100.0,40.0,40.0,20.0,100.0,60.0,80.0,40.0,20.0,1.4,8.0,1.4,10.0,3.4,226.33,229.2
Davanagere,B0037 davanagere(n),C2046 gudalu,2188 gudalu,212,44.88,27.82,2188,10.0,85.0,-1.93,8.0,7.0,87.5,12.5,100.0,657.0,247.0,18.0,13.72,61.11,44.44,100.0,100.0,100.0,100.0,42.86,0.0,100.0,28.57,100.0,100.0,0.0,1.14,2.0,1.0,15.14,7.29,192.4,35.3
Davanagere,B0037 davanagere(n),C2046 gudalu,2836 hulikatte,193,43.63,27.16,2836,10.0,80.0,5.04,3.0,3.0,100.0,0.0,100.0,210.0,210.0,8.0,26.25,62.5,75.0,100.0,100.0,100.0,100.0,33.33,0.0,100.0,100.0,100.0,100.0,0.0,1.0,3.0,1.0,14.33,7.0,243.5,70.0
Davanagere,B0037 davanagere(n),C2718 urdu k.r market,1883 doddabathi,466,56.2,21.88,1883,30.0,85.0,6.45,,,,,,,,,,,,,,,,,,,,,,,,,,,,,
Davanagere,B0038 davanagere(s),C0556 hadadi,2286 hadadi,170,43.59,28.28,2286,10.0,90.0,10.43,6.0,4.0,66.67,33.33,100.0,550.0,457.0,18.0,25.39,77.78,55.56,100.0,100.0,100.0,100.0,50.0,0.0,100.0,75.0,50.0,100.0,0.0,1.0,5.25,2.0,4.75,2.0,236.0,114.2
Davanagere,B0038 davanagere(s),C0556 hadadi,3854 kukkuwada,370,62.39,26.48,3854,25.0,95.0,12.34,,,,,,,,,,,,,,,,,,,,,,,,,,,,,
Davanagere,B0038 davanagere(s),C0556 hadadi,4360 mathi,294,58.13,26.11,4360,20.0,90.0,4.78,,,,,,,,,,,,,,,,,,,,,,,,,,,,,
Davanagere,B0038 davanagere(s),C1095 mahadevipura,3335 kanagondanahal,207,59.86,24.78,3335,25.0,90.0,6.8,,,,,,,,,,,,,,,,,,,,,,,,,,,,,
Davanagere,B0038 davanagere(s),C1095 mahadevipura,4490 mudahadadi,64,57.34,23.69,4490,25.0,90.0,0.08,8.0,6.0,75.0,25.0,100.0,564.0,505.0,26.0,19.42,80.77,53.85,100.0,100.0,66.67,100.0,16.67,0.0,100.0,50.0,83.33,100.0,0.0,1.33,4.67,1.17,10.17,6.83,238.33,84.2
Davanagere,B0038 davanagere(s),C1829 bada,6593 bada,182,67.69,20.32,6593,40.0,95.0,2.22,6.0,6.0,100.0,0.0,100.0,362.0,362.0,23.0,15.74,65.22,52.17,100.0,100.0,100.0,100.0,0.0,16.67,100.0,33.33,50.0,83.33,16.67,1.0,3.17,1.67,8.83,7.17,241.0,60.3
Davanagere,B0038 davanagere(s),C1829 bada,674 anaberu,223,50.04,27.88,674,10.0,85.0,1.53,,,,,,,,,,,,,,,,,,,,,,,,,,,,,
Davanagere,B0038 davanagere(s),C1829 bada,835 attigere,108,35.09,27.41,835,5.0,75.0,4.84,6.0,5.0,83.33,16.67,100.0,1143.0,251.0,15.0,16.73,53.33,53.33,100.0,100.0,100.0,100.0,0.0,0.0,100.0,80.0,60.0,100.0,0.0,1.2,3.4,1.0,12.6,4.6,240.75,50.2
Davanagere,B0038 davanagere(s),C2253 kandagallu,4156 malalkere,116,68.02,21.59,4156,40.0,95.0,7.93,5.0,5.0,100.0,0.0,100.0,199.0,199.0,15.0,13.27,53.33,46.67,100.0,100.0,80.0,100.0,20.0,0.0,80.0,60.0,80.0,100.0,20.0,1.0,3.6,0.6,13.8,3.6,245.0,39.8
Davanagere,B0038 davanagere(s),C2253 kandagallu,5391 shyagale,97,65.62,20.72,5391,35.0,90.0,6.34,,,,,,,,,,,,,,,,,,,,,,,,,,,,,
Davanagere,B0038 davanagere(s),C2253 kandagallu,6540 kandagal,53,53.3,29.32,6540,15.0,94.0,-4.78,,,,,,,,,,,,,,,,,,,,,,,,,,,,,
Davanagere,B0038 davanagere(s),C2302 kodaganur,4824 nerlige,117,53.59,24.95,4824,20.0,85.0,8.39,8.0,7.0,87.5,12.5,100.0,608.0,459.0,32.0,14.34,62.5,65.62,85.71,100.0,85.71,100.0,0.0,14.29,100.0,42.86,71.43,85.71,14.29,1.14,3.43,0.43,6.43,7.86,238.17,65.6
Davanagere,B0038 davanagere(s),C2302 kodaganur,6376 kodaganur,99,64.24,26.26,6376,25.0,95.0,16.03,,,,,,,,,,,,,,,,,,,,,,,,,,,,,
Davanagere,B0038 davanagere(s),C2362 lokikere,2146 gopanaalu,189,52.59,26.95,2146,20.0,90.0,7.93,,,,,,,,,,,,,,,,,,,,,,,,,,,,,
Davanagere,B0038 davanagere(s),C2362 lokikere,3212 kaidale,163,30.46,24.57,3212,5.0,70.0,1.8,10.0,8.0,80.0,20.0,100.0,521.0,402.0,24.0,16.75,62.5,75.0,100.0,100.0,100.0,100.0,12.5,0.0,87.5,0.0,75.0,100.0,0.0,1.12,3.0,0.25,9.75,2.12,243.33,50.2
Davanagere,B0038 davanagere(s),C2362 lokikere,4025 lokikere,131,70.19,15.08,4025,50.0,90.0,6.85,3.0,3.0,100.0,0.0,100.0,500.0,500.0,21.0,23.81,61.9,33.33,100.0,100.0,100.0,100.0,33.33,33.33,100.0,33.33,100.0,100.0,0.0,1.0,6.0,0.33,9.67,6.67,240.67,166.7
Davanagere,B0038 davanagere(s),C2685 tholahunse,3931 kurki,155,36.71,26.81,3931,5.0,80.0,1.53,10.0,8.0,80.0,20.0,100.0,879.0,379.0,25.0,15.16,68.0,56.0,100.0,100.0,75.0,100.0,0.0,0.0,100.0,25.0,62.5,100.0,0.0,1.25,2.38,0.75,8.88,3.12,236.67,47.4
Davanagere,B0038 davanagere(s),C2685 tholahunse,5739 tholahunse,207,43.79,26.15,5739,5.0,80.0,3.08,,,,,,,,,,,,,,,,,,,,,,,,,,,,,
Davanagere,B0038 davanagere(s),C2891 mayakonda,2815 huchhavvanahalli,115,33.09,23.87,2815,5.0,65.0,-1.46,,,,,,,,,,,,,,,,,,,,,,,,,,,,,
Davanagere,B0038 davanagere(s),C2891 mayakonda,4390 mayakonda,78,65.38,30.29,4390,18.5,95.0,-4.07,5.0,4.0,80.0,20.0,100.0,780.0,671.0,20.0,33.55,65.0,75.0,100.0,100.0,100.0,100.0,25.0,50.0,100.0,25.0,100.0,100.0,66.67,2.75,3.0,0.75,5.0,2.75,242.0,167.8
Davanagere,B0038 davanagere(s),C2929 shiramagondana halli,1172 belavanur,165,79.45,15.72,1172,55.0,95.0,-2.53,,,,,,,,,,,,,,,,,,,,,,,,,,,,,
Davanagere,B0038 davanagere(s),C2929 shiramagondana halli,5353 shiramagondanahalli,119,85.67,12.0,5353,70.0,100.0,1.86,,,,,,,,,,,,,,,,,,,,,,,,,,,,,
Davanagere,B0056 harihara,C0159 bannikodu,213009623 bannikodu,200,40.82,27.25,213009623,5.0,75.0,7.79,3.0,2.0,66.67,33.33,100.0,681.0,620.0,23.0,26.96,56.52,65.22,100.0,100.0,100.0,100.0,50.0,50.0,100.0,100.0,100.0,100.0,50.0,2.0,6.0,6.5,10.0,8.0,238.0,310.0
Davanagere,B0056 harihara,C0159 bannikodu,3101 k bevinalli,357,47.41,30.15,3101,5.0,90.0,9.54,,,,,,,,,,,,,,,,,,,,,,,,,,,,,
Davanagere,B0056 harihara,C0159 bannikodu,3897 kunebelakere,203,46.28,28.96,3897,10.0,85.0,4.44,,,,,,,,,,,,,,,,,,,,,,,,,,,,,
Davanagere,B0056 harihara,C0163 banuvalli,1054 banuvalli,434,44.3,28.19,1054,5.0,85.0,1.04,8.0,5.0,62.5,37.5,100.0,1194.0,866.0,34.0,25.47,44.12,61.76,100.0,100.0,100.0,80.0,40.0,20.0,100.0,80.0,100.0,80.0,40.0,2.0,6.8,2.4,7.0,7.8,238.5,173.2
Davanagere,B0056 harihara,C0163 banuvalli,3172 kadar naykana halli,411,54.4,25.43,3172,20.0,90.0,7.27,,,,,,,,,,,,,,,,,,,,,,,,,,,,,
Davanagere,B0056 harihara,C0163 banuvalli,5881 ukkadagathri,169,62.57,25.57,5881,25.0,95.0,5.54,10.0,7.0,70.0,30.0,100.0,1043.0,815.0,30.0,27.17,30.0,66.67,100.0,100.0,100.0,100.0,28.57,42.86,100.0,85.71,85.71,71.43,0.0,1.71,4.86,1.14,7.29,4.57,243.0,116.4
Davanagere,B0056 harihara,C0163 banuvalli,6636 yalavatti,129,47.48,27.47,6636,10.0,80.0,7.49,,,,,,,,,,,,,,,,,,,,,,,,,,,,,
Davanagere,B0056 harihara,C0201 belludi,1195 bellodi,409,62.27,24.86,1195,25.0,90.0,4.06,,,,,,,,,,,,,,,,,,,,,,,,,,,,,
Davanagere,B0056 harihara,C0201 belludi,2385 hanagavadi,449,62.93,25.31,2385,25.0,95.0,6.0,5.0,3.0,60.0,40.0,100.0,592.0,393.0,19.0,20.68,68.42,73.68,100.0,100.0,100.0,66.67,33.33,0.0,100.0,33.33,100.0,100.0,33.33,2.0,4.67,2.67,9.67,7.33,241.33,131.0
Davanagere,B0056 harihara,C0392 devara belakere,1790 devara belakere,426,49.03,25.81,1790,10.0,80.0,2.12,,,,,,,,,,,,,,,,,,,,,,,,,,,,,
Davanagere,B0056 harihara,C0392 devara belakere,2452 haralalli,182,38.85,30.52,2452,0.0,85.0,-1.46,,,,,,,,,,,,,,,,,,,,,,,,,,,,,
Davanagere,B0056 harihara,C0392 devara belakere,5169 salakatte,160,62.03,18.67,5169,40.0,90.0,0.53,,,,,,,,,,,,,,,,,,,,,,,,,,,,,
Davanagere,B0056 harihara,C0684 holesirigere,2721 holesirigere,249,56.91,24.43,2721,25.0,90.0,-0.14,5.0,5.0,100.0,0.0,100.0,364.0,364.0,21.0,17.33,38.1,28.57,100.0,100.0,80.0,100.0,0.0,0.0,100.0,100.0,100.0,80.0,60.0,1.4,4.8,2.8,6.6,5.6,238.0,72.8
Davanagere,B0056 harihara,C0684 holesirigere,4717 nandigavi,116,48.06,25.71,4717,15.0,80.0,8.24,6.0,4.0,66.67,33.33,100.0,1071.0,335.0,17.0,19.71,58.82,70.59,100.0,100.0,100.0,100.0,0.0,25.0,100.0,75.0,100.0,100.0,25.0,1.5,5.0,1.0,11.0,2.0,240.0,83.8
Davanagere,B0056 harihara,C0684 holesirigere,6133 yelehole,324,46.7,26.71,6133,10.0,83.5,1.4,4.0,4.0,100.0,0.0,100.0,263.0,263.0,14.0,18.79,42.86,85.71,75.0,100.0,100.0,100.0,25.0,0.0,100.0,100.0,100.0,100.0,25.0,1.0,4.5,1.0,8.25,9.0,241.0,65.8
Davanagere,B0056 harihara,C0962 kokkanuru,3685 kokkanuru,591,74.82,18.64,3685,50.0,95.0,5.16,,,,,,,,,,,,,,,,,,,,,,,,,,,,,
Davanagere,B0056 harihara,C0962 kokkanuru,5979 vasana,447,77.34,22.24,5979,45.0,100.0,0.68,3.0,3.0,100.0,0.0,100.0,297.0,297.0,14.0,21.21,35.71,50.0,100.0,100.0,100.0,100.0,33.33,0.0,100.0,100.0,100.0,100.0,33.33,1.0,4.67,1.33,5.33,7.33,238.33,99.0
Davanagere,B0056 harihara,C1025 kumbaluru,213009626 kumbaluru,37,42.7,26.45,213009626,5.0,77.0,18.6,,,,,,,,,,,,,,,,,,,,,,,,,,,,,
Davanagere,B0056 harihara,C1025 kumbaluru,3073 jigali,242,55.74,24.75,3073,20.5,90.0,6.62,5.0,2.0,40.0,60.0,100.0,592.0,284.0,14.0,20.29,50.0,71.43,100.0,100.0,100.0,100.0,0.0,50.0,100.0,100.0,100.0,100.0,50.0,1.0,6.0,5.5,9.0,4.0,240.0,142.0
Davanagere,B0056 harihara,C1025 kumbaluru,3871 kumbaluru,112,49.46,24.51,3871,15.5,84.5,1.22,,,,,,,,,,,,,,,,,,,,,,,,,,,,,
Davanagere,B0056 harihara,C2338 kunduru,3871 kumbaluru,74,49.39,32.36,3871,5.0,93.5,5.21,,,,,,,,,,,,,,,,,,,,,,,,,,,,,
Davanagere,B0056 harihara,C2830 guththuru,3738 kondajji,182,34.78,25.95,3738,5.0,75.0,-0.14,11.0,8.0,72.73,27.27,100.0,1478.0,782.0,40.0,19.55,35.0,72.5,100.0,100.0,100.0,100.0,50.0,25.0,100.0,62.5,87.5,87.5,42.86,3.62,5.25,2.62,7.75,5.62,234.0,97.8
Davanagere,B0056 harihara,C2830 guththuru,5245 sarathi,171,32.63,22.98,5245,5.0,65.0,4.04,,,,,,,,,,,,,,,,,,,,,,,,,,,,,
Davanagere,B0056 harihara,C2884 malebennuru,2349 halivana,178,48.15,28.43,2349,10.0,85.0,14.07,6.0,5.0,83.33,16.67,100.0,375.0,365.0,21.0,17.38,47.62,47.62,100.0,100.0,100.0,100.0,20.0,0.0,100.0,100.0,100.0,100.0,20.0,1.0,3.4,1.0,8.4,7.4,212.25,73.0
Davanagere,B0056 harihara,C2919 rajanahalli,5050 rajanalli,165,44.82,24.76,5050,15.0,78.0,6.6,,,,,,,,,,,,,,,,,,,,,,,,,,,,,
Davanagere,B0062 honnali,C0080 arakere,1182 belimallur,146,28.8,23.34,1182,0.0,65.0,0.51,,,,,,,,,,,,,,,,,,,,,,,,,,,,,
Davanagere,B0062 honnali,C0080 arakere,2628 hiregonigere,180,41.61,26.36,2628,5.0,80.0,3.97,7.0,7.0,100.0,0.0,100.0,546.0,546.0,27.0,20.22,29.63,62.96,100.0,100.0,85.71,85.71,0.0,14.29,85.71,42.86,71.43,85.71,0.0,1.0,3.29,5.71,10.57,9.71,236.5,78.0
Davanagere,B0062 honnali,C0080 arakere,6510 arakere,144,41.22,29.48,6510,0.0,80.0,3.58,4.0,3.0,75.0,25.0,100.0,142.0,105.0,8.0,13.12,50.0,62.5,66.67,100.0,100.0,100.0,0.0,0.0,100.0,66.67,66.67,100.0,0.0,1.33,1.33,2.33,11.67,5.33,238.0,35.0
Davanagere,B0062 honnali,C0192 belaguthi,1157 belaguthi,125,75.12,18.56,1157,50.0,100.0,8.6,,,,,,,,,,,,,,,,,,,,,,,,,,,,,
Davanagere,B0062 honnali,C0192 belaguthi,2197 guddehalli,198,62.8,21.69,2197,35.0,90.0,1.61,4.0,4.0,100.0,0.0,100.0,230.0,230.0,11.0,20.91,9.09,54.55,100.0,100.0,100.0,100.0,50.0,0.0,100.0,25.0,50.0,100.0,0.0,1.5,4.25,2.0,10.25,12.0,239.25,57.5
Davanagere,B0062 honnali,C0192 belaguthi,3498 katthige,179,46.7,31.12,3498,4.0,90.0,11.77,,,,,,,,,,,,,,,,,,,,,,,,,,,,,
Davanagere,B0062 honnali,C0206 benakanahalli,1123 beeragondanahalli,104,38.51,26.88,1123,6.5,78.5,6.48,,,,,,,,,,,,,,,,,,,,,,,,,,,,,
Davanagere,B0062 honnali,C0206 benakanahalli,3324 kammaragatte,171,43.48,31.95,3324,5.0,90.0,11.25,,,,,,,,,,,,,,,,,,,,,,,,,,,,,
Davanagere,B0062 honnali,C0206 benakanahalli,6462 benakanahalli,334,43.34,27.4,6462,5.0,80.0,4.69,4.0,3.0,75.0,25.0,100.0,421.0,192.0,12.0,16.0,41.67,58.33,100.0,100.0,100.0,100.0,0.0,0.0,100.0,33.33,66.67,100.0,33.33,1.33,3.33,3.67,14.0,0.0,240.0,64.0
Davanagere,B0062 honnali,C0345 chiluru,1530 cheeluru,283,37.76,28.41,1530,5.0,80.0,5.41,,,,,,,,,,,,,,,,,,,,,,,,,,,,,
Davanagere,B0062 honnali,C0345 chiluru,1628 chiluru-kadadakatte,49,62.14,29.67,1628,20.0,95.0,0.06,,,,,,,,,,,,,,,,,,,,,,,,,,,,,
Davanagere,B0062 honnali,C0345 chiluru,5576 t gopagondanahalli,139,45.36,30.38,5576,5.0,90.0,-7.04,4.0,4.0,100.0,0.0,100.0,169.0,169.0,10.0,16.9,70.0,70.0,100.0,100.0,100.0,100.0,50.0,25.0,100.0,75.0,100.0,100.0,25.0,1.0,3.75,2.25,12.0,7.0,236.0,42.2
Davanagere,B0062 honnali,C0520 govinakovi,1084 basavanahalli,128,50.98,24.98,1084,15.0,85.0,7.33,4.0,4.0,100.0,0.0,100.0,846.0,846.0,33.0,25.64,39.39,78.79,100.0,100.0,100.0,75.0,50.0,50.0,100.0,50.0,100.0,50.0,0.0,2.5,7.75,1.0,9.0,4.75,236.0,211.5
Davanagere,B0062 honnali,C0520 govinakovi,2170 govinakovi,173,48.47,28.13,2170,10.0,90.0,9.4,4.0,4.0,100.0,0.0,100.0,279.0,279.0,18.0,15.5,55.56,66.67,100.0,100.0,100.0,50.0,0.0,0.0,100.0,0.0,100.0,100.0,50.0,1.0,4.5,2.25,10.0,1.5,242.0,69.8
Davanagere,B0062 honnali,C0520 govinakovi,2450 haralahalli,254,50.83,29.02,2450,10.0,90.0,8.7,3.0,3.0,100.0,0.0,100.0,217.0,217.0,10.0,21.7,80.0,60.0,100.0,100.0,100.0,100.0,0.0,33.33,100.0,33.33,100.0,100.0,0.0,1.67,4.0,4.33,13.33,6.67,241.0,72.3
Davanagere,B0062 honnali,C0520 govinakovi,750 arabagatte,148,56.79,30.7,750,10.0,95.0,12.99,,,,,,,,,,,,,,,,,,,,,,,,,,,,,
Davanagere,B0062 honnali,C0554 h.gopagondanahalli,2272 h gopagondanahalli,347,58.54,26.34,2272,20.0,92.0,9.97,,,,,,,,,,,,,,,,,,,,,,,,,,,,,
Davanagere,B0062 honnali,C0554 h.gopagondanahalli,2437 hanumasagara,91,39.95,29.42,2437,0.0,80.0,-4.51,7.0,7.0,100.0,0.0,100.0,313.0,313.0,22.0,14.23,31.82,77.27,100.0,100.0,71.43,100.0,0.0,0.0,100.0,14.29,100.0,85.71,0.0,1.14,1.71,3.86,11.29,4.86,238.2,44.7
Davanagere,B0062 honnali,C0909 kasaba-ii,2274 h kadadakatte,156,60.16,27.62,2274,20.0,95.0,3.01,7.0,6.0,85.71,14.29,100.0,1484.0,605.0,23.0,26.3,30.43,82.61,83.33,100.0,83.33,100.0,16.67,16.67,100.0,33.33,66.67,66.67,0.0,2.17,3.67,4.67,13.67,2.67,239.5,100.8
Davanagere,B0062 honnali,C0909 kasaba-ii,5489 soraturu,112,37.19,24.89,5489,10.0,70.0,-2.39,,,,,,,,,,,,,,,,,,,,,,,,,,,,,
Davanagere,B0062 honnali,C1060 lingapura,2864 hunasaghatta,84,47.44,21.93,2864,20.0,75.0,-0.35,,,,,,,,,,,,,,,,,,,,,,,,,,,,,
Davanagere,B0062 honnali,C1060 lingapura,3976 kyasinakere,81,50.43,26.47,3976,15.0,85.0,16.97,,,,,,,,,,,,,,,,,,,,,,,,,,,,,
Davanagere,B0062 honnali,C1060 lingapura,4019 lingapura,299,40.7,26.94,4019,5.0,80.0,4.72,4.0,3.0,75.0,25.0,100.0,428.0,284.0,15.0,18.93,33.33,46.67,100.0,100.0,66.67,100.0,0.0,0.0,100.0,66.67,66.67,66.67,0.0,1.0,2.67,2.33,11.0,9.0,236.5,94.7
Davanagere,B0062 honnali,C1324 nyamathi,3545 kenchikoppa,74,51.96,24.85,3545,20.0,90.0,3.26,2.0,2.0,100.0,0.0,100.0,206.0,206.0,10.0,20.6,60.0,80.0,100.0,100.0,100.0,100.0,0.0,0.0,100.0,50.0,100.0,100.0,0.0,1.5,5.0,6.0,15.0,5.0,240.0,103.0
Davanagere,B0062 honnali,C1324 nyamathi,3905 kunkova,277,57.96,29.7,3905,15.0,95.0,11.97,2.0,2.0,100.0,0.0,100.0,231.0,231.0,12.0,19.25,41.67,75.0,100.0,100.0,50.0,100.0,0.0,0.0,100.0,100.0,100.0,100.0,0.0,1.5,10.5,2.0,8.5,8.5,123.5,115.5
Davanagere,B0062 honnali,C1327 odeyarahathuru,2046 ganganakote,132,51.33,26.22,2046,15.5,90.0,8.34,10.0,9.0,90.0,10.0,100.0,355.0,111.0,19.0,5.84,15.79,63.16,100.0,100.0,88.89,88.89,11.11,0.0,100.0,44.44,66.67,88.89,0.0,1.0,1.44,5.78,10.67,8.0,240.22,12.3
Davanagere,B0062 honnali,C1327 odeyarahathuru,5942 vadeyara hattur,159,36.51,25.61,5942,5.0,75.0,5.77,,,,,,,,,,,,,,,,,,,,,,,,,,,,,
Davanagere,B0062 honnali,C1458 sasvehalli,213009627 sasvehalli,162,42.13,25.95,213009627,10.0,80.0,4.16,11.0,8.0,72.73,27.27,100.0,1662.0,1061.0,45.0,23.58,55.56,60.0,100.0,100.0,75.0,87.5,37.5,25.0,100.0,37.5,62.5,62.5,25.0,1.0,4.0,2.88,14.12,8.88,242.17,132.6
Davanagere,B0062 honnali,C1458 sasvehalli,3858 kulagatte,133,54.59,29.06,3858,10.0,90.0,3.17,,,,,,,,,,,,,,,,,,,,,,,,,,,,,
Davanagere,B0062 honnali,C1458 sasvehalli,6266 rampura,64,44.61,26.66,6266,11.5,83.5,9.84,,,,,,,,,,,,,,,,,,,,,,,,,,,,,
Davanagere,B0062 honnali,C1465 savalanga,1650 chinnikatte,322,56.72,21.89,1650,30.0,85.0,3.05,11.0,11.0,100.0,0.0,100.0,399.0,399.0,31.0,12.87,45.16,61.29,100.0,100.0,100.0,81.82,18.18,0.0,100.0,18.18,100.0,72.73,0.0,1.09,2.45,2.45,9.55,7.55,242.22,36.3
Davanagere,B0062 honnali,C1465 savalanga,5274 savalanga,340,58.85,23.77,5274,25.0,90.0,-1.56,10.0,9.0,90.0,10.0,100.0,619.0,591.0,31.0,19.06,41.94,51.61,100.0,100.0,88.89,100.0,55.56,11.11,100.0,11.11,88.89,88.89,33.33,1.22,3.78,2.56,9.78,4.89,199.0,65.7
Davanagere,B0062 honnali,C1548 surahonne,1521 chatnahalli,214,45.61,27.55,1521,5.0,85.0,1.19,,,,,,,,,,,,,,,,,,,,,,,,,,,,,
Davanagere,B0062 honnali,C1548 surahonne,4934 palavanahalli,160,41.5,25.83,4934,10.0,75.5,4.42,5.0,4.0,80.0,20.0,100.0,148.0,96.0,11.0,8.73,9.09,63.64,100.0,100.0,75.0,100.0,0.0,0.0,100.0,50.0,75.0,100.0,0.0,1.25,2.25,2.25,9.0,9.25,218.0,24.0
Davanagere,B0062 honnali,C1548 surahonne,5558 surahonne,355,41.65,26.81,5558,10.0,80.0,5.58,5.0,3.0,60.0,40.0,100.0,775.0,477.0,23.0,20.74,52.17,65.22,100.0,100.0,100.0,100.0,66.67,33.33,100.0,33.33,100.0,100.0,33.33,1.33,8.33,6.0,9.67,8.0,236.33,159.0
Davanagere,B0062 honnali,C1548 surahonne,6103 yaraganal,295,51.56,26.83,6103,15.0,90.0,-0.11,,,,,,,,,,,,,,,,,,,,,,,,,,,,,
Davanagere,B0062 honnali,C1575 taraganahalli,4340 masadi,221,60.16,24.83,4340,25.0,90.0,5.33,8.0,7.0,87.5,12.5,100.0,857.0,465.0,19.0,24.47,63.16,68.42,100.0,100.0,71.43,100.0,14.29,28.57,100.0,42.86,85.71,100.0,14.29,1.14,4.29,4.14,9.86,6.0,239.0,66.4
Davanagere,B0062 honnali,C1575 taraganahalli,5719 thimlapura,100,46.35,25.78,5719,10.0,80.5,2.82,,,,,,,,,,,,,,,,,,,,,,,,,,,,,
Davanagere,B0062 honnali,C1718 yakkanahalli,1043 bannikodu,156,52.72,25.38,1043,20.0,87.5,-1.13,3.0,3.0,100.0,0.0,100.0,346.0,346.0,15.0,23.07,33.33,86.67,100.0,100.0,100.0,100.0,0.0,0.0,100.0,100.0,100.0,100.0,33.33,2.0,5.0,2.33,15.0,8.67,238.67,115.3
Davanagere,B0062 honnali,C1718 yakkanahalli,3861 kulambi,204,41.42,26.96,3861,10.0,80.0,-0.38,3.0,2.0,66.67,33.33,100.0,364.0,195.0,9.0,21.67,55.56,66.67,100.0,100.0,50.0,100.0,50.0,50.0,100.0,100.0,100.0,50.0,0.0,1.5,6.0,1.0,15.0,5.0,244.0,97.5
Davanagere,B0062 honnali,C1718 yakkanahalli,6060 yakkanahalli,37,43.38,27.18,6060,10.0,80.0,5.71,5.0,5.0,100.0,0.0,100.0,228.0,228.0,12.0,19.0,25.0,58.33,100.0,100.0,60.0,80.0,40.0,0.0,100.0,60.0,80.0,100.0,20.0,1.4,3.6,4.0,11.0,2.8,236.33,45.6
Davanagere,B0062 honnali,C1999 doddagarudanahalli,6274 hosahalli,126,58.53,27.91,6274,15.0,90.0,6.98,7.0,6.0,85.71,14.29,100.0,384.0,160.0,17.0,9.41,29.41,64.71,83.33,100.0,83.33,100.0,0.0,0.0,100.0,33.33,100.0,66.67,0.0,1.17,2.33,4.33,11.83,5.67,240.0,26.7
Davanagere,B0062 honnali,C2338 kunduru,3871 kumbaluru,155,35.68,27.96,3871,0.0,75.0,12.72,,,,,,,,,,,,,,,,,,,,,,,,,,,,,
Davanagere,B0062 honnali,C2338 kunduru,3896 kunduru,58,44.91,23.14,3896,13.5,75.0,10.3,5.0,3.0,60.0,40.0,100.0,774.0,493.0,23.0,21.43,30.43,73.91,100.0,100.0,66.67,100.0,0.0,0.0,100.0,100.0,66.67,66.67,0.0,1.67,10.67,7.33,8.0,9.33,243.5,164.3
Davanagere,B0062 honnali,C2338 kunduru,4538 mukthenahalli,77,40.71,27.3,4538,8.0,77.0,15.99,,,,,,,,,,,,,,,,,,,,,,,,,,,,,
Davanagere,B0062 honnali,C2871 kasaba-i,2519 hatturu,76,48.88,30.67,2519,2.5,87.5,-0.97,,,,,,,,,,,,,,,,,,,,,,,,,,,,,
Davanagere,B0071 jagalur,C0241 bidarakere,1373 bistuvalli,357,42.2,26.15,1373,5.0,80.0,7.15,11.0,11.0,100.0,0.0,100.0,661.0,661.0,28.0,23.61,53.57,32.14,100.0,100.0,36.36,100.0,9.09,0.0,100.0,72.73,100.0,90.91,0.0,1.0,2.18,0.82,8.27,6.91,235.44,60.1
Davanagere,B0071 jagalur,C0241 bidarakere,6545 bidarakere,548,28.88,24.91,6545,0.0,66.5,9.52,,,,,,,,,,,,,,,,,,,,,,,,,,,,,
Davanagere,B0071 jagalur,C0251 bilichodu,1343 bilichodu,393,45.1,27.93,1343,10.0,85.0,5.09,8.0,7.0,87.5,12.5,100.0,743.0,589.0,27.0,21.81,59.26,59.26,100.0,100.0,71.43,100.0,14.29,0.0,100.0,42.86,100.0,85.71,28.57,1.14,2.43,2.43,11.71,7.0,202.0,84.1
Davanagere,B0071 jagalur,C0251 bilichodu,2283 haalekal,396,43.71,28.42,2283,5.0,85.0,3.01,,,,,,,,,,,,,,,,,,,,,,,,,,,,,
Davanagere,B0071 jagalur,C0406 devikere,1817 devikere,731,33.07,27.77,1817,0.0,75.0,-1.88,10.0,10.0,100.0,0.0,100.0,643.0,643.0,27.0,23.81,37.04,44.44,100.0,100.0,50.0,100.0,10.0,10.0,100.0,90.0,80.0,100.0,11.11,1.0,3.4,0.9,20.5,9.3,239.33,64.3
Davanagere,B0071 jagalur,C0549 guthidurga,2266 guttidurga,530,42.32,29.12,2266,5.0,85.0,3.05,15.0,15.0,100.0,0.0,100.0,671.0,671.0,37.0,18.14,29.73,54.05,100.0,100.0,80.0,93.33,6.67,6.67,100.0,60.0,93.33,93.33,0.0,1.0,2.2,1.2,11.6,5.8,235.23,44.7
Davanagere,B0071 jagalur,C0604 hanumanthapura,2432 hanumantapura,312,32.44,23.46,2432,5.0,70.0,6.47,,,,,,,,,,,,,,,,,,,,,,,,,,,,,
Davanagere,B0071 jagalur,C0704 hosakere,2790 hosakere,228,31.49,26.46,2790,0.0,70.0,-5.0,9.0,9.0,100.0,0.0,100.0,736.0,736.0,34.0,21.65,41.18,50.0,100.0,100.0,44.44,88.89,22.22,11.11,100.0,55.56,100.0,100.0,0.0,1.11,2.78,2.22,9.22,6.89,238.4,81.8
Davanagere,B0071 jagalur,C0704 hosakere,3975 kyasenahalli,268,34.65,28.15,3975,0.0,75.0,1.91,8.0,8.0,100.0,0.0,100.0,734.0,734.0,24.0,30.58,37.5,66.67,100.0,100.0,62.5,100.0,12.5,0.0,100.0,37.5,100.0,100.0,0.0,1.0,2.62,1.0,8.62,6.25,200.33,91.8
Davanagere,B0071 jagalur,C1236 musturu,3276 kalledevarapura,431,45.77,27.53,3276,10.0,85.0,2.96,5.0,5.0,100.0,0.0,100.0,401.0,401.0,19.0,21.11,52.63,63.16,100.0,100.0,60.0,100.0,0.0,20.0,100.0,60.0,100.0,100.0,0.0,1.0,2.2,0.6,12.8,6.0,241.2,80.2
Davanagere,B0071 jagalur,C1236 musturu,4586 mustooru,220,39.8,27.32,4586,5.0,75.0,3.12,,,,,,,,,,,,,,,,,,,,,,,,,,,,,
Davanagere,B0071 jagalur,C1518 sokke,2262 gurusiddapura,514,34.94,28.11,2262,0.0,75.0,1.75,7.0,7.0,100.0,0.0,100.0,603.0,603.0,21.0,28.71,57.14,61.9,100.0,100.0,28.57,100.0,0.0,0.0,100.0,28.57,100.0,100.0,0.0,1.0,4.14,1.0,6.14,12.86,235.0,86.1
Davanagere,B0071 jagalur,C1518 sokke,5447 sokke,344,44.88,26.69,5447,10.0,85.0,-0.25,7.0,5.0,71.43,28.57,100.0,895.0,551.0,25.0,22.04,40.0,60.0,100.0,100.0,80.0,100.0,0.0,20.0,100.0,80.0,100.0,100.0,0.0,1.2,7.4,3.2,7.0,3.6,242.5,110.2
Davanagere,B0071 jagalur,C2010 donnehalli,1937 donehalli,193,35.05,24.24,1937,5.0,70.0,0.42,,,,,,,,,,,,,,,,,,,,,,,,,,,,,
Davanagere,B0071 jagalur,C2010 donnehalli,5797 toranagatte,182,41.9,26.97,5797,5.0,75.0,4.63,,,,,,,,,,,,,,,,,,,,,,,,,,,,,
Davanagere,B0071 jagalur,C2162 huchangipura,1085 basavanakote,262,48.51,27.81,1085,10.0,85.0,2.16,7.0,6.0,85.71,14.29,100.0,445.0,432.0,23.0,18.78,47.83,56.52,100.0,100.0,66.67,100.0,16.67,16.67,100.0,83.33,100.0,83.33,0.0,1.0,4.5,0.33,5.83,5.33,241.0,72.0
Davanagere,B0071 jagalur,C2162 huchangipura,1845 diddigi,240,56.27,27.0,1845,20.0,90.0,9.47,,,,,,,,,,,,,,,,,,,,,,,,,,,,,
Davanagere,B0071 jagalur,C2530 pallagatte,4938 pallagatte,161,43.04,23.47,4938,10.0,75.0,1.96,9.0,8.0,88.89,11.11,100.0,873.0,570.0,26.0,21.92,30.77,65.38,100.0,100.0,75.0,100.0,0.0,12.5,100.0,50.0,87.5,100.0,0.0,1.12,2.5,0.62,11.0,11.25,238.57,71.2
Davanagere,B0071 jagalur,C2530 pallagatte,813 asagodu,297,42.15,24.18,813,10.0,75.0,0.59,9.0,8.0,88.89,11.11,100.0,604.0,469.0,26.0,18.04,15.38,42.31,100.0,100.0,75.0,100.0,25.0,0.0,100.0,50.0,87.5,100.0,0.0,1.0,3.25,0.62,10.5,5.38,240.71,58.6
Davanagere,B0071 jagalur,C2775 anabooru,676 anabur,243,29.59,25.98,676,0.0,69.0,4.82,15.0,15.0,100.0,0.0,100.0,695.0,695.0,35.0,19.86,22.86,42.86,100.0,100.0,46.67,100.0,6.67,0.0,100.0,80.0,86.67,93.33,0.0,1.0,1.93,0.33,7.27,5.87,210.0,46.3
Davanagere,B0071 jagalur,C2848 hiremallanahole,2661 hiremallanahole,233,35.71,28.52,2661,0.0,75.0,-0.58,13.0,11.0,84.62,15.38,100.0,715.0,538.0,27.0,19.93,55.56,51.85,100.0,100.0,36.36,100.0,9.09,0.0,100.0,36.36,90.91,100.0,0.0,1.0,2.36,1.36,7.09,5.55,241.71,48.9
Davanagere,B0071 jagalur,C2873 kechenahalli,3517 kechchenahalli,205,22.07,21.28,3517,0.0,55.0,1.24,,,,,,,,,,,,,,,,,,,,,,,,,,,,,
Dharwad,B0041 dharwad,C0039 alnavar,1208 benachi,539,59.71,29.68,1208,15.0,95.0,1.47,5.0,5.0,100.0,0.0,100.0,481.0,481.0,18.0,26.72,55.56,77.78,100.0,80.0,80.0,80.0,0.0,20.0,80.0,60.0,80.0,80.0,0.0,1.8,4.8,0.0,2.0,3.8,242.0,96.2
Dharwad,B0041 dharwad,C0039 alnavar,3145 kadabagatti,486,76.11,23.06,3145,40.0,100.0,0.89,5.0,5.0,100.0,0.0,100.0,540.0,540.0,19.0,28.42,47.37,68.42,100.0,100.0,80.0,100.0,0.0,0.0,100.0,100.0,100.0,60.0,0.0,1.6,4.4,0.0,6.0,4.8,243.75,108.0
Dharwad,B0041 dharwad,C0049 aminabhavi,2482 harobeladhadi,249,74.86,17.8,2482,50.0,95.0,2.24,,,,,,,,,,,,,,,,,,,,,,,,,,,,,
Dharwad,B0041 dharwad,C0049 aminabhavi,3347 kanakur,647,79.0,22.69,3347,45.0,100.0,0.92,9.0,8.0,88.89,11.11,100.0,973.0,906.0,42.0,21.57,71.43,57.14,100.0,100.0,50.0,100.0,0.0,12.5,100.0,100.0,100.0,75.0,0.0,1.38,3.38,1.38,3.88,6.38,240.4,113.2
Dharwad,B0041 dharwad,C0049 aminabhavi,4311 marevad,565,43.53,27.13,4311,5.0,80.0,4.76,,,,,,,,,,,,,,,,,,,,,,,,,,,,,
Dharwad,B0041 dharwad,C0049 aminabhavi,6375 karadigudda,630,56.51,25.79,6375,20.0,90.0,1.0,2.0,2.0,100.0,0.0,100.0,543.0,543.0,16.0,33.94,56.25,75.0,100.0,100.0,50.0,100.0,0.0,0.0,100.0,100.0,100.0,100.0,50.0,3.0,7.0,0.0,9.0,11.0,243.0,271.5
Dharwad,B0041 dharwad,C0049 aminabhavi,667 amminabhavi,531,70.66,23.12,667,40.0,95.0,-5.24,,,,,,,,,,,,,,,,,,,,,,,,,,,,,
Dharwad,B0041 dharwad,C0492 garag,2067 garag,553,53.54,29.01,2067,10.0,90.0,9.13,8.0,6.0,75.0,25.0,100.0,1626.0,1051.0,25.0,42.04,68.0,60.0,100.0,100.0,50.0,83.33,50.0,16.67,83.33,100.0,100.0,83.33,16.67,2.0,4.5,0.17,6.0,5.67,240.2,175.2
Dharwad,B0041 dharwad,C0492 garag,2422 hangarki,377,61.8,25.29,2422,25.0,90.0,-0.29,3.0,2.0,66.67,33.33,100.0,405.0,305.0,13.0,23.46,61.54,69.23,100.0,100.0,100.0,100.0,0.0,0.0,100.0,100.0,100.0,100.0,0.0,1.5,8.5,1.0,7.0,6.0,242.0,152.5
Dharwad,B0041 dharwad,C0492 garag,6454 belur,204,66.99,20.13,6454,40.0,90.0,-1.66,4.0,3.0,75.0,25.0,100.0,1190.0,524.0,16.0,32.75,62.5,50.0,100.0,100.0,66.67,100.0,100.0,33.33,100.0,100.0,100.0,100.0,0.0,3.67,6.33,5.33,13.0,7.33,239.67,174.7
Dharwad,B0041 dharwad,C0634 hebballi,4306 mardgi,212,81.6,17.53,4306,55.0,100.0,1.38,,,,,,,,,,,,,,,,,,,,,,,,,,,,,
Dharwad,B0041 dharwad,C0634 hebballi,5377 shivalli,464,61.02,19.66,5377,35.0,85.0,6.13,2.0,1.0,50.0,50.0,100.0,409.0,344.0,13.0,26.46,69.23,76.92,100.0,100.0,100.0,100.0,0.0,0.0,100.0,100.0,100.0,100.0,0.0,1.0,9.0,0.0,8.0,10.0,240.0,344.0
Dharwad,B0041 dharwad,C0634 hebballi,6293 hebballi,721,78.34,19.76,6293,50.0,100.0,-7.99,7.0,7.0,100.0,0.0,100.0,2072.0,2072.0,79.0,26.23,72.15,86.08,100.0,100.0,85.71,100.0,28.57,42.86,57.14,85.71,100.0,57.14,20.0,3.29,7.57,2.71,13.29,5.14,242.0,296.0
Dharwad,B0041 dharwad,C0691 honnapur,2749 honnapur,485,62.47,26.37,2749,20.0,90.0,-1.82,7.0,7.0,100.0,0.0,100.0,564.0,564.0,23.0,24.52,56.52,73.91,100.0,100.0,85.71,100.0,14.29,0.0,57.14,100.0,85.71,85.71,0.0,1.43,3.29,1.29,7.71,6.29,237.5,80.6
Dharwad,B0041 dharwad,C0691 honnapur,785 aravatgi,523,78.96,18.76,785,55.0,100.0,4.98,,,,,,,,,,,,,,,,,,,,,,,,,,,,,
Dharwad,B0041 dharwad,C1120 managundi,4213 managundi,610,59.21,24.03,4213,25.0,90.0,7.01,3.0,3.0,100.0,0.0,100.0,546.0,546.0,22.0,24.82,59.09,59.09,100.0,100.0,33.33,100.0,33.33,0.0,100.0,100.0,100.0,100.0,0.0,2.67,5.0,0.33,4.33,9.33,208.0,182.0
Dharwad,B0041 dharwad,C1120 managundi,4272 mansur,495,81.7,15.76,4272,60.0,100.0,4.05,,,,,,,,,,,,,,,,,,,,,,,,,,,,,
Dharwad,B0041 dharwad,C1120 managundi,4851 nigadi,243,79.59,17.65,4851,55.0,100.0,-0.3,5.0,4.0,80.0,20.0,100.0,662.0,586.0,26.0,22.54,84.62,69.23,100.0,100.0,50.0,100.0,25.0,0.0,100.0,100.0,100.0,75.0,25.0,2.75,6.0,0.5,5.0,3.75,242.33,146.5
Dharwad,B0041 dharwad,C1120 managundi,6115 yarikoppa,566,79.76,18.25,6115,55.0,100.0,3.44,,,,,,,,,,,,,,,,,,,,,,,,,,,,,
Dharwad,B0041 dharwad,C1217 mugad,4232 mandihal,471,75.17,20.8,4232,45.0,100.0,4.73,5.0,5.0,100.0,0.0,100.0,447.0,447.0,22.0,20.32,63.64,59.09,100.0,100.0,100.0,100.0,0.0,0.0,60.0,100.0,80.0,100.0,0.0,1.6,3.8,0.4,6.0,6.2,125.0,89.4
Dharwad,B0041 dharwad,C1217 mugad,4522 mugad,491,72.6,23.21,4522,35.0,100.0,5.36,4.0,3.0,75.0,25.0,100.0,624.0,496.0,19.0,26.11,78.95,57.89,100.0,100.0,66.67,100.0,33.33,0.0,100.0,100.0,66.67,66.67,0.0,2.0,5.67,0.0,5.33,8.0,242.0,165.3
Dharwad,B0041 dharwad,C1217 mugad,6297 kalkeri,508,77.8,17.85,6297,53.5,95.0,1.36,,,,,,,,,,,,,,,,,,,,,,,,,,,,,
Dharwad,B0041 dharwad,C1223 mummigatti,1592 chikkamalligwad,521,50.96,25.99,1592,15.0,85.0,5.29,,,,,,,,,,,,,,,,,,,,,,,,,,,,,
Dharwad,B0041 dharwad,C1223 mummigatti,3973 kyarakoppa,474,72.03,21.02,3973,40.0,95.0,4.39,4.0,4.0,100.0,0.0,100.0,1377.0,1377.0,59.0,23.34,54.24,88.14,100.0,100.0,100.0,100.0,75.0,25.0,100.0,100.0,100.0,25.0,0.0,4.0,7.25,1.0,0.5,1.75,238.33,344.2
Dharwad,B0041 dharwad,C1223 mummigatti,4550 mummigatti,571,68.99,23.1,4550,35.0,95.0,2.92,5.0,3.0,60.0,40.0,100.0,1883.0,734.0,29.0,25.31,75.86,86.21,100.0,100.0,66.67,100.0,100.0,33.33,100.0,100.0,100.0,100.0,0.0,2.0,6.67,0.0,6.0,6.0,235.33,244.7
Dharwad,B0041 dharwad,C1223 mummigatti,6454 belur,313,68.95,17.88,6454,50.0,90.0,5.75,4.0,3.0,75.0,25.0,100.0,1190.0,524.0,16.0,32.75,62.5,50.0,100.0,100.0,66.67,100.0,100.0,33.33,100.0,100.0,100.0,100.0,0.0,3.67,6.33,5.33,13.0,7.33,239.67,174.7
Dharwad,B0041 dharwad,C1285 narendra,3938 kurubagatti,601,64.53,22.61,3938,35.0,95.0,4.88,,,,,,,,,,,,,,,,,,,,,,,,,,,,,
Dharwad,B0041 dharwad,C1285 narendra,4028 lokur,587,63.96,22.93,4028,30.0,90.0,6.29,2.0,2.0,100.0,0.0,100.0,701.0,701.0,24.0,29.21,66.67,75.0,100.0,100.0,50.0,100.0,0.0,0.0,100.0,100.0,50.0,100.0,50.0,2.5,8.5,1.5,15.0,2.5,220.0,350.5
Dharwad,B0041 dharwad,C1285 narendra,4750 narendra,747,74.29,20.28,4750,45.0,95.0,-3.47,9.0,8.0,88.89,11.11,100.0,1440.0,964.0,43.0,22.42,81.4,72.09,87.5,100.0,25.0,100.0,25.0,0.0,87.5,100.0,75.0,87.5,0.0,1.38,2.88,1.38,9.75,3.0,237.8,120.5
Dharwad,B0041 dharwad,C1285 narendra,6056 yadvad,339,82.67,12.3,6056,65.0,95.0,7.33,,,,,,,,,,,,,,,,,,,,,,,,,,,,,
Dharwad,B0041 dharwad,C1313 nigdi,1798 devarahubballi,507,75.04,21.78,1798,45.0,95.0,4.26,,,,,,,,,,,,,,,,,,,,,,,,,,,,,
Dharwad,B0041 dharwad,C1313 nigdi,2357 halligeri,618,76.55,20.19,2357,50.0,100.0,0.24,8.0,8.0,100.0,0.0,100.0,893.0,893.0,33.0,27.06,54.55,78.79,100.0,100.0,37.5,100.0,0.0,0.0,87.5,75.0,100.0,100.0,0.0,1.25,3.12,0.75,5.75,4.12,240.25,111.6
Dharwad,B0041 dharwad,C1313 nigdi,4851 nigadi,368,83.46,19.27,4851,55.0,100.0,1.65,5.0,4.0,80.0,20.0,100.0,662.0,586.0,26.0,22.54,84.62,69.23,100.0,100.0,50.0,100.0,25.0,0.0,100.0,100.0,100.0,75.0,25.0,2.75,6.0,0.5,5.0,3.75,242.33,146.5
Dharwad,B0041 dharwad,C1560 tadakod,3787 kotabagi,674,50.63,25.68,3787,15.0,85.0,7.71,4.0,4.0,100.0,0.0,100.0,600.0,600.0,21.0,28.57,52.38,76.19,100.0,100.0,100.0,100.0,25.0,25.0,75.0,100.0,100.0,100.0,25.0,1.0,5.5,0.0,5.5,7.25,241.75,150.0
Dharwad,B0041 dharwad,C1560 tadakod,4072 madanabhavi,641,54.84,28.45,4072,15.0,90.0,6.01,,,,,,,,,,,,,,,,,,,,,,,,,,,,,
Dharwad,B0041 dharwad,C1560 tadakod,5594 tadakod,643,57.6,24.63,5594,20.0,90.0,3.05,,,,,,,,,,,,,,,,,,,,,,,,,,,,,
Dharwad,B0041 dharwad,C1578 tegur,5656 tegur,268,64.66,23.51,5656,30.0,95.0,1.44,11.0,10.0,90.91,9.09,100.0,1610.0,1239.0,50.0,24.78,60.0,72.0,90.0,100.0,90.0,100.0,40.0,0.0,90.0,100.0,100.0,90.0,0.0,1.6,4.5,0.4,4.0,4.9,240.29,123.9
Dharwad,B0041 dharwad,C1578 tegur,6486 kotur,673,77.24,17.64,6486,55.0,95.0,2.95,7.0,5.0,71.43,28.57,100.0,1654.0,1431.0,37.0,38.68,59.46,78.38,100.0,100.0,80.0,80.0,40.0,20.0,80.0,100.0,80.0,40.0,0.0,2.4,7.8,7.4,3.4,3.6,243.0,286.2
Dharwad,B0041 dharwad,C1645 uppina betageri,2482 harobeladhadi,163,78.44,17.94,2482,50.0,100.0,-2.79,,,,,,,,,,,,,,,,,,,,,,,,,,,,,
Dharwad,B0041 dharwad,C1645 uppina betageri,5013 pudakalakatti,394,75.89,21.65,5013,45.0,100.0,2.78,,,,,,,,,,,,,,,,,,,,,,,,,,,,,
Dharwad,B0041 dharwad,C1645 uppina betageri,5914 uppina betageri,571,74.43,19.15,5914,50.0,95.0,10.32,,,,,,,,,,,,,,,,,,,,,,,,,,,,,
Dharwad,B0041 dharwad,C1645 uppina betageri,6056 yadvad,201,77.24,16.81,6056,55.0,95.0,-0.76,,,,,,,,,,,,,,,,,,,,,,,,,,,,,
Dharwad,B0041 dharwad,C1691 veerapur,6657 ramapur,611,66.95,23.74,6657,30.0,95.0,2.21,4.0,4.0,100.0,0.0,100.0,604.0,604.0,18.0,33.56,55.56,61.11,100.0,100.0,75.0,100.0,75.0,25.0,75.0,100.0,100.0,100.0,0.0,1.5,5.75,0.0,4.25,5.5,243.0,151.0
Dharwad,B0041 dharwad,C2029 garag urdu,4306 mardgi,427,79.4,17.92,4306,50.0,100.0,2.53,,,,,,,,,,,,,,,,,,,,,,,,,,,,,
Dharwad,B0041 dharwad,C2029 garag urdu,5656 tegur,461,74.72,19.17,5656,50.0,95.0,3.87,11.0,10.0,90.91,9.09,100.0,1610.0,1239.0,50.0,24.78,60.0,72.0,90.0,100.0,90.0,100.0,40.0,0.0,90.0,100.0,100.0,90.0,0.0,1.6,4.5,0.4,4.0,4.9,240.29,123.9
Dharwad,B0066 hubli,C0082 aralikatti,1527 chebbi,466,78.08,18.37,1527,55.0,95.0,7.27,,,,,,,,,,,,,,,,,,,,,,,,,,,,,
Dharwad,B0066 hubli,C0082 aralikatti,532 agadi,283,56.94,22.93,532,25.0,85.0,3.23,4.0,4.0,100.0,0.0,100.0,434.0,434.0,19.0,22.84,73.68,94.74,100.0,100.0,50.0,100.0,75.0,25.0,100.0,75.0,100.0,100.0,0.0,1.5,4.75,0.5,2.25,5.0,244.0,108.5
Dharwad,B0066 hubli,C0082 aralikatti,6259 b.aralikatti,323,47.96,28.18,6259,10.0,85.0,-5.98,6.0,4.0,66.67,33.33,100.0,464.0,398.0,23.0,17.3,78.26,69.57,100.0,100.0,75.0,100.0,0.0,25.0,100.0,100.0,50.0,75.0,0.0,1.25,6.25,2.0,10.5,3.5,243.0,99.5
Dharwad,B0066 hubli,C0276 byahatti,1432 byahatti,728,73.97,25.33,1432,35.0,100.0,-11.62,8.0,6.0,75.0,25.0,100.0,1000.0,864.0,31.0,27.87,74.19,61.29,100.0,100.0,66.67,83.33,33.33,16.67,66.67,100.0,100.0,83.33,0.0,1.0,7.5,0.83,6.5,5.33,242.17,144.0
Dharwad,B0066 hubli,C0276 byahatti,2543 hebsur,511,80.96,17.8,2543,55.0,100.0,-5.38,4.0,3.0,75.0,25.0,100.0,639.0,466.0,19.0,24.53,68.42,73.68,100.0,100.0,100.0,100.0,33.33,0.0,100.0,100.0,100.0,100.0,0.0,1.33,7.0,0.0,13.33,12.0,240.0,155.3
Dharwad,B0066 hubli,C0276 byahatti,3960 kusugal,529,78.7,17.6,3960,55.0,100.0,0.45,8.0,5.0,62.5,37.5,100.0,1675.0,939.0,29.0,32.38,79.31,62.07,100.0,100.0,60.0,100.0,40.0,0.0,100.0,80.0,80.0,80.0,0.0,2.0,5.6,0.0,10.0,6.6,240.8,187.8
Dharwad,B0066 hubli,C0276 byahatti,5536 sulla,581,64.29,25.95,5536,25.0,95.0,5.9,3.0,2.0,66.67,33.33,100.0,595.0,545.0,18.0,30.28,77.78,61.11,100.0,100.0,100.0,100.0,0.0,0.0,100.0,100.0,100.0,100.0,0.0,1.5,13.0,0.0,9.0,12.0,242.0,272.5
Dharwad,B0066 hubli,C0276 byahatti,6163 kiresur,346,68.22,25.6,6163,30.0,95.0,8.45,1.0,1.0,100.0,0.0,100.0,242.0,242.0,8.0,30.25,87.5,87.5,100.0,100.0,100.0,100.0,100.0,0.0,100.0,100.0,0.0,100.0,0.0,1.0,9.0,0.0,0.0,10.0,240.0,242.0
Dharwad,B0066 hubli,C0914 katnur,1544 chennapur,232,43.47,24.8,1544,10.0,75.0,-1.34,,,,,,,,,,,,,,,,,,,,,,,,,,,,,
Dharwad,B0066 hubli,C0914 katnur,3404 kantur,336,62.75,29.17,3404,20.0,95.0,-2.37,,,,,,,,,,,,,,,,,,,,,,,,,,,,,
Dharwad,B0066 hubli,C0914 katnur,3423 karadikoppa,392,73.3,20.87,3423,40.5,95.0,3.45,,,,,,,,,,,,,,,,,,,,,,,,,,,,,
Dharwad,B0066 hubli,C1137 mantur,1270 bhandiwad,355,56.8,23.31,1270,25.0,85.0,7.64,,,,,,,,,,,,,,,,,,,,,,,,,,,,,
Dharwad,B0066 hubli,C1137 mantur,2371 halyal,342,78.49,20.62,2371,50.0,100.0,4.93,,,,,,,,,,,,,,,,,,,,,,,,,,,,,
Dharwad,B0066 hubli,C1137 mantur,6643 mantur,310,71.5,22.83,6643,40.0,95.0,5.93,7.0,5.0,71.43,28.57,100.0,773.0,426.0,24.0,17.75,62.5,75.0,100.0,100.0,80.0,100.0,20.0,0.0,100.0,100.0,80.0,80.0,0.0,1.4,4.4,1.2,9.2,7.6,241.6,85.2
Dharwad,B0066 hubli,C1323 noolvi,4890 nulvi,549,57.65,24.92,4890,25.0,90.0,1.31,,,,,,,,,,,,,,,,,,,,,,,,,,,,,
Dharwad,B0066 hubli,C1323 noolvi,518 adargunchi,553,76.45,17.87,518,50.0,95.0,3.98,8.0,4.0,50.0,50.0,100.0,2368.0,664.0,25.0,26.56,76.0,68.0,100.0,100.0,75.0,100.0,25.0,0.0,100.0,100.0,75.0,75.0,0.0,2.75,8.75,0.25,1.5,6.0,241.5,166.0
Dharwad,B0066 hubli,C1323 noolvi,5322 sherewad,420,64.05,22.71,5322,30.0,90.0,5.42,,,,,,,,,,,,,,,,,,,,,,,,,,,,,
Dharwad,B0066 hubli,C1404 raynal,1544 chennapur,103,63.59,24.42,1544,31.0,90.0,-2.39,,,,,,,,,,,,,,,,,,,,,,,,,,,,,
Dharwad,B0066 hubli,C1404 raynal,1794 devaragudihal,537,41.73,25.63,1794,10.0,77.0,9.81,4.0,4.0,100.0,0.0,100.0,771.0,771.0,24.0,32.12,83.33,45.83,100.0,100.0,50.0,100.0,0.0,0.0,75.0,100.0,100.0,75.0,0.0,2.25,4.25,0.75,7.0,4.25,241.0,192.8
Dharwad,B0066 hubli,C1404 raynal,5113 raynal,478,52.76,23.86,5113,20.0,85.0,-1.04,,,,,,,,,,,,,,,,,,,,,,,,,,,,,
Dharwad,B0066 hubli,C1404 raynal,696 anchatageri,572,64.31,24.72,696,25.0,95.0,5.07,,,,,,,,,,,,,,,,,,,,,,,,,,,,,
Dharwad,B0066 hubli,C1489 shirguppi,2954 ingalahalli,345,52.23,27.05,2954,12.0,90.0,5.09,,,,,,,,,,,,,,,,,,,,,,,,,,,,,
Dharwad,B0066 hubli,C1489 shirguppi,3702 koliwad,389,69.73,23.92,3702,35.0,95.0,-2.11,5.0,4.0,80.0,20.0,100.0,374.0,336.0,10.0,33.6,50.0,20.0,100.0,100.0,100.0,100.0,0.0,0.0,100.0,100.0,25.0,75.0,0.0,0.75,4.0,0.0,2.5,6.5,242.0,84.0
Dharwad,B0066 hubli,C1489 shirguppi,5347 shiraguppi,271,68.73,19.04,5347,45.0,90.0,0.49,6.0,4.0,66.67,33.33,100.0,903.0,380.0,18.0,21.11,83.33,77.78,100.0,75.0,25.0,100.0,25.0,25.0,50.0,75.0,50.0,75.0,0.0,3.25,4.25,1.5,11.75,6.5,241.0,95.0
Dharwad,B0066 hubli,C1489 shirguppi,5897 umachagi,211,68.98,22.06,5897,35.0,95.0,4.13,2.0,2.0,100.0,0.0,100.0,251.0,251.0,11.0,22.82,45.45,81.82,100.0,100.0,100.0,50.0,0.0,0.0,100.0,100.0,100.0,100.0,0.0,1.0,10.0,1.0,15.5,5.0,241.0,125.5
Dharwad,B0066 hubli,C1690 varur,5977 varur,400,54.82,24.95,5977,20.0,90.0,7.26,5.0,3.0,60.0,40.0,100.0,788.0,333.0,12.0,27.75,50.0,50.0,100.0,100.0,66.67,100.0,0.0,0.0,100.0,100.0,100.0,100.0,0.0,1.0,6.67,0.33,6.67,3.33,240.0,111.0
Dharwad,B0066 hubli,C1690 varur,950 balagali,511,69.09,22.66,950,35.0,95.0,2.27,,,,,,,,,,,,,,,,,,,,,,,,,,,,,
Dharwad,B0076 kalghatagi,C0381 dastikoppa,1171 belavantar,556,61.38,23.89,1171,30.0,90.0,4.76,5.0,5.0,100.0,0.0,100.0,824.0,824.0,25.0,32.96,40.0,60.0,100.0,100.0,40.0,100.0,0.0,0.0,100.0,80.0,80.0,100.0,20.0,1.4,4.8,0.0,1.2,1.2,242.0,164.8
Dharwad,B0076 kalghatagi,C0381 dastikoppa,4062 madakihonnalli,418,54.29,26.07,4062,18.5,90.0,0.99,,,,,,,,,,,,,,,,,,,,,,,,,,,,,
Dharwad,B0076 kalghatagi,C0381 dastikoppa,6626 dastikoppa,373,65.66,26.11,6626,25.0,95.0,10.72,3.0,3.0,100.0,0.0,100.0,834.0,834.0,26.0,32.08,61.54,76.92,100.0,100.0,66.67,100.0,0.0,0.0,100.0,66.67,66.67,66.67,0.0,6.33,6.33,0.0,3.33,2.33,,278.0
Dharwad,B0076 kalghatagi,C0407 devikoppa,1818 devikoppa,631,48.47,28.32,1818,10.0,85.0,7.62,7.0,6.0,85.71,14.29,100.0,807.0,675.0,24.0,28.12,62.5,66.67,100.0,100.0,83.33,100.0,16.67,0.0,100.0,100.0,100.0,100.0,0.0,1.67,3.0,0.5,3.67,2.0,1.0,112.5
Dharwad,B0076 kalghatagi,C0407 devikoppa,5630 tambur,398,43.93,27.51,5630,10.0,81.5,10.18,8.0,8.0,100.0,0.0,100.0,584.0,584.0,23.0,25.39,39.13,73.91,100.0,100.0,87.5,100.0,12.5,0.0,100.0,100.0,87.5,87.5,0.0,1.5,2.88,1.0,5.88,6.62,237.0,73.0
Dharwad,B0076 kalghatagi,C0448 dumwad,1776 devalingankoppa,445,47.51,25.92,1776,15.0,85.0,8.37,,,,,,,,,,,,,,,,,,,,,,,,,,,,,
Dharwad,B0076 kalghatagi,C0448 dumwad,1838 dhummavad,495,52.02,26.78,1838,15.0,85.0,6.48,,,,,,,,,,,,,,,,,,,,,,,,,,,,,
Dharwad,B0076 kalghatagi,C0448 dumwad,2638 hirehonnihalli,631,63.07,16.79,2638,45.0,90.0,0.9,4.0,4.0,100.0,0.0,100.0,798.0,798.0,22.0,36.27,54.55,81.82,100.0,100.0,75.0,100.0,50.0,25.0,75.0,100.0,100.0,75.0,0.0,2.5,6.25,0.0,7.5,6.0,244.67,199.5
Dharwad,B0076 kalghatagi,C0448 dumwad,3952 kuruvinakoppa,489,54.81,29.23,3952,10.0,95.0,5.04,3.0,3.0,100.0,0.0,100.0,781.0,781.0,26.0,30.04,53.85,76.92,100.0,100.0,100.0,100.0,0.0,33.33,100.0,100.0,100.0,66.67,0.0,2.67,5.67,3.67,6.0,8.33,245.0,260.3
Dharwad,B0076 kalghatagi,C0477 galagi hulakoppa,2003 basavanakoppa,448,59.15,25.6,2003,25.0,90.0,6.02,,,,,,,,,,,,,,,,,,,,,,,,,,,,,
Dharwad,B0076 kalghatagi,C0477 galagi hulakoppa,2027 galagihulakoppa,687,55.17,25.9,2027,20.0,85.0,3.13,,,,,,,,,,,,,,,,,,,,,,,,,,,,,
Dharwad,B0076 kalghatagi,C0487 ganjigatti,2057 ganjigatti,467,49.35,27.43,2057,15.0,85.0,14.43,6.0,5.0,83.33,16.67,100.0,855.0,810.0,26.0,31.15,69.23,76.92,100.0,100.0,100.0,100.0,20.0,20.0,80.0,100.0,100.0,80.0,0.0,2.8,4.4,3.8,9.8,2.6,244.33,162.0
Dharwad,B0076 kalghatagi,C0487 ganjigatti,5560 surashittikoppa,365,51.88,26.22,5560,15.0,85.0,2.15,,,,,,,,,,,,,,,,,,,,,,,,,,,,,
Dharwad,B0076 kalghatagi,C0487 ganjigatti,6169 bhogenagarakoppa,453,55.44,23.69,6169,25.0,85.0,4.6,2.0,2.0,100.0,0.0,100.0,506.0,506.0,12.0,42.17,66.67,75.0,100.0,100.0,100.0,100.0,0.0,0.0,100.0,100.0,50.0,100.0,0.0,1.5,7.0,1.0,5.0,4.0,,253.0
Dharwad,B0076 kalghatagi,C1009 kudalagi,5198 sangameshwar,397,50.01,26.34,5198,15.0,85.0,8.3,3.0,3.0,100.0,0.0,100.0,294.0,294.0,11.0,26.73,81.82,100.0,100.0,100.0,100.0,100.0,33.33,0.0,100.0,100.0,100.0,66.67,0.0,1.33,3.67,0.0,2.67,4.33,244.0,98.0
Dharwad,B0076 kalghatagi,C1009 kudalagi,5532 sulikatti,312,51.39,26.41,5532,10.0,85.0,7.1,8.0,8.0,100.0,0.0,100.0,317.0,317.0,20.0,15.85,35.0,75.0,100.0,100.0,62.5,100.0,25.0,0.0,75.0,100.0,87.5,100.0,0.0,1.12,1.5,0.75,4.38,5.5,202.0,39.6
Dharwad,B0076 kalghatagi,C1189 mishrikoti,4450 mishrikoti,570,42.89,28.01,4450,5.0,85.0,8.93,9.0,5.0,55.56,44.44,100.0,1527.0,742.0,25.0,29.68,80.0,60.0,100.0,100.0,60.0,100.0,80.0,20.0,60.0,100.0,80.0,80.0,0.0,1.8,5.2,2.2,4.6,2.4,240.0,148.4
Dharwad,B0076 kalghatagi,C1189 mishrikoti,5876 ugnikeri,684,62.4,25.13,5876,30.0,95.0,0.93,,,,,,,,,,,,,,,,,,,,,,,,,,,,,
Dharwad,B0076 kalghatagi,C1220 mukkal,1002 bammigatti,326,60.83,23.39,1002,30.0,90.0,4.22,6.0,6.0,100.0,0.0,100.0,704.0,704.0,22.0,32.0,54.55,68.18,100.0,100.0,50.0,100.0,0.0,0.0,100.0,83.33,100.0,83.33,33.33,1.33,4.0,0.0,9.5,8.17,243.0,117.3
Dharwad,B0076 kalghatagi,C1220 mukkal,4536 mukkal,454,62.3,25.25,4536,25.0,90.0,4.71,3.0,3.0,100.0,0.0,100.0,427.0,427.0,15.0,28.47,53.33,86.67,100.0,66.67,100.0,100.0,33.33,0.0,100.0,100.0,100.0,100.0,0.0,1.67,9.0,0.0,8.33,4.0,242.5,142.3
Dharwad,B0076 kalghatagi,C1220 mukkal,5647 tavarageri,466,52.32,25.42,5647,15.0,85.0,0.63,,,,,,,,,,,,,,,,,,,,,,,,,,,,,
Dharwad,B0076 kalghatagi,C1240 muttagi,2009 gabyapur,431,73.94,19.04,2009,50.0,95.0,4.55,,,,,,,,,,,,,,,,,,,,,,,,,,,,,
Dharwad,B0076 kalghatagi,C1240 muttagi,6299 begur,374,69.43,23.43,6299,35.0,95.0,2.39,6.0,6.0,100.0,0.0,100.0,841.0,841.0,24.0,35.04,58.33,79.17,100.0,100.0,100.0,100.0,33.33,16.67,83.33,100.0,83.33,100.0,0.0,1.5,4.17,0.17,2.33,3.0,242.0,140.2
Dharwad,B0076 kalghatagi,C1240 muttagi,6629 muttagi,365,65.99,22.51,6629,35.0,90.0,2.08,4.0,3.0,75.0,25.0,100.0,685.0,536.0,19.0,28.21,78.95,57.89,100.0,100.0,66.67,100.0,33.33,0.0,100.0,100.0,33.33,100.0,0.0,1.33,4.67,0.0,2.67,2.33,244.0,178.7
Dharwad,B0076 kalghatagi,C1558 tabakadhonnali,1126 beeravalli,591,63.27,24.53,1126,25.0,90.0,0.17,4.0,4.0,100.0,0.0,100.0,873.0,873.0,24.0,36.38,58.33,83.33,100.0,100.0,100.0,100.0,0.0,25.0,100.0,100.0,100.0,100.0,0.0,1.25,6.25,0.25,10.5,9.5,226.75,218.2
Dharwad,B0076 kalghatagi,C1558 tabakadhonnali,2001 g hulikatti,491,68.79,22.08,2001,35.0,95.0,0.13,,,,,,,,,,,,,,,,,,,,,,,,,,,,,
Dharwad,B0076 kalghatagi,C1558 tabakadhonnali,3078 jinnur,576,47.11,24.67,3078,10.0,80.0,2.27,3.0,3.0,100.0,0.0,100.0,638.0,638.0,25.0,25.52,44.0,84.0,66.67,100.0,100.0,100.0,0.0,0.0,100.0,100.0,100.0,100.0,0.0,1.0,5.33,0.0,6.33,6.33,241.33,212.7
Dharwad,B0076 kalghatagi,C1558 tabakadhonnali,5577 t honnihalli,327,51.47,24.01,5577,15.0,80.0,10.87,,,,,,,,,,,,,,,,,,,,,,,,,,,,,
Dharwad,B0086 kundagol,C0618 harlapur,2476 harlaapur,471,71.86,21.14,2476,40.0,95.0,3.37,,,,,,,,,,,,,,,,,,,,,,,,,,,,,
Dharwad,B0086 kundagol,C0618 harlapur,3245 kalas,244,59.59,24.36,3245,25.0,85.0,0.67,4.0,4.0,100.0,0.0,100.0,913.0,913.0,18.0,50.72,38.89,61.11,100.0,100.0,50.0,100.0,0.0,0.0,100.0,100.0,100.0,75.0,0.0,1.0,5.75,0.0,7.5,4.75,162.33,228.2
Dharwad,B0086 kundagol,C0653 hiregunjal,213009345 baradwad,248,66.47,24.64,213009345,30.0,95.0,3.72,,,,,,,,,,,,,,,,,,,,,,,,,,,,,
Dharwad,B0086 kundagol,C0653 hiregunjal,2631 hiregunjal,345,62.64,29.06,2631,15.0,95.0,8.44,4.0,3.0,75.0,25.0,100.0,385.0,245.0,9.0,27.22,11.11,55.56,100.0,100.0,66.67,100.0,66.67,66.67,100.0,0.0,0.0,100.0,0.0,1.67,5.33,1.33,4.0,2.33,243.5,81.7
Dharwad,B0086 kundagol,C0653 hiregunjal,5128 rottigiwad,358,71.8,18.67,5128,45.0,95.0,0.95,,,,,,,,,,,,,,,,,,,,,,,,,,,,,
Dharwad,B0086 kundagol,C0749 ingalagi,1233 betadur,394,78.21,19.76,1233,50.0,100.0,5.57,6.0,5.0,83.33,16.67,100.0,894.0,833.0,35.0,23.8,68.57,71.43,100.0,100.0,60.0,100.0,40.0,20.0,100.0,80.0,40.0,60.0,0.0,2.4,2.8,0.4,7.4,4.2,241.33,166.6
Dharwad,B0086 kundagol,C0749 ingalagi,3822 kubihal,500,66.45,28.88,3822,20.0,100.0,8.22,5.0,4.0,80.0,20.0,100.0,515.0,460.0,21.0,21.9,38.1,80.95,100.0,100.0,50.0,100.0,0.0,0.0,75.0,100.0,100.0,75.0,0.0,1.0,6.25,0.0,7.5,3.25,240.5,115.0
Dharwad,B0086 kundagol,C0749 ingalagi,4371 mattigatti,284,67.99,22.67,4371,35.0,95.0,-5.03,5.0,5.0,100.0,0.0,100.0,577.0,577.0,24.0,24.04,33.33,83.33,100.0,100.0,60.0,100.0,40.0,20.0,100.0,100.0,60.0,60.0,0.0,1.6,4.2,0.0,4.2,4.6,240.0,115.4
Dharwad,B0086 kundagol,C0749 ingalagi,6195 ingalagi,486,53.34,27.82,6195,10.0,90.0,9.95,6.0,5.0,83.33,16.67,100.0,598.0,479.0,26.0,18.42,61.54,65.38,100.0,100.0,40.0,100.0,0.0,0.0,100.0,100.0,20.0,60.0,0.0,1.0,4.6,0.2,7.2,3.4,235.75,95.8
Dharwad,B0086 kundagol,C0749 ingalagi,6560 malali,326,46.66,26.67,6560,10.0,85.0,3.39,4.0,3.0,75.0,25.0,100.0,476.0,382.0,13.0,29.38,76.92,76.92,100.0,100.0,66.67,100.0,0.0,0.0,100.0,100.0,100.0,100.0,0.0,1.67,6.33,0.67,8.0,5.33,170.0,127.3
Dharwad,B0086 kundagol,C0862 kamadolli,2636 hireharakuni,404,71.06,22.22,2636,40.0,95.0,3.84,,,,,,,,,,,,,,,,,,,,,,,,,,,,,
Dharwad,B0086 kundagol,C0862 kamadolli,3303 kamadolli,429,53.61,19.79,3303,30.0,80.0,2.96,6.0,4.0,66.67,33.33,100.0,844.0,618.0,20.0,30.9,70.0,90.0,100.0,100.0,75.0,100.0,0.0,0.0,100.0,100.0,100.0,75.0,0.0,1.0,7.75,0.5,10.25,8.75,119.5,154.5
Dharwad,B0086 kundagol,C0862 kamadolli,879 b.tarlgatta,486,76.1,21.76,879,50.0,100.0,1.49,,,,,,,,,,,,,,,,,,,,,,,,,,,,,
Dharwad,B0086 kundagol,C1029 kundagol,1784 devanur,400,62.08,25.69,1784,25.0,90.5,2.89,3.0,3.0,100.0,0.0,100.0,305.0,305.0,12.0,25.42,33.33,75.0,100.0,100.0,33.33,100.0,0.0,0.0,100.0,100.0,66.67,66.67,0.0,1.33,6.67,4.0,6.0,5.67,236.0,101.7
Dharwad,B0086 kundagol,C1029 kundagol,2203 gudenakatti,403,70.87,18.8,2203,50.0,90.0,6.48,4.0,4.0,100.0,0.0,100.0,576.0,576.0,17.0,33.88,47.06,100.0,100.0,100.0,75.0,100.0,25.0,25.0,100.0,75.0,100.0,100.0,25.0,1.0,5.75,0.25,5.0,3.0,234.0,144.0
Dharwad,B0086 kundagol,C1029 kundagol,5367 shirur,243,61.3,22.9,5367,30.0,90.0,10.69,2.0,2.0,100.0,0.0,100.0,216.0,216.0,8.0,27.0,62.5,62.5,100.0,100.0,50.0,100.0,0.0,0.0,100.0,100.0,50.0,50.0,0.0,1.0,7.0,0.0,9.5,9.0,240.0,108.0
Dharwad,B0086 kundagol,C1463 saunshi,5270 saushi,502,45.67,26.04,5270,10.0,80.0,-0.82,,,,,,,,,,,,,,,,,,,,,,,,,,,,,
Dharwad,B0086 kundagol,C1463 saunshi,6151 yerebudhihal,464,65.72,26.24,6151,26.5,100.0,0.19,,,,,,,,,,,,,,,,,,,,,,,,,,,,,
Dharwad,B0086 kundagol,C1463 saunshi,6162 pashupathihal,340,61.51,25.23,6162,25.0,90.0,7.26,,,,,,,,,,,,,,,,,,,,,,,,,,,,,
Dharwad,B0086 kundagol,C1463 saunshi,6233 chakalabbi,86,79.01,13.48,6233,60.0,95.0,0.51,4.0,4.0,100.0,0.0,100.0,450.0,450.0,24.0,18.75,45.83,79.17,100.0,100.0,100.0,100.0,0.0,0.0,100.0,75.0,100.0,75.0,0.0,1.5,4.5,0.25,7.0,6.75,188.75,112.5
Dharwad,B0086 kundagol,C1745 yelival,2263 guruvinahalli,274,69.0,21.2,2263,41.5,95.0,-0.93,2.0,2.0,100.0,0.0,100.0,202.0,202.0,7.0,28.86,42.86,100.0,100.0,100.0,50.0,100.0,0.0,0.0,100.0,100.0,100.0,100.0,0.0,1.0,6.5,0.0,0.0,0.0,221.0,101.0
Dharwad,B0086 kundagol,C1745 yelival,5074 ramanakoppa,294,61.26,23.77,5074,25.0,90.0,2.29,4.0,4.0,100.0,0.0,100.0,407.0,407.0,18.0,22.61,44.44,66.67,100.0,100.0,50.0,100.0,0.0,0.0,100.0,50.0,25.0,100.0,0.0,1.25,5.5,0.75,5.25,3.75,121.0,101.8
Dharwad,B0086 kundagol,C1745 yelival,6138 yeliwal,477,62.13,27.56,6138,20.0,95.0,1.11,4.0,3.0,75.0,25.0,100.0,665.0,345.0,15.0,23.0,40.0,93.33,100.0,33.33,66.67,100.0,0.0,0.0,100.0,100.0,66.67,66.67,0.0,0.67,5.67,0.0,3.33,0.0,239.5,115.0
Dharwad,B0086 kundagol,C1752 yerguppi,2673 hirenarti,469,63.4,25.15,2673,25.0,90.0,-0.09,3.0,3.0,100.0,0.0,100.0,339.0,339.0,14.0,24.21,42.86,71.43,100.0,100.0,66.67,100.0,0.0,0.0,100.0,100.0,100.0,100.0,0.0,1.67,7.0,0.67,12.67,2.33,232.0,113.0
Dharwad,B0086 kundagol,C1752 yerguppi,6149 yeraguppi,276,69.46,21.32,6149,40.0,95.0,4.93,6.0,5.0,83.33,16.67,100.0,490.0,336.0,20.0,16.8,60.0,45.0,100.0,100.0,60.0,100.0,20.0,0.0,100.0,100.0,80.0,80.0,0.0,1.0,3.2,2.4,17.6,4.8,237.5,67.2
Dharwad,B0086 kundagol,C1752 yerguppi,6233 chakalabbi,186,59.01,23.49,6233,22.5,90.0,4.58,4.0,4.0,100.0,0.0,100.0,450.0,450.0,24.0,18.75,45.83,79.17,100.0,100.0,100.0,100.0,0.0,0.0,100.0,75.0,100.0,75.0,0.0,1.5,4.5,0.25,7.0,6.75,188.75,112.5
Dharwad,B0086 kundagol,C2045 gudageri,2164 goudageri,481,80.31,15.64,2164,60.0,100.0,1.6,4.0,4.0,100.0,0.0,100.0,637.0,637.0,22.0,28.95,18.18,59.09,100.0,75.0,75.0,100.0,0.0,0.0,100.0,75.0,75.0,100.0,25.0,1.25,6.5,0.0,10.5,3.75,243.33,159.2
Dharwad,B0086 kundagol,C2045 gudageri,2186 gudageri,403,62.31,28.51,2186,20.0,95.0,10.14,8.0,6.0,75.0,25.0,100.0,1431.0,1057.0,33.0,32.03,51.52,66.67,100.0,100.0,16.67,100.0,16.67,16.67,83.33,100.0,100.0,83.33,33.33,1.17,5.67,0.67,16.67,4.17,239.8,176.2
Dharwad,B0106 navalgund,C0072 annigeri 2,1257 bhadrapur,339,44.53,27.75,1257,9.0,80.0,4.7,4.0,4.0,100.0,0.0,100.0,551.0,551.0,22.0,25.05,54.55,50.0,100.0,100.0,75.0,75.0,50.0,0.0,100.0,75.0,50.0,75.0,0.0,1.0,4.75,0.5,7.25,5.75,239.33,137.8
Dharwad,B0106 navalgund,C0072 annigeri 2,2359 hallikeri (d),447,68.39,24.45,2359,30.0,95.0,-5.31,4.0,3.0,75.0,25.0,100.0,465.0,346.0,16.0,21.62,37.5,56.25,100.0,100.0,33.33,100.0,0.0,0.0,100.0,100.0,33.33,66.67,0.0,0.67,1.33,0.33,2.0,1.33,240.0,115.3
Dharwad,B0106 navalgund,C0072 annigeri 2,4764 navalli,185,59.43,23.96,4764,25.0,90.0,2.88,4.0,3.0,75.0,25.0,100.0,332.0,271.0,11.0,24.64,63.64,45.45,100.0,100.0,100.0,100.0,100.0,0.0,100.0,100.0,100.0,100.0,0.0,1.0,5.33,0.33,9.33,4.0,242.0,90.3
Dharwad,B0106 navalgund,C0072 annigeri 2,5257 saswihalli,168,63.3,22.28,5257,35.0,90.0,4.89,4.0,4.0,100.0,0.0,100.0,281.0,281.0,14.0,20.07,21.43,78.57,100.0,100.0,50.0,100.0,0.0,0.0,100.0,100.0,50.0,75.0,0.0,1.0,6.75,0.0,5.0,3.25,242.0,70.2
Dharwad,B0106 navalgund,C0089 arekurahatti,1181 belhar,197,56.7,28.75,1181,15.0,90.0,-0.51,,,,,,,,,,,,,,,,,,,,,,,,,,,,,
Dharwad,B0106 navalgund,C0089 arekurahatti,3249 kalavad,410,51.02,26.02,3249,15.0,90.0,-2.87,,,,,,,,,,,,,,,,,,,,,,,,,,,,,
Dharwad,B0106 navalgund,C0089 arekurahatti,5373 shishvihalli,260,52.33,23.32,5373,20.0,85.0,-3.68,,,,,,,,,,,,,,,,,,,,,,,,,,,,,
Dharwad,B0106 navalgund,C0089 arekurahatti,6091 yamanur,645,50.32,27.52,6091,10.0,85.0,6.79,,,,,,,,,,,,,,,,,,,,,,,,,,,,,
Dharwad,B0106 navalgund,C0539 gummagol,2233 gummagol,529,57.19,25.75,2233,15.0,90.0,1.2,,,,,,,,,,,,,,,,,,,,,,,,,,,,,
Dharwad,B0106 navalgund,C0539 gummagol,5350 shirakol,384,51.37,27.31,5350,15.0,90.0,11.11,4.0,4.0,100.0,0.0,100.0,444.0,444.0,17.0,26.12,70.59,76.47,100.0,75.0,75.0,100.0,25.0,0.0,100.0,75.0,100.0,75.0,0.0,1.25,3.0,5.5,8.5,8.0,131.5,111.0
Dharwad,B0106 navalgund,C0539 gummagol,6319 shirur,444,70.68,24.06,6319,31.5,95.0,4.91,3.0,3.0,100.0,0.0,100.0,465.0,465.0,18.0,25.83,55.56,55.56,100.0,100.0,100.0,100.0,66.67,0.0,100.0,100.0,100.0,100.0,0.0,1.0,5.67,0.33,4.0,3.33,250.0,155.0
Dharwad,B0106 navalgund,C0789 javoor,2353 halkusugal,446,38.06,27.21,2353,5.0,80.0,7.34,,,,,,,,,,,,,,,,,,,,,,,,,,,,,
Dharwad,B0106 navalgund,C0789 javoor,3059 javur,449,49.92,27.45,3059,10.0,85.0,5.81,2.0,2.0,100.0,0.0,100.0,434.0,434.0,16.0,27.12,18.75,93.75,100.0,100.0,50.0,100.0,0.0,50.0,100.0,50.0,100.0,100.0,0.0,2.0,5.0,0.5,9.0,9.5,239.0,217.0
Dharwad,B0106 navalgund,C0789 javoor,6262 alagavadi,435,65.82,23.33,6262,35.0,93.0,3.42,,,,,,,,,,,,,,,,,,,,,,,,,,,,,
Dharwad,B0106 navalgund,C0789 javoor,6669 hebbal,288,53.65,24.64,6669,20.0,85.0,1.5,4.0,3.0,75.0,25.0,100.0,518.0,513.0,14.0,36.64,35.71,14.29,100.0,100.0,100.0,100.0,33.33,66.67,66.67,66.67,66.67,100.0,0.0,1.0,7.0,2.0,1.67,4.0,239.0,171.0
Dharwad,B0106 navalgund,C1194 morab,4470 morab,663,56.21,27.45,4470,15.0,90.0,3.11,9.0,7.0,77.78,22.22,100.0,1223.0,1177.0,41.0,28.71,68.29,80.49,100.0,85.71,100.0,100.0,42.86,0.0,85.71,57.14,85.71,71.43,0.0,2.29,5.57,1.57,6.0,6.86,243.5,168.1
Dharwad,B0106 navalgund,C1194 morab,5780 tirlapur,477,43.26,27.31,5780,5.0,80.0,10.38,3.0,2.0,66.67,33.33,100.0,632.0,386.0,19.0,20.32,57.89,84.21,100.0,100.0,100.0,100.0,100.0,0.0,100.0,100.0,100.0,100.0,50.0,1.0,3.0,2.5,12.0,9.0,244.0,193.0
Dharwad,B0106 navalgund,C1267 nalavadi,4687 nalavadi,375,60.95,26.84,4687,20.0,95.0,10.84,,,,,,,,,,,,,,,,,,,,,,,,,,,,,
Dharwad,B0106 navalgund,C1267 nalavadi,5373 shishvihalli,222,69.23,21.0,5373,40.0,94.5,-1.09,,,,,,,,,,,,,,,,,,,,,,,,,,,,,
Dharwad,B0106 navalgund,C1289 navalagund 2,1173 belavatgi,466,45.16,28.85,1173,5.0,85.0,6.91,,,,,,,,,,,,,,,,,,,,,,,,,,,,,
Dharwad,B0106 navalgund,C1289 navalagund 2,2208 gudisagar,507,59.44,24.81,2208,25.0,90.0,1.24,6.0,5.0,83.33,16.67,100.0,724.0,454.0,19.0,23.89,57.89,63.16,100.0,100.0,20.0,100.0,0.0,0.0,100.0,100.0,20.0,80.0,0.0,1.2,3.6,0.4,9.2,5.2,242.0,90.8
Dharwad,B0106 navalgund,C1289 navalagund 2,5592 tadahal,300,38.9,25.57,5592,5.0,75.0,2.2,,,,,,,,,,,,,,,,,,,,,,,,,,,,,
Dharwad,B0106 navalgund,C1289 navalagund 2,6235 ibrahimpur (d),430,52.84,22.07,6235,20.0,80.0,2.65,1.0,1.0,100.0,0.0,100.0,264.0,264.0,9.0,29.33,66.67,66.67,100.0,100.0,100.0,100.0,0.0,100.0,100.0,100.0,100.0,100.0,0.0,2.0,9.0,0.0,0.0,0.0,,264.0
Dharwad,B0106 navalgund,C1482 shelwadi,4764 navalli,111,56.94,29.02,4764,15.0,90.0,-3.8,4.0,3.0,75.0,25.0,100.0,332.0,271.0,11.0,24.64,63.64,45.45,100.0,100.0,100.0,100.0,100.0,0.0,100.0,100.0,100.0,100.0,0.0,1.0,5.33,0.33,9.33,4.0,242.0,90.3
Dharwad,B0106 navalgund,C1482 shelwadi,4773 nayakanur,404,65.74,24.84,4773,30.0,95.0,1.1,5.0,5.0,100.0,0.0,100.0,477.0,477.0,17.0,28.06,47.06,52.94,80.0,100.0,80.0,100.0,40.0,0.0,100.0,100.0,40.0,100.0,0.0,0.8,4.4,0.0,6.4,0.0,240.0,95.4
Dharwad,B0106 navalgund,C1482 shelwadi,5301 shalavadi,328,37.13,28.45,5301,0.0,80.0,-3.37,,,,,,,,,,,,,,,,,,,,,,,,,,,,,
Dharwad,B0106 navalgund,C1482 shelwadi,5579 t kurahatti,280,51.59,29.64,5579,10.0,90.0,3.16,,,,,,,,,,,,,,,,,,,,,,,,,,,,,
Dharwad,B0106 navalgund,C1482 shelwadi,5592 tadahal,114,58.55,19.4,5592,35.0,85.0,-0.37,,,,,,,,,,,,,,,,,,,,,,,,,,,,,
Gadag,B0043 gadag rural,C0013 adavisomapaur,2507 hatalageri,636,50.93,26.97,2507,15.0,90.0,4.18,4.0,4.0,100.0,0.0,100.0,995.0,995.0,40.0,24.88,65.0,60.0,100.0,100.0,100.0,100.0,100.0,0.0,100.0,75.0,75.0,75.0,0.0,1.25,7.0,1.25,9.0,6.5,160.67,248.8
Gadag,B0043 gadag rural,C0013 adavisomapaur,522 adavisomapur,722,54.32,25.77,522,15.0,90.0,0.95,8.0,5.0,62.5,37.5,100.0,2002.0,889.0,27.0,32.93,59.26,81.48,100.0,100.0,60.0,80.0,100.0,20.0,100.0,100.0,100.0,100.0,0.0,1.2,4.8,0.6,12.4,5.4,238.67,177.8
Gadag,B0043 gadag rural,C0077 antur bentur,1637 chinchali,444,38.03,24.75,1637,5.0,75.0,4.33,6.0,5.0,83.33,16.67,100.0,1541.0,719.0,26.0,27.65,42.31,57.69,100.0,100.0,80.0,60.0,40.0,20.0,100.0,100.0,100.0,100.0,0.0,1.0,7.4,0.2,7.2,5.6,241.0,143.8
Gadag,B0043 gadag rural,C0077 antur bentur,3937 kurtakoti,633,44.13,26.16,3937,10.0,80.0,9.51,7.0,5.0,71.43,28.57,100.0,1548.0,742.0,29.0,25.59,65.52,58.62,100.0,100.0,100.0,100.0,40.0,0.0,100.0,100.0,100.0,80.0,20.0,1.0,5.6,2.2,6.2,7.2,240.5,148.4
Gadag,B0043 gadag rural,C0077 antur bentur,741 antur-bentur,370,56.12,27.0,741,20.0,95.0,7.13,,,,,,,,,,,,,,,,,,,,,,,,,,,,,
Gadag,B0043 gadag rural,C0187 beladadi,1143 beladhadi,475,46.4,28.61,1143,7.0,85.0,6.33,4.0,4.0,100.0,0.0,100.0,448.0,448.0,17.0,26.35,47.06,35.29,100.0,100.0,100.0,100.0,75.0,0.0,100.0,100.0,75.0,100.0,0.0,1.25,4.0,0.25,10.0,3.75,236.0,112.0
Gadag,B0043 gadag rural,C0187 beladadi,3247 kalasapura,213,57.49,22.34,3247,25.0,85.0,5.18,,,,,,,,,,,,,,,,,,,,,,,,,,,,,
Gadag,B0043 gadag rural,C0187 beladadi,4670 nagavi,237,42.05,25.84,4670,10.0,80.0,5.29,3.0,3.0,100.0,0.0,100.0,507.0,507.0,28.0,18.11,67.86,71.43,100.0,100.0,100.0,100.0,100.0,33.33,100.0,100.0,100.0,100.0,33.33,1.0,6.33,0.67,10.0,3.33,235.5,169.0
Gadag,B0043 gadag rural,C0332 chikkahandigol,1158 belahod,402,43.86,25.64,1158,10.0,80.0,4.22,,,,,,,,,,,,,,,,,,,,,,,,,,,,,
Gadag,B0043 gadag rural,C0332 chikkahandigol,1579 chikkahandigol,433,61.21,22.87,1579,30.0,90.0,3.35,4.0,4.0,100.0,0.0,100.0,584.0,584.0,22.0,26.55,50.0,50.0,100.0,100.0,50.0,100.0,50.0,0.0,100.0,100.0,100.0,75.0,0.0,1.0,5.0,0.5,6.25,7.0,238.75,146.0
Gadag,B0043 gadag rural,C0621 harti,2494 harti,445,39.53,27.62,2494,5.0,80.0,13.6,6.0,5.0,83.33,16.67,100.0,657.0,563.0,26.0,21.65,65.38,69.23,100.0,100.0,100.0,60.0,80.0,40.0,100.0,100.0,100.0,80.0,20.0,1.2,5.4,0.4,7.0,3.0,239.33,112.6
Gadag,B0043 gadag rural,C0621 harti,6557 asundi,592,44.38,27.26,6557,10.0,84.5,1.3,6.0,3.0,50.0,50.0,100.0,1116.0,667.0,21.0,31.76,57.14,66.67,100.0,100.0,100.0,100.0,66.67,33.33,100.0,100.0,100.0,66.67,0.0,1.67,3.67,0.67,10.33,6.0,242.5,222.3
Gadag,B0043 gadag rural,C0685 hombal,2729 hombal,638,48.77,27.53,2729,10.0,90.0,-3.16,,,,,,,,,,,,,,,,,,,,,,,,,,,,,
Gadag,B0043 gadag rural,C0685 hombal,4014 lingadal,298,46.09,29.43,4014,5.0,90.0,18.97,2.0,2.0,100.0,0.0,100.0,236.0,236.0,7.0,33.71,42.86,42.86,100.0,100.0,50.0,100.0,100.0,50.0,100.0,100.0,50.0,100.0,0.0,0.5,4.5,0.0,0.0,1.5,,118.0
Gadag,B0043 gadag rural,C0714 huilagol,2822 huilagol,597,45.5,26.15,2822,15.0,85.0,2.75,,,,,,,,,,,,,,,,,,,,,,,,,,,,,
Gadag,B0043 gadag rural,C0714 huilagol,3152 kadadi,278,45.31,27.54,3152,10.0,85.0,-1.74,,,,,,,,,,,,,,,,,,,,,,,,,,,,,
Gadag,B0043 gadag rural,C0714 huilagol,6334 balaganur,125,50.12,27.46,6334,17.0,85.0,-8.8,3.0,2.0,66.67,33.33,100.0,691.0,151.0,6.0,25.17,100.0,50.0,100.0,100.0,100.0,100.0,100.0,0.0,100.0,100.0,100.0,100.0,0.0,1.0,4.0,0.5,7.5,2.5,238.0,75.5
Gadag,B0043 gadag rural,C0723 hulkoti,1359 binkadakatti,233,50.92,26.89,1359,15.0,85.0,0.77,4.0,3.0,75.0,25.0,100.0,415.0,268.0,15.0,17.87,53.33,46.67,100.0,100.0,100.0,100.0,66.67,0.0,100.0,100.0,100.0,100.0,33.33,1.33,7.33,0.67,18.33,6.0,238.0,89.3
Gadag,B0043 gadag rural,C0723 hulkoti,2844 hulkoti,314,49.7,25.73,2844,15.0,85.0,9.84,,,,,,,,,,,,,,,,,,,,,,,,,,,,,
Gadag,B0043 gadag rural,C0874 kanaginahal,3334 kanaginahal,377,60.24,25.68,3334,25.0,90.0,10.87,4.0,4.0,100.0,0.0,100.0,576.0,576.0,24.0,24.0,37.5,75.0,100.0,100.0,75.0,100.0,100.0,50.0,100.0,100.0,75.0,75.0,0.0,1.5,4.0,0.75,4.5,5.25,176.0,144.0
Gadag,B0043 gadag rural,C0874 kanaginahal,4784 neeralagi,396,52.34,28.42,4784,10.0,90.0,6.84,4.0,4.0,100.0,0.0,100.0,436.0,436.0,19.0,22.95,36.84,68.42,100.0,100.0,100.0,75.0,75.0,25.0,100.0,100.0,100.0,100.0,0.0,1.0,5.25,0.25,10.5,8.5,236.67,109.0
Gadag,B0043 gadag rural,C1003 kotumachagi,3810 kotumachagi,544,44.68,26.55,3810,10.0,80.0,8.78,,,,,,,,,,,,,,,,,,,,,,,,,,,,,
Gadag,B0043 gadag rural,C1051 lakkundi,2477 harlapur,580,45.16,26.68,2477,10.0,80.0,5.33,,,,,,,,,,,,,,,,,,,,,,,,,,,,,
Gadag,B0043 gadag rural,C1051 lakkundi,3998 lakkundi,552,40.75,27.5,3998,5.0,85.0,4.7,8.0,7.0,87.5,12.5,100.0,1466.0,1344.0,50.0,26.88,58.0,68.0,100.0,100.0,71.43,100.0,85.71,28.57,100.0,100.0,85.71,71.43,16.67,3.71,6.86,2.29,8.29,3.86,231.25,192.0
Gadag,B0043 gadag rural,C1051 lakkundi,6331 timmapur,179,74.55,17.43,6331,50.0,95.0,-3.15,2.0,1.0,50.0,50.0,100.0,361.0,214.0,7.0,30.57,28.57,57.14,100.0,100.0,100.0,100.0,100.0,0.0,100.0,100.0,0.0,100.0,0.0,2.0,2.0,2.0,5.0,3.0,244.0,214.0
Gadag,B0043 gadag rural,C1528 soratur,5488 soratur,741,41.69,26.39,5488,10.0,80.0,1.2,6.0,6.0,100.0,0.0,100.0,821.0,821.0,32.0,25.66,40.62,62.5,100.0,100.0,50.0,100.0,100.0,16.67,100.0,100.0,100.0,83.33,16.67,0.83,5.33,0.67,7.33,4.83,239.5,136.8
Gadag,B0043 gadag rural,C1724 yalishirur,6078 yalishirur,669,49.89,27.54,6078,10.0,90.0,0.71,,,,,,,,,,,,,,,,,,,,,,,,,,,,,
Gadag,B0102 mundaragi,C0128 bagewadi,6240 muradi,293,42.53,25.11,6240,10.0,80.0,-1.77,5.0,4.0,80.0,20.0,100.0,843.0,754.0,22.0,34.27,22.73,86.36,100.0,100.0,75.0,100.0,0.0,25.0,100.0,100.0,100.0,100.0,0.0,1.0,10.0,0.75,6.25,5.0,240.33,188.5
Gadag,B0102 mundaragi,C0128 bagewadi,926 bagewadi (g),419,49.37,25.89,926,10.0,80.0,6.56,5.0,4.0,80.0,20.0,100.0,541.0,444.0,16.0,27.75,31.25,87.5,100.0,100.0,50.0,100.0,50.0,0.0,100.0,100.0,100.0,100.0,25.0,1.5,4.0,7.5,11.0,8.5,239.67,111.0
Gadag,B0102 mundaragi,C0242 bidaralli,6229 bidarahalli,471,47.86,25.65,6229,15.0,85.0,2.27,,,,,,,,,,,,,,,,,,,,,,,,,,,,,
Gadag,B0102 mundaragi,C0373 dambal,1726 dambal,909,34.47,25.78,1726,5.0,75.0,-0.93,10.0,9.0,90.0,10.0,100.0,1567.0,1398.0,53.0,26.38,58.49,75.47,100.0,100.0,55.56,88.89,55.56,11.11,100.0,66.67,55.56,77.78,0.0,1.22,6.56,0.89,6.22,2.44,238.62,155.3
Gadag,B0102 mundaragi,C0667 hirewaddtti,1324 bidnal,133,32.41,25.68,1324,5.0,65.0,8.32,,,,,,,,,,,,,,,,,,,,,,,,,,,,,
Gadag,B0102 mundaragi,C0667 hirewaddtti,2483 harogeri,412,40.04,25.48,2483,5.0,75.0,-0.41,6.0,6.0,100.0,0.0,100.0,652.0,652.0,25.0,26.08,40.0,68.0,100.0,100.0,83.33,100.0,16.67,0.0,100.0,100.0,100.0,83.33,0.0,2.33,5.33,0.33,6.33,4.17,236.5,108.7
Gadag,B0102 mundaragi,C0667 hirewaddtti,2679 hirewaddatti,458,52.84,25.35,2679,15.0,85.0,-2.69,7.0,6.0,85.71,14.29,100.0,1008.0,935.0,34.0,27.5,47.06,67.65,100.0,100.0,83.33,83.33,50.0,33.33,83.33,83.33,83.33,66.67,0.0,1.0,5.33,0.83,10.17,4.0,241.67,155.8
Gadag,B0102 mundaragi,C0826 kadampur,1943 doni,568,56.52,25.63,1943,20.0,90.0,4.28,4.0,4.0,100.0,0.0,100.0,702.0,702.0,21.0,33.43,61.9,57.14,100.0,100.0,50.0,100.0,75.0,0.0,100.0,100.0,100.0,75.0,25.0,1.75,6.25,2.5,4.5,1.5,239.0,175.5
Gadag,B0102 mundaragi,C0826 kadampur,6218 shivajinagar,251,60.66,24.15,6218,25.0,90.0,-1.91,4.0,4.0,100.0,0.0,100.0,700.0,700.0,29.0,24.14,13.79,86.21,100.0,100.0,100.0,100.0,25.0,0.0,100.0,100.0,100.0,100.0,0.0,2.0,5.75,0.5,8.25,3.0,127.5,175.0
Gadag,B0102 mundaragi,C0826 kadampur,6397 kadampur,406,57.27,24.3,6397,20.0,90.0,-5.56,,,,,,,,,,,,,,,,,,,,,,,,,,,,,
Gadag,B0102 mundaragi,C0842 kalakeri,1324 bidnal,103,44.9,24.45,1324,15.0,79.0,11.54,,,,,,,,,,,,,,,,,,,,,,,,,,,,,
Gadag,B0102 mundaragi,C0842 kalakeri,3235 kalakeri,435,39.66,25.52,3235,5.0,75.0,2.86,,,,,,,,,,,,,,,,,,,,,,,,,,,,,
Gadag,B0102 mundaragi,C0992 korlahalli,3780 korlahalli,550,46.82,27.1,3780,10.0,85.0,3.48,7.0,7.0,100.0,0.0,100.0,1673.0,1673.0,63.0,26.56,41.27,82.54,100.0,100.0,71.43,71.43,57.14,28.57,100.0,100.0,100.0,57.14,20.0,2.0,11.0,0.57,6.29,3.14,235.4,239.0
Gadag,B0102 mundaragi,C1186 meundi,4437 meundi,591,57.61,25.4,4437,25.0,90.0,2.29,7.0,6.0,85.71,14.29,100.0,1229.0,1047.0,40.0,26.18,45.0,72.5,100.0,100.0,66.67,100.0,16.67,0.0,100.0,100.0,83.33,83.33,0.0,2.17,5.5,5.5,9.83,6.83,239.5,174.5
Gadag,B0102 mundaragi,C1225 mundaragi rural,2598 hesarur,484,41.12,26.53,2598,5.0,80.0,6.38,5.0,4.0,80.0,20.0,100.0,780.0,698.0,24.0,29.08,41.67,83.33,100.0,100.0,75.0,75.0,0.0,0.0,100.0,100.0,50.0,100.0,0.0,1.5,7.5,0.0,2.5,2.5,240.0,174.5
Gadag,B0102 mundaragi,C1361 petalur,6207 jantli shirur,262,48.66,26.06,6207,15.0,80.0,-5.95,,,,,,,,,,,,,,,,,,,,,,,,,,,,,
Gadag,B0102 mundaragi,C1361 petalur,6241 petaluru,297,67.46,22.31,6241,35.0,95.0,6.38,,,,,,,,,,,,,,,,,,,,,,,,,,,,,
Gadag,B0102 mundaragi,C1361 petalur,6254 hallikeri (g),479,48.63,27.21,6254,10.0,85.0,5.43,5.0,5.0,100.0,0.0,100.0,600.0,600.0,22.0,27.27,54.55,68.18,100.0,100.0,60.0,80.0,20.0,20.0,100.0,100.0,100.0,100.0,0.0,1.2,6.2,0.4,9.2,7.4,234.75,120.0
Gadag,B0102 mundaragi,C1486 shingtalur,2372 hammigi,275,45.35,27.55,2372,10.0,85.0,12.94,,,,,,,,,,,,,,,,,,,,,,,,,,,,,
Gadag,B0102 mundaragi,C1486 shingtalur,5343 shingatalur,492,45.51,25.13,5343,10.0,75.0,2.76,6.0,5.0,83.33,16.67,100.0,743.0,606.0,19.0,31.89,42.11,78.95,100.0,100.0,100.0,100.0,40.0,20.0,80.0,100.0,100.0,100.0,0.0,1.2,4.0,0.2,5.6,3.8,238.0,121.2
Gadag,B0102 mundaragi,C2898 mundaragi urdu,2372 hammigi,166,63.25,23.78,2372,30.0,90.0,-2.02,,,,,,,,,,,,,,,,,,,,,,,,,,,,,
Gadag,B0105 naragund,C0144 banahatti,1005 banahatti,445,61.72,25.6,1005,25.0,90.0,3.96,4.0,3.0,75.0,25.0,100.0,473.0,470.0,14.0,33.57,50.0,64.29,100.0,100.0,66.67,100.0,100.0,0.0,100.0,100.0,100.0,100.0,66.67,1.33,6.0,0.0,3.33,3.0,236.0,156.7
Gadag,B0105 naragund,C0144 banahatti,1265 bhairana hatti,264,44.83,30.61,1265,0.0,85.0,5.27,,,,,,,,,,,,,,,,,,,,,,,,,,,,,
Gadag,B0105 naragund,C0336 chikkanaragund,1213 benakanakoppa,271,38.12,25.97,1213,5.0,80.0,3.22,4.0,4.0,100.0,0.0,100.0,645.0,645.0,22.0,29.32,36.36,81.82,100.0,100.0,100.0,100.0,100.0,25.0,75.0,100.0,100.0,50.0,0.0,1.5,6.0,1.0,2.75,5.0,229.33,161.2
Gadag,B0105 naragund,C0336 chikkanaragund,1601 chikkanaragund,403,73.56,19.97,1601,45.0,95.0,-1.47,4.0,3.0,75.0,25.0,100.0,417.0,356.0,10.0,35.6,30.0,30.0,100.0,100.0,33.33,100.0,100.0,0.0,100.0,66.67,100.0,100.0,33.33,1.0,9.0,1.33,5.0,1.67,230.0,118.7
Gadag,B0105 naragund,C0660 hirekoppa,2654 hirekoppa,263,58.71,24.93,2654,25.0,90.0,-1.84,5.0,4.0,80.0,20.0,100.0,540.0,517.0,22.0,23.5,27.27,59.09,100.0,100.0,50.0,75.0,75.0,0.0,100.0,75.0,100.0,100.0,0.0,1.0,7.0,0.0,4.5,4.5,245.0,129.2
Gadag,B0105 naragund,C0660 hirekoppa,5978 vasan,307,51.11,25.47,5978,15.0,85.0,0.34,3.0,3.0,100.0,0.0,100.0,357.0,357.0,17.0,21.0,41.18,64.71,100.0,100.0,100.0,100.0,66.67,0.0,100.0,100.0,100.0,100.0,0.0,2.33,5.0,0.33,3.67,1.67,225.0,119.0
Gadag,B0105 naragund,C0767 jagapur,2871 hunashikatti,497,48.71,25.57,2871,15.0,82.0,2.59,,,,,,,,,,,,,,,,,,,,,,,,,,,,,
Gadag,B0105 naragund,C0767 jagapur,3344 kanakikoppa,341,44.69,26.05,3344,10.0,80.0,7.38,4.0,3.0,75.0,25.0,100.0,314.0,299.0,15.0,19.93,33.33,80.0,100.0,100.0,100.0,100.0,100.0,0.0,100.0,100.0,100.0,100.0,0.0,1.33,6.33,0.33,1.33,4.67,234.0,99.7
Gadag,B0105 naragund,C0985 konnur,6445 konnur,558,53.32,26.49,6445,15.0,90.0,-0.38,8.0,6.0,75.0,25.0,100.0,1269.0,863.0,34.0,25.38,50.0,52.94,100.0,100.0,66.67,100.0,100.0,0.0,100.0,100.0,83.33,83.33,0.0,1.0,8.0,0.17,2.17,5.17,184.5,143.8
Gadag,B0105 naragund,C1490 shirol,5036 radder naganur,294,47.74,24.73,5036,15.0,80.0,4.4,3.0,3.0,100.0,0.0,100.0,252.0,252.0,10.0,25.2,20.0,90.0,100.0,100.0,66.67,100.0,100.0,33.33,100.0,100.0,66.67,100.0,0.0,1.33,7.0,0.67,6.67,4.33,240.33,84.0
Gadag,B0105 naragund,C1490 shirol,6501 shirol,424,53.27,28.24,6501,15.0,90.0,-12.97,10.0,8.0,80.0,20.0,100.0,1409.0,888.0,32.0,27.75,34.38,56.25,100.0,100.0,50.0,100.0,75.0,12.5,100.0,100.0,100.0,87.5,12.5,1.0,7.25,0.38,7.38,5.12,235.25,111.0
Gadag,B0105 naragund,C1549 surakod,2291 hadali,424,56.08,28.17,2291,15.0,90.0,3.84,,,,,,,,,,,,,,,,,,,,,,,,,,,,,
Gadag,B0105 naragund,C1549 surakod,5562 surkod,351,62.01,23.83,5562,30.0,90.0,5.51,2.0,2.0,100.0,0.0,100.0,264.0,264.0,7.0,37.71,42.86,57.14,100.0,100.0,100.0,100.0,50.0,0.0,100.0,100.0,100.0,50.0,0.0,1.0,6.0,0.0,0.0,0.0,234.5,132.0
Gadag,B0115 ron,C0005 abbigeri,3012 jakkali,219,73.86,22.37,3012,40.0,95.0,6.3,3.0,3.0,100.0,0.0,100.0,251.0,251.0,13.0,19.31,53.85,53.85,100.0,100.0,100.0,100.0,100.0,0.0,100.0,100.0,100.0,66.67,0.0,2.0,3.67,0.0,8.0,4.33,240.33,83.7
Gadag,B0115 ron,C0005 abbigeri,3945 kurudagi,469,69.81,23.73,3945,30.0,95.0,1.31,,,,,,,,,,,,,,,,,,,,,,,,,,,,,
Gadag,B0115 ron,C0005 abbigeri,4295 maranabasari,260,69.62,16.36,4295,50.0,90.0,3.11,3.0,3.0,100.0,0.0,100.0,463.0,463.0,21.0,22.05,42.86,76.19,100.0,100.0,66.67,100.0,100.0,33.33,100.0,100.0,100.0,66.67,33.33,1.0,5.0,0.33,23.67,8.0,241.33,154.3
Gadag,B0115 ron,C0005 abbigeri,502 abbigeri,679,68.79,22.02,502,40.0,95.0,9.91,3.0,3.0,100.0,0.0,100.0,702.0,702.0,27.0,26.0,62.96,70.37,100.0,100.0,100.0,100.0,100.0,33.33,100.0,100.0,100.0,66.67,0.0,1.33,7.67,0.33,5.33,4.0,123.0,234.0
Gadag,B0115 ron,C0096 asuti,213009379 gulaguli,96,72.71,19.53,213009379,45.0,95.0,-0.34,5.0,5.0,100.0,0.0,100.0,476.0,476.0,14.0,34.0,42.86,50.0,100.0,100.0,100.0,100.0,100.0,0.0,100.0,100.0,100.0,100.0,0.0,1.2,4.8,0.0,7.6,3.6,231.75,95.2
Gadag,B0115 ron,C0096 asuti,2719 holemannur,112,73.62,17.31,2719,50.0,95.0,3.84,2.0,2.0,100.0,0.0,100.0,438.0,438.0,15.0,29.2,46.67,86.67,100.0,100.0,100.0,100.0,100.0,0.0,100.0,100.0,100.0,100.0,0.0,2.5,8.0,0.5,12.0,9.0,237.5,219.0
Gadag,B0115 ron,C0096 asuti,3813 koujageri,276,41.32,26.28,3813,5.0,80.0,4.94,2.0,2.0,100.0,0.0,100.0,325.0,325.0,9.0,36.11,11.11,44.44,100.0,100.0,100.0,100.0,100.0,0.0,100.0,100.0,100.0,100.0,0.0,1.0,4.5,0.5,7.0,6.5,235.0,162.5
Gadag,B0115 ron,C0096 asuti,4428 menasigi,412,70.55,24.63,4428,35.0,95.0,8.35,,,,,,,,,,,,,,,,,,,,,,,,,,,,,
Gadag,B0115 ron,C0096 asuti,823 asuti,480,56.86,24.96,823,20.0,90.0,-1.79,6.0,6.0,100.0,0.0,100.0,560.0,560.0,23.0,24.35,17.39,65.22,100.0,100.0,33.33,100.0,100.0,0.0,100.0,100.0,100.0,83.33,0.0,1.17,5.17,0.83,4.17,5.0,240.67,93.3
Gadag,B0115 ron,C0195 belavanaki,1170 belavanaki,136,48.05,28.66,1170,7.5,85.0,16.3,6.0,5.0,83.33,16.67,100.0,1014.0,809.0,21.0,38.52,33.33,61.9,100.0,100.0,100.0,100.0,100.0,0.0,100.0,100.0,80.0,80.0,25.0,1.2,5.2,0.2,6.2,2.6,182.0,161.8
Gadag,B0115 ron,C0195 belavanaki,6122 yavagal,538,44.56,30.45,6122,5.0,90.0,14.01,4.0,4.0,100.0,0.0,100.0,529.0,529.0,19.0,27.84,42.11,57.89,100.0,100.0,100.0,100.0,100.0,0.0,100.0,100.0,100.0,75.0,25.0,0.75,6.5,0.0,8.0,6.25,239.5,132.2
Gadag,B0115 ron,C0507 gogeri,2111 gogeri,554,41.29,28.51,2111,5.0,85.0,-6.8,6.0,6.0,100.0,0.0,100.0,794.0,794.0,22.0,36.09,31.82,63.64,100.0,100.0,66.67,100.0,100.0,0.0,100.0,83.33,100.0,83.33,0.0,1.17,4.83,0.17,6.83,3.67,238.33,132.3
Gadag,B0115 ron,C0507 gogeri,5077 ramapur,689,41.34,28.91,5077,5.0,85.0,1.96,,,,,,,,,,,,,,,,,,,,,,,,,,,,,
Gadag,B0115 ron,C0655 hirehal,2633 hirehal,423,79.94,15.58,2633,56.0,95.0,-0.5,5.0,4.0,80.0,20.0,100.0,569.0,491.0,19.0,25.84,73.68,57.89,100.0,100.0,50.0,100.0,100.0,0.0,100.0,100.0,100.0,75.0,0.0,1.75,5.25,1.0,7.75,7.25,239.67,122.8
Gadag,B0115 ron,C0655 hirehal,4064 madalageri,421,71.65,24.03,4064,35.0,95.0,-3.04,3.0,3.0,100.0,0.0,100.0,371.0,371.0,13.0,28.54,23.08,30.77,100.0,100.0,100.0,100.0,100.0,33.33,100.0,100.0,66.67,100.0,0.0,1.0,4.0,3.67,6.33,5.67,240.33,123.7
Gadag,B0115 ron,C0682 holealur,2716 holealur,136,81.21,11.1,2716,70.0,92.5,-0.94,,,,,,,,,,,,,,,,,,,,,,,,,,,,,
Gadag,B0115 ron,C0682 holealur,2862 hunagundi,318,41.57,26.68,2862,5.0,80.0,6.47,2.0,2.0,100.0,0.0,100.0,349.0,349.0,16.0,21.81,18.75,81.25,100.0,100.0,50.0,100.0,100.0,0.0,100.0,100.0,100.0,100.0,0.0,1.0,4.0,1.0,6.0,7.0,238.0,174.5
Gadag,B0115 ron,C0682 holealur,639 amaragol,469,58.08,23.77,639,25.0,90.0,-3.63,5.0,5.0,100.0,0.0,100.0,352.0,352.0,18.0,19.56,44.44,55.56,100.0,100.0,100.0,100.0,100.0,0.0,100.0,100.0,100.0,100.0,0.0,1.0,5.2,0.6,6.0,5.4,236.25,70.4
Gadag,B0115 ron,C0726 hullur,1594 chikkamannur,479,46.87,27.82,1594,10.0,85.0,-3.93,3.0,3.0,100.0,0.0,100.0,512.0,512.0,19.0,26.95,47.37,94.74,100.0,100.0,100.0,100.0,100.0,33.33,100.0,100.0,100.0,100.0,0.0,1.33,7.0,1.33,6.0,7.33,236.0,170.7
Gadag,B0115 ron,C0726 hullur,4189 mallapur,377,48.98,27.94,4189,10.0,85.0,-1.83,3.0,3.0,100.0,0.0,100.0,586.0,586.0,22.0,26.64,18.18,68.18,100.0,100.0,100.0,100.0,100.0,66.67,100.0,100.0,100.0,100.0,0.0,1.0,8.0,0.0,10.0,7.0,235.5,195.3
Gadag,B0115 ron,C0726 hullur,6547 hullur,306,54.66,27.42,6547,20.0,90.0,6.66,2.0,2.0,100.0,0.0,100.0,357.0,357.0,11.0,32.45,18.18,63.64,100.0,100.0,0.0,100.0,100.0,0.0,100.0,100.0,100.0,100.0,0.0,1.0,9.0,0.0,11.0,7.5,239.0,178.5
Gadag,B0115 ron,C0994 kotabal,3788 kotabal,535,34.5,25.42,3788,5.0,75.0,0.27,,,,,,,,,,,,,,,,,,,,,,,,,,,,,
Gadag,B0115 ron,C0994 kotabal,3919 kurahatti,298,58.46,19.92,3919,30.0,80.0,2.22,2.0,2.0,100.0,0.0,100.0,474.0,474.0,19.0,24.95,36.84,78.95,100.0,100.0,100.0,100.0,100.0,0.0,100.0,100.0,100.0,100.0,0.0,1.0,9.0,0.0,6.0,4.0,241.5,237.0
Gadag,B0115 ron,C1050 lakkalakatti,2222 gulaguli,290,35.91,26.17,2222,5.0,75.0,11.1,5.0,5.0,100.0,0.0,100.0,476.0,476.0,14.0,34.0,42.86,50.0,100.0,100.0,100.0,100.0,100.0,0.0,100.0,100.0,100.0,100.0,0.0,1.2,4.8,0.0,7.6,3.6,231.75,95.2
Gadag,B0115 ron,C1050 lakkalakatti,3991 lakkalakatti,612,46.9,27.34,3991,10.0,85.0,1.72,3.0,3.0,100.0,0.0,100.0,782.0,782.0,16.0,48.88,31.25,68.75,100.0,100.0,100.0,100.0,66.67,33.33,100.0,100.0,100.0,100.0,0.0,1.0,9.0,6.67,8.0,8.67,240.0,260.7
Gadag,B0115 ron,C1308 nidagundi,2325 halakeri,212,62.92,25.74,2325,25.5,95.0,14.27,2.0,2.0,100.0,0.0,100.0,368.0,368.0,13.0,28.31,38.46,76.92,100.0,100.0,100.0,100.0,100.0,0.0,100.0,100.0,100.0,100.0,0.0,2.0,7.0,0.0,9.0,5.5,243.5,184.0
Gadag,B0115 ron,C1308 nidagundi,3110 hosahalli,336,45.01,25.4,3110,10.0,80.0,-3.61,,,,,,,,,,,,,,,,,,,,,,,,,,,,,
Gadag,B0115 ron,C1308 nidagundi,6488 nidagundi,419,54.59,24.42,6488,15.0,85.0,6.37,4.0,3.0,75.0,25.0,100.0,470.0,346.0,13.0,26.62,61.54,61.54,100.0,100.0,100.0,100.0,100.0,0.0,100.0,100.0,66.67,100.0,0.0,1.67,6.0,0.33,9.0,4.33,232.0,115.3
Gadag,B0115 ron,C1308 nidagundi,6615 itagi,171,73.95,18.43,6615,50.0,95.0,2.22,6.0,5.0,83.33,16.67,100.0,986.0,886.0,29.0,30.55,48.28,68.97,100.0,100.0,100.0,100.0,100.0,20.0,100.0,100.0,100.0,60.0,0.0,3.6,6.4,2.0,7.2,4.4,243.0,177.2
Gadag,B0115 ron,C1385 rajur,5061 rajur,639,63.76,22.04,5061,35.0,90.0,1.33,,,,,,,,,,,,,,,,,,,,,,,,,,,,,
Gadag,B0115 ron,C1385 rajur,6568 kuntoji,664,51.08,25.47,6568,15.0,85.0,1.7,6.0,6.0,100.0,0.0,100.0,749.0,749.0,24.0,31.21,29.17,62.5,100.0,100.0,66.67,100.0,100.0,16.67,100.0,100.0,100.0,100.0,0.0,1.0,3.83,0.5,4.67,3.5,236.0,124.8
Gadag,B0115 ron,C1464 savadi,1727 dambal-s-hadagali,234,64.94,24.05,1727,30.0,95.0,3.09,,,,,,,,,,,,,,,,,,,,,,,,,,,,,
Gadag,B0115 ron,C1464 savadi,5271 savadi,593,70.26,23.37,5271,35.0,95.0,-12.35,5.0,5.0,100.0,0.0,100.0,631.0,631.0,22.0,28.68,31.82,31.82,100.0,100.0,60.0,100.0,100.0,20.0,100.0,100.0,80.0,80.0,20.0,1.0,6.6,0.4,7.0,6.0,239.33,126.2
Gadag,B0115 ron,C1526 soodi,3110 hosahalli,141,64.04,24.25,3110,30.0,90.0,-0.51,,,,,,,,,,,,,,,,,,,,,,,,,,,,,
Gadag,B0115 ron,C1526 soodi,5514 sudi,548,48.68,28.17,5514,10.0,85.0,1.43,6.0,5.0,83.33,16.67,100.0,797.0,609.0,16.0,38.06,43.75,75.0,100.0,100.0,60.0,100.0,100.0,0.0,100.0,100.0,100.0,80.0,0.0,2.0,4.2,0.0,5.6,3.6,231.0,121.8
Gadag,B0115 ron,C1526 soodi,6615 itagi,157,54.65,29.08,6615,10.0,90.0,-2.57,6.0,5.0,83.33,16.67,100.0,986.0,886.0,29.0,30.55,48.28,68.97,100.0,100.0,100.0,100.0,100.0,20.0,100.0,100.0,100.0,60.0,0.0,3.6,6.4,2.0,7.2,4.4,243.0,177.2
Gadag,B0115 ron,C2456 mushigeri,4581 mushigeri,313,39.15,28.11,4581,5.0,80.0,0.88,5.0,4.0,80.0,20.0,100.0,1005.0,693.0,21.0,33.0,38.1,71.43,100.0,100.0,100.0,75.0,100.0,25.0,100.0,100.0,100.0,100.0,25.0,1.0,8.75,0.75,8.5,2.5,233.5,173.2
Gadag,B0115 ron,C2456 mushigeri,5307 shantagiri,498,68.07,22.03,5307,35.0,95.0,5.93,,,,,,,,,,,,,,,,,,,,,,,,,,,,,
Gadag,B0122 shirhatti,C0160 bannikoppa,1044 bannikoppa,455,46.22,25.75,1044,10.0,80.0,13.59,5.0,4.0,80.0,20.0,100.0,636.0,447.0,16.0,27.94,62.5,50.0,100.0,100.0,100.0,75.0,100.0,0.0,100.0,100.0,100.0,100.0,25.0,1.25,5.75,1.0,27.25,7.75,237.25,111.8
Gadag,B0122 shirhatti,C0160 bannikoppa,5641 tarikoppa,300,36.07,25.24,5641,5.0,75.5,-3.88,3.0,3.0,100.0,0.0,100.0,439.0,439.0,8.0,54.88,25.0,75.0,100.0,100.0,100.0,100.0,100.0,33.33,100.0,100.0,100.0,100.0,0.0,1.0,7.0,0.67,13.67,9.0,236.33,146.3
Gadag,B0122 shirhatti,C0180 battur,1104 battur,448,61.12,22.45,1104,30.0,85.0,1.87,,,,,,,,,,,,,,,,,,,,,,,,,,,,,
Gadag,B0122 shirhatti,C0180 battur,2115 gojanur,403,63.81,25.33,2115,30.0,95.0,-3.15,,,,,,,,,,,,,,,,,,,,,,,,,,,,,
Gadag,B0122 shirhatti,C0199 bellatti,1190 bellatti,655,56.13,25.84,1190,20.0,90.0,-2.87,9.0,6.0,66.67,33.33,100.0,1421.0,885.0,31.0,28.55,45.16,38.71,100.0,100.0,100.0,100.0,100.0,16.67,100.0,100.0,100.0,83.33,33.33,1.0,7.17,2.17,26.5,8.0,243.33,147.5
Gadag,B0122 shirhatti,C0199 bellatti,3735 konchigeri,435,44.91,27.59,3735,5.0,85.0,5.39,4.0,4.0,100.0,0.0,100.0,535.0,535.0,18.0,29.72,5.56,61.11,100.0,100.0,100.0,100.0,75.0,25.0,100.0,100.0,100.0,100.0,0.0,1.25,6.0,1.0,22.0,8.5,240.75,133.8
Gadag,B0122 shirhatti,C0199 bellatti,6234 hulluru (g),26,43.08,27.64,6234,7.5,77.5,7.7,,,,,,,,,,,,,,,,,,,,,,,,,,,,,
Gadag,B0122 shirhatti,C0287 chabbi,1462 chabbi,401,47.23,23.26,1462,15.0,80.0,1.62,,,,,,,,,,,,,,,,,,,,,,,,,,,,,
Gadag,B0122 shirhatti,C0287 chabbi,5090 ranatur,415,76.12,18.52,5090,45.0,100.0,3.73,,,,,,,,,,,,,,,,,,,,,,,,,,,,,
Gadag,B0122 shirhatti,C0287 chabbi,6211 majjooru,333,77.39,14.22,6211,56.0,95.0,5.94,4.0,4.0,100.0,0.0,100.0,572.0,572.0,19.0,30.11,36.84,42.11,100.0,100.0,75.0,75.0,75.0,0.0,100.0,100.0,100.0,75.0,0.0,1.0,6.25,0.75,16.5,6.5,234.0,143.0
Gadag,B0122 shirhatti,C0438 doddur,1927 doddur,337,60.74,24.6,1927,23.0,90.0,9.8,,,,,,,,,,,,,,,,,,,,,,,,,,,,,
Gadag,B0122 shirhatti,C0438 doddur,516 adarakatti,409,39.57,26.39,516,5.0,75.0,-0.73,3.0,3.0,100.0,0.0,100.0,377.0,377.0,18.0,20.94,50.0,61.11,100.0,100.0,66.67,100.0,100.0,0.0,100.0,100.0,100.0,100.0,0.0,1.33,4.33,1.67,10.67,3.33,234.0,125.7
Gadag,B0122 shirhatti,C0463 futagao badni,1997 futagao badni,342,59.84,25.58,1997,25.0,90.0,1.14,,,,,,,,,,,,,,,,,,,,,,,,,,,,,
Gadag,B0122 shirhatti,C0463 futagao badni,528 adrahalli,613,65.13,22.77,528,30.0,90.0,4.34,,,,,,,,,,,,,,,,,,,,,,,,,,,,,
Gadag,B0122 shirhatti,C0463 futagao badni,6234 hulluru (g),240,74.75,18.57,6234,50.0,95.0,1.51,,,,,,,,,,,,,,,,,,,,,,,,,,,,,
Gadag,B0122 shirhatti,C0631 hebbal,6011 wadavi,379,61.65,21.29,6011,30.0,85.0,3.51,,,,,,,,,,,,,,,,,,,,,,,,,,,,,
Gadag,B0122 shirhatti,C0631 hebbal,6209 hebbal,657,46.3,28.66,6209,5.0,85.0,1.63,7.0,6.0,85.71,14.29,100.0,855.0,679.0,23.0,29.52,30.43,73.91,100.0,100.0,83.33,100.0,100.0,16.67,100.0,100.0,83.33,100.0,0.0,1.17,2.5,4.5,10.0,7.5,190.4,113.2
Gadag,B0122 shirhatti,C0825 kadakol,3158 kadakol,565,52.82,26.57,3158,10.0,85.0,-0.17,5.0,4.0,80.0,20.0,100.0,650.0,637.0,17.0,37.47,52.94,41.18,100.0,100.0,50.0,100.0,100.0,25.0,100.0,100.0,100.0,100.0,25.0,1.25,4.25,2.75,10.75,9.5,161.67,159.2
Gadag,B0122 shirhatti,C0825 kadakol,4050 machenahalli,423,54.63,25.66,4050,20.0,85.0,0.42,,,,,,,,,,,,,,,,,,,,,,,,,,,,,
Gadag,B0122 shirhatti,C0957 koganur,3675 koganur,444,56.69,23.75,3675,25.0,85.0,-2.88,5.0,5.0,100.0,0.0,100.0,680.0,680.0,20.0,34.0,15.0,55.0,100.0,100.0,0.0,100.0,100.0,0.0,100.0,80.0,100.0,100.0,0.0,1.0,5.6,1.8,15.8,4.0,178.5,136.0
Gadag,B0122 shirhatti,C0957 koganur,6201 hole itagi,356,73.71,17.6,6201,50.0,95.0,0.36,,,,,,,,,,,,,,,,,,,,,,,,,,,,,
Gadag,B0122 shirhatti,C1091 magadi,4059 madahalli,277,55.92,27.85,4059,15.0,90.0,10.48,,,,,,,,,,,,,,,,,,,,,,,,,,,,,
Gadag,B0122 shirhatti,C1091 magadi,4116 magadi,383,45.9,24.91,4116,15.0,80.0,-2.17,8.0,6.0,75.0,25.0,100.0,506.0,394.0,21.0,18.76,47.62,52.38,100.0,100.0,100.0,100.0,100.0,0.0,100.0,100.0,100.0,83.33,0.0,1.17,4.5,0.83,19.0,7.83,239.67,65.7
Gadag,B0122 shirhatti,C1091 magadi,6072 yalavatti,182,61.7,24.43,6072,25.0,90.0,4.79,4.0,2.0,50.0,50.0,100.0,586.0,209.0,9.0,23.22,55.56,66.67,100.0,100.0,50.0,100.0,100.0,0.0,100.0,100.0,100.0,100.0,0.0,1.0,10.0,1.0,12.5,5.0,238.5,104.5
Gadag,B0122 shirhatti,C1485 shigli,5335 shigli,577,56.93,29.19,5335,13.0,90.0,3.74,11.0,7.0,63.64,36.36,100.0,1670.0,1042.0,38.0,27.42,42.11,26.32,100.0,100.0,100.0,100.0,100.0,14.29,100.0,100.0,100.0,85.71,14.29,2.14,8.14,0.57,7.57,1.71,241.0,148.9
Gadag,B0122 shirhatti,C1485 shigli,6189 govanala,125,58.4,22.96,6189,25.0,90.0,5.19,4.0,4.0,100.0,0.0,100.0,426.0,426.0,15.0,28.4,53.33,60.0,100.0,100.0,75.0,75.0,75.0,25.0,75.0,100.0,100.0,75.0,0.0,2.0,5.5,0.25,9.25,4.5,240.0,106.5
Gadag,B0122 shirhatti,C1485 shigli,6197 ramagiri (s),286,70.93,17.56,6197,45.0,90.0,3.07,2.0,2.0,100.0,0.0,100.0,271.0,271.0,11.0,24.64,45.45,45.45,100.0,100.0,100.0,100.0,50.0,50.0,100.0,100.0,100.0,100.0,0.0,1.0,6.0,0.5,17.5,4.0,248.0,135.5
Gadag,B0122 shirhatti,C1550 suranagi,5559 suranagi,583,43.57,27.78,5559,10.0,85.0,8.19,,,,,,,,,,,,,,,,,,,,,,,,,,,,,
Gadag,B0122 shirhatti,C1550 suranagi,962 balehosur,434,49.17,24.14,962,15.0,80.0,1.04,,,,,,,,,,,,,,,,,,,,,,,,,,,,,
Hassan,B0003 alur,C0041 alur,1455 byrapura,164,64.91,18.92,1455,45.0,90.0,0.66,,,,,,,,,,,,,,,,,,,,,,,,,,,,,
Hassan,B0003 alur,C0041 alur,2697 hiunasavally,67,79.55,23.75,2697,48.0,100.0,-3.67,,,,,,,,,,,,,,,,,,,,,,,,,,,,,
Hassan,B0003 alur,C0041 alur,3350 kanathur,68,55.22,24.85,3350,23.5,85.0,-1.59,11.0,10.0,90.91,9.09,100.0,638.0,426.0,26.0,16.38,69.23,69.23,100.0,100.0,30.0,100.0,10.0,0.0,90.0,100.0,100.0,90.0,11.11,2.8,1.6,1.1,17.7,7.5,236.67,42.6
Hassan,B0003 alur,C0281 byrapura,1455 byrapura,60,69.58,22.98,1455,34.5,95.0,10.94,,,,,,,,,,,,,,,,,,,,,,,,,,,,,
Hassan,B0003 alur,C0430 doddakanagalu,1903 doddakanagalu,183,68.36,23.55,1903,31.0,95.0,3.53,,,,,,,,,,,,,,,,,,,,,,,,,,,,,
Hassan,B0003 alur,C0804 k hosakote,4120 magge,97,83.51,16.25,4120,65.0,100.0,2.97,9.0,8.0,88.89,11.11,100.0,473.0,189.0,17.0,11.12,52.94,52.94,100.0,100.0,37.5,100.0,12.5,37.5,100.0,100.0,100.0,100.0,0.0,2.88,3.5,1.5,17.0,5.25,240.57,23.6
Hassan,B0003 alur,C0804 k hosakote,504 abbna,85,45.53,23.41,504,15.0,78.0,5.99,,,,,,,,,,,,,,,,,,,,,,,,,,,,,
Hassan,B0003 alur,C0804 k hosakote,6632 mallapura,379,57.61,27.45,6632,20.0,95.0,5.55,10.0,10.0,100.0,0.0,100.0,450.0,450.0,29.0,15.52,58.62,79.31,100.0,100.0,90.0,100.0,10.0,20.0,90.0,90.0,100.0,90.0,11.11,2.8,3.1,0.9,15.0,6.6,235.89,45.0
Hassan,B0003 alur,C0866 kamathikudige,5624 talur,332,58.46,24.65,5624,20.5,90.0,8.26,,,,,,,,,,,,,,,,,,,,,,,,,,,,,
Hassan,B0003 alur,C0881 kanathur,3350 kanathur,104,56.2,25.53,3350,25.0,90.0,6.93,11.0,10.0,90.91,9.09,100.0,638.0,426.0,26.0,16.38,69.23,69.23,100.0,100.0,30.0,100.0,10.0,0.0,90.0,100.0,100.0,90.0,11.11,2.8,1.6,1.1,17.7,7.5,236.67,42.6
Hassan,B0003 alur,C0881 kanathur,4053 madabalu,167,66.26,23.22,4053,33.0,95.0,10.2,14.0,14.0,100.0,0.0,100.0,312.0,312.0,28.0,11.14,60.71,64.29,100.0,100.0,64.29,92.86,7.14,0.0,85.71,100.0,100.0,100.0,7.69,1.29,2.0,1.0,19.5,9.29,237.79,22.3
Hassan,B0003 alur,C1092 magge,3427 karagodu,262,72.6,22.49,3427,40.0,100.0,1.94,11.0,9.0,81.82,18.18,100.0,1155.0,595.0,22.0,27.05,36.36,72.73,88.89,100.0,77.78,100.0,11.11,11.11,88.89,100.0,100.0,100.0,11.11,2.11,3.56,1.44,13.67,9.11,234.22,66.1
Hassan,B0003 alur,C1268 nalluru,4120 magge,81,68.21,28.0,4120,30.0,100.0,2.78,9.0,8.0,88.89,11.11,100.0,473.0,189.0,17.0,11.12,52.94,52.94,100.0,100.0,37.5,100.0,12.5,37.5,100.0,100.0,100.0,100.0,0.0,2.88,3.5,1.5,17.0,5.25,240.57,23.6
Hassan,B0003 alur,C1268 nalluru,504 abbna,107,55.93,27.09,504,20.0,90.0,2.65,,,,,,,,,,,,,,,,,,,,,,,,,,,,,
Hassan,B0003 alur,C1343 palya,4941 palya,198,55.2,26.83,4941,15.0,90.0,-3.05,14.0,14.0,100.0,0.0,100.0,457.0,457.0,40.0,11.42,65.0,55.0,100.0,100.0,35.71,100.0,7.14,14.29,92.86,100.0,100.0,92.86,0.0,2.29,2.93,1.07,18.0,8.0,220.29,32.6
Hassan,B0003 alur,C1542 sulugodu kudige,2059 ganjigere,221,67.08,25.59,2059,25.0,95.0,4.33,8.0,8.0,100.0,0.0,100.0,139.0,139.0,18.0,7.72,55.56,61.11,100.0,100.0,62.5,100.0,0.0,12.5,100.0,100.0,100.0,100.0,0.0,1.38,2.62,1.0,13.88,7.75,238.5,17.4
Hassan,B0003 alur,C2091 hanchuru,2400 hanchuru,111,83.2,13.02,2400,70.0,95.0,4.83,,,,,,,,,,,,,,,,,,,,,,,,,,,,,
Hassan,B0003 alur,C2091 hanchuru,3163 kadalu,72,88.19,11.82,3163,70.0,100.0,4.37,9.0,9.0,100.0,0.0,100.0,234.0,234.0,20.0,11.7,40.0,60.0,100.0,100.0,33.33,100.0,22.22,11.11,100.0,100.0,100.0,100.0,11.11,1.33,2.67,1.11,18.0,9.78,238.44,26.0
Hassan,B0003 alur,C2176 hunasavally,2697 hiunasavally,18,52.5,19.04,2697,30.0,70.0,19.29,,,,,,,,,,,,,,,,,,,,,,,,,,,,,
Hassan,B0003 alur,C2176 hunasavally,3163 kadalu,52,70.0,23.07,3163,45.0,95.0,7.74,9.0,9.0,100.0,0.0,100.0,234.0,234.0,20.0,11.7,40.0,60.0,100.0,100.0,33.33,100.0,22.22,11.11,100.0,100.0,100.0,100.0,11.11,1.33,2.67,1.11,18.0,9.78,238.44,26.0
Hassan,B0003 alur,C2338 kunduru,6479 kundur,51,70.49,19.32,6479,40.0,95.0,8.12,,,,,,,,,,,,,,,,,,,,,,,,,,,,,
Hassan,B0004 arakalagudu,C0093 ark urdhu,2416 handrangi,67,60.67,25.1,2416,35.0,95.0,3.3,10.0,9.0,90.0,10.0,100.0,275.0,196.0,18.0,10.89,61.11,66.67,100.0,100.0,66.67,100.0,0.0,0.0,100.0,100.0,100.0,88.89,0.0,1.11,2.44,1.44,16.89,10.33,238.0,21.8
Hassan,B0004 arakalagudu,C0093 ark urdhu,3729 konanur,349,54.23,27.59,3729,15.0,90.0,1.18,7.0,6.0,85.71,14.29,100.0,1326.0,844.0,26.0,32.46,73.08,80.77,100.0,100.0,66.67,100.0,50.0,16.67,100.0,100.0,100.0,50.0,50.0,2.5,4.83,1.67,15.5,6.67,241.17,140.7
Hassan,B0004 arakalagudu,C0093 ark urdhu,5131 rudrapattana,229,65.57,22.3,5131,35.0,95.0,4.38,,,,,,,,,,,,,,,,,,,,,,,,,,,,,
Hassan,B0004 arakalagudu,C0093 ark urdhu,5239 saraguru,146,50.34,25.99,5239,15.0,82.5,9.38,,,,,,,,,,,,,,,,,,,,,,,,,,,,,
Hassan,B0004 arakalagudu,C0093 ark urdhu,6613 lakkur,159,62.89,27.36,6613,15.0,91.0,1.42,5.0,5.0,100.0,0.0,100.0,242.0,242.0,14.0,17.29,14.29,71.43,100.0,100.0,80.0,100.0,0.0,0.0,100.0,100.0,100.0,80.0,0.0,1.6,3.0,1.0,17.6,9.6,238.4,48.4
Hassan,B0004 arakalagudu,C0162 bannur,213009374 kaduvina hosahally,99,47.88,25.27,213009374,14.0,80.0,16.41,,,,,,,,,,,,,,,,,,,,,,,,,,,,,
Hassan,B0004 arakalagudu,C0162 bannur,6356 bannur,64,56.72,21.93,6356,26.5,83.5,4.9,7.0,7.0,100.0,0.0,100.0,335.0,335.0,13.0,25.77,53.85,23.08,100.0,100.0,85.71,100.0,28.57,0.0,100.0,100.0,100.0,100.0,0.0,1.0,3.29,1.0,17.43,10.29,240.0,47.9
Hassan,B0004 arakalagudu,C0175 basavapatna,1088 basavapatna,195,54.56,29.87,1088,10.0,90.0,5.98,6.0,6.0,100.0,0.0,100.0,419.0,419.0,22.0,19.05,36.36,63.64,100.0,100.0,66.67,100.0,0.0,0.0,100.0,100.0,100.0,100.0,16.67,1.0,3.83,1.5,12.83,9.67,240.0,69.8
Hassan,B0004 arakalagudu,C0175 basavapatna,3253 kalenahally,263,45.59,25.45,3253,11.0,80.0,7.29,,,,,,,,,,,,,,,,,,,,,,,,,,,,,
Hassan,B0004 arakalagudu,C0175 basavapatna,5075 ramanathapura,243,67.26,22.3,5075,36.0,95.0,4.94,12.0,9.0,75.0,25.0,100.0,1366.0,337.0,23.0,14.65,73.91,47.83,100.0,100.0,88.89,88.89,11.11,0.0,100.0,100.0,100.0,100.0,22.22,1.11,4.0,1.33,15.78,10.67,237.33,37.4
Hassan,B0004 arakalagudu,C0194 belavadi,6435 belavadi,445,51.48,25.68,6435,15.0,85.0,3.92,14.0,13.0,92.86,7.14,100.0,547.0,335.0,26.0,12.88,26.92,46.15,100.0,100.0,61.54,100.0,15.38,0.0,100.0,100.0,100.0,100.0,7.69,1.31,2.31,1.08,15.15,9.92,237.54,25.8
Hassan,B0004 arakalagudu,C0337 chikkarakalagud colony,4199 mallipattana,194,55.59,25.61,4199,20.0,85.0,3.82,,,,,,,,,,,,,,,,,,,,,,,,,,,,,
Hassan,B0004 arakalagudu,C0337 chikkarakalagud colony,5996 vijapura forest,201,55.02,24.93,5996,20.0,85.0,8.92,11.0,11.0,100.0,0.0,100.0,232.0,232.0,20.0,11.6,40.0,55.0,100.0,100.0,45.45,100.0,9.09,0.0,100.0,100.0,100.0,100.0,9.09,1.0,2.18,2.0,14.09,10.55,239.64,21.1
Hassan,B0004 arakalagudu,C0419 dodda bemmathi,1886 doddabemmathi,255,59.65,23.0,1886,25.0,90.0,-1.77,,,,,,,,,,,,,,,,,,,,,,,,,,,,,
Hassan,B0004 arakalagudu,C0419 dodda bemmathi,2416 handrangi,61,62.95,23.71,2416,30.0,90.0,6.32,10.0,9.0,90.0,10.0,100.0,275.0,196.0,18.0,10.89,61.11,66.67,100.0,100.0,66.67,100.0,0.0,0.0,100.0,100.0,100.0,88.89,0.0,1.11,2.44,1.44,16.89,10.33,238.0,21.8
Hassan,B0004 arakalagudu,C0485 ganguru,2054 ganguru,163,55.49,22.68,2054,20.0,80.0,11.02,,,,,,,,,,,,,,,,,,,,,,,,,,,,,
Hassan,B0004 arakalagudu,C0485 ganguru,213009619 hanyalu,75,39.07,26.5,213009619,10.0,75.0,14.75,5.0,5.0,100.0,0.0,100.0,167.0,167.0,10.0,16.7,20.0,50.0,100.0,100.0,80.0,100.0,0.0,0.0,100.0,100.0,100.0,100.0,0.0,1.4,3.8,1.4,17.6,10.6,238.8,33.4
Hassan,B0004 arakalagudu,C0485 ganguru,3496 kattepura,151,50.76,25.78,3496,15.0,90.0,0.89,10.0,9.0,90.0,10.0,100.0,377.0,185.0,17.0,10.88,35.29,52.94,100.0,100.0,88.89,100.0,0.0,0.0,100.0,100.0,100.0,88.89,0.0,1.11,3.0,1.56,16.44,10.22,240.0,20.6
Hassan,B0004 arakalagudu,C0485 ganguru,6613 lakkur,122,50.04,30.15,6613,5.0,85.0,9.96,5.0,5.0,100.0,0.0,100.0,242.0,242.0,14.0,17.29,14.29,71.43,100.0,100.0,80.0,100.0,0.0,0.0,100.0,100.0,100.0,80.0,0.0,1.6,3.0,1.0,17.6,9.6,238.4,48.4
Hassan,B0004 arakalagudu,C0579 hallangala,2533 hebbale,74,54.8,20.23,2533,26.5,80.0,1.75,9.0,9.0,100.0,0.0,100.0,173.0,173.0,21.0,8.24,33.33,52.38,100.0,100.0,55.56,100.0,22.22,0.0,100.0,100.0,100.0,100.0,11.11,1.11,1.44,1.56,18.89,10.33,239.78,19.2
Hassan,B0004 arakalagudu,C0579 hallangala,2751 honnavally,153,46.99,26.84,2751,10.0,85.0,5.01,,,,,,,,,,,,,,,,,,,,,,,,,,,,,
Hassan,B0004 arakalagudu,C0579 hallangala,5229 santhemarur,355,49.8,25.84,5229,15.0,85.0,5.1,10.0,10.0,100.0,0.0,100.0,403.0,403.0,30.0,13.43,40.0,50.0,100.0,100.0,40.0,100.0,10.0,0.0,100.0,100.0,100.0,100.0,20.0,1.1,1.7,1.5,16.5,10.8,239.8,40.3
Hassan,B0004 arakalagudu,C0597 handrangi,213009378 taragalale,115,57.57,29.52,213009378,15.0,95.0,11.75,,,,,,,,,,,,,,,,,,,,,,,,,,,,,
Hassan,B0004 arakalagudu,C0597 handrangi,2416 handrangi,79,67.72,21.44,2416,39.0,91.0,7.36,10.0,9.0,90.0,10.0,100.0,275.0,196.0,18.0,10.89,61.11,66.67,100.0,100.0,66.67,100.0,0.0,0.0,100.0,100.0,100.0,88.89,0.0,1.11,2.44,1.44,16.89,10.33,238.0,21.8
Hassan,B0004 arakalagudu,C0910 kashipura,2751 honnavally,98,60.97,25.14,2751,25.0,91.5,10.64,,,,,,,,,,,,,,,,,,,,,,,,,,,,,
Hassan,B0004 arakalagudu,C0926 keralapura,3253 kalenahally,126,66.07,24.34,3253,32.5,95.0,8.52,,,,,,,,,,,,,,,,,,,,,,,,,,,,,
Hassan,B0004 arakalagudu,C0926 keralapura,3557 keralapura,145,44.45,25.22,3557,10.0,75.0,11.67,6.0,4.0,66.67,33.33,100.0,813.0,358.0,17.0,21.06,58.82,70.59,100.0,100.0,75.0,75.0,25.0,25.0,100.0,100.0,100.0,75.0,33.33,3.0,3.0,1.25,14.25,8.0,240.25,89.5
Hassan,B0004 arakalagudu,C0977 konanur,1578 chikkahalli,179,56.87,22.34,1578,25.0,85.0,2.14,,,,,,,,,,,,,,,,,,,,,,,,,,,,,
Hassan,B0004 arakalagudu,C0977 konanur,3729 konanur,154,67.4,16.93,3729,45.0,90.0,0.66,7.0,6.0,85.71,14.29,100.0,1326.0,844.0,26.0,32.46,73.08,80.77,100.0,100.0,66.67,100.0,50.0,16.67,100.0,100.0,100.0,50.0,50.0,2.5,4.83,1.67,15.5,6.67,241.17,140.7
Hassan,B0004 arakalagudu,C1116 mallipattana,4199 mallipattana,63,68.02,21.47,4199,41.0,94.0,6.54,,,,,,,,,,,,,,,,,,,,,,,,,,,,,
Hassan,B0004 arakalagudu,C1389 ramanathapura,3496 kattepura,82,47.32,28.11,3496,10.0,85.0,-0.26,10.0,9.0,90.0,10.0,100.0,377.0,185.0,17.0,10.88,35.29,52.94,100.0,100.0,88.89,100.0,0.0,0.0,100.0,100.0,100.0,88.89,0.0,1.11,3.0,1.56,16.44,10.22,240.0,20.6
Hassan,B0004 arakalagudu,C1695 vg koppal,1578 chikkahalli,177,61.86,16.45,1578,40.0,85.0,-3.75,,,,,,,,,,,,,,,,,,,,,,,,,,,,,
Hassan,B0004 arakalagudu,C1758 abm halli,2709 holalagodu,173,43.73,26.65,2709,5.0,80.0,6.69,9.0,9.0,100.0,0.0,100.0,209.0,209.0,20.0,10.45,60.0,50.0,100.0,100.0,22.22,100.0,11.11,0.0,100.0,100.0,100.0,77.78,11.11,1.11,2.11,1.78,13.56,9.78,239.89,23.2
Hassan,B0004 arakalagudu,C1767 agrahara,213009375 koratikere,103,35.44,24.81,213009375,5.0,70.0,13.69,5.0,5.0,100.0,0.0,100.0,95.0,95.0,9.0,10.56,44.44,66.67,100.0,100.0,20.0,100.0,0.0,0.0,100.0,100.0,100.0,80.0,0.0,1.0,1.8,1.0,17.0,10.0,240.0,19.0
Hassan,B0004 arakalagudu,C1767 agrahara,6065 yalagathavalli,184,44.65,25.1,6065,10.0,80.0,6.12,8.0,8.0,100.0,0.0,100.0,217.0,217.0,17.0,12.76,41.18,35.29,100.0,100.0,37.5,100.0,0.0,0.0,100.0,100.0,100.0,100.0,0.0,1.12,1.88,1.12,17.62,10.38,239.38,27.1
Hassan,B0004 arakalagudu,C1767 agrahara,6368 agrahara,187,42.19,25.19,6368,10.0,75.0,-1.93,6.0,6.0,100.0,0.0,100.0,207.0,207.0,16.0,12.94,68.75,50.0,100.0,100.0,50.0,100.0,0.0,0.0,100.0,100.0,100.0,100.0,0.0,1.17,2.83,1.17,16.33,10.17,240.5,34.5
Hassan,B0004 arakalagudu,C1913 bychanahally,1442 bychanahally,194,55.08,23.96,1442,25.0,85.0,-2.32,,,,,,,,,,,,,,,,,,,,,,,,,,,,,
Hassan,B0004 arakalagudu,C2004 doddamagge,1910 doddamagge,207,39.37,25.68,1910,10.0,75.0,6.79,,,,,,,,,,,,,,,,,,,,,,,,,,,,,
Hassan,B0004 arakalagudu,C2004 doddamagge,213009621 mokali,117,48.42,26.04,213009621,10.0,82.0,-5.12,10.0,9.0,90.0,10.0,100.0,724.0,234.0,19.0,12.32,57.89,47.37,100.0,100.0,55.56,100.0,0.0,0.0,100.0,100.0,100.0,88.89,0.0,1.0,2.11,1.33,16.67,11.56,241.11,26.0
Hassan,B0004 arakalagudu,C2027 ganjalagud,2055 ganjalagud,151,60.23,23.02,2055,25.0,90.0,-3.78,,,,,,,,,,,,,,,,,,,,,,,,,,,,,
Hassan,B0004 arakalagudu,C2063 h r p colony,2533 hebbale,87,60.98,23.73,2533,25.0,90.0,10.61,9.0,9.0,100.0,0.0,100.0,173.0,173.0,21.0,8.24,33.33,52.38,100.0,100.0,55.56,100.0,22.22,0.0,100.0,100.0,100.0,100.0,11.11,1.11,1.44,1.56,18.89,10.33,239.78,19.2
Hassan,B0004 arakalagudu,C2063 h r p colony,5937 vaddarahalli,150,59.83,28.7,5937,15.0,90.0,13.02,6.0,6.0,100.0,0.0,100.0,91.0,91.0,11.0,8.27,54.55,36.36,100.0,100.0,16.67,100.0,33.33,0.0,100.0,100.0,100.0,100.0,0.0,1.33,1.5,1.33,16.17,9.67,238.17,15.2
Hassan,B0004 arakalagudu,C2167 hulikal,213009376 heggadihally,121,44.21,23.03,213009376,10.0,75.0,2.26,,,,,,,,,,,,,,,,,,,,,,,,,,,,,
Hassan,B0004 arakalagudu,C2167 hulikal,2835 hulikal,191,46.99,25.71,2835,10.0,80.0,1.03,,,,,,,,,,,,,,,,,,,,,,,,,,,,,
Hassan,B0004 arakalagudu,C2277 kathimalenahalli,3499 kattimallenahalli,135,53.0,26.18,3499,15.0,90.0,8.13,,,,,,,,,,,,,,,,,,,,,,,,,,,,,
Hassan,B0005 arasikere,C0023 ahsb colony,6425 belagumba,206,44.44,27.37,6425,10.0,85.0,2.15,17.0,17.0,100.0,0.0,100.0,758.0,758.0,49.0,15.47,48.98,59.18,100.0,100.0,52.94,94.12,17.65,11.76,88.24,100.0,88.24,88.24,13.33,1.41,2.24,0.41,12.65,2.53,239.08,44.6
Hassan,B0005 arasikere,C0080 arakere,3143 kachigatta,224,52.46,23.94,3143,16.5,85.0,4.65,,,,,,,,,,,,,,,,,,,,,,,,,,,,,
Hassan,B0005 arasikere,C0080 arakere,3690 kolagunda,217,44.86,26.93,3690,5.0,85.0,-5.44,6.0,6.0,100.0,0.0,100.0,207.0,207.0,21.0,9.86,28.57,42.86,100.0,100.0,16.67,100.0,16.67,0.0,100.0,100.0,83.33,100.0,16.67,1.0,1.67,0.5,11.0,2.33,236.8,34.5
Hassan,B0005 arasikere,C0080 arakere,6343 bandur,84,80.0,14.91,6343,61.5,98.5,5.62,8.0,8.0,100.0,0.0,100.0,264.0,264.0,24.0,11.0,33.33,50.0,100.0,100.0,75.0,100.0,87.5,0.0,50.0,100.0,100.0,100.0,12.5,1.12,2.38,1.0,9.75,8.5,235.67,33.0
Hassan,B0005 arasikere,C0080 arakere,6513 arakere,151,54.21,25.32,6513,25.0,90.0,-1.23,9.0,9.0,100.0,0.0,100.0,217.0,217.0,22.0,9.86,59.09,54.55,100.0,100.0,66.67,100.0,11.11,0.0,100.0,100.0,100.0,88.89,0.0,1.22,2.44,0.67,8.0,6.0,213.62,24.1
Hassan,B0005 arasikere,C0127 bageshpura,2284 habbana gatta,156,58.97,27.74,2284,15.0,92.5,4.53,,,,,,,,,,,,,,,,,,,,,,,,,,,,,
Hassan,B0005 arasikere,C0127 bageshpura,6634 rangapura,94,59.89,22.92,6634,31.5,90.0,-1.3,12.0,12.0,100.0,0.0,100.0,275.0,275.0,29.0,9.48,44.83,48.28,91.67,100.0,33.33,100.0,0.0,0.0,100.0,100.0,91.67,91.67,0.0,1.17,1.0,0.08,9.08,2.92,237.11,22.9
Hassan,B0005 arasikere,C0127 bageshpura,925 bageshpura,230,73.39,18.75,925,49.5,95.0,0.05,7.0,6.0,85.71,14.29,100.0,541.0,369.0,17.0,21.71,47.06,52.94,100.0,100.0,50.0,100.0,16.67,0.0,83.33,100.0,83.33,83.33,0.0,1.17,4.0,0.0,3.0,1.67,,61.5
Hassan,B0005 arasikere,C0147 banavara,1011 nagaon (a),189,66.88,25.72,1011,25.0,95.0,-1.36,,,,,,,,,,,,,,,,,,,,,,,,,,,,,
Hassan,B0005 arasikere,C0190 belagumba,6425 belagumba,105,75.9,18.58,6425,47.0,95.0,6.63,17.0,17.0,100.0,0.0,100.0,758.0,758.0,49.0,15.47,48.98,59.18,100.0,100.0,52.94,94.12,17.65,11.76,88.24,100.0,88.24,88.24,13.33,1.41,2.24,0.41,12.65,2.53,239.08,44.6
Hassan,B0005 arasikere,C0483 gandasi,2041 gandasi,175,68.34,24.36,2041,30.0,95.0,-6.88,9.0,5.0,55.56,44.44,100.0,1904.0,250.0,16.0,15.62,62.5,37.5,100.0,100.0,60.0,80.0,20.0,20.0,60.0,100.0,80.0,80.0,20.0,1.4,2.2,0.4,8.6,1.8,237.0,50.0
Hassan,B0005 arasikere,C0483 gandasi,2563 heggatta,98,74.18,23.79,2563,40.0,100.0,6.04,4.0,4.0,100.0,0.0,100.0,91.0,91.0,10.0,9.1,60.0,60.0,75.0,100.0,0.0,100.0,25.0,0.0,100.0,100.0,100.0,100.0,25.0,1.0,2.0,0.0,0.0,0.0,240.0,22.8
Hassan,B0005 arasikere,C0483 gandasi,4007 lalanakere,83,73.86,19.97,4007,41.0,95.0,2.45,7.0,7.0,100.0,0.0,100.0,112.0,112.0,19.0,5.89,73.68,78.95,100.0,100.0,28.57,100.0,0.0,0.0,85.71,100.0,85.71,100.0,0.0,1.43,1.29,0.43,9.14,9.14,240.0,16.0
Hassan,B0005 arasikere,C0483 gandasi,4516 mududi,212,60.21,25.95,4516,20.5,90.0,-4.75,6.0,6.0,100.0,0.0,100.0,299.0,299.0,19.0,15.74,26.32,36.84,100.0,100.0,66.67,100.0,16.67,16.67,66.67,100.0,100.0,100.0,16.67,1.0,0.17,0.17,4.83,3.67,241.0,49.8
Hassan,B0005 arasikere,C0769 jajur,6248 jajur,345,49.78,28.03,6248,10.0,85.0,-0.0,8.0,8.0,100.0,0.0,100.0,263.0,263.0,23.0,11.43,69.57,43.48,100.0,100.0,50.0,100.0,0.0,12.5,87.5,100.0,100.0,100.0,37.5,1.0,2.25,0.25,9.25,3.75,239.2,32.9
Hassan,B0005 arasikere,C0791 jc pura,3061 jayachamarajapura,286,60.1,25.27,3061,25.0,90.0,7.69,6.0,6.0,100.0,0.0,100.0,273.0,273.0,19.0,14.37,63.16,31.58,100.0,100.0,16.67,83.33,0.0,0.0,66.67,100.0,100.0,83.33,0.0,1.17,2.67,0.33,13.17,9.33,240.75,45.5
Hassan,B0005 arasikere,C0791 jc pura,3312 kamasamudra,150,51.13,25.3,3312,15.0,85.0,0.73,11.0,11.0,100.0,0.0,100.0,511.0,511.0,33.0,15.48,48.48,51.52,100.0,100.0,9.09,100.0,9.09,18.18,81.82,100.0,100.0,90.91,20.0,1.09,2.45,0.18,9.45,6.64,238.83,46.5
Hassan,B0005 arasikere,C0813 kaachigatta,3143 kachigatta,121,60.83,22.98,3143,30.0,90.0,3.95,,,,,,,,,,,,,,,,,,,,,,,,,,,,,
Hassan,B0005 arasikere,C0814 kaamasamudra,3312 kamasamudra,121,50.58,27.83,3312,10.0,85.0,4.27,11.0,11.0,100.0,0.0,100.0,511.0,511.0,33.0,15.48,48.48,51.52,100.0,100.0,9.09,100.0,9.09,18.18,81.82,100.0,100.0,90.91,20.0,1.09,2.45,0.18,9.45,6.64,238.83,46.5
Hassan,B0005 arasikere,C0814 kaamasamudra,6267 rampura,65,60.0,23.67,6267,32.0,88.0,14.43,7.0,7.0,100.0,0.0,100.0,182.0,182.0,16.0,11.38,37.5,43.75,100.0,100.0,28.57,71.43,0.0,14.29,100.0,100.0,100.0,100.0,0.0,0.86,2.29,0.29,14.0,8.86,238.8,26.0
Hassan,B0005 arasikere,C1283 narasipura,4743 narasipura,139,59.32,29.85,4743,15.0,95.0,18.08,7.0,7.0,100.0,0.0,100.0,203.0,203.0,16.0,12.69,75.0,50.0,100.0,100.0,28.57,100.0,28.57,14.29,100.0,100.0,85.71,100.0,0.0,1.29,2.14,0.29,16.14,10.14,240.0,29.0
Hassan,B0005 arasikere,C1568 talalooru,5612 talalur,134,68.92,21.07,5612,45.0,93.5,2.97,,,,,,,,,,,,,,,,,,,,,,,,,,,,,
Hassan,B0005 arasikere,C1648 urdhu gramanthara,2456 harana hally,76,59.87,22.88,2456,27.5,87.5,0.32,,,,,,,,,,,,,,,,,,,,,,,,,,,,,
Hassan,B0005 arasikere,C1766 aggunda,1962 dummena hally,263,52.64,27.65,1962,15.0,90.0,7.94,,,,,,,,,,,,,,,,,,,,,,,,,,,,,
Hassan,B0005 arasikere,C1766 aggunda,548 aggunda,291,60.14,24.24,548,25.0,90.0,4.57,9.0,7.0,77.78,22.22,100.0,607.0,326.0,23.0,14.17,60.87,47.83,100.0,100.0,42.86,100.0,0.0,0.0,100.0,100.0,85.71,100.0,14.29,1.0,2.0,0.43,9.43,7.14,238.83,46.6
Hassan,B0005 arasikere,C1921 chagachagere,1466 chagachagere,117,56.97,25.35,1466,20.0,85.0,9.42,,,,,,,,,,,,,,,,,,,,,,,,,,,,,
Hassan,B0005 arasikere,C1921 chagachagere,213009606 bagivalu,24,74.79,17.78,213009606,55.0,95.0,9.62,6.0,5.0,83.33,16.67,100.0,71.0,61.0,10.0,6.1,30.0,80.0,100.0,100.0,20.0,100.0,20.0,20.0,100.0,100.0,100.0,100.0,0.0,1.0,1.6,0.4,11.4,7.0,235.0,12.2
Hassan,B0005 arasikere,C1921 chagachagere,929 bagivalu,176,48.38,24.91,929,15.0,80.0,4.38,6.0,5.0,83.33,16.67,100.0,71.0,61.0,10.0,6.1,30.0,80.0,100.0,100.0,20.0,100.0,20.0,20.0,100.0,100.0,100.0,100.0,0.0,1.0,1.6,0.4,11.4,7.0,235.0,12.2
Hassan,B0005 arasikere,C1955 chindenahally gate,3744 kondenalu,50,51.6,26.85,3744,10.0,85.0,13.43,8.0,8.0,100.0,0.0,100.0,108.0,108.0,13.0,8.31,46.15,38.46,87.5,100.0,37.5,100.0,12.5,0.0,87.5,100.0,87.5,100.0,0.0,1.12,0.88,0.25,4.38,3.62,239.5,13.5
Hassan,B0005 arasikere,C1955 chindenahally gate,6057 yadvana hally,52,75.77,20.87,6057,50.0,100.0,-8.24,,,,,,,,,,,,,,,,,,,,,,,,,,,,,
Hassan,B0005 arasikere,C1955 chindenahally gate,6664 kenkere,199,57.19,24.61,6664,25.0,90.0,6.54,8.0,8.0,100.0,0.0,100.0,371.0,371.0,21.0,17.67,71.43,71.43,100.0,100.0,50.0,100.0,12.5,0.0,100.0,100.0,87.5,87.5,25.0,0.88,2.75,0.25,2.38,1.62,240.0,46.4
Hassan,B0005 arasikere,C2005 doddametikurke,1711 d.m.kurke,165,59.36,25.8,1711,20.0,90.0,-2.37,,,,,,,,,,,,,,,,,,,,,,,,,,,,,
Hassan,B0005 arasikere,C2005 doddametikurke,4066 madalu,109,68.76,27.82,4066,29.0,100.0,8.42,7.0,6.0,85.71,14.29,100.0,445.0,149.0,14.0,10.64,42.86,50.0,100.0,100.0,33.33,100.0,16.67,0.0,83.33,100.0,83.33,100.0,16.67,1.17,2.33,0.17,5.0,1.83,239.67,24.8
Hassan,B0005 arasikere,C2005 doddametikurke,6267 rampura,54,57.69,23.04,6267,25.0,85.0,1.28,7.0,7.0,100.0,0.0,100.0,182.0,182.0,16.0,11.38,37.5,43.75,100.0,100.0,28.57,71.43,0.0,14.29,100.0,100.0,100.0,100.0,0.0,0.86,2.29,0.29,14.0,8.86,238.8,26.0
Hassan,B0005 arasikere,C2095 handralu,2415 handralu,131,60.69,23.78,2415,25.0,90.0,-1.12,6.0,6.0,100.0,0.0,100.0,196.0,196.0,19.0,10.32,15.79,42.11,83.33,100.0,50.0,83.33,0.0,0.0,83.33,100.0,83.33,100.0,0.0,1.33,1.83,0.5,7.83,5.0,239.5,32.7
Hassan,B0005 arasikere,C2102 harana hally,2456 harana hally,74,51.96,22.25,2456,25.0,80.0,-1.13,,,,,,,,,,,,,,,,,,,,,,,,,,,,,
Hassan,B0005 arasikere,C2102 harana hally,3429 karagunda,153,54.31,26.8,3429,15.0,90.0,9.2,6.0,6.0,100.0,0.0,100.0,152.0,152.0,15.0,10.13,33.33,33.33,100.0,100.0,16.67,100.0,0.0,0.0,100.0,100.0,16.67,100.0,0.0,1.0,2.67,0.17,10.83,2.0,190.8,25.3
Hassan,B0005 arasikere,C2140 hiriyuru,1222 bendekere,193,71.5,24.63,1222,36.0,95.0,6.01,8.0,8.0,100.0,0.0,100.0,226.0,226.0,22.0,10.27,72.73,31.82,100.0,100.0,25.0,100.0,12.5,0.0,100.0,100.0,100.0,87.5,25.0,1.0,2.38,0.12,9.75,6.12,240.2,28.2
Hassan,B0005 arasikere,C2140 hiriyuru,3950 kuruvanka,115,76.35,16.81,3950,52.0,95.0,4.51,16.0,14.0,87.5,12.5,100.0,1059.0,361.0,33.0,10.94,48.48,51.52,100.0,100.0,28.57,100.0,7.14,0.0,78.57,100.0,78.57,100.0,21.43,1.14,2.29,0.93,9.79,4.64,239.4,25.8
Hassan,B0005 arasikere,C2140 hiriyuru,6499 hiriyur,200,82.3,12.85,6499,65.0,95.0,2.81,9.0,9.0,100.0,0.0,100.0,286.0,286.0,24.0,11.92,62.5,41.67,100.0,100.0,0.0,100.0,0.0,11.11,55.56,100.0,55.56,100.0,22.22,1.0,2.11,1.22,9.11,4.89,238.4,31.8
Hassan,B0005 arasikere,C2201 javagal,3056 javagal,221,54.3,26.64,3056,15.0,90.0,3.12,10.0,6.0,60.0,40.0,100.0,1720.0,529.0,25.0,21.16,56.0,88.0,100.0,100.0,66.67,100.0,66.67,16.67,50.0,83.33,100.0,83.33,50.0,1.0,4.33,0.83,10.67,10.0,234.17,88.2
Hassan,B0005 arasikere,C2201 javagal,6343 bandur,85,82.94,13.79,6343,65.0,100.0,6.28,8.0,8.0,100.0,0.0,100.0,264.0,264.0,24.0,11.0,33.33,50.0,100.0,100.0,75.0,100.0,87.5,0.0,50.0,100.0,100.0,100.0,12.5,1.12,2.38,1.0,9.75,8.5,235.67,33.0
Hassan,B0005 arasikere,C2201 javagal,6481 nerlige,104,75.43,16.16,6481,55.0,95.0,7.06,6.0,5.0,83.33,16.67,100.0,212.0,120.0,13.0,9.23,38.46,46.15,100.0,100.0,80.0,100.0,20.0,0.0,80.0,100.0,100.0,100.0,0.0,1.0,3.6,1.4,10.0,5.2,244.33,24.0
Hassan,B0005 arasikere,C2213 k. shankaranahalli,3127 k.shankaranahally,156,71.41,21.58,3127,42.5,95.0,0.6,,,,,,,,,,,,,,,,,,,,,,,,,,,,,
Hassan,B0005 arasikere,C2249 kanakatte,3234 kalagundi,255,55.76,24.08,3234,25.0,90.0,3.58,,,,,,,,,,,,,,,,,,,,,,,,,,,,,
Hassan,B0005 arasikere,C2249 kanakatte,3343 kanakatte,180,71.75,24.04,3343,40.0,95.0,8.1,9.0,7.0,77.78,22.22,100.0,667.0,207.0,18.0,11.5,33.33,44.44,100.0,100.0,28.57,85.71,14.29,28.57,85.71,100.0,85.71,71.43,0.0,1.0,1.71,0.57,7.86,3.43,241.0,29.6
Hassan,B0005 arasikere,C2313 kondenalu,3744 kondenalu,54,56.48,24.04,3744,20.0,85.0,-2.59,8.0,8.0,100.0,0.0,100.0,108.0,108.0,13.0,8.31,46.15,38.46,87.5,100.0,37.5,100.0,12.5,0.0,87.5,100.0,87.5,100.0,0.0,1.12,0.88,0.25,4.38,3.62,239.5,13.5
Hassan,B0005 arasikere,C2346 kuruvanka,3950 kuruvanka,113,55.58,27.38,3950,15.0,90.0,5.88,16.0,14.0,87.5,12.5,100.0,1059.0,361.0,33.0,10.94,48.48,51.52,100.0,100.0,28.57,100.0,7.14,0.0,78.57,100.0,78.57,100.0,21.43,1.14,2.29,0.93,9.79,4.64,239.4,25.8
Hassan,B0005 arasikere,C2455 murundi,2081 geeji hally,77,63.64,23.25,2081,28.0,92.0,12.31,,,,,,,,,,,,,,,,,,,,,,,,,,,,,
Hassan,B0005 arasikere,C2455 murundi,4577 murundi,209,40.12,25.3,4577,5.0,76.0,0.16,6.0,6.0,100.0,0.0,100.0,332.0,332.0,21.0,15.81,61.9,42.86,100.0,100.0,0.0,100.0,0.0,0.0,66.67,100.0,100.0,100.0,0.0,1.33,1.33,0.83,7.0,6.0,237.33,55.3
Hassan,B0005 arasikere,C2542 purlehalli,5028 purlehally,263,40.99,26.5,5028,6.0,80.0,4.86,,,,,,,,,,,,,,,,,,,,,,,,,,,,,
Hassan,B0005 arasikere,C2709 undiganalu,3301 kalyadi,97,55.88,29.85,3301,15.0,95.0,-1.01,5.0,4.0,80.0,20.0,100.0,176.0,102.0,9.0,11.33,66.67,66.67,100.0,100.0,25.0,100.0,25.0,0.0,100.0,100.0,100.0,100.0,0.0,1.0,1.5,0.5,5.75,1.5,241.67,25.5
Hassan,B0018 belur,C0009 adagur,2136 gonisomanahally,102,65.64,23.23,2136,35.0,90.0,5.69,,,,,,,,,,,,,,,,,,,,,,,,,,,,,
Hassan,B0018 belur,C0009 adagur,5277 savasihally,178,53.06,27.7,5277,13.5,90.0,-0.96,,,,,,,,,,,,,,,,,,,,,,,,,,,,,
Hassan,B0018 belur,C0009 adagur,6687 adagur,87,69.6,22.58,6687,35.0,90.0,11.65,,,,,,,,,,,,,,,,,,,,,,,,,,,,,
Hassan,B0018 belur,C0248 bikkodu,1336 bikkodu,139,50.65,23.19,1336,19.0,80.0,12.65,,,,,,,,,,,,,,,,,,,,,,,,,,,,,
Hassan,B0018 belur,C0248 bikkodu,3568 kesagodu,42,51.43,28.31,3568,15.5,90.0,-17.92,5.0,4.0,80.0,20.0,100.0,70.0,56.0,7.0,8.0,42.86,71.43,100.0,100.0,75.0,100.0,50.0,0.0,75.0,100.0,100.0,100.0,0.0,1.0,1.25,0.5,6.75,4.75,235.0,14.0
Hassan,B0018 belur,C0817 kachihally,3676 kogilamane,38,72.11,20.65,3676,40.0,100.0,4.97,5.0,5.0,100.0,0.0,100.0,103.0,103.0,11.0,9.36,27.27,54.55,100.0,100.0,60.0,100.0,80.0,0.0,80.0,100.0,100.0,100.0,0.0,1.4,1.2,0.8,12.2,8.2,233.0,20.6
Hassan,B0018 belur,C0817 kachihally,5235 sanyasihally,129,66.36,22.69,5235,34.0,95.0,3.44,,,,,,,,,,,,,,,,,,,,,,,,,,,,,
Hassan,B0018 belur,C0958 kogodu,1528 cheekanahally,154,62.11,23.84,1528,30.0,90.0,0.7,,,,,,,,,,,,,,,,,,,,,,,,,,,,,
Hassan,B0018 belur,C0958 kogodu,2887 hunuganahally,133,58.8,21.98,2887,30.0,85.0,10.3,,,,,,,,,,,,,,,,,,,,,,,,,,,,,
Hassan,B0018 belur,C1587 thagare,3955 kushavara,63,66.59,21.9,3955,35.0,90.0,7.47,7.0,6.0,85.71,14.29,100.0,281.0,206.0,15.0,13.73,53.33,73.33,100.0,100.0,66.67,100.0,50.0,0.0,100.0,100.0,100.0,100.0,0.0,1.17,2.83,0.5,7.0,8.33,236.75,34.3
Hassan,B0018 belur,C1609 tholalu,5740 tholalu,95,72.84,17.27,5740,45.0,95.0,4.15,11.0,10.0,90.91,9.09,100.0,702.0,193.0,22.0,8.77,54.55,63.64,100.0,100.0,50.0,100.0,30.0,0.0,90.0,100.0,90.0,100.0,0.0,1.3,1.0,0.3,6.4,3.8,240.25,19.3
Hassan,B0018 belur,C1788 andale,2306 hagare,447,52.01,26.82,2306,15.0,85.0,-1.26,13.0,12.0,92.31,7.69,100.0,1174.0,824.0,41.0,20.1,56.1,63.41,100.0,100.0,58.33,100.0,41.67,0.0,91.67,100.0,100.0,83.33,18.18,2.25,2.75,1.17,8.25,4.83,236.11,68.7
Hassan,B0018 belur,C1788 andale,6070 yalahanka,54,71.57,18.58,6070,50.0,93.5,-9.63,9.0,9.0,100.0,0.0,100.0,148.0,148.0,16.0,9.25,37.5,56.25,100.0,100.0,22.22,100.0,0.0,0.0,77.78,100.0,100.0,100.0,11.11,1.0,2.44,0.11,11.0,8.0,238.0,16.4
Hassan,B0018 belur,C1788 andale,700 andale,65,62.54,23.64,700,32.0,90.0,9.31,8.0,8.0,100.0,0.0,100.0,272.0,272.0,18.0,15.11,33.33,55.56,100.0,100.0,50.0,100.0,37.5,25.0,87.5,87.5,87.5,100.0,0.0,1.0,1.62,0.25,12.0,5.75,219.2,34.0
Hassan,B0018 belur,C1810 arehally,3997 lakkunda,29,51.55,27.23,3997,14.0,82.0,-5.98,4.0,4.0,100.0,0.0,100.0,134.0,134.0,7.0,19.14,71.43,57.14,100.0,100.0,50.0,100.0,50.0,25.0,75.0,100.0,100.0,100.0,0.0,1.25,5.0,1.5,7.75,5.75,235.25,33.5
Hassan,B0018 belur,C1810 arehally,4163 malasavara,55,53.09,27.7,4163,17.0,91.0,-1.67,3.0,3.0,100.0,0.0,100.0,44.0,44.0,4.0,11.0,0.0,50.0,100.0,100.0,100.0,100.0,0.0,0.0,100.0,100.0,100.0,100.0,0.0,1.33,2.33,3.33,6.33,6.67,238.5,14.7
Hassan,B0018 belur,C1810 arehally,742 anughatta,33,60.61,23.84,742,28.0,93.0,7.88,4.0,4.0,100.0,0.0,100.0,132.0,132.0,10.0,13.2,20.0,80.0,100.0,100.0,100.0,100.0,25.0,0.0,100.0,100.0,100.0,100.0,0.0,1.0,1.75,0.5,7.0,8.0,239.33,33.0
Hassan,B0018 belur,C1810 arehally,789 arehally,101,71.63,18.32,789,50.0,95.0,9.24,,,,,,,,,,,,,,,,,,,,,,,,,,,,,
Hassan,B0018 belur,C1872 belur,1562 chikka medur,182,70.36,21.68,1562,40.0,95.0,-0.35,,,,,,,,,,,,,,,,,,,,,,,,,,,,,
Hassan,B0018 belur,C1872 belur,4976 pattana panchayat belur,183,54.84,22.29,4976,20.0,80.0,4.48,,,,,,,,,,,,,,,,,,,,,,,,,,,,,
Hassan,B0018 belur,C1872 belur,5740 tholalu,166,62.17,19.45,5740,40.0,90.0,5.29,11.0,10.0,90.91,9.09,100.0,702.0,193.0,22.0,8.77,54.55,63.64,100.0,100.0,50.0,100.0,30.0,0.0,90.0,100.0,90.0,100.0,0.0,1.3,1.0,0.3,6.4,3.8,240.25,19.3
Hassan,B0018 belur,C2026 gangur,2053 gangur,78,58.85,25.34,2053,15.0,86.5,5.35,4.0,4.0,100.0,0.0,100.0,85.0,85.0,10.0,8.5,30.0,40.0,100.0,100.0,25.0,100.0,25.0,0.0,100.0,75.0,75.0,100.0,0.0,1.25,2.5,0.75,8.5,7.25,242.75,21.2
Hassan,B0018 belur,C2026 gangur,2091 ghattadahally,128,50.55,27.19,2091,15.0,90.0,10.83,,,,,,,,,,,,,,,,,,,,,,,,,,,,,
Hassan,B0018 belur,C2026 gangur,213009620 kodihally,141,57.62,25.97,213009620,15.0,90.0,11.78,,,,,,,,,,,,,,,,,,,,,,,,,,,,,
Hassan,B0018 belur,C2026 gangur,3661 kodihally,174,53.85,26.55,3661,15.0,88.5,1.32,,,,,,,,,,,,,,,,,,,,,,,,,,,,,
Hassan,B0018 belur,C2034 gendehally,1715 dabbe,39,65.26,17.99,1715,40.0,86.0,3.06,3.0,3.0,100.0,0.0,100.0,31.0,31.0,5.0,6.2,20.0,40.0,100.0,100.0,66.67,100.0,33.33,0.0,100.0,100.0,100.0,100.0,0.0,1.0,1.33,0.0,3.33,3.0,240.0,10.3
Hassan,B0018 belur,C2034 gendehally,3279 kalleri,66,57.2,23.45,3279,20.0,80.0,-2.75,13.0,12.0,92.31,7.69,100.0,483.0,295.0,25.0,11.8,64.0,48.0,91.67,100.0,33.33,100.0,50.0,16.67,75.0,91.67,100.0,91.67,9.09,1.17,1.83,0.5,5.33,4.83,237.71,24.6
Hassan,B0018 belur,C2077 halebeedu,1520 chatachattihally,40,60.75,26.01,1520,24.5,90.0,-0.58,,,,,,,,,,,,,,,,,,,,,,,,,,,,,
Hassan,B0018 belur,C2077 halebeedu,5049 rajana siriyuru,177,66.1,26.87,5049,25.0,100.0,5.07,,,,,,,,,,,,,,,,,,,,,,,,,,,,,
Hassan,B0018 belur,C2077 halebeedu,6542 halebeedu,454,52.43,24.18,6542,20.0,85.0,4.45,10.0,7.0,70.0,30.0,100.0,2076.0,1069.0,37.0,28.89,51.35,81.08,85.71,100.0,57.14,100.0,28.57,14.29,57.14,85.71,85.71,71.43,20.0,4.0,4.43,0.57,6.14,6.14,192.2,152.7
Hassan,B0018 belur,C2110 hebbalu,2913 ibbeedu,78,58.85,24.03,2913,25.0,85.0,7.99,,,,,,,,,,,,,,,,,,,,,,,,,,,,,
Hassan,B0018 belur,C2110 hebbalu,6673 hebbalu,151,68.31,23.88,6673,30.0,95.0,-1.32,14.0,14.0,100.0,0.0,100.0,259.0,259.0,27.0,9.59,48.15,48.15,92.86,100.0,64.29,100.0,21.43,0.0,92.86,92.86,100.0,92.86,0.0,1.07,2.14,0.07,5.29,4.71,238.4,18.5
Hassan,B0018 belur,C2173 hulugundi,2858 hulugundi,94,72.23,15.37,2858,55.0,95.0,-4.56,6.0,6.0,100.0,0.0,100.0,215.0,215.0,14.0,15.36,50.0,64.29,100.0,100.0,100.0,100.0,66.67,0.0,100.0,100.0,100.0,100.0,0.0,1.17,2.5,0.5,12.33,7.33,237.4,35.8
Hassan,B0018 belur,C2173 hulugundi,4057 madaghatta,86,70.23,13.91,4057,55.0,90.0,2.55,7.0,7.0,100.0,0.0,100.0,199.0,199.0,16.0,12.44,25.0,68.75,100.0,100.0,57.14,100.0,14.29,0.0,71.43,100.0,100.0,100.0,0.0,1.0,1.43,0.43,7.71,6.71,236.0,28.4
Hassan,B0018 belur,C2251 kanayakanahally,1050 bantena hally,111,56.94,27.44,1050,15.0,90.0,11.42,,,,,,,,,,,,,,,,,,,,,,,,,,,,,
Hassan,B0018 belur,C2251 kanayakanahally,2423 hanike,127,53.74,27.39,2423,18.0,90.0,8.17,4.0,4.0,100.0,0.0,100.0,113.0,113.0,10.0,11.3,60.0,60.0,100.0,100.0,75.0,100.0,75.0,0.0,100.0,100.0,100.0,100.0,0.0,1.25,2.75,0.0,3.0,3.25,,28.2
Hassan,B0018 belur,C2251 kanayakanahally,4746 narayanapura,264,50.64,24.86,4746,15.0,85.0,4.35,10.0,10.0,100.0,0.0,100.0,271.0,271.0,25.0,10.84,60.0,64.0,90.0,100.0,60.0,100.0,20.0,0.0,100.0,100.0,100.0,100.0,0.0,1.2,2.5,1.3,5.4,7.1,236.0,27.1
Hassan,B0018 belur,C2359 lingapana koppalu,1520 chatachattihally,28,82.32,14.3,1520,65.0,100.0,-2.6,,,,,,,,,,,,,,,,,,,,,,,,,,,,,
Hassan,B0018 belur,C2359 lingapana koppalu,3661 kodihally,30,53.83,24.66,3661,24.5,80.5,-14.04,,,,,,,,,,,,,,,,,,,,,,,,,,,,,
Hassan,B0018 belur,C2855 iravally,6093 yamasandhi,28,73.39,20.51,6093,50.0,95.0,-6.39,,,,,,,,,,,,,,,,,,,,,,,,,,,,,
Hassan,B0018 belur,C2909 norway,4885 norway pete,52,68.85,27.61,4885,20.0,94.5,3.38,,,,,,,,,,,,,,,,,,,,,,,,,,,,,
Hassan,B0018 belur,C2909 norway,5759 thumbadevanahally,22,60.23,23.88,5759,30.0,94.0,14.17,,,,,,,,,,,,,,,,,,,,,,,,,,,,,
Hassan,B0029 channarayapatna,C0065 anekere,4884 noranakki gate,121,71.53,27.94,4884,25.0,100.0,4.59,,,,,,,,,,,,,,,,,,,,,,,,,,,,,
Hassan,B0029 channarayapatna,C0065 anekere,6472 anekere,234,57.35,26.47,6472,15.0,90.0,3.98,11.0,11.0,100.0,0.0,100.0,269.0,269.0,26.0,10.35,38.46,38.46,100.0,100.0,63.64,100.0,0.0,0.0,90.91,100.0,90.91,100.0,0.0,1.0,1.55,1.45,7.91,6.82,227.8,24.5
Hassan,B0029 channarayapatna,C0129 baguru,5602 tagaduru,163,67.15,24.27,5602,30.0,95.0,11.75,,,,,,,,,,,,,,,,,,,,,,,,,,,,,
Hassan,B0029 channarayapatna,C0129 baguru,6587 byadarahalli,153,63.24,25.74,6587,17.0,90.0,6.36,8.0,8.0,100.0,0.0,100.0,170.0,170.0,19.0,8.95,36.84,36.84,100.0,100.0,75.0,100.0,12.5,12.5,87.5,100.0,100.0,100.0,0.0,1.0,2.25,1.88,5.62,4.88,237.38,21.2
Hassan,B0029 channarayapatna,C0129 baguru,930 bagur,322,78.62,20.06,930,50.0,100.0,1.64,10.0,9.0,90.0,10.0,100.0,243.0,231.0,22.0,10.5,45.45,27.27,100.0,100.0,55.56,100.0,44.44,22.22,100.0,100.0,100.0,100.0,0.0,1.0,2.11,6.44,9.11,9.11,240.12,25.7
Hassan,B0029 channarayapatna,C0168 baraguru,1061 baraguru,122,66.76,30.79,1061,20.0,100.0,-2.98,,,,,,,,,,,,,,,,,,,,,,,,,,,,,
Hassan,B0029 channarayapatna,C0168 baraguru,949 baladare,255,69.35,25.66,949,35.0,100.0,5.18,12.0,11.0,91.67,8.33,100.0,541.0,314.0,24.0,13.08,62.5,45.83,100.0,100.0,54.55,100.0,0.0,0.0,100.0,90.91,90.91,100.0,9.09,1.18,1.73,0.91,11.18,6.27,233.88,28.5
Hassan,B0029 channarayapatna,C0408 dhammaningala,1728 dammaningala,139,50.11,28.74,1728,10.0,85.0,-1.22,,,,,,,,,,,,,,,,,,,,,,,,,,,,,
Hassan,B0029 channarayapatna,C0408 dhammaningala,213009366 kabbalu,35,80.57,15.28,213009366,60.0,100.0,-6.0,4.0,4.0,100.0,0.0,100.0,89.0,89.0,10.0,8.9,30.0,30.0,100.0,100.0,75.0,100.0,25.0,0.0,100.0,75.0,25.0,100.0,0.0,1.25,2.75,7.5,10.0,11.75,233.5,22.2
Hassan,B0029 channarayapatna,C0408 dhammaningala,5544 sundahally,91,78.63,16.7,5544,55.0,95.0,-4.37,,,,,,,,,,,,,,,,,,,,,,,,,,,,,
Hassan,B0029 channarayapatna,C0413 didaga,1844 didaga,167,68.8,27.76,1844,30.0,100.0,-0.26,11.0,11.0,100.0,0.0,100.0,293.0,293.0,20.0,14.65,50.0,40.0,100.0,100.0,72.73,90.91,54.55,27.27,100.0,100.0,100.0,100.0,9.09,1.18,2.36,0.09,7.55,7.18,238.4,26.6
Hassan,B0029 channarayapatna,C0521 gowdagere,1138 bekka,50,45.1,24.19,1138,10.0,75.5,-6.81,10.0,9.0,90.0,10.0,100.0,839.0,103.0,15.0,6.87,60.0,60.0,100.0,100.0,66.67,88.89,11.11,0.0,88.89,66.67,88.89,100.0,0.0,1.0,1.33,0.22,9.22,8.89,239.22,11.4
Hassan,B0029 channarayapatna,C0521 gowdagere,2173 gowdagere,161,88.85,9.85,2173,75.0,100.0,-0.24,10.0,9.0,90.0,10.0,100.0,213.0,170.0,21.0,8.1,33.33,23.81,100.0,100.0,66.67,100.0,0.0,0.0,100.0,100.0,100.0,100.0,11.11,1.11,1.33,0.56,8.78,6.22,238.43,18.9
Hassan,B0029 channarayapatna,C0521 gowdagere,4369 mattanavile,152,53.29,23.94,4369,20.0,85.0,3.61,11.0,9.0,81.82,18.18,100.0,293.0,159.0,19.0,8.37,68.42,26.32,100.0,100.0,77.78,100.0,0.0,0.0,88.89,100.0,100.0,100.0,0.0,1.0,2.22,0.33,9.22,8.33,240.11,17.7
Hassan,B0029 channarayapatna,C0536 gulsindha,2223 gulasinda,314,71.51,24.26,2223,35.0,95.0,0.81,10.0,10.0,100.0,0.0,100.0,215.0,215.0,21.0,10.24,52.38,33.33,100.0,100.0,70.0,90.0,10.0,0.0,70.0,100.0,90.0,100.0,0.0,1.1,1.3,0.1,4.3,4.5,236.33,21.5
Hassan,B0029 channarayapatna,C0536 gulsindha,6463 kalkere,209,72.2,26.47,6463,30.0,100.0,4.46,13.0,11.0,84.62,15.38,100.0,336.0,240.0,21.0,11.43,33.33,33.33,100.0,100.0,36.36,100.0,36.36,9.09,81.82,90.91,100.0,100.0,0.0,1.18,1.64,0.18,8.55,5.82,236.0,21.8
Hassan,B0029 channarayapatna,C0668 hirisave,2684 hirisave,443,50.2,28.48,2684,10.0,89.0,7.29,12.0,9.0,75.0,25.0,100.0,1936.0,680.0,37.0,18.38,59.46,54.05,100.0,100.0,55.56,100.0,0.0,22.22,88.89,100.0,100.0,88.89,0.0,1.44,4.0,0.22,6.22,7.0,237.83,75.6
Hassan,B0029 channarayapatna,C0668 hirisave,3077 jinnenahally,19,66.05,24.87,3077,39.0,92.0,0.11,,,,,,,,,,,,,,,,,,,,,,,,,,,,,
Hassan,B0029 channarayapatna,C0668 hirisave,951 balaganchi,68,67.13,24.01,951,30.0,95.0,10.52,5.0,5.0,100.0,0.0,100.0,69.0,69.0,8.0,8.62,75.0,12.5,100.0,100.0,40.0,100.0,40.0,0.0,100.0,100.0,80.0,100.0,0.0,1.2,2.4,0.2,5.8,5.2,175.25,13.8
Hassan,B0029 channarayapatna,C0780 jambur,3037 jambur,145,76.66,25.24,3037,40.0,100.0,3.74,10.0,9.0,90.0,10.0,100.0,424.0,146.0,18.0,8.11,61.11,38.89,100.0,100.0,55.56,100.0,33.33,0.0,88.89,100.0,100.0,100.0,0.0,1.0,1.78,0.33,11.0,5.56,231.0,16.2
Hassan,B0029 channarayapatna,C0780 jambur,6463 kalkere,105,69.14,26.85,6463,30.0,98.0,7.75,13.0,11.0,84.62,15.38,100.0,336.0,240.0,21.0,11.43,33.33,33.33,100.0,100.0,36.36,100.0,36.36,9.09,81.82,90.91,100.0,100.0,0.0,1.18,1.64,0.18,8.55,5.82,236.0,21.8
Hassan,B0029 channarayapatna,C0801 juttanahally,3096 juttanahally,192,66.41,29.96,3096,20.0,100.0,3.47,,,,,,,,,,,,,,,,,,,,,,,,,,,,,
Hassan,B0029 channarayapatna,C0801 juttanahally,4370 matthighatta,130,77.38,16.24,4370,60.0,100.0,3.55,,,,,,,,,,,,,,,,,,,,,,,,,,,,,
Hassan,B0029 channarayapatna,C1032 kundur,3895 kundur mata,138,73.37,25.11,3895,35.0,100.0,5.22,,,,,,,,,,,,,,,,,,,,,,,,,,,,,
Hassan,B0029 channarayapatna,C1032 kundur,5263 sathenahally,125,45.4,28.25,5263,15.0,90.0,-4.36,,,,,,,,,,,,,,,,,,,,,,,,,,,,,
Hassan,B0029 channarayapatna,C1631 udayapura,949 baladare,142,71.76,19.3,949,45.0,95.0,-2.06,12.0,11.0,91.67,8.33,100.0,541.0,314.0,24.0,13.08,62.5,45.83,100.0,100.0,54.55,100.0,0.0,0.0,100.0,90.91,90.91,100.0,9.09,1.18,1.73,0.91,11.18,6.27,233.88,28.5
Hassan,B0029 channarayapatna,C1772 akkanahalli,1151 belagihally,94,65.16,25.74,1151,30.0,95.0,9.05,,,,,,,,,,,,,,,,,,,,,,,,,,,,,
Hassan,B0029 channarayapatna,C1772 akkanahalli,577 akkanahally,153,60.98,31.57,577,10.0,95.0,7.87,,,,,,,,,,,,,,,,,,,,,,,,,,,,,
Hassan,B0029 channarayapatna,C2058 guramaranahalli,1707 d. kalenahally,74,81.69,15.99,1707,60.0,100.0,1.04,,,,,,,,,,,,,,,,,,,,,,,,,,,,,
Hassan,B0029 channarayapatna,C2058 guramaranahalli,1849 dindaguru,116,71.51,29.83,1849,27.5,100.0,5.73,,,,,,,,,,,,,,,,,,,,,,,,,,,,,
Hassan,B0029 channarayapatna,C2058 guramaranahalli,3047 janivara,105,58.71,24.46,3047,25.0,90.0,20.57,9.0,8.0,88.89,11.11,100.0,585.0,370.0,22.0,16.82,59.09,63.64,100.0,100.0,62.5,87.5,12.5,12.5,62.5,100.0,100.0,87.5,0.0,1.62,2.62,1.0,11.25,7.0,205.0,46.2
Hassan,B0029 channarayapatna,C2206 jinnenahally,3077 jinnenahally,27,65.0,17.43,3077,50.0,90.0,3.75,,,,,,,,,,,,,,,,,,,,,,,,,,,,,
Hassan,B0029 channarayapatna,C2219 kabbli,3134 kabbali,121,72.56,23.45,3134,30.0,100.0,9.58,8.0,7.0,87.5,12.5,100.0,864.0,119.0,15.0,7.93,40.0,60.0,100.0,100.0,57.14,100.0,14.29,0.0,100.0,100.0,100.0,100.0,0.0,1.0,1.86,0.29,8.71,6.14,232.71,17.0
Hassan,B0029 channarayapatna,C2260 kantharajapura,1138 bekka,49,69.9,19.96,1138,44.0,95.0,1.86,10.0,9.0,90.0,10.0,100.0,839.0,103.0,15.0,6.87,60.0,60.0,100.0,100.0,66.67,88.89,11.11,0.0,88.89,66.67,88.89,100.0,0.0,1.0,1.33,0.22,9.22,8.89,239.22,11.4
Hassan,B0029 channarayapatna,C2260 kantharajapura,213009366 kabbalu,44,78.52,16.93,213009366,55.0,95.0,3.61,4.0,4.0,100.0,0.0,100.0,89.0,89.0,10.0,8.9,30.0,30.0,100.0,100.0,75.0,100.0,25.0,0.0,100.0,75.0,25.0,100.0,0.0,1.25,2.75,7.5,10.0,11.75,233.5,22.2
Hassan,B0029 channarayapatna,C2260 kantharajapura,3401 kantharajapura,103,69.13,23.5,3401,35.0,95.0,-1.68,10.0,8.0,80.0,20.0,100.0,1171.0,108.0,15.0,7.2,46.67,46.67,100.0,100.0,37.5,100.0,0.0,12.5,87.5,87.5,87.5,100.0,0.0,1.12,1.5,0.12,7.5,7.38,232.5,13.5
Hassan,B0029 channarayapatna,C2260 kantharajapura,5497 sravanabelagola,58,80.34,15.53,5497,60.0,96.5,-4.85,10.0,7.0,70.0,30.0,100.0,1419.0,776.0,26.0,29.85,53.85,69.23,100.0,100.0,71.43,100.0,0.0,14.29,57.14,100.0,85.71,71.43,20.0,2.43,3.71,0.71,7.29,4.86,237.5,110.9
Hassan,B0029 channarayapatna,C2266 karehally,3444 karehally,81,75.12,21.39,3444,45.0,100.0,1.28,,,,,,,,,,,,,,,,,,,,,,,,,,,,,
Hassan,B0029 channarayapatna,C2266 karehally,692 anathi,135,54.33,25.78,692,20.0,90.0,6.85,6.0,5.0,83.33,16.67,100.0,366.0,134.0,10.0,13.4,30.0,40.0,100.0,100.0,60.0,100.0,0.0,0.0,100.0,100.0,80.0,100.0,0.0,1.0,3.4,0.0,6.6,4.6,227.25,26.8
Hassan,B0029 channarayapatna,C2287 kembalu,3535 kembalu,145,67.34,19.92,3535,47.0,90.0,-3.21,9.0,8.0,88.89,11.11,100.0,151.0,148.0,14.0,10.57,35.71,64.29,100.0,100.0,50.0,100.0,0.0,12.5,100.0,100.0,100.0,100.0,0.0,1.0,2.0,0.0,5.0,5.88,238.0,18.5
Hassan,B0029 channarayapatna,C2287 kembalu,4040 m shivara,88,88.07,16.55,4040,70.0,100.0,5.15,9.0,9.0,100.0,0.0,100.0,191.0,191.0,18.0,10.61,33.33,44.44,100.0,100.0,44.44,100.0,0.0,0.0,77.78,100.0,100.0,100.0,0.0,1.22,1.22,2.56,10.33,8.89,240.4,21.2
Hassan,B0029 channarayapatna,C2365 m shivra,4040 m shivara,105,63.0,25.76,4040,20.0,90.0,0.08,9.0,9.0,100.0,0.0,100.0,191.0,191.0,18.0,10.61,33.33,44.44,100.0,100.0,44.44,100.0,0.0,0.0,77.78,100.0,100.0,100.0,0.0,1.22,1.22,2.56,10.33,8.89,240.4,21.2
Hassan,B0029 channarayapatna,C2482 nallur,3874 kumbenahally,57,79.47,13.78,3874,61.0,95.0,-0.09,,,,,,,,,,,,,,,,,,,,,,,,,,,,,
Hassan,B0029 channarayapatna,C2482 nallur,6289 nallur,117,80.6,19.7,6289,53.0,100.0,-0.25,7.0,6.0,85.71,14.29,100.0,261.0,96.0,14.0,6.86,50.0,42.86,100.0,100.0,0.0,100.0,0.0,0.0,16.67,50.0,33.33,100.0,0.0,1.0,2.0,0.17,13.67,3.33,240.0,16.0
Hassan,B0029 channarayapatna,C2499 navile,4766 navile,171,56.29,24.85,4766,20.0,85.0,3.22,7.0,7.0,100.0,0.0,100.0,164.0,164.0,18.0,9.11,33.33,33.33,100.0,100.0,71.43,100.0,0.0,0.0,100.0,100.0,100.0,100.0,0.0,1.14,1.86,2.29,12.86,9.14,240.57,23.4
Hassan,B0029 channarayapatna,C2521 nuggehalli,4887 nuggehally,241,89.67,10.37,4887,80.0,100.0,-0.42,,,,,,,,,,,,,,,,,,,,,,,,,,,,,
Hassan,B0029 channarayapatna,C2554 rampura vidyuth colony,5309 shanthe shivara,101,89.9,12.96,5309,80.0,100.0,6.31,,,,,,,,,,,,,,,,,,,,,,,,,,,,,
Hassan,B0029 channarayapatna,C2622 shravanabelagula,5497 sravanabelagola,38,41.18,29.96,5497,10.0,90.0,4.08,10.0,7.0,70.0,30.0,100.0,1419.0,776.0,26.0,29.85,53.85,69.23,100.0,100.0,71.43,100.0,0.0,14.29,57.14,100.0,85.71,71.43,20.0,2.43,3.71,0.71,7.29,4.86,237.5,110.9
Hassan,B0057 hassan,C0071 ankapura,726 ankapura,271,61.35,22.91,726,30.0,90.0,0.95,11.0,11.0,100.0,0.0,100.0,246.0,246.0,20.0,12.3,55.0,65.0,100.0,100.0,45.45,100.0,0.0,0.0,72.73,100.0,90.91,100.0,0.0,0.91,1.36,1.18,13.36,6.73,236.82,22.4
Hassan,B0057 hassan,C0405 devihalli,3004 jagaravally,146,56.44,25.97,3004,20.0,90.0,-4.39,,,,,,,,,,,,,,,,,,,,,,,,,,,,,
Hassan,B0057 hassan,C0405 devihalli,5311 shanthigrama,256,51.46,25.0,5311,15.0,85.0,7.04,,,,,,,,,,,,,,,,,,,,,,,,,,,,,
Hassan,B0057 hassan,C0604 hanumanthapura,2433 hanumanthapura,477,65.32,28.26,2433,20.0,95.0,-3.32,12.0,11.0,91.67,8.33,100.0,445.0,379.0,31.0,12.23,64.52,45.16,100.0,100.0,54.55,100.0,18.18,18.18,81.82,100.0,90.91,100.0,0.0,1.0,2.27,0.64,13.0,7.27,238.83,34.5
Hassan,B0057 hassan,C0604 hanumanthapura,5305 shankaranahally,78,53.21,22.83,5305,20.0,85.0,2.67,,,,,,,,,,,,,,,,,,,,,,,,,,,,,
Hassan,B0057 hassan,C1151 markuli,4325 markuli,69,74.13,23.26,4325,38.0,95.0,15.4,13.0,13.0,100.0,0.0,100.0,321.0,321.0,29.0,11.07,65.52,41.38,100.0,100.0,61.54,100.0,15.38,15.38,69.23,100.0,84.62,100.0,0.0,1.08,3.08,0.46,10.31,3.77,239.75,24.7
Hassan,B0057 hassan,C1151 markuli,658 ambuga,1,55.0,,658,55.0,55.0,,4.0,4.0,100.0,0.0,100.0,52.0,52.0,7.0,7.43,57.14,28.57,100.0,100.0,50.0,100.0,25.0,0.0,100.0,75.0,50.0,100.0,0.0,1.0,1.5,1.75,10.5,5.5,238.5,13.0
Hassan,B0057 hassan,C1197 mosalehosahally,4476 mosale hosahally,515,60.68,25.4,4476,25.0,90.0,0.3,,,,,,,,,,,,,,,,,,,,,,,,,,,,,
Hassan,B0057 hassan,C1320 nitturu,6068 yalagunda,190,67.45,32.13,6068,15.0,100.0,-1.1,8.0,8.0,100.0,0.0,100.0,178.0,178.0,18.0,9.89,61.11,50.0,87.5,100.0,37.5,100.0,12.5,12.5,100.0,100.0,100.0,100.0,0.0,1.0,2.25,0.12,9.62,2.5,240.0,22.2
Hassan,B0057 hassan,C1320 nitturu,6348 nitturu,441,59.94,28.56,6348,15.0,95.0,-1.71,,,,,,,,,,,,,,,,,,,,,,,,,,,,,
Hassan,B0057 hassan,C1431 salagame,5164 salagame,178,62.47,22.88,5164,30.0,90.0,-7.77,11.0,11.0,100.0,0.0,100.0,141.0,141.0,21.0,6.71,76.19,38.1,100.0,100.0,45.45,90.91,9.09,0.0,100.0,100.0,100.0,81.82,0.0,1.0,1.64,0.45,13.55,4.36,237.88,12.8
Hassan,B0057 hassan,C1472 seege,5287 seege,263,63.78,22.96,5287,30.0,90.0,4.63,10.0,10.0,100.0,0.0,100.0,169.0,169.0,24.0,7.04,79.17,41.67,90.0,100.0,60.0,100.0,0.0,0.0,100.0,100.0,100.0,100.0,0.0,1.4,2.1,0.6,12.8,7.9,238.11,16.9
Hassan,B0057 hassan,C1478 shanthigrama,5311 shanthigrama,134,64.51,24.88,5311,30.0,95.0,4.07,,,,,,,,,,,,,,,,,,,,,,,,,,,,,
Hassan,B0057 hassan,C1815 attavara hosahalli,1082 basavaghatta,125,50.96,25.87,1082,15.0,80.0,1.55,,,,,,,,,,,,,,,,,,,,,,,,,,,,,
Hassan,B0057 hassan,C1815 attavara hosahalli,833 attavarahosahally,141,66.31,24.0,833,25.0,95.0,8.24,,,,,,,,,,,,,,,,,,,,,,,,,,,,,
Hassan,B0057 hassan,C1822 b katihally,3767 kora vangala,156,76.03,20.09,3767,47.5,100.0,9.64,,,,,,,,,,,,,,,,,,,,,,,,,,,,,
Hassan,B0057 hassan,C1859 basavagatta,6467 honnavara,107,73.69,23.91,6467,38.0,100.0,9.56,6.0,6.0,100.0,0.0,100.0,92.0,92.0,14.0,6.57,42.86,57.14,100.0,100.0,66.67,100.0,16.67,0.0,100.0,100.0,66.67,100.0,0.0,1.0,1.67,0.5,9.5,17.17,239.0,15.3
Hassan,B0057 hassan,C1914 bylahalli,1444 bylahally,176,76.79,23.71,1444,45.0,100.0,2.59,,,,,,,,,,,,,,,,,,,,,,,,,,,,,
Hassan,B0057 hassan,C1914 bylahalli,2768 hoovinahally kaval,36,74.17,20.34,2768,47.5,95.0,3.89,,,,,,,,,,,,,,,,,,,,,,,,,,,,,
Hassan,B0057 hassan,C1986 devegowdanagara,5305 shankaranahally,64,63.28,22.65,5305,30.0,90.0,-5.75,,,,,,,,,,,,,,,,,,,,,,,,,,,,,
Hassan,B0057 hassan,C1986 devegowdanagara,5701 thattekere,290,55.17,24.75,5701,24.5,90.0,2.37,11.0,8.0,72.73,27.27,100.0,761.0,335.0,24.0,13.96,66.67,54.17,87.5,100.0,50.0,100.0,0.0,12.5,62.5,100.0,87.5,75.0,0.0,1.0,2.38,0.25,8.12,3.75,239.0,41.9
Hassan,B0057 hassan,C2012 dudda r.s,1954 dudda r.s.,168,64.61,23.47,1954,30.0,90.0,-2.21,,,,,,,,,,,,,,,,,,,,,,,,,,,,,
Hassan,B0057 hassan,C2042 goruru,2158 gorur,93,58.39,26.2,2158,25.0,90.0,-1.61,6.0,4.0,66.67,33.33,100.0,441.0,122.0,11.0,11.09,81.82,45.45,100.0,100.0,25.0,100.0,25.0,25.0,100.0,100.0,100.0,100.0,0.0,1.0,3.75,1.5,4.75,2.5,,30.5
Hassan,B0057 hassan,C2042 goruru,3460 karle,159,59.4,23.03,3460,25.0,90.0,2.45,12.0,12.0,100.0,0.0,100.0,166.0,166.0,22.0,7.55,45.45,40.91,100.0,100.0,91.67,91.67,25.0,0.0,100.0,100.0,91.67,100.0,8.33,1.0,1.25,1.0,20.0,6.5,240.6,13.8
Hassan,B0057 hassan,C2042 goruru,3493 kattaya,219,64.91,25.03,3493,30.0,95.0,4.45,12.0,12.0,100.0,0.0,100.0,268.0,268.0,30.0,8.93,60.0,56.67,91.67,100.0,66.67,100.0,33.33,8.33,100.0,91.67,100.0,100.0,8.33,1.0,2.25,1.83,12.67,4.33,239.6,22.3
Hassan,B0057 hassan,C2101 haralahally,3138 kabli,49,50.51,25.78,3138,24.0,86.0,4.85,,,,,,,,,,,,,,,,,,,,,,,,,,,,,
Hassan,B0057 hassan,C2101 haralahally,5707 thejuru,80,56.88,24.0,5707,25.0,85.5,-2.37,,,,,,,,,,,,,,,,,,,,,,,,,,,,,
Hassan,B0057 hassan,C2114 heragu,2584 heragu,144,53.68,23.67,2584,21.5,85.0,0.83,4.0,4.0,100.0,0.0,100.0,118.0,118.0,11.0,10.73,45.45,63.64,100.0,100.0,100.0,100.0,0.0,0.0,100.0,100.0,100.0,100.0,0.0,1.0,1.75,0.5,3.0,0.25,240.0,29.5
Hassan,B0057 hassan,C2149 hoovinahally kaval,4211 manachanahally,77,79.48,18.07,4211,56.0,95.0,-6.92,,,,,,,,,,,,,,,,,,,,,,,,,,,,,
Hassan,B0057 hassan,C2149 hoovinahally kaval,5871 ugane,80,67.81,24.57,5871,25.0,95.0,-6.82,12.0,11.0,91.67,8.33,100.0,329.0,212.0,24.0,8.83,62.5,45.83,100.0,100.0,81.82,100.0,0.0,27.27,100.0,100.0,100.0,90.91,0.0,1.0,2.09,0.82,22.91,9.0,239.11,19.3
Hassan,B0057 hassan,C2149 hoovinahally kaval,864 b katihally,87,52.13,27.14,864,10.0,82.0,10.05,,,,,,,,,,,,,,,,,,,,,,,,,,,,,
Hassan,B0057 hassan,C2255 kandli,3369 kandli,122,61.56,24.16,3369,30.0,90.0,-11.1,,,,,,,,,,,,,,,,,,,,,,,,,,,,,
Hassan,B0057 hassan,C2279 kattaya,1508 channangihally,131,63.32,24.51,1508,25.0,90.0,8.08,,,,,,,,,,,,,,,,,,,,,,,,,,,,,
Hassan,B0057 hassan,C2279 kattaya,5327 shettihally,94,76.86,18.36,5327,51.5,95.0,8.26,,,,,,,,,,,,,,,,,,,,,,,,,,,,,
Hassan,B0057 hassan,C2289 kenchettahalli,1894 doddagenigere,109,61.06,24.51,1894,24.0,90.0,12.02,9.0,7.0,77.78,22.22,100.0,1719.0,128.0,16.0,8.0,62.5,50.0,100.0,100.0,57.14,100.0,42.86,0.0,100.0,100.0,85.71,100.0,0.0,1.0,1.71,1.57,20.14,14.0,168.86,18.3
Hassan,B0057 hassan,C2322 koravangala,3138 kabli,39,80.9,20.16,3138,59.0,100.0,-15.87,,,,,,,,,,,,,,,,,,,,,,,,,,,,,
Hassan,B0057 hassan,C2322 koravangala,4325 markuli,85,59.53,25.42,4325,25.0,90.0,9.01,13.0,13.0,100.0,0.0,100.0,321.0,321.0,29.0,11.07,65.52,41.38,100.0,100.0,61.54,100.0,15.38,15.38,69.23,100.0,84.62,100.0,0.0,1.08,3.08,0.46,10.31,3.77,239.75,24.7
Hassan,B0057 hassan,C2328 kowshika,3515 kawshika,189,64.81,23.49,3515,29.0,95.0,-1.55,,,,,,,,,,,,,,,,,,,,,,,,,,,,,
Hassan,B0057 hassan,C2328 kowshika,4325 markuli,67,61.79,28.92,4325,15.0,95.0,10.33,13.0,13.0,100.0,0.0,100.0,321.0,321.0,29.0,11.07,65.52,41.38,100.0,100.0,61.54,100.0,15.38,15.38,69.23,100.0,84.62,100.0,0.0,1.08,3.08,0.46,10.31,3.77,239.75,24.7
Hassan,B0057 hassan,C2330 kudargundi,3846 kudurugundi,101,65.5,26.16,3846,30.0,95.0,6.35,,,,,,,,,,,,,,,,,,,,,,,,,,,,,
Hassan,B0057 hassan,C2378 madenuru,4093 madenuru,104,58.8,27.65,4093,15.0,90.0,10.48,,,,,,,,,,,,,,,,,,,,,,,,,,,,,
Hassan,B0057 hassan,C2425 melagodu,213009369 gadenahalli,38,58.55,22.92,213009369,20.0,81.5,-10.97,3.0,2.0,66.67,33.33,100.0,326.0,10.0,3.0,3.33,0.0,33.33,100.0,100.0,100.0,100.0,50.0,0.0,100.0,100.0,100.0,100.0,0.0,1.0,0.0,0.5,8.5,5.0,239.0,5.0
Hassan,B0057 hassan,C2425 melagodu,4405 melagodu,100,62.0,23.07,4405,25.0,85.5,5.86,6.0,6.0,100.0,0.0,100.0,95.0,95.0,13.0,7.31,69.23,61.54,100.0,100.0,50.0,100.0,16.67,0.0,100.0,83.33,83.33,100.0,0.0,1.0,1.5,0.0,9.17,0.0,240.0,15.8
Hassan,B0061 holenarasipura,C0429 doddakadanoor,1902 doddakadanur,551,53.19,26.39,1902,15.0,90.0,3.4,16.0,15.0,93.75,6.25,100.0,584.0,383.0,33.0,11.61,42.42,24.24,100.0,100.0,40.0,100.0,20.0,0.0,100.0,100.0,100.0,100.0,0.0,1.07,1.33,0.2,12.2,9.2,235.93,25.5
Hassan,B0061 holenarasipura,C0573 halekote,2421 hangarahally,124,62.46,22.68,2421,30.0,90.0,-6.21,,,,,,,,,,,,,,,,,,,,,,,,,,,,,
Hassan,B0061 holenarasipura,C0573 halekote,6544 halekote,136,52.68,28.53,6544,10.0,90.0,8.26,5.0,5.0,100.0,0.0,100.0,787.0,787.0,40.0,19.68,40.0,85.0,100.0,100.0,80.0,80.0,40.0,40.0,80.0,100.0,100.0,60.0,0.0,11.4,5.8,0.4,5.0,4.8,238.0,157.4
Hassan,B0061 holenarasipura,C0582 hallimysore,2364 hallymysore,398,50.83,28.29,2364,10.0,90.0,3.26,,,,,,,,,,,,,,,,,,,,,,,,,,,,,
Hassan,B0061 holenarasipura,C0614 hariharapura,6561 malali,91,73.9,21.63,6561,45.0,95.0,6.41,8.0,7.0,87.5,12.5,100.0,918.0,221.0,20.0,11.05,50.0,35.0,100.0,100.0,71.43,100.0,0.0,0.0,85.71,100.0,100.0,100.0,0.0,1.14,3.43,0.71,18.43,8.0,241.43,31.6
Hassan,B0061 holenarasipura,C0614 hariharapura,6625 hariharapura,264,55.3,27.31,6625,15.0,85.0,4.42,10.0,9.0,90.0,10.0,100.0,803.0,492.0,23.0,21.39,52.17,52.17,100.0,100.0,66.67,100.0,22.22,11.11,100.0,100.0,100.0,88.89,12.5,1.33,3.56,1.0,19.56,6.22,242.78,54.7
Hassan,B0061 holenarasipura,C1111 mallappanahalli,4188 mallappanahally,218,34.95,26.94,4188,5.0,80.0,11.53,,,,,,,,,,,,,,,,,,,,,,,,,,,,,
Hassan,B0061 holenarasipura,C1202 mudalahippe,4492 mudalahippe,307,55.34,25.53,4492,20.0,90.0,10.84,,,,,,,,,,,,,,,,,,,,,,,,,,,,,
Hassan,B0061 holenarasipura,C1202 mudalahippe,5498 sravanur,385,53.19,26.88,5498,15.0,88.0,-1.07,15.0,15.0,100.0,0.0,100.0,413.0,413.0,35.0,11.8,31.43,20.0,100.0,100.0,40.0,100.0,0.0,0.0,100.0,100.0,100.0,100.0,0.0,1.13,2.07,0.87,19.27,6.13,240.0,27.5
Hassan,B0061 holenarasipura,C1256 nagaranahalli,4658 nagaranahally,391,51.01,27.11,4658,15.0,85.0,6.78,,,,,,,,,,,,,,,,,,,,,,,,,,,,,
Hassan,B0061 holenarasipura,C1890 bidarakka,1318 bidarakka,216,52.45,24.27,1318,20.0,85.0,-0.09,10.0,10.0,100.0,0.0,100.0,275.0,275.0,22.0,12.5,36.36,50.0,100.0,100.0,50.0,100.0,50.0,0.0,90.0,100.0,100.0,100.0,0.0,1.1,2.4,0.8,21.3,7.2,241.0,27.5
Hassan,B0061 holenarasipura,C1890 bidarakka,3980 kyathanahally,237,55.53,24.64,3980,20.0,85.0,2.48,,,,,,,,,,,,,,,,,,,,,,,,,,,,,
Hassan,B0061 holenarasipura,C2001 doddahally,1898 doddahally,205,35.56,22.48,1898,10.0,65.0,3.3,,,,,,,,,,,,,,,,,,,,,,,,,,,,,
Hassan,B0061 holenarasipura,C2001 doddahally,711 anekannambadi,195,52.13,26.74,711,15.0,85.0,12.62,9.0,9.0,100.0,0.0,100.0,214.0,214.0,13.0,16.46,46.15,38.46,88.89,100.0,55.56,100.0,33.33,0.0,88.89,100.0,100.0,88.89,0.0,1.22,2.33,0.89,21.67,9.22,240.0,23.8
Hassan,B0061 holenarasipura,C2003 doddakunche,1905 doddakunche,163,53.1,25.24,1905,20.0,85.0,-0.37,11.0,10.0,90.91,9.09,100.0,437.0,206.0,19.0,10.84,26.32,31.58,100.0,100.0,30.0,100.0,0.0,0.0,100.0,100.0,100.0,100.0,0.0,1.0,2.6,0.8,15.7,7.6,240.0,20.6
Hassan,B0061 holenarasipura,C2003 doddakunche,6561 malali,216,62.31,24.8,6561,25.0,90.0,-1.13,8.0,7.0,87.5,12.5,100.0,918.0,221.0,20.0,11.05,50.0,35.0,100.0,100.0,71.43,100.0,0.0,0.0,85.71,100.0,100.0,100.0,0.0,1.14,3.43,0.71,18.43,8.0,241.43,31.6
Hassan,B0061 holenarasipura,C2068 hadavanahalli,929 bagivalu,111,43.2,24.59,929,10.0,75.0,4.03,12.0,12.0,100.0,0.0,100.0,314.0,314.0,31.0,10.13,54.84,45.16,100.0,100.0,41.67,100.0,8.33,0.0,100.0,100.0,100.0,91.67,0.0,1.08,3.08,0.92,21.67,5.33,239.92,26.2
Hassan,B0061 holenarasipura,C2290 keragodu,1889 doddabyagatavally,139,48.6,25.67,1889,15.0,85.0,16.94,,,,,,,,,,,,,,,,,,,,,,,,,,,,,
Hassan,B0061 holenarasipura,C2290 keragodu,3555 keragodu,238,57.16,26.11,3555,20.0,90.0,4.07,7.0,7.0,100.0,0.0,100.0,243.0,243.0,19.0,12.79,31.58,47.37,100.0,100.0,71.43,100.0,28.57,0.0,100.0,100.0,100.0,100.0,0.0,0.86,3.0,0.86,17.14,4.0,239.71,34.7
Hassan,B0061 holenarasipura,C2290 keragodu,4895 odanahally,159,62.36,26.46,4895,20.0,90.0,-2.62,,,,,,,,,,,,,,,,,,,,,,,,,,,,,
Hassan,B0061 holenarasipura,C2517 niduvani,4850 niduvani,242,50.83,27.68,4850,10.0,85.0,8.31,14.0,12.0,85.71,14.29,100.0,795.0,248.0,23.0,10.78,26.09,52.17,100.0,100.0,58.33,100.0,33.33,0.0,91.67,100.0,100.0,100.0,0.0,1.0,2.17,0.92,20.67,7.5,240.42,20.7
Hassan,B0061 holenarasipura,C2538 pete,2917 ichanahally,345,49.88,24.39,2917,20.0,85.0,6.12,,,,,,,,,,,,,,,,,,,,,,,,,,,,,
Hassan,B0061 holenarasipura,C2538 pete,5211 sankanahally,131,49.43,21.16,5211,20.0,75.0,0.02,,,,,,,,,,,,,,,,,,,,,,,,,,,,,
Hassan,B0061 holenarasipura,C2581 sankanahalli,4312 margowdanahally,157,44.39,25.19,4312,10.0,77.0,4.84,,,,,,,,,,,,,,,,,,,,,,,,,,,,,
Hassan,B0061 holenarasipura,C2679 thatanahally,213009359 thathanahalli,171,60.91,24.46,213009359,25.0,90.0,0.9,8.0,8.0,100.0,0.0,100.0,167.0,167.0,18.0,9.28,61.11,22.22,100.0,100.0,62.5,100.0,75.0,0.0,100.0,100.0,100.0,87.5,0.0,1.25,3.12,1.25,24.0,7.5,241.25,20.9
Hassan,B0061 holenarasipura,C2768 yellesh pura,3495 kattebelaguly,138,57.93,24.25,3495,25.0,90.0,-0.45,,,,,,,,,,,,,,,,,,,,,,,,,,,,,
Hassan,B0116 sakaleshapura,C0139 ballupete,3900 kuniganahalli,158,57.22,25.97,3900,23.5,90.0,2.98,8.0,8.0,100.0,0.0,100.0,168.0,168.0,19.0,8.84,57.89,73.68,100.0,100.0,87.5,100.0,25.0,0.0,100.0,100.0,100.0,100.0,0.0,0.88,3.88,0.38,8.5,8.38,235.4,21.0
Hassan,B0116 sakaleshapura,C0139 ballupete,986 ballupet,259,52.84,28.16,986,10.0,90.0,11.52,,,,,,,,,,,,,,,,,,,,,,,,,,,,,
Hassan,B0116 sakaleshapura,C0197 belegodu,1152 belagodu,270,50.35,24.76,1152,20.0,85.0,4.46,9.0,8.0,88.89,11.11,100.0,535.0,250.0,16.0,15.62,68.75,68.75,100.0,100.0,75.0,100.0,0.0,0.0,87.5,100.0,100.0,75.0,12.5,0.88,2.38,0.25,11.0,8.88,233.29,31.2
Hassan,B0116 sakaleshapura,C0197 belegodu,922 bage,246,60.41,28.45,922,20.0,95.0,-1.0,7.0,6.0,85.71,14.29,100.0,928.0,168.0,15.0,11.2,66.67,86.67,100.0,100.0,50.0,100.0,0.0,0.0,83.33,100.0,100.0,100.0,0.0,1.5,3.0,4.17,7.67,7.5,235.6,28.0
Hassan,B0116 sakaleshapura,C0919 kelagalale,1361 biradahalli,117,62.48,24.68,1361,30.0,90.0,8.69,5.0,5.0,100.0,0.0,100.0,109.0,109.0,12.0,9.08,66.67,41.67,100.0,100.0,100.0,100.0,0.0,20.0,60.0,100.0,100.0,80.0,20.0,1.2,1.8,0.2,5.4,6.0,180.25,21.8
Hassan,B0116 sakaleshapura,C0919 kelagalale,5864 udevara,202,58.47,23.45,5864,30.0,90.0,5.78,6.0,6.0,100.0,0.0,100.0,126.0,126.0,12.0,10.5,50.0,66.67,83.33,100.0,83.33,100.0,0.0,0.0,100.0,100.0,100.0,100.0,0.0,1.33,1.33,0.33,7.5,9.17,230.8,21.0
Hassan,B0116 sakaleshapura,C0971 kollahally,213009171 malali,186,66.48,27.14,213009171,25.0,97.5,0.73,7.0,7.0,100.0,0.0,100.0,178.0,178.0,15.0,11.87,66.67,80.0,100.0,100.0,71.43,100.0,0.0,14.29,85.71,100.0,100.0,100.0,0.0,1.71,3.14,0.0,7.0,8.86,236.0,25.4
Hassan,B0116 sakaleshapura,C0971 kollahally,2331 halasulige,67,77.69,15.53,2331,55.0,97.0,5.16,4.0,3.0,75.0,25.0,100.0,286.0,75.0,6.0,12.5,50.0,33.33,100.0,100.0,66.67,100.0,0.0,0.0,100.0,100.0,100.0,100.0,0.0,1.0,2.0,0.0,6.0,9.33,238.0,25.0
Hassan,B0116 sakaleshapura,C1792 anemahal,1433 byakaravally,99,59.39,24.31,1433,25.0,90.0,-4.09,,,,,,,,,,,,,,,,,,,,,,,,,,,,,
Hassan,B0116 sakaleshapura,C1792 anemahal,2537 hebbasale,154,54.74,26.05,2537,20.0,90.0,-0.93,7.0,7.0,100.0,0.0,100.0,229.0,229.0,16.0,14.31,68.75,68.75,71.43,100.0,57.14,100.0,0.0,0.0,100.0,100.0,100.0,100.0,0.0,1.43,2.0,0.29,9.86,8.71,236.67,32.7
Hassan,B0116 sakaleshapura,C1792 anemahal,713 anemahal,98,73.72,20.84,713,45.0,100.0,2.84,6.0,4.0,66.67,33.33,100.0,309.0,115.0,10.0,11.5,90.0,70.0,100.0,100.0,100.0,100.0,0.0,0.0,100.0,100.0,100.0,100.0,0.0,1.0,2.0,0.25,9.0,11.5,237.25,28.8
Hassan,B0116 sakaleshapura,C1910 byakaravally,3943 kurubhattur,140,65.18,20.52,3943,35.0,85.0,5.55,,,,,,,,,,,,,,,,,,,,,,,,,,,,,
Hassan,B0116 sakaleshapura,C1917 c r c yeslur,2929 igoor,63,63.41,16.7,2929,45.0,89.0,0.79,4.0,4.0,100.0,0.0,100.0,70.0,70.0,4.0,17.5,25.0,50.0,75.0,100.0,50.0,100.0,25.0,0.0,75.0,75.0,100.0,100.0,0.0,1.25,2.5,0.0,4.75,6.0,237.67,17.5
Hassan,B0116 sakaleshapura,C1917 c r c yeslur,5848 uchangi,43,78.02,16.48,5848,60.0,100.0,4.36,6.0,6.0,100.0,0.0,100.0,81.0,81.0,8.0,10.12,37.5,62.5,100.0,100.0,66.67,83.33,0.0,0.0,100.0,100.0,83.33,100.0,0.0,1.33,2.17,0.0,4.83,8.67,234.33,13.5
Hassan,B0116 sakaleshapura,C1917 c r c yeslur,6157 yeslur,159,66.57,25.01,6157,30.0,96.0,6.02,9.0,9.0,100.0,0.0,100.0,414.0,414.0,25.0,16.56,56.0,68.0,100.0,100.0,44.44,100.0,11.11,0.0,22.22,88.89,77.78,77.78,0.0,1.56,1.44,2.0,5.56,7.0,235.5,46.0
Hassan,B0116 sakaleshapura,C1930 changadihally,1500 changadihally,62,52.1,24.8,1500,15.5,85.0,-7.25,,,,,,,,,,,,,,,,,,,,,,,,,,,,,
Hassan,B0116 sakaleshapura,C1930 changadihally,5848 uchangi,34,46.76,20.11,5848,15.0,68.5,-5.52,6.0,6.0,100.0,0.0,100.0,81.0,81.0,8.0,10.12,37.5,62.5,100.0,100.0,66.67,83.33,0.0,0.0,100.0,100.0,83.33,100.0,0.0,1.33,2.17,0.0,4.83,8.67,234.33,13.5
Hassan,B0116 sakaleshapura,C1930 changadihally,6506 hosur,136,49.34,25.3,6506,15.0,85.0,-1.5,6.0,6.0,100.0,0.0,100.0,131.0,131.0,12.0,10.92,50.0,66.67,100.0,100.0,100.0,100.0,0.0,0.0,83.33,100.0,100.0,100.0,0.0,1.67,1.5,1.33,4.0,5.83,235.2,21.8
Hassan,B0116 sakaleshapura,C2009 donigal,2554 hegadde,102,70.2,21.57,2554,45.0,95.0,2.37,,,,,,,,,,,,,,,,,,,,,,,,,,,,,
Hassan,B0116 sakaleshapura,C2009 donigal,3972 kyanavally,106,64.2,26.95,3972,27.5,95.0,6.65,,,,,,,,,,,,,,,,,,,,,,,,,,,,,
Hassan,B0116 sakaleshapura,C2090 hanbalu,1771 devaladakere,75,67.87,25.62,1771,35.0,95.0,6.32,3.0,3.0,100.0,0.0,100.0,83.0,83.0,6.0,13.83,50.0,83.33,100.0,100.0,33.33,100.0,0.0,0.0,100.0,100.0,100.0,100.0,0.0,1.0,3.0,1.67,6.0,9.33,236.33,27.7
Hassan,B0116 sakaleshapura,C2090 hanbalu,2394 hanbalu,233,49.1,24.15,2394,15.0,80.0,7.46,,,,,,,,,,,,,,,,,,,,,,,,,,,,,
Hassan,B0116 sakaleshapura,C2117 hethur,2602 hethur,250,55.9,26.58,2602,20.0,90.0,7.24,7.0,6.0,85.71,14.29,100.0,878.0,577.0,21.0,27.48,57.14,61.9,100.0,100.0,50.0,100.0,16.67,16.67,50.0,100.0,100.0,83.33,20.0,1.33,3.5,0.5,6.17,6.5,237.33,96.2
Hassan,B0116 sakaleshapura,C2117 hethur,2739 hongadahalla,62,69.11,22.53,2739,35.5,99.5,0.97,2.0,2.0,100.0,0.0,100.0,57.0,57.0,3.0,19.0,33.33,33.33,100.0,100.0,100.0,100.0,0.0,0.0,100.0,100.0,100.0,100.0,0.0,2.0,4.5,0.0,8.0,9.0,236.5,28.5
Hassan,B0116 sakaleshapura,C2117 hethur,5962 vanagur,31,69.35,20.36,5962,35.0,90.0,9.06,,,,,,,,,,,,,,,,,,,,,,,,,,,,,
Hassan,B0116 sakaleshapura,C2561 raxidi,3970 kyamanahally,130,44.42,24.68,3970,10.0,75.5,11.64,,,,,,,,,,,,,,,,,,,,,,,,,,,,,
Hassan,B0116 sakaleshapura,C2738 valalahalli,5957 valalahally,60,68.5,17.06,5957,50.0,90.5,0.75,,,,,,,,,,,,,,,,,,,,,,,,,,,,,
Hassan,B0116 sakaleshapura,C2739 vanagur,5962 vanagur,36,64.72,23.45,5962,35.0,92.5,10.62,,,,,,,,,,,,,,,,,,,,,,,,,,,,,
Haveri,B0023 byadagi,C0257 bisalahalli,1041 bannihatti,241,51.39,28.99,1041,10.0,90.0,7.08,4.0,4.0,100.0,0.0,100.0,348.0,348.0,18.0,19.33,66.67,88.89,100.0,100.0,50.0,100.0,25.0,0.0,100.0,100.0,100.0,100.0,0.0,1.0,3.75,0.75,7.25,6.5,242.0,87.0
Haveri,B0023 byadagi,C0257 bisalahalli,1366 bisalahalli,492,63.3,24.48,1366,25.0,95.0,5.71,4.0,4.0,100.0,0.0,100.0,580.0,580.0,22.0,26.36,27.27,63.64,100.0,100.0,100.0,75.0,25.0,25.0,100.0,100.0,100.0,100.0,0.0,1.25,3.75,5.75,12.5,10.0,239.5,145.0
Haveri,B0023 byadagi,C0257 bisalahalli,3173 kadarmandalgi,216,59.05,25.45,3173,22.5,90.0,-2.23,,,,,,,,,,,,,,,,,,,,,,,,,,,,,
Haveri,B0023 byadagi,C0271 budupanhalli,1406 budapanahalli,127,63.43,19.22,1406,40.0,90.0,8.79,4.0,4.0,100.0,0.0,100.0,637.0,637.0,36.0,17.69,50.0,83.33,100.0,100.0,100.0,100.0,0.0,25.0,100.0,100.0,100.0,100.0,0.0,1.25,9.5,1.0,26.25,6.75,238.0,159.2
Haveri,B0023 byadagi,C0271 budupanhalli,3277 kalledevaru,498,53.57,24.87,3277,18.5,85.0,6.66,,,,,,,,,,,,,,,,,,,,,,,,,,,,,
Haveri,B0023 byadagi,C1154 masanagi,4342 masanagi,439,55.82,25.62,4342,20.0,90.0,6.71,3.0,3.0,100.0,0.0,100.0,469.0,469.0,19.0,24.68,52.63,73.68,100.0,100.0,100.0,66.67,0.0,0.0,100.0,100.0,100.0,100.0,0.0,1.0,6.67,0.67,8.33,7.67,235.0,156.3
Haveri,B0023 byadagi,C1154 masanagi,6404 mallur,117,44.96,23.26,6404,15.0,80.0,4.09,7.0,6.0,85.71,14.29,100.0,632.0,478.0,22.0,21.73,54.55,77.27,100.0,100.0,83.33,100.0,33.33,0.0,100.0,100.0,100.0,83.33,0.0,1.0,4.83,1.5,6.83,5.83,240.5,79.7
Haveri,B0023 byadagi,C1199 motebennur,2244 gundenhalli,255,50.47,25.61,2244,15.0,85.0,7.62,,,,,,,,,,,,,,,,,,,,,,,,,,,,,
Haveri,B0023 byadagi,C1199 motebennur,4479 motebennur,454,72.56,21.72,4479,40.0,100.0,15.17,7.0,5.0,71.43,28.57,100.0,1692.0,719.0,28.0,25.68,57.14,60.71,100.0,100.0,80.0,100.0,0.0,60.0,100.0,100.0,80.0,80.0,0.0,1.6,6.4,0.6,8.0,5.4,245.5,143.8
Haveri,B0023 byadagi,C1938 chikkabasur,1568 chikkabasur,225,49.27,25.04,1568,15.0,80.0,4.82,5.0,4.0,80.0,20.0,100.0,585.0,497.0,17.0,29.24,41.18,82.35,100.0,100.0,75.0,100.0,25.0,0.0,100.0,100.0,100.0,75.0,25.0,1.25,5.25,0.75,7.25,7.5,236.5,124.2
Haveri,B0023 byadagi,C1938 chikkabasur,2088 ghalapooji,112,70.27,23.33,2088,30.0,95.0,5.68,4.0,4.0,100.0,0.0,100.0,318.0,318.0,12.0,26.5,41.67,50.0,100.0,100.0,100.0,100.0,25.0,0.0,100.0,100.0,100.0,100.0,0.0,1.0,3.5,0.5,6.0,2.75,242.0,79.5
Haveri,B0023 byadagi,C1938 chikkabasur,2634 hirehalli,202,68.17,22.14,2634,35.5,95.0,7.5,5.0,4.0,80.0,20.0,100.0,427.0,403.0,14.0,28.79,35.71,50.0,100.0,100.0,75.0,75.0,0.0,0.0,100.0,100.0,100.0,75.0,0.0,1.0,4.5,1.5,4.75,7.0,124.0,100.8
Haveri,B0023 byadagi,C2229 kaginele,2550 hedigonda,189,61.53,24.87,2550,25.0,95.0,10.41,,,,,,,,,,,,,,,,,,,,,,,,,,,,,
Haveri,B0023 byadagi,C2229 kaginele,3209 kaginele,232,60.65,26.1,3209,25.0,95.0,17.32,10.0,8.0,80.0,20.0,100.0,1612.0,1240.0,38.0,32.63,52.63,65.79,100.0,100.0,87.5,100.0,37.5,0.0,100.0,100.0,100.0,50.0,0.0,1.0,3.75,2.12,6.38,3.0,235.4,155.0
Haveri,B0023 byadagi,C2229 kaginele,3877 kummur,114,51.97,28.23,3877,10.0,85.0,-1.18,6.0,5.0,83.33,16.67,100.0,472.0,412.0,20.0,20.6,60.0,75.0,100.0,100.0,80.0,100.0,20.0,0.0,80.0,100.0,100.0,100.0,40.0,1.0,3.2,0.4,6.2,1.0,241.0,82.4
Haveri,B0023 byadagi,C2603 shidenur,3565 kervadi,326,62.47,25.4,3565,25.0,95.0,14.45,,,,,,,,,,,,,,,,,,,,,,,,,,,,,
Haveri,B0023 byadagi,C2603 shidenur,5332 shidenur,135,63.85,21.87,5332,30.0,85.0,5.18,9.0,7.0,77.78,22.22,100.0,1113.0,545.0,26.0,20.96,50.0,65.38,100.0,100.0,85.71,100.0,28.57,28.57,100.0,71.43,85.71,71.43,0.0,1.71,4.71,0.71,8.57,4.0,239.0,77.9
Haveri,B0023 byadagi,C2603 shidenur,5595 tadas,222,78.15,15.99,5595,55.0,100.0,-0.05,,,,,,,,,,,,,,,,,,,,,,,,,,,,,
Haveri,B0023 byadagi,C2603 shidenur,6686 muttur,233,53.13,23.54,6686,25.0,85.0,7.55,,,,,,,,,,,,,,,,,,,,,,,,,,,,,
Haveri,B0023 byadagi,C2643 sudambi,2616 hireanaji,91,50.88,29.2,2616,10.0,90.0,3.56,6.0,6.0,100.0,0.0,100.0,503.0,503.0,22.0,22.86,13.64,68.18,100.0,100.0,66.67,100.0,0.0,16.67,83.33,100.0,100.0,100.0,0.0,1.67,5.67,1.17,12.33,4.83,165.67,83.8
Haveri,B0023 byadagi,C2643 sudambi,5513 sudambi,165,68.21,25.63,5513,25.0,100.0,0.47,4.0,4.0,100.0,0.0,100.0,207.0,207.0,12.0,17.25,25.0,75.0,100.0,100.0,75.0,100.0,25.0,25.0,100.0,100.0,75.0,75.0,0.0,1.0,3.75,4.5,6.5,9.5,234.67,51.8
Haveri,B0053 hanagal,C0132 balambeed,2522 havanagi,262,49.9,25.36,2522,15.0,84.5,0.27,5.0,5.0,100.0,0.0,100.0,322.0,322.0,15.0,21.47,26.67,73.33,100.0,100.0,80.0,100.0,0.0,0.0,80.0,100.0,100.0,80.0,0.0,0.8,3.0,2.8,7.0,5.0,237.75,64.4
Haveri,B0053 hanagal,C0132 balambeed,958 balambeed,451,62.75,23.75,958,30.0,90.0,0.29,,,,,,,,,,,,,,,,,,,,,,,,,,,,,
Haveri,B0053 hanagal,C0645 herur,2595 herur,340,52.71,26.67,2595,15.0,90.0,6.91,5.0,5.0,100.0,0.0,100.0,707.0,707.0,23.0,30.74,52.17,82.61,100.0,100.0,100.0,100.0,20.0,40.0,80.0,100.0,100.0,100.0,0.0,2.8,4.0,0.6,2.4,2.2,240.0,141.4
Haveri,B0053 hanagal,C0645 herur,2639 hirehulliyal,297,49.14,27.69,2639,13.0,85.0,-1.32,,,,,,,,,,,,,,,,,,,,,,,,,,,,,
Haveri,B0053 hanagal,C1761 adur,3356 kanchineglur,142,47.43,31.78,3356,5.0,90.0,9.52,,,,,,,,,,,,,,,,,,,,,,,,,,,,,
Haveri,B0053 hanagal,C1761 adur,529 adur,252,63.17,21.57,529,35.5,90.0,1.19,4.0,2.0,50.0,50.0,100.0,828.0,504.0,12.0,42.0,75.0,75.0,100.0,100.0,100.0,100.0,50.0,0.0,100.0,100.0,100.0,50.0,50.0,1.0,8.5,1.0,5.0,2.0,240.0,252.0
Haveri,B0053 hanagal,C1761 adur,5410 sigihalli shingapur plot,106,64.76,22.26,5410,32.5,95.0,-1.98,,,,,,,,,,,,,,,,,,,,,,,,,,,,,
Haveri,B0053 hanagal,C1774 akkialur,1931 dolleshwara,45,69.11,16.04,1931,47.0,88.0,9.92,,,,,,,,,,,,,,,,,,,,,,,,,,,,,
Haveri,B0053 hanagal,C1774 akkialur,5563 surleshwar,117,62.01,16.67,5563,40.0,80.0,5.82,,,,,,,,,,,,,,,,,,,,,,,,,,,,,
Haveri,B0053 hanagal,C1774 akkialur,580 akkialur,166,73.86,23.27,580,40.0,100.0,4.99,18.0,11.0,61.11,38.89,100.0,3564.0,2365.0,78.0,30.32,58.97,79.49,100.0,100.0,90.91,100.0,45.45,27.27,81.82,81.82,100.0,36.36,28.57,3.36,6.27,0.73,3.64,1.27,240.12,215.0
Haveri,B0053 hanagal,C1806 araleshwar,5276 savasagi,277,60.88,24.99,5276,25.0,90.0,1.07,,,,,,,,,,,,,,,,,,,,,,,,,,,,,
Haveri,B0053 hanagal,C1806 araleshwar,806 arleshwar,318,60.3,23.7,806,30.0,90.0,8.9,,,,,,,,,,,,,,,,,,,,,,,,,,,,,
Haveri,B0053 hanagal,C1843 bammanahalli,1001 bammanhalli,305,45.72,28.0,1001,5.0,83.0,9.27,,,,,,,,,,,,,,,,,,,,,,,,,,,,,
Haveri,B0053 hanagal,C1843 bammanahalli,2848 hullatti,337,53.58,23.79,2848,20.0,85.0,8.56,8.0,8.0,100.0,0.0,100.0,739.0,739.0,26.0,28.42,42.31,73.08,100.0,100.0,75.0,100.0,25.0,12.5,100.0,100.0,100.0,75.0,0.0,1.12,2.5,0.5,4.5,3.25,240.0,92.4
Haveri,B0053 hanagal,C1867 belagalpet,1146 belagalapet,70,50.07,22.9,1146,24.5,80.0,15.04,,,,,,,,,,,,,,,,,,,,,,,,,,,,,
Haveri,B0053 hanagal,C1867 belagalpet,213009380 aladakatti,341,47.21,28.41,213009380,5.0,85.0,-0.37,2.0,2.0,100.0,0.0,100.0,385.0,385.0,15.0,25.67,46.67,80.0,100.0,100.0,50.0,100.0,0.0,0.0,100.0,100.0,100.0,100.0,0.0,1.0,0.5,1.0,6.5,4.0,240.0,192.5
Haveri,B0053 hanagal,C1867 belagalpet,4343 masanakatti,180,57.19,27.91,4343,15.0,95.0,12.33,7.0,6.0,85.71,14.29,100.0,730.0,627.0,19.0,33.0,36.84,84.21,83.33,100.0,83.33,100.0,33.33,0.0,100.0,83.33,83.33,66.67,16.67,1.0,3.17,2.17,5.83,4.5,240.4,104.5
Haveri,B0053 hanagal,C1946 chikkaunashi hosur,1616 chikkousihosur,315,51.95,25.73,1616,15.0,85.0,1.59,,,,,,,,,,,,,,,,,,,,,,,,,,,,,
Haveri,B0053 hanagal,C1946 chikkaunashi hosur,213009377 makaravalli,135,38.85,25.4,213009377,5.0,75.0,5.07,,,,,,,,,,,,,,,,,,,,,,,,,,,,,
Haveri,B0053 hanagal,C1946 chikkaunashi hosur,2132 gondi,75,59.27,25.04,2132,25.0,90.0,8.61,5.0,4.0,80.0,20.0,100.0,512.0,497.0,22.0,22.59,50.0,90.91,100.0,100.0,50.0,100.0,25.0,50.0,100.0,100.0,100.0,75.0,25.0,1.0,4.75,10.5,3.25,10.75,238.5,124.2
Haveri,B0053 hanagal,C2033 gejjihalli,2084 gejjihalli,246,59.17,24.56,2084,25.0,90.0,7.88,,,,,,,,,,,,,,,,,,,,,,,,,,,,,
Haveri,B0053 hanagal,C2033 gejjihalli,2643 hirekanagi,334,51.06,25.1,2643,15.0,85.0,3.99,9.0,9.0,100.0,0.0,100.0,595.0,595.0,28.0,21.25,28.57,82.14,88.89,100.0,55.56,88.89,11.11,11.11,77.78,100.0,100.0,100.0,11.11,0.89,2.56,0.89,3.56,5.22,241.25,66.1
Haveri,B0053 hanagal,C2096 hangal urdu,3765 kopparsikoppa,167,40.18,28.63,3765,5.0,85.0,8.87,,,,,,,,,,,,,,,,,,,,,,,,,,,,,
Haveri,B0053 hanagal,C2318 kopparsikoppa,3765 kopparsikoppa,138,52.86,30.33,3765,10.0,90.0,4.32,,,,,,,,,,,,,,,,,,,,,,,,,,,,,
Haveri,B0053 hanagal,C2318 kopparsikoppa,934 baichavalli,265,51.94,24.84,934,17.0,85.0,8.67,6.0,6.0,100.0,0.0,100.0,523.0,523.0,24.0,21.79,45.83,70.83,100.0,100.0,66.67,100.0,16.67,0.0,100.0,100.0,100.0,66.67,0.0,1.0,2.5,1.5,3.83,3.67,240.0,87.2
Haveri,B0053 hanagal,C2347 kusnur,3530 kelavarkoppa,157,58.85,24.55,3530,20.0,90.0,6.61,,,,,,,,,,,,,,,,,,,,,,,,,,,,,
Haveri,B0053 hanagal,C2347 kusnur,3958 kusnur,129,50.89,26.04,3958,20.0,90.0,11.13,,,,,,,,,,,,,,,,,,,,,,,,,,,,,
Haveri,B0053 hanagal,C2385 maharajpet,3428 karagudari,297,54.38,24.88,3428,15.0,85.0,-1.68,,,,,,,,,,,,,,,,,,,,,,,,,,,,,
Haveri,B0053 hanagal,C2385 maharajpet,6087 yalvatti,337,51.62,27.13,6087,15.0,90.0,3.56,,,,,,,,,,,,,,,,,,,,,,,,,,,,,
Haveri,B0053 hanagal,C2494 naregal,3825 kudal,135,62.89,16.51,3825,45.0,88.0,5.11,,,,,,,,,,,,,,,,,,,,,,,,,,,,,
Haveri,B0053 hanagal,C2494 naregal,4297 maranbeed,201,50.92,27.93,4297,10.0,85.0,8.08,,,,,,,,,,,,,,,,,,,,,,,,,,,,,
Haveri,B0053 hanagal,C2494 naregal,6433 naregal,320,43.77,30.15,6433,5.0,85.0,11.38,5.0,4.0,80.0,20.0,100.0,1064.0,1043.0,34.0,30.68,67.65,88.24,100.0,100.0,100.0,100.0,25.0,0.0,100.0,100.0,75.0,50.0,0.0,1.0,7.25,0.75,1.5,6.0,238.33,260.8
Haveri,B0053 hanagal,C2577 sammasagi,4273 mantagi,262,48.17,26.66,4273,10.0,85.0,8.2,,,,,,,,,,,,,,,,,,,,,,,,,,,,,
Haveri,B0053 hanagal,C2577 sammasagi,5186 sammasagi,102,64.9,25.06,5186,25.5,94.5,5.68,9.0,9.0,100.0,0.0,100.0,531.0,531.0,17.0,31.24,29.41,76.47,100.0,100.0,66.67,100.0,33.33,22.22,100.0,100.0,100.0,88.89,0.0,1.0,2.44,0.67,4.67,3.0,239.71,59.0
Haveri,B0053 hanagal,C2610 shirgod,5358 shirgod,270,41.7,26.57,5358,5.0,80.0,10.76,,,,,,,,,,,,,,,,,,,,,,,,,,,,,
Haveri,B0053 hanagal,C2610 shirgod,6422 hirur,226,49.56,25.75,6422,12.5,85.0,5.91,6.0,5.0,83.33,16.67,100.0,445.0,394.0,18.0,21.89,33.33,72.22,100.0,100.0,100.0,100.0,20.0,0.0,100.0,80.0,100.0,80.0,20.0,1.0,4.0,0.8,7.2,3.4,238.25,78.8
Haveri,B0053 hanagal,C2624 shyadaguppi,3274 kallapur,239,45.96,27.71,3274,10.0,85.0,3.01,,,,,,,,,,,,,,,,,,,,,,,,,,,,,
Haveri,B0053 hanagal,C2624 shyadaguppi,4175 malgund,207,47.78,25.69,4175,10.0,80.0,0.14,2.0,2.0,100.0,0.0,100.0,249.0,249.0,11.0,22.64,36.36,90.91,100.0,100.0,100.0,100.0,50.0,50.0,100.0,100.0,100.0,100.0,0.0,1.0,6.0,0.0,7.5,8.0,,124.5
Haveri,B0053 hanagal,C2624 shyadaguppi,5570 syadguppi,303,65.28,23.51,5570,30.0,95.0,1.19,,,,,,,,,,,,,,,,,,,,,,,,,,,,,
Haveri,B0053 hanagal,C2691 tilavalli,2744 honkan,215,76.86,18.77,2744,50.0,100.0,5.89,,,,,,,,,,,,,,,,,,,,,,,,,,,,,
Haveri,B0053 hanagal,C2691 tilavalli,3626 kirvadi,248,52.96,23.74,3626,20.0,85.0,8.8,,,,,,,,,,,,,,,,,,,,,,,,,,,,,
Haveri,B0053 hanagal,C2691 tilavalli,5774 tiluvalli,254,65.85,23.25,5774,35.0,95.0,3.56,,,,,,,,,,,,,,,,,,,,,,,,,,,,,
Haveri,B0053 hanagal,C2710 uppanasi,5459 somasagar,274,46.88,25.3,5459,15.0,80.0,-1.87,,,,,,,,,,,,,,,,,,,,,,,,,,,,,
Haveri,B0053 hanagal,C2710 uppanasi,5909 uppanasi,351,39.8,27.88,5909,5.0,80.0,11.05,,,,,,,,,,,,,,,,,,,,,,,,,,,,,
Haveri,B0053 hanagal,C2770 akkialur urdu,2132 gondi,142,59.58,26.41,2132,20.5,90.0,4.66,5.0,4.0,80.0,20.0,100.0,512.0,497.0,22.0,22.59,50.0,90.91,100.0,100.0,50.0,100.0,25.0,50.0,100.0,100.0,100.0,75.0,25.0,1.0,4.75,10.5,3.25,10.75,238.5,124.2
Haveri,B0058 hirekerur,C0342 chikkerur,1237 betkerur,113,52.43,26.7,1237,15.0,85.0,-1.3,,,,,,,,,,,,,,,,,,,,,,,,,,,,,
Haveri,B0058 hirekerur,C0342 chikkerur,1615 chikkerur,437,62.51,28.99,1615,20.0,95.0,-1.57,16.0,12.0,75.0,25.0,100.0,1570.0,1133.0,51.0,22.22,45.1,80.39,100.0,100.0,75.0,91.67,25.0,25.0,100.0,100.0,91.67,66.67,9.09,1.5,4.5,3.17,5.33,3.25,237.0,94.4
Haveri,B0058 hirekerur,C0658 hirekabbar,2641 hirekabbar,249,65.7,18.91,2641,44.0,95.0,3.54,4.0,4.0,100.0,0.0,100.0,419.0,419.0,18.0,23.28,22.22,77.78,100.0,100.0,50.0,100.0,25.0,0.0,100.0,100.0,100.0,75.0,0.0,1.5,0.25,0.25,4.75,2.0,241.0,104.8
Haveri,B0058 hirekerur,C0658 hirekabbar,6562 hallur,482,50.96,27.27,6562,15.0,90.0,4.55,9.0,9.0,100.0,0.0,100.0,610.0,610.0,36.0,16.94,22.22,41.67,100.0,100.0,55.56,100.0,0.0,22.22,100.0,100.0,88.89,66.67,0.0,1.11,2.89,0.56,4.67,3.67,234.0,67.8
Haveri,B0058 hirekerur,C1931 channalli,1421 burudukatti,108,60.56,25.48,1421,25.0,90.0,0.52,,,,,,,,,,,,,,,,,,,,,,,,,,,,,
Haveri,B0058 hirekerur,C1931 channalli,6671 channali,305,66.16,20.1,6671,40.0,90.0,0.19,,,,,,,,,,,,,,,,,,,,,,,,,,,,,
Haveri,B0058 hirekerur,C1956 chinnamulgunda,1646 chinnamulgund,4,78.75,21.75,1646,57.5,97.0,38.33,,,,,,,,,,,,,,,,,,,,,,,,,,,,,
Haveri,B0058 hirekerur,C1956 chinnamulgunda,5566 suttakoti,352,57.64,27.4,5566,20.0,95.0,6.62,,,,,,,,,,,,,,,,,,,,,,,,,,,,,
Haveri,B0058 hirekerur,C1956 chinnamulgunda,6260 aralikatti (h),110,41.68,25.9,6260,9.5,75.0,3.49,3.0,3.0,100.0,0.0,100.0,340.0,340.0,16.0,21.25,6.25,56.25,100.0,100.0,0.0,100.0,0.0,0.0,33.33,100.0,100.0,100.0,0.0,1.67,3.33,0.0,0.0,0.0,,113.3
Haveri,B0058 hirekerur,C2000 doddagubbi,3839 kudpali,176,48.98,26.78,3839,10.0,82.5,0.69,,,,,,,,,,,,,,,,,,,,,,,,,,,,,
Haveri,B0058 hirekerur,C2000 doddagubbi,4139 makari,304,50.53,25.2,4139,15.0,85.0,-4.25,5.0,5.0,100.0,0.0,100.0,446.0,446.0,26.0,17.15,53.85,61.54,100.0,80.0,60.0,100.0,0.0,0.0,40.0,100.0,100.0,60.0,0.0,1.2,3.4,1.2,7.2,8.4,241.4,89.2
Haveri,B0058 hirekerur,C2085 hamsabhavi,1295 bhogavi,120,66.08,18.5,1295,45.0,95.0,2.9,4.0,4.0,100.0,0.0,100.0,114.0,114.0,8.0,14.25,25.0,37.5,100.0,100.0,50.0,100.0,25.0,50.0,100.0,100.0,75.0,100.0,0.0,1.25,4.0,0.5,6.5,3.5,243.0,28.5
Haveri,B0058 hirekerur,C2085 hamsabhavi,2379 hamsabhavi,125,58.36,26.39,2379,20.0,93.0,-4.33,12.0,7.0,58.33,41.67,100.0,2025.0,891.0,32.0,27.84,34.38,50.0,100.0,100.0,100.0,85.71,14.29,0.0,100.0,100.0,85.71,85.71,16.67,1.43,6.14,2.29,4.14,1.86,238.0,127.3
Haveri,B0058 hirekerur,C2129 hirekerur (urdu),5258 satenhalli,83,65.3,20.13,5258,40.0,90.0,0.17,,,,,,,,,,,,,,,,,,,,,,,,,,,,,
Haveri,B0058 hirekerur,C2155 hosakatti,4682 nagvanda,144,57.6,23.0,4682,25.0,90.0,2.51,,,,,,,,,,,,,,,,,,,,,,,,,,,,,
Haveri,B0058 hirekerur,C2155 hosakatti,5593 tadakanalli,119,55.8,24.78,5593,20.0,90.0,-10.61,,,,,,,,,,,,,,,,,,,,,,,,,,,,,
Haveri,B0058 hirekerur,C2155 hosakatti,682 anaji,238,51.2,25.05,682,20.0,85.0,1.8,3.0,3.0,100.0,0.0,100.0,288.0,288.0,15.0,19.2,26.67,66.67,100.0,100.0,100.0,100.0,0.0,33.33,100.0,100.0,66.67,100.0,0.0,1.0,4.0,0.0,5.67,4.33,,96.0
Haveri,B0058 hirekerur,C2170 hullatti,2830 hulatti,311,46.62,28.0,2830,10.0,85.0,0.34,,,,,,,,,,,,,,,,,,,,,,,,,,,,,
Haveri,B0058 hirekerur,C2170 hullatti,3885 kunchur,328,75.02,22.93,3885,45.0,100.0,2.9,,,,,,,,,,,,,,,,,,,,,,,,,,,,,
Haveri,B0058 hirekerur,C2170 hullatti,4828 nesvi,235,60.94,26.18,4828,25.0,93.0,3.59,,,,,,,,,,,,,,,,,,,,,,,,,,,,,
Haveri,B0058 hirekerur,C2227 kadur,3195 kadur,367,50.45,27.92,3195,15.0,90.0,7.91,5.0,5.0,100.0,0.0,100.0,587.0,587.0,27.0,21.74,44.44,74.07,100.0,100.0,100.0,80.0,20.0,0.0,80.0,100.0,80.0,80.0,0.0,1.4,5.4,0.8,8.6,7.6,240.67,117.4
Haveri,B0058 hirekerur,C2227 kadur,3408 kanvi shiddegeri,268,61.75,23.15,3408,30.0,90.0,1.11,,,,,,,,,,,,,,,,,,,,,,,,,,,,,
Haveri,B0058 hirekerur,C2301 kod,3636 kod,248,53.37,29.52,3636,10.0,90.0,12.74,,,,,,,,,,,,,,,,,,,,,,,,,,,,,
Haveri,B0058 hirekerur,C2301 kod,589 aladgeri,280,41.59,28.03,589,5.0,80.5,-10.17,,,,,,,,,,,,,,,,,,,,,,,,,,,,,
Haveri,B0058 hirekerur,C2415 masur urdu,2667 hiremorab,59,69.49,20.36,2667,45.0,90.0,9.12,,,,,,,,,,,,,,,,,,,,,,,,,,,,,
Haveri,B0058 hirekerur,C2415 masur urdu,3669 kodmaggi,128,60.39,13.25,3669,50.0,80.0,0.79,,,,,,,,,,,,,,,,,,,,,,,,,,,,,
Haveri,B0058 hirekerur,C2416 masur,4354 masur,383,66.75,20.95,4354,40.0,95.0,5.34,8.0,6.0,75.0,25.0,100.0,1774.0,917.0,36.0,25.47,69.44,36.11,100.0,100.0,83.33,100.0,33.33,16.67,83.33,100.0,100.0,66.67,16.67,1.33,4.67,0.33,3.33,2.17,246.0,152.8
Haveri,B0058 hirekerur,C2416 masur,4776 nedi negalu,323,73.92,22.0,4776,40.0,100.0,-0.55,,,,,,,,,,,,,,,,,,,,,,,,,,,,,
Haveri,B0058 hirekerur,C2424 medur,3669 kodmaggi,112,45.0,26.16,3669,10.0,80.0,9.3,,,,,,,,,,,,,,,,,,,,,,,,,,,,,
Haveri,B0058 hirekerur,C2424 medur,4399 medur,121,41.32,29.45,4399,5.0,80.0,15.78,4.0,4.0,100.0,0.0,100.0,328.0,328.0,18.0,18.22,44.44,77.78,100.0,100.0,50.0,100.0,25.0,0.0,50.0,100.0,100.0,75.0,0.0,1.0,5.5,0.75,14.5,3.5,239.0,82.0
Haveri,B0058 hirekerur,C2558 rattihalli,213009444 chikkayadachi,182,85.55,12.86,213009444,75.0,95.0,2.06,,,,,,,,,,,,,,,,,,,,,,,,,,,,,
Haveri,B0058 hirekerur,C2558 rattihalli,2667 hiremorab,60,56.92,27.36,2667,20.0,90.0,12.91,,,,,,,,,,,,,,,,,,,,,,,,,,,,,
Haveri,B0058 hirekerur,C2558 rattihalli,5357 shirgambi,215,59.21,25.61,5357,25.0,93.0,9.33,,,,,,,,,,,,,,,,,,,,,,,,,,,,,
Haveri,B0058 hirekerur,C2590 satenhalli,1621 chikonatti,89,51.97,29.13,1621,10.0,91.0,0.48,,,,,,,,,,,,,,,,,,,,,,,,,,,,,
Haveri,B0058 hirekerur,C2590 satenhalli,3142 kachavi,90,70.94,21.83,3142,40.0,95.0,2.44,5.0,5.0,100.0,0.0,100.0,317.0,317.0,12.0,26.42,25.0,66.67,100.0,100.0,60.0,100.0,0.0,0.0,100.0,100.0,100.0,80.0,20.0,1.0,1.8,3.0,1.4,5.0,244.0,63.4
Haveri,B0058 hirekerur,C2590 satenhalli,5258 satenhalli,91,60.82,27.84,5258,20.0,95.0,5.59,,,,,,,,,,,,,,,,,,,,,,,,,,,,,
Haveri,B0058 hirekerur,C2590 satenhalli,6347 madlur,103,49.9,30.12,6347,10.0,99.0,16.73,5.0,4.0,80.0,20.0,100.0,360.0,230.0,14.0,16.43,28.57,57.14,100.0,100.0,50.0,100.0,0.0,0.0,75.0,75.0,100.0,50.0,0.0,0.75,2.5,5.0,10.0,6.25,239.5,57.5
Haveri,B0058 hirekerur,C2666 tavaragi,2956 ingalgondi,277,68.01,20.62,2956,40.0,90.0,0.16,,,,,,,,,,,,,,,,,,,,,,,,,,,,,
Haveri,B0058 hirekerur,C2666 tavaragi,5649 tavaragi,191,47.33,26.05,5649,15.0,85.0,0.13,4.0,4.0,100.0,0.0,100.0,165.0,165.0,12.0,13.75,41.67,75.0,100.0,100.0,100.0,100.0,75.0,25.0,100.0,100.0,100.0,100.0,0.0,1.0,4.5,0.5,5.0,0.0,245.0,41.2
Haveri,B0058 hirekerur,C2767 yattinahalli,506 ablur,251,47.93,28.98,506,5.0,85.0,7.7,,,,,,,,,,,,,,,,,,,,,,,,,,,,,
Haveri,B0058 hirekerur,C2767 yattinahalli,6121 yattinalli m k,305,72.51,25.1,6121,35.0,100.0,3.69,,,,,,,,,,,,,,,,,,,,,,,,,,,,,
Haveri,B0114 ranebennur,C0289 chalageri,1473 challageri,37,69.59,21.32,1473,50.0,90.0,11.12,,,,,,,,,,,,,,,,,,,,,,,,,,,,,
Haveri,B0114 ranebennur,C0289 chalageri,2206 gudihonatti,120,79.25,16.82,2206,60.0,95.0,7.26,,,,,,,,,,,,,,,,,,,,,,,,,,,,,
Haveri,B0114 ranebennur,C0289 chalageri,3322 kamdod,256,39.1,25.45,3322,5.0,75.0,6.23,,,,,,,,,,,,,,,,,,,,,,,,,,,,,
Haveri,B0114 ranebennur,C0289 chalageri,3468 karur,429,46.52,25.12,3468,15.0,85.0,2.55,,,,,,,,,,,,,,,,,,,,,,,,,,,,,
Haveri,B0114 ranebennur,C0289 chalageri,6616 itagi,556,63.02,23.98,6616,30.0,90.0,5.83,,,,,,,,,,,,,,,,,,,,,,,,,,,,,
Haveri,B0114 ranebennur,C0532 gudihonatti,1617 chikkuravati,62,64.03,22.87,1617,30.0,90.0,3.3,,,,,,,,,,,,,,,,,,,,,,,,,,,,,
Haveri,B0114 ranebennur,C0532 gudihonatti,2206 gudihonatti,199,44.05,26.86,2206,5.0,81.0,7.02,,,,,,,,,,,,,,,,,,,,,,,,,,,,,
Haveri,B0114 ranebennur,C0564 halageri,1225 benkangonda,279,74.98,17.28,1225,50.0,95.0,7.41,,,,,,,,,,,,,,,,,,,,,,,,,,,,,
Haveri,B0114 ranebennur,C0564 halageri,1341 bilhalli,306,61.55,25.98,1341,20.0,90.0,-2.38,,,,,,,,,,,,,,,,,,,,,,,,,,,,,
Haveri,B0114 ranebennur,C0564 halageri,6552 halgeri,398,56.14,23.33,6552,25.0,85.0,2.06,,,,,,,,,,,,,,,,,,,,,,,,,,,,,
Haveri,B0114 ranebennur,C0756 itagi,6609 mudenur,128,65.12,23.96,6609,28.5,95.0,0.38,,,,,,,,,,,,,,,,,,,,,,,,,,,,,
Haveri,B0114 ranebennur,C0997 kotihal,6232 lingadahalli,417,64.93,25.95,6232,25.0,95.0,-0.81,,,,,,,,,,,,,,,,,,,,,,,,,,,,,
Haveri,B0114 ranebennur,C0997 kotihal,738 antarvalli,77,57.01,28.14,738,15.0,90.0,9.85,,,,,,,,,,,,,,,,,,,,,,,,,,,,,
Haveri,B0114 ranebennur,C1811 aremallapur,5044 rahutanakatti,313,56.07,27.19,5044,20.0,95.0,-4.59,,,,,,,,,,,,,,,,,,,,,,,,,,,,,
Haveri,B0114 ranebennur,C1811 aremallapur,6572 somalapur,110,56.68,23.71,6572,24.5,85.0,-0.16,,,,,,,,,,,,,,,,,,,,,,,,,,,,,
Haveri,B0114 ranebennur,C1811 aremallapur,792 aremallapur,313,54.42,21.54,792,25.0,84.0,-2.99,,,,,,,,,,,,,,,,,,,,,,,,,,,,,
Haveri,B0114 ranebennur,C1984 devaragudda,2193 guddadaanveri,94,58.72,25.63,2193,21.5,90.0,6.17,,,,,,,,,,,,,,,,,,,,,,,,,,,,,
Haveri,B0114 ranebennur,C1984 devaragudda,2196 guddaguddapur,321,73.66,16.18,2196,50.0,95.0,6.35,,,,,,,,,,,,,,,,,,,,,,,,,,,,,
Haveri,B0114 ranebennur,C1984 devaragudda,2736 honatti,168,69.58,16.34,2736,50.0,95.0,6.19,,,,,,,,,,,,,,,,,,,,,,,,,,,,,
Haveri,B0114 ranebennur,C1984 devaragudda,6596 hanumapur,101,76.24,16.38,6596,55.0,95.0,2.12,,,,,,,,,,,,,,,,,,,,,,,,,,,,,
Haveri,B0114 ranebennur,C2103 haranagiri,2187 gudagur,136,83.6,13.33,2187,65.0,100.0,0.25,,,,,,,,,,,,,,,,,,,,,,,,,,,,,
Haveri,B0114 ranebennur,C2103 haranagiri,2459 harangiri,400,79.59,16.56,2459,55.0,100.0,5.85,,,,,,,,,,,,,,,,,,,,,,,,,,,,,
Haveri,B0114 ranebennur,C2125 hirebidari,2625 hirebidari,348,65.3,25.28,2625,25.0,95.0,4.5,,,,,,,,,,,,,,,,,,,,,,,,,,,,,
Haveri,B0114 ranebennur,C2125 hirebidari,2965 irani,126,62.18,25.9,2965,17.5,90.0,4.55,,,,,,,,,,,,,,,,,,,,,,,,,,,,,
Haveri,B0114 ranebennur,C2125 hirebidari,4630 nadiharalahalli,90,61.5,18.61,4630,40.0,90.0,1.0,,,,,,,,,,,,,,,,,,,,,,,,,,,,,
Haveri,B0114 ranebennur,C2211 joyisaraharalahalli,2551 hediyal,186,62.58,23.77,2551,30.0,95.0,3.53,,,,,,,,,,,,,,,,,,,,,,,,,,,,,
Haveri,B0114 ranebennur,C2211 joyisaraharalahalli,3084 joisaraharalahalli,154,56.66,27.18,3084,15.0,90.0,9.76,,,,,,,,,,,,,,,,,,,,,,,,,,,,,
Haveri,B0114 ranebennur,C2211 joyisaraharalahalli,5547 sunkalbidri,212,57.78,24.1,5547,25.0,90.0,9.31,,,,,,,,,,,,,,,,,,,,,,,,,,,,,
Haveri,B0114 ranebennur,C2211 joyisaraharalahalli,5885 ukkund,293,82.7,15.27,5885,70.0,95.0,0.73,,,,,,,,,,,,,,,,,,,,,,,,,,,,,
Haveri,B0114 ranebennur,C2232 kakol,3217 kajjari,242,59.36,21.75,3217,25.5,85.0,-0.55,,,,,,,,,,,,,,,,,,,,,,,,,,,,,
Haveri,B0114 ranebennur,C2232 kakol,3227 kakol,391,46.1,26.64,3227,10.0,85.0,1.04,,,,,,,,,,,,,,,,,,,,,,,,,,,,,
Haveri,B0114 ranebennur,C2232 kakol,6558 asundi,287,76.74,20.96,6558,43.0,95.0,5.53,,,,,,,,,,,,,,,,,,,,,,,,,,,,,
Haveri,B0114 ranebennur,C2340 kuppelur,3914 kuppelur,273,77.47,19.68,3914,50.0,100.0,8.52,,,,,,,,,,,,,,,,,,,,,,,,,,,,,
Haveri,B0114 ranebennur,C2340 kuppelur,4159 malanayakanahalli,106,69.01,19.58,4159,45.0,90.0,2.36,,,,,,,,,,,,,,,,,,,,,,,,,,,,,
Haveri,B0114 ranebennur,C2340 kuppelur,6528 nittur,235,59.3,24.67,6528,20.0,90.0,9.19,,,,,,,,,,,,,,,,,,,,,,,,,,,,,
Haveri,B0114 ranebennur,C2388 makanur,3506 kavalettu,161,67.33,20.43,3506,40.0,90.0,4.89,,,,,,,,,,,,,,,,,,,,,,,,,,,,,
Haveri,B0114 ranebennur,C2388 makanur,3663 kodiyal,104,52.5,23.29,3663,25.0,85.0,5.29,,,,,,,,,,,,,,,,,,,,,,,,,,,,,
Haveri,B0114 ranebennur,C2388 makanur,4137 makanur,24,68.75,26.96,4137,41.5,93.5,-23.57,,,,,,,,,,,,,,,,,,,,,,,,,,,,,
Haveri,B0114 ranebennur,C2423 medleri,4398 medleri,512,50.9,28.93,4398,10.0,90.0,3.38,,,,,,,,,,,,,,,,,,,,,,,,,,,,,
Haveri,B0114 ranebennur,C2423 medleri,6455 belur,197,49.26,29.94,6455,5.0,90.0,-1.52,,,,,,,,,,,,,,,,,,,,,,,,,,,,,
Haveri,B0114 ranebennur,C2566 rural urdu,5831 tumminkatti,103,51.84,25.3,5831,15.0,85.0,6.76,,,,,,,,,,,,,,,,,,,,,,,,,,,,,
Haveri,B0114 ranebennur,C2920 ranebennur no 2,5831 tumminkatti,217,58.06,27.83,5831,18.0,92.0,1.15,,,,,,,,,,,,,,,,,,,,,,,,,,,,,
Haveri,B0118 savanur,C0628 hattimattur,1932 dombarmattur,140,53.18,27.7,1932,15.0,90.0,10.17,,,,,,,,,,,,,,,,,,,,,,,,,,,,,
Haveri,B0118 savanur,C0628 hattimattur,2517 hattimattur,540,61.27,25.01,2517,25.0,95.0,2.51,6.0,6.0,100.0,0.0,100.0,837.0,837.0,30.0,27.9,40.0,56.67,100.0,100.0,33.33,100.0,33.33,16.67,83.33,83.33,100.0,83.33,0.0,1.33,3.67,0.33,4.67,4.83,240.67,139.5
Haveri,B0118 savanur,C0628 hattimattur,2665 hiremaralahalli,236,64.77,24.43,2665,30.0,92.5,5.0,,,,,,,,,,,,,,,,,,,,,,,,,,,,,
Haveri,B0118 savanur,C0628 hattimattur,3026 jallapur,159,58.93,23.46,3026,30.0,90.0,2.21,5.0,4.0,80.0,20.0,100.0,653.0,587.0,21.0,27.95,38.1,85.71,100.0,100.0,50.0,100.0,50.0,0.0,100.0,100.0,100.0,75.0,0.0,1.0,1.5,0.5,6.25,9.75,119.0,146.8
Haveri,B0118 savanur,C0825 kadakol,2600 hesrur,462,63.48,23.68,2600,30.0,90.0,1.03,,,,,,,,,,,,,,,,,,,,,,,,,,,,,
Haveri,B0118 savanur,C0825 kadakol,2915 icchangi,376,73.66,22.44,2915,40.0,95.0,-2.3,,,,,,,,,,,,,,,,,,,,,,,,,,,,,
Haveri,B0118 savanur,C0825 kadakol,6395 kadakol,193,79.3,16.2,6395,55.0,99.0,-1.95,,,,,,,,,,,,,,,,,,,,,,,,,,,,,
Haveri,B0118 savanur,C0895 karadagi,3419 karadagi,444,69.57,20.01,3419,45.0,90.0,-2.45,5.0,5.0,100.0,0.0,100.0,1288.0,1288.0,28.0,46.0,39.29,67.86,100.0,100.0,80.0,100.0,20.0,20.0,100.0,80.0,100.0,40.0,25.0,2.8,5.2,1.6,6.6,7.4,239.67,257.6
Haveri,B0118 savanur,C0895 karadagi,4276 mantrodi,300,55.77,25.59,4276,20.0,90.0,9.96,4.0,3.0,75.0,25.0,100.0,788.0,553.0,18.0,30.72,33.33,94.44,100.0,100.0,66.67,100.0,0.0,33.33,100.0,100.0,100.0,100.0,0.0,1.0,7.0,2.0,6.0,2.0,241.5,184.3
Haveri,B0118 savanur,C0895 karadagi,5655 teggihalli,149,73.93,20.11,5655,50.0,95.0,4.66,11.0,10.0,90.91,9.09,100.0,706.0,659.0,30.0,21.97,43.33,83.33,100.0,100.0,50.0,100.0,0.0,10.0,100.0,100.0,90.0,80.0,0.0,1.1,3.0,0.7,3.9,4.0,240.67,65.9
Haveri,B0118 savanur,C1467 savanur urdu,5655 teggihalli,96,70.1,17.65,5655,47.5,92.5,3.15,11.0,10.0,90.91,9.09,100.0,706.0,659.0,30.0,21.97,43.33,83.33,100.0,100.0,50.0,100.0,0.0,10.0,100.0,100.0,90.0,80.0,0.0,1.1,3.0,0.7,3.9,4.0,240.67,65.9
Haveri,B0118 savanur,C1487 shirabadagi,1627 chillurbadni,525,46.73,28.33,1627,10.0,85.0,5.14,8.0,8.0,100.0,0.0,100.0,1447.0,1447.0,38.0,38.08,31.58,73.68,100.0,100.0,62.5,100.0,0.0,12.5,100.0,100.0,100.0,75.0,12.5,1.12,5.62,1.25,4.75,3.38,241.29,180.9
Haveri,B0118 savanur,C1487 shirabadagi,5356 shirbadagi,361,60.79,23.73,5356,25.0,90.0,-1.54,,,,,,,,,,,,,,,,,,,,,,,,,,,,,
Haveri,B0118 savanur,C1723 yalavagi,2905 huvinashigli,337,62.52,23.68,2905,35.0,95.0,-1.53,,,,,,,,,,,,,,,,,,,,,,,,,,,,,
Haveri,B0118 savanur,C1723 yalavagi,6142 yelvigi,649,56.49,23.79,6142,25.0,90.0,1.75,,,,,,,,,,,,,,,,,,,,,,,,,,,,,
Haveri,B0118 savanur,C2179 huralikoppa,2896 hurulikoppi,163,36.5,22.16,2896,10.0,65.0,4.98,,,,,,,,,,,,,,,,,,,,,,,,,,,,,
Haveri,B0118 savanur,C2179 huralikoppa,3940 kurubara mallur,138,67.97,25.26,3940,30.0,95.0,3.57,,,,,,,,,,,,,,,,,,,,,,,,,,,,,
Haveri,B0118 savanur,C2179 huralikoppa,5794 tondur,254,49.43,29.09,5794,5.0,88.5,5.55,4.0,4.0,100.0,0.0,100.0,396.0,396.0,15.0,26.4,33.33,80.0,100.0,100.0,75.0,100.0,0.0,0.0,100.0,100.0,100.0,50.0,0.0,1.0,3.75,0.0,4.0,5.25,241.0,99.0
Haveri,B0118 savanur,C2236 kalakoti,2657 hiremagdur,317,41.56,28.3,2657,5.0,80.0,-2.65,,,,,,,,,,,,,,,,,,,,,,,,,,,,,
Haveri,B0118 savanur,C2236 kalakoti,3248 kalasur,328,46.11,27.23,3248,10.0,85.0,3.05,3.0,3.0,100.0,0.0,100.0,482.0,482.0,17.0,28.35,29.41,82.35,100.0,100.0,100.0,100.0,33.33,33.33,100.0,100.0,100.0,100.0,0.0,1.33,4.67,1.33,12.33,9.67,237.0,160.7
Haveri,B0118 savanur,C2667 tavarmellahalli,3898 kunemellahalli,306,54.18,25.92,3898,20.0,90.0,2.58,,,,,,,,,,,,,,,,,,,,,,,,,,,,,
Haveri,B0118 savanur,C2926 savanur urdu,2896 hurulikoppi,180,37.14,28.74,2896,0.0,75.5,-0.14,,,,,,,,,,,,,,,,,,,,,,,,,,,,,
Haveri,B0118 savanur,C2926 savanur urdu,5652 tavarmellahalli,156,50.77,29.13,5652,12.5,90.0,15.1,,,,,,,,,,,,,,,,,,,,,,,,,,,,,
Haveri,B0121 shiggoan,C0162 bannur,2663 hiremallur,79,83.67,10.05,2663,70.0,95.0,3.97,7.0,7.0,100.0,0.0,100.0,841.0,841.0,41.0,20.51,41.46,90.24,85.71,100.0,85.71,85.71,14.29,0.0,85.71,100.0,100.0,71.43,0.0,1.57,3.86,1.57,8.57,7.0,238.5,120.1
Haveri,B0121 shiggoan,C0162 bannur,3139 kabnur,57,72.81,14.58,3139,50.0,90.0,4.15,,,,,,,,,,,,,,,,,,,,,,,,,,,,,
Haveri,B0121 shiggoan,C0162 bannur,6355 bannur,322,76.38,19.03,6355,50.0,95.0,5.98,5.0,5.0,100.0,0.0,100.0,694.0,694.0,32.0,21.69,56.25,84.38,100.0,100.0,80.0,100.0,0.0,0.0,100.0,100.0,100.0,80.0,0.0,1.0,4.8,1.0,6.0,5.6,231.0,138.8
Haveri,B0121 shiggoan,C0976 konankeri,3727 konankeri,382,56.71,24.27,3727,25.0,90.0,2.74,,,,,,,,,,,,,,,,,,,,,,,,,,,,,
Haveri,B0121 shiggoan,C0976 konankeri,701 andalgi,239,72.93,19.63,701,45.0,95.0,5.15,,,,,,,,,,,,,,,,,,,,,,,,,,,,,
Haveri,B0121 shiggoan,C1284 narayanpur,2435 hanumarahalli,111,50.99,25.64,2435,20.0,85.0,0.81,6.0,5.0,83.33,16.67,100.0,540.0,417.0,22.0,18.95,36.36,68.18,100.0,100.0,40.0,100.0,0.0,20.0,100.0,100.0,100.0,100.0,0.0,1.6,3.2,0.6,8.0,6.8,231.5,83.4
Haveri,B0121 shiggoan,C1284 narayanpur,6416 narayanpur,515,72.25,18.72,6416,45.0,95.0,5.65,,,,,,,,,,,,,,,,,,,,,,,,,,,,,
Haveri,B0121 shiggoan,C1823 baad,2195 guddadchannapur,150,53.5,24.95,2195,24.5,85.0,4.05,,,,,,,,,,,,,,,,,,,,,,,,,,,,,
Haveri,B0121 shiggoan,C1823 baad,2337 halebankapur,92,84.35,11.49,2337,70.0,95.0,3.82,4.0,4.0,100.0,0.0,100.0,353.0,353.0,14.0,25.21,50.0,50.0,100.0,100.0,75.0,100.0,50.0,0.0,100.0,100.0,100.0,75.0,0.0,1.25,4.25,2.5,13.5,5.0,240.75,88.2
Haveri,B0121 shiggoan,C1823 baad,3894 kundur,133,45.49,25.94,3894,10.0,80.0,10.78,5.0,4.0,80.0,20.0,100.0,515.0,354.0,9.0,39.33,22.22,88.89,100.0,100.0,25.0,100.0,25.0,25.0,100.0,100.0,100.0,75.0,0.0,0.75,4.5,1.0,9.0,10.25,241.25,88.5
Haveri,B0121 shiggoan,C1823 baad,894 bada,90,72.72,26.16,894,30.0,100.0,9.48,8.0,7.0,87.5,12.5,100.0,971.0,950.0,26.0,36.54,38.46,69.23,100.0,100.0,57.14,100.0,14.29,14.29,100.0,100.0,100.0,71.43,0.0,2.57,5.29,2.43,7.0,4.86,244.0,135.7
Haveri,B0121 shiggoan,C1928 chandapur,2809 hotanhalli,198,71.11,17.58,2809,50.0,95.0,2.07,,,,,,,,,,,,,,,,,,,,,,,,,,,,,
Haveri,B0121 shiggoan,C1928 chandapur,2876 hungunda,148,51.66,27.1,2876,15.0,85.0,8.56,,,,,,,,,,,,,,,,,,,,,,,,,,,,,
Haveri,B0121 shiggoan,C1928 chandapur,6652 chandapur,291,63.33,22.3,6652,35.0,90.0,-6.19,,,,,,,,,,,,,,,,,,,,,,,,,,,,,
Haveri,B0121 shiggoan,C1992 dhundasi,1839 dhundasi,96,61.61,18.77,1839,40.0,85.0,3.65,,,,,,,,,,,,,,,,,,,,,,,,,,,,,
Haveri,B0121 shiggoan,C1992 dhundasi,6505 hosur,275,71.4,16.01,6505,50.0,90.0,3.75,8.0,6.0,75.0,25.0,100.0,713.0,431.0,19.0,22.68,57.89,68.42,100.0,100.0,83.33,100.0,0.0,33.33,100.0,100.0,100.0,83.33,0.0,1.0,3.83,0.83,11.67,4.17,233.67,71.8
Haveri,B0121 shiggoan,C2123 hirebendigeri,2622 hirebendigeri,228,52.35,25.05,2622,15.0,85.0,9.58,5.0,5.0,100.0,0.0,100.0,445.0,445.0,18.0,24.72,50.0,55.56,100.0,100.0,80.0,100.0,0.0,40.0,100.0,100.0,100.0,60.0,0.0,1.4,4.8,3.6,15.2,10.0,241.67,89.0
Haveri,B0121 shiggoan,C2123 hirebendigeri,2664 hiremankatti,108,39.91,23.28,2664,13.5,75.0,3.37,,,,,,,,,,,,,,,,,,,,,,,,,,,,,
Haveri,B0121 shiggoan,C2166 hulagur,1093 basnal,113,72.17,19.82,1093,46.0,95.0,-1.32,,,,,,,,,,,,,,,,,,,,,,,,,,,,,
Haveri,B0121 shiggoan,C2166 hulagur,2832 hulgur,264,62.03,20.74,2832,35.0,90.0,0.13,7.0,5.0,71.43,28.57,100.0,1660.0,1173.0,26.0,45.12,53.85,84.62,100.0,100.0,100.0,80.0,20.0,40.0,100.0,100.0,100.0,60.0,40.0,1.4,10.2,0.4,4.0,1.6,228.0,234.6
Haveri,B0121 shiggoan,C2166 hulagur,3969 kyalkonda,139,62.23,17.58,3969,40.0,85.0,2.8,,,,,,,,,,,,,,,,,,,,,,,,,,,,,
Haveri,B0121 shiggoan,C2166 hulagur,5372 shishuvinhal,94,33.51,25.29,5372,6.5,68.5,7.8,,,,,,,,,,,,,,,,,,,,,,,,,,,,,
Haveri,B0121 shiggoan,C2166 hulagur,836 attigeri,258,69.65,20.33,836,40.0,90.0,3.22,3.0,2.0,66.67,33.33,100.0,354.0,282.0,7.0,40.29,71.43,85.71,100.0,100.0,50.0,100.0,0.0,50.0,100.0,100.0,50.0,50.0,0.0,1.0,5.5,1.0,11.0,0.0,224.0,141.0
Haveri,B0121 shiggoan,C2502 neeralagi,4109 madli,97,48.97,26.84,4109,10.0,80.0,10.59,3.0,2.0,66.67,33.33,100.0,424.0,345.0,10.0,34.5,20.0,50.0,100.0,100.0,100.0,100.0,50.0,0.0,100.0,100.0,100.0,100.0,0.0,2.0,4.0,5.5,9.0,10.0,238.0,172.5
Haveri,B0121 shiggoan,C2502 neeralagi,4618 n m tadas,73,83.97,12.75,4618,70.0,100.0,5.99,,,,,,,,,,,,,,,,,,,,,,,,,,,,,
Haveri,B0121 shiggoan,C2502 neeralagi,5969 vanhalli,114,63.95,20.35,5969,40.0,90.0,3.4,,,,,,,,,,,,,,,,,,,,,,,,,,,,,
Haveri,B0121 shiggoan,C2603 shidenur,213009343 tadas,274,72.46,14.86,213009343,55.0,90.0,2.74,,,,,,,,,,,,,,,,,,,,,,,,,,,,,
Haveri,B0121 shiggoan,C2604 shiggaon urdu,3139 kabnur,52,63.65,17.07,3139,40.5,85.0,-3.97,,,,,,,,,,,,,,,,,,,,,,,,,,,,,
Haveri,B0121 shiggoan,C2658 tadas,213009343 tadas,163,74.11,11.8,213009343,60.0,85.0,3.72,,,,,,,,,,,,,,,,,,,,,,,,,,,,,
Haveri,B0121 shiggoan,C2658 tadas,3906 kunnur,261,60.06,24.88,3906,25.0,95.0,-1.49,,,,,,,,,,,,,,,,,,,,,,,,,,,,,
Haveri,B0149 haveri,C0550 guttal urdu,2799 hosaritti,141,64.75,23.23,2799,35.0,95.0,-2.05,13.0,9.0,69.23,30.77,100.0,2527.0,1483.0,46.0,32.24,39.13,65.22,100.0,100.0,88.89,100.0,66.67,0.0,66.67,77.78,100.0,77.78,42.86,1.56,6.78,0.44,7.33,2.0,234.0,164.8
Haveri,B0149 haveri,C0550 guttal urdu,3407 kanvalli,151,77.38,18.16,3407,50.0,95.0,-3.54,,,,,,,,,,,,,,,,,,,,,,,,,,,,,
Haveri,B0149 haveri,C1762 agadi,3282 kallihal,130,55.04,26.69,3282,20.0,90.0,5.64,,,,,,,,,,,,,,,,,,,,,,,,,,,,,
Haveri,B0149 haveri,C1762 agadi,6258 agadi (h),353,41.36,26.56,6258,5.0,80.0,4.5,11.0,9.0,81.82,18.18,100.0,1364.0,942.0,39.0,24.15,64.1,48.72,100.0,100.0,55.56,100.0,11.11,0.0,100.0,77.78,100.0,77.78,33.33,1.0,4.33,0.56,5.78,4.33,120.5,104.7
Haveri,B0149 haveri,C1978 devagiri,3432 karajgi,324,53.04,24.78,3432,20.0,85.0,-9.2,,,,,,,,,,,,,,,,,,,,,,,,,,,,,
Haveri,B0149 haveri,C1978 devagiri,6424 kolur (k),214,41.47,25.41,6424,5.0,75.0,6.47,4.0,4.0,100.0,0.0,100.0,325.0,325.0,17.0,19.12,29.41,76.47,75.0,100.0,50.0,100.0,50.0,50.0,75.0,100.0,100.0,50.0,25.0,1.25,4.25,0.25,4.5,3.5,246.0,81.2
Haveri,B0149 haveri,C1978 devagiri,6585 devagiri,300,51.2,23.35,6585,20.0,85.0,2.14,7.0,4.0,57.14,42.86,100.0,1440.0,651.0,24.0,27.12,79.17,58.33,100.0,100.0,75.0,75.0,0.0,50.0,100.0,100.0,100.0,75.0,0.0,0.5,5.0,0.25,1.25,0.0,244.0,162.8
Haveri,B0149 haveri,C1987 devihosur,1815 devihosur,347,65.82,26.36,1815,25.0,95.0,15.74,6.0,6.0,100.0,0.0,100.0,874.0,874.0,30.0,29.13,76.67,30.0,100.0,100.0,83.33,100.0,0.0,0.0,66.67,33.33,100.0,66.67,16.67,0.83,5.0,0.33,4.67,2.33,236.0,145.7
Haveri,B0149 haveri,C1987 devihosur,6392 aladakatti,309,71.12,21.47,6392,40.0,100.0,-0.09,6.0,5.0,83.33,16.67,100.0,816.0,599.0,26.0,23.04,69.23,50.0,100.0,100.0,80.0,100.0,0.0,0.0,100.0,100.0,100.0,60.0,0.0,0.8,4.0,0.4,4.2,5.4,238.67,119.8
Haveri,B0149 haveri,C1987 devihosur,6496 naganur,263,64.13,23.26,6496,35.0,95.0,-0.88,5.0,4.0,80.0,20.0,100.0,594.0,497.0,21.0,23.67,38.1,66.67,100.0,100.0,100.0,100.0,0.0,0.0,100.0,100.0,100.0,100.0,0.0,1.75,8.25,0.5,4.5,2.5,8.0,124.2
Haveri,B0149 haveri,C2060 guttal urdu,4790 neglur,150,49.2,26.29,4790,15.0,85.0,15.9,,,,,,,,,,,,,,,,,,,,,,,,,,,,,
Haveri,B0149 haveri,C2061 guttal,1076 basapur,356,37.81,25.11,1076,7.5,75.0,-0.15,,,,,,,,,,,,,,,,,,,,,,,,,,,,,
Haveri,B0149 haveri,C2108 havnur,2521 havamshi,124,62.34,27.44,2521,20.0,95.0,8.57,,,,,,,,,,,,,,,,,,,,,,,,,,,,,
Haveri,B0149 haveri,C2108 havnur,2524 havanur,428,45.08,28.64,2524,10.0,85.0,32.87,6.0,5.0,83.33,16.67,100.0,1033.0,872.0,23.0,37.91,43.48,73.91,100.0,80.0,60.0,100.0,0.0,20.0,100.0,100.0,100.0,80.0,0.0,1.0,4.2,0.2,10.4,9.2,241.5,174.4
Haveri,B0149 haveri,C2108 havnur,3353 kanchargatti,305,35.43,22.79,3353,10.0,70.0,1.65,,,,,,,,,,,,,,,,,,,,,,,,,,,,,
Haveri,B0149 haveri,C2159 hosaritti,2410 handignur,260,62.15,25.41,2410,25.0,90.0,9.52,,,,,,,,,,,,,,,,,,,,,,,,,,,,,
Haveri,B0149 haveri,C2159 hosaritti,2799 hosaritti,158,51.01,25.92,2799,20.0,90.0,6.58,13.0,9.0,69.23,30.77,100.0,2527.0,1483.0,46.0,32.24,39.13,65.22,100.0,100.0,88.89,100.0,66.67,0.0,66.67,77.78,100.0,77.78,42.86,1.56,6.78,0.44,7.33,2.0,234.0,164.8
Haveri,B0149 haveri,C2220 kabbur,3137 kabbur,304,54.52,25.75,3137,20.0,85.0,5.65,6.0,5.0,83.33,16.67,100.0,709.0,662.0,24.0,27.58,50.0,54.17,100.0,100.0,40.0,100.0,20.0,0.0,100.0,100.0,100.0,60.0,20.0,1.0,3.4,2.6,8.8,6.2,243.0,132.4
Haveri,B0149 haveri,C2220 kabbur,3864 kulenur,227,53.08,24.49,3864,20.0,85.0,-2.15,6.0,5.0,83.33,16.67,100.0,930.0,375.0,18.0,20.83,50.0,50.0,100.0,100.0,60.0,100.0,0.0,0.0,100.0,100.0,100.0,100.0,0.0,1.0,4.0,0.8,7.4,1.6,232.0,75.0
Haveri,B0149 haveri,C2220 kabbur,5208 sangur,273,71.92,22.27,5208,40.0,99.0,6.27,8.0,7.0,87.5,12.5,100.0,718.0,505.0,25.0,20.2,64.0,64.0,85.71,100.0,57.14,100.0,0.0,14.29,100.0,100.0,100.0,57.14,0.0,1.0,3.0,1.14,6.86,4.43,237.17,72.1
Haveri,B0149 haveri,C2261 kanvalli,3407 kanvalli,182,53.05,22.88,3407,25.0,85.0,4.17,,,,,,,,,,,,,,,,,,,,,,,,,,,,,
Haveri,B0149 haveri,C2261 kanvalli,3486 katenhalli,252,62.66,21.96,3486,35.0,90.0,-1.01,,,,,,,,,,,,,,,,,,,,,,,,,,,,,
Haveri,B0149 haveri,C2261 kanvalli,3926 kurgund,144,56.81,29.22,3926,16.5,93.5,-2.26,,,,,,,,,,,,,,,,,,,,,,,,,,,,,
Haveri,B0149 haveri,C2344 kurubgonda,2727 homabaradi,127,74.84,19.04,2727,55.0,95.0,4.12,,,,,,,,,,,,,,,,,,,,,,,,,,,,,
Haveri,B0149 haveri,C2344 kurubgonda,3341 kanakapur,128,52.03,24.15,3341,15.0,80.0,0.72,,,,,,,,,,,,,,,,,,,,,,,,,,,,,
Haveri,B0149 haveri,C2344 kurubgonda,3942 kurubgonda,320,48.86,24.68,3942,20.0,85.0,10.61,,,,,,,,,,,,,,,,,,,,,,,,,,,,,
Haveri,B0149 haveri,C2344 kurubgonda,4807 nelogal,288,64.27,21.24,4807,35.0,95.0,11.07,,,,,,,,,,,,,,,,,,,,,,,,,,,,,
Haveri,B0149 haveri,C2413 marol,2322 halagi,117,48.38,28.15,2322,8.0,80.0,-4.09,4.0,4.0,100.0,0.0,100.0,375.0,375.0,11.0,34.09,9.09,54.55,100.0,75.0,25.0,100.0,0.0,0.0,100.0,75.0,100.0,100.0,0.0,1.0,3.25,0.0,2.0,1.0,,93.8
Haveri,B0149 haveri,C2413 marol,2791 hosakittur,109,47.84,26.94,2791,9.0,85.0,-0.19,,,,,,,,,,,,,,,,,,,,,,,,,,,,,
Haveri,B0149 haveri,C2413 marol,4790 neglur,175,60.29,26.65,4790,20.0,95.0,13.55,,,,,,,,,,,,,,,,,,,,,,,,,,,,,
Haveri,B0149 haveri,C2413 marol,6601 marol,300,42.75,26.17,6601,9.5,80.0,3.12,,,,,,,,,,,,,,,,,,,,,,,,,,,,,
Haveri,B0149 haveri,C2431 mevundi,1169 belavagi,293,73.91,20.16,1169,45.0,95.0,0.18,,,,,,,,,,,,,,,,,,,,,,,,,,,,,
Haveri,B0149 haveri,C2431 mevundi,4438 mevundi,259,63.26,26.52,4438,25.0,95.0,3.69,,,,,,,,,,,,,,,,,,,,,,,,,,,,,
Haveri,B0149 haveri,C2757 yalagaccha,1404 budagatti,119,58.03,21.37,1404,35.0,85.0,0.96,4.0,4.0,100.0,0.0,100.0,353.0,353.0,17.0,20.76,17.65,88.24,100.0,100.0,100.0,100.0,50.0,0.0,100.0,100.0,100.0,100.0,25.0,1.25,3.25,1.0,12.5,7.5,242.0,88.2
Haveri,B0149 haveri,C2757 yalagaccha,3728 konantambgi,164,71.25,15.64,3728,50.0,90.0,3.8,,,,,,,,,,,,,,,,,,,,,,,,,,,,,
Haveri,B0149 haveri,C2757 yalagaccha,6074 yalgacha,270,54.63,28.06,6074,15.0,95.0,9.55,,,,,,,,,,,,,,,,,,,,,,,,,,,,,
Kalaburagi,B0001 afzalpur,C0100 atnoor,4183 mallabad,209,39.09,25.8,4183,5.0,75.0,-4.51,,,,,,,,,,,,,,,,,,,,,,,,,,,,,
Kalaburagi,B0001 afzalpur,C0100 atnoor,5663 tellur,107,39.81,25.49,5663,10.0,80.0,7.49,,,,,,,,,,,,,,,,,,,,,,,,,,,,,
Kalaburagi,B0001 afzalpur,C0100 atnoor,829 atnoor,185,35.76,22.76,829,10.0,65.0,-3.46,,,,,,,,,,,,,,,,,,,,,,,,,,,,,
Kalaburagi,B0001 afzalpur,C0100 atnoor,995 baluragi,78,41.22,24.88,995,10.0,71.5,-16.23,,,,,,,,,,,,,,,,,,,,,,,,,,,,,
Kalaburagi,B0001 afzalpur,C0141 baluragi,4707 nandargi,426,55.7,30.37,4707,10.0,90.0,-0.38,,,,,,,,,,,,,,,,,,,,,,,,,,,,,
Kalaburagi,B0001 afzalpur,C0141 baluragi,995 baluragi,234,37.71,29.31,995,0.0,85.0,-2.61,,,,,,,,,,,,,,,,,,,,,,,,,,,,,
Kalaburagi,B0001 afzalpur,C0149 bandarwad,1019 bandarwad,377,32.4,27.37,1019,0.0,75.0,9.85,,,,,,,,,,,,,,,,,,,,,,,,,,,,,
Kalaburagi,B0001 afzalpur,C0149 bandarwad,2503 hasargundagi,410,36.84,24.53,2503,5.0,70.0,-4.35,,,,,,,,,,,,,,,,,,,,,,,,,,,,,
Kalaburagi,B0001 afzalpur,C0219 bhairamadagi,1264 bhairamadagi,255,51.86,30.03,1264,5.0,90.0,-1.33,,,,,,,,,,,,,,,,,,,,,,,,,,,,,
Kalaburagi,B0001 afzalpur,C0219 bhairamadagi,4112 madra (b),186,52.2,29.4,4112,7.5,90.0,2.81,,,,,,,,,,,,,,,,,,,,,,,,,,,,,
Kalaburagi,B0001 afzalpur,C0366 chowdapur,1681 chowdapur,298,41.51,28.95,1681,5.0,80.0,6.5,,,,,,,,,,,,,,,,,,,,,,,,,,,,,
Kalaburagi,B0001 afzalpur,C0366 chowdapur,4112 madra (b),113,73.41,21.59,4112,45.0,100.0,-3.51,,,,,,,,,,,,,,,,,,,,,,,,,,,,,
Kalaburagi,B0001 afzalpur,C0385 deval gangapur,1762 kallur,219,33.11,25.57,1762,4.0,70.0,-5.93,,,,,,,,,,,,,,,,,,,,,,,,,,,,,
Kalaburagi,B0001 afzalpur,C0385 deval gangapur,1770 deval ganagapur,266,38.44,27.61,1770,5.0,80.0,12.67,,,,,,,,,,,,,,,,,,,,,,,,,,,,,
Kalaburagi,B0001 afzalpur,C0385 deval gangapur,2093 ghattarga,235,26.43,25.21,2093,0.0,65.0,-10.84,,,,,,,,,,,,,,,,,,,,,,,,,,,,,
Kalaburagi,B0001 afzalpur,C0385 deval gangapur,5663 tellur,240,31.85,26.35,5663,0.0,70.0,-7.57,,,,,,,,,,,,,,,,,,,,,,,,,,,,,
Kalaburagi,B0001 afzalpur,C0385 deval gangapur,735 anoor,338,54.04,24.47,735,15.0,85.0,-1.95,,,,,,,,,,,,,,,,,,,,,,,,,,,,,
Kalaburagi,B0001 afzalpur,C0499 ghattarga,1762 kallur,140,37.07,27.3,1762,0.0,75.0,-3.02,,,,,,,,,,,,,,,,,,,,,,,,,,,,,
Kalaburagi,B0001 afzalpur,C0499 ghattarga,2093 ghattarga,101,26.68,25.9,2093,0.0,65.0,-1.81,,,,,,,,,,,,,,,,,,,,,,,,,,,,,
Kalaburagi,B0001 afzalpur,C0504 gobbur (b),1310 bidanoor,269,62.62,28.32,1310,19.0,95.0,-4.46,,,,,,,,,,,,,,,,,,,,,,,,,,,,,
Kalaburagi,B0001 afzalpur,C0504 gobbur (b),2104 gobbur (b),190,49.63,28.05,2104,10.0,90.0,12.59,,,,,,,,,,,,,,,,,,,,,,,,,,,,,
Kalaburagi,B0001 afzalpur,C0517 gour (b),1035 bankalaga,189,37.86,19.73,1035,10.0,65.0,-0.95,,,,,,,,,,,,,,,,,,,,,,,,,,,,,
Kalaburagi,B0001 afzalpur,C0517 gour (b),2167 gour (b),192,38.41,29.25,2167,0.0,80.0,-1.08,,,,,,,,,,,,,,,,,,,,,,,,,,,,,
Kalaburagi,B0001 afzalpur,C0898 karajagi,1035 bankalaga,107,41.4,26.26,1035,5.0,75.0,-8.62,,,,,,,,,,,,,,,,,,,,,,,,,,,,,
Kalaburagi,B0001 afzalpur,C0898 karajagi,3431 karajagi,503,40.49,26.27,3431,5.0,75.0,-2.38,,,,,,,,,,,,,,,,,,,,,,,,,,,,,
Kalaburagi,B0001 afzalpur,C0898 karajagi,5064 ram nagar,238,27.39,23.85,5064,0.0,65.0,-3.43,,,,,,,,,,,,,,,,,,,,,,,,,,,,,
Kalaburagi,B0001 afzalpur,C0898 karajagi,622 allagi (b),432,27.91,23.4,622,0.0,65.0,-1.42,,,,,,,,,,,,,,,,,,,,,,,,,,,,,
Kalaburagi,B0001 afzalpur,C1135 mannur,5064 ram nagar,79,41.46,28.37,5064,5.0,80.0,5.95,,,,,,,,,,,,,,,,,,,,,,,,,,,,,
Kalaburagi,B0001 afzalpur,C1135 mannur,5850 udachan,589,71.67,24.14,5850,35.0,95.0,4.31,,,,,,,,,,,,,,,,,,,,,,,,,,,,,
Kalaburagi,B0001 afzalpur,C1135 mannur,6449 mannur,571,60.14,25.61,6449,20.0,90.0,-4.03,,,,,,,,,,,,,,,,,,,,,,,,,,,,,
Kalaburagi,B0001 afzalpur,C1156 mashal,4347 mashal,652,40.46,29.85,4347,5.0,85.0,-6.08,,,,,,,,,,,,,,,,,,,,,,,,,,,,,
Kalaburagi,B0001 afzalpur,C1407 revoor (b),4183 mallabad,353,57.11,29.53,4183,10.0,90.0,4.15,,,,,,,,,,,,,,,,,,,,,,,,,,,,,
Kalaburagi,B0001 afzalpur,C1407 revoor (b),5119 revoor (b),439,76.57,18.95,5119,54.0,95.0,2.03,,,,,,,,,,,,,,,,,,,,,,,,,,,,,
Kalaburagi,B0001 afzalpur,C1407 revoor (b),896 badadal,220,75.07,17.2,896,55.0,95.0,5.48,,,,,,,,,,,,,,,,,,,,,,,,,,,,,
Kalaburagi,B0001 afzalpur,C1536 station gangapur,2211 gudoor,327,41.22,29.45,2211,5.0,85.0,2.15,,,,,,,,,,,,,,,,,,,,,,,,,,,,,
Kalaburagi,B0001 afzalpur,C1536 station gangapur,3674 koganoor,427,46.7,28.73,3674,5.0,85.0,7.16,,,,,,,,,,,,,,,,,,,,,,,,,,,,,
Kalaburagi,B0002 aland,C0030 aland north urdu,1639 chinchansoor,104,40.96,27.51,1639,10.0,90.0,-2.49,,,,,,,,,,,,,,,,,,,,,,,,,,,,,
Kalaburagi,B0002 aland,C0030 aland north urdu,3304 kamalanagar,216,37.59,26.23,3304,5.0,80.0,-6.69,,,,,,,,,,,,,,,,,,,,,,,,,,,,,
Kalaburagi,B0002 aland,C0030 aland north urdu,3587 khajuri,80,52.25,22.72,3587,20.0,80.0,7.31,,,,,,,,,,,,,,,,,,,,,,,,,,,,,
Kalaburagi,B0002 aland,C0030 aland north urdu,3644 kodalhangarga,100,34.65,24.18,3644,5.0,65.0,-11.32,,,,,,,,,,,,,,,,,,,,,,,,,,,,,
Kalaburagi,B0002 aland,C0030 aland north urdu,3986 ladmugali,59,41.86,23.98,3986,10.0,71.0,-3.93,,,,,,,,,,,,,,,,,,,,,,,,,,,,,
Kalaburagi,B0002 aland,C0030 aland north urdu,4756 narona,99,38.69,25.31,4756,4.0,71.0,-3.81,,,,,,,,,,,,,,,,,,,,,,,,,,,,,
Kalaburagi,B0002 aland,C0030 aland north urdu,650 ambalga,105,55.1,27.11,650,17.0,88.0,2.12,,,,,,,,,,,,,,,,,,,,,,,,,,,,,
Kalaburagi,B0002 aland,C0046 ambalaga,3986 ladmugali,80,37.94,27.23,3986,5.0,80.0,1.77,,,,,,,,,,,,,,,,,,,,,,,,,,,,,
Kalaburagi,B0002 aland,C0046 ambalaga,6187 muddadaga,186,35.38,26.8,6187,5.0,75.0,12.09,,,,,,,,,,,,,,,,,,,,,,,,,,,,,
Kalaburagi,B0002 aland,C0046 ambalaga,650 ambalga,83,52.53,28.06,650,10.0,85.0,-2.11,,,,,,,,,,,,,,,,,,,,,,,,,,,,,
Kalaburagi,B0002 aland,C0238 bhusanoor,1303 bhusnoor,269,31.58,23.23,1303,5.0,61.0,-5.12,,,,,,,,,,,,,,,,,,,,,,,,,,,,,
Kalaburagi,B0002 aland,C0238 bhusanoor,1822 dhangapur,277,26.28,23.22,1822,0.0,65.0,-3.98,,,,,,,,,,,,,,,,,,,,,,,,,,,,,
Kalaburagi,B0002 aland,C0238 bhusanoor,3071 jidga,179,29.16,22.52,3071,0.0,61.0,-0.4,,,,,,,,,,,,,,,,,,,,,,,,,,,,,
Kalaburagi,B0002 aland,C0238 bhusanoor,6172 hittal siroor,457,52.25,27.41,6172,10.0,90.0,-4.43,,,,,,,,,,,,,,,,,,,,,,,,,,,,,
Kalaburagi,B0002 aland,C0349 chinchansoor,1639 chinchansoor,300,52.22,26.83,1639,15.0,90.0,-1.6,,,,,,,,,,,,,,,,,,,,,,,,,,,,,
Kalaburagi,B0002 aland,C0349 chinchansoor,5499 srichand,416,43.4,22.38,5499,15.0,75.0,0.91,,,,,,,,,,,,,,,,,,,,,,,,,,,,,
Kalaburagi,B0002 aland,C0349 chinchansoor,6173 keriambalaga,191,37.91,25.44,6173,5.0,75.0,-3.93,,,,,,,,,,,,,,,,,,,,,,,,,,,,,
Kalaburagi,B0002 aland,C0450 durga siroor,1741 darga siroor,222,45.86,26.75,1741,10.0,85.0,-0.88,,,,,,,,,,,,,,,,,,,,,,,,,,,,,
Kalaburagi,B0002 aland,C0450 durga siroor,4860 nimbal,294,48.03,26.69,4860,15.0,85.0,1.92,,,,,,,,,,,,,,,,,,,,,,,,,,,,,
Kalaburagi,B0002 aland,C0450 durga siroor,6182 mogha k,301,40.61,26.28,6182,10.0,75.0,5.72,,,,,,,,,,,,,,,,,,,,,,,,,,,,,
Kalaburagi,B0002 aland,C0451 duttargaon,1969 duttargaon,463,45.81,25.79,1969,10.0,80.0,-8.55,,,,,,,,,,,,,,,,,,,,,,,,,,,,,
Kalaburagi,B0002 aland,C0451 duttargaon,3644 kodalhangarga,211,46.47,30.68,3644,5.0,90.0,4.34,,,,,,,,,,,,,,,,,,,,,,,,,,,,,
Kalaburagi,B0002 aland,C0451 duttargaon,6183 dannuru,311,29.92,25.81,6183,0.0,70.0,0.04,,,,,,,,,,,,,,,,,,,,,,,,,,,,,
Kalaburagi,B0002 aland,C0671 hirolli,2687 hirolli,321,42.82,28.29,2687,5.0,85.0,3.16,,,,,,,,,,,,,,,,,,,,,,,,,,,,,
Kalaburagi,B0002 aland,C0671 hirolli,4915 padsawali,284,38.08,26.72,4915,5.0,75.0,-2.64,,,,,,,,,,,,,,,,,,,,,,,,,,,,,
Kalaburagi,B0002 aland,C0676 hodalur,2705 hodloor,361,37.88,25.54,2705,5.0,75.0,1.3,,,,,,,,,,,,,,,,,,,,,,,,,,,,,
Kalaburagi,B0002 aland,C0676 hodalur,605 alanga,295,32.02,25.92,605,5.0,70.0,-2.04,,,,,,,,,,,,,,,,,,,,,,,,,,,,,
Kalaburagi,B0002 aland,C0676 hodalur,6306 tadola,268,39.46,22.78,6306,15.0,75.0,1.67,,,,,,,,,,,,,,,,,,,,,,,,,,,,,
Kalaburagi,B0002 aland,C0796 jidaga,3071 jidga,172,26.8,24.82,3071,0.0,60.0,2.65,,,,,,,,,,,,,,,,,,,,,,,,,,,,,
Kalaburagi,B0002 aland,C0796 jidaga,3511 kawalga,236,41.67,25.37,3511,10.0,80.0,-1.46,,,,,,,,,,,,,,,,,,,,,,,,,,,,,
Kalaburagi,B0002 aland,C0823 kadaganchi,2118 gola (b),455,39.26,28.21,2118,5.0,80.0,-5.98,,,,,,,,,,,,,,,,,,,,,,,,,,,,,
Kalaburagi,B0002 aland,C0823 kadaganchi,3183 kadganchi,336,51.13,24.63,3183,20.0,85.0,-1.42,,,,,,,,,,,,,,,,,,,,,,,,,,,,,
Kalaburagi,B0002 aland,C0823 kadaganchi,5556 suntnoor,176,39.89,24.85,5556,10.0,75.0,-4.85,,,,,,,,,,,,,,,,,,,,,,,,,,,,,
Kalaburagi,B0002 aland,C0823 kadaganchi,6173 keriambalaga,109,44.27,28.36,6173,14.0,85.0,6.25,,,,,,,,,,,,,,,,,,,,,,,,,,,,,
Kalaburagi,B0002 aland,C0935 khajuri,3587 khajuri,147,68.2,22.56,3587,36.0,95.0,1.33,,,,,,,,,,,,,,,,,,,,,,,,,,,,,
Kalaburagi,B0002 aland,C0935 khajuri,5134 rudrawadi,352,52.57,26.49,5134,15.0,85.0,4.51,,,,,,,,,,,,,,,,,,,,,,,,,,,,,
Kalaburagi,B0002 aland,C0990 koralli,3773 koralli,339,46.7,25.84,3773,10.0,80.0,-0.45,,,,,,,,,,,,,,,,,,,,,,,,,,,,,
Kalaburagi,B0002 aland,C1083 madanhipparga,4070 madan hipparga,467,45.74,29.42,4070,5.0,85.0,0.36,,,,,,,,,,,,,,,,,,,,,,,,,,,,,
Kalaburagi,B0002 aland,C1161 mataki,3614 kinnisultan,408,38.98,27.93,3614,5.0,80.0,1.03,,,,,,,,,,,,,,,,,,,,,,,,,,,,,
Kalaburagi,B0002 aland,C1161 mataki,4868 nirgudi,154,45.58,29.03,4868,5.0,85.0,6.85,,,,,,,,,,,,,,,,,,,,,,,,,,,,,
Kalaburagi,B0002 aland,C1224 munahalli,2362 hallisalgar,253,48.12,23.85,2362,15.0,80.0,-6.92,,,,,,,,,,,,,,,,,,,,,,,,,,,,,
Kalaburagi,B0002 aland,C1224 munahalli,4552 munahalli,344,49.1,31.84,4552,5.0,90.0,1.96,,,,,,,,,,,,,,,,,,,,,,,,,,,,,
Kalaburagi,B0002 aland,C1287 narona,1291 bhodan,267,49.46,29.53,1291,10.0,90.0,-1.81,,,,,,,,,,,,,,,,,,,,,,,,,,,,,
Kalaburagi,B0002 aland,C1287 narona,3304 kamalanagar,127,40.87,30.18,3304,0.0,82.0,-8.99,,,,,,,,,,,,,,,,,,,,,,,,,,,,,
Kalaburagi,B0002 aland,C1287 narona,4756 narona,295,44.07,29.34,4756,7.0,85.0,-2.55,,,,,,,,,,,,,,,,,,,,,,,,,,,,,
Kalaburagi,B0002 aland,C1315 nimbarga,1822 dhangapur,124,53.06,26.51,1822,15.0,85.0,5.18,,,,,,,,,,,,,,,,,,,,,,,,,,,,,
Kalaburagi,B0002 aland,C1315 nimbarga,4863 nimbarga,218,53.26,26.21,4863,20.0,86.5,-2.82,,,,,,,,,,,,,,,,,,,,,,,,,,,,,
Kalaburagi,B0002 aland,C1432 salagar (v.k.),1162 belamagi,395,35.37,29.78,1162,0.0,85.0,-0.81,,,,,,,,,,,,,,,,,,,,,,,,,,,,,
Kalaburagi,B0002 aland,C1432 salagar (v.k.),5174 salgar,163,38.16,26.59,5174,5.0,79.0,-4.27,,,,,,,,,,,,,,,,,,,,,,,,,,,,,
Kalaburagi,B0002 aland,C1454 sarsamba,4915 padsawali,152,28.36,27.51,4915,0.0,70.0,0.77,,,,,,,,,,,,,,,,,,,,,,,,,,,,,
Kalaburagi,B0002 aland,C1454 sarsamba,5248 sarsamba,482,38.18,27.44,5248,5.0,80.0,3.98,,,,,,,,,,,,,,,,,,,,,,,,,,,,,
Kalaburagi,B0002 aland,C1454 sarsamba,6177 hebali,225,30.36,23.42,6177,0.0,65.0,-2.22,,,,,,,,,,,,,,,,,,,,,,,,,,,,,
Kalaburagi,B0002 aland,C1466 savaleshwar,5280 sawaleshwar,429,24.72,22.4,5280,0.0,60.0,-0.69,,,,,,,,,,,,,,,,,,,,,,,,,,,,,
Kalaburagi,B0002 aland,C1466 savaleshwar,6177 hebali,130,32.23,27.98,6177,0.0,70.0,1.38,,,,,,,,,,,,,,,,,,,,,,,,,,,,,
Kalaburagi,B0002 aland,C1559 tadakal,5600 tadkal,301,41.13,24.75,5600,10.0,75.0,3.56,,,,,,,,,,,,,,,,,,,,,,,,,,,,,
Kalaburagi,B0002 aland,C1559 tadakal,6190 halatadakala,164,28.26,28.1,6190,0.0,75.0,-1.55,,,,,,,,,,,,,,,,,,,,,,,,,,,,,
Kalaburagi,B0002 aland,C1740 yelasangi,2290 hadalgi,360,66.01,22.75,2290,30.0,90.5,4.54,,,,,,,,,,,,,,,,,,,,,,,,,,,,,
Kalaburagi,B0002 aland,C1740 yelasangi,4106 madiyal,276,62.5,23.7,4106,35.0,95.0,-1.22,,,,,,,,,,,,,,,,,,,,,,,,,,,,,
Kalaburagi,B0002 aland,C1740 yelasangi,6084 yalsangi,296,67.7,23.17,6084,35.0,95.0,3.88,,,,,,,,,,,,,,,,,,,,,,,,,,,,,
Kalaburagi,B0002 aland,C1780 aland south urdu,2290 hadalgi,80,68.69,19.98,2290,35.0,95.0,6.31,,,,,,,,,,,,,,,,,,,,,,,,,,,,,
Kalaburagi,B0002 aland,C1780 aland south urdu,2687 hirolli,173,38.47,29.4,2687,5.0,80.0,-6.9,,,,,,,,,,,,,,,,,,,,,,,,,,,,,
Kalaburagi,B0002 aland,C1780 aland south urdu,4863 nimbarga,128,40.35,24.78,4863,10.0,75.0,-1.16,,,,,,,,,,,,,,,,,,,,,,,,,,,,,
Kalaburagi,B0002 aland,C1780 aland south urdu,4868 nirgudi,243,31.91,25.28,4868,0.0,65.0,7.14,,,,,,,,,,,,,,,,,,,,,,,,,,,,,
Kalaburagi,B0002 aland,C1780 aland south urdu,5556 suntnoor,66,37.12,24.48,5556,10.0,72.5,3.6,,,,,,,,,,,,,,,,,,,,,,,,,,,,,
Kalaburagi,B0002 aland,C1780 aland south urdu,6084 yalsangi,103,60.97,20.21,6084,36.0,85.0,-5.18,,,,,,,,,,,,,,,,,,,,,,,,,,,,,
Kalaburagi,B0033 chincholi,C0025 ainapur,6373 ainapur,520,39.92,28.05,6373,5.0,80.0,-0.84,,,,,,,,,,,,,,,,,,,,,,,,,,,,,
Kalaburagi,B0033 chincholi,C0026 ainoli,4637 nagaidalai,416,41.32,25.45,4637,10.0,80.0,0.61,,,,,,,,,,,,,,,,,,,,,,,,,,,,,
Kalaburagi,B0033 chincholi,C0026 ainoli,565 ainolli,421,40.94,29.4,565,5.0,85.0,4.34,,,,,,,,,,,,,,,,,,,,,,,,,,,,,
Kalaburagi,B0033 chincholi,C0312 chengata,1542 chengata,512,39.21,26.39,1542,5.0,80.0,-7.32,,,,,,,,,,,,,,,,,,,,,,,,,,,,,
Kalaburagi,B0033 chincholi,C0347 chimmaidalai,1631 chimmaidalai,179,36.48,28.77,1631,5.0,80.0,6.19,,,,,,,,,,,,,,,,,,,,,,,,,,,,,
Kalaburagi,B0033 chincholi,C0347 chimmaidalai,2069 garagpalli,371,37.63,28.06,2069,0.0,80.0,2.28,,,,,,,,,,,,,,,,,,,,,,,,,,,,,
Kalaburagi,B0033 chincholi,C0347 chimmaidalai,2070 garampalli,151,29.67,25.23,2070,0.0,70.0,7.38,,,,,,,,,,,,,,,,,,,,,,,,,,,,,
Kalaburagi,B0033 chincholi,C0347 chimmaidalai,747 anwar,149,43.59,30.53,747,0.0,85.0,12.36,,,,,,,,,,,,,,,,,,,,,,,,,,,,,
Kalaburagi,B0033 chincholi,C0348 chimmanchod,1633 chimmanchod,423,35.69,29.24,1633,0.0,80.0,-4.46,,,,,,,,,,,,,,,,,,,,,,,,,,,,,
Kalaburagi,B0033 chincholi,C0348 chimmanchod,6322 hasargundagi,421,37.81,25.58,6322,5.0,75.0,1.64,,,,,,,,,,,,,,,,,,,,,,,,,,,,,
Kalaburagi,B0033 chincholi,C0351 chincholi,1641 chincholi tp,157,62.93,22.05,1641,30.0,90.0,6.11,,,,,,,,,,,,,,,,,,,,,,,,,,,,,
Kalaburagi,B0033 chincholi,C0382 degalmadi,1757 degalmadi,366,37.64,27.46,1757,5.0,80.0,5.47,,,,,,,,,,,,,,,,,,,,,,,,,,,,,
Kalaburagi,B0033 chincholi,C0382 degalmadi,5171 salebeernalli,333,40.08,27.9,5171,5.0,80.0,3.71,,,,,,,,,,,,,,,,,,,,,,,,,,,,,
Kalaburagi,B0033 chincholi,C0469 gadikeshwar,2019 gadikeshwar,313,42.01,27.27,2019,5.0,75.0,1.78,,,,,,,,,,,,,,,,,,,,,,,,,,,,,
Kalaburagi,B0033 chincholi,C0469 gadikeshwar,3055 jattur,168,64.23,23.04,3055,30.0,90.0,-0.26,,,,,,,,,,,,,,,,,,,,,,,,,,,,,
Kalaburagi,B0033 chincholi,C0469 gadikeshwar,5364 shirolli,235,50.0,31.39,5364,5.0,90.0,6.72,,,,,,,,,,,,,,,,,,,,,,,,,,,,,
Kalaburagi,B0033 chincholi,C0471 gadilingadalli,2020 gadilingadalli,271,42.27,25.89,2020,10.0,80.0,-4.33,,,,,,,,,,,,,,,,,,,,,,,,,,,,,
Kalaburagi,B0033 chincholi,C0878 kanakapur,2070 garampalli,134,29.85,26.91,2070,0.0,73.5,-1.96,,,,,,,,,,,,,,,,,,,,,,,,,,,,,
Kalaburagi,B0033 chincholi,C0878 kanakapur,3382 kankpur,315,47.29,30.17,3382,10.0,90.0,0.73,,,,,,,,,,,,,,,,,,,,,,,,,,,,,
Kalaburagi,B0033 chincholi,C0902 karchkhed,3440 karchkhed,405,34.83,28.28,3440,0.0,75.0,4.11,,,,,,,,,,,,,,,,,,,,,,,,,,,,,
Kalaburagi,B0033 chincholi,C0954 kodli,2703 hodebeernalli,347,53.89,27.73,2703,15.0,90.0,-1.95,,,,,,,,,,,,,,,,,,,,,,,,,,,,,
Kalaburagi,B0033 chincholi,C0954 kodli,3667 kodli,563,31.15,23.28,3667,5.0,65.0,-3.23,,,,,,,,,,,,,,,,,,,,,,,,,,,,,
Kalaburagi,B0033 chincholi,C0954 kodli,3909 kupnoor,201,46.84,30.79,3909,5.0,85.0,-0.99,,,,,,,,,,,,,,,,,,,,,,,,,,,,,
Kalaburagi,B0033 chincholi,C0980 konchawaram,3733 konchawaram,112,37.54,23.52,3733,5.5,70.0,-6.54,,,,,,,,,,,,,,,,,,,,,,,,,,,,,
Kalaburagi,B0033 chincholi,C0980 konchawaram,5992 venktapur,323,48.14,24.06,5992,15.0,80.0,-4.71,,,,,,,,,,,,,,,,,,,,,,,,,,,,,
Kalaburagi,B0033 chincholi,C1188 miryan,4449 miryan,33,37.27,22.68,4449,6.0,68.0,9.53,,,,,,,,,,,,,,,,,,,,,,,,,,,,,
Kalaburagi,B0033 chincholi,C1188 miryan,5003 polakpalli,35,27.43,23.4,5003,2.0,59.0,15.0,,,,,,,,,,,,,,,,,,,,,,,,,,,,,
Kalaburagi,B0033 chincholi,C1311 nidgunda,3562 kerolli,237,30.76,25.01,3562,0.0,70.0,-5.18,,,,,,,,,,,,,,,,,,,,,,,,,,,,,
Kalaburagi,B0033 chincholi,C1311 nidgunda,4841 nidgunda,350,33.16,26.2,4841,0.0,70.0,-4.33,,,,,,,,,,,,,,,,,,,,,,,,,,,,,
Kalaburagi,B0033 chincholi,C1399 ratkal,2333 halcher,277,34.15,24.7,2333,5.0,70.0,0.43,,,,,,,,,,,,,,,,,,,,,,,,,,,,,
Kalaburagi,B0033 chincholi,C1399 ratkal,5105 ratkal,399,51.19,26.15,5105,15.0,85.0,-1.53,,,,,,,,,,,,,,,,,,,,,,,,,,,,,
Kalaburagi,B0033 chincholi,C1414 rummangud,1487 chandankera,424,45.73,25.09,1487,10.0,80.0,-4.21,,,,,,,,,,,,,,,,,,,,,,,,,,,,,
Kalaburagi,B0033 chincholi,C1414 rummangud,4459 mogha,196,34.97,26.52,4459,5.0,77.5,3.62,,,,,,,,,,,,,,,,,,,,,,,,,,,,,
Kalaburagi,B0033 chincholi,C1414 rummangud,5135 rummangud,409,28.88,26.02,5135,0.0,70.0,3.33,,,,,,,,,,,,,,,,,,,,,,,,,,,,,
Kalaburagi,B0033 chincholi,C1433 salagar basantpur,5165 salagar basantpur,406,35.57,26.53,5165,0.0,75.0,-6.26,,,,,,,,,,,,,,,,,,,,,,,,,,,,,
Kalaburagi,B0033 chincholi,C1474 shadipur,5295 shadipur,271,44.17,25.05,5295,10.0,75.0,2.99,,,,,,,,,,,,,,,,,,,,,,,,,,,,,
Kalaburagi,B0033 chincholi,C1539 sulepeth urdu,4459 mogha,111,50.54,26.12,4459,10.0,80.0,-1.36,,,,,,,,,,,,,,,,,,,,,,,,,,,,,
Kalaburagi,B0033 chincholi,C1540 sulepeth,4968 pastpur,182,63.98,20.75,4968,40.0,94.5,2.47,,,,,,,,,,,,,,,,,,,,,,,,,,,,,
Kalaburagi,B0033 chincholi,C1540 sulepeth,5527 sulepeth,347,46.53,29.72,5527,10.0,90.0,2.62,,,,,,,,,,,,,,,,,,,,,,,,,,,,,
Kalaburagi,B0033 chincholi,C1954 chincholi urdu,3733 konchawaram,271,63.12,19.95,3733,40.0,90.0,9.13,,,,,,,,,,,,,,,,,,,,,,,,,,,,,
Kalaburagi,B0033 chincholi,C1954 chincholi urdu,4449 miryan,119,38.15,25.63,4449,5.0,70.0,-5.09,,,,,,,,,,,,,,,,,,,,,,,,,,,,,
Kalaburagi,B0033 chincholi,C1954 chincholi urdu,5003 polakpalli,130,46.04,24.15,5003,15.0,75.0,8.05,,,,,,,,,,,,,,,,,,,,,,,,,,,,,
Kalaburagi,B0036 chittapur,C0038 allolli,3441 kardal,220,39.0,24.98,3441,5.0,75.0,-1.25,,,,,,,,,,,,,,,,,,,,,,,,,,,,,
Kalaburagi,B0036 chittapur,C0038 allolli,3985 ladlapur,308,30.34,25.56,3985,0.0,71.5,2.17,,,,,,,,,,,,,,,,,,,,,,,,,,,,,
Kalaburagi,B0036 chittapur,C0038 allolli,595 alahalli,491,28.59,22.79,595,0.0,65.0,4.61,,,,,,,,,,,,,,,,,,,,,,,,,,,,,
Kalaburagi,B0036 chittapur,C0085 arankal,1111 bedasur,231,42.23,29.44,1111,0.0,85.0,-1.47,,,,,,,,,,,,,,,,,,,,,,,,,,,,,
Kalaburagi,B0036 chittapur,C0085 arankal,775 arankal,409,30.0,25.43,775,0.0,70.0,-2.55,,,,,,,,,,,,,,,,,,,,,,,,,,,,,
Kalaburagi,B0036 chittapur,C0224 bhankur,1271 bhankur,447,38.12,25.98,1271,5.0,75.0,-1.85,,,,,,,,,,,,,,,,,,,,,,,,,,,,,
Kalaburagi,B0036 chittapur,C0224 bhankur,4150 malagatti,334,37.32,26.6,4150,5.0,80.0,6.78,,,,,,,,,,,,,,,,,,,,,,,,,,,,,
Kalaburagi,B0036 chittapur,C0232 bheemanahalli,1283 bheemanahalli,275,35.47,24.79,1283,5.0,73.0,0.29,,,,,,,,,,,,,,,,,,,,,,,,,,,,,
Kalaburagi,B0036 chittapur,C0232 bheemanahalli,1938 dongaon,389,37.15,27.82,1938,0.0,80.0,3.87,,,,,,,,,,,,,,,,,,,,,,,,,,,,,
Kalaburagi,B0036 chittapur,C0232 bheemanahalli,6058 yagapur,274,38.56,26.04,6058,5.0,78.5,3.48,,,,,,,,,,,,,,,,,,,,,,,,,,,,,
Kalaburagi,B0036 chittapur,C0232 bheemanahalli,627 allur (b),314,37.36,26.61,627,5.0,75.0,4.62,,,,,,,,,,,,,,,,,,,,,,,,,,,,,
Kalaburagi,B0036 chittapur,C0542 gundagurthi,1262 bhagodi,380,23.25,22.68,1262,0.0,55.5,4.21,,,,,,,,,,,,,,,,,,,,,,,,,,,,,
Kalaburagi,B0036 chittapur,C0542 gundagurthi,2240 gundagurthi,114,27.46,20.14,2240,5.0,58.5,-0.62,,,,,,,,,,,,,,,,,,,,,,,,,,,,,
Kalaburagi,B0036 chittapur,C0542 gundagurthi,2986 ivani,317,32.97,25.34,2986,5.0,70.0,11.43,,,,,,,,,,,,,,,,,,,,,,,,,,,,,
Kalaburagi,B0036 chittapur,C0566 halakatta,2324 halakatta,293,29.22,25.02,2324,0.0,70.0,2.03,,,,,,,,,,,,,,,,,,,,,,,,,,,,,
Kalaburagi,B0036 chittapur,C0566 halakatta,3149 kadaboor,281,38.22,25.9,3149,5.0,75.0,-6.13,,,,,,,,,,,,,,,,,,,,,,,,,,,,,
Kalaburagi,B0036 chittapur,C0566 halakatta,3311 kamarwadi,275,31.55,26.22,3311,0.0,70.0,5.98,,,,,,,,,,,,,,,,,,,,,,,,,,,,,
Kalaburagi,B0036 chittapur,C0566 halakatta,3441 kardal,106,36.6,20.56,3441,10.0,65.0,-2.16,,,,,,,,,,,,,,,,,,,,,,,,,,,,,
Kalaburagi,B0036 chittapur,C0631 hebbal,1642 chincholli (h),218,32.09,27.64,1642,0.0,71.5,-1.2,,,,,,,,,,,,,,,,,,,,,,,,,,,,,
Kalaburagi,B0036 chittapur,C0631 hebbal,3366 kandgol,265,35.23,26.56,3366,5.0,75.0,2.48,,,,,,,,,,,,,,,,,,,,,,,,,,,,,
Kalaburagi,B0036 chittapur,C0631 hebbal,6171 shellagi,58,29.31,23.76,6171,5.0,65.0,-4.02,,,,,,,,,,,,,,,,,,,,,,,,,,,,,
Kalaburagi,B0036 chittapur,C0631 hebbal,6668 hebbal,243,32.37,23.43,6668,5.0,65.0,7.85,,,,,,,,,,,,,,,,,,,,,,,,,,,,,
Kalaburagi,B0036 chittapur,C0688 honguntta,2743 hongunta,353,20.04,22.18,2743,0.0,55.0,1.38,,,,,,,,,,,,,,,,,,,,,,,,,,,,,
Kalaburagi,B0036 chittapur,C0688 honguntta,3637 kodadoor,163,37.21,25.6,3637,5.0,74.0,9.57,,,,,,,,,,,,,,,,,,,,,,,,,,,,,
Kalaburagi,B0036 chittapur,C0688 honguntta,5792 tonasanhalli (s),339,39.26,26.75,5792,5.0,80.0,5.44,,,,,,,,,,,,,,,,,,,,,,,,,,,,,
Kalaburagi,B0036 chittapur,C0841 kalagi urdu,1642 chincholli (h),96,27.66,22.42,1642,0.0,60.0,-2.26,,,,,,,,,,,,,,,,,,,,,,,,,,,,,
Kalaburagi,B0036 chittapur,C0841 kalagi urdu,5053 rajapur,113,48.01,24.6,5053,15.0,80.0,5.49,,,,,,,,,,,,,,,,,,,,,,,,,,,,,
Kalaburagi,B0036 chittapur,C0945 kodadoor,3637 kodadoor,278,44.01,27.68,3637,5.0,85.0,1.89,,,,,,,,,,,,,,,,,,,,,,,,,,,,,
Kalaburagi,B0036 chittapur,C0945 kodadoor,5053 rajapur,303,43.14,26.81,5053,10.0,80.0,1.79,,,,,,,,,,,,,,,,,,,,,,,,,,,,,
Kalaburagi,B0036 chittapur,C0972 kollur,5217 sannati,240,40.38,26.86,5217,5.0,80.0,1.51,,,,,,,,,,,,,,,,,,,,,,,,,,,,,
Kalaburagi,B0036 chittapur,C0972 kollur,6265 rampurahalli,303,44.03,28.69,6265,5.0,85.0,-1.96,,,,,,,,,,,,,,,,,,,,,,,,,,,,,
Kalaburagi,B0036 chittapur,C0972 kollur,6418 kollur,260,39.37,27.73,6418,0.0,75.0,3.22,,,,,,,,,,,,,,,,,,,,,,,,,,,,,
Kalaburagi,B0036 chittapur,C0993 korwar,2162 gotur,449,26.77,23.69,2162,0.0,60.0,1.14,,,,,,,,,,,,,,,,,,,,,,,,,,,,,
Kalaburagi,B0036 chittapur,C0993 korwar,3784 korwar,378,28.36,26.21,3784,0.0,70.0,4.75,,,,,,,,,,,,,,,,,,,,,,,,,,,,,
Kalaburagi,B0036 chittapur,C1077 madaboola,4055 madabool,509,37.64,23.65,4055,10.0,75.0,4.23,,,,,,,,,,,,,,,,,,,,,,,,,,,,,
Kalaburagi,B0036 chittapur,C1269 nalwar,4688 nalawar,300,40.37,24.83,4688,9.5,75.0,-1.08,,,,,,,,,,,,,,,,,,,,,,,,,,,,,
Kalaburagi,B0036 chittapur,C1363 pethsiroor,4336 martur,433,28.68,26.1,4336,0.0,70.0,9.07,,,,,,,,,,,,,,,,,,,,,,,,,,,,,
Kalaburagi,B0036 chittapur,C1363 pethsiroor,4998 peth siroor,224,42.77,26.69,4998,10.0,80.0,-0.27,,,,,,,,,,,,,,,,,,,,,,,,,,,,,
Kalaburagi,B0036 chittapur,C1363 pethsiroor,6252 mugalanagaon,320,27.16,23.87,6252,0.0,65.0,3.52,,,,,,,,,,,,,,,,,,,,,,,,,,,,,
Kalaburagi,B0036 chittapur,C1401 ravoor,5109 ravoor,438,42.07,26.58,5109,5.0,80.0,-0.6,,,,,,,,,,,,,,,,,,,,,,,,,,,,,
Kalaburagi,B0036 chittapur,C1401 ravoor,6341 ingalagi,351,40.23,24.09,6341,10.0,75.0,-1.57,,,,,,,,,,,,,,,,,,,,,,,,,,,,,
Kalaburagi,B0036 chittapur,C1406 revaggi,6171 shellagi,105,36.81,27.14,6171,5.0,75.0,6.16,,,,,,,,,,,,,,,,,,,,,,,,,,,,,
Kalaburagi,B0036 chittapur,C1406 revaggi,6668 hebbal,152,46.74,26.27,6668,10.0,80.0,-5.37,,,,,,,,,,,,,,,,,,,,,,,,,,,,,
Kalaburagi,B0036 chittapur,C1462 satnoor,1846 diggaon,351,44.06,24.93,1846,15.0,80.0,11.47,,,,,,,,,,,,,,,,,,,,,,,,,,,,,
Kalaburagi,B0036 chittapur,C1462 satnoor,4457 mogala,204,45.91,28.24,4457,10.0,88.5,-8.14,,,,,,,,,,,,,,,,,,,,,,,,,,,,,
Kalaburagi,B0036 chittapur,C1462 satnoor,5265 satnoor,243,39.38,25.37,5265,5.0,75.0,-5.89,,,,,,,,,,,,,,,,,,,,,,,,,,,,,
Kalaburagi,B0036 chittapur,C1583 tengali,1736 dandoti,147,22.62,22.26,1736,0.0,55.0,3.78,,,,,,,,,,,,,,,,,,,,,,,,,,,,,
Kalaburagi,B0036 chittapur,C1583 tengali,2240 gundagurthi,109,29.4,27.73,2240,0.0,70.0,2.43,,,,,,,,,,,,,,,,,,,,,,,,,,,,,
Kalaburagi,B0036 chittapur,C1583 tengali,5665 tengali,358,32.12,25.98,5665,0.0,71.5,-3.68,,,,,,,,,,,,,,,,,,,,,,,,,,,,,
Kalaburagi,B0048 gulbarga north,C0069 ankalaga,3929 kurikota,193,49.92,26.21,3929,16.0,89.0,8.41,,,,,,,,,,,,,,,,,,,,,,,,,,,,,
Kalaburagi,B0048 gulbarga north,C0069 ankalaga,882 babalad i k,246,47.26,25.85,882,15.0,90.0,-1.5,,,,,,,,,,,,,,,,,,,,,,,,,,,,,
Kalaburagi,B0048 gulbarga north,C0102 aurab (b),2492 harsur,322,40.92,26.29,2492,5.0,80.0,10.27,,,,,,,,,,,,,,,,,,,,,,,,,,,,,
Kalaburagi,B0048 gulbarga north,C0102 aurab (b),3878 kumsi,175,49.57,25.62,3878,15.0,85.0,-2.46,,,,,,,,,,,,,,,,,,,,,,,,,,,,,
Kalaburagi,B0048 gulbarga north,C0102 aurab (b),615 algud,168,41.96,26.21,615,5.0,80.0,-4.7,,,,,,,,,,,,,,,,,,,,,,,,,,,,,
Kalaburagi,B0048 gulbarga north,C0102 aurab (b),843 aurad (b),344,50.67,28.5,843,10.0,90.0,4.21,,,,,,,,,,,,,,,,,,,,,,,,,,,,,
Kalaburagi,B0048 gulbarga north,C0442 dongargaon,1941 dongargoan,254,36.0,25.87,1941,5.0,75.0,-3.63,,,,,,,,,,,,,,,,,,,,,,,,,,,,,
Kalaburagi,B0048 gulbarga north,C0442 dongargaon,3613 kinnisadak,337,48.53,25.32,3613,15.0,85.0,-0.32,,,,,,,,,,,,,,,,,,,,,,,,,,,,,
Kalaburagi,B0048 gulbarga north,C0619 harsoor,1398 boopaltegnoor,291,43.87,25.79,1398,10.0,80.0,-0.04,,,,,,,,,,,,,,,,,,,,,,,,,,,,,
Kalaburagi,B0048 gulbarga north,C0619 harsoor,615 algud,116,46.59,30.03,615,10.0,87.5,-4.12,,,,,,,,,,,,,,,,,,,,,,,,,,,,,
Kalaburagi,B0048 gulbarga north,C0792 jeevanagi,3065 jeevanagi,123,25.77,21.79,3065,0.0,60.0,5.01,,,,,,,,,,,,,,,,,,,,,,,,,,,,,
Kalaburagi,B0048 gulbarga north,C0792 jeevanagi,3295 kalmod,87,32.82,22.95,3295,5.0,70.0,-11.79,,,,,,,,,,,,,,,,,,,,,,,,,,,,,
Kalaburagi,B0048 gulbarga north,C0792 jeevanagi,4677 nagoor,224,54.26,25.39,4677,20.0,85.0,7.82,,,,,,,,,,,,,,,,,,,,,,,,,,,,,
Kalaburagi,B0048 gulbarga north,C0854 kallahangarga,3270 kallahangaraga,302,46.92,27.17,3270,10.0,85.0,-0.07,,,,,,,,,,,,,,,,,,,,,,,,,,,,,
Kalaburagi,B0048 gulbarga north,C0854 kallahangarga,3878 kumsi,155,61.45,20.53,3878,35.0,85.0,8.94,,,,,,,,,,,,,,,,,,,,,,,,,,,,,
Kalaburagi,B0048 gulbarga north,C0854 kallahangarga,5605 tajsulatanpur,154,42.53,22.78,5605,15.0,73.5,-3.46,,,,,,,,,,,,,,,,,,,,,,,,,,,,,
Kalaburagi,B0048 gulbarga north,C0858 kalmood,3065 jeevanagi,87,41.78,27.6,3065,10.0,85.0,-8.19,,,,,,,,,,,,,,,,,,,,,,,,,,,,,
Kalaburagi,B0048 gulbarga north,C0858 kalmood,3295 kalmod,202,38.07,24.14,3295,10.0,75.0,-7.46,,,,,,,,,,,,,,,,,,,,,,,,,,,,,
Kalaburagi,B0048 gulbarga north,C0864 kamalapur,4125 mahagaon,94,42.77,19.71,4125,20.0,70.0,2.06,,,,,,,,,,,,,,,,,,,,,,,,,,,,,
Kalaburagi,B0048 gulbarga north,C1096 mahagaon,2724 holkunda,159,31.48,24.28,2724,5.0,70.0,-2.6,,,,,,,,,,,,,,,,,,,,,,,,,,,,,
Kalaburagi,B0048 gulbarga north,C1096 mahagaon,4125 mahagaon,177,52.01,24.49,4125,20.0,85.0,-2.73,,,,,,,,,,,,,,,,,,,,,,,,,,,,,
Kalaburagi,B0048 gulbarga north,C1262 nagoor,2724 holkunda,91,41.26,26.3,2724,10.0,75.0,2.7,,,,,,,,,,,,,,,,,,,,,,,,,,,,,
Kalaburagi,B0048 gulbarga north,C1262 nagoor,4677 nagoor,100,39.35,25.4,4677,10.0,80.0,-0.52,,,,,,,,,,,,,,,,,,,,,,,,,,,,,
Kalaburagi,B0048 gulbarga north,C1329 okali,4897 okali,194,45.31,25.99,4897,10.0,80.0,-3.73,,,,,,,,,,,,,,,,,,,,,,,,,,,,,
Kalaburagi,B0048 gulbarga north,C1525 sonth,4313 margutti,304,42.7,27.4,4313,10.0,83.5,4.98,,,,,,,,,,,,,,,,,,,,,,,,,,,,,
Kalaburagi,B0048 gulbarga north,C1525 sonth,5480 sonth,188,63.19,30.22,5480,18.5,100.0,-6.98,,,,,,,,,,,,,,,,,,,,,,,,,,,,,
Kalaburagi,B0048 gulbarga north,C1562 tajsultanpur,5605 tajsulatanpur,192,53.59,27.52,5605,10.5,90.0,2.59,,,,,,,,,,,,,,,,,,,,,,,,,,,,,
Kalaburagi,B0049 gulbarga south,C0230 bheemalli,1289 bhimalli,313,43.8,24.99,1289,10.0,75.0,1.54,,,,,,,,,,,,,,,,,,,,,,,,,,,,,
Kalaburagi,B0049 gulbarga south,C0230 bheemalli,5273 savalagi b,219,37.9,23.52,5273,5.0,70.0,3.72,,,,,,,,,,,,,,,,,,,,,,,,,,,,,
Kalaburagi,B0049 gulbarga south,C0461 faratabad urdu,3512 kawalga (b),135,33.81,22.18,3512,10.0,65.0,1.73,,,,,,,,,,,,,,,,,,,,,,,,,,,,,
Kalaburagi,B0049 gulbarga south,C0461 faratabad urdu,3591 khandal,257,43.87,26.87,3591,10.0,85.0,-0.32,,,,,,,,,,,,,,,,,,,,,,,,,,,,,
Kalaburagi,B0049 gulbarga south,C0461 faratabad urdu,4631 nadikur,96,69.27,16.98,4631,45.0,90.0,-0.97,,,,,,,,,,,,,,,,,,,,,,,,,,,,,
Kalaburagi,B0049 gulbarga south,C0461 faratabad urdu,5314 sharanasirasagi,100,40.5,24.84,5314,10.0,75.0,4.63,,,,,,,,,,,,,,,,,,,,,,,,,,,,,
Kalaburagi,B0049 gulbarga south,C0462 faratabad,1995 fartabad,486,42.17,28.33,1995,5.0,80.0,3.63,,,,,,,,,,,,,,,,,,,,,,,,,,,,,
Kalaburagi,B0049 gulbarga south,C0462 faratabad,213009036 saradagi b,284,38.29,27.6,213009036,5.0,75.0,-2.71,,,,,,,,,,,,,,,,,,,,,,,,,,,,,
Kalaburagi,B0049 gulbarga south,C0462 faratabad,213009635 minajagi,119,41.97,30.67,213009635,4.0,85.0,-8.79,,,,,,,,,,,,,,,,,,,,,,,,,,,,,
Kalaburagi,B0049 gulbarga south,C0462 faratabad,6398 kadani,314,36.7,24.67,6398,5.0,70.0,-1.26,,,,,,,,,,,,,,,,,,,,,,,,,,,,,
Kalaburagi,B0049 gulbarga south,C0562 hagargundagi,2593 heroor b,248,53.02,30.42,2593,10.0,90.0,9.04,,,,,,,,,,,,,,,,,,,,,,,,,,,,,
Kalaburagi,B0049 gulbarga south,C0562 hagargundagi,3512 kawalga (b),233,40.99,25.22,3512,10.0,75.0,0.01,,,,,,,,,,,,,,,,,,,,,,,,,,,,,
Kalaburagi,B0049 gulbarga south,C0562 hagargundagi,6243 basavapatna,237,51.33,26.7,6243,15.0,85.0,2.96,,,,,,,,,,,,,,,,,,,,,,,,,,,,,
Kalaburagi,B0049 gulbarga south,C0689 honna kiranagi,1996 firozabad,364,43.74,26.01,1996,10.0,80.0,0.55,,,,,,,,,,,,,,,,,,,,,,,,,,,,,
Kalaburagi,B0049 gulbarga south,C0689 honna kiranagi,2745 honna kiranagi,449,44.65,25.65,2745,10.0,80.0,8.98,,,,,,,,,,,,,,,,,,,,,,,,,,,,,
Kalaburagi,B0049 gulbarga south,C0936 khanadal,3591 khandal,155,41.45,28.73,3591,5.0,80.0,-0.66,,,,,,,,,,,,,,,,,,,,,,,,,,,,,
Kalaburagi,B0049 gulbarga south,C1068 m s k mill gulbarga,5504 srinivas saradagi,271,34.7,24.62,5504,5.0,65.0,-1.34,,,,,,,,,,,,,,,,,,,,,,,,,,,,,
Kalaburagi,B0049 gulbarga south,C1274 nandikur,4631 nadikur,231,56.0,27.0,4631,15.0,90.0,-1.9,,,,,,,,,,,,,,,,,,,,,,,,,,,,,
Kalaburagi,B0049 gulbarga south,C1277 nandur (k),213009027 hagaraga,270,30.85,27.33,213009027,0.0,70.0,11.96,,,,,,,,,,,,,,,,,,,,,,,,,,,,,
Kalaburagi,B0049 gulbarga south,C1277 nandur (k),3957 kusnoor,255,31.24,28.95,3957,0.0,78.0,1.37,,,,,,,,,,,,,,,,,,,,,,,,,,,,,
Kalaburagi,B0049 gulbarga south,C1277 nandur (k),4725 nandur (k),432,38.12,26.37,4725,5.0,79.5,-2.79,,,,,,,,,,,,,,,,,,,,,,,,,,,,,
Kalaburagi,B0049 gulbarga south,C1355 pattan,4417 melkunda (b),515,35.47,24.93,4417,5.0,70.0,0.77,,,,,,,,,,,,,,,,,,,,,,,,,,,,,
Kalaburagi,B0049 gulbarga south,C1355 pattan,4974 pattan,499,35.99,25.05,4974,5.0,75.0,1.72,,,,,,,,,,,,,,,,,,,,,,,,,,,,,
Kalaburagi,B0049 gulbarga south,C1445 sannur,5218 sannor,473,41.5,23.64,5218,10.0,75.0,-7.05,,,,,,,,,,,,,,,,,,,,,,,,,,,,,
Kalaburagi,B0049 gulbarga south,C1480 sharan sirasagi,5314 sharanasirasagi,273,36.74,27.44,5314,5.0,75.0,6.46,,,,,,,,,,,,,,,,,,,,,,,,,,,,,
Kalaburagi,B0049 gulbarga south,C1532 srinivas saradag,5504 srinivas saradagi,149,27.08,27.25,5504,0.0,71.0,1.49,,,,,,,,,,,,,,,,,,,,,,,,,,,,,
Kalaburagi,B0073 jewargi,C0040 aloor,213009048 karakihalli,343,51.46,27.37,213009048,10.0,85.0,-0.01,,,,,,,,,,,,,,,,,,,,,,,,,,,,,
Kalaburagi,B0073 jewargi,C0040 aloor,213009049 sathkhed,432,39.38,27.43,213009049,5.0,80.0,0.8,,,,,,,,,,,,,,,,,,,,,,,,,,,,,
Kalaburagi,B0073 jewargi,C0040 aloor,6076 yalgod 20,402,39.71,28.56,6076,5.0,80.0,-5.7,,,,,,,,,,,,,,,,,,,,,,,,,,,,,
Kalaburagi,B0073 jewargi,C0040 aloor,630 aloor 22,409,51.67,27.15,630,10.0,85.0,3.0,,,,,,,,,,,,,,,,,,,,,,,,,,,,,
Kalaburagi,B0073 jewargi,C0061 andola,1365 biryal 11,409,43.95,23.02,1365,15.0,75.0,-0.82,,,,,,,,,,,,,,,,,,,,,,,,,,,,,
Kalaburagi,B0073 jewargi,C0061 andola,705 andola 10,351,43.85,25.42,705,10.0,80.0,-0.91,,,,,,,,,,,,,,,,,,,,,,,,,,,,,
Kalaburagi,B0073 jewargi,C0070 ankalagi,213009042 hullur,413,47.89,31.88,213009042,5.0,90.0,-3.54,,,,,,,,,,,,,,,,,,,,,,,,,,,,,
Kalaburagi,B0073 jewargi,C0070 ankalagi,2975 itaga 42,474,34.94,27.39,2975,0.0,75.0,-4.57,,,,,,,,,,,,,,,,,,,,,,,,,,,,,
Kalaburagi,B0073 jewargi,C0070 ankalagi,721 ankalga 40,457,45.54,30.77,721,0.0,85.0,3.3,,,,,,,,,,,,,,,,,,,,,,,,,,,,,
Kalaburagi,B0073 jewargi,C0081 aralagundagi,213009029 kakanur,574,70.1,25.14,213009029,35.0,95.0,-2.38,,,,,,,,,,,,,,,,,,,,,,,,,,,,,
Kalaburagi,B0073 jewargi,C0081 aralagundagi,766 aralgundagi 33,537,38.95,27.51,766,5.0,80.0,-12.04,,,,,,,,,,,,,,,,,,,,,,,,,,,,,
Kalaburagi,B0073 jewargi,C0254 bilwar,1356 bilwar 18,325,38.66,26.85,1356,5.0,75.0,-5.27,,,,,,,,,,,,,,,,,,,,,,,,,,,,,
Kalaburagi,B0073 jewargi,C0254 bilwar,6089 yalwar 15,141,51.21,25.3,6089,15.0,85.0,-2.04,,,,,,,,,,,,,,,,,,,,,,,,,,,,,
Kalaburagi,B0073 jewargi,C0254 bilwar,960 balbatti 19,491,44.99,27.37,960,10.0,85.0,-4.82,,,,,,,,,,,,,,,,,,,,,,,,,,,,,
Kalaburagi,B0073 jewargi,C0490 ganwar,2066 ganwar 14,392,45.5,23.08,2066,15.0,75.0,-2.39,,,,,,,,,,,,,,,,,,,,,,,,,,,,,
Kalaburagi,B0073 jewargi,C0490 ganwar,3533 kellur 12,443,39.95,28.19,3533,5.0,80.0,-2.58,,,,,,,,,,,,,,,,,,,,,,,,,,,,,
Kalaburagi,B0073 jewargi,C0647 hippargi,2609 hipparga 24,321,45.48,26.14,2609,10.0,80.0,-3.6,,,,,,,,,,,,,,,,,,,,,,,,,,,,,
Kalaburagi,B0073 jewargi,C0647 hippargi,5475 sonna 17,305,40.46,28.01,5475,5.0,80.0,5.14,,,,,,,,,,,,,,,,,,,,,,,,,,,,,
Kalaburagi,B0073 jewargi,C0742 ijeri,2931 ijeri 16,386,52.95,30.66,2931,5.0,95.0,6.58,,,,,,,,,,,,,,,,,,,,,,,,,,,,,
Kalaburagi,B0073 jewargi,C0742 ijeri,6089 yalwar 15,287,43.75,30.55,6089,0.0,90.0,5.86,,,,,,,,,,,,,,,,,,,,,,,,,,,,,
Kalaburagi,B0073 jewargi,C0794 jeratagi,213009028 nedalgi,525,65.3,27.49,213009028,20.0,95.0,-5.23,,,,,,,,,,,,,,,,,,,,,,,,,,,,,
Kalaburagi,B0073 jewargi,C0794 jeratagi,213009039 ranjanagi,420,39.79,25.88,213009039,5.0,75.5,-4.75,,,,,,,,,,,,,,,,,,,,,,,,,,,,,
Kalaburagi,B0073 jewargi,C0794 jeratagi,3069 jeratagi 36,341,39.16,28.31,3069,5.0,85.0,-7.3,,,,,,,,,,,,,,,,,,,,,,,,,,,,,
Kalaburagi,B0073 jewargi,C0794 jeratagi,993 balundagi 38,360,48.03,27.61,993,10.0,90.0,-1.28,,,,,,,,,,,,,,,,,,,,,,,,,,,,,
Kalaburagi,B0073 jewargi,C0795 jewargi south,213009044 kallahangarga,146,40.07,23.58,213009044,10.0,75.0,-3.48,,,,,,,,,,,,,,,,,,,,,,,,,,,,,
Kalaburagi,B0073 jewargi,C0795 jewargi south,2480 harnoor 13,452,43.53,25.95,2480,10.0,80.0,2.1,,,,,,,,,,,,,,,,,,,,,,,,,,,,,
Kalaburagi,B0073 jewargi,C0830 kadkol,3185 kadkol 34,373,43.7,25.54,3185,10.0,80.0,1.61,,,,,,,,,,,,,,,,,,,,,,,,,,,,,
Kalaburagi,B0073 jewargi,C0966 kolakur,3655 kodi 6,325,46.86,25.72,3655,10.0,80.0,0.93,,,,,,,,,,,,,,,,,,,,,,,,,,,,,
Kalaburagi,B0073 jewargi,C0966 kolakur,3704 kolkur 5,300,55.77,26.32,3704,19.5,85.5,2.88,,,,,,,,,,,,,,,,,,,,,,,,,,,,,
Kalaburagi,B0073 jewargi,C1114 malli,213009040 kachapur,429,50.41,26.5,213009040,10.0,85.0,-2.66,,,,,,,,,,,,,,,,,,,,,,,,,,,,,
Kalaburagi,B0073 jewargi,C1114 malli,3920 kuralgera 31,463,52.32,29.53,3920,10.0,90.0,5.42,,,,,,,,,,,,,,,,,,,,,,,,,,,,,
Kalaburagi,B0073 jewargi,C1114 malli,4119 magangera 32,472,50.49,28.06,4119,10.0,89.5,-4.32,,,,,,,,,,,,,,,,,,,,,,,,,,,,,
Kalaburagi,B0073 jewargi,C1114 malli,4197 malli 27,537,57.76,26.9,4197,18.0,90.0,1.97,,,,,,,,,,,,,,,,,,,,,,,,,,,,,
Kalaburagi,B0073 jewargi,C1123 mandewal,3289 kallur 2,424,47.83,28.98,3289,10.0,88.5,-1.77,,,,,,,,,,,,,,,,,,,,,,,,,,,,,
Kalaburagi,B0073 jewargi,C1123 mandewal,4231 mandewal 35,547,45.39,26.96,4231,5.0,85.0,-5.6,,,,,,,,,,,,,,,,,,,,,,,,,,,,,
Kalaburagi,B0073 jewargi,C1286 naribol,213009043 madari,340,31.31,26.48,213009043,0.0,70.0,2.0,,,,,,,,,,,,,,,,,,,,,,,,,,,,,
Kalaburagi,B0073 jewargi,C1286 naribol,2214 gudur s a 8,493,55.83,29.49,2214,15.0,95.0,4.89,,,,,,,,,,,,,,,,,,,,,,,,,,,,,
Kalaburagi,B0073 jewargi,C1286 naribol,4752 naribol 7,436,46.34,27.44,4752,10.0,85.0,2.94,,,,,,,,,,,,,,,,,,,,,,,,,,,,,
Kalaburagi,B0073 jewargi,C1305 nelogi,213009044 kallahangarga,65,53.0,23.58,213009044,20.0,80.0,2.6,,,,,,,,,,,,,,,,,,,,,,,,,,,,,
Kalaburagi,B0073 jewargi,C1305 nelogi,2498 harwal 3,270,43.46,26.06,2498,10.0,80.0,3.77,,,,,,,,,,,,,,,,,,,,,,,,,,,,,
Kalaburagi,B0073 jewargi,C1305 nelogi,4808 nelogi 1,277,38.16,33.05,4808,0.0,85.0,2.26,,,,,,,,,,,,,,,,,,,,,,,,,,,,,
Kalaburagi,B0073 jewargi,C1704 wadgera,213009041 sumbad,394,51.55,29.19,213009041,10.0,90.0,2.29,,,,,,,,,,,,,,,,,,,,,,,,,,,,,
Kalaburagi,B0073 jewargi,C1704 wadgera,6015 wadgera 29,559,29.03,25.93,6015,0.0,70.0,1.19,,,,,,,,,,,,,,,,,,,,,,,,,,,,,
Kalaburagi,B0119 sedam,C0010 adaki,4015 lingampalli,280,35.64,23.76,4015,5.0,70.0,0.65,,,,,,,,,,,,,,,,,,,,,,,,,,,,,
Kalaburagi,B0119 sedam,C0010 adaki,514 adaki,403,39.67,25.96,514,6.0,75.0,3.32,,,,,,,,,,,,,,,,,,,,,,,,,,,,,
Kalaburagi,B0119 sedam,C0446 duganoor,1960 dugnoor,412,43.67,26.96,1960,5.0,80.0,9.84,,,,,,,,,,,,,,,,,,,,,,,,,,,,,
Kalaburagi,B0119 sedam,C0446 duganoor,5413 sindanamadu,382,47.4,26.85,5413,10.0,85.0,4.41,,,,,,,,,,,,,,,,,,,,,,,,,,,,,
Kalaburagi,B0119 sedam,C0555 habala ( t ),3856 kukunda,206,34.93,23.09,3856,5.0,65.0,1.92,,,,,,,,,,,,,,,,,,,,,,,,,,,,,
Kalaburagi,B0119 sedam,C0555 habala ( t ),5662 telkur,347,37.94,27.59,5662,5.0,80.0,4.86,,,,,,,,,,,,,,,,,,,,,,,,,,,,,
Kalaburagi,B0119 sedam,C0555 habala ( t ),6037 yadaga,255,42.37,28.01,6037,5.0,85.0,1.36,,,,,,,,,,,,,,,,,,,,,,,,,,,,,
Kalaburagi,B0119 sedam,C0872 kanagadda,1488 chandapur,245,36.18,25.31,1488,0.0,70.0,1.34,,,,,,,,,,,,,,,,,,,,,,,,,,,,,
Kalaburagi,B0119 sedam,C0872 kanagadda,2980 itkal,313,40.96,27.03,2980,5.0,79.0,7.67,,,,,,,,,,,,,,,,,,,,,,,,,,,,,
Kalaburagi,B0119 sedam,C0872 kanagadda,3330 kanagadda,367,39.86,28.3,3330,5.0,85.0,0.33,,,,,,,,,,,,,,,,,,,,,,,,,,,,,
Kalaburagi,B0119 sedam,C0872 kanagadda,4394 medak,538,29.87,23.59,4394,5.0,65.0,-3.27,,,,,,,,,,,,,,,,,,,,,,,,,,,,,
Kalaburagi,B0119 sedam,C0947 kodala,1215 benakanalli,278,45.02,29.34,1215,5.0,85.0,9.45,,,,,,,,,,,,,,,,,,,,,,,,,,,,,
Kalaburagi,B0119 sedam,C0947 kodala,2404 handarki,419,56.91,26.63,2404,20.0,90.0,2.84,,,,,,,,,,,,,,,,,,,,,,,,,,,,,
Kalaburagi,B0119 sedam,C0947 kodala,3665 kodla,199,64.67,26.79,3665,25.0,96.0,6.39,,,,,,,,,,,,,,,,,,,,,,,,,,,,,
Kalaburagi,B0119 sedam,C0965 kolakunda,3011 jakanpalli,359,24.53,24.31,3011,0.0,65.0,0.46,,,,,,,,,,,,,,,,,,,,,,,,,,,,,
Kalaburagi,B0119 sedam,C0965 kolakunda,3703 kolkunta,301,34.88,27.8,3703,5.0,75.0,-2.68,,,,,,,,,,,,,,,,,,,,,,,,,,,,,
Kalaburagi,B0119 sedam,C1040 kurkunta,3933 kurkunta,418,32.49,27.23,3933,0.0,75.0,0.68,,,,,,,,,,,,,,,,,,,,,,,,,,,,,
Kalaburagi,B0119 sedam,C1040 kurkunta,4107 madkal,264,30.72,27.07,4107,0.0,73.5,-7.07,,,,,,,,,,,,,,,,,,,,,,,,,,,,,
Kalaburagi,B0119 sedam,C1059 lingampalli,4015 lingampalli,159,55.13,23.95,4015,19.0,85.0,-0.68,,,,,,,,,,,,,,,,,,,,,,,,,,,,,
Kalaburagi,B0119 sedam,C1082 madana,4071 madana,466,39.33,26.88,4071,5.0,80.0,4.29,,,,,,,,,,,,,,,,,,,,,,,,,,,,,
Kalaburagi,B0119 sedam,C1082 madana,4478 motakpalli,307,27.3,23.1,4478,0.0,65.0,0.83,,,,,,,,,,,,,,,,,,,,,,,,,,,,,
Kalaburagi,B0119 sedam,C1107 malkhed,4181 malkhed,558,32.67,23.34,4181,5.0,65.0,6.94,,,,,,,,,,,,,,,,,,,,,,,,,,,,,
Kalaburagi,B0119 sedam,C1107 malkhed,4855 nilhalli,284,31.5,21.81,4855,5.0,65.0,3.73,,,,,,,,,,,,,,,,,,,,,,,,,,,,,
Kalaburagi,B0119 sedam,C1198 motakpalli,1488 chandapur,120,47.83,27.95,1488,9.5,80.0,-3.22,,,,,,,,,,,,,,,,,,,,,,,,,,,,,
Kalaburagi,B0119 sedam,C1198 motakpalli,2980 itkal,140,40.21,27.61,2980,5.0,80.0,1.98,,,,,,,,,,,,,,,,,,,,,,,,,,,,,
Kalaburagi,B0119 sedam,C1198 motakpalli,4478 motakpalli,162,42.28,27.74,4478,5.5,85.0,6.61,,,,,,,,,,,,,,,,,,,,,,,,,,,,,
Kalaburagi,B0119 sedam,C1210 mudhol urdu,1101 batgera (b),114,36.4,28.95,1101,0.0,80.0,4.46,,,,,,,,,,,,,,,,,,,,,,,,,,,,,
Kalaburagi,B0119 sedam,C1210 mudhol urdu,5120 ribbanpalli,169,19.7,18.73,5120,0.0,50.0,1.44,,,,,,,,,,,,,,,,,,,,,,,,,,,,,
Kalaburagi,B0119 sedam,C1211 mudhol,4505 mudhol,348,23.49,20.41,4505,0.0,50.0,0.26,,,,,,,,,,,,,,,,,,,,,,,,,,,,,
Kalaburagi,B0119 sedam,C1297 neelhalli,3856 kukunda,116,37.89,26.76,3856,5.0,75.0,2.06,,,,,,,,,,,,,,,,,,,,,,,,,,,,,
Kalaburagi,B0119 sedam,C1297 neelhalli,4855 nilhalli,163,45.18,24.92,4855,10.0,80.0,1.83,,,,,,,,,,,,,,,,,,,,,,,,,,,,,
Kalaburagi,B0119 sedam,C1396 ranjol,1101 batgera (b),231,31.69,26.16,1101,0.0,75.0,-2.07,,,,,,,,,,,,,,,,,,,,,,,,,,,,,
Kalaburagi,B0119 sedam,C1396 ranjol,5098 ranjol,328,33.72,27.4,5098,5.0,75.0,-0.72,,,,,,,,,,,,,,,,,,,,,,,,,,,,,
Kalaburagi,B0119 sedam,C1409 ribbanpalli,5120 ribbanpalli,322,28.17,24.1,5120,0.0,64.5,-2.84,,,,,,,,,,,,,,,,,,,,,,,,,,,,,
Kalaburagi,B0119 sedam,C1468 sedam urdu,3665 kodla,146,71.54,20.05,3665,45.0,95.0,3.25,,,,,,,,,,,,,,,,,,,,,,,,,,,,,
Kalaburagi,B0119 sedam,C1468 sedam urdu,5853 udagi,224,40.33,21.94,5853,10.0,70.0,-2.53,,,,,,,,,,,,,,,,,,,,,,,,,,,,,
Kalaburagi,B0119 sedam,C1630 udagi,5853 udagi,173,41.04,25.54,5853,10.0,75.0,1.7,,,,,,,,,,,,,,,,,,,,,,,,,,,,,
Kodagu,B0092 madikeri,C0216 bhagamandala,1258 bhagamandala,264,50.7,24.06,1258,20.0,80.0,11.25,7.0,6.0,85.71,14.29,100.0,848.0,590.0,20.0,29.5,60.0,70.0,100.0,100.0,66.67,33.33,33.33,16.67,83.33,83.33,100.0,83.33,0.0,2.17,3.33,0.33,1.0,2.0,180.25,98.3
Kodagu,B0092 madikeri,C0216 bhagamandala,3886 kundacheri,143,57.38,24.27,3886,21.0,89.0,1.52,5.0,4.0,80.0,20.0,100.0,239.0,96.0,9.0,10.67,100.0,77.78,100.0,100.0,75.0,50.0,25.0,0.0,100.0,100.0,100.0,100.0,0.0,1.5,3.25,0.0,1.25,0.0,238.0,24.0
Kodagu,B0092 madikeri,C0216 bhagamandala,568 aiyangeri,115,59.26,24.89,568,20.0,90.0,2.59,,,,,,,,,,,,,,,,,,,,,,,,,,,,,
Kodagu,B0092 madikeri,C0308 chayyandane,3726 konanjageri,106,55.28,23.24,3726,25.0,85.0,0.57,6.0,6.0,100.0,0.0,100.0,83.0,83.0,11.0,7.55,81.82,45.45,100.0,100.0,100.0,50.0,33.33,0.0,66.67,100.0,83.33,100.0,0.0,1.83,3.67,0.5,1.83,4.67,181.25,13.8
Kodagu,B0092 madikeri,C0308 chayyandane,4751 nariandada,275,50.07,28.11,4751,15.0,90.0,7.06,6.0,6.0,100.0,0.0,100.0,229.0,229.0,18.0,12.72,88.89,66.67,100.0,100.0,100.0,66.67,16.67,33.33,100.0,100.0,66.67,100.0,0.0,1.83,4.33,2.0,5.5,7.0,236.5,38.2
Kodagu,B0092 madikeri,C0313 cherambane,1245 bettageri,104,60.48,25.33,1245,20.0,90.0,-0.49,6.0,4.0,66.67,33.33,100.0,390.0,77.0,11.0,7.0,100.0,36.36,100.0,100.0,100.0,50.0,0.0,0.0,100.0,100.0,100.0,100.0,0.0,1.75,4.75,4.25,3.5,2.5,233.67,19.2
Kodagu,B0092 madikeri,C0313 cherambane,213009030 cherambane,126,57.34,26.64,213009030,20.0,90.0,16.14,,,,,,,,,,,,,,,,,,,,,,,,,,,,,
Kodagu,B0092 madikeri,C0315 chettalli,1548 chettalli,91,64.62,26.74,1548,25.0,95.0,2.12,4.0,4.0,100.0,0.0,100.0,210.0,210.0,14.0,15.0,71.43,78.57,100.0,100.0,100.0,75.0,25.0,50.0,100.0,100.0,100.0,100.0,0.0,1.75,3.25,0.0,5.5,3.5,237.33,52.5
Kodagu,B0092 madikeri,C0315 chettalli,6313 siddapura,111,44.37,27.78,6313,5.0,80.0,2.93,8.0,4.0,50.0,50.0,100.0,2703.0,321.0,19.0,16.89,89.47,63.16,100.0,100.0,100.0,50.0,50.0,75.0,100.0,100.0,100.0,75.0,0.0,4.0,4.5,0.25,7.25,5.75,238.67,80.2
Kodagu,B0092 madikeri,C0822 kadagadalu,213009596 hosakeri,37,48.78,27.4,213009596,18.0,89.0,6.03,2.0,2.0,100.0,0.0,100.0,97.0,97.0,8.0,12.12,87.5,62.5,100.0,100.0,100.0,100.0,0.0,0.0,100.0,100.0,100.0,100.0,0.0,3.0,3.0,0.5,6.0,9.5,246.5,48.5
Kodagu,B0092 madikeri,C0822 kadagadalu,3153 kadagadalu,176,56.85,25.72,3153,20.0,90.0,8.61,3.0,3.0,100.0,0.0,100.0,141.0,141.0,9.0,15.67,88.89,55.56,100.0,100.0,100.0,100.0,33.33,0.0,100.0,100.0,100.0,100.0,0.0,2.0,5.0,0.67,6.67,4.67,239.33,47.0
Kodagu,B0092 madikeri,C0822 kadagadalu,4286 maragodu,138,51.81,27.89,4286,13.5,91.5,1.63,2.0,2.0,100.0,0.0,100.0,84.0,84.0,6.0,14.0,100.0,50.0,100.0,100.0,100.0,50.0,0.0,0.0,100.0,100.0,100.0,100.0,0.0,3.5,6.5,1.0,6.5,10.5,238.5,42.0
Kodagu,B0092 madikeri,C0839 kakkabe,3903 kunjila,193,50.83,25.79,3903,15.0,85.0,-3.77,8.0,6.0,75.0,25.0,100.0,591.0,200.0,14.0,14.29,85.71,50.0,100.0,100.0,33.33,100.0,66.67,50.0,83.33,83.33,100.0,100.0,16.67,2.17,3.17,0.83,3.5,5.5,241.0,33.3
Kodagu,B0092 madikeri,C0906 karike,3452 karike,161,56.58,25.23,3452,20.0,85.0,6.8,5.0,4.0,80.0,20.0,100.0,224.0,179.0,7.0,25.57,85.71,57.14,100.0,100.0,50.0,100.0,0.0,25.0,100.0,75.0,100.0,100.0,0.0,1.75,4.0,2.25,5.25,5.5,236.0,44.8
Kodagu,B0092 madikeri,C1090 madikeri,2029 galibeedu,68,61.69,23.19,2029,30.0,90.0,19.18,3.0,3.0,100.0,0.0,100.0,521.0,521.0,31.0,16.81,58.06,96.77,100.0,100.0,100.0,100.0,33.33,66.67,100.0,100.0,100.0,66.67,0.0,2.67,5.0,1.0,5.0,7.0,238.0,173.7
Kodagu,B0092 madikeri,C1090 madikeri,4092 made,141,67.45,20.93,4092,40.0,95.0,2.27,9.0,8.0,88.89,11.11,100.0,259.0,94.0,17.0,5.53,76.47,64.71,100.0,100.0,87.5,62.5,12.5,0.0,100.0,100.0,100.0,100.0,0.0,1.5,3.38,0.75,3.12,4.0,237.0,11.8
Kodagu,B0092 madikeri,C1179 mekeri,2309 hakathuru,118,63.35,25.12,2309,28.5,95.0,2.12,,,,,,,,,,,,,,,,,,,,,,,,,,,,,
Kodagu,B0092 madikeri,C1179 mekeri,3236 kalakeri nidugane,17,82.94,15.62,3236,61.0,100.0,-4.52,1.0,1.0,100.0,0.0,100.0,6.0,6.0,1.0,6.0,100.0,0.0,100.0,100.0,100.0,100.0,0.0,0.0,100.0,100.0,100.0,100.0,0.0,1.0,2.0,1.0,6.0,6.0,245.0,6.0
Kodagu,B0092 madikeri,C1179 mekeri,4103 mekeri,62,73.55,22.82,4103,40.0,95.0,1.71,2.0,2.0,100.0,0.0,100.0,50.0,50.0,5.0,10.0,100.0,60.0,100.0,100.0,100.0,50.0,0.0,0.0,100.0,100.0,100.0,100.0,0.0,2.0,5.0,0.5,4.0,4.5,,25.0
Kodagu,B0092 madikeri,C1179 mekeri,4142 makkandur,65,59.92,22.12,4142,30.0,90.0,15.7,2.0,2.0,100.0,0.0,100.0,47.0,47.0,5.0,9.4,60.0,20.0,100.0,100.0,100.0,100.0,0.0,0.0,100.0,100.0,100.0,100.0,0.0,1.5,6.0,0.0,3.0,0.0,230.0,23.5
Kodagu,B0092 madikeri,C1233 murnadu,2702 hoddur,333,53.26,24.53,2702,20.0,85.0,6.44,7.0,5.0,71.43,28.57,100.0,1251.0,294.0,21.0,14.0,76.19,38.1,100.0,100.0,80.0,60.0,20.0,0.0,100.0,100.0,100.0,100.0,0.0,2.8,5.4,2.2,5.8,6.4,234.33,58.8
Kodagu,B0092 madikeri,C1233 murnadu,3403 kanthur murnad,391,48.73,25.61,3403,20.0,85.0,2.73,8.0,5.0,62.5,37.5,100.0,1319.0,328.0,17.0,19.29,100.0,70.59,100.0,100.0,100.0,60.0,20.0,20.0,100.0,100.0,100.0,100.0,20.0,1.8,4.8,0.2,3.4,5.6,240.5,65.6
Kodagu,B0092 madikeri,C1280 napoklu,4731 napoklu,357,51.02,24.66,4731,20.0,85.0,-1.09,11.0,7.0,63.64,36.36,100.0,1996.0,624.0,28.0,22.29,89.29,82.14,100.0,100.0,100.0,57.14,14.29,14.29,100.0,100.0,100.0,85.71,16.67,2.43,4.86,1.57,3.57,7.71,238.5,89.1
Kodagu,B0092 madikeri,C1280 napoklu,6144 yemmemaadu,433,42.78,24.28,6144,10.0,80.0,3.84,,,,,,,,,,,,,,,,,,,,,,,,,,,,,
Kodagu,B0092 madikeri,C1280 napoklu,978 ballamavatti,46,69.13,21.66,978,37.5,95.0,-8.27,,,,,,,,,,,,,,,,,,,,,,,,,,,,,
Kodagu,B0092 madikeri,C1358 peraje,6592 peraje,246,64.55,24.26,6592,27.5,95.0,1.64,7.0,7.0,100.0,0.0,100.0,179.0,179.0,16.0,11.19,56.25,43.75,100.0,100.0,100.0,71.43,14.29,0.0,85.71,100.0,100.0,100.0,0.0,1.43,4.43,0.43,6.29,8.43,234.5,25.6
Kodagu,B0092 madikeri,C1437 sampaje,1539 chembu,267,66.09,25.75,1539,30.0,95.0,0.58,6.0,6.0,100.0,0.0,100.0,190.0,190.0,11.0,17.27,54.55,27.27,100.0,100.0,100.0,83.33,33.33,0.0,83.33,83.33,100.0,100.0,0.0,1.67,3.33,0.17,2.5,10.17,232.5,31.7
Kodagu,B0092 madikeri,C1437 sampaje,6385 sampaje,192,58.67,26.04,6385,20.5,90.0,4.71,2.0,2.0,100.0,0.0,100.0,162.0,162.0,9.0,18.0,77.78,55.56,100.0,100.0,100.0,100.0,0.0,0.0,100.0,100.0,100.0,100.0,50.0,2.0,3.5,2.5,5.0,5.0,242.0,81.0
Kodagu,B0129 somavarpet,C0213 bessur,1232 bessur,209,57.34,25.5,1232,20.0,90.0,8.32,,,,,,,,,,,,,,,,,,,,,,,,,,,,,
Kodagu,B0129 somavarpet,C0315 chettalli,1548 chettalli,71,57.11,20.1,1548,30.0,80.0,13.16,,,,,,,,,,,,,,,,,,,,,,,,,,,,,
Kodagu,B0129 somavarpet,C0315 chettalli,5960 valnur thyagathur,92,57.07,28.68,5960,16.0,95.0,4.54,1.0,1.0,100.0,0.0,100.0,127.0,127.0,7.0,18.14,71.43,71.43,100.0,100.0,100.0,100.0,0.0,100.0,100.0,100.0,100.0,100.0,0.0,1.0,7.0,0.0,10.0,2.0,234.0,127.0
Kodagu,B0129 somavarpet,C0522 gowdali,1914 doddamolthe,48,54.9,26.69,1914,15.0,90.0,3.12,,,,,,,,,,,,,,,,,,,,,,,,,,,,,
Kodagu,B0129 somavarpet,C0596 handli,2414 handli,119,55.08,26.53,2414,20.0,90.0,0.67,4.0,4.0,100.0,0.0,100.0,86.0,86.0,9.0,9.56,88.89,88.89,100.0,100.0,100.0,100.0,0.0,0.0,100.0,100.0,100.0,100.0,0.0,1.5,2.5,1.25,9.25,5.75,238.0,21.5
Kodagu,B0129 somavarpet,C0596 handli,4845 nidtha,123,59.51,25.44,4845,21.0,94.0,9.42,,,,,,,,,,,,,,,,,,,,,,,,,,,,,
Kodagu,B0129 somavarpet,C0633 hebbale,2539 hebbele,100,56.45,29.94,2539,9.5,90.0,8.27,,,,,,,,,,,,,,,,,,,,,,,,,,,,,
Kodagu,B0129 somavarpet,C0633 hebbale,5432 sirangala,128,53.95,26.48,5432,20.0,90.0,12.39,4.0,3.0,75.0,25.0,100.0,295.0,105.0,11.0,9.55,45.45,54.55,100.0,100.0,100.0,100.0,0.0,0.0,100.0,100.0,100.0,100.0,0.0,1.67,4.67,0.33,9.0,8.33,235.33,35.0
Kodagu,B0129 somavarpet,C0633 hebbale,5750 thorenoor,129,65.89,19.69,5750,40.0,90.0,-0.27,,,,,,,,,,,,,,,,,,,,,,,,,,,,,
Kodagu,B0129 somavarpet,C0837 kajuru,3620 kirgandur,45,60.44,22.07,3620,32.0,88.0,7.79,1.0,1.0,100.0,0.0,100.0,29.0,29.0,2.0,14.5,50.0,100.0,100.0,100.0,100.0,100.0,0.0,0.0,100.0,100.0,100.0,100.0,100.0,2.0,5.0,1.0,6.0,10.0,239.0,29.0
Kodagu,B0129 somavarpet,C0837 kajuru,5468 beluru,96,46.15,23.6,5468,10.0,75.0,0.0,,,,,,,,,,,,,,,,,,,,,,,,,,,,,
Kodagu,B0129 somavarpet,C0837 kajuru,560 aigur,79,66.65,23.91,560,34.0,91.0,10.17,4.0,4.0,100.0,0.0,100.0,294.0,294.0,15.0,19.6,66.67,33.33,100.0,100.0,100.0,100.0,0.0,50.0,100.0,100.0,100.0,100.0,0.0,3.0,6.0,1.0,6.0,6.0,241.67,73.5
Kodagu,B0129 somavarpet,C0837 kajuru,6413 alur,55,48.91,26.42,6413,17.0,78.0,-2.87,10.0,8.0,80.0,20.0,100.0,810.0,526.0,29.0,18.14,62.07,62.07,100.0,100.0,100.0,100.0,50.0,37.5,100.0,100.0,100.0,87.5,0.0,2.12,3.38,1.38,6.25,6.12,200.0,65.8
Kodagu,B0129 somavarpet,C0955 kodlipet,1430 byagagotta,96,56.72,24.99,1430,25.0,90.0,8.56,,,,,,,,,,,,,,,,,,,,,,,,,,,,,
Kodagu,B0129 somavarpet,C0955 kodlipet,3668 kodlipet,161,54.47,25.1,3668,20.0,85.0,-3.01,10.0,7.0,70.0,30.0,100.0,1599.0,382.0,27.0,14.15,59.26,74.07,100.0,100.0,100.0,100.0,0.0,28.57,100.0,100.0,100.0,85.71,0.0,2.71,4.57,0.43,7.71,6.14,121.5,54.6
Kodagu,B0129 somavarpet,C1013 kudige,3830 kudige,96,55.94,26.91,3830,20.0,92.5,-5.51,10.0,8.0,80.0,20.0,100.0,2490.0,1208.0,63.0,19.17,46.03,80.95,100.0,100.0,100.0,100.0,62.5,25.0,100.0,100.0,100.0,75.0,0.0,1.62,6.0,2.12,6.75,6.12,238.57,151.0
Kodagu,B0129 somavarpet,C1013 kudige,3844 kudumangalur,191,55.16,27.04,3844,15.0,90.0,-1.61,,,,,,,,,,,,,,,,,,,,,,,,,,,,,
Kodagu,B0129 somavarpet,C1084 madapur,2075 garwale,35,65.14,22.93,2075,37.0,95.0,-19.81,,,,,,,,,,,,,,,,,,,,,,,,,,,,,
Kodagu,B0129 somavarpet,C1084 madapur,2444 haradoor,103,68.83,17.31,2444,45.0,90.0,5.9,,,,,,,,,,,,,,,,,,,,,,,,,,,,,
Kodagu,B0129 somavarpet,C1084 madapur,6677 madapura,110,55.09,25.6,6677,20.0,90.0,0.53,7.0,5.0,71.43,28.57,100.0,680.0,157.0,15.0,10.47,66.67,53.33,100.0,100.0,100.0,100.0,20.0,20.0,100.0,100.0,100.0,100.0,0.0,1.2,4.0,0.2,7.4,8.4,193.4,31.4
Kodagu,B0129 somavarpet,C1265 najrayapatana,213009593 nanjarayapattana,55,72.0,16.57,213009593,50.0,90.0,0.0,,,,,,,,,,,,,,,,,,,,,,,,,,,,,
Kodagu,B0129 somavarpet,C1265 najrayapatana,2198 guddehosur,95,51.11,26.9,2198,17.0,85.0,-2.12,12.0,8.0,66.67,33.33,100.0,2324.0,914.0,50.0,18.28,66.0,74.0,100.0,100.0,100.0,100.0,37.5,37.5,100.0,100.0,100.0,87.5,14.29,4.25,3.5,0.5,7.12,7.0,238.43,114.2
Kodagu,B0129 somavarpet,C1265 najrayapatana,4799 nelliahudikeri,296,52.52,25.25,4799,15.0,85.0,6.1,,,,,,,,,,,,,,,,,,,,,,,,,,,,,
Kodagu,B0129 somavarpet,C1265 najrayapatana,5960 valnur thyagathur,54,60.28,27.89,5960,16.5,95.0,6.5,1.0,1.0,100.0,0.0,100.0,127.0,127.0,7.0,18.14,71.43,71.43,100.0,100.0,100.0,100.0,0.0,100.0,100.0,100.0,100.0,100.0,0.0,1.0,7.0,0.0,10.0,2.0,234.0,127.0
Kodagu,B0129 somavarpet,C1476 shanivarsanthe,1964 dundalli,49,71.73,22.4,1964,40.0,96.0,4.12,5.0,5.0,100.0,0.0,100.0,99.0,99.0,15.0,6.6,66.67,46.67,100.0,100.0,100.0,100.0,0.0,0.0,100.0,100.0,100.0,100.0,0.0,1.4,4.6,0.0,9.4,4.6,240.0,19.8
Kodagu,B0129 somavarpet,C1476 shanivarsanthe,5304 shanivarsanthe,146,57.71,25.24,5304,22.5,85.0,7.92,,,,,,,,,,,,,,,,,,,,,,,,,,,,,
Kodagu,B0129 somavarpet,C1477 shanthalli,1241 bettadalli,36,64.03,25.29,1241,27.5,95.0,3.96,3.0,3.0,100.0,0.0,100.0,20.0,20.0,5.0,4.0,60.0,60.0,100.0,100.0,100.0,100.0,0.0,0.0,100.0,100.0,100.0,100.0,0.0,1.33,2.33,0.0,7.0,4.67,236.0,6.7
Kodagu,B0129 somavarpet,C1477 shanthalli,5308 shanthalli,45,63.89,24.68,5308,30.0,95.0,10.29,2.0,2.0,100.0,0.0,100.0,27.0,27.0,5.0,5.4,60.0,80.0,100.0,100.0,100.0,100.0,0.0,0.0,100.0,100.0,100.0,100.0,0.0,1.0,6.0,0.5,10.0,8.0,240.0,13.5
Kodagu,B0129 somavarpet,C1477 shanthalli,5742 tholur shettalli,45,66.22,22.11,5742,35.0,95.0,5.28,2.0,2.0,100.0,0.0,100.0,26.0,26.0,3.0,8.67,66.67,66.67,100.0,100.0,100.0,100.0,0.0,0.0,100.0,100.0,100.0,100.0,0.0,1.0,5.5,2.0,9.5,9.0,232.0,13.0
Kodagu,B0129 somavarpet,C1524 somvarpet,1684 chowdlu,119,51.22,26.96,1684,10.0,90.0,3.63,8.0,4.0,50.0,50.0,100.0,2044.0,691.0,24.0,28.79,75.0,79.17,100.0,100.0,100.0,100.0,25.0,25.0,100.0,100.0,100.0,100.0,33.33,14.75,7.75,0.75,8.25,6.75,236.0,172.8
Kodagu,B0129 somavarpet,C1524 somvarpet,2383 hanagallu,71,68.45,20.42,2383,40.0,95.0,15.15,5.0,4.0,80.0,20.0,100.0,851.0,122.0,9.0,13.56,55.56,55.56,100.0,100.0,100.0,100.0,0.0,0.0,100.0,100.0,100.0,100.0,0.0,3.0,5.25,1.0,7.0,7.25,241.33,30.5
Kodagu,B0129 somavarpet,C1547 suntikoppa,2793 7th hosakote,78,67.63,19.98,2793,45.0,95.0,-4.92,,,,,,,,,,,,,,,,,,,,,,,,,,,,,
Kodagu,B0129 somavarpet,C1547 suntikoppa,3321 kambibane,113,69.73,19.89,3321,40.0,95.0,-3.97,3.0,3.0,100.0,0.0,100.0,104.0,104.0,9.0,11.56,77.78,77.78,100.0,100.0,100.0,100.0,0.0,0.0,100.0,100.0,100.0,100.0,0.0,1.67,3.67,2.0,4.33,9.0,240.0,34.7
Kodagu,B0129 somavarpet,C1547 suntikoppa,3518 kedakallu,24,83.12,16.93,3518,56.5,100.0,-0.38,,,,,,,,,,,,,,,,,,,,,,,,,,,,,
Kodagu,B0129 somavarpet,C1547 suntikoppa,3641 kodagarahalli,34,82.94,16.38,3641,70.0,100.0,5.88,,,,,,,,,,,,,,,,,,,,,,,,,,,,,
Kodagu,B0129 somavarpet,C1547 suntikoppa,4694 nalkur sirangala,106,73.82,18.65,4694,52.5,95.0,0.43,,,,,,,,,,,,,,,,,,,,,,,,,,,,,
Kodagu,B0129 somavarpet,C1547 suntikoppa,5555 sunticoppa,77,63.44,29.46,5555,18.0,95.0,8.01,4.0,3.0,75.0,25.0,100.0,1735.0,347.0,14.0,24.79,92.86,50.0,100.0,100.0,100.0,100.0,33.33,0.0,100.0,100.0,100.0,100.0,0.0,4.0,7.67,0.67,6.33,5.33,235.0,115.7
Kodagu,B0129 somavarpet,C2040 gonimarur,2039 ganagur,59,54.41,24.43,2039,19.0,90.0,2.52,3.0,3.0,100.0,0.0,100.0,67.0,67.0,9.0,7.44,55.56,55.56,100.0,100.0,100.0,100.0,0.0,0.0,100.0,100.0,100.0,100.0,0.0,1.33,5.0,0.67,6.67,8.0,239.67,22.3
Kodagu,B0129 somavarpet,C2040 gonimarur,4826 nerugalale,63,61.59,25.06,4826,21.0,90.0,4.86,6.0,5.0,83.33,16.67,100.0,259.0,107.0,11.0,9.73,54.55,54.55,100.0,100.0,100.0,100.0,20.0,0.0,100.0,100.0,100.0,100.0,0.0,1.6,4.0,0.6,5.2,7.2,238.6,21.4
Kodagu,B0129 somavarpet,C2040 gonimarur,6413 alur,65,51.92,23.26,6413,20.0,83.0,5.94,10.0,8.0,80.0,20.0,100.0,810.0,526.0,29.0,18.14,62.07,62.07,100.0,100.0,100.0,100.0,50.0,37.5,100.0,100.0,100.0,87.5,0.0,2.12,3.38,1.38,6.25,6.12,200.0,65.8
Kodagu,B0129 somavarpet,C2044 gowdali,2175 gowdalli,71,75.99,21.24,2175,45.0,100.0,4.39,4.0,3.0,75.0,25.0,100.0,254.0,77.0,6.0,12.83,50.0,66.67,100.0,100.0,100.0,100.0,0.0,0.0,100.0,100.0,100.0,100.0,0.0,1.0,2.67,0.33,12.0,8.67,237.33,25.7
Kodagu,B0140 virajpet,C0053 ammathi vantiangadi,1538 chembebellur,67,72.24,22.28,1538,45.0,97.0,4.36,,,,,,,,,,,,,,,,,,,,,,,,,,,,,
Kodagu,B0140 virajpet,C0053 ammathi vantiangadi,2367 halugunda,200,68.7,21.91,2367,39.5,95.0,-3.34,5.0,4.0,80.0,20.0,100.0,446.0,178.0,12.0,14.83,83.33,91.67,100.0,100.0,100.0,75.0,25.0,0.0,100.0,100.0,100.0,100.0,0.0,2.75,3.75,0.75,6.25,6.25,239.33,44.5
Kodagu,B0140 virajpet,C0053 ammathi vantiangadi,3389 kannangala,87,74.6,17.85,3389,50.0,100.0,6.45,2.0,2.0,100.0,0.0,100.0,86.0,86.0,6.0,14.33,83.33,66.67,100.0,100.0,100.0,50.0,0.0,50.0,100.0,100.0,100.0,100.0,0.0,3.5,3.5,0.0,4.0,9.0,231.5,43.0
Kodagu,B0140 virajpet,C0054 ammatti,1354 bilugunda,107,49.95,24.86,1354,15.0,85.0,-3.51,3.0,3.0,100.0,0.0,100.0,80.0,80.0,6.0,13.33,100.0,66.67,100.0,100.0,100.0,100.0,33.33,33.33,100.0,100.0,100.0,100.0,0.0,2.0,3.67,0.0,6.0,7.33,234.0,26.7
Kodagu,B0140 virajpet,C0054 ammatti,3461 karmadu,139,49.28,25.27,3461,15.0,85.0,-0.36,4.0,1.0,25.0,75.0,100.0,1035.0,109.0,5.0,21.8,80.0,40.0,100.0,100.0,100.0,100.0,100.0,100.0,100.0,100.0,100.0,100.0,0.0,5.0,7.0,0.0,20.0,15.0,,109.0
Kodagu,B0140 virajpet,C0054 ammatti,666 ammathi,11,73.64,15.18,666,60.0,95.0,9.64,2.0,2.0,100.0,0.0,100.0,8.0,8.0,3.0,2.67,66.67,66.67,100.0,100.0,100.0,100.0,0.0,0.0,100.0,100.0,100.0,100.0,0.0,1.0,2.5,0.5,8.0,6.5,237.0,4.0
Kodagu,B0140 virajpet,C0134 balele,6531 nittur,51,46.08,22.9,6531,15.0,70.0,5.25,5.0,5.0,100.0,0.0,100.0,209.0,209.0,10.0,20.9,70.0,70.0,80.0,100.0,80.0,60.0,40.0,0.0,100.0,100.0,100.0,100.0,0.0,2.2,5.2,0.2,4.6,6.8,238.75,41.8
Kodagu,B0140 virajpet,C0134 balele,6571 kanur,105,48.19,27.42,6571,10.0,85.0,-10.7,5.0,5.0,100.0,0.0,100.0,452.0,452.0,14.0,32.29,71.43,85.71,100.0,100.0,100.0,60.0,60.0,0.0,100.0,100.0,100.0,100.0,0.0,3.0,4.6,0.2,4.0,7.4,239.75,90.4
Kodagu,B0140 virajpet,C0134 balele,966 balele,239,69.06,15.44,966,50.0,85.0,2.8,4.0,3.0,75.0,25.0,100.0,272.0,226.0,11.0,20.55,90.91,63.64,100.0,100.0,100.0,100.0,33.33,33.33,100.0,100.0,100.0,100.0,0.0,1.67,5.0,1.67,6.0,8.0,244.5,75.3
Kodagu,B0140 virajpet,C0303 channenakote,1545 chennayanakote,184,53.07,25.24,1545,20.0,85.0,2.9,,,,,,,,,,,,,,,,,,,,,,,,,,,,,
Kodagu,B0140 virajpet,C0303 channenakote,4170 maldare,155,51.9,21.94,4170,20.0,80.0,2.13,4.0,3.0,75.0,25.0,100.0,415.0,139.0,7.0,19.86,71.43,42.86,100.0,100.0,100.0,100.0,0.0,0.0,100.0,100.0,100.0,100.0,0.0,2.0,3.67,0.0,5.33,3.33,224.0,46.3
Kodagu,B0140 virajpet,C0315 chettalli,6313 siddapura,48,61.67,22.23,6313,38.5,90.0,2.64,2.0,2.0,100.0,0.0,100.0,76.0,76.0,2.0,38.0,100.0,100.0,50.0,100.0,100.0,50.0,50.0,0.0,100.0,100.0,100.0,100.0,0.0,2.5,4.0,5.5,8.5,10.5,230.5,38.0
Kodagu,B0140 virajpet,C0510 gonikoppal,2135 gonikoppa,228,56.54,27.62,2135,20.0,91.5,6.46,,,,,,,,,,,,,,,,,,,,,,,,,,,,,
Kodagu,B0140 virajpet,C0510 gonikoppal,2508 hathur,177,50.76,23.72,2508,20.0,80.0,-1.85,10.0,6.0,60.0,40.0,100.0,2637.0,225.0,20.0,11.25,85.0,60.0,100.0,100.0,100.0,66.67,50.0,16.67,100.0,100.0,100.0,100.0,0.0,3.17,4.33,1.0,9.67,8.83,193.0,37.5
Kodagu,B0140 virajpet,C0510 gonikoppal,811 arvathoklu,87,40.52,27.59,811,10.0,80.0,8.82,,,,,,,,,,,,,,,,,,,,,,,,,,,,,
Kodagu,B0140 virajpet,C0840 kakotu parambu,3168 kadanoor,27,72.96,20.11,3168,53.0,97.0,-5.1,,,,,,,,,,,,,,,,,,,,,,,,,,,,,
Kodagu,B0140 virajpet,C0840 kakotu parambu,3228 kakotuparambu,100,71.85,23.33,3228,40.0,95.0,5.46,4.0,3.0,75.0,25.0,100.0,269.0,82.0,5.0,16.4,100.0,100.0,100.0,100.0,100.0,66.67,0.0,0.0,100.0,100.0,100.0,100.0,0.0,2.0,2.67,0.67,12.67,6.67,238.67,27.3
Kodagu,B0140 virajpet,C0859 kalthodu,1238 betoli,278,54.62,26.02,1238,20.0,90.0,-1.68,5.0,5.0,100.0,0.0,100.0,237.0,237.0,15.0,15.8,73.33,60.0,100.0,100.0,100.0,80.0,20.0,0.0,100.0,80.0,100.0,80.0,0.0,1.8,5.0,0.4,4.8,4.6,241.33,47.4
Kodagu,B0140 virajpet,C0859 kalthodu,1374 bittangala,102,52.11,21.51,1374,25.0,80.0,4.34,7.0,6.0,85.71,14.29,100.0,540.0,466.0,34.0,13.71,61.76,88.24,100.0,100.0,100.0,66.67,66.67,16.67,83.33,100.0,100.0,83.33,20.0,2.83,4.83,2.83,3.67,7.0,240.4,77.7
Kodagu,B0140 virajpet,C0859 kalthodu,213009047 aarji,28,55.18,24.13,213009047,27.0,85.0,2.49,,,,,,,,,,,,,,,,,,,,,,,,,,,,,
Kodagu,B0140 virajpet,C0859 kalthodu,870 b. shettigeri,51,61.27,22.97,870,40.0,90.0,8.76,2.0,2.0,100.0,0.0,100.0,56.0,56.0,4.0,14.0,100.0,50.0,100.0,100.0,100.0,100.0,50.0,0.0,100.0,50.0,100.0,100.0,0.0,1.5,5.0,0.5,5.5,6.5,237.0,28.0
Kodagu,B0140 virajpet,C1044 kutta,213009046 k. badaga,111,45.99,28.98,213009046,10.0,85.0,1.35,,,,,,,,,,,,,,,,,,,,,,,,,,,,,
Kodagu,B0140 virajpet,C1044 kutta,3965 kutta,251,28.92,24.22,3965,0.0,65.0,3.3,5.0,4.0,80.0,20.0,100.0,520.0,315.0,9.0,35.0,55.56,88.89,100.0,100.0,75.0,75.0,0.0,25.0,100.0,100.0,100.0,75.0,0.0,2.0,3.75,1.0,7.0,8.25,240.0,78.8
Kodagu,B0140 virajpet,C1044 kutta,4691 nalkeri,53,63.11,34.57,4691,11.0,100.0,-10.25,5.0,5.0,100.0,0.0,100.0,317.0,317.0,11.0,28.82,45.45,72.73,80.0,100.0,100.0,80.0,40.0,20.0,100.0,100.0,100.0,100.0,0.0,1.6,3.4,0.2,4.6,4.0,242.0,63.4
Kodagu,B0140 virajpet,C1044 kutta,5503 srimangala,200,27.78,23.69,5503,0.0,65.0,-0.42,6.0,5.0,83.33,16.67,100.0,448.0,239.0,12.0,19.92,66.67,58.33,100.0,100.0,100.0,60.0,20.0,0.0,100.0,100.0,100.0,100.0,0.0,1.2,3.8,2.0,8.6,7.2,236.5,47.8
Kodagu,B0140 virajpet,C1174 mayamudi,4391 mayamudi,150,38.03,26.62,4391,5.0,80.0,9.78,3.0,3.0,100.0,0.0,100.0,285.0,285.0,16.0,17.81,75.0,81.25,100.0,100.0,100.0,66.67,0.0,33.33,100.0,100.0,100.0,100.0,0.0,3.0,7.33,0.33,7.0,7.67,236.67,95.0
Kodagu,B0140 virajpet,C1174 mayamudi,5007 ponnappasanthe,115,37.78,24.39,5007,5.0,65.0,10.64,3.0,3.0,100.0,0.0,100.0,46.0,46.0,4.0,11.5,100.0,75.0,100.0,100.0,100.0,100.0,33.33,0.0,100.0,100.0,100.0,100.0,0.0,1.67,4.0,0.67,10.0,8.0,240.5,15.3
Kodagu,B0140 virajpet,C1364 polibetta,5004 polibetta,175,51.17,26.42,5004,20.0,88.0,1.88,4.0,2.0,50.0,50.0,100.0,716.0,200.0,8.0,25.0,100.0,62.5,100.0,100.0,100.0,100.0,0.0,50.0,100.0,100.0,100.0,100.0,0.0,4.0,6.0,0.5,5.0,0.0,232.0,100.0
Kodagu,B0140 virajpet,C1364 polibetta,6507 hosur,92,52.99,27.18,6507,20.5,89.5,-5.52,3.0,3.0,100.0,0.0,100.0,150.0,150.0,8.0,18.75,100.0,37.5,100.0,100.0,100.0,100.0,0.0,0.0,100.0,100.0,100.0,66.67,0.0,2.33,4.0,1.67,8.0,7.67,244.5,50.0
Kodagu,B0140 virajpet,C1365 ponnampet,3625 kirugur,50,47.1,30.49,3625,5.0,86.0,8.49,,,,,,,,,,,,,,,,,,,,,,,,,,,,,
Kodagu,B0140 virajpet,C1365 ponnampet,5006 ponnampet,268,35.6,23.73,5006,5.0,70.0,5.47,7.0,3.0,42.86,57.14,100.0,1959.0,393.0,15.0,26.2,73.33,66.67,100.0,100.0,100.0,100.0,66.67,0.0,100.0,100.0,100.0,100.0,33.33,2.0,4.0,1.0,7.33,7.33,238.33,131.0
Kodagu,B0140 virajpet,C1365 ponnampet,988 ballyamandur,37,47.43,27.48,988,15.0,87.0,-12.91,,,,,,,,,,,,,,,,,,,,,,,,,,,,,
Kodagu,B0140 virajpet,C1555 t. shettigeri,1363 birunani,114,29.78,23.9,1363,5.0,65.0,1.29,6.0,5.0,83.33,16.67,100.0,199.0,146.0,6.0,24.33,100.0,83.33,100.0,100.0,100.0,0.0,40.0,20.0,100.0,80.0,100.0,100.0,0.0,1.8,3.8,1.8,3.0,4.8,244.0,29.2
Kodagu,B0140 virajpet,C1555 t. shettigeri,2818 hudikeri,141,42.02,26.54,2818,5.0,80.0,3.61,9.0,7.0,77.78,22.22,100.0,557.0,331.0,16.0,20.69,87.5,50.0,100.0,100.0,100.0,57.14,57.14,0.0,100.0,100.0,100.0,100.0,0.0,1.57,3.43,1.14,8.29,7.71,241.4,47.3
Kodagu,B0140 virajpet,C1555 t. shettigeri,5585 t. shettigeri,116,41.03,24.79,5585,12.5,80.0,3.32,4.0,3.0,75.0,25.0,100.0,537.0,190.0,7.0,27.14,85.71,85.71,100.0,100.0,100.0,66.67,0.0,0.0,100.0,100.0,100.0,100.0,0.0,1.33,3.0,3.0,7.33,8.67,158.33,63.3
Kodagu,B0140 virajpet,C1607 thithimathi,1801 devarapura,150,51.13,26.98,1801,14.5,90.0,-9.15,5.0,4.0,80.0,20.0,100.0,617.0,236.0,16.0,14.75,62.5,62.5,100.0,100.0,100.0,75.0,25.0,0.0,100.0,100.0,100.0,100.0,0.0,2.0,3.25,5.75,7.75,7.25,238.75,59.0
Kodagu,B0140 virajpet,C1607 thithimathi,5733 thithimathi,380,59.09,27.79,5733,20.0,95.0,3.52,6.0,5.0,83.33,16.67,100.0,774.0,663.0,23.0,28.83,78.26,60.87,100.0,100.0,60.0,100.0,20.0,60.0,80.0,100.0,100.0,80.0,0.0,5.0,5.0,0.6,6.6,5.4,237.67,132.6
Kodagu,B0140 virajpet,C1699 virajpet,3519 kedamallur,110,34.5,19.83,3519,10.0,60.0,4.79,,,,,,,,,,,,,,,,,,,,,,,,,,,,,
Kolar,B0014 bangarapete,C0154 bangarpet (urdu-1),1559 chikka ankadnahalli,82,50.18,26.66,1559,10.0,80.0,8.67,,,,,,,,,,,,,,,,,,,,,,,,,,,,,
Kolar,B0014 bangarapete,C0155 bangarpet,2833 hulibele,105,58.0,22.89,2833,25.0,88.0,-6.46,10.0,6.0,60.0,40.0,100.0,2211.0,296.0,18.0,16.44,72.22,66.67,100.0,100.0,16.67,66.67,16.67,0.0,50.0,100.0,83.33,100.0,0.0,1.5,2.67,4.33,7.0,3.33,242.67,49.3
Kolar,B0014 bangarapete,C0264 boodikote,1396 boodikote,291,55.55,25.82,1396,20.0,85.0,4.4,,,,,,,,,,,,,,,,,,,,,,,,,,,,,
Kolar,B0014 bangarapete,C0473 gajaga,6359 magundi,140,50.43,26.63,6359,10.0,85.0,2.35,,,,,,,,,,,,,,,,,,,,,,,,,,,,,
Kolar,B0014 bangarapete,C0535 gullahalli,2227 gullahalli,388,41.83,28.23,2227,5.0,80.0,9.58,14.0,14.0,100.0,0.0,100.0,461.0,461.0,31.0,14.87,41.94,61.29,100.0,100.0,35.71,92.86,7.14,0.0,85.71,100.0,100.0,100.0,0.0,1.64,2.0,0.57,1.86,2.14,238.67,32.9
Kolar,B0014 bangarapete,C0713 hudukula,1559 chikka ankadnahalli,63,57.54,24.71,1559,20.0,85.0,-0.89,,,,,,,,,,,,,,,,,,,,,,,,,,,,,
Kolar,B0014 bangarapete,C0847 kalavanchi,5693 thappanahalli,155,48.39,23.67,5693,12.0,80.0,-0.66,,,,,,,,,,,,,,,,,,,,,,,,,,,,,
Kolar,B0014 bangarapete,C0897 karahalli,213009176 mavahalli,32,66.09,19.75,213009176,45.5,90.0,8.96,,,,,,,,,,,,,,,,,,,,,,,,,,,,,
Kolar,B0014 bangarapete,C0899 karamangala,2833 hulibele,112,70.94,23.71,2833,35.5,95.0,-2.48,10.0,6.0,60.0,40.0,100.0,2211.0,296.0,18.0,16.44,72.22,66.67,100.0,100.0,16.67,66.67,16.67,0.0,50.0,100.0,83.33,100.0,0.0,1.5,2.67,4.33,7.0,3.33,242.67,49.3
Kolar,B0014 bangarapete,C0933 kethaganahalli,3579 kethaganahalli,155,50.65,21.76,3579,22.0,80.0,0.64,,,,,,,,,,,,,,,,,,,,,,,,,,,,,
Kolar,B0014 bangarapete,C1350 paravanahalli,213009175 kethaganahalli,95,59.74,22.21,213009175,27.0,90.0,3.37,,,,,,,,,,,,,,,,,,,,,,,,,,,,,
Kolar,B0014 bangarapete,C1417 s madamangala,5481 soolikunte,127,60.0,24.81,5481,20.0,90.0,-5.18,12.0,11.0,91.67,8.33,100.0,1110.0,552.0,37.0,14.92,48.65,40.54,100.0,100.0,36.36,72.73,18.18,0.0,63.64,90.91,90.91,100.0,0.0,1.45,2.91,1.18,4.45,2.73,241.25,50.2
Kolar,B0014 bangarapete,C1971 dasarahosahalli,1928 dodduru karapa,85,58.41,22.61,1928,30.0,90.0,-5.21,,,,,,,,,,,,,,,,,,,,,,,,,,,,,
Kolar,B0014 bangarapete,C2036 ghattamadamangala,3313 kamasamudram,170,49.47,25.66,3313,15.0,85.0,-5.84,,,,,,,,,,,,,,,,,,,,,,,,,,,,,
Kolar,B0014 bangarapete,C2419 mavahalli,2888 hunukunda,73,51.44,22.34,2888,25.0,79.0,4.49,,,,,,,,,,,,,,,,,,,,,,,,,,,,,
Kolar,B0074 k g f,C0379 dasarahosahalli,1876 dodda valangama,104,59.09,27.52,1876,15.0,90.0,24.3,,,,,,,,,,,,,,,,,,,,,,,,,,,,,
Kolar,B0074 k g f,C0847 kalavanchi,5693 thappanahalli,96,73.65,26.44,5693,27.5,100.0,21.39,,,,,,,,,,,,,,,,,,,,,,,,,,,,,
Kolar,B0074 k g f,C0933 kethaganahalli,3579 kethaganahalli,73,64.59,28.79,3579,16.0,95.0,-9.88,,,,,,,,,,,,,,,,,,,,,,,,,,,,,
Kolar,B0074 k g f,C1167 mavahalli,4376 mavahalli,85,67.18,23.87,4376,30.0,95.0,13.89,,,,,,,,,,,,,,,,,,,,,,,,,,,,,
Kolar,B0079 kolar,C0184 beglihosahalli,1132 beglihosahalli,195,51.26,25.07,1132,17.0,85.0,1.7,9.0,8.0,88.89,11.11,100.0,985.0,187.0,19.0,9.84,63.16,42.11,100.0,100.0,50.0,25.0,100.0,0.0,100.0,100.0,100.0,100.0,0.0,1.12,2.25,0.88,8.0,5.12,245.43,23.4
Kolar,B0079 kolar,C0184 beglihosahalli,1899 doddahasala,277,56.97,26.59,1899,20.0,90.0,-4.66,,,,,,,,,,,,,,,,,,,,,,,,,,,,,
Kolar,B0079 kolar,C0193 belamaranahalli,1163 belamaranahalli,250,61.58,25.4,1163,20.0,90.0,4.32,7.0,7.0,100.0,0.0,100.0,274.0,274.0,18.0,15.22,50.0,50.0,100.0,100.0,57.14,100.0,42.86,0.0,85.71,100.0,71.43,100.0,0.0,1.14,3.0,1.0,12.57,6.0,221.8,39.1
Kolar,B0079 kolar,C0193 belamaranahalli,1680 chowdadenahalli,243,56.11,27.69,1680,20.0,94.0,-3.03,4.0,4.0,100.0,0.0,100.0,104.0,104.0,10.0,10.4,20.0,50.0,100.0,100.0,75.0,100.0,0.0,0.0,75.0,100.0,100.0,100.0,0.0,1.0,2.25,0.75,8.0,5.0,239.0,26.0
Kolar,B0079 kolar,C0611 harathi,2461 harati,448,56.31,26.84,2461,15.0,90.0,4.5,16.0,13.0,81.25,18.75,100.0,809.0,312.0,31.0,10.06,64.52,45.16,100.0,100.0,53.85,100.0,84.62,0.0,92.31,100.0,100.0,100.0,0.0,1.15,1.92,3.08,7.77,6.38,219.45,24.0
Kolar,B0079 kolar,C0757 itharasanahalli,2979 itharasanahalli,277,57.74,25.89,2979,20.0,90.0,-1.21,14.0,13.0,92.86,7.14,100.0,294.0,270.0,31.0,8.71,51.61,54.84,100.0,100.0,38.46,100.0,30.77,0.0,69.23,92.31,84.62,92.31,0.0,1.08,2.54,4.62,5.31,3.46,244.14,20.8
Kolar,B0079 kolar,C0799 joohalli (urdu-1),5953 vakkaleri,111,51.53,30.23,5953,10.0,90.0,5.25,,,,,,,,,,,,,,,,,,,,,,,,,,,,,
Kolar,B0079 kolar,C0824 kadahalli,663 ammanallur,235,53.83,25.99,663,15.0,85.0,0.08,10.0,9.0,90.0,10.0,100.0,428.0,158.0,19.0,8.32,42.11,42.11,100.0,100.0,22.22,100.0,11.11,22.22,55.56,88.89,88.89,100.0,0.0,1.0,3.11,1.89,10.56,6.89,240.83,17.6
Kolar,B0079 kolar,C0951 kodikannur,4319 marjenahalli,221,53.08,26.03,4319,15.0,85.0,7.23,9.0,9.0,100.0,0.0,100.0,215.0,215.0,20.0,10.75,65.0,35.0,100.0,100.0,33.33,100.0,22.22,22.22,55.56,88.89,66.67,100.0,0.0,1.0,1.22,2.78,6.56,3.78,242.67,23.9
Kolar,B0079 kolar,C0951 kodikannur,755 arahalli,408,50.01,29.69,755,5.0,90.0,10.55,12.0,10.0,83.33,16.67,100.0,648.0,383.0,32.0,11.97,68.75,50.0,100.0,100.0,20.0,100.0,0.0,0.0,40.0,80.0,80.0,70.0,0.0,1.3,2.2,0.6,3.7,2.8,239.83,38.3
Kolar,B0079 kolar,C1212 mudigere,6612 mudigere,147,33.71,27.66,6612,0.0,72.0,-0.7,,,,,,,,,,,,,,,,,,,,,,,,,,,,,
Kolar,B0079 kolar,C1215 muduvadi,3049 jannagatta,78,46.86,25.37,3049,10.0,80.0,-2.86,,,,,,,,,,,,,,,,,,,,,,,,,,,,,
Kolar,B0079 kolar,C1215 muduvadi,4519 muduvadi,236,48.5,27.2,4519,15.0,85.0,-1.72,7.0,6.0,85.71,14.29,100.0,269.0,181.0,15.0,12.07,46.67,40.0,100.0,100.0,50.0,83.33,0.0,0.0,50.0,100.0,83.33,100.0,0.0,1.17,3.5,5.33,5.33,5.5,244.33,30.2
Kolar,B0079 kolar,C1282 narasapura,1196 bellur,402,57.39,25.35,1196,20.5,90.0,3.89,12.0,12.0,100.0,0.0,100.0,450.0,450.0,32.0,14.06,53.12,53.12,100.0,100.0,8.33,91.67,8.33,0.0,91.67,100.0,75.0,100.0,0.0,1.0,2.08,1.67,8.33,5.17,240.56,37.5
Kolar,B0079 kolar,C1282 narasapura,6427 narasapura,272,40.74,24.28,6427,10.0,75.0,3.15,7.0,4.0,57.14,42.86,100.0,2067.0,498.0,19.0,26.21,78.95,47.37,100.0,100.0,25.0,100.0,0.0,0.0,75.0,75.0,75.0,75.0,25.0,2.0,4.25,3.75,6.5,8.0,240.0,124.5
Kolar,B0079 kolar,C1681 vadagur,2757 honnenahalli,89,60.17,26.49,2757,20.0,90.0,3.72,11.0,7.0,63.64,36.36,100.0,1819.0,188.0,18.0,10.44,66.67,33.33,100.0,100.0,0.0,100.0,28.57,14.29,85.71,85.71,85.71,100.0,0.0,1.0,2.0,2.86,9.57,2.86,233.8,26.9
Kolar,B0079 kolar,C1681 vadagur,5933 vadagur,443,55.77,26.09,5933,15.0,85.0,-1.32,18.0,14.0,77.78,22.22,100.0,1677.0,554.0,40.0,13.85,70.0,55.0,100.0,100.0,57.14,92.86,21.43,0.0,78.57,100.0,85.71,92.86,7.14,2.29,3.14,4.79,9.86,7.36,238.9,39.6
Kolar,B0079 kolar,C1688 vakkaleri,5953 vakkaleri,254,55.75,25.1,5953,20.0,90.0,8.12,,,,,,,,,,,,,,,,,,,,,,,,,,,,,
Kolar,B0079 kolar,C1756 abbani,5313 shapur,265,57.77,28.97,5313,15.0,95.0,0.74,11.0,11.0,100.0,0.0,100.0,295.0,295.0,31.0,9.52,54.84,54.84,100.0,100.0,45.45,100.0,54.55,9.09,81.82,100.0,100.0,100.0,0.0,1.18,3.18,4.45,10.73,6.36,242.78,26.8
Kolar,B0079 kolar,C1800 annihalli (manighatta),4255 manigatta,185,58.11,25.19,4255,25.0,90.0,3.39,,,,,,,,,,,,,,,,,,,,,,,,,,,,,
Kolar,B0079 kolar,C1803 arabikothanur,752 arabikothanur,255,47.22,23.86,752,15.0,78.0,2.79,,,,,,,,,,,,,,,,,,,,,,,,,,,,,
Kolar,B0079 kolar,C1969 darga (urdu-2),2757 honnenahalli,86,52.38,28.3,2757,10.0,87.5,-0.08,11.0,7.0,63.64,36.36,100.0,1819.0,188.0,18.0,10.44,66.67,33.33,100.0,100.0,0.0,100.0,28.57,14.29,85.71,85.71,85.71,100.0,0.0,1.0,2.0,2.86,9.57,2.86,233.8,26.9
Kolar,B0079 kolar,C1969 darga (urdu-2),3739 kondarajanahalli,82,41.34,24.71,3739,10.0,75.0,0.53,10.0,9.0,90.0,10.0,100.0,726.0,299.0,24.0,12.46,66.67,50.0,100.0,100.0,11.11,88.89,11.11,0.0,55.56,88.89,77.78,66.67,0.0,0.89,1.56,2.11,6.89,7.89,240.86,33.2
Kolar,B0079 kolar,C1969 darga (urdu-2),5541 sulur,107,49.53,27.35,5541,13.0,90.0,12.19,20.0,16.0,80.0,20.0,100.0,1706.0,443.0,42.0,10.55,59.52,54.76,100.0,100.0,25.0,100.0,31.25,0.0,75.0,93.75,81.25,87.5,0.0,1.0,2.69,1.0,7.19,5.56,240.0,27.7
Kolar,B0079 kolar,C2143 holur,2726 holur,196,51.66,27.63,2726,7.5,85.0,4.92,8.0,7.0,87.5,12.5,100.0,566.0,186.0,14.0,13.29,50.0,42.86,100.0,100.0,42.86,85.71,14.29,0.0,57.14,100.0,85.71,100.0,14.29,1.14,2.71,1.71,6.14,4.29,242.5,26.6
Kolar,B0079 kolar,C2181 huthur,2902 huthur,211,60.21,26.05,2902,25.0,95.0,-1.13,,,,,,,,,,,,,,,,,,,,,,,,,,,,,
Kolar,B0079 kolar,C2210 joohalli (urdu-1),5986 vemgal,188,65.4,23.37,5986,30.0,90.0,3.8,,,,,,,,,,,,,,,,,,,,,,,,,,,,,
Kolar,B0079 kolar,C2310 kondarajanahalli(katarip),3739 kondarajanahalli,111,52.25,25.66,3739,15.0,80.0,1.56,10.0,9.0,90.0,10.0,100.0,726.0,299.0,24.0,12.46,66.67,50.0,100.0,100.0,11.11,88.89,11.11,0.0,55.56,88.89,77.78,66.67,0.0,0.89,1.56,2.11,6.89,7.89,240.86,33.2
Kolar,B0079 kolar,C2345 kurugal,3925 kurgal,76,46.18,27.37,3925,10.0,82.5,5.61,,,,,,,,,,,,,,,,,,,,,,,,,,,,,
Kolar,B0079 kolar,C2348 kyalanur,1511 channasandra,114,58.55,26.33,1511,20.0,90.0,4.41,9.0,9.0,100.0,0.0,100.0,172.0,172.0,20.0,8.6,65.0,65.0,100.0,100.0,66.67,100.0,0.0,0.0,55.56,100.0,100.0,88.89,11.11,1.22,2.33,1.11,8.33,4.11,241.67,19.1
Kolar,B0079 kolar,C2348 kyalanur,3968 kyalanur,202,51.11,31.76,3968,10.0,95.0,7.48,5.0,2.0,40.0,60.0,100.0,949.0,354.0,16.0,22.12,75.0,75.0,100.0,100.0,100.0,100.0,0.0,0.0,100.0,100.0,100.0,50.0,50.0,3.0,9.0,0.5,2.0,7.5,,177.0
Kolar,B0079 kolar,C2372 madanahalli,5754 thotli,157,61.59,29.36,5754,15.0,95.0,6.48,11.0,9.0,81.82,18.18,100.0,486.0,181.0,22.0,8.23,50.0,40.91,100.0,100.0,44.44,88.89,11.11,0.0,100.0,100.0,100.0,100.0,0.0,1.11,2.56,2.78,9.33,10.22,217.56,20.1
Kolar,B0079 kolar,C2372 madanahalli,6662 madahalli,196,45.33,26.33,6662,10.0,85.0,6.13,,,,,,,,,,,,,,,,,,,,,,,,,,,,,
Kolar,B0079 kolar,C2376 madderi,4088 madderi,206,48.47,26.96,4088,10.0,85.0,3.36,14.0,14.0,100.0,0.0,100.0,332.0,332.0,32.0,10.38,56.25,31.25,100.0,100.0,64.29,92.86,50.0,7.14,71.43,85.71,78.57,92.86,0.0,1.07,1.36,1.64,6.57,5.43,242.9,23.7
Kolar,B0079 kolar,C2422 medihala,6476 shettihalli,117,50.81,24.02,6476,20.0,85.0,2.39,,,,,,,,,,,,,,,,,,,,,,,,,,,,,
Kolar,B0079 kolar,C2446 muduvatti,4520 muduvathi,235,50.0,27.42,4520,15.0,85.0,5.32,12.0,11.0,91.67,8.33,100.0,307.0,289.0,25.0,11.56,68.0,16.0,100.0,100.0,27.27,100.0,9.09,0.0,63.64,90.91,72.73,90.91,0.0,1.09,1.64,2.18,10.0,9.0,242.7,26.3
Kolar,B0079 kolar,C2644 sugatur,4901 oorigili,188,64.81,26.59,4901,23.5,95.0,-2.81,,,,,,,,,,,,,,,,,,,,,,,,,,,,,
Kolar,B0079 kolar,C2644 sugatur,5520 sugutur,127,63.43,28.41,5520,15.0,95.0,7.43,,,,,,,,,,,,,,,,,,,,,,,,,,,,,
Kolar,B0079 kolar,C2650 sulur,5541 sulur,135,53.48,24.7,5541,20.0,85.0,3.63,20.0,16.0,80.0,20.0,100.0,1706.0,443.0,42.0,10.55,59.52,54.76,100.0,100.0,25.0,100.0,31.25,0.0,75.0,93.75,81.25,87.5,0.0,1.0,2.69,1.0,7.19,5.56,240.0,27.7
Kolar,B0079 kolar,C2686 thoradevandahalli,5746 thoradevandahalli,198,66.54,26.43,5746,28.5,95.0,3.74,,,,,,,,,,,,,,,,,,,,,,,,,,,,,
Kolar,B0079 kolar,C2743 vemgal,5291 seethi,189,61.08,24.71,5291,24.0,90.0,8.81,,,,,,,,,,,,,,,,,,,,,,,,,,,,,
Kolar,B0094 malur,C0338 chikkathirupathi,1608 chikkathirupathi,329,45.99,25.7,1608,10.0,80.0,4.27,14.0,9.0,64.29,35.71,100.0,2657.0,365.0,26.0,14.04,69.23,30.77,100.0,100.0,33.33,100.0,77.78,0.0,44.44,88.89,77.78,100.0,11.11,1.22,4.11,7.78,4.78,2.22,231.0,40.6
Kolar,B0094 malur,C0338 chikkathirupathi,3062 jayamangala,203,54.19,26.67,3062,15.0,90.0,5.95,8.0,6.0,75.0,25.0,100.0,905.0,183.0,16.0,11.44,62.5,50.0,100.0,100.0,33.33,100.0,100.0,16.67,16.67,100.0,83.33,100.0,0.0,1.33,2.33,3.83,4.67,2.5,236.67,30.5
Kolar,B0094 malur,C0811 k.g. halli,3103 k g halli,401,45.45,27.36,3103,10.0,85.0,0.11,,,,,,,,,,,,,,,,,,,,,,,,,,,,,
Kolar,B0094 malur,C1015 kudiyanur,3833 kudiyanur,375,50.64,25.47,3833,20.0,85.0,3.44,13.0,12.0,92.31,7.69,100.0,508.0,311.0,26.0,11.96,46.15,46.15,91.67,100.0,33.33,100.0,41.67,0.0,66.67,91.67,100.0,91.67,8.33,1.08,1.92,0.92,8.92,5.42,240.6,25.9
Kolar,B0094 malur,C1015 kudiyanur,5223 santhehalli,394,62.93,25.21,5223,26.5,95.0,2.82,,,,,,,,,,,,,,,,,,,,,,,,,,,,,
Kolar,B0094 malur,C1052 lakkur,2273 h hosakote,155,48.87,25.73,2273,15.0,80.0,0.16,,,,,,,,,,,,,,,,,,,,,,,,,,,,,
Kolar,B0094 malur,C1052 lakkur,3999 lakkur,299,52.51,24.6,3999,15.0,85.0,-3.61,7.0,6.0,85.71,14.29,100.0,748.0,568.0,27.0,21.04,70.37,74.07,100.0,100.0,50.0,100.0,66.67,16.67,83.33,100.0,100.0,66.67,20.0,5.33,4.0,0.83,8.83,7.17,243.6,94.7
Kolar,B0094 malur,C1071 m.c.halli,4105 madivala,330,48.32,25.1,4105,15.0,85.0,7.3,,,,,,,,,,,,,,,,,,,,,,,,,,,,,
Kolar,B0094 malur,C1071 m.c.halli,5752 thornahalli,349,46.12,27.09,5752,10.0,85.0,6.34,8.0,7.0,87.5,12.5,100.0,497.0,345.0,22.0,15.68,45.45,59.09,100.0,100.0,42.86,100.0,28.57,14.29,28.57,100.0,85.71,85.71,0.0,1.29,2.71,3.29,8.71,8.0,238.33,49.3
Kolar,B0094 malur,C1159 masthi,2501 hasandahalli,375,57.24,26.44,2501,20.0,90.0,-0.02,13.0,12.0,92.31,7.69,100.0,595.0,415.0,27.0,15.37,44.44,55.56,91.67,100.0,41.67,91.67,33.33,0.0,83.33,100.0,100.0,100.0,8.33,1.25,2.58,0.42,5.17,6.5,226.0,34.6
Kolar,B0094 malur,C1159 masthi,4353 masthi,214,55.09,25.62,4353,15.0,90.0,-1.79,13.0,11.0,84.62,15.38,100.0,2785.0,1281.0,47.0,27.26,63.83,61.7,100.0,100.0,36.36,100.0,45.45,18.18,63.64,90.91,90.91,72.73,30.0,1.45,4.91,0.64,4.91,4.09,240.83,116.5
Kolar,B0094 malur,C1793 anepura,3740 kondashettihalli,193,43.29,26.25,3740,10.0,80.0,11.44,,,,,,,,,,,,,,,,,,,,,,,,,,,,,
Kolar,B0094 malur,C1805 araleri,765 araleri,277,49.48,26.87,765,15.0,85.0,3.64,12.0,11.0,91.67,8.33,100.0,1013.0,420.0,29.0,14.48,58.62,62.07,100.0,100.0,54.55,100.0,54.55,0.0,72.73,100.0,100.0,100.0,9.09,1.91,2.55,0.82,9.45,6.64,240.1,38.2
Kolar,B0094 malur,C1844 banahalli,1004 banahalli,126,51.27,27.92,1004,12.5,90.0,-2.67,14.0,14.0,100.0,0.0,100.0,556.0,556.0,38.0,14.63,39.47,65.79,100.0,100.0,28.57,100.0,28.57,14.29,71.43,92.86,64.29,85.71,0.0,1.64,2.0,1.36,6.21,6.5,243.9,39.7
Kolar,B0094 malur,C1942 chikkakunthuru,1605 chikkanthur,215,50.42,26.94,1605,10.0,85.0,4.51,,,,,,,,,,,,,,,,,,,,,,,,,,,,,
Kolar,B0094 malur,C1965 d.n. doddi,1705 d n doddi,162,52.31,24.37,1705,20.0,84.5,6.68,,,,,,,,,,,,,,,,,,,,,,,,,,,,,
Kolar,B0094 malur,C1965 d.n. doddi,970 baliganahalli,156,58.37,25.92,970,20.0,90.0,5.06,8.0,8.0,100.0,0.0,100.0,210.0,210.0,19.0,11.05,57.89,57.89,100.0,100.0,25.0,87.5,0.0,12.5,75.0,100.0,100.0,100.0,0.0,1.25,2.62,0.5,10.75,6.0,241.71,26.2
Kolar,B0094 malur,C1995 dinnahalli,1853 dinnahalli,390,47.04,22.32,1853,20.0,80.0,1.35,18.0,18.0,100.0,0.0,100.0,502.0,502.0,24.0,20.92,41.67,50.0,94.44,100.0,38.89,100.0,66.67,0.0,77.78,88.89,100.0,100.0,5.56,1.06,2.0,0.33,3.94,3.0,240.75,27.9
Kolar,B0094 malur,C2007 doddashivara,1919 doddashivara,144,62.85,26.11,1919,25.0,100.0,-2.19,10.0,10.0,100.0,0.0,100.0,230.0,230.0,22.0,10.45,59.09,54.55,100.0,100.0,50.0,80.0,90.0,10.0,30.0,100.0,90.0,100.0,10.0,0.8,1.7,3.2,8.5,8.8,241.33,23.0
Kolar,B0094 malur,C2165 huladenahalli,2826 huladenahalli,113,76.24,15.39,2826,55.0,95.0,-3.05,11.0,11.0,100.0,0.0,100.0,305.0,305.0,25.0,12.2,36.0,32.0,100.0,100.0,27.27,100.0,81.82,9.09,72.73,100.0,90.91,100.0,18.18,1.18,1.55,1.36,7.45,6.18,240.43,27.7
Kolar,B0094 malur,C2178 huralagere,4886 nosagere,223,54.84,24.66,4886,20.0,85.0,4.79,10.0,9.0,90.0,10.0,100.0,1231.0,313.0,23.0,13.61,43.48,43.48,100.0,100.0,0.0,100.0,0.0,11.11,77.78,100.0,88.89,100.0,11.11,1.11,3.0,0.67,7.78,7.89,243.57,34.8
Kolar,B0094 malur,C2311 kondashettihalli (urdu-2),2875 hungenahalli,120,65.21,25.0,2875,25.0,95.0,-3.75,8.0,8.0,100.0,0.0,100.0,269.0,269.0,24.0,11.21,66.67,54.17,100.0,100.0,12.5,100.0,37.5,12.5,50.0,87.5,100.0,75.0,0.0,1.12,2.38,4.38,5.38,5.25,176.14,33.6
Kolar,B0094 malur,C2311 kondashettihalli (urdu-2),4883 nootve,383,37.47,25.51,4883,5.0,74.0,-1.41,,,,,,,,,,,,,,,,,,,,,,,,,,,,,
Kolar,B0094 malur,C2311 kondashettihalli (urdu-2),5387 shivarapatna,78,69.49,23.61,5387,40.0,100.0,-9.03,10.0,10.0,100.0,0.0,100.0,335.0,335.0,28.0,11.96,67.86,57.14,100.0,100.0,60.0,90.0,20.0,10.0,60.0,100.0,100.0,90.0,0.0,1.5,3.1,2.0,6.7,6.1,238.75,33.5
Kolar,B0094 malur,C2311 kondashettihalli (urdu-2),5657 tekal,68,34.78,21.79,5657,8.5,65.0,0.17,14.0,14.0,100.0,0.0,100.0,169.0,169.0,26.0,6.5,61.54,50.0,100.0,92.86,28.57,92.86,57.14,0.0,50.0,92.86,85.71,85.71,0.0,1.14,1.5,0.86,5.07,5.86,239.1,12.1
Kolar,B0094 malur,C2399 malur,6681 abbenahalli,174,50.55,24.64,6681,20.0,85.0,3.62,13.0,11.0,84.62,15.38,100.0,659.0,278.0,27.0,10.3,51.85,37.04,100.0,100.0,45.45,100.0,54.55,0.0,36.36,90.91,100.0,90.91,0.0,1.27,1.64,2.55,6.27,7.27,219.3,25.3
Kolar,B0094 malur,C2548 rajenahalli,5057 rajenahalli,174,59.05,22.59,5057,30.0,90.0,6.54,13.0,13.0,100.0,0.0,100.0,751.0,751.0,40.0,18.77,37.5,75.0,100.0,100.0,38.46,84.62,53.85,7.69,53.85,92.31,84.62,84.62,0.0,3.54,2.69,1.54,3.77,3.92,181.12,57.8
Kolar,B0094 malur,C2620 shivarapatna,5387 shivarapatna,74,67.36,23.99,5387,26.5,95.0,-7.94,10.0,10.0,100.0,0.0,100.0,335.0,335.0,28.0,11.96,67.86,57.14,100.0,100.0,60.0,90.0,20.0,10.0,60.0,100.0,100.0,90.0,0.0,1.5,3.1,2.0,6.7,6.1,238.75,33.5
Kolar,B0094 malur,C2670 tekal,5657 tekal,70,34.07,27.81,5657,0.0,75.0,1.13,14.0,14.0,100.0,0.0,100.0,169.0,169.0,26.0,6.5,61.54,50.0,100.0,92.86,28.57,92.86,57.14,0.0,50.0,92.86,85.71,85.71,0.0,1.14,1.5,0.86,5.07,5.86,239.1,12.1
Kolar,B0094 malur,C2694 trunasi,5840 turunisi,218,40.32,25.37,5840,8.5,75.0,3.47,,,,,,,,,,,,,,,,,,,,,,,,,,,,,
Kolar,B0100 mulbagal,C0020 agara,6325 agara,209,62.01,28.47,6325,20.0,95.0,-1.77,6.0,6.0,100.0,0.0,100.0,221.0,221.0,18.0,12.28,44.44,77.78,100.0,100.0,16.67,100.0,33.33,0.0,83.33,83.33,83.33,83.33,0.0,1.0,2.0,1.0,5.0,4.0,244.2,36.8
Kolar,B0100 mulbagal,C0602 hanumanahalli,2429 hanumanahalli,269,48.03,26.47,2429,10.0,85.0,-5.13,12.0,11.0,91.67,8.33,100.0,487.0,349.0,27.0,12.93,48.15,55.56,100.0,100.0,45.45,100.0,18.18,9.09,72.73,100.0,100.0,100.0,0.0,1.18,1.91,2.64,10.82,4.91,240.5,31.7
Kolar,B0100 mulbagal,C1041 kurudumale,3947 kurudumale,341,45.79,33.66,3947,0.0,90.0,1.21,,,,,,,,,,,,,,,,,,,,,,,,,,,,,
Kolar,B0100 mulbagal,C1212 mudigere,6612 mudigere,147,33.03,25.05,6612,5.0,67.0,5.61,23.0,20.0,86.96,13.04,100.0,1750.0,640.0,37.0,17.3,40.54,51.35,100.0,100.0,25.0,95.0,25.0,5.0,45.0,100.0,100.0,90.0,10.0,1.05,1.7,0.65,6.8,2.45,236.57,32.0
Kolar,B0100 mulbagal,C1214 mudiyanur,4510 mudiyanur,276,61.0,29.09,4510,20.0,95.0,-0.65,14.0,14.0,100.0,0.0,100.0,548.0,548.0,33.0,16.61,39.39,75.76,100.0,100.0,35.71,100.0,21.43,0.0,78.57,100.0,92.86,92.86,0.0,2.86,2.86,3.93,7.0,3.93,241.44,39.1
Kolar,B0100 mulbagal,C1278 nangali,4726 nangali,363,44.92,29.78,4726,5.0,85.0,3.53,,,,,,,,,,,,,,,,,,,,,,,,,,,,,
Kolar,B0100 mulbagal,C1278 nangali,6676 mustoor,253,52.87,28.02,6676,15.0,90.0,9.5,,,,,,,,,,,,,,,,,,,,,,,,,,,,,
Kolar,B0100 mulbagal,C1402 rayalamanadinne,606 alangur,397,63.07,27.22,606,25.0,95.0,1.7,11.0,11.0,100.0,0.0,100.0,655.0,655.0,24.0,27.29,37.5,62.5,90.91,100.0,36.36,100.0,9.09,0.0,54.55,100.0,81.82,90.91,0.0,1.18,3.45,0.45,3.36,3.36,234.67,59.5
Kolar,B0100 mulbagal,C1678 uthanur,5923 uthanur,269,54.44,28.8,5923,10.0,90.0,2.79,,,,,,,,,,,,,,,,,,,,,,,,,,,,,
Kolar,B0100 mulbagal,C1784 amblikal,657 amblikal,229,37.58,27.73,657,0.0,80.0,3.8,16.0,14.0,87.5,12.5,100.0,1302.0,804.0,57.0,14.11,38.6,77.19,92.86,100.0,35.71,100.0,14.29,21.43,57.14,92.86,85.71,85.71,16.67,1.64,3.07,6.57,7.86,5.64,228.71,57.4
Kolar,B0100 mulbagal,C1794 angondahalli,715 angondahalli,187,57.97,27.54,715,18.0,95.0,0.71,12.0,11.0,91.67,8.33,100.0,370.0,257.0,23.0,11.17,69.57,69.57,100.0,100.0,18.18,100.0,63.64,18.18,90.91,100.0,72.73,100.0,0.0,1.09,1.45,5.55,8.55,4.27,218.2,23.4
Kolar,B0100 mulbagal,C1818 avani,4904 oorukunte mittur,159,50.97,26.16,4904,15.0,85.0,-10.2,,,,,,,,,,,,,,,,,,,,,,,,,,,,,
Kolar,B0100 mulbagal,C1818 avani,848 avani,158,60.66,21.25,848,30.0,85.0,2.76,10.0,8.0,80.0,20.0,100.0,1648.0,490.0,32.0,15.31,71.88,62.5,100.0,100.0,25.0,87.5,37.5,12.5,75.0,100.0,87.5,87.5,12.5,1.38,2.0,2.62,5.88,4.5,242.33,61.2
Kolar,B0100 mulbagal,C1832 bairakur,1452 byrakur,205,58.15,27.53,1452,15.0,90.0,-2.63,17.0,16.0,94.12,5.88,100.0,406.0,327.0,28.0,11.68,46.43,50.0,100.0,93.75,37.5,100.0,12.5,12.5,68.75,93.75,100.0,100.0,0.0,0.88,1.88,0.75,5.75,4.62,240.38,20.4
Kolar,B0100 mulbagal,C1840 balla,976 balla,190,44.63,24.5,976,15.0,80.0,-0.99,15.0,13.0,86.67,13.33,100.0,775.0,396.0,30.0,13.2,60.0,53.33,100.0,100.0,15.38,100.0,0.0,0.0,38.46,100.0,76.92,100.0,0.0,1.08,2.08,1.62,8.38,2.69,217.0,30.5
Kolar,B0100 mulbagal,C1985 devarayasamudra,1805 devarayasamudra,353,53.44,23.98,1805,25.0,85.0,-1.67,15.0,15.0,100.0,0.0,100.0,696.0,696.0,34.0,20.47,64.71,58.82,100.0,100.0,20.0,100.0,46.67,6.67,53.33,86.67,66.67,93.33,0.0,1.07,1.8,2.0,6.87,6.13,218.9,46.4
Kolar,B0100 mulbagal,C2016 emmenatha,1984 emmanetha,225,43.69,26.74,1984,10.0,80.0,6.57,,,,,,,,,,,,,,,,,,,,,,,,,,,,,
Kolar,B0100 mulbagal,C2048 gudipalli,2207 gudipalli,115,48.09,25.28,2207,15.0,80.0,-1.32,10.0,10.0,100.0,0.0,100.0,342.0,342.0,15.0,22.8,20.0,46.67,90.0,100.0,90.0,100.0,20.0,20.0,60.0,100.0,90.0,100.0,0.0,0.9,1.9,2.0,9.6,6.9,240.4,34.2
Kolar,B0100 mulbagal,C2052 gummakallu,2234 gummakal,230,51.11,26.62,2234,14.5,90.0,3.96,20.0,20.0,100.0,0.0,100.0,467.0,467.0,37.0,12.62,48.65,59.46,85.0,100.0,45.0,90.0,25.0,0.0,50.0,90.0,95.0,80.0,5.0,1.0,1.8,0.35,4.55,4.45,241.54,23.4
Kolar,B0100 mulbagal,C2066 h.gollahalli,2271 h gollahalli,293,38.38,24.08,2271,10.0,75.0,0.93,15.0,13.0,86.67,13.33,100.0,801.0,526.0,34.0,15.47,41.18,70.59,100.0,100.0,38.46,92.31,30.77,0.0,46.15,100.0,76.92,100.0,7.69,1.46,2.69,1.54,6.15,3.08,240.22,40.5
Kolar,B0100 mulbagal,C2111 hebbani,2536 hebbani,333,40.51,23.88,2536,10.0,75.0,3.1,11.0,10.0,90.91,9.09,100.0,357.0,329.0,21.0,15.67,33.33,52.38,100.0,100.0,40.0,90.0,30.0,10.0,90.0,90.0,70.0,100.0,0.0,0.9,1.9,0.7,6.0,3.0,241.6,32.9
Kolar,B0100 mulbagal,C2395 mallanayakanahalli,4186 mallanayakanahalli,350,46.77,26.7,4186,10.0,85.0,3.97,12.0,10.0,83.33,16.67,100.0,1441.0,446.0,25.0,17.84,64.0,76.0,100.0,100.0,30.0,90.0,20.0,10.0,90.0,100.0,60.0,100.0,0.0,1.1,2.3,1.0,4.3,10.2,242.0,44.6
Kolar,B0100 mulbagal,C2395 mallanayakanahalli,5478 sonnavadi,154,64.87,27.61,5478,21.5,95.0,5.59,13.0,10.0,76.92,23.08,100.0,896.0,239.0,23.0,10.39,73.91,69.57,100.0,100.0,30.0,100.0,20.0,0.0,50.0,90.0,80.0,90.0,0.0,1.1,1.6,1.6,5.4,9.7,238.17,23.9
Kolar,B0100 mulbagal,C2439 mothakapalli,4480 mothakapalli,140,48.04,31.1,4480,5.0,90.0,-2.61,13.0,13.0,100.0,0.0,100.0,163.0,163.0,19.0,8.58,42.11,68.42,100.0,100.0,23.08,92.31,7.69,0.0,46.15,100.0,92.31,92.31,7.69,1.0,1.46,1.0,8.77,3.46,209.0,12.5
Kolar,B0100 mulbagal,C2468 n.vaddahalli,3415 kappalamadagu,173,38.5,24.08,3415,5.0,70.0,7.48,,,,,,,,,,,,,,,,,,,,,,,,,,,,,
Kolar,B0100 mulbagal,C2527 padmaghatta (urdu-2),5726 thimmaravuthanahalli,125,46.72,25.68,5726,10.0,80.0,10.84,20.0,20.0,100.0,0.0,100.0,408.0,408.0,37.0,11.03,64.86,70.27,95.0,100.0,10.0,100.0,20.0,0.0,40.0,55.0,60.0,95.0,0.0,1.25,2.05,2.3,4.2,3.15,236.36,20.4
Kolar,B0100 mulbagal,C2540 pitchaguntlahalli,4999 pichagundlahalli,261,53.14,24.62,4999,20.0,85.0,-1.3,,,,,,,,,,,,,,,,,,,,,,,,,,,,,
Kolar,B0100 mulbagal,C2549 rajendrahalli,5058 rajendrahalli,108,48.75,25.15,5058,15.0,81.5,-2.23,8.0,8.0,100.0,0.0,100.0,106.0,106.0,13.0,8.15,61.54,30.77,100.0,100.0,12.5,100.0,25.0,0.0,87.5,100.0,100.0,100.0,0.0,0.88,1.0,2.12,8.0,4.25,242.2,13.2
Kolar,B0100 mulbagal,C2680 thayalur,1947 doolapalli,76,44.08,28.22,1947,5.0,80.0,1.91,,,,,,,,,,,,,,,,,,,,,,,,,,,,,
Kolar,B0100 mulbagal,C2680 thayalur,5703 thayalur,94,42.61,26.98,5703,5.0,80.0,6.38,,,,,,,,,,,,,,,,,,,,,,,,,,,,,
Kolar,B0100 mulbagal,C2682 thimmaravuthanahalli,5726 thimmaravuthanahalli,129,40.7,25.53,5726,10.0,75.0,-0.55,20.0,20.0,100.0,0.0,100.0,408.0,408.0,37.0,11.03,64.86,70.27,95.0,100.0,10.0,100.0,20.0,0.0,40.0,55.0,60.0,95.0,0.0,1.25,2.05,2.3,4.2,3.15,236.36,20.4
Kolar,B0131 srinivasapur,C0014 addagal,525 addgal,285,51.96,28.69,525,15.0,93.0,-2.88,,,,,,,,,,,,,,,,,,,,,,,,,,,,,
Kolar,B0131 srinivasapur,C0092 arikunte,795 arikunte,142,63.66,26.97,795,20.0,95.0,-2.22,14.0,12.0,85.71,14.29,100.0,605.0,211.0,23.0,9.17,39.13,43.48,100.0,100.0,58.33,100.0,0.0,8.33,50.0,100.0,91.67,91.67,0.0,1.08,1.5,1.17,6.25,6.92,244.7,17.6
Kolar,B0131 srinivasapur,C0278 byraganahalli,1451 byraganahalli,191,54.84,30.91,1451,10.0,95.0,-6.72,6.0,6.0,100.0,0.0,100.0,137.0,137.0,12.0,11.42,33.33,41.67,100.0,100.0,50.0,100.0,0.0,33.33,50.0,66.67,66.67,100.0,0.0,1.17,2.67,0.17,1.5,3.67,242.0,22.8
Kolar,B0131 srinivasapur,C0290 chaldiganahalli,1534 cheldiganahalli,190,51.87,24.45,1534,20.0,80.5,5.38,,,,,,,,,,,,,,,,,,,,,,,,,,,,,
Kolar,B0131 srinivasapur,C0372 dalasanur,1724 dalasanur,197,60.28,28.68,1724,20.0,95.0,7.31,10.0,9.0,90.0,10.0,100.0,316.0,153.0,21.0,7.29,66.67,42.86,100.0,100.0,11.11,100.0,0.0,0.0,22.22,100.0,77.78,100.0,0.0,1.11,3.89,4.67,7.22,4.67,242.4,17.0
Kolar,B0131 srinivasapur,C0524 gownipalli,2177 gownipalli,267,37.1,27.66,2177,5.0,80.0,4.99,11.0,9.0,81.82,18.18,100.0,2357.0,1081.0,35.0,30.89,51.43,57.14,100.0,100.0,33.33,100.0,22.22,0.0,77.78,88.89,77.78,77.78,37.5,2.67,6.11,0.89,6.78,3.89,240.0,120.1
Kolar,B0131 srinivasapur,C0524 gownipalli,3660 kodihalli,227,55.24,27.34,3660,15.0,90.0,-3.15,,,,,,,,,,,,,,,,,,,,,,,,,,,,,
Kolar,B0131 srinivasapur,C0675 hodali,2701 hodali,267,67.88,26.45,2701,25.0,100.0,12.92,11.0,11.0,100.0,0.0,100.0,222.0,222.0,30.0,7.4,43.33,50.0,100.0,100.0,36.36,100.0,72.73,0.0,100.0,100.0,81.82,100.0,0.0,1.09,2.73,3.36,4.45,5.36,241.22,20.2
Kolar,B0131 srinivasapur,C0762 j thimmasandra,2992 j thimmasandra,264,56.7,28.01,2992,15.0,90.0,-1.78,12.0,11.0,91.67,8.33,100.0,670.0,448.0,32.0,14.0,59.38,68.75,90.91,100.0,54.55,100.0,27.27,0.0,81.82,90.91,100.0,90.91,0.0,2.0,2.64,0.18,4.36,4.0,237.25,40.7
Kolar,B0131 srinivasapur,C1038 kurigepalli,3928 kurigepalli,168,45.33,27.14,3928,10.0,85.0,10.66,12.0,12.0,100.0,0.0,100.0,144.0,144.0,20.0,7.2,35.0,35.0,100.0,83.33,8.33,100.0,16.67,16.67,50.0,75.0,83.33,100.0,8.33,1.08,1.5,0.25,5.33,5.92,244.29,12.0
Kolar,B0131 srinivasapur,C1054 lakshmipura,6618 lakshmipura,538,49.13,28.56,6618,10.0,85.0,7.12,15.0,11.0,73.33,26.67,100.0,1020.0,472.0,32.0,14.75,43.75,46.88,100.0,100.0,36.36,100.0,0.0,0.0,27.27,90.91,54.55,90.91,0.0,1.0,2.45,0.55,7.0,4.82,201.33,42.9
Kolar,B0131 srinivasapur,C1055 lakshmisagara,3697 kolathur,99,50.76,28.64,3697,14.0,90.0,-5.04,7.0,7.0,100.0,0.0,100.0,125.0,125.0,17.0,7.35,35.29,29.41,100.0,100.0,71.43,100.0,0.0,0.0,57.14,100.0,71.43,85.71,0.0,1.0,1.57,0.14,2.43,3.14,241.0,17.9
Kolar,B0131 srinivasapur,C1055 lakshmisagara,4004 laksmisagara,255,54.25,25.24,4004,17.0,85.0,7.66,,,,,,,,,,,,,,,,,,,,,,,,,,,,,
Kolar,B0131 srinivasapur,C1158 mastenahalli,4352 masthenahalli,294,62.86,26.19,4352,21.5,95.0,6.92,,,,,,,,,,,,,,,,,,,,,,,,,,,,,
Kolar,B0131 srinivasapur,C1213 mudimadagu,4509 mudimadagu,195,44.74,29.31,4509,5.0,83.0,-5.45,,,,,,,,,,,,,,,,,,,,,,,,,,,,,
Kolar,B0131 srinivasapur,C1241 muttakapalli,4588 muthakapalli,380,46.83,28.8,4588,5.0,85.0,-0.95,,,,,,,,,,,,,,,,,,,,,,,,,,,,,
Kolar,B0131 srinivasapur,C1270 nambihalli,4701 nambuhalli,300,71.18,22.59,4701,35.0,95.0,1.25,,,,,,,,,,,,,,,,,,,,,,,,,,,,,
Kolar,B0131 srinivasapur,C1302 nelavanki,4797 nelavanki,311,62.2,26.23,4797,25.0,95.0,-4.56,16.0,16.0,100.0,0.0,100.0,325.0,325.0,33.0,9.85,45.45,63.64,100.0,100.0,31.25,87.5,12.5,0.0,50.0,81.25,68.75,100.0,0.0,1.25,2.06,1.38,5.62,4.5,213.62,20.3
Kolar,B0131 srinivasapur,C1368 pulugoorkote,5018 pulagurakote,386,41.39,31.99,5018,2.5,90.0,-8.87,,,,,,,,,,,,,,,,,,,,,,,,,,,,,
Kolar,B0131 srinivasapur,C1403 rayalpadu,5110 rayalapadu,301,50.1,27.81,5110,10.0,85.0,-3.25,,,,,,,,,,,,,,,,,,,,,,,,,,,,,
Kolar,B0131 srinivasapur,C1411 ronur,5126 ronur,250,59.72,26.7,5126,20.0,90.0,0.89,14.0,13.0,92.86,7.14,100.0,1309.0,399.0,33.0,12.09,48.48,45.45,100.0,100.0,38.46,100.0,15.38,7.69,53.85,100.0,92.31,92.31,0.0,4.69,2.38,2.15,6.23,1.77,237.6,30.7
Kolar,B0131 srinivasapur,C1521 somayajalahalli,5463 somayajalapalli,628,56.25,28.02,5463,15.0,90.0,4.85,17.0,15.0,88.24,11.76,100.0,1118.0,787.0,42.0,18.74,57.14,59.52,93.33,93.33,26.67,100.0,6.67,6.67,60.0,66.67,66.67,93.33,7.69,2.27,2.87,0.87,4.33,3.13,240.88,52.5
Kolar,B0131 srinivasapur,C1585 thadigol,5672 thadigol,285,63.02,26.95,5672,20.0,95.0,-3.29,14.0,11.0,78.57,21.43,100.0,471.0,275.0,23.0,11.96,52.17,34.78,100.0,100.0,36.36,100.0,0.0,9.09,63.64,72.73,72.73,100.0,9.09,0.91,1.73,1.45,4.82,6.64,240.3,25.0
Kolar,B0131 srinivasapur,C1733 yaramvaripalli,6154 yerramvaripalli,252,49.92,26.73,6154,15.0,85.0,6.43,,,,,,,,,,,,,,,,,,,,,,,,,,,,,
Kolar,B0131 srinivasapur,C1741 yeldur,3697 kolathur,56,50.62,26.61,3697,15.0,82.5,2.05,7.0,7.0,100.0,0.0,100.0,125.0,125.0,17.0,7.35,35.29,29.41,100.0,100.0,71.43,100.0,0.0,0.0,57.14,100.0,71.43,85.71,0.0,1.0,1.57,0.14,2.43,3.14,241.0,17.9
Kolar,B0131 srinivasapur,C1741 yeldur,6132 yeldur,141,57.7,31.61,6132,10.0,95.0,7.9,14.0,9.0,64.29,35.71,100.0,1505.0,213.0,26.0,8.19,80.77,34.62,100.0,100.0,33.33,100.0,11.11,0.0,44.44,100.0,100.0,88.89,0.0,1.11,2.78,1.89,6.89,7.33,238.8,23.7
Kolar,B0131 srinivasapur,C2016 emmenatha,6132 yeldur,72,52.22,31.26,6132,5.0,90.0,10.06,14.0,9.0,64.29,35.71,100.0,1505.0,213.0,26.0,8.19,80.77,34.62,100.0,100.0,33.33,100.0,11.11,0.0,44.44,100.0,100.0,88.89,0.0,1.11,2.78,1.89,6.89,7.33,238.8,23.7
Kolar,B0151 k g f,C1850 bangartirupathi,2846 hulkur,253,55.36,24.43,2846,20.0,85.0,2.7,,,,,,,,,,,,,,,,,,,,,,,,,,,,,
Kolar,B0151 k g f,C1876 bethamangala (urdi-2),3371 kangandahalli,71,39.65,24.16,3371,10.0,70.0,6.32,,,,,,,,,,,,,,,,,,,,,,,,,,,,,
Kolar,B0151 k g f,C1876 bethamangala (urdi-2),4317 marikuppa,62,43.87,19.28,4317,20.0,70.0,-7.95,,,,,,,,,,,,,,,,,,,,,,,,,,,,,
Kolar,B0151 k g f,C1877 bethamangala,1236 bethamangala,201,33.06,29.4,1236,0.0,80.0,9.73,8.0,5.0,62.5,37.5,100.0,1297.0,424.0,20.0,21.2,70.0,30.0,100.0,100.0,80.0,100.0,20.0,0.0,40.0,100.0,100.0,60.0,40.0,1.6,5.8,0.6,6.2,6.4,242.2,84.8
Kolar,B0151 k g f,C1877 bethamangala,3325 kammasandra,170,55.38,27.28,3325,20.0,95.0,3.97,14.0,12.0,85.71,14.29,100.0,437.0,214.0,21.0,10.19,76.19,52.38,100.0,100.0,25.0,91.67,8.33,0.0,33.33,83.33,75.0,91.67,0.0,1.17,1.83,2.5,7.08,5.33,243.1,17.8
Kolar,B0151 k g f,C2036 ghattamadamangala,2077 gattamadamanga,222,43.24,26.35,2077,5.0,79.5,3.3,,,,,,,,,,,,,,,,,,,,,,,,,,,,,
Kolar,B0151 k g f,C2036 ghattamadamangala,4317 marikuppa,107,46.21,23.65,4317,15.0,77.0,2.48,,,,,,,,,,,,,,,,,,,,,,,,,,,,,
Kolar,B0151 k g f,C2199 jakkaarasanakuppa,3015 jakkarasakuppa,136,45.99,26.1,3015,15.0,80.0,9.7,6.0,6.0,100.0,0.0,100.0,114.0,114.0,12.0,9.5,75.0,75.0,100.0,100.0,0.0,100.0,0.0,0.0,16.67,83.33,33.33,100.0,0.0,1.0,1.17,0.5,12.33,0.0,,19.0
Kolar,B0151 k g f,C2199 jakkaarasanakuppa,3371 kangandahalli,60,62.42,32.03,3371,14.5,100.0,3.86,,,,,,,,,,,,,,,,,,,,,,,,,,,,,
Kolar,B0151 k g f,C2262 karadaguru,5506 srinivasasandra,222,54.44,19.17,5506,30.0,80.0,-3.04,,,,,,,,,,,,,,,,,,,,,,,,,,,,,
Kolar,B0151 k g f,C2349 kyasamballi,3974 kyasamballi,277,34.91,24.8,3974,5.0,72.0,3.52,,,,,,,,,,,,,,,,,,,,,,,,,,,,,
Kolar,B0151 k g f,C2349 kyasamballi,4959 parandlahalli,213,35.0,25.6,4959,5.0,70.0,-7.84,,,,,,,,,,,,,,,,,,,,,,,,,,,,,
Kolar,B0151 k g f,C2467 n.g. hulkur,4616 n g hulkur,186,42.63,23.35,4616,15.0,75.0,6.24,,,,,,,,,,,,,,,,,,,,,,,,,,,,,
Kolar,B0151 k g f,C2467 n.g. hulkur,5987 vengasandra,176,47.93,24.49,5987,12.5,80.0,3.71,9.0,9.0,100.0,0.0,100.0,229.0,229.0,16.0,14.31,31.25,68.75,100.0,100.0,22.22,88.89,33.33,0.0,44.44,100.0,88.89,100.0,0.0,1.11,2.33,0.78,7.11,5.56,242.43,25.4
Kolar,B0151 k g f,C2523 oorgaumpet,2092 ghattakamadena,109,49.59,22.2,2092,15.0,80.0,4.59,,,,,,,,,,,,,,,,,,,,,,,,,,,,,
Kolar,B0151 k g f,C2551 ramasagara,6659 ramasagara,160,54.19,23.55,6659,20.0,85.0,7.54,9.0,9.0,100.0,0.0,100.0,465.0,465.0,24.0,19.38,54.17,50.0,88.89,100.0,22.22,100.0,22.22,11.11,33.33,100.0,100.0,100.0,0.0,1.33,4.0,1.0,3.89,5.44,245.67,51.7
Kolar,B0151 k g f,C2651 sundarapalya,5545 sundarapalya,112,57.81,21.67,5545,30.0,89.5,1.46,12.0,8.0,66.67,33.33,100.0,1841.0,378.0,22.0,17.18,59.09,45.45,100.0,100.0,0.0,100.0,12.5,0.0,87.5,100.0,87.5,87.5,12.5,1.12,1.75,1.5,7.25,4.62,195.0,47.2
Kolar,B0151 k g f,C2657 t.gollahalli,5575 t gollahalli,265,45.53,26.53,5575,10.0,85.0,0.28,16.0,13.0,81.25,18.75,100.0,2192.0,511.0,34.0,15.03,52.94,61.76,92.31,100.0,23.08,100.0,30.77,0.0,84.62,100.0,92.31,92.31,0.0,3.62,2.23,2.54,6.92,7.0,210.0,39.3
Koppal,B0044 gangavathi,C0064 anegundi,4191 mallapura,366,33.29,24.62,4191,5.0,70.0,6.14,,,,,,,,,,,,,,,,,,,,,,,,,,,,,
Koppal,B0044 gangavathi,C0064 anegundi,5192 sanapur,273,47.78,27.7,5192,10.0,85.0,3.4,5.0,4.0,80.0,20.0,100.0,296.0,248.0,8.0,31.0,37.5,50.0,100.0,100.0,100.0,100.0,0.0,0.0,100.0,100.0,75.0,100.0,0.0,1.25,2.0,0.0,5.5,2.75,237.0,62.0
Koppal,B0044 gangavathi,C0064 anegundi,709 anegundi,393,38.44,29.64,709,0.0,80.0,14.84,9.0,8.0,88.89,11.11,100.0,708.0,594.0,20.0,29.7,50.0,80.0,100.0,87.5,62.5,100.0,25.0,0.0,75.0,87.5,100.0,87.5,12.5,1.0,3.0,0.25,3.62,2.25,240.67,74.2
Koppal,B0044 gangavathi,C0172 basapattan,1075 basapattana,241,53.57,25.72,1075,20.0,90.0,0.8,11.0,9.0,81.82,18.18,100.0,1405.0,1046.0,38.0,27.53,47.37,76.32,100.0,100.0,77.78,100.0,22.22,0.0,77.78,100.0,100.0,88.89,22.22,1.0,4.22,0.22,6.22,7.44,238.4,116.2
Koppal,B0044 gangavathi,C0172 basapattan,6224 chikka benakal,298,55.97,25.63,6224,18.5,85.0,4.9,,,,,,,,,,,,,,,,,,,,,,,,,,,,,
Koppal,B0044 gangavathi,C0269 budagumpa,6221 yardona,541,42.77,29.46,6221,5.0,85.0,1.85,,,,,,,,,,,,,,,,,,,,,,,,,,,,,
Koppal,B0044 gangavathi,C0269 budagumpa,6323 budugumpa,514,46.95,29.61,6323,5.0,90.0,5.09,,,,,,,,,,,,,,,,,,,,,,,,,,,,,
Koppal,B0044 gangavathi,C0291 challur,1535 chellur,208,48.12,28.02,1535,10.0,85.0,1.72,,,,,,,,,,,,,,,,,,,,,,,,,,,,,
Koppal,B0044 gangavathi,C0291 challur,4130 mailapur,480,46.1,27.19,4130,10.0,85.0,0.43,6.0,5.0,83.33,16.67,100.0,967.0,807.0,17.0,47.47,35.29,94.12,80.0,100.0,60.0,100.0,20.0,0.0,80.0,100.0,100.0,100.0,20.0,1.4,4.6,0.0,4.8,2.0,237.75,161.4
Koppal,B0044 gangavathi,C0291 challur,6225 hulkihal,510,46.19,28.32,6225,10.0,85.0,2.68,8.0,7.0,87.5,12.5,100.0,699.0,695.0,17.0,40.88,23.53,88.24,100.0,100.0,42.86,100.0,14.29,14.29,100.0,85.71,85.71,100.0,0.0,1.14,3.71,0.14,2.71,2.43,237.0,99.3
Koppal,B0044 gangavathi,C0329 chikkadankanakal,1573 chikkadankanakal,342,48.65,26.5,1573,10.0,85.0,6.1,,,,,,,,,,,,,,,,,,,,,,,,,,,,,
Koppal,B0044 gangavathi,C0329 chikkadankanakal,2393 hanaval,231,40.89,24.36,2393,10.0,75.0,8.04,7.0,5.0,71.43,28.57,100.0,549.0,460.0,17.0,27.06,35.29,94.12,100.0,100.0,100.0,80.0,0.0,0.0,100.0,80.0,100.0,100.0,0.0,0.4,3.6,0.2,5.8,2.8,238.0,92.0
Koppal,B0044 gangavathi,C0329 chikkadankanakal,3064 jeeral,171,50.12,23.83,3064,20.0,85.0,-1.14,,,,,,,,,,,,,,,,,,,,,,,,,,,,,
Koppal,B0044 gangavathi,C0334 chikkajanthakal,1582 chikkajantakal,403,35.43,26.21,1582,5.0,75.0,3.23,,,,,,,,,,,,,,,,,,,,,,,,,,,,,
Koppal,B0044 gangavathi,C0334 chikkajanthakal,1732 danapura,409,39.61,25.86,1732,9.0,80.0,6.67,,,,,,,,,,,,,,,,,,,,,,,,,,,,,
Koppal,B0044 gangavathi,C0334 chikkajanthakal,3046 jangamarkalgudi,402,30.78,27.61,3046,0.0,75.0,3.09,,,,,,,,,,,,,,,,,,,,,,,,,,,,,
Koppal,B0044 gangavathi,C0657 hirejanthakal,5203 sangapura,383,39.43,26.62,5203,5.0,80.0,-0.99,,,,,,,,,,,,,,,,,,,,,,,,,,,,,
Koppal,B0044 gangavathi,C0718 hulihydar,1081 basarihal,211,45.45,25.74,1081,5.0,80.0,-6.29,4.0,4.0,100.0,0.0,100.0,843.0,843.0,6.0,140.5,16.67,66.67,75.0,100.0,100.0,100.0,25.0,0.0,100.0,100.0,100.0,100.0,50.0,1.5,4.25,0.5,2.5,2.0,235.5,210.8
Koppal,B0044 gangavathi,C0718 hulihydar,213009037 hulihyadar,493,43.15,24.76,213009037,15.0,80.0,-1.96,,,,,,,,,,,,,,,,,,,,,,,,,,,,,
Koppal,B0044 gangavathi,C0718 hulihydar,2168 gouripura,246,23.94,24.28,2168,0.0,60.0,5.65,,,,,,,,,,,,,,,,,,,,,,,,,,,,,
Koppal,B0044 gangavathi,C0754 islampur west,5938 vaddarhatti,381,59.8,23.26,5938,25.0,90.0,-0.21,,,,,,,,,,,,,,,,,,,,,,,,,,,,,
Koppal,B0044 gangavathi,C0876 kanakagiri north,1081 basarihal,71,53.66,23.31,1081,20.0,85.0,-10.7,4.0,4.0,100.0,0.0,100.0,843.0,843.0,6.0,140.5,16.67,66.67,75.0,100.0,100.0,100.0,25.0,0.0,100.0,100.0,100.0,100.0,50.0,1.5,4.25,0.5,2.5,2.0,235.5,210.8
Koppal,B0044 gangavathi,C0876 kanakagiri north,2168 gouripura,118,52.5,25.29,2168,20.0,90.0,-7.38,,,,,,,,,,,,,,,,,,,,,,,,,,,,,
Koppal,B0044 gangavathi,C0876 kanakagiri north,6298 navali,212,55.42,25.32,6298,20.0,85.0,-10.6,13.0,10.0,76.92,23.08,100.0,1680.0,1324.0,29.0,45.66,41.38,86.21,90.0,100.0,60.0,90.0,0.0,10.0,70.0,90.0,100.0,90.0,10.0,1.8,4.0,0.8,4.5,2.0,241.6,132.4
Koppal,B0044 gangavathi,C0877 kanakagiri south,2647 hirekheda,661,42.03,26.15,2647,10.0,80.0,2.43,7.0,7.0,100.0,0.0,100.0,1312.0,1312.0,20.0,65.6,30.0,70.0,100.0,100.0,42.86,85.71,14.29,0.0,85.71,100.0,85.71,100.0,14.29,1.14,3.57,0.29,2.29,4.14,234.33,187.4
Koppal,B0044 gangavathi,C0877 kanakagiri south,5526 sulekal,386,45.57,24.3,5526,10.0,80.0,-2.04,5.0,5.0,100.0,0.0,100.0,1324.0,1324.0,22.0,60.18,18.18,86.36,100.0,100.0,60.0,100.0,20.0,20.0,100.0,100.0,80.0,80.0,40.0,1.6,4.4,0.4,3.2,4.2,240.25,264.8
Koppal,B0044 gangavathi,C0877 kanakagiri south,6304 chikkamadinal,317,39.38,22.97,6304,10.0,70.0,0.11,9.0,9.0,100.0,0.0,100.0,1523.0,1523.0,27.0,56.41,22.22,81.48,100.0,77.78,44.44,100.0,11.11,0.0,55.56,66.67,88.89,100.0,22.22,1.44,2.56,0.78,7.0,3.67,233.8,169.2
Koppal,B0044 gangavathi,C0900 karatagi east,4328 marlanahalli,423,41.11,25.17,4328,10.0,75.0,-3.49,9.0,6.0,66.67,33.33,100.0,1450.0,437.0,10.0,43.7,40.0,30.0,100.0,100.0,33.33,100.0,16.67,0.0,66.67,83.33,83.33,100.0,0.0,1.17,3.0,0.17,0.83,0.5,240.0,72.8
Koppal,B0044 gangavathi,C0901 karatagi west,1250 bevenahal,335,50.28,24.45,1250,15.0,85.0,-0.88,,,,,,,,,,,,,,,,,,,,,,,,,,,,,
Koppal,B0044 gangavathi,C0930 kesarahatti,2596 heruru,507,37.76,28.06,2596,5.0,80.0,3.65,,,,,,,,,,,,,,,,,,,,,,,,,,,,,
Koppal,B0044 gangavathi,C0930 kesarahatti,3569 kesarahatti,561,50.47,26.08,3569,15.0,85.0,-2.25,11.0,10.0,90.91,9.09,100.0,1619.0,1302.0,31.0,42.0,38.71,87.1,100.0,100.0,80.0,90.0,10.0,10.0,80.0,100.0,100.0,80.0,11.11,1.8,4.1,0.6,5.9,4.0,236.8,130.2
Koppal,B0044 gangavathi,C1144 marali,2802 hoskera,264,40.76,25.36,2802,10.0,75.0,1.8,,,,,,,,,,,,,,,,,,,,,,,,,,,,,
Koppal,B0044 gangavathi,C1144 marali,4292 marali,398,35.77,25.84,4292,5.0,70.0,8.64,7.0,5.0,71.43,28.57,100.0,1542.0,808.0,27.0,29.93,66.67,81.48,100.0,100.0,80.0,100.0,20.0,20.0,100.0,100.0,100.0,100.0,0.0,2.0,7.4,0.0,6.4,6.8,239.0,161.6
Koppal,B0044 gangavathi,C1234 musalapur,4580 musalapura,557,53.9,27.7,4580,15.0,90.0,0.59,,,,,,,,,,,,,,,,,,,,,,,,,,,,,
Koppal,B0044 gangavathi,C1234 musalapur,6304 chikkamadinal,118,61.36,27.29,6304,20.0,95.0,-7.11,9.0,9.0,100.0,0.0,100.0,1523.0,1523.0,27.0,56.41,22.22,81.48,100.0,77.78,44.44,100.0,11.11,0.0,55.56,66.67,88.89,100.0,22.22,1.44,2.56,0.78,7.0,3.67,233.8,169.2
Koppal,B0044 gangavathi,C1290 navali,3425 karadona,536,55.08,25.04,3425,20.0,87.5,0.25,8.0,8.0,100.0,0.0,100.0,1084.0,1084.0,13.0,83.38,38.46,92.31,87.5,100.0,62.5,100.0,12.5,12.5,87.5,87.5,100.0,100.0,0.0,1.25,3.5,2.5,3.5,1.75,199.83,135.5
Koppal,B0044 gangavathi,C1290 navali,6298 navali,331,42.66,24.59,6298,10.0,80.0,0.99,13.0,10.0,76.92,23.08,100.0,1680.0,1324.0,29.0,45.66,41.38,86.21,90.0,100.0,60.0,90.0,0.0,10.0,70.0,90.0,100.0,90.0,10.0,1.8,4.0,0.8,4.5,2.0,241.6,132.4
Koppal,B0044 gangavathi,C1501 siddapur,2250 gunduru,301,52.51,28.36,2250,15.0,90.0,-4.15,,,,,,,,,,,,,,,,,,,,,,,,,,,,,
Koppal,B0044 gangavathi,C1501 siddapur,6302 baragur,184,40.73,28.49,6302,1.5,80.0,-1.97,5.0,4.0,80.0,20.0,100.0,646.0,582.0,15.0,38.8,26.67,93.33,100.0,100.0,75.0,75.0,25.0,25.0,75.0,100.0,100.0,100.0,0.0,2.0,4.75,0.0,6.25,5.5,237.5,145.5
Koppal,B0044 gangavathi,C1501 siddapur,6538 siddapura,340,48.18,26.09,6538,15.0,85.0,0.89,,,,,,,,,,,,,,,,,,,,,,,,,,,,,
Koppal,B0044 gangavathi,C1533 sriramanagar,213009031 mustur,317,41.12,28.37,213009031,5.0,85.0,10.6,,,,,,,,,,,,,,,,,,,,,,,,,,,,,
Koppal,B0044 gangavathi,C1533 sriramanagar,5508 sriramanagar,301,45.63,23.9,5508,15.0,75.0,5.45,,,,,,,,,,,,,,,,,,,,,,,,,,,,,
Koppal,B0044 gangavathi,C1533 sriramanagar,6302 baragur,108,46.25,27.08,6302,10.0,81.5,11.44,5.0,4.0,80.0,20.0,100.0,646.0,582.0,15.0,38.8,26.67,93.33,100.0,100.0,75.0,75.0,25.0,25.0,75.0,100.0,100.0,100.0,0.0,2.0,4.75,0.0,6.25,5.5,237.5,145.5
Koppal,B0044 gangavathi,C1641 ulenoor,5888 ulenoor,345,55.33,29.02,5888,12.0,90.0,-1.1,,,,,,,,,,,,,,,,,,,,,,,,,,,,,
Koppal,B0044 gangavathi,C1641 ulenoor,6223 bennur,434,46.74,27.57,6223,10.0,85.0,-7.94,6.0,6.0,100.0,0.0,100.0,817.0,817.0,13.0,62.85,53.85,92.31,100.0,100.0,66.67,83.33,0.0,16.67,100.0,100.0,100.0,100.0,16.67,1.0,3.33,0.5,6.17,5.83,239.2,136.2
Koppal,B0044 gangavathi,C1692 venkatagiri,551 agoli,364,44.6,26.75,551,10.0,80.0,2.03,3.0,3.0,100.0,0.0,100.0,808.0,808.0,12.0,67.33,58.33,91.67,100.0,100.0,66.67,100.0,0.0,33.33,100.0,100.0,100.0,100.0,33.33,1.67,9.0,0.33,5.67,5.33,238.0,269.3
Koppal,B0044 gangavathi,C1692 venkatagiri,5988 venkatagiri,498,45.47,28.05,5988,5.0,80.0,-0.3,13.0,8.0,61.54,38.46,100.0,1623.0,1442.0,34.0,42.41,61.76,88.24,100.0,100.0,75.0,100.0,0.0,0.0,100.0,100.0,100.0,87.5,0.0,2.0,5.0,0.5,7.62,4.38,235.14,180.2
Koppal,B0081 koppal,C0018 agalakera,1023 bandiharlapur,374,55.21,27.31,1023,15.0,90.0,0.44,6.0,6.0,100.0,0.0,100.0,1120.0,1120.0,29.0,38.62,62.07,65.52,100.0,100.0,16.67,100.0,0.0,0.0,100.0,100.0,100.0,83.33,66.67,1.17,4.5,0.0,3.83,2.67,239.4,186.7
Koppal,B0081 koppal,C0018 agalakera,535 agalakera,338,64.94,20.8,535,38.5,90.0,3.39,5.0,4.0,80.0,20.0,100.0,522.0,447.0,16.0,27.94,56.25,75.0,100.0,100.0,50.0,100.0,0.0,0.0,50.0,100.0,100.0,75.0,50.0,1.0,3.75,1.5,7.75,4.0,224.0,111.8
Koppal,B0081 koppal,C0018 agalakera,5383 shivapur,212,31.63,21.96,5383,5.0,65.0,0.5,,,,,,,,,,,,,,,,,,,,,,,,,,,,,
Koppal,B0081 koppal,C0032 alawandi,1377 bochanahalli,475,44.87,29.71,1377,0.0,85.0,1.95,5.0,5.0,100.0,0.0,100.0,894.0,894.0,30.0,29.8,16.67,63.33,100.0,100.0,40.0,100.0,20.0,0.0,100.0,100.0,80.0,100.0,20.0,0.6,6.2,0.0,1.6,1.8,235.0,178.8
Koppal,B0081 koppal,C0032 alawandi,609 alawandi,422,46.47,28.37,609,5.0,90.0,1.59,,,,,,,,,,,,,,,,,,,,,,,,,,,,,
Koppal,B0081 koppal,C0214 betageri,1234 betageri,332,35.33,26.87,1234,5.0,80.0,-4.57,4.0,4.0,100.0,0.0,100.0,714.0,714.0,19.0,37.58,36.84,57.89,100.0,100.0,75.0,100.0,50.0,25.0,75.0,100.0,100.0,100.0,25.0,1.0,4.75,0.25,6.75,2.5,235.5,178.5
Koppal,B0081 koppal,C0214 betageri,1372 bisrahalli,436,45.68,28.31,1372,10.0,85.0,-0.12,,,,,,,,,,,,,,,,,,,,,,,,,,,,,
Koppal,B0081 koppal,C0214 betageri,4366 mathur,419,50.79,27.21,4366,10.0,85.0,6.21,,,,,,,,,,,,,,,,,,,,,,,,,,,,,
Koppal,B0081 koppal,C0218 bhahaddurbandi,2130 gondabal,289,57.4,26.55,2130,20.0,90.0,3.34,,,,,,,,,,,,,,,,,,,,,,,,,,,,,
Koppal,B0081 koppal,C0218 bhahaddurbandi,932 bahadhurbandi,408,48.76,26.23,932,10.0,85.0,-1.28,,,,,,,,,,,,,,,,,,,,,,,,,,,,,
Koppal,B0081 koppal,C0262 boodagumpa,1405 budagumpa,446,42.58,25.67,1405,10.0,80.0,-2.16,,,,,,,,,,,,,,,,,,,,,,,,,,,,,
Koppal,B0081 koppal,C0262 boodagumpa,213009035 bevinahalli,369,44.84,29.17,213009035,9.0,90.0,-0.02,4.0,3.0,75.0,25.0,100.0,621.0,570.0,14.0,40.71,28.57,71.43,100.0,100.0,100.0,100.0,66.67,66.67,100.0,100.0,100.0,100.0,0.0,1.33,4.67,0.67,7.33,6.0,238.0,190.0
Koppal,B0081 koppal,C0262 boodagumpa,2220 guladalli,351,45.91,26.94,2220,5.0,80.0,3.73,4.0,3.0,75.0,25.0,100.0,979.0,725.0,22.0,32.95,59.09,77.27,66.67,100.0,66.67,66.67,0.0,0.0,100.0,100.0,100.0,100.0,0.0,2.0,7.33,0.33,2.67,2.67,239.5,241.7
Koppal,B0081 koppal,C0262 boodagumpa,5383 shivapur,114,38.55,24.78,5383,10.0,75.0,-4.22,,,,,,,,,,,,,,,,,,,,,,,,,,,,,
Koppal,B0081 koppal,C0502 gingera,2100 ginigera,554,52.69,26.02,2100,15.0,85.0,-0.64,12.0,7.0,58.33,41.67,100.0,1979.0,985.0,32.0,30.78,65.62,53.12,85.71,100.0,42.86,100.0,14.29,0.0,100.0,100.0,100.0,100.0,28.57,1.43,4.43,0.43,5.43,3.57,233.75,140.7
Koppal,B0081 koppal,C0502 gingera,213009033 halavarthi,376,49.0,29.19,213009033,10.0,90.0,0.45,7.0,4.0,57.14,42.86,100.0,1847.0,970.0,32.0,30.31,40.62,71.88,100.0,100.0,100.0,100.0,0.0,0.0,100.0,100.0,100.0,100.0,25.0,1.75,7.0,2.5,5.0,3.5,232.67,242.5
Koppal,B0081 koppal,C0502 gingera,2619 hirebaganal,436,46.86,24.56,2619,15.0,80.0,5.34,,,,,,,,,,,,,,,,,,,,,,,,,,,,,
Koppal,B0081 koppal,C0564 halageri,2347 halgeri,297,60.47,24.92,2347,25.0,95.0,-0.25,,,,,,,,,,,,,,,,,,,,,,,,,,,,,
Koppal,B0081 koppal,C0564 halageri,4896 ojanahalli,436,58.76,23.02,4896,25.0,85.0,-3.3,9.0,7.0,77.78,22.22,100.0,2082.0,1588.0,53.0,29.96,50.94,79.25,100.0,100.0,57.14,85.71,28.57,14.29,100.0,71.43,100.0,85.71,16.67,1.86,5.86,0.0,1.71,2.0,109.0,226.9
Koppal,B0081 koppal,C0623 hasagal,1571 chikkabommanal,444,44.55,25.9,1571,5.0,80.0,3.41,7.0,7.0,100.0,0.0,100.0,1236.0,1236.0,19.0,65.05,36.84,78.95,85.71,100.0,57.14,85.71,28.57,0.0,85.71,71.43,85.71,100.0,42.86,1.0,4.0,0.0,0.86,0.0,242.0,176.6
Koppal,B0081 koppal,C0623 hasagal,213009034 vanaballari,166,52.5,25.81,213009034,15.0,85.0,-8.86,7.0,7.0,100.0,0.0,100.0,936.0,936.0,17.0,55.06,17.65,70.59,100.0,100.0,85.71,100.0,28.57,0.0,100.0,57.14,100.0,100.0,14.29,1.0,4.29,0.14,6.0,2.71,240.0,133.7
Koppal,B0081 koppal,C0623 hasagal,2499 hasagal,489,51.72,25.15,2499,15.0,85.0,3.39,10.0,9.0,90.0,10.0,100.0,1389.0,1292.0,33.0,39.15,36.36,81.82,100.0,100.0,55.56,88.89,33.33,0.0,100.0,100.0,100.0,100.0,11.11,1.0,4.0,0.22,7.67,4.67,236.0,143.6
Koppal,B0081 koppal,C0665 hiresindhogi,2677 hiresindhogi,430,39.36,28.36,2677,5.0,80.5,7.47,6.0,6.0,100.0,0.0,100.0,1017.0,1017.0,30.0,33.9,30.0,80.0,100.0,100.0,66.67,100.0,0.0,0.0,100.0,100.0,100.0,100.0,16.67,0.83,4.67,0.17,6.17,4.0,241.5,169.5
Koppal,B0081 koppal,C0665 hiresindhogi,3484 kataraki gudlanur,460,42.43,27.37,3484,5.0,80.0,0.3,,,,,,,,,,,,,,,,,,,,,,,,,,,,,
Koppal,B0081 koppal,C0672 hitnal,213009035 bevinahalli,93,62.69,18.66,213009035,40.0,80.0,-4.39,4.0,3.0,75.0,25.0,100.0,621.0,570.0,14.0,40.71,28.57,71.43,100.0,100.0,100.0,100.0,66.67,66.67,100.0,100.0,100.0,100.0,0.0,1.33,4.67,0.67,7.33,6.0,238.0,190.0
Koppal,B0081 koppal,C0672 hitnal,2690 hitnal,421,61.63,25.16,2690,25.0,90.0,7.57,6.0,5.0,83.33,16.67,100.0,1084.0,933.0,32.0,29.16,37.5,71.88,100.0,80.0,60.0,80.0,0.0,0.0,60.0,100.0,100.0,60.0,25.0,2.8,7.0,0.6,3.6,2.4,235.0,186.6
Koppal,B0081 koppal,C0672 hitnal,2829 hulagi,462,33.65,24.45,2829,5.0,70.0,0.28,,,,,,,,,,,,,,,,,,,,,,,,,,,,,
Koppal,B0081 koppal,C0751 irakalagada,213009032 kalakera,277,51.05,26.14,213009032,15.0,85.0,-7.14,4.0,4.0,100.0,0.0,100.0,838.0,838.0,33.0,25.39,30.3,87.88,100.0,100.0,50.0,100.0,25.0,0.0,100.0,75.0,100.0,100.0,25.0,1.5,5.25,1.0,7.0,5.0,239.0,209.5
Koppal,B0081 koppal,C0751 irakalagada,213009034 vanaballari,155,46.1,28.05,213009034,10.0,85.0,-4.18,7.0,7.0,100.0,0.0,100.0,936.0,936.0,17.0,55.06,17.65,70.59,100.0,100.0,85.71,100.0,28.57,0.0,100.0,57.14,100.0,100.0,14.29,1.0,4.29,0.14,6.0,2.71,240.0,133.7
Koppal,B0081 koppal,C0751 irakalagada,2966 irkalagada,258,50.89,23.75,2966,15.0,80.0,3.6,,,,,,,,,,,,,,,,,,,,,,,,,,,,,
Koppal,B0081 koppal,C0751 irakalagada,4012 lebageri,377,53.2,26.07,4012,18.0,85.0,-1.01,6.0,5.0,83.33,16.67,100.0,1140.0,1028.0,36.0,28.56,44.44,69.44,100.0,100.0,40.0,100.0,40.0,0.0,100.0,60.0,80.0,100.0,20.0,1.2,5.0,0.2,7.0,3.6,190.6,205.6
Koppal,B0081 koppal,C0918 kawalur,2513 hatti (a),442,54.82,25.58,2513,15.0,85.0,1.35,7.0,6.0,85.71,14.29,100.0,1098.0,1081.0,36.0,30.03,44.44,80.56,100.0,100.0,50.0,100.0,0.0,16.67,100.0,100.0,100.0,100.0,33.33,1.33,8.17,0.67,9.33,8.0,234.67,180.2
Koppal,B0081 koppal,C0918 kawalur,3513 kawalur,440,46.32,25.47,3513,10.0,80.0,6.45,,,,,,,,,,,,,,,,,,,,,,,,,,,,,
Koppal,B0081 koppal,C0941 kinnal(bhagyanagar),213009032 kalakera,116,67.24,21.57,213009032,35.0,90.0,-2.05,4.0,4.0,100.0,0.0,100.0,838.0,838.0,33.0,25.39,30.3,87.88,100.0,100.0,50.0,100.0,25.0,0.0,100.0,75.0,100.0,100.0,25.0,1.5,5.25,1.0,7.0,5.0,239.0,209.5
Koppal,B0081 koppal,C0941 kinnal(bhagyanagar),3610 kinnal,445,54.44,29.11,3610,12.0,90.0,6.06,7.0,4.0,57.14,42.86,100.0,1309.0,772.0,32.0,24.12,71.88,59.38,100.0,100.0,75.0,100.0,0.0,0.0,100.0,100.0,100.0,100.0,25.0,1.5,6.5,0.25,13.25,6.75,,193.0
Koppal,B0081 koppal,C0941 kinnal(bhagyanagar),4096 madhinur,247,46.44,27.99,4096,5.0,85.0,4.71,,,,,,,,,,,,,,,,,,,,,,,,,,,,,
Koppal,B0081 koppal,C0973 kolur,2677 hiresindhogi,193,46.3,29.6,2677,5.0,90.0,-2.01,6.0,6.0,100.0,0.0,100.0,1017.0,1017.0,30.0,33.9,30.0,80.0,100.0,100.0,66.67,100.0,0.0,0.0,100.0,100.0,100.0,100.0,16.67,0.83,4.67,0.17,6.17,4.0,241.5,169.5
Koppal,B0081 koppal,C0973 kolur,6423 kolur (k),512,58.89,25.76,6423,20.0,90.0,1.16,11.0,8.0,72.73,27.27,100.0,1776.0,1082.0,38.0,28.47,65.79,50.0,100.0,100.0,75.0,100.0,0.0,0.0,100.0,100.0,87.5,87.5,0.0,1.12,4.5,0.38,6.62,5.88,241.33,135.2
Koppal,B0081 koppal,C1019 kukanapalli,2947 indragi,398,60.08,24.71,2947,25.0,95.0,-0.76,,,,,,,,,,,,,,,,,,,,,,,,,,,,,
Koppal,B0081 koppal,C1019 kukanapalli,3275 kallatavaragera,403,56.39,24.19,3275,21.0,90.0,-2.98,,,,,,,,,,,,,,,,,,,,,,,,,,,,,
Koppal,B0081 koppal,C1033 kunikeri,3902 kunikeri,330,47.98,24.67,3902,15.0,80.0,2.38,4.0,3.0,75.0,25.0,100.0,978.0,867.0,24.0,36.12,20.83,66.67,100.0,100.0,66.67,100.0,33.33,0.0,66.67,100.0,66.67,100.0,66.67,1.67,5.67,1.33,3.67,4.0,233.5,289.0
Koppal,B0081 koppal,C1227 munerabada,2801 hoshalli,408,57.45,28.19,2801,18.5,91.5,5.39,,,,,,,,,,,,,,,,,,,,,,,,,,,,,
Koppal,B0081 koppal,C1227 munerabada,4562 munirabad,389,44.95,24.24,4562,15.0,80.0,9.29,,,,,,,,,,,,,,,,,,,,,,,,,,,,,
Koppal,B0085 kuknoor,C0256 binnal,4229 mandalageri,401,51.12,26.48,4229,15.0,85.0,-0.42,,,,,,,,,,,,,,,,,,,,,,,,,,,,,
Koppal,B0085 kuknoor,C0256 binnal,6150 yerahanchinal,571,41.03,25.9,6150,5.0,75.0,2.0,,,,,,,,,,,,,,,,,,,,,,,,,,,,,
Koppal,B0085 kuknoor,C0756 itagi,1033 banikoppa,304,42.89,27.66,1033,5.0,80.0,3.03,,,,,,,,,,,,,,,,,,,,,,,,,,,,,
Koppal,B0085 kuknoor,C0756 itagi,6614 itagi,417,51.56,27.84,6614,10.0,85.0,0.97,,,,,,,,,,,,,,,,,,,,,,,,,,,,,
Koppal,B0085 kuknoor,C1011 kudarimoti,2582 herabedenal,353,41.95,26.57,2582,6.0,80.0,-2.74,,,,,,,,,,,,,,,,,,,,,,,,,,,,,
Koppal,B0085 kuknoor,C1011 kudarimoti,3828 kuderemoti,639,35.82,27.27,3828,5.0,75.0,7.25,,,,,,,,,,,,,,,,,,,,,,,,,,,,,
Koppal,B0085 kuknoor,C1011 kudarimoti,6282 nelajeri,367,35.04,23.2,6282,5.0,70.0,2.32,,,,,,,,,,,,,,,,,,,,,,,,,,,,,
Koppal,B0085 kuknoor,C1020 kukanoor,1210 benakal,368,38.67,27.85,1210,5.0,80.0,-3.34,,,,,,,,,,,,,,,,,,,,,,,,,,,,,
Koppal,B0085 kuknoor,C1020 kukanoor,5062 rajuru,286,52.41,26.86,5062,15.0,90.0,-6.43,,,,,,,,,,,,,,,,,,,,,,,,,,,,,
Koppal,B0085 kuknoor,C1020 kukanoor,6279 masab hanchinhal,302,47.75,24.82,6279,10.5,80.0,4.16,,,,,,,,,,,,,,,,,,,,,,,,,,,,,
Koppal,B0085 kuknoor,C1020 kukanoor,953 balageri,267,49.34,24.85,953,20.0,85.0,-6.5,,,,,,,,,,,,,,,,,,,,,,,,,,,,,
Koppal,B0085 kuknoor,C1126 mangalore,4244 mangalore,449,49.57,25.55,4244,15.0,80.0,-3.73,,,,,,,,,,,,,,,,,,,,,,,,,,,,,
Koppal,B0085 kuknoor,C1565 talakal,1268 bhanapura,449,49.22,26.96,1268,10.0,85.0,3.02,,,,,,,,,,,,,,,,,,,,,,,,,,,,,
Koppal,B0085 kuknoor,C1565 talakal,5619 talkal,618,51.37,27.55,5619,15.0,90.0,6.48,,,,,,,,,,,,,,,,,,,,,,,,,,,,,
Koppal,B0085 kuknoor,C1715 yadiyapura,5368 shiruru,201,58.76,22.68,5368,25.0,85.0,-5.49,,,,,,,,,,,,,,,,,,,,,,,,,,,,,
Koppal,B0085 kuknoor,C1715 yadiyapura,953 balageri,133,65.34,22.1,953,30.0,90.0,-9.91,,,,,,,,,,,,,,,,,,,,,,,,,,,,,
Koppal,B0088 kustagi,C0012 adavibhavi,3981 kydeguppa,173,40.38,30.15,3981,0.0,80.0,-3.46,,,,,,,,,,,,,,,,,,,,,,,,,,,,,
Koppal,B0088 kustagi,C0012 adavibhavi,6208 adavibhavi,660,49.17,27.49,6208,10.0,85.0,-3.09,10.0,10.0,100.0,0.0,100.0,1337.0,1337.0,43.0,31.09,32.56,79.07,100.0,100.0,50.0,100.0,30.0,10.0,80.0,70.0,100.0,100.0,0.0,1.0,5.8,0.6,6.2,4.6,207.0,133.7
Koppal,B0088 kustagi,C0244 bijakal,1135 bejakal,494,48.1,24.72,1135,15.0,80.0,-4.49,,,,,,,,,,,,,,,,,,,,,,,,,,,,,
Koppal,B0088 kustagi,C0244 bijakal,1952 dotehal,244,45.04,26.12,1952,10.0,80.0,2.74,,,,,,,,,,,,,,,,,,,,,,,,,,,,,
Koppal,B0088 kustagi,C0244 bijakal,5626 taluvagera,219,44.16,24.09,5626,14.0,80.0,-3.88,7.0,5.0,71.43,28.57,100.0,1781.0,1581.0,45.0,35.13,44.44,68.89,100.0,100.0,60.0,100.0,40.0,40.0,80.0,100.0,100.0,60.0,0.0,2.4,8.8,0.8,3.2,1.6,236.25,316.2
Koppal,B0088 kustagi,C0289 chalageri,1214 benakanal,573,43.67,27.43,1214,5.0,85.0,-6.17,,,,,,,,,,,,,,,,,,,,,,,,,,,,,
Koppal,B0088 kustagi,C0289 chalageri,1470 chalgera,370,49.95,23.23,1470,20.0,80.0,-6.11,,,,,,,,,,,,,,,,,,,,,,,,,,,,,
Koppal,B0088 kustagi,C0289 chalageri,5626 taluvagera,93,57.42,23.76,5626,21.0,90.0,-10.67,7.0,5.0,71.43,28.57,100.0,1781.0,1581.0,45.0,35.13,44.44,68.89,100.0,100.0,60.0,100.0,40.0,40.0,80.0,100.0,100.0,60.0,0.0,2.4,8.8,0.8,3.2,1.6,236.25,316.2
Koppal,B0088 kustagi,C0444 dotihal,1952 dotehal,368,46.17,27.87,1952,8.5,85.0,-4.36,,,,,,,,,,,,,,,,,,,,,,,,,,,,,
Koppal,B0088 kustagi,C0444 dotihal,3981 kydeguppa,128,51.48,23.27,3981,20.0,80.0,0.67,,,,,,,,,,,,,,,,,,,,,,,,,,,,,
Koppal,B0088 kustagi,C0444 dotihal,6186 kesur,295,49.08,23.99,6186,15.0,80.0,-2.37,7.0,6.0,85.71,14.29,100.0,649.0,547.0,11.0,49.73,36.36,63.64,100.0,100.0,33.33,100.0,0.0,0.0,83.33,100.0,100.0,100.0,0.0,1.17,5.17,0.33,2.0,1.67,236.0,91.2
Koppal,B0088 kustagi,C0603 hanumanal,2430 hanumanal,494,56.65,25.46,2430,20.0,85.0,0.37,7.0,4.0,57.14,42.86,100.0,764.0,690.0,15.0,46.0,53.33,60.0,100.0,75.0,50.0,75.0,25.0,0.0,75.0,75.0,100.0,75.0,0.0,1.5,6.75,0.5,2.5,2.5,239.0,172.5
Koppal,B0088 kustagi,C0603 hanumanal,3005 barida (a),405,42.79,26.26,3005,10.0,80.0,-1.11,,,,,,,,,,,,,,,,,,,,,,,,,,,,,
Koppal,B0088 kustagi,C0603 hanumanal,4151 malageti,323,39.46,25.94,4151,5.0,75.0,1.66,,,,,,,,,,,,,,,,,,,,,,,,,,,,,
Koppal,B0088 kustagi,C0603 hanumanal,5821 tuggaldoni,219,49.82,24.44,5821,20.0,81.0,-8.69,,,,,,,,,,,,,,,,,,,,,,,,,,,,,
Koppal,B0088 kustagi,C0603 hanumanal,6174 bilekal,292,38.84,25.47,6174,5.0,75.0,-2.6,3.0,3.0,100.0,0.0,100.0,642.0,642.0,12.0,53.5,41.67,83.33,100.0,100.0,0.0,100.0,0.0,0.0,100.0,100.0,66.67,100.0,0.0,1.0,6.33,0.0,2.0,2.67,,214.0
Koppal,B0088 kustagi,C0606 hanumasagar,2436 hanumasagar,178,62.53,27.41,2436,18.5,95.0,7.02,15.0,9.0,60.0,40.0,100.0,2727.0,2244.0,69.0,32.52,56.52,71.01,100.0,100.0,88.89,77.78,33.33,22.22,88.89,100.0,100.0,77.78,14.29,2.67,8.56,0.22,3.67,0.89,10.0,249.3
Koppal,B0088 kustagi,C0606 hanumasagar,3136 kabbaragi,342,59.04,24.06,3136,25.0,90.0,-1.71,4.0,4.0,100.0,0.0,100.0,1224.0,1224.0,23.0,53.22,30.43,78.26,100.0,100.0,100.0,75.0,25.0,25.0,100.0,75.0,100.0,100.0,25.0,2.0,8.0,0.5,1.5,1.5,242.0,306.0
Koppal,B0088 kustagi,C0606 hanumasagar,6238 yaragera,409,57.11,26.48,6238,20.0,90.0,-6.22,,,,,,,,,,,,,,,,,,,,,,,,,,,,,
Koppal,B0088 kustagi,C0652 hiregonnagar,2583 heragonagara,348,43.91,26.97,2583,5.0,80.0,9.78,,,,,,,,,,,,,,,,,,,,,,,,,,,,,
Koppal,B0088 kustagi,C0652 hiregonnagar,6175 tumarikoppa,290,56.62,25.89,6175,20.0,90.0,-4.75,5.0,5.0,100.0,0.0,100.0,933.0,933.0,19.0,49.11,36.84,78.95,100.0,100.0,40.0,100.0,40.0,20.0,80.0,100.0,80.0,100.0,0.0,1.0,5.6,0.6,7.6,4.2,235.0,186.6
Koppal,B0088 kustagi,C0652 hiregonnagar,6176 habalakatti,345,48.62,28.47,6176,5.0,85.0,-1.89,3.0,3.0,100.0,0.0,100.0,613.0,613.0,12.0,51.08,25.0,58.33,100.0,100.0,100.0,100.0,0.0,0.0,100.0,100.0,66.67,100.0,0.0,1.0,5.33,1.67,1.67,6.0,,204.3
Koppal,B0088 kustagi,C0662 hiremannapur,2611 hiramanapura,465,44.82,28.01,2611,5.0,80.0,1.37,,,,,,,,,,,,,,,,,,,,,,,,,,,,,
Koppal,B0088 kustagi,C0662 hiremannapur,3362 kandakoru,441,47.13,26.62,3362,10.0,85.0,-0.22,,,,,,,,,,,,,,,,,,,,,,,,,,,,,
Koppal,B0088 kustagi,C0662 hiremannapur,6180 gumageri,393,49.25,27.59,6180,10.0,85.0,-4.98,3.0,3.0,100.0,0.0,100.0,473.0,473.0,18.0,26.28,66.67,61.11,100.0,100.0,33.33,100.0,33.33,0.0,100.0,66.67,100.0,100.0,0.0,0.33,4.33,0.33,2.67,2.0,231.0,157.7
Koppal,B0088 kustagi,C0717 hulgeri,2828 hulagera,353,43.23,26.7,2828,10.0,80.0,1.7,4.0,4.0,100.0,0.0,100.0,732.0,732.0,25.0,29.28,44.0,56.0,100.0,75.0,50.0,100.0,25.0,50.0,100.0,75.0,75.0,100.0,0.0,1.0,8.5,0.5,4.0,3.25,160.0,183.0
Koppal,B0088 kustagi,C0717 hulgeri,3482 katapura,396,42.97,28.02,3482,5.0,80.0,-4.73,,,,,,,,,,,,,,,,,,,,,,,,,,,,,
Koppal,B0088 kustagi,C0717 hulgeri,6181 antaratana,397,51.59,25.8,6181,15.0,85.0,-2.32,,,,,,,,,,,,,,,,,,,,,,,,,,,,,
Koppal,B0088 kustagi,C0765 j.gudadoor,3005 barida (a),174,54.89,26.99,3005,15.0,90.0,-4.37,,,,,,,,,,,,,,,,,,,,,,,,,,,,,
Koppal,B0088 kustagi,C0765 j.gudadoor,4151 malageti,127,63.78,25.34,4151,30.0,95.0,5.37,,,,,,,,,,,,,,,,,,,,,,,,,,,,,
Koppal,B0088 kustagi,C0765 j.gudadoor,6175 tumarikoppa,140,53.86,26.02,6175,15.0,85.0,0.17,5.0,5.0,100.0,0.0,100.0,933.0,933.0,19.0,49.11,36.84,78.95,100.0,100.0,40.0,100.0,40.0,20.0,80.0,100.0,80.0,100.0,0.0,1.0,5.6,0.6,7.6,4.2,235.0,186.6
Koppal,B0088 kustagi,C0800 jumalapur,3092 jumalapura,418,55.56,22.54,3092,25.0,85.0,0.89,,,,,,,,,,,,,,,,,,,,,,,,,,,,,
Koppal,B0088 kustagi,C0800 jumalapur,4503 mudenoor,306,34.87,23.66,4503,5.0,67.5,0.48,8.0,6.0,75.0,25.0,100.0,943.0,679.0,12.0,56.58,16.67,66.67,100.0,100.0,33.33,83.33,16.67,0.0,100.0,100.0,100.0,100.0,0.0,1.17,3.17,0.83,3.67,3.67,223.0,113.2
Koppal,B0088 kustagi,C0940 killarahatti,3607 killarahatti,408,56.57,23.88,3607,25.0,90.0,-4.2,,,,,,,,,,,,,,,,,,,,,,,,,,,,,
Koppal,B0088 kustagi,C0989 koradakera,2581 herabanegoal,475,41.83,28.01,2581,5.0,80.0,4.36,,,,,,,,,,,,,,,,,,,,,,,,,,,,,
Koppal,B0088 kustagi,C0989 koradakera,3768 koradakera,537,39.71,26.59,3768,5.0,80.0,-3.93,4.0,4.0,100.0,0.0,100.0,1089.0,1089.0,22.0,49.5,63.64,72.73,100.0,100.0,25.0,100.0,0.0,25.0,75.0,100.0,100.0,100.0,0.0,1.0,6.75,0.25,2.0,0.0,236.0,272.2
Koppal,B0088 kustagi,C0989 koradakera,6185 hirenandihal,312,47.6,25.56,6185,15.0,80.0,-6.37,4.0,4.0,100.0,0.0,100.0,837.0,837.0,24.0,34.88,25.0,70.83,100.0,100.0,0.0,100.0,0.0,25.0,75.0,100.0,75.0,100.0,0.0,1.0,8.25,0.25,4.0,2.0,242.0,209.2
Koppal,B0088 kustagi,C1182 menedhal,4013 lingadahalli,206,36.02,25.39,4013,5.0,70.0,0.57,6.0,6.0,100.0,0.0,100.0,930.0,930.0,10.0,93.0,50.0,80.0,100.0,83.33,66.67,100.0,33.33,0.0,66.67,66.67,66.67,100.0,0.0,1.0,5.0,0.17,3.0,3.33,206.67,155.0
Koppal,B0088 kustagi,C1182 menedhal,4425 menadal,493,46.6,25.73,4425,10.0,85.0,1.8,,,,,,,,,,,,,,,,,,,,,,,,,,,,,
Koppal,B0088 kustagi,C1207 mudenoor,4503 mudenoor,110,47.95,27.56,4503,5.0,80.5,3.27,8.0,6.0,75.0,25.0,100.0,943.0,679.0,12.0,56.58,16.67,66.67,100.0,100.0,33.33,83.33,16.67,0.0,100.0,100.0,100.0,100.0,0.0,1.17,3.17,0.83,3.67,3.67,223.0,113.2
Koppal,B0088 kustagi,C1207 mudenoor,6210 shiragumpi,433,49.42,28.09,6210,10.0,85.0,1.36,6.0,6.0,100.0,0.0,100.0,845.0,845.0,25.0,33.8,40.0,92.0,100.0,66.67,66.67,100.0,0.0,16.67,100.0,83.33,83.33,100.0,0.0,1.0,5.33,3.67,3.83,2.17,244.0,140.8
Koppal,B0088 kustagi,C1314 nilogal,4857 nilogal,492,51.2,28.54,4857,10.0,90.0,-6.8,7.0,6.0,85.71,14.29,100.0,1368.0,1268.0,34.0,37.29,35.29,67.65,83.33,100.0,50.0,83.33,16.67,0.0,83.33,100.0,100.0,83.33,0.0,1.0,5.33,0.17,2.33,4.0,236.0,211.3
Koppal,B0088 kustagi,C1314 nilogal,5821 tuggaldoni,141,45.57,27.39,5821,10.0,80.0,-9.63,,,,,,,,,,,,,,,,,,,,,,,,,,,,,
Koppal,B0088 kustagi,C1314 nilogal,6174 bilekal,86,57.03,22.65,6174,25.0,85.0,-1.91,3.0,3.0,100.0,0.0,100.0,642.0,642.0,12.0,53.5,41.67,83.33,100.0,100.0,0.0,100.0,0.0,0.0,100.0,100.0,66.67,100.0,0.0,1.0,6.33,0.0,2.0,2.67,,214.0
Koppal,B0088 kustagi,C1441 sanganahal,4013 lingadahalli,50,60.3,23.76,4013,29.5,90.5,-0.25,6.0,6.0,100.0,0.0,100.0,930.0,930.0,10.0,93.0,50.0,80.0,100.0,83.33,66.67,100.0,33.33,0.0,66.67,66.67,66.67,100.0,0.0,1.0,5.0,0.17,3.0,3.33,206.67,155.0
Koppal,B0088 kustagi,C1441 sanganahal,5201 sanganal,318,52.88,23.38,5201,20.0,80.0,0.95,8.0,7.0,87.5,12.5,100.0,1078.0,1015.0,16.0,63.44,37.5,68.75,85.71,100.0,28.57,100.0,0.0,0.0,57.14,100.0,100.0,100.0,0.0,0.86,4.43,1.0,2.29,5.0,186.25,145.0
Koppal,B0143 yelburga,C0150 bandi,1021 bandi,670,42.28,27.11,1021,5.0,80.0,2.94,8.0,7.0,87.5,12.5,100.0,1083.0,1056.0,32.0,33.0,40.62,34.38,100.0,100.0,57.14,100.0,71.43,14.29,100.0,100.0,85.71,100.0,14.29,1.43,5.43,1.0,9.29,5.14,239.67,150.9
Koppal,B0143 yelburga,C0150 bandi,6280 tummaraguddi,676,36.69,26.13,6280,5.0,75.0,-1.21,,,,,,,,,,,,,,,,,,,,,,,,,,,,,
Koppal,B0143 yelburga,C0150 bandi,997 balutagi,401,43.65,28.36,997,5.0,85.0,7.94,,,,,,,,,,,,,,,,,,,,,,,,,,,,,
Koppal,B0143 yelburga,C0215 bevoor,1256 bevur,562,40.13,27.71,1256,5.0,80.0,0.63,,,,,,,,,,,,,,,,,,,,,,,,,,,,,
Koppal,B0143 yelburga,C0215 bevoor,4567 murade,454,42.79,27.42,4567,5.0,80.0,1.88,,,,,,,,,,,,,,,,,,,,,,,,,,,,,
Koppal,B0143 yelburga,C0215 bevoor,5961 vanagiri,240,40.19,28.62,5961,5.0,80.0,3.84,,,,,,,,,,,,,,,,,,,,,,,,,,,,,
Koppal,B0143 yelburga,C0256 binnal,3436 karamudi,187,62.54,22.5,3436,30.0,90.0,-0.08,,,,,,,,,,,,,,,,,,,,,,,,,,,,,
Koppal,B0143 yelburga,C0335 chikkamyagiri,1590 chikkamageri,628,47.71,26.12,1590,10.0,85.0,8.9,,,,,,,,,,,,,,,,,,,,,,,,,,,,,
Koppal,B0143 yelburga,C0335 chikkamyagiri,2013 gaddegera,173,47.69,21.6,2013,20.0,75.0,0.1,,,,,,,,,,,,,,,,,,,,,,,,,,,,,
Koppal,B0143 yelburga,C0335 chikkamyagiri,5961 vanagiri,101,53.37,29.43,5961,15.0,90.0,-0.22,,,,,,,,,,,,,,,,,,,,,,,,,,,,,
Koppal,B0143 yelburga,C0545 gunnal,2033 ganadal,346,46.58,24.8,2033,15.0,80.0,-1.73,4.0,4.0,100.0,0.0,100.0,1600.0,1600.0,14.0,114.29,21.43,92.86,100.0,75.0,50.0,100.0,25.0,0.0,100.0,75.0,50.0,100.0,0.0,1.5,9.25,2.5,4.5,4.25,244.0,400.0
Koppal,B0143 yelburga,C0545 gunnal,2237 gunal,461,46.91,29.0,2237,10.0,90.0,-1.42,,,,,,,,,,,,,,,,,,,,,,,,,,,,,
Koppal,B0143 yelburga,C0545 gunnal,2612 hiravenkalakunta,392,48.04,27.27,2612,10.0,85.0,4.5,,,,,,,,,,,,,,,,,,,,,,,,,,,,,
Koppal,B0143 yelburga,C0651 hirearalihalli,2617 hirearalihalli,164,53.6,24.95,2617,15.0,85.0,-5.0,11.0,8.0,72.73,27.27,100.0,2159.0,1653.0,42.0,39.36,38.1,83.33,87.5,100.0,62.5,87.5,75.0,25.0,100.0,87.5,75.0,87.5,0.0,1.62,7.0,0.38,4.5,2.38,239.67,206.6
Koppal,B0143 yelburga,C0651 hirearalihalli,4357 mataladeni,442,41.5,26.57,4357,5.0,75.0,-1.57,,,,,,,,,,,,,,,,,,,,,,,,,,,,,
Koppal,B0143 yelburga,C0666 hirevankalakunta,2612 hiravenkalakunta,155,66.61,24.02,2612,30.0,95.0,0.41,,,,,,,,,,,,,,,,,,,,,,,,,,,,,
Koppal,B0143 yelburga,C0666 hirevankalakunta,4357 mataladeni,203,60.2,24.24,4357,25.0,90.0,0.76,,,,,,,,,,,,,,,,,,,,,,,,,,,,,
Koppal,B0143 yelburga,C1211 mudhol,2610 hiramagari,552,67.44,25.29,2610,30.0,95.0,6.14,,,,,,,,,,,,,,,,,,,,,,,,,,,,,
Koppal,B0143 yelburga,C1211 mudhol,3436 karamudi,86,68.6,24.29,3436,35.0,90.0,3.23,,,,,,,,,,,,,,,,,,,,,,,,,,,,,
Koppal,B0143 yelburga,C1211 mudhol,4513 mudoal,427,35.09,29.4,4513,0.0,80.0,7.36,,,,,,,,,,,,,,,,,,,,,,,,,,,,,
Koppal,B0143 yelburga,C1211 mudhol,6278 sankanooru,235,72.36,18.43,6278,50.0,95.0,0.66,4.0,4.0,100.0,0.0,100.0,536.0,536.0,18.0,29.78,38.89,72.22,100.0,75.0,25.0,100.0,100.0,0.0,100.0,100.0,50.0,75.0,0.0,1.0,5.0,0.25,2.25,4.0,246.0,134.0
Koppal,B0143 yelburga,C1566 talakere,213009045 bodur,394,47.35,29.2,213009045,10.0,88.5,-1.2,,,,,,,,,,,,,,,,,,,,,,,,,,,,,
Koppal,B0143 yelburga,C1566 talakere,5611 talakeri,674,45.85,28.83,5611,5.0,85.0,-3.45,,,,,,,,,,,,,,,,,,,,,,,,,,,,,
Koppal,B0143 yelburga,C1687 vajrabandi,2013 gaddegera,182,50.25,27.65,2013,10.5,85.0,2.15,,,,,,,,,,,,,,,,,,,,,,,,,,,,,
Koppal,B0143 yelburga,C1687 vajrabandi,5950 vajrabandi,591,41.29,25.97,5950,5.0,75.0,2.69,6.0,6.0,100.0,0.0,100.0,1303.0,1303.0,34.0,38.32,35.29,79.41,100.0,100.0,16.67,100.0,100.0,0.0,100.0,83.33,100.0,100.0,0.0,1.33,5.17,1.5,2.83,2.83,243.0,217.2
Koppal,B0143 yelburga,C1738 yelaburga,5199 sanganahal,360,46.53,29.4,5199,5.0,85.0,0.19,3.0,3.0,100.0,0.0,100.0,326.0,326.0,13.0,25.08,30.77,46.15,100.0,100.0,100.0,100.0,66.67,0.0,100.0,100.0,66.67,100.0,0.0,1.33,4.67,1.67,1.33,1.67,235.0,108.7
Koppal,B0143 yelburga,C1738 yelaburga,6284 kallur,376,47.45,25.72,6284,10.0,80.0,4.39,1.0,1.0,100.0,0.0,100.0,518.0,518.0,17.0,30.47,29.41,70.59,100.0,100.0,0.0,100.0,100.0,0.0,100.0,100.0,0.0,100.0,0.0,2.0,22.0,1.0,8.0,8.0,240.0,518.0
Koppal,B0143 yelburga,C1738 yelaburga,997 balutagi,195,51.74,29.45,997,7.0,90.0,10.25,,,,,,,,,,,,,,,,,,,,,,,,,,,,,
Mandya,B0083 krishnaraja pet,C0136 balenahalli,213009172 ballena hally,5,79.0,11.4,213009172,68.0,88.0,-1.67,,,,,,,,,,,,,,,,,,,,,,,,,,,,,
Mandya,B0090 maddur,C0074 annuru,1273 bharathinagara,178,49.21,27.91,1273,15.0,85.0,-3.42,,,,,,,,,,,,,,,,,,,,,,,,,,,,,
Mandya,B0090 maddur,C0074 annuru,1313 bidara hally,401,51.4,26.39,1313,15.0,90.0,-2.13,,,,,,,,,,,,,,,,,,,,,,,,,,,,,
Mandya,B0090 maddur,C0212 besagara hally,1231 besagara hally,325,59.03,26.55,1231,20.0,90.0,13.33,,,,,,,,,,,,,,,,,,,,,,,,,,,,,
Mandya,B0090 maddur,C0212 besagara hally,6491 hosakere,51,72.25,22.48,6491,40.0,95.0,5.21,7.0,6.0,85.71,14.29,100.0,433.0,289.0,17.0,17.0,64.71,52.94,100.0,100.0,83.33,100.0,100.0,0.0,100.0,50.0,66.67,83.33,0.0,1.83,3.0,0.67,3.67,3.5,145.2,48.2
Mandya,B0090 maddur,C0324 chikkaarasinakere,1565 chikkaarasina kere,165,63.7,23.54,1565,30.0,90.0,5.25,,,,,,,,,,,,,,,,,,,,,,,,,,,,,
Mandya,B0090 maddur,C0324 chikkaarasinakere,3977 kyathaghatta,128,75.2,20.53,3977,48.5,100.0,4.87,4.0,4.0,100.0,0.0,100.0,128.0,128.0,9.0,14.22,11.11,55.56,100.0,100.0,100.0,100.0,75.0,25.0,100.0,100.0,100.0,100.0,0.0,1.0,3.25,0.75,6.5,3.5,236.0,32.0
Mandya,B0090 maddur,C0642 hemmanahally,2575 hemmana hally,111,54.64,27.34,2575,15.0,90.0,6.1,,,,,,,,,,,,,,,,,,,,,,,,,,,,,
Mandya,B0090 maddur,C0642 hemmanahally,3162 kadalooru,159,47.7,26.39,3162,14.0,85.0,7.59,,,,,,,,,,,,,,,,,,,,,,,,,,,,,
Mandya,B0090 maddur,C0807 k. honnalagere,3121 k.honnalagere,308,54.14,28.16,3121,15.0,90.0,1.41,11.0,9.0,81.82,18.18,100.0,1577.0,702.0,31.0,22.65,67.74,83.87,100.0,100.0,88.89,100.0,100.0,11.11,100.0,66.67,100.0,100.0,0.0,1.44,4.67,0.78,3.89,5.11,233.25,78.0
Mandya,B0090 maddur,C0807 k. honnalagere,6409 alooru,132,57.01,21.32,6409,30.0,84.5,7.08,,,,,,,,,,,,,,,,,,,,,,,,,,,,,
Mandya,B0090 maddur,C0810 k.bellur,3117 k.belluru,283,52.51,27.57,3117,15.0,85.0,9.91,,,,,,,,,,,,,,,,,,,,,,,,,,,,,
Mandya,B0090 maddur,C0810 k.bellur,3754 koolagere,55,43.0,27.35,3754,0.0,75.0,4.78,2.0,2.0,100.0,0.0,100.0,56.0,56.0,2.0,28.0,50.0,50.0,100.0,100.0,50.0,100.0,100.0,50.0,100.0,50.0,100.0,100.0,0.0,1.0,1.0,0.0,4.0,0.0,234.5,28.0
Mandya,B0090 maddur,C0931 kesthur,3576 kesthuru,92,36.58,27.6,3576,5.0,80.0,4.31,9.0,7.0,77.78,22.22,100.0,1058.0,377.0,19.0,19.84,63.16,78.95,100.0,100.0,100.0,100.0,100.0,0.0,100.0,42.86,85.71,85.71,0.0,1.14,2.71,0.86,7.57,4.43,238.14,53.9
Mandya,B0090 maddur,C0931 kesthur,824 athagooru,122,66.11,22.82,824,35.0,90.0,9.39,,,,,,,,,,,,,,,,,,,,,,,,,,,,,
Mandya,B0090 maddur,C0987 koppa,5676 thaggahally,38,58.55,24.82,5676,28.5,85.0,10.14,,,,,,,,,,,,,,,,,,,,,,,,,,,,,
Mandya,B0090 maddur,C0987 koppa,6451 koppa,53,74.53,18.82,6451,55.0,95.0,10.46,9.0,7.0,77.78,22.22,100.0,1034.0,553.0,16.0,34.56,62.5,68.75,100.0,100.0,100.0,100.0,100.0,0.0,100.0,42.86,57.14,71.43,0.0,3.0,3.57,0.71,2.14,2.0,186.2,79.0
Mandya,B0090 maddur,C1005 kowdale,2783 hosagavi,164,64.97,17.86,2783,45.0,90.0,7.25,6.0,4.0,66.67,33.33,100.0,451.0,175.0,10.0,17.5,40.0,40.0,100.0,100.0,75.0,100.0,75.0,0.0,100.0,75.0,100.0,100.0,0.0,1.25,5.25,0.5,2.75,4.5,234.67,43.8
Mandya,B0090 maddur,C1005 kowdale,3816 kowdle,97,41.65,29.0,3816,8.0,82.0,9.34,,,,,,,,,,,,,,,,,,,,,,,,,,,,,
Mandya,B0090 maddur,C1611 thorebommanahally,4426 menasagere,179,55.14,25.05,4426,20.0,90.0,-1.09,6.0,5.0,83.33,16.67,100.0,656.0,227.0,13.0,17.46,84.62,76.92,100.0,100.0,80.0,100.0,100.0,40.0,80.0,100.0,100.0,100.0,20.0,1.0,3.0,0.6,4.0,3.6,,45.4
Mandya,B0090 maddur,C1611 thorebommanahally,5142 s.i. honnalagere,120,65.88,21.15,5142,35.0,90.0,2.1,6.0,5.0,83.33,16.67,100.0,978.0,651.0,15.0,43.4,40.0,80.0,100.0,100.0,80.0,100.0,100.0,0.0,100.0,80.0,100.0,100.0,20.0,2.0,4.6,0.8,5.6,5.4,234.0,130.2
Mandya,B0090 maddur,C1611 thorebommanahally,5748 thorebommana hally,269,52.97,26.39,5748,20.0,90.0,10.1,,,,,,,,,,,,,,,,,,,,,,,,,,,,,
Mandya,B0090 maddur,C1755 abalavadi,1319 bidarakote,85,66.59,22.52,1319,34.0,95.0,-0.78,,,,,,,,,,,,,,,,,,,,,,,,,,,,,
Mandya,B0090 maddur,C1755 abalavadi,498 abalavadi,47,45.21,22.63,498,15.0,72.0,0.43,3.0,3.0,100.0,0.0,100.0,60.0,60.0,5.0,12.0,40.0,60.0,100.0,100.0,100.0,100.0,100.0,0.0,100.0,100.0,66.67,100.0,0.0,1.33,3.67,1.0,4.0,2.0,232.0,20.0
Mandya,B0090 maddur,C2032 gejjalagere,2083 gejjalagere,106,39.58,24.17,2083,5.0,70.0,3.03,5.0,4.0,80.0,20.0,100.0,529.0,400.0,16.0,25.0,81.25,81.25,100.0,100.0,100.0,100.0,100.0,25.0,100.0,75.0,100.0,75.0,33.33,2.25,6.0,1.0,3.5,3.0,234.0,100.0
Mandya,B0090 maddur,C2032 gejjalagere,5148 sadolalu,162,49.63,27.04,5148,15.0,85.0,2.73,6.0,6.0,100.0,0.0,100.0,149.0,149.0,12.0,12.42,58.33,41.67,100.0,100.0,100.0,100.0,83.33,0.0,100.0,100.0,66.67,100.0,33.33,1.0,3.83,2.33,3.67,6.5,235.17,24.8
Mandya,B0090 maddur,C2032 gejjalagere,5956 valagere hally,111,61.85,29.01,5956,20.0,95.0,3.58,,,,,,,,,,,,,,,,,,,,,,,,,,,,,
Mandya,B0090 maddur,C2216 k.h. koppalu,1139 bekkalale,80,56.19,26.81,1139,15.0,90.0,-2.71,6.0,6.0,100.0,0.0,100.0,84.0,84.0,9.0,9.33,33.33,66.67,100.0,100.0,66.67,100.0,100.0,0.0,83.33,100.0,100.0,100.0,33.33,1.0,2.0,0.67,3.83,4.67,235.0,14.0
Mandya,B0090 maddur,C2217 k.k. hally,213009336 k.shettahally,109,58.81,29.77,213009336,15.0,95.0,2.07,,,,,,,,,,,,,,,,,,,,,,,,,,,,,
Mandya,B0090 maddur,C2217 k.k. hally,3194 kadukothana hally,110,46.27,30.59,3194,5.0,90.0,10.58,,,,,,,,,,,,,,,,,,,,,,,,,,,,,
Mandya,B0090 maddur,C2217 k.k. hally,6038 yadagana hally,110,59.64,27.21,6038,19.5,90.5,1.7,,,,,,,,,,,,,,,,,,,,,,,,,,,,,
Mandya,B0090 maddur,C2374 madarahalli,1917 doddarasina kere,80,54.44,32.07,1917,5.0,95.0,9.86,,,,,,,,,,,,,,,,,,,,,,,,,,,,,
Mandya,B0090 maddur,C2374 madarahalli,4080 madarahally,213,49.15,25.48,4080,16.0,85.0,3.71,,,,,,,,,,,,,,,,,,,,,,,,,,,,,
Mandya,B0090 maddur,C2377 maddur,1477 chamana hally,147,53.84,26.73,1477,15.0,90.0,11.67,,,,,,,,,,,,,,,,,,,,,,,,,,,,,
Mandya,B0090 maddur,C2394 mallanakuppe,4185 mallana kuppe,139,52.19,26.74,4185,15.0,90.0,-3.57,6.0,4.0,66.67,33.33,100.0,582.0,246.0,10.0,24.6,40.0,70.0,100.0,100.0,100.0,100.0,100.0,0.0,100.0,50.0,100.0,100.0,0.0,1.25,3.75,0.75,5.0,5.5,238.0,61.5
Mandya,B0090 maddur,C2472 nagarakere,2152 goravana hally,148,51.86,26.5,2152,18.5,85.0,-2.68,,,,,,,,,,,,,,,,,,,,,,,,,,,,,
Mandya,B0090 maddur,C2472 nagarakere,4647 nagara kere,205,54.17,25.4,4647,20.0,85.0,5.2,,,,,,,,,,,,,,,,,,,,,,,,,,,,,
Mandya,B0090 maddur,C2519 niluvagilu,4293 maraliga,193,49.72,27.88,4293,10.0,85.0,11.6,9.0,7.0,77.78,22.22,100.0,929.0,206.0,14.0,14.71,35.71,50.0,100.0,100.0,85.71,100.0,100.0,0.0,100.0,100.0,100.0,100.0,0.0,1.29,3.43,1.14,5.0,6.57,135.57,29.4
Mandya,B0090 maddur,C2519 niluvagilu,6518 niluvagilu,64,49.22,22.44,6518,20.0,75.0,4.06,4.0,4.0,100.0,0.0,100.0,64.0,64.0,5.0,12.8,40.0,20.0,100.0,100.0,100.0,100.0,100.0,25.0,100.0,100.0,75.0,100.0,0.0,1.0,4.75,1.0,5.5,3.75,59.0,16.0
Mandya,B0090 maddur,C2634 somanahalli,213009340 nidaghatta,139,50.04,25.7,213009340,15.0,86.0,2.67,6.0,6.0,100.0,0.0,100.0,216.0,216.0,13.0,16.62,30.77,69.23,100.0,100.0,100.0,100.0,100.0,0.0,100.0,66.67,83.33,100.0,0.0,1.0,3.33,0.5,2.83,3.17,234.25,36.0
Mandya,B0090 maddur,C2634 somanahalli,5456 somana hally,161,50.28,26.66,5456,15.0,90.0,9.12,,,,,,,,,,,,,,,,,,,,,,,,,,,,,
Mandya,B0090 maddur,C2844 hebbaralu,2767 hoothagere,62,63.87,23.98,2767,30.5,95.0,5.48,,,,,,,,,,,,,,,,,,,,,,,,,,,,,
Mandya,B0093 malavally,C0107 b g pura,1399 boppegowdana pura,315,47.35,27.91,1399,5.0,85.0,1.9,,,,,,,,,,,,,,,,,,,,,,,,,,,,,
Mandya,B0093 malavally,C0153 bandur,1027 bandur,235,58.83,26.22,1027,15.0,90.0,8.59,7.0,7.0,100.0,0.0,100.0,184.0,184.0,12.0,15.33,41.67,33.33,100.0,100.0,28.57,100.0,0.0,0.0,100.0,85.71,85.71,100.0,0.0,1.0,3.0,1.43,5.57,5.43,240.67,26.3
Mandya,B0093 malavally,C0153 bandur,1958 dugganahally,150,55.23,29.65,1958,10.0,90.0,6.06,,,,,,,,,,,,,,,,,,,,,,,,,,,,,
Mandya,B0093 malavally,C0558 hadli,2299 hadly,242,53.0,27.8,2299,10.0,90.0,9.75,,,,,,,,,,,,,,,,,,,,,,,,,,,,,
Mandya,B0093 malavally,C0558 hadli,543 agasana pura,301,55.53,24.38,543,20.0,90.0,5.13,,,,,,,,,,,,,,,,,,,,,,,,,,,,,
Mandya,B0093 malavally,C0565 halagur,2323 halaguru,262,61.11,23.89,2323,30.0,90.0,4.08,8.0,4.0,50.0,50.0,100.0,1986.0,560.0,14.0,40.0,35.71,78.57,100.0,100.0,75.0,100.0,25.0,50.0,100.0,75.0,100.0,100.0,33.33,1.75,4.5,1.75,4.5,6.5,232.67,140.0
Mandya,B0093 malavally,C0565 halagur,5749 thorekadana hally,191,68.09,26.38,5749,25.0,95.0,3.27,,,,,,,,,,,,,,,,,,,,,,,,,,,,,
Mandya,B0093 malavally,C0700 hosa hally,2774 hosa hally,278,64.5,28.46,2774,20.0,100.0,10.14,,,,,,,,,,,,,,,,,,,,,,,,,,,,,
Mandya,B0093 malavally,C0700 hosa hally,4950 pandithahally,128,56.99,23.35,4950,25.0,86.5,7.32,,,,,,,,,,,,,,,,,,,,,,,,,,,,,
Mandya,B0093 malavally,C1102 malavally,5679 thalagavadi,84,43.21,26.36,5679,11.5,85.0,11.04,,,,,,,,,,,,,,,,,,,,,,,,,,,,,
Mandya,B0093 malavally,C1320 nitturu,4018 lingapattana,158,56.84,24.53,4018,25.0,90.0,3.59,,,,,,,,,,,,,,,,,,,,,,,,,,,,,
Mandya,B0093 malavally,C1320 nitturu,4876 nitturu,183,58.36,26.74,4876,20.0,90.0,6.99,6.0,6.0,100.0,0.0,100.0,166.0,166.0,8.0,20.75,37.5,75.0,100.0,100.0,66.67,100.0,0.0,0.0,100.0,100.0,100.0,100.0,0.0,1.5,2.67,0.0,3.17,4.0,235.33,27.7
Mandya,B0093 malavally,C1375 ragibommana hally,5041 ragibommana hally,185,60.95,27.5,5041,20.0,95.0,2.76,,,,,,,,,,,,,,,,,,,,,,,,,,,,,
Mandya,B0093 malavally,C1375 ragibommana hally,5324 shettahally,106,68.44,23.28,5324,35.0,95.0,6.38,,,,,,,,,,,,,,,,,,,,,,,,,,,,,
Mandya,B0093 malavally,C1557 t.kagepura,4794 nelamakana hally,164,52.41,29.6,4794,5.0,90.0,5.8,,,,,,,,,,,,,,,,,,,,,,,,,,,,,
Mandya,B0093 malavally,C1557 t.kagepura,5679 thalagavadi,152,47.34,28.78,5679,10.0,89.5,11.66,,,,,,,,,,,,,,,,,,,,,,,,,,,,,
Mandya,B0093 malavally,C1868 belakavadi,1159 belakavadi,148,41.35,26.96,1159,8.5,80.0,1.72,4.0,3.0,75.0,25.0,100.0,367.0,242.0,9.0,26.89,33.33,22.22,100.0,100.0,66.67,100.0,33.33,33.33,100.0,100.0,66.67,100.0,50.0,2.0,5.67,1.67,6.67,2.67,10.0,80.7
Mandya,B0093 malavally,C1868 belakavadi,3206 kaggalipura,169,58.96,25.42,3206,20.0,90.0,4.03,5.0,4.0,80.0,20.0,100.0,129.0,103.0,8.0,12.88,50.0,37.5,100.0,100.0,50.0,100.0,25.0,0.0,100.0,100.0,100.0,100.0,25.0,1.0,0.75,0.25,7.75,9.0,241.25,25.8
Mandya,B0093 malavally,C1909 byadarahalli,1426 byadara haly,146,61.51,23.11,1426,25.0,90.0,4.64,,,,,,,,,,,,,,,,,,,,,,,,,,,,,
Mandya,B0093 malavally,C1909 byadarahalli,1428 byadarahally,144,44.24,24.67,1428,15.0,75.0,10.34,,,,,,,,,,,,,,,,,,,,,,,,,,,,,
Mandya,B0093 malavally,C1961 chottana halli,1676 chottana hally,185,53.62,26.38,1676,15.0,85.0,-1.23,,,,,,,,,,,,,,,,,,,,,,,,,,,,,
Mandya,B0093 malavally,C1961 chottana halli,4309 marehally,172,54.91,28.14,4309,15.0,85.0,4.02,,,,,,,,,,,,,,,,,,,,,,,,,,,,,
Mandya,B0093 malavally,C1964 d.halasa halli,1709 d.halasahally,174,55.17,26.38,1709,20.0,90.0,1.24,,,,,,,,,,,,,,,,,,,,,,,,,,,,,
Mandya,B0093 malavally,C1964 d.halasa halli,1730 danagooru,159,49.62,25.04,1730,19.0,85.0,2.06,,,,,,,,,,,,,,,,,,,,,,,,,,,,,
Mandya,B0093 malavally,C2055 gundapura,1725 dalavayi kodi hally,210,42.17,25.93,1725,10.0,80.0,-0.58,,,,,,,,,,,,,,,,,,,,,,,,,,,,,
Mandya,B0093 malavally,C2055 gundapura,2278 h.basavapura,75,61.4,26.54,2278,25.0,95.0,3.3,4.0,4.0,100.0,0.0,100.0,73.0,73.0,6.0,12.17,33.33,66.67,100.0,100.0,0.0,100.0,0.0,0.0,100.0,100.0,75.0,100.0,0.0,1.25,2.5,0.0,0.0,0.0,245.0,18.2
Mandya,B0093 malavally,C2065 h. h. koppalu,1596 chikkamulagoodu,243,47.28,23.27,1596,15.0,80.0,4.42,,,,,,,,,,,,,,,,,,,,,,,,,,,,,
Mandya,B0093 malavally,C2065 h. h. koppalu,2694 hittana hally,210,52.12,24.5,2694,20.0,85.0,4.38,,,,,,,,,,,,,,,,,,,,,,,,,,,,,
Mandya,B0093 malavally,C2180 huskuru,2899 huskuru,170,55.32,27.21,2899,19.5,90.5,6.24,,,,,,,,,,,,,,,,,,,,,,,,,,,,,
Mandya,B0093 malavally,C2180 huskuru,6120 yathambadi,181,52.57,24.38,6120,20.0,85.0,5.48,8.0,8.0,100.0,0.0,100.0,559.0,559.0,21.0,26.62,42.86,80.95,100.0,100.0,50.0,100.0,12.5,12.5,87.5,87.5,100.0,100.0,0.0,1.62,3.62,1.62,4.75,8.88,243.86,69.9
Mandya,B0093 malavally,C2239 kalkuni,1220 bendaravadi,128,58.01,26.83,1220,20.0,95.0,1.66,2.0,2.0,100.0,0.0,100.0,233.0,233.0,11.0,21.18,81.82,63.64,100.0,100.0,50.0,100.0,50.0,0.0,100.0,100.0,100.0,100.0,0.0,1.5,4.5,2.0,3.0,3.5,,116.5
Mandya,B0093 malavally,C2239 kalkuni,3264 kalkuni,262,51.89,24.97,3264,15.0,80.0,4.68,10.0,10.0,100.0,0.0,100.0,764.0,764.0,39.0,19.59,56.41,61.54,100.0,100.0,60.0,100.0,10.0,20.0,80.0,70.0,90.0,70.0,11.11,1.3,4.7,1.6,2.1,4.8,239.0,76.4
Mandya,B0093 malavally,C2298 kirugavalu,3623 kirugavalu,118,46.4,27.1,3623,10.0,85.0,3.17,10.0,3.0,30.0,70.0,100.0,1563.0,165.0,8.0,20.62,75.0,50.0,100.0,100.0,0.0,100.0,0.0,33.33,100.0,100.0,100.0,66.67,0.0,1.67,5.33,0.0,1.67,4.0,245.0,55.0
Mandya,B0093 malavally,C2298 kirugavalu,4440 mikkere,263,62.95,24.97,4440,25.0,90.0,5.49,6.0,6.0,100.0,0.0,100.0,291.0,291.0,18.0,16.17,55.56,61.11,100.0,100.0,50.0,100.0,0.0,16.67,100.0,66.67,66.67,100.0,16.67,0.83,4.67,0.33,3.33,1.5,239.0,48.5
Mandya,B0093 malavally,C2351 kyathegowdanadoddi,3360 kandagala,141,51.63,27.07,3360,10.0,85.0,8.57,,,,,,,,,,,,,,,,,,,,,,,,,,,,,
Mandya,B0093 malavally,C2351 kyathegowdanadoddi,4836 nidaghatta,202,53.04,26.42,4836,20.0,89.5,-1.6,5.0,4.0,80.0,20.0,100.0,437.0,215.0,12.0,17.92,58.33,75.0,100.0,100.0,25.0,100.0,25.0,0.0,100.0,75.0,50.0,100.0,50.0,1.0,1.5,0.0,3.75,4.25,164.67,53.8
Mandya,B0093 malavally,C2541 purigali,5027 purigali,147,43.3,26.49,5027,5.0,80.0,10.11,5.0,5.0,100.0,0.0,100.0,333.0,333.0,17.0,19.59,47.06,47.06,100.0,100.0,60.0,100.0,20.0,20.0,80.0,60.0,80.0,100.0,20.0,1.0,3.6,2.0,3.8,9.0,237.5,66.6
Mandya,B0093 malavally,C2541 purigali,5237 saragooru,284,51.71,25.87,5237,15.0,85.0,0.72,,,,,,,,,,,,,,,,,,,,,,,,,,,,,
Mandya,B0093 malavally,C2560 ravani,3979 kyathana hally,254,60.55,24.87,3979,25.0,95.0,3.65,,,,,,,,,,,,,,,,,,,,,,,,,,,,,
Mandya,B0093 malavally,C2560 ravani,6556 kundooru,185,45.38,27.49,6556,7.0,83.0,5.38,,,,,,,,,,,,,,,,,,,,,,,,,,,,,
Mandya,B0093 malavally,C2645 sujjaloor,5521 sujjalooru,216,51.44,24.08,5521,20.0,85.0,2.37,,,,,,,,,,,,,,,,,,,,,,,,,,,,,
Mandya,B0103 nagamangala,C0015 addihalli,1879 doddabala,130,59.27,25.31,1879,25.0,90.0,7.33,3.0,3.0,100.0,0.0,100.0,34.0,34.0,5.0,6.8,80.0,40.0,100.0,100.0,100.0,100.0,33.33,0.0,100.0,100.0,100.0,100.0,0.0,1.0,1.67,0.0,15.67,8.33,242.33,11.3
Mandya,B0103 nagamangala,C0059 anchechittanahalli,213009338 mayagonahalli,112,54.82,26.95,213009338,20.0,89.5,5.58,,,,,,,,,,,,,,,,,,,,,,,,,,,,,
Mandya,B0103 nagamangala,C0059 anchechittanahalli,6536 hulikere,36,76.25,14.99,6536,52.5,92.5,4.17,7.0,7.0,100.0,0.0,100.0,102.0,102.0,14.0,7.29,28.57,78.57,100.0,100.0,42.86,100.0,14.29,0.0,85.71,85.71,71.43,100.0,0.0,1.0,1.43,0.71,7.14,7.71,242.0,14.6
Mandya,B0103 nagamangala,C0059 anchechittanahalli,697 anchechittana hally,160,72.06,23.48,697,35.0,95.0,6.43,,,,,,,,,,,,,,,,,,,,,,,,,,,,,
Mandya,B0103 nagamangala,C0202 bellur,3058 javarana hally,158,62.22,27.48,3058,15.0,95.0,1.07,,,,,,,,,,,,,,,,,,,,,,,,,,,,,
Mandya,B0103 nagamangala,C0232 bheemanahalli,1282 bheemana hally,213,58.15,29.68,1282,15.0,95.0,8.38,,,,,,,,,,,,,,,,,,,,,,,,,,,,,
Mandya,B0103 nagamangala,C0255 bindiganavile,1357 bindiganavile,108,61.62,23.04,1357,30.0,90.0,-4.51,10.0,8.0,80.0,20.0,100.0,268.0,130.0,14.0,9.29,42.86,28.57,100.0,100.0,62.5,100.0,0.0,0.0,100.0,75.0,100.0,100.0,0.0,1.0,2.38,1.0,4.25,7.12,236.88,16.2
Mandya,B0103 nagamangala,C0258 bogadi,1292 bhogadhi,315,62.76,28.02,1292,20.0,95.0,4.94,,,,,,,,,,,,,,,,,,,,,,,,,,,,,
Mandya,B0103 nagamangala,C0267 brahmadevara hally,1403 bramhadevara hally,352,60.98,24.68,1403,25.0,90.0,-1.8,,,,,,,,,,,,,,,,,,,,,,,,,,,,,
Mandya,B0103 nagamangala,C0310 cheenya,1531 cheenya,274,65.42,24.43,1531,26.5,93.5,1.97,,,,,,,,,,,,,,,,,,,,,,,,,,,,,
Mandya,B0103 nagamangala,C0368 chunchanahalli,1690 chunchana hally,169,78.05,18.19,1690,54.0,100.0,1.66,,,,,,,,,,,,,,,,,,,,,,,,,,,,,
Mandya,B0103 nagamangala,C0386 devalapura,6448 belluru,120,80.92,14.68,6448,60.0,95.0,3.11,,,,,,,,,,,,,,,,,,,,,,,,,,,,,
Mandya,B0103 nagamangala,C0386 devalapura,6606 devalapura,133,51.92,22.4,6606,25.0,85.0,-3.09,8.0,8.0,100.0,0.0,100.0,502.0,502.0,25.0,20.08,32.0,76.0,100.0,100.0,87.5,100.0,37.5,0.0,100.0,50.0,50.0,87.5,14.29,1.88,2.38,0.12,11.62,6.62,207.29,62.8
Mandya,B0103 nagamangala,C0393 devara mallanayakanahalli,1799 devaramallanayakana hally,181,63.7,28.71,1799,20.0,95.0,5.35,,,,,,,,,,,,,,,,,,,,,,,,,,,,,
Mandya,B0103 nagamangala,C0687 honakere,2733 honakere,170,54.94,27.32,2733,14.5,85.0,-0.89,9.0,9.0,100.0,0.0,100.0,149.0,149.0,13.0,11.46,46.15,61.54,100.0,100.0,77.78,100.0,0.0,0.0,100.0,88.89,100.0,100.0,0.0,1.11,2.67,0.56,10.33,8.44,212.56,16.6
Mandya,B0103 nagamangala,C0693 honnavara,6466 honnavara,269,65.3,24.52,6466,30.0,90.0,2.65,9.0,8.0,88.89,11.11,100.0,317.0,168.0,16.0,10.5,25.0,62.5,100.0,100.0,100.0,100.0,62.5,12.5,100.0,100.0,100.0,100.0,0.0,1.38,1.25,0.25,11.88,5.5,240.25,21.0
Mandya,B0103 nagamangala,C0705 hosakki palya,3258 kalingana hally,259,62.22,24.14,3258,25.0,90.0,-2.26,,,,,,,,,,,,,,,,,,,,,,,,,,,,,
Mandya,B0103 nagamangala,C0818 kadaba hally,3147 kadabahally,239,60.42,23.11,3147,30.0,90.0,2.58,,,,,,,,,,,,,,,,,,,,,,,,,,,,,
Mandya,B0103 nagamangala,C0894 karada hally,3418 karada hally,285,62.61,26.36,3418,25.0,95.0,0.41,,,,,,,,,,,,,,,,,,,,,,,,,,,,,
Mandya,B0103 nagamangala,C0986 koochahalli,2131 gondena hally,220,71.93,20.88,2131,40.0,95.0,3.55,,,,,,,,,,,,,,,,,,,,,,,,,,,,,
Mandya,B0103 nagamangala,C1056 lalanakere,4006 lalana kere,137,58.47,26.55,4006,15.0,90.0,1.84,,,,,,,,,,,,,,,,,,,,,,,,,,,,,
Mandya,B0103 nagamangala,C1133 mannahalli,4267 mannahally,309,54.43,24.67,4267,20.0,85.0,0.35,,,,,,,,,,,,,,,,,,,,,,,,,,,,,
Mandya,B0103 nagamangala,C1173 mayagonahalli,4389 mayagona hally,220,58.32,25.81,4389,20.0,90.0,1.88,,,,,,,,,,,,,,,,,,,,,,,,,,,,,
Mandya,B0103 nagamangala,C1244 mylarapattana,2440 haradana hally,379,62.66,25.76,2440,25.0,90.0,9.6,,,,,,,,,,,,,,,,,,,,,,,,,,,,,
Mandya,B0103 nagamangala,C1303 nelligere,4800 nelligere,290,66.71,25.4,4800,25.0,95.0,6.81,,,,,,,,,,,,,,,,,,,,,,,,,,,,,
Mandya,B0103 nagamangala,C1341 palagrahara,4930 palagrahara,173,63.5,23.45,4930,30.0,90.0,2.57,5.0,5.0,100.0,0.0,100.0,326.0,326.0,16.0,20.38,43.75,68.75,100.0,100.0,80.0,80.0,60.0,40.0,100.0,100.0,100.0,80.0,25.0,4.8,2.8,1.6,6.6,4.0,243.2,65.2
Mandya,B0103 nagamangala,C1594 thattekere,3400 kanthapura,273,61.3,22.1,3400,35.0,90.0,-1.14,8.0,7.0,87.5,12.5,100.0,173.0,161.0,15.0,10.73,40.0,66.67,100.0,100.0,85.71,100.0,42.86,28.57,100.0,100.0,85.71,100.0,0.0,1.86,3.14,0.14,12.0,7.86,239.29,23.0
Mandya,B0103 nagamangala,C1808 arani,1357 bindiganavile,65,60.0,23.07,1357,27.0,88.0,5.24,10.0,8.0,80.0,20.0,100.0,268.0,130.0,14.0,9.29,42.86,28.57,100.0,100.0,62.5,100.0,0.0,0.0,100.0,75.0,100.0,100.0,0.0,1.0,2.38,1.0,4.25,7.12,236.88,16.2
Mandya,B0103 nagamangala,C1808 arani,774 arani,162,67.19,23.89,774,35.0,95.0,1.08,5.0,5.0,100.0,0.0,100.0,74.0,74.0,7.0,10.57,14.29,28.57,100.0,100.0,100.0,100.0,0.0,0.0,100.0,80.0,100.0,100.0,0.0,1.0,1.8,0.0,4.0,4.4,241.6,14.8
Mandya,B0103 nagamangala,C2470 nagamangala,5765 thuppadamadu,171,50.85,27.11,5765,10.0,85.0,0.87,,,,,,,,,,,,,,,,,,,,,,,,,,,,,
Mandya,B0109 pandavapura,C0328 chikkabyadarahalli,1888 doddabyadara hally,117,57.61,26.82,1888,20.0,90.0,4.03,,,,,,,,,,,,,,,,,,,,,,,,,,,,,
Mandya,B0109 pandavapura,C0328 chikkabyadarahalli,3333 kanagana maradi,236,63.2,24.76,3333,27.5,90.0,-1.25,6.0,6.0,100.0,0.0,100.0,219.0,219.0,16.0,13.69,31.25,62.5,100.0,100.0,50.0,100.0,50.0,0.0,100.0,100.0,83.33,100.0,0.0,1.17,2.17,0.0,3.33,5.17,241.0,36.5
Mandya,B0109 pandavapura,C0613 haravu,2463 haravu,87,58.45,26.1,2463,20.0,90.0,4.35,,,,,,,,,,,,,,,,,,,,,,,,,,,,,
Mandya,B0109 pandavapura,C0613 haravu,3118 k.bettahally,200,66.15,26.07,3118,25.0,95.0,-1.02,,,,,,,,,,,,,,,,,,,,,,,,,,,,,
Mandya,B0109 pandavapura,C0771 jakkana hally,3013 jakkana hally,346,57.49,26.24,3013,20.0,90.0,7.46,,,,,,,,,,,,,,,,,,,,,,,,,,,,,
Mandya,B0109 pandavapura,C0915 katteri,3497 katteri,347,63.75,22.42,3497,30.0,90.0,7.8,7.0,7.0,100.0,0.0,100.0,449.0,449.0,25.0,17.96,64.0,52.0,100.0,100.0,100.0,100.0,42.86,28.57,100.0,85.71,100.0,100.0,16.67,2.29,3.14,0.43,10.0,5.71,238.17,64.1
Mandya,B0109 pandavapura,C0915 katteri,763 aralakuppe,252,68.29,22.55,763,35.0,95.0,0.88,4.0,4.0,100.0,0.0,100.0,288.0,288.0,18.0,16.0,44.44,44.44,100.0,100.0,75.0,100.0,25.0,25.0,100.0,75.0,75.0,100.0,25.0,2.0,5.75,0.75,7.25,4.5,236.5,72.0
Mandya,B0109 pandavapura,C1046 kyathana hally,213009341 kyathana hally,66,55.45,25.9,213009341,22.5,90.0,9.86,,,,,,,,,,,,,,,,,,,,,,,,,,,,,
Mandya,B0109 pandavapura,C1046 kyathana hally,3551 kennalu,199,73.52,22.4,3551,35.0,95.0,2.81,5.0,3.0,60.0,40.0,100.0,310.0,158.0,11.0,14.36,90.91,72.73,100.0,100.0,66.67,100.0,100.0,0.0,100.0,100.0,100.0,100.0,0.0,1.67,3.33,0.0,21.67,10.0,235.67,52.7
Mandya,B0109 pandavapura,C1055 lakshmisagara,5781 tirumalasagara chatra,262,72.82,22.06,5781,40.0,95.0,1.8,,,,,,,,,,,,,,,,,,,,,,,,,,,,,
Mandya,B0109 pandavapura,C1055 lakshmisagara,6654 lakshmisagara,202,67.33,23.78,6654,35.0,95.0,4.0,,,,,,,,,,,,,,,,,,,,,,,,,,,,,
Mandya,B0109 pandavapura,C1130 manikyanahalli,2338 halebeedu,271,60.09,26.19,2338,20.0,90.0,-0.84,10.0,10.0,100.0,0.0,100.0,517.0,517.0,29.0,17.83,34.48,79.31,100.0,100.0,80.0,100.0,80.0,0.0,100.0,100.0,100.0,90.0,11.11,1.9,2.2,0.0,10.1,5.4,240.0,51.7
Mandya,B0109 pandavapura,C1130 manikyanahalli,4258 manikyana hally,152,65.49,24.72,4258,30.5,95.0,4.51,,,,,,,,,,,,,,,,,,,,,,,,,,,,,
Mandya,B0109 pandavapura,C1346 pandava pura,1574 chikkade,174,72.13,22.47,1574,40.0,95.0,1.62,5.0,3.0,60.0,40.0,100.0,517.0,142.0,12.0,11.83,66.67,66.67,100.0,100.0,66.67,100.0,33.33,0.0,100.0,100.0,100.0,100.0,0.0,1.33,2.33,0.0,15.0,5.0,238.67,47.3
Mandya,B0109 pandavapura,C1545 sunka thonnuru,2683 hirimarali,279,67.42,24.18,2683,30.0,95.0,-2.64,,,,,,,,,,,,,,,,,,,,,,,,,,,,,
Mandya,B0109 pandavapura,C1545 sunka thonnuru,5550 sunkathonnuru,263,58.69,27.41,5550,20.0,90.0,2.14,,,,,,,,,,,,,,,,,,,,,,,,,,,,,
Mandya,B0109 pandavapura,C1852 bannangadi,1038 bannangadi,206,70.0,23.9,1038,35.0,95.0,1.95,7.0,6.0,85.71,14.29,100.0,384.0,253.0,19.0,13.32,15.79,36.84,100.0,100.0,50.0,100.0,66.67,16.67,100.0,83.33,100.0,100.0,0.0,1.33,2.33,0.5,8.33,11.83,239.33,42.2
Mandya,B0109 pandavapura,C1852 bannangadi,1852 dinka,169,69.88,22.92,1852,35.0,95.0,4.94,5.0,5.0,100.0,0.0,100.0,174.0,174.0,14.0,12.43,42.86,57.14,100.0,100.0,60.0,100.0,20.0,20.0,100.0,80.0,80.0,100.0,0.0,1.2,1.8,0.4,4.2,6.2,236.0,34.8
Mandya,B0109 pandavapura,C1953 chinakurali,1635 chinakurali,230,54.04,28.27,1635,14.5,90.0,5.14,12.0,8.0,66.67,33.33,100.0,2742.0,598.0,19.0,31.47,68.42,52.63,100.0,100.0,62.5,100.0,37.5,12.5,100.0,87.5,87.5,87.5,25.0,1.12,2.62,1.5,6.5,5.38,238.62,74.8
Mandya,B0109 pandavapura,C2428 melu kote,4420 melukote,121,53.22,26.58,4420,15.0,90.0,-2.48,4.0,2.0,50.0,50.0,100.0,364.0,114.0,8.0,14.25,75.0,75.0,100.0,100.0,100.0,100.0,100.0,0.0,100.0,100.0,100.0,100.0,0.0,2.0,6.0,0.0,11.0,8.0,230.0,57.0
Mandya,B0109 pandavapura,C2428 melu kote,971 balighatta,74,63.58,19.85,971,40.0,90.0,15.16,,,,,,,,,,,,,,,,,,,,,,,,,,,,,
Mandya,B0109 pandavapura,C2492 narayana pura,4745 narayana pura,183,52.4,25.0,4745,20.0,85.0,4.48,,,,,,,,,,,,,,,,,,,,,,,,,,,,,
Mandya,B0109 pandavapura,C2544 ragimuddanahalli,2235 gummana hally,200,56.1,27.76,2235,20.0,95.0,8.53,,,,,,,,,,,,,,,,,,,,,,,,,,,,,
Mandya,B0109 pandavapura,C2544 ragimuddanahalli,2731 honagana hally,238,60.34,26.89,2731,18.5,90.0,1.3,,,,,,,,,,,,,,,,,,,,,,,,,,,,,
Mandya,B0132 srirangapatna,C0080 arakere,5669 thadagavadi,249,56.51,29.71,5669,10.0,95.0,8.55,,,,,,,,,,,,,,,,,,,,,,,,,,,,,
Mandya,B0132 srirangapatna,C0080 arakere,6512 arakere,186,41.56,32.57,6512,0.0,90.0,13.17,,,,,,,,,,,,,,,,,,,,,,,,,,,,,
Mandya,B0132 srirangapatna,C0080 arakere,6656 ballekere,279,54.71,30.2,6656,10.0,90.0,11.03,,,,,,,,,,,,,,,,,,,,,,,,,,,,,
Mandya,B0132 srirangapatna,C0116 baburayana koppalu,3617 kirangooru,68,45.0,24.92,3617,10.0,76.5,-1.52,,,,,,,,,,,,,,,,,,,,,,,,,,,,,
Mandya,B0132 srirangapatna,C0116 baburayana koppalu,5588 t.m.hosuru,189,63.68,28.53,5588,20.0,95.0,2.66,,,,,,,,,,,,,,,,,,,,,,,,,,,,,
Mandya,B0132 srirangapatna,C0376 darasaguppe,1739 darasaguppe,78,61.09,26.66,1739,20.0,91.5,8.19,,,,,,,,,,,,,,,,,,,,,,,,,,,,,
Mandya,B0132 srirangapatna,C0376 darasaguppe,981 ballena hally,155,58.03,29.54,981,15.0,95.0,0.56,,,,,,,,,,,,,,,,,,,,,,,,,,,,,
Mandya,B0132 srirangapatna,C0482 ganangooru,1604 chikkankana hally,67,80.0,12.91,1604,65.0,95.0,4.48,,,,,,,,,,,,,,,,,,,,,,,,,,,,,
Mandya,B0132 srirangapatna,C0482 ganangooru,3128 k.shettahally,218,71.03,22.12,3128,40.0,95.0,7.52,,,,,,,,,,,,,,,,,,,,,,,,,,,,,
Mandya,B0132 srirangapatna,C0482 ganangooru,5144 sabbanakuppe,123,52.76,26.58,5144,20.0,90.0,6.06,,,,,,,,,,,,,,,,,,,,,,,,,,,,,
Mandya,B0132 srirangapatna,C0809 k. r. sagara,3126 k.r.sagara,227,64.58,22.32,3126,35.0,90.0,4.5,,,,,,,,,,,,,,,,,,,,,,,,,,,,,
Mandya,B0132 srirangapatna,C0809 k. r. sagara,6536 hulikere,127,67.17,23.46,6536,35.0,90.0,-0.55,,,,,,,,,,,,,,,,,,,,,,,,,,,,,
Mandya,B0132 srirangapatna,C0952 kodiyala,2032 gamana hally,459,55.21,27.6,2032,15.0,90.0,3.15,,,,,,,,,,,,,,,,,,,,,,,,,,,,,
Mandya,B0132 srirangapatna,C0952 kodiyala,3664 kodiyala,83,55.06,24.05,3664,21.0,85.0,2.05,,,,,,,,,,,,,,,,,,,,,,,,,,,,,
Mandya,B0132 srirangapatna,C1094 mahadevapura,4124 mahadevapura,359,53.57,25.54,4124,15.0,85.0,2.02,,,,,,,,,,,,,,,,,,,,,,,,,,,,,
Mandya,B0132 srirangapatna,C1094 mahadevapura,4559 mundugadore,170,48.79,27.52,4559,10.0,85.0,-4.95,,,,,,,,,,,,,,,,,,,,,,,,,,,,,
Mandya,B0132 srirangapatna,C1339 pala hally,1153 belagola,281,75.07,22.83,1153,40.0,95.0,5.68,,,,,,,,,,,,,,,,,,,,,,,,,,,,,
Mandya,B0132 srirangapatna,C1339 pala hally,2785 hosahalli,150,48.63,26.37,2785,15.0,90.0,12.78,,,,,,,,,,,,,,,,,,,,,,,,,,,,,
Mandya,B0132 srirangapatna,C1339 pala hally,4931 palahally,41,58.29,32.43,4931,0.0,95.0,2.69,,,,,,,,,,,,,,,,,,,,,,,,,,,,,
Mandya,B0132 srirangapatna,C1535 srirangapatna,4681 naguvanahally,233,60.67,26.59,4681,25.0,90.0,1.74,,,,,,,,,,,,,,,,,,,,,,,,,,,,,
Mandya,B0132 srirangapatna,C1945 chikkankana hally,1604 chikkankana hally,79,45.95,26.51,1604,9.0,80.0,2.59,,,,,,,,,,,,,,,,,,,,,,,,,,,,,
Mandya,B0132 srirangapatna,C1945 chikkankana hally,4407 melapura,214,39.95,24.4,4407,10.0,75.0,10.41,,,,,,,,,,,,,,,,,,,,,,,,,,,,,
Mandya,B0148 h.d.kote,C0116 baburayana koppalu,5588 t.m.hosuru,108,52.73,27.64,5588,15.0,90.0,1.76,,,,,,,,,,,,,,,,,,,,,,,,,,,,,
Mandya,B0155 krishnaraja pet,C0614 hariharapura,4114 maduvina kodi,131,51.07,26.57,4114,15.0,85.0,4.63,4.0,4.0,100.0,0.0,100.0,148.0,148.0,12.0,12.33,41.67,50.0,100.0,100.0,75.0,100.0,0.0,0.0,100.0,100.0,100.0,100.0,0.0,1.0,2.5,0.25,4.5,2.0,223.5,37.0
Mandya,B0155 krishnaraja pet,C0614 hariharapura,6624 hariharapura,208,45.82,24.92,6624,15.0,80.0,2.24,9.0,8.0,88.89,11.11,100.0,396.0,276.0,22.0,12.55,63.64,40.91,100.0,100.0,62.5,100.0,0.0,0.0,100.0,62.5,75.0,87.5,0.0,1.12,2.62,0.25,6.5,2.25,226.17,34.5
Mandya,B0155 krishnaraja pet,C1701 vittalapura,6591 vittalapura,272,54.5,27.44,6591,10.5,90.0,2.03,,,,,,,,,,,,,,,,,,,,,,,,,,,,,
Mandya,B0155 krishnaraja pet,C1773 akki hebbalu,581 akkihebbalu,243,55.21,25.23,581,20.0,90.0,11.62,14.0,12.0,85.71,14.29,100.0,974.0,596.0,33.0,18.06,39.39,63.64,91.67,100.0,33.33,100.0,8.33,33.33,100.0,83.33,100.0,75.0,0.0,2.17,2.83,1.17,8.33,3.75,239.14,49.7
Mandya,B0155 krishnaraja pet,C1773 akki hebbalu,602 alambadi kaval,252,46.33,27.18,602,10.0,85.0,7.87,6.0,6.0,100.0,0.0,100.0,263.0,263.0,24.0,10.96,54.17,41.67,100.0,100.0,33.33,100.0,33.33,0.0,100.0,50.0,100.0,83.33,0.0,1.17,2.5,0.33,9.83,3.83,243.0,43.8
Mandya,B0155 krishnaraja pet,C1791 anegola,4079 madapura,103,51.31,27.17,4079,15.0,85.0,9.0,6.0,6.0,100.0,0.0,100.0,340.0,340.0,15.0,22.67,33.33,60.0,100.0,100.0,50.0,100.0,50.0,0.0,100.0,83.33,100.0,83.33,0.0,1.83,3.0,0.5,6.67,6.67,196.6,56.7
Mandya,B0155 krishnaraja pet,C1791 anegola,708 anegola,140,52.93,27.75,708,14.5,90.0,0.85,,,,,,,,,,,,,,,,,,,,,,,,,,,,,
Mandya,B0155 krishnaraja pet,C1839 balenahalli,213009335 ballena hally,156,51.25,25.81,213009335,10.0,85.0,2.4,,,,,,,,,,,,,,,,,,,,,,,,,,,,,
Mandya,B0155 krishnaraja pet,C1839 balenahalli,2916 ichana hally,177,48.45,27.24,2916,10.0,85.0,3.46,,,,,,,,,,,,,,,,,,,,,,,,,,,,,
Mandya,B0155 krishnaraja pet,C1849 bandihole,1024 bandihole,137,41.61,25.92,1024,10.0,75.0,4.43,8.0,6.0,75.0,25.0,100.0,669.0,195.0,15.0,13.0,33.33,26.67,100.0,100.0,83.33,100.0,0.0,0.0,100.0,100.0,83.33,100.0,0.0,1.0,1.33,0.33,9.5,8.67,238.8,32.5
Mandya,B0155 krishnaraja pet,C1849 bandihole,4140 makavally,167,55.75,24.65,4140,20.0,85.0,6.35,,,,,,,,,,,,,,,,,,,,,,,,,,,,,
Mandya,B0155 krishnaraja pet,C1865 beeruvally,1130 beeruvally,262,42.81,27.74,1130,10.0,80.0,7.91,,,,,,,,,,,,,,,,,,,,,,,,,,,,,
Mandya,B0155 krishnaraja pet,C1884 bharathipura cross,1274 bharathipura cross,167,40.81,26.18,1274,10.0,77.0,-9.75,,,,,,,,,,,,,,,,,,,,,,,,,,,,,
Mandya,B0155 krishnaraja pet,C1884 bharathipura cross,549 aghalaya,115,43.78,28.97,549,10.0,85.0,4.58,8.0,8.0,100.0,0.0,100.0,111.0,111.0,14.0,7.93,35.71,64.29,87.5,100.0,62.5,100.0,0.0,0.0,87.5,100.0,100.0,100.0,0.0,1.0,2.25,0.0,6.12,7.38,237.57,13.9
Mandya,B0155 krishnaraja pet,C1905 bookana kere,1397 bookinakere,213,50.56,26.46,1397,11.0,85.0,4.74,,,,,,,,,,,,,,,,,,,,,,,,,,,,,
Mandya,B0155 krishnaraja pet,C1905 bookana kere,213009339 ballekere,278,50.58,26.69,213009339,15.0,85.0,3.7,6.0,6.0,100.0,0.0,100.0,200.0,200.0,17.0,11.76,23.53,58.82,100.0,100.0,100.0,100.0,0.0,0.0,100.0,100.0,100.0,100.0,0.0,1.0,1.67,0.67,10.5,8.33,233.67,33.3
Mandya,B0155 krishnaraja pet,C1968 dabbeghatta,6459 dabbeghatta,251,59.92,24.66,6459,25.0,90.0,-1.44,,,,,,,,,,,,,,,,,,,,,,,,,,,,,
Mandya,B0155 krishnaraja pet,C2025 gandhinagara,1683 chowdena hally,241,51.72,28.85,1683,10.0,90.0,6.7,,,,,,,,,,,,,,,,,,,,,,,,,,,,,
Mandya,B0155 krishnaraja pet,C2025 gandhinagara,2642 hirekalale,215,48.56,22.26,2642,20.0,75.0,3.46,,,,,,,,,,,,,,,,,,,,,,,,,,,,,
Mandya,B0155 krishnaraja pet,C2028 ganjigere,2058 ganjigere,281,45.89,28.47,2058,5.0,85.0,4.23,16.0,15.0,93.75,6.25,100.0,564.0,336.0,28.0,12.0,10.71,50.0,100.0,100.0,60.0,100.0,6.67,0.0,100.0,93.33,100.0,100.0,6.67,1.07,1.8,0.33,6.67,6.6,236.83,22.4
Mandya,B0155 krishnaraja pet,C2101 haralahally,2451 haralahally,205,49.95,25.74,2451,20.0,85.0,10.34,,,,,,,,,,,,,,,,,,,,,,,,,,,,,
Mandya,B0155 krishnaraja pet,C2105 harirayanahalli,554 agraharabachahally,197,52.64,24.19,554,20.0,85.0,4.34,,,,,,,,,,,,,,,,,,,,,,,,,,,,,
Mandya,B0155 krishnaraja pet,C2187 ikanahally,2932 ikanahally,165,54.94,28.14,2932,17.0,95.0,15.59,,,,,,,,,,,,,,,,,,,,,,,,,,,,,
Mandya,B0155 krishnaraja pet,C2187 ikanahally,3604 kikkeri,121,54.09,29.57,3604,15.0,95.0,9.33,10.0,6.0,60.0,40.0,100.0,1314.0,514.0,22.0,23.36,54.55,45.45,83.33,100.0,33.33,100.0,16.67,16.67,100.0,100.0,83.33,83.33,33.33,1.17,1.5,2.5,6.0,3.83,241.6,85.7
Mandya,B0155 krishnaraja pet,C2187 ikanahally,6619 lakshmipura,206,54.25,25.04,6619,20.0,90.0,0.77,,,,,,,,,,,,,,,,,,,,,,,,,,,,,
Mandya,B0155 krishnaraja pet,C2197 jagina kere,5094 ranganathapura cross,143,48.32,25.85,5094,15.0,80.0,4.1,10.0,10.0,100.0,0.0,100.0,162.0,162.0,15.0,10.8,20.0,60.0,100.0,100.0,40.0,100.0,10.0,0.0,100.0,90.0,90.0,100.0,10.0,0.9,2.5,0.1,9.2,5.3,235.6,16.2
Mandya,B0155 krishnaraja pet,C2197 jagina kere,5240 sarangi,180,45.0,26.05,5240,14.5,80.5,8.47,8.0,8.0,100.0,0.0,100.0,416.0,416.0,22.0,18.91,40.91,81.82,100.0,100.0,100.0,100.0,12.5,12.5,100.0,100.0,100.0,87.5,0.0,1.5,2.0,0.38,12.38,7.25,237.25,52.0
Mandya,B0155 krishnaraja pet,C2329 krishnaraja pet,4576 murukana hally,211,52.54,26.68,4576,15.0,85.0,-0.16,,,,,,,,,,,,,,,,,,,,,,,,,,,,,
Mandya,B0155 krishnaraja pet,C2403 mandagere,4227 mandagere,226,49.14,27.06,4227,10.0,85.0,-3.33,12.0,12.0,100.0,0.0,100.0,421.0,421.0,21.0,20.05,19.05,23.81,100.0,100.0,58.33,100.0,0.0,0.0,100.0,100.0,83.33,91.67,0.0,1.08,2.42,0.17,3.92,4.42,237.86,35.1
Mandya,B0155 krishnaraja pet,C2583 santhe bacha hally,5219 santhebachahally,127,52.05,26.64,5219,18.0,85.0,4.89,,,,,,,,,,,,,,,,,,,,,,,,,,,,,
Mandya,B0155 krishnaraja pet,C2605 shilanere,5319 sheelanere,248,51.07,24.35,5319,18.5,80.0,3.65,,,,,,,,,,,,,,,,,,,,,,,,,,,,,
Mandya,B0155 krishnaraja pet,C2625 sindhaghatta,5419 sindughatta,144,49.9,31.92,5419,5.0,90.0,13.57,,,,,,,,,,,,,,,,,,,,,,,,,,,,,
Mandya,B0155 krishnaraja pet,C2633 somana hally,213009337 somana hally,233,58.84,25.22,213009337,20.0,85.0,11.11,,,,,,,,,,,,,,,,,,,,,,,,,,,,,
Mandya,B0155 krishnaraja pet,C2673 tendekere,5712 thendekere,246,49.82,26.63,5712,15.0,85.0,6.27,,,,,,,,,,,,,,,,,,,,,,,,,,,,,
Mandya,B0158 mandya north,C0680 holalu,2277 h. malligere,72,53.82,27.67,2277,10.0,85.0,-3.59,5.0,4.0,80.0,20.0,100.0,703.0,283.0,13.0,21.77,69.23,46.15,100.0,100.0,100.0,100.0,75.0,0.0,100.0,50.0,75.0,100.0,25.0,1.75,6.75,0.75,0.75,2.25,227.0,70.8
Mandya,B0158 mandya north,C0680 holalu,2712 holalu,131,66.22,27.27,2712,20.0,95.0,-9.23,4.0,2.0,50.0,50.0,100.0,794.0,171.0,10.0,17.1,80.0,70.0,100.0,100.0,100.0,100.0,100.0,50.0,100.0,100.0,100.0,100.0,0.0,1.5,6.0,0.0,0.0,0.0,232.0,85.5
Mandya,B0158 mandya north,C1827 baby,3316 kambadahalli,71,64.72,24.01,3316,30.0,95.0,11.04,3.0,3.0,100.0,0.0,100.0,42.0,42.0,2.0,21.0,100.0,100.0,100.0,100.0,100.0,100.0,100.0,0.0,100.0,100.0,100.0,100.0,0.0,1.0,3.0,7.33,1.0,2.0,,14.0
Mandya,B0158 mandya north,C1827 baby,887 baby,232,50.41,28.72,887,10.0,85.0,3.85,8.0,8.0,100.0,0.0,100.0,248.0,248.0,15.0,16.53,46.67,53.33,100.0,100.0,100.0,100.0,62.5,0.0,100.0,75.0,87.5,100.0,0.0,1.25,2.25,1.25,2.12,3.38,236.17,31.0
Mandya,B0158 mandya north,C1858 basaralu,1079 basaralu,221,53.28,25.41,1079,15.0,85.0,-7.84,14.0,14.0,100.0,0.0,100.0,656.0,656.0,23.0,28.52,43.48,52.17,100.0,100.0,85.71,100.0,78.57,7.14,92.86,100.0,100.0,100.0,14.29,1.64,2.21,0.79,1.0,4.5,234.67,46.9
Mandya,B0158 mandya north,C1882 bevkal,1249 bevakallu,254,50.16,25.34,1249,15.0,85.0,-2.43,,,,,,,,,,,,,,,,,,,,,,,,,,,,,
Mandya,B0158 mandya north,C1893 bilidegulu,2842 hulivana,155,67.03,25.37,2842,30.0,95.0,9.17,5.0,5.0,100.0,0.0,100.0,144.0,144.0,14.0,10.29,71.43,50.0,100.0,100.0,100.0,100.0,60.0,0.0,100.0,100.0,100.0,100.0,0.0,1.6,4.0,1.0,4.2,4.8,241.0,28.8
Mandya,B0158 mandya north,C1893 bilidegulu,868 b. hosuru,213,70.54,17.09,868,45.0,85.0,5.12,,,,,,,,,,,,,,,,,,,,,,,,,,,,,
Mandya,B0158 mandya north,C1927 chandagalu,1485 chandagalu,145,57.41,26.56,1485,15.0,90.0,11.35,4.5,4.0,92.85499999999999,7.145,100.0,191.5,126.0,10.5,11.1,78.33,63.335,100.0,100.0,91.66499999999999,100.0,50.0,8.335,100.0,100.0,100.0,100.0,8.335,1.5,3.835,0.585,1.085,8.585,236.0,30.0
Mandya,B0158 mandya north,C1927 chandagalu,213009022 keragodu (mandya),101,65.05,23.73,213009022,30.0,95.0,4.09,,,,,,,,,,,,,,,,,,,,,,,,,,,,,
Mandya,B0158 mandya north,C1927 chandagalu,2852 hullenahalli,240,47.88,24.38,2852,15.0,80.0,-1.25,8.0,8.0,100.0,0.0,100.0,460.0,460.0,27.0,17.04,55.56,55.56,100.0,100.0,75.0,100.0,75.0,0.0,100.0,75.0,87.5,87.5,0.0,1.62,2.62,1.62,1.5,2.75,234.5,57.5
Mandya,B0158 mandya north,C1999 doddagarudanahalli,1893 doddagarudanahalli,193,51.58,24.15,1893,20.0,84.0,2.61,7.0,7.0,100.0,0.0,100.0,212.0,212.0,11.0,19.27,63.64,63.64,100.0,100.0,85.71,100.0,85.71,0.0,100.0,85.71,100.0,100.0,0.0,1.29,3.0,1.43,1.29,3.43,232.0,30.3
Mandya,B0158 mandya north,C1999 doddagarudanahalli,5912 upparakanahalli,173,54.25,25.59,5912,20.0,85.0,8.17,6.0,6.0,100.0,0.0,100.0,199.0,199.0,19.0,10.47,63.16,63.16,100.0,100.0,83.33,100.0,66.67,0.0,100.0,100.0,66.67,100.0,16.67,1.17,2.67,1.17,1.17,4.0,239.5,33.2
Mandya,B0158 mandya north,C2002 doddakottagere,3664 kodiyala,85,50.82,27.69,3664,12.0,88.0,11.23,,,,,,,,,,,,,,,,,,,,,,,,,,,,,
Mandya,B0158 mandya north,C2002 doddakottagere,5386 shivapura,111,62.16,26.13,5386,25.0,95.0,-2.0,3.0,3.0,100.0,0.0,100.0,87.0,87.0,9.0,9.67,44.44,55.56,100.0,100.0,100.0,100.0,33.33,0.0,100.0,100.0,100.0,100.0,0.0,1.0,2.67,0.67,0.67,0.0,220.0,29.0
Mandya,B0158 mandya north,C2002 doddakottagere,5919 uppurakana hally,132,69.62,23.41,5919,35.0,95.0,4.25,,,,,,,,,,,,,,,,,,,,,,,,,,,,,
Mandya,B0158 mandya north,C2013 dudda,1955 dudda,131,56.56,22.76,1955,30.0,90.0,7.32,8.0,8.0,100.0,0.0,100.0,468.0,468.0,27.0,17.33,66.67,51.85,100.0,100.0,75.0,100.0,75.0,0.0,100.0,62.5,100.0,87.5,0.0,1.5,2.75,1.5,1.5,1.88,230.33,58.5
Mandya,B0158 mandya north,C2013 dudda,4486 mudaganduru,178,49.94,21.71,4486,20.0,85.0,2.83,,,,,,,,,,,,,,,,,,,,,,,,,,,,,
Mandya,B0158 mandya north,C2080 hallegere,2355 hallegere,128,69.22,23.24,2355,33.5,95.0,10.12,9.0,9.0,100.0,0.0,100.0,704.0,704.0,23.0,30.61,52.17,34.78,100.0,100.0,88.89,100.0,77.78,11.11,100.0,100.0,100.0,77.78,0.0,1.67,5.22,0.0,0.44,1.56,237.33,78.2
Mandya,B0158 mandya north,C2209 jodihodaghatta,2699 hodaghatta,139,66.33,18.34,2699,45.0,90.0,2.94,6.0,6.0,100.0,0.0,100.0,142.0,142.0,15.0,9.47,40.0,73.33,100.0,100.0,83.33,83.33,100.0,0.0,100.0,83.33,83.33,100.0,0.0,1.0,3.5,0.67,1.5,4.0,232.0,23.7
Mandya,B0158 mandya north,C2209 jodihodaghatta,4287 maragowdanahalli,116,70.91,18.69,4287,50.0,95.0,10.01,3.0,3.0,100.0,0.0,100.0,211.0,211.0,8.0,26.38,50.0,0.0,100.0,100.0,100.0,100.0,100.0,0.0,100.0,66.67,33.33,100.0,0.0,3.0,5.67,1.0,1.0,5.33,220.0,70.3
Mandya,B0158 mandya north,C2286 keelara,3525 keelara,111,40.99,27.97,3525,10.0,85.0,8.72,2.0,2.0,100.0,0.0,100.0,170.0,170.0,7.0,24.29,71.43,100.0,100.0,100.0,100.0,100.0,50.0,50.0,100.0,50.0,100.0,100.0,50.0,2.5,8.5,4.5,3.0,4.5,237.0,85.0
Mandya,B0158 mandya north,C2286 keelara,597 alakere,179,53.02,24.74,597,20.0,85.0,9.12,5.0,5.0,100.0,0.0,100.0,187.0,187.0,13.0,14.38,69.23,53.85,100.0,100.0,60.0,80.0,100.0,0.0,100.0,80.0,100.0,100.0,0.0,1.4,2.8,0.6,0.6,0.0,232.0,37.4
Mandya,B0158 mandya north,C2291 keregodu,3556 keragodu,189,53.49,24.98,3556,19.0,85.0,9.01,,,,,,,,,,,,,,,,,,,,,,,,,,,,,
Mandya,B0158 mandya north,C2461 muttegere,2005 g. malligere,108,65.28,22.6,2005,25.0,90.0,5.73,6.0,6.0,100.0,0.0,100.0,159.0,159.0,7.0,22.71,42.86,71.43,100.0,100.0,100.0,100.0,50.0,0.0,100.0,100.0,83.33,100.0,0.0,1.33,2.67,0.5,0.5,2.0,222.0,26.5
Mandya,B0158 mandya north,C2461 muttegere,4600 muttegere,191,48.72,25.23,4600,15.0,80.0,4.26,,,,,,,,,,,,,,,,,,,,,,,,,,,,,
Mandya,B0158 mandya north,C2613 shivalli,2035 ganadalu,123,51.5,29.12,2035,6.0,90.0,12.09,3.0,3.0,100.0,0.0,100.0,89.0,89.0,7.0,12.71,100.0,57.14,100.0,100.0,66.67,100.0,66.67,0.0,100.0,100.0,100.0,100.0,0.0,1.33,4.67,0.67,0.67,0.0,,29.7
Mandya,B0158 mandya north,C2613 shivalli,5378 shivalli,155,58.29,24.6,5378,22.0,90.0,0.91,7.0,6.0,85.71,14.29,100.0,340.0,267.0,15.0,17.8,60.0,66.67,100.0,100.0,83.33,100.0,83.33,16.67,100.0,100.0,100.0,100.0,33.33,1.67,3.83,2.5,1.67,4.67,233.0,44.5
Mandya,B0159 mandya south,C1746 yeliyur,2950 induvalu,179,53.44,27.85,2950,15.0,90.0,-5.31,7.0,4.0,57.14,42.86,100.0,1074.0,197.0,11.0,17.91,81.82,54.55,100.0,100.0,25.0,100.0,100.0,0.0,100.0,100.0,75.0,100.0,0.0,1.5,4.0,1.25,7.0,0.0,,49.2
Mandya,B0159 mandya south,C1746 yeliyur,5744 thoobina kere,149,52.21,26.93,5744,15.0,90.0,-2.21,,,,,,,,,,,,,,,,,,,,,,,,,,,,,
Mandya,B0159 mandya south,C1746 yeliyur,6641 yaliyuru,42,54.17,27.34,6641,20.0,90.0,-22.36,,,,,,,,,,,,,,,,,,,,,,,,,,,,,
Mandya,B0159 mandya south,C2041 gopala pura,2145 gopalapura,73,61.99,29.19,2145,20.0,95.0,-5.76,8.0,7.0,87.5,12.5,100.0,648.0,307.0,24.0,12.79,58.33,54.17,100.0,100.0,42.86,100.0,100.0,0.0,100.0,100.0,71.43,100.0,0.0,1.29,3.43,1.0,6.29,0.57,221.0,43.9
Mandya,B0159 mandya south,C2041 gopala pura,4238 mandya rural,184,58.94,30.2,4238,20.0,95.0,12.01,2.0,2.0,100.0,0.0,100.0,45.0,45.0,4.0,11.25,75.0,50.0,100.0,100.0,50.0,100.0,50.0,0.0,100.0,100.0,50.0,100.0,0.0,1.0,4.0,1.0,7.0,0.0,242.0,22.5
Mandya,B0159 mandya south,C2041 gopala pura,5259 sathanooru,136,53.42,26.5,5259,15.0,90.0,5.63,,,,,,,,,,,,,,,,,,,,,,,,,,,,,
Mandya,B0159 mandya south,C2076 hale boodanooru,1393 boodanooru,127,47.72,28.76,1393,10.0,90.0,11.71,,,,,,,,,,,,,,,,,,,,,,,,,,,,,
Mandya,B0159 mandya south,C2076 hale boodanooru,2388 hanakere,45,60.78,26.31,2388,27.0,95.0,0.19,6.0,5.0,83.33,16.67,100.0,670.0,456.0,20.0,22.8,80.0,80.0,100.0,100.0,60.0,100.0,80.0,20.0,100.0,100.0,80.0,80.0,0.0,1.6,5.6,0.8,4.8,0.4,,91.2
Mandya,B0159 mandya south,C2076 hale boodanooru,5902 ummada hally,129,59.88,30.28,5902,15.0,100.0,6.71,,,,,,,,,,,,,,,,,,,,,,,,,,,,,
Mandya,B0159 mandya south,C2256 kannali,3385 kannali,122,45.29,26.49,3385,10.0,84.5,12.22,2.0,2.0,100.0,0.0,100.0,145.0,145.0,6.0,24.17,66.67,83.33,100.0,100.0,50.0,100.0,50.0,0.0,100.0,100.0,100.0,100.0,0.0,1.0,3.0,0.5,0.5,0.5,,72.5
Mandya,B0159 mandya south,C2256 kannali,6456 belur,160,58.5,26.26,6456,20.0,90.5,5.9,7.0,5.0,71.43,28.57,100.0,691.0,165.0,12.0,13.75,83.33,50.0,100.0,100.0,60.0,100.0,60.0,0.0,100.0,100.0,80.0,100.0,20.0,1.2,5.0,0.8,6.8,0.2,,33.0
Mandya,B0159 mandya south,C2256 kannali,875 b.gowdagere,153,48.56,25.22,875,20.0,80.0,11.55,2.0,2.0,100.0,0.0,100.0,85.0,85.0,4.0,21.25,75.0,25.0,100.0,100.0,50.0,100.0,100.0,50.0,100.0,100.0,50.0,100.0,50.0,1.5,5.5,1.0,6.0,0.5,,42.5
Mandya,B0159 mandya south,C2325 kothathi,1251 bevina hally,108,56.57,28.02,1251,10.0,90.0,-3.12,,,,,,,,,,,,,,,,,,,,,,,,,,,,,
Mandya,B0159 mandya south,C2325 kothathi,3800 kothathi,82,57.26,26.66,3800,20.0,90.0,-6.52,6.0,5.0,83.33,16.67,100.0,483.0,390.0,18.0,21.67,33.33,27.78,100.0,100.0,40.0,100.0,80.0,0.0,100.0,100.0,100.0,100.0,0.0,2.8,5.6,1.0,5.6,2.2,,78.0
Mandya,B0159 mandya south,C2325 kothathi,5226 santhekasalagere,175,65.06,26.09,5226,27.0,95.0,2.63,4.0,2.0,50.0,50.0,100.0,260.0,153.0,10.0,15.3,90.0,30.0,100.0,100.0,50.0,100.0,100.0,0.0,100.0,100.0,50.0,100.0,0.0,1.5,2.5,1.0,1.0,6.0,241.0,76.5
Mandya,B0159 mandya south,C2636 soonagahally,2369 haluvadi,182,54.09,31.42,2369,10.0,95.0,7.32,4.0,3.0,75.0,25.0,100.0,395.0,235.0,12.0,19.58,75.0,16.67,100.0,100.0,66.67,100.0,100.0,33.33,100.0,100.0,100.0,100.0,0.0,1.67,1.67,1.33,6.0,2.0,240.0,78.3
Mandya,B0159 mandya south,C2636 soonagahally,5482 soonagahally,223,52.49,26.77,5482,15.0,85.0,1.25,,,,,,,,,,,,,,,,,,,,,,,,,,,,,
Mandya,B0159 mandya south,C2677 thagga hally,5675 thaggahally,184,55.54,27.25,5675,20.0,90.0,7.02,,,,,,,,,,,,,,,,,,,,,,,,,,,,,
Mandya,B0159 mandya south,C2677 thagga hally,6255 mangala,259,62.57,26.98,6255,25.0,95.0,4.0,6.0,5.0,83.33,16.67,100.0,331.0,296.0,16.0,18.5,56.25,37.5,100.0,100.0,80.0,100.0,80.0,20.0,100.0,100.0,60.0,100.0,0.0,1.2,5.4,1.2,2.2,2.2,241.0,59.2
Mysuru,B0104 nanjanagud,C0252 biligere,213009613 biligere,94,49.1,30.54,213009613,5.0,90.0,18.66,9.0,9.0,100.0,0.0,100.0,582.0,582.0,36.0,16.17,66.67,75.0,100.0,100.0,100.0,100.0,100.0,22.22,100.0,100.0,100.0,100.0,0.0,1.33,2.22,1.0,16.11,3.67,235.0,64.7
Mysuru,B0104 nanjanagud,C0421 dodda kavalande,1904 doddakavalande,125,49.4,35.9,1904,5.0,95.0,-1.96,,,,,,,,,,,,,,,,,,,,,,,,,,,,,
Mysuru,B0104 nanjanagud,C0421 dodda kavalande,4815 nerale,260,51.46,26.67,4815,15.0,85.0,7.37,3.0,3.0,100.0,0.0,100.0,324.0,324.0,13.0,24.92,53.85,92.31,100.0,100.0,100.0,100.0,100.0,0.0,100.0,100.0,100.0,100.0,0.0,1.0,3.33,1.0,8.0,4.67,238.67,108.0
Mysuru,B0104 nanjanagud,C0638 heggadahalli,2557 heggada halli,184,67.64,25.48,2557,30.0,100.0,6.05,,,,,,,,,,,,,,,,,,,,,,,,,,,,,
Mysuru,B0104 nanjanagud,C0638 heggadahalli,5361 shirmalli,248,44.88,28.03,5361,5.0,85.0,10.01,,,,,,,,,,,,,,,,,,,,,,,,,,,,,
Mysuru,B0104 nanjanagud,C0643 hemmaragala,2546 hedathale,259,45.85,25.81,2546,10.0,85.0,5.28,6.0,6.0,100.0,0.0,100.0,472.0,472.0,22.0,21.45,45.45,45.45,100.0,100.0,83.33,100.0,100.0,33.33,100.0,100.0,83.33,100.0,0.0,1.83,4.33,3.33,10.67,4.33,235.0,78.7
Mysuru,B0104 nanjanagud,C0643 hemmaragala,2576 hemmaragala,377,48.41,26.95,2576,10.0,85.0,0.86,5.0,4.0,80.0,20.0,100.0,908.0,816.0,27.0,30.22,66.67,74.07,100.0,100.0,100.0,100.0,100.0,0.0,100.0,100.0,100.0,100.0,25.0,2.75,7.75,1.0,12.5,5.5,234.67,204.0
Mysuru,B0104 nanjanagud,C0720 hulimavu,2298 hadinaru,332,55.66,25.53,2298,20.0,85.0,6.92,4.0,4.0,100.0,0.0,100.0,577.0,577.0,26.0,22.19,57.69,69.23,100.0,100.0,100.0,100.0,100.0,0.0,100.0,100.0,100.0,75.0,33.33,3.25,7.25,2.0,7.75,4.0,238.67,144.2
Mysuru,B0104 nanjanagud,C0720 hulimavu,2841 hulimavu,398,58.19,25.98,2841,20.0,90.0,5.57,5.0,5.0,100.0,0.0,100.0,319.0,319.0,18.0,17.72,61.11,55.56,100.0,100.0,80.0,100.0,80.0,20.0,100.0,100.0,100.0,100.0,0.0,2.2,3.2,1.0,12.8,10.2,240.8,63.8
Mysuru,B0104 nanjanagud,C0724 hullahalli,1956 dugga halli,80,75.0,21.06,1956,44.5,95.0,8.59,,,,,,,,,,,,,,,,,,,,,,,,,,,,,
Mysuru,B0104 nanjanagud,C0724 hullahalli,2308 haginavalu,264,56.4,25.48,2308,21.5,90.0,4.26,4.0,4.0,100.0,0.0,100.0,527.0,527.0,20.0,26.35,60.0,70.0,100.0,100.0,100.0,100.0,100.0,25.0,100.0,100.0,75.0,75.0,0.0,2.0,4.25,1.0,11.0,1.5,234.67,131.8
Mysuru,B0104 nanjanagud,C0724 hullahalli,2847 hulla halli,225,60.89,26.89,2847,20.0,93.0,3.17,,,,,,,,,,,,,,,,,,,,,,,,,,,,,
Mysuru,B0104 nanjanagud,C0843 kalale,3238 kalale,318,50.27,25.94,3238,15.0,85.0,11.82,4.0,3.0,75.0,25.0,100.0,727.0,332.0,13.0,25.54,61.54,61.54,100.0,100.0,66.67,100.0,100.0,33.33,100.0,100.0,100.0,100.0,33.33,2.0,4.67,1.0,11.33,11.33,240.33,110.7
Mysuru,B0104 nanjanagud,C0843 kalale,4769 naviluru,166,52.59,26.51,4769,15.0,90.0,0.24,4.0,4.0,100.0,0.0,100.0,364.0,364.0,18.0,20.22,50.0,55.56,100.0,100.0,100.0,100.0,100.0,0.0,100.0,100.0,100.0,100.0,0.0,1.25,4.25,1.25,11.5,6.25,241.33,91.0
Mysuru,B0104 nanjanagud,C1551 sutturu,5568 sutturu,258,54.4,29.1,5568,10.0,90.0,13.32,,,,,,,,,,,,,,,,,,,,,,,,,,,,,
Mysuru,B0104 nanjanagud,C1551 sutturu,5704 thayur,143,36.64,26.09,5704,5.0,75.0,2.11,,,,,,,,,,,,,,,,,,,,,,,,,,,,,
Mysuru,B0104 nanjanagud,C1586 thagadur,3472 karya,132,52.69,35.98,3472,5.0,95.0,-15.81,8.0,7.0,87.5,12.5,100.0,506.0,455.0,23.0,19.78,34.78,78.26,100.0,100.0,100.0,100.0,100.0,57.14,100.0,100.0,100.0,100.0,0.0,1.0,3.0,6.57,13.14,6.29,191.6,65.0
Mysuru,B0104 nanjanagud,C1586 thagadur,5674 thagadur,397,41.17,30.68,5674,5.0,90.0,5.04,,,,,,,,,,,,,,,,,,,,,,,,,,,,,
Mysuru,B0104 nanjanagud,C1591 thandava pura,3539 kempi siddana hundi,331,58.41,23.82,3539,25.0,85.0,7.09,,,,,,,,,,,,,,,,,,,,,,,,,,,,,
Mysuru,B0104 nanjanagud,C1591 thandava pura,5690 thandava pura,233,53.58,25.23,5690,15.0,85.0,6.4,,,,,,,,,,,,,,,,,,,,,,,,,,,,,
Mysuru,B0104 nanjanagud,C1974 debur,1756 debur,262,59.62,29.81,1756,15.0,95.0,-1.1,,,,,,,,,,,,,,,,,,,,,,,,,,,,,
Mysuru,B0104 nanjanagud,C1974 debur,1813 deveerammana halli,220,53.36,26.44,1813,15.0,90.0,3.45,,,,,,,,,,,,,,,,,,,,,,,,,,,,,
Mysuru,B0104 nanjanagud,C2153 hosa kote,213009383 hosakote,269,53.01,25.81,213009383,15.0,85.0,13.59,6.0,6.0,100.0,0.0,100.0,296.0,296.0,19.0,15.58,68.42,63.16,100.0,100.0,83.33,100.0,100.0,16.67,83.33,100.0,83.33,100.0,0.0,1.0,3.17,2.83,11.5,1.83,239.8,49.3
Mysuru,B0104 nanjanagud,C2153 hosa kote,5764 thummanerale,74,53.58,29.64,5764,20.0,93.5,5.17,,,,,,,,,,,,,,,,,,,,,,,,,,,,,
Mysuru,B0104 nanjanagud,C2332 kudlapura,3834 kudlapura,293,40.34,31.83,3834,0.0,90.0,6.47,,,,,,,,,,,,,,,,,,,,,,,,,,,,,
Mysuru,B0104 nanjanagud,C2474 nagarle,2769 horalavadi,187,72.25,22.88,2769,35.0,100.0,8.54,7.0,6.0,85.71,14.29,100.0,697.0,432.0,23.0,18.78,65.22,60.87,100.0,100.0,83.33,100.0,100.0,33.33,100.0,100.0,100.0,100.0,0.0,1.5,5.17,4.0,13.17,4.33,242.2,72.0
Mysuru,B0104 nanjanagud,C2474 nagarle,4660 nagarle,225,52.53,25.33,4660,15.0,85.0,10.91,8.0,7.0,87.5,12.5,100.0,634.0,376.0,24.0,15.67,54.17,45.83,100.0,100.0,100.0,100.0,100.0,28.57,85.71,100.0,100.0,85.71,0.0,1.14,1.86,1.43,12.57,4.57,239.0,53.7
Mysuru,B0104 nanjanagud,C2782 badanavalu,1803 devarasana halli,192,55.94,21.3,1803,30.0,85.0,4.1,,,,,,,,,,,,,,,,,,,,,,,,,,,,,
Mysuru,B0104 nanjanagud,C2782 badanavalu,908 badanavalu,156,46.89,26.71,908,12.5,85.0,2.55,7.0,7.0,100.0,0.0,100.0,633.0,633.0,35.0,18.09,68.57,68.57,100.0,100.0,85.71,100.0,100.0,28.57,85.71,71.43,85.71,71.43,0.0,3.29,3.71,3.0,11.57,9.14,237.0,90.4
Mysuru,B0104 nanjanagud,C2790 bidaragudu,4294 maraluru,126,43.02,27.9,4294,0.0,85.0,5.66,4.0,4.0,100.0,0.0,100.0,467.0,467.0,30.0,15.57,70.0,76.67,100.0,100.0,100.0,100.0,100.0,25.0,100.0,100.0,100.0,100.0,0.0,3.0,5.0,4.0,9.25,6.0,240.5,116.8
Mysuru,B0104 nanjanagud,C2790 bidaragudu,6269 rampura,166,72.89,22.23,6269,40.0,100.0,3.41,5.0,5.0,100.0,0.0,100.0,440.0,440.0,30.0,14.67,63.33,60.0,100.0,100.0,100.0,100.0,100.0,0.0,80.0,80.0,100.0,100.0,0.0,2.4,6.2,3.6,11.2,8.0,240.0,88.0
Mysuru,B0104 nanjanagud,C2807 dasanur,1747 dasanur,142,48.7,28.99,1747,10.0,85.0,10.14,10.0,10.0,100.0,0.0,100.0,434.0,434.0,25.0,17.36,48.0,64.0,100.0,100.0,100.0,100.0,100.0,0.0,100.0,100.0,100.0,100.0,0.0,1.2,2.9,2.5,9.6,4.9,236.67,43.4
Mysuru,B0104 nanjanagud,C2807 dasanur,6437 konanur,87,52.93,32.26,6437,8.0,92.0,0.14,5.0,5.0,100.0,0.0,100.0,229.0,229.0,14.0,16.36,64.29,64.29,100.0,100.0,100.0,100.0,100.0,0.0,100.0,100.0,100.0,100.0,0.0,1.4,2.4,1.0,15.4,7.8,191.4,45.8
Mysuru,B0104 nanjanagud,C2811 devanuru,1785 devanuru,84,58.27,24.78,1785,30.0,93.5,7.59,,,,,,,,,,,,,,,,,,,,,,,,,,,,,
Mysuru,B0104 nanjanagud,C2811 devanuru,4200 mallupura,202,58.74,25.34,4200,25.0,94.5,2.26,6.0,6.0,100.0,0.0,100.0,419.0,419.0,23.0,18.22,65.22,69.57,100.0,100.0,83.33,100.0,100.0,33.33,100.0,100.0,100.0,100.0,0.0,1.67,4.67,5.0,7.0,5.0,238.0,69.8
Mysuru,B0104 nanjanagud,C2813 devarayashettipura,1804 devaraya shetty pura,143,57.27,33.42,1804,10.0,95.0,1.23,,,,,,,,,,,,,,,,,,,,,,,,,,,,,
Mysuru,B0104 nanjanagud,C2833 hadya,2302 hadya,114,40.66,29.39,2302,5.0,85.0,7.31,6.0,6.0,100.0,0.0,100.0,176.0,176.0,12.0,14.67,41.67,75.0,100.0,100.0,100.0,100.0,100.0,0.0,100.0,100.0,83.33,100.0,0.0,1.33,3.17,1.33,14.83,10.5,239.8,29.3
Mysuru,B0104 nanjanagud,C2845 hediyala,2552 hediyala,245,37.78,27.73,2552,2.0,78.0,9.11,14.0,13.0,92.86,7.14,100.0,1010.0,764.0,40.0,19.1,60.0,75.0,100.0,100.0,100.0,92.31,100.0,0.0,100.0,92.31,92.31,84.62,0.0,1.15,3.0,2.62,9.69,5.54,236.44,58.8
Mysuru,B0104 nanjanagud,C2853 hura,2354 hallare,152,52.96,24.03,2354,20.0,85.0,1.52,6.0,5.0,83.33,16.67,100.0,674.0,616.0,27.0,22.81,70.37,62.96,100.0,100.0,60.0,100.0,100.0,20.0,100.0,100.0,100.0,80.0,0.0,1.2,4.4,1.0,14.4,1.8,233.33,123.2
Mysuru,B0104 nanjanagud,C2853 hura,2891 hura,75,57.73,25.71,2891,20.0,90.0,0.11,7.0,6.0,85.71,14.29,100.0,945.0,587.0,29.0,20.24,62.07,82.76,100.0,100.0,100.0,100.0,100.0,33.33,83.33,66.67,83.33,83.33,0.0,2.67,4.17,1.17,11.67,2.5,234.2,97.8
Mysuru,B0104 nanjanagud,C2868 kanenuru,2439 haradana halli,184,59.24,27.47,2439,16.5,90.0,1.03,,,,,,,,,,,,,,,,,,,,,,,,,,,,,
Mysuru,B0104 nanjanagud,C2868 kanenuru,3927 kuri hundi,132,56.74,24.7,3927,25.0,90.0,8.88,,,,,,,,,,,,,,,,,,,,,,,,,,,,,
Mysuru,B0104 nanjanagud,C2870 kappasoge,4804 nellithala pura,151,49.93,34.8,4804,5.0,95.0,10.99,,,,,,,,,,,,,,,,,,,,,,,,,,,,,
Mysuru,B0104 nanjanagud,C2872 kasuvina halli,3478 kasuvinahalli,191,48.32,27.24,3478,10.0,85.0,4.04,8.0,7.0,87.5,12.5,100.0,503.0,414.0,22.0,18.82,63.64,54.55,100.0,100.0,100.0,100.0,100.0,0.0,100.0,100.0,100.0,100.0,0.0,1.29,2.43,3.57,11.43,4.86,238.4,59.1
Mysuru,B0133 t.n.pura,C0162 bannur,1117 beedana halli,45,49.56,25.11,1117,20.0,88.0,9.76,,,,,,,,,,,,,,,,,,,,,,,,,,,,,
Mysuru,B0133 t.n.pura,C0162 bannur,2569 hegguru,201,54.43,28.31,2569,15.0,90.0,9.49,6.0,6.0,100.0,0.0,100.0,231.0,231.0,19.0,12.16,57.89,68.42,100.0,100.0,83.33,100.0,0.0,0.0,100.0,100.0,100.0,100.0,0.0,1.0,3.17,0.83,8.17,24.5,239.67,38.5
Mysuru,B0133 t.n.pura,C0283 c b hundi,2577 hemmige,167,51.41,33.49,2577,10.0,95.0,-3.11,10.0,10.0,100.0,0.0,100.0,502.0,502.0,29.0,17.31,51.72,48.28,100.0,100.0,100.0,100.0,60.0,10.0,100.0,90.0,90.0,100.0,0.0,1.3,2.8,0.3,10.9,9.4,238.88,50.2
Mysuru,B0133 t.n.pura,C0283 c b hundi,5574 t doddapura,218,52.2,28.03,5574,15.0,90.0,-2.82,7.0,7.0,100.0,0.0,100.0,271.0,271.0,21.0,12.9,52.38,66.67,100.0,100.0,85.71,100.0,71.43,14.29,85.71,100.0,100.0,85.71,0.0,0.86,2.43,0.57,10.14,8.86,211.83,38.7
Mysuru,B0133 t.n.pura,C0319 chidaravalli,1866 dodda hebbagilu,295,48.9,26.13,1866,10.0,85.0,10.74,,,,,,,,,,,,,,,,,,,,,,,,,,,,,
Mysuru,B0133 t.n.pura,C0319 chidaravalli,3698 kolathuru,109,50.87,27.66,3698,15.0,90.0,8.8,8.0,8.0,100.0,0.0,100.0,368.0,368.0,25.0,14.72,44.0,72.0,100.0,100.0,75.0,100.0,50.0,0.0,75.0,100.0,100.0,100.0,0.0,1.25,2.0,0.25,7.88,7.38,234.14,46.0
Mysuru,B0133 t.n.pura,C0934 kethupura,3598 khethupura,261,52.76,24.67,3598,20.0,85.0,3.61,,,,,,,,,,,,,,,,,,,,,,,,,,,,,
Mysuru,B0133 t.n.pura,C0934 kethupura,4179 maliyuru,446,60.83,24.35,4179,25.0,90.0,4.88,8.0,7.0,87.5,12.5,100.0,467.0,405.0,24.0,16.88,50.0,54.17,100.0,100.0,85.71,100.0,0.0,0.0,100.0,100.0,100.0,100.0,0.0,1.29,3.14,0.0,11.57,7.0,240.0,57.9
Mysuru,B0133 t.n.pura,C0934 kethupura,830 atta halli,54,56.02,21.77,830,30.0,85.0,4.05,,,,,,,,,,,,,,,,,,,,,,,,,,,,,
Mysuru,B0133 t.n.pura,C0946 kodagahalli,2431 hanumanalu,13,62.31,14.23,2431,45.0,79.0,18.21,4.0,3.0,75.0,25.0,100.0,414.0,144.0,12.0,12.0,25.0,75.0,100.0,100.0,100.0,100.0,33.33,33.33,100.0,100.0,100.0,100.0,0.0,1.0,7.0,0.33,10.0,5.33,130.5,48.0
Mysuru,B0133 t.n.pura,C0946 kodagahalli,3638 kodaga halli,346,79.86,17.53,3638,55.0,100.0,4.33,,,,,,,,,,,,,,,,,,,,,,,,,,,,,
Mysuru,B0133 t.n.pura,C0946 kodagahalli,5766 thuraganuru,109,65.87,22.29,5766,40.0,95.0,6.65,5.0,3.0,60.0,40.0,100.0,629.0,107.0,6.0,17.83,66.67,100.0,100.0,100.0,100.0,100.0,33.33,0.0,100.0,100.0,100.0,100.0,0.0,1.0,2.67,0.33,12.0,11.33,238.0,35.7
Mysuru,B0133 t.n.pura,C0946 kodagahalli,866 b see halli,83,72.35,19.16,866,50.0,90.0,9.9,,,,,,,,,,,,,,,,,,,,,,,,,,,,,
Mysuru,B0133 t.n.pura,C1106 maliyur,2569 hegguru,86,49.13,27.17,2569,10.0,80.0,-0.7,6.0,6.0,100.0,0.0,100.0,231.0,231.0,19.0,12.16,57.89,68.42,100.0,100.0,83.33,100.0,0.0,0.0,100.0,100.0,100.0,100.0,0.0,1.0,3.17,0.83,8.17,24.5,239.67,38.5
Mysuru,B0133 t.n.pura,C1106 maliyur,724 ankana halli,116,50.6,28.55,724,10.0,90.0,9.7,,,,,,,,,,,,,,,,,,,,,,,,,,,,,
Mysuru,B0133 t.n.pura,C1200 mseehalli,213009614 kothegala,95,60.74,26.75,213009614,22.0,95.0,-0.78,7.0,7.0,100.0,0.0,100.0,378.0,378.0,19.0,19.89,57.89,57.89,100.0,100.0,100.0,85.71,85.71,0.0,100.0,85.71,71.43,100.0,0.0,1.57,3.14,0.29,7.43,5.86,236.5,54.0
Mysuru,B0133 t.n.pura,C1200 mseehalli,3260 kaliyuru,159,72.17,23.43,3260,40.0,95.0,0.79,5.0,5.0,100.0,0.0,100.0,326.0,326.0,19.0,17.16,42.11,42.11,100.0,100.0,100.0,100.0,100.0,40.0,80.0,80.0,100.0,100.0,0.0,1.6,3.2,0.8,9.8,9.8,241.33,65.2
Mysuru,B0133 t.n.pura,C1237 musuvina koppalu,1211 benakana halli,118,58.94,25.82,1211,20.0,90.0,-1.03,,,,,,,,,,,,,,,,,,,,,,,,,,,,,
Mysuru,B0133 t.n.pura,C1237 musuvina koppalu,4596 muttala vadi,232,60.73,28.78,4596,15.0,95.0,6.66,,,,,,,,,,,,,,,,,,,,,,,,,,,,,
Mysuru,B0133 t.n.pura,C1395 rangasamudra,3917 kupya,62,66.45,21.16,3917,35.0,90.0,2.0,2.0,2.0,100.0,0.0,100.0,345.0,345.0,20.0,17.25,70.0,85.0,100.0,100.0,50.0,100.0,0.0,50.0,100.0,100.0,100.0,100.0,0.0,1.5,6.0,1.0,7.0,7.5,241.0,172.5
Mysuru,B0133 t.n.pura,C1395 rangasamudra,6675 rangasamudra,361,66.34,21.96,6675,40.0,95.0,7.28,9.0,7.0,77.78,22.22,100.0,1464.0,383.0,25.0,15.32,68.0,40.0,100.0,100.0,85.71,100.0,14.29,0.0,100.0,100.0,100.0,100.0,0.0,1.0,4.0,0.14,12.0,7.71,240.2,54.7
Mysuru,B0133 t.n.pura,C1530 sosale,5492 sosale,371,55.82,27.65,5492,15.0,90.0,7.92,9.0,8.0,88.89,11.11,100.0,1350.0,1074.0,40.0,26.85,47.5,82.5,100.0,100.0,87.5,87.5,50.0,12.5,75.0,100.0,100.0,75.0,0.0,2.88,3.75,0.62,8.12,7.5,234.0,134.2
Mysuru,B0133 t.n.pura,C1530 sosale,6305 somanathapura,242,46.43,23.71,6305,15.0,80.0,9.39,6.0,5.0,83.33,16.67,100.0,674.0,237.0,16.0,14.81,62.5,31.25,100.0,100.0,60.0,100.0,40.0,0.0,100.0,100.0,100.0,80.0,0.0,1.4,2.6,0.2,8.8,8.2,240.0,47.4
Mysuru,B0133 t.n.pura,C1564 talakadu,5678 thala kadu,431,53.11,30.24,5678,10.0,90.0,0.8,,,,,,,,,,,,,,,,,,,,,,,,,,,,,
Mysuru,B0133 t.n.pura,C1710 yadadore,2072 gargeswari,207,70.17,18.83,2072,45.0,90.0,5.07,,,,,,,,,,,,,,,,,,,,,,,,,,,,,
Mysuru,B0133 t.n.pura,C2078 halekempayyanahundi,5761 thumbala,280,50.52,29.56,5761,9.5,90.0,3.94,4.0,4.0,100.0,0.0,100.0,317.0,317.0,19.0,16.68,73.68,57.89,100.0,100.0,75.0,100.0,100.0,25.0,100.0,100.0,100.0,100.0,25.0,1.25,3.0,0.5,10.0,1.5,243.0,79.2
Mysuru,B0133 t.n.pura,C2078 halekempayyanahundi,6494 hosakote,244,75.49,19.09,6494,50.0,95.0,1.49,6.0,6.0,100.0,0.0,100.0,367.0,367.0,20.0,18.35,75.0,25.0,100.0,100.0,66.67,100.0,50.0,0.0,100.0,100.0,100.0,100.0,0.0,1.0,3.33,0.17,13.0,5.33,240.4,61.2
Mysuru,B0133 t.n.pura,C2379 madhapura,213009407 madapura,264,62.88,22.5,213009407,30.0,90.0,1.74,7.0,5.0,71.43,28.57,100.0,1729.0,400.0,19.0,21.05,57.89,31.58,100.0,100.0,100.0,100.0,80.0,40.0,100.0,100.0,100.0,100.0,0.0,1.4,4.2,0.0,13.6,7.4,238.4,80.0
Mysuru,B0133 t.n.pura,C2379 madhapura,3467 karu hatti,178,43.48,32.65,3467,5.0,90.0,-4.85,,,,,,,,,,,,,,,,,,,,,,,,,,,,,
Mysuru,B0133 t.n.pura,C2430 menasi kyathanahalli,6036 yachenahalli,90,78.44,22.0,6036,45.0,100.0,11.85,2.0,1.0,50.0,50.0,100.0,205.0,97.0,6.0,16.17,100.0,50.0,100.0,100.0,100.0,100.0,0.0,0.0,100.0,100.0,100.0,100.0,0.0,1.0,6.0,1.0,15.0,12.0,236.0,97.0
Mysuru,B0133 t.n.pura,C2450 muguru,4531 muguru,304,57.63,26.72,4531,20.0,90.0,8.85,7.0,6.0,85.71,14.29,100.0,1247.0,1214.0,52.0,23.35,48.08,86.54,100.0,100.0,83.33,100.0,66.67,0.0,83.33,83.33,100.0,83.33,20.0,1.83,4.67,0.83,6.17,6.0,240.75,202.3
Mysuru,B0133 t.n.pura,C2450 muguru,5983 vatal,288,72.48,19.67,5983,48.5,95.0,4.0,,,,,,,,,,,,,,,,,,,,,,,,,,,,,
Mysuru,B0133 t.n.pura,C2792 bilagerehundi,3616 kiragasuru,127,50.0,24.32,3616,20.0,85.0,13.85,7.0,7.0,100.0,0.0,100.0,496.0,496.0,26.0,19.08,46.15,61.54,100.0,100.0,85.71,100.0,85.71,28.57,100.0,100.0,100.0,100.0,0.0,2.71,3.0,0.43,19.43,8.14,236.29,70.9
Mysuru,B0133 t.n.pura,C2850 hosakukkur 1,2720 holesalu,95,43.74,23.85,2720,15.0,78.0,5.36,6.0,6.0,100.0,0.0,100.0,392.0,392.0,28.0,14.0,32.14,78.57,100.0,100.0,100.0,100.0,83.33,16.67,100.0,100.0,100.0,100.0,0.0,1.17,4.67,0.67,8.83,8.0,238.6,65.3
Mysuru,B0133 t.n.pura,C2850 hosakukkur 1,867 b shetta halli,105,53.24,24.8,867,20.0,90.0,18.0,,,,,,,,,,,,,,,,,,,,,,,,,,,,,
Mysuru,B0133 t.n.pura,C2907 nergyathanahalli,1552 chidara halli,63,66.9,25.36,1552,35.0,95.0,8.96,,,,,,,,,,,,,,,,,,,,,,,,,,,,,
Mysuru,B0133 t.n.pura,C2907 nergyathanahalli,5882 ukkalagere,89,61.4,28.16,5882,20.0,96.0,6.67,6.0,6.0,100.0,0.0,100.0,197.0,197.0,14.0,14.07,50.0,42.86,100.0,100.0,83.33,100.0,50.0,0.0,66.67,100.0,100.0,100.0,0.0,1.0,2.17,0.5,8.0,8.67,236.75,32.8
Mysuru,B0148 h.d.kote,C0074 annuru,1120 beemana halli,151,28.44,21.25,1120,0.0,60.0,-4.49,,,,,,,,,,,,,,,,,,,,,,,,,,,,,
Mysuru,B0148 h.d.kote,C0074 annuru,1469 chakkodana halli,105,51.86,23.81,1469,25.0,88.0,0.25,,,,,,,,,,,,,,,,,,,,,,,,,,,,,
Mysuru,B0148 h.d.kote,C0074 annuru,6484 annuru,258,48.53,27.31,6484,10.0,85.0,4.59,,,,,,,,,,,,,,,,,,,,,,,,,,,,,
Mysuru,B0148 h.d.kote,C1200 mseehalli,3801 kothegala,78,59.94,21.93,3801,25.0,86.5,6.67,8.0,8.0,100.0,0.0,100.0,378.0,378.0,26.0,14.54,38.46,57.69,100.0,100.0,100.0,100.0,100.0,0.0,100.0,100.0,100.0,100.0,0.0,1.0,1.38,0.25,8.5,4.25,238.5,47.2
Mysuru,B0148 h.d.kote,C1222 mulluru,3271 kallambalu,72,70.42,20.1,3271,45.0,95.0,-3.75,6.0,6.0,100.0,0.0,100.0,407.0,407.0,28.0,14.54,46.43,75.0,100.0,100.0,100.0,100.0,100.0,0.0,100.0,100.0,100.0,100.0,0.0,1.67,4.33,0.67,7.17,6.33,241.33,67.8
Mysuru,B0148 h.d.kote,C1222 mulluru,3801 kothegala,87,60.29,20.32,3801,35.0,87.0,7.05,8.0,8.0,100.0,0.0,100.0,378.0,378.0,26.0,14.54,38.46,57.69,100.0,100.0,100.0,100.0,100.0,0.0,100.0,100.0,100.0,100.0,0.0,1.0,1.38,0.25,8.5,4.25,238.5,47.2
Mysuru,B0148 h.d.kote,C1222 mulluru,6327 mulluru,192,57.97,26.98,6327,20.0,90.0,3.19,,,,,,,,,,,,,,,,,,,,,,,,,,,,,
Mysuru,B0148 h.d.kote,C1779 alanahalli,1998 g b saragur,210,74.55,23.49,1998,40.0,100.0,0.85,6.0,6.0,100.0,0.0,100.0,247.0,247.0,21.0,11.76,66.67,61.9,100.0,100.0,100.0,100.0,100.0,16.67,100.0,100.0,100.0,100.0,0.0,1.83,2.83,0.33,6.17,5.5,198.0,41.2
Mysuru,B0148 h.d.kote,C1779 alanahalli,213009607 alana halli,114,67.24,26.74,213009607,25.0,100.0,1.73,,,,,,,,,,,,,,,,,,,,,,,,,,,,,
Mysuru,B0148 h.d.kote,C1802 antharasanthe,2786 hosaholalu,193,44.84,27.54,2786,5.0,84.0,2.12,7.0,6.0,85.71,14.29,100.0,814.0,385.0,21.0,18.33,38.1,76.19,100.0,100.0,100.0,100.0,100.0,0.0,100.0,100.0,100.0,100.0,0.0,1.33,2.17,0.67,8.33,9.5,240.2,64.2
Mysuru,B0148 h.d.kote,C1802 antharasanthe,4615 n belathur,144,41.25,27.36,4615,5.0,85.0,7.3,,,,,,,,,,,,,,,,,,,,,,,,,,,,,
Mysuru,B0148 h.d.kote,C1802 antharasanthe,740 anthara santhe,148,56.96,25.41,740,20.0,90.0,11.7,,,,,,,,,,,,,,,,,,,,,,,,,,,,,
Mysuru,B0148 h.d.kote,C2025 gandhinagara,1614 chikkereyuru,142,70.49,21.73,1614,40.0,95.0,7.47,7.0,7.0,100.0,0.0,100.0,364.0,364.0,24.0,15.17,54.17,62.5,100.0,100.0,100.0,100.0,100.0,14.29,100.0,100.0,100.0,100.0,28.57,1.14,3.14,1.71,7.43,7.43,203.17,52.0
Mysuru,B0148 h.d.kote,C2025 gandhinagara,4918 padukote kaval,125,45.76,23.25,4918,15.0,80.0,5.31,11.0,10.0,90.91,9.09,100.0,343.0,294.0,25.0,11.76,44.0,68.0,100.0,100.0,100.0,100.0,100.0,0.0,100.0,100.0,100.0,100.0,0.0,1.3,1.8,0.7,9.0,7.9,238.4,29.4
Mysuru,B0148 h.d.kote,C2109 hebbalaguppe,213009608 ittna,69,36.01,22.86,213009608,10.0,66.0,2.41,,,,,,,,,,,,,,,,,,,,,,,,,,,,,
Mysuru,B0148 h.d.kote,C2109 hebbalaguppe,2531 hebbala guppe,104,37.55,26.79,2531,5.0,80.0,8.85,,,,,,,,,,,,,,,,,,,,,,,,,,,,,
Mysuru,B0148 h.d.kote,C2109 hebbalaguppe,5762 thumbasoge,274,52.86,26.18,5762,15.0,85.0,3.45,6.0,6.0,100.0,0.0,100.0,354.0,354.0,22.0,16.09,72.73,72.73,100.0,100.0,100.0,100.0,100.0,16.67,100.0,100.0,100.0,100.0,16.67,1.17,2.5,0.33,7.33,7.0,237.17,59.0
Mysuru,B0148 h.d.kote,C2112 hegganur colony,2561 hegganuru colony,228,75.24,16.01,2561,53.5,95.0,4.53,,,,,,,,,,,,,,,,,,,,,,,,,,,,,
Mysuru,B0148 h.d.kote,C2112 hegganur colony,5153 sagare,162,41.82,27.03,5153,5.0,80.0,7.53,4.0,4.0,100.0,0.0,100.0,362.0,362.0,17.0,21.29,52.94,52.94,100.0,100.0,100.0,100.0,100.0,25.0,100.0,100.0,100.0,100.0,0.0,1.5,5.25,0.75,9.0,5.75,240.0,90.5
Mysuru,B0148 h.d.kote,C2214 k.belthuru,3100 k belthuru,160,35.28,24.34,3100,5.0,65.5,13.77,,,,,,,,,,,,,,,,,,,,,,,,,,,,,
Mysuru,B0148 h.d.kote,C2214 k.belthuru,4279 manugana halli,284,59.14,25.42,4279,25.0,90.0,4.49,,,,,,,,,,,,,,,,,,,,,,,,,,,,,
Mysuru,B0148 h.d.kote,C2280 katte manuganahalli,2615 hire halli,60,57.58,25.03,2615,24.5,90.0,0.31,,,,,,,,,,,,,,,,,,,,,,,,,,,,,
Mysuru,B0148 h.d.kote,C2280 katte manuganahalli,4643 nagana halli,89,63.48,22.43,4643,35.0,90.0,4.64,,,,,,,,,,,,,,,,,,,,,,,,,,,,,
Mysuru,B0148 h.d.kote,C2350 kyathanahalli,3978 kyathana halli,138,48.04,27.55,3978,15.0,85.0,1.34,,,,,,,,,,,,,,,,,,,,,,,,,,,,,
Mysuru,B0148 h.d.kote,C2350 kyathanahalli,890 bachegowdanahalli,196,49.36,25.14,890,15.0,85.0,7.3,5.0,4.0,80.0,20.0,100.0,329.0,230.0,15.0,15.33,60.0,66.67,100.0,100.0,100.0,100.0,100.0,25.0,100.0,100.0,100.0,100.0,0.0,1.75,2.75,1.75,4.25,7.0,238.0,57.5
Mysuru,B0148 h.d.kote,C2373 madapura-hdk,1311 bidara halli,211,45.45,28.19,1311,10.0,90.0,0.91,,,,,,,,,,,,,,,,,,,,,,,,,,,,,
Mysuru,B0148 h.d.kote,C2373 madapura-hdk,2909 hyrige,155,41.26,29.3,2909,0.0,80.0,8.63,6.0,5.0,83.33,16.67,100.0,457.0,383.0,20.0,19.15,70.0,75.0,100.0,100.0,100.0,100.0,100.0,20.0,100.0,100.0,100.0,60.0,20.0,1.4,3.4,5.6,9.2,7.8,242.0,76.6
Mysuru,B0148 h.d.kote,C2373 madapura-hdk,6678 madapura,290,41.86,25.37,6678,10.0,80.0,2.63,9.0,8.0,88.89,11.11,100.0,560.0,462.0,30.0,15.4,70.0,53.33,100.0,100.0,100.0,100.0,100.0,12.5,100.0,87.5,100.0,100.0,0.0,1.25,3.25,0.38,8.0,8.25,234.62,57.8
Mysuru,B0148 h.d.kote,C2466 n.begur,1311 bidara halli,119,49.37,24.67,1311,15.0,80.0,2.26,,,,,,,,,,,,,,,,,,,,,,,,,,,,,
Mysuru,B0148 h.d.kote,C2466 n.begur,4614 n begur,161,62.76,23.4,4614,30.0,90.0,10.46,9.0,9.0,100.0,0.0,100.0,640.0,640.0,31.0,20.65,54.84,70.97,100.0,100.0,100.0,100.0,100.0,22.22,100.0,100.0,100.0,88.89,0.0,2.44,3.33,1.11,7.22,6.56,242.0,71.1
Mysuru,B0148 h.d.kote,C2587 saragur,2399 hanchipura,65,64.85,19.92,2399,32.0,85.0,2.12,7.0,7.0,100.0,0.0,100.0,203.0,203.0,16.0,12.69,31.25,56.25,100.0,100.0,100.0,85.71,100.0,14.29,100.0,100.0,100.0,100.0,14.29,1.43,2.14,1.57,9.14,6.0,236.0,29.0
Mysuru,B0148 h.d.kote,C2779 b.matakere,865 b matakere,110,69.41,21.84,865,40.0,95.0,6.52,19.0,18.0,94.74,5.26,100.0,1118.0,914.0,60.0,15.23,38.33,70.0,100.0,100.0,100.0,100.0,100.0,16.67,100.0,94.44,100.0,94.44,11.76,1.67,2.94,1.61,5.0,5.5,222.0,50.8
Mysuru,B0148 h.d.kote,C2786 beechana halli,1116 beechana halli,72,46.67,20.61,1116,20.5,70.0,2.37,,,,,,,,,,,,,,,,,,,,,,,,,,,,,
Mysuru,B0148 h.d.kote,C2786 beechana halli,4882 noorala kuppe,74,43.31,25.79,4882,11.5,80.0,-4.35,,,,,,,,,,,,,,,,,,,,,,,,,,,,,
Mysuru,B0148 h.d.kote,C2808 db kuppe,1890 doddabyrana kuppe,120,33.54,24.47,1890,5.0,65.5,-3.43,,,,,,,,,,,,,,,,,,,,,,,,,,,,,
Mysuru,B0148 h.d.kote,C2837 hampapura-hdk,213009609 hampapura,186,37.28,28.04,213009609,5.0,82.5,5.8,13.0,10.0,76.92,23.08,100.0,1037.0,373.0,29.0,12.86,79.31,62.07,100.0,100.0,100.0,100.0,100.0,0.0,100.0,100.0,100.0,90.0,0.0,1.1,2.4,2.1,8.6,7.7,241.4,37.3
Mysuru,B0148 h.d.kote,C2837 hampapura-hdk,2730 hommaragalli,64,38.91,26.18,2730,5.0,77.0,15.83,7.0,6.0,85.71,14.29,100.0,447.0,418.0,21.0,19.9,66.67,66.67,100.0,100.0,100.0,100.0,100.0,0.0,100.0,100.0,100.0,100.0,0.0,1.67,2.17,0.33,8.0,4.67,237.6,69.7
Mysuru,B0148 h.d.kote,C2837 hampapura-hdk,3352 kanchamalli,101,35.84,22.63,3352,5.0,65.0,5.92,5.0,5.0,100.0,0.0,100.0,256.0,256.0,21.0,12.19,47.62,71.43,100.0,100.0,100.0,100.0,100.0,0.0,100.0,100.0,100.0,100.0,0.0,1.8,3.2,0.8,8.0,7.8,241.8,51.2
Mysuru,B0148 h.d.kote,C2881 m c thalalu,2292 hadanooru,122,83.85,13.95,2292,70.0,100.0,1.31,,,,,,,,,,,,,,,,,,,,,,,,,,,,,
Mysuru,B0148 h.d.kote,C2881 m c thalalu,4034 m c thalalu,97,66.24,15.38,4034,50.0,87.0,8.27,11.0,11.0,100.0,0.0,100.0,362.0,362.0,21.0,17.24,33.33,71.43,100.0,100.0,100.0,100.0,100.0,9.09,100.0,90.91,100.0,100.0,0.0,1.82,2.73,1.36,9.36,8.18,241.1,32.9
Mysuru,B0148 h.d.kote,C2927 savve,5279 savve mala,137,50.73,25.76,5279,15.0,85.0,7.07,,,,,,,,,,,,,,,,,,,,,,,,,,,,,
Mysuru,B0150 hunsur,C1222 mulluru,2079 gavadagere,12,43.75,22.97,2079,20.5,69.0,-16.5,4.0,3.0,75.0,25.0,100.0,761.0,524.0,23.0,22.78,43.48,73.91,100.0,100.0,100.0,100.0,100.0,33.33,100.0,66.67,100.0,66.67,50.0,4.0,3.33,1.0,8.33,3.67,240.5,174.7
Mysuru,B0150 hunsur,C1222 mulluru,6328 mulluru,129,50.47,27.63,6328,10.0,90.0,-0.37,11.0,10.0,90.91,9.09,100.0,424.0,340.0,30.0,11.33,50.0,40.0,100.0,100.0,90.0,100.0,100.0,30.0,100.0,90.0,100.0,100.0,0.0,0.9,2.7,3.5,11.1,6.4,241.25,34.0
Mysuru,B0150 hunsur,C1594 thattekere,5700 thattakere,77,41.43,22.94,5700,15.0,72.0,5.61,,,,,,,,,,,,,,,,,,,,,,,,,,,,,
Mysuru,B0150 hunsur,C1853 bannikuppe,4284 maradur,116,51.94,26.38,4284,17.5,85.0,0.14,10.0,9.0,90.0,10.0,100.0,1368.0,290.0,23.0,12.61,34.78,65.22,100.0,100.0,77.78,100.0,100.0,0.0,100.0,100.0,100.0,100.0,0.0,1.44,1.33,4.0,12.56,6.89,239.43,32.2
Mysuru,B0150 hunsur,C1853 bannikuppe,6354 bannikuppe,279,48.6,24.69,6354,15.0,80.0,0.97,11.0,10.0,90.91,9.09,100.0,497.0,442.0,29.0,15.24,65.52,51.72,100.0,100.0,60.0,90.0,100.0,20.0,100.0,100.0,100.0,100.0,0.0,1.5,2.4,2.7,14.6,9.9,208.14,44.2
Mysuru,B0150 hunsur,C1863 beejaganahalli,1118 beejaganahalli,63,53.1,18.82,1118,35.0,80.0,3.18,4.0,4.0,100.0,0.0,100.0,194.0,194.0,13.0,14.92,61.54,46.15,100.0,100.0,75.0,100.0,100.0,0.0,100.0,100.0,100.0,100.0,0.0,2.25,2.5,1.0,8.75,7.5,240.33,48.5
Mysuru,B0150 hunsur,C1863 beejaganahalli,4469 mookanahalli,119,42.02,27.5,4469,10.0,86.0,12.39,,,,,,,,,,,,,,,,,,,,,,,,,,,,,
Mysuru,B0150 hunsur,C1863 beejaganahalli,5861 uddhuru,206,50.17,26.85,5861,15.0,85.0,2.18,,,,,,,,,,,,,,,,,,,,,,,,,,,,,
Mysuru,B0150 hunsur,C1863 beejaganahalli,5862 uddur kaval,76,67.5,22.66,5862,35.0,95.0,3.51,3.0,3.0,100.0,0.0,100.0,136.0,136.0,9.0,15.11,44.44,88.89,100.0,100.0,100.0,100.0,100.0,0.0,100.0,100.0,100.0,100.0,0.0,1.33,2.67,8.33,11.0,5.0,208.67,45.3
Mysuru,B0150 hunsur,C1863 beejaganahalli,5927 uyigondanahalli,124,51.98,28.1,5927,11.5,85.0,7.34,,,,,,,,,,,,,,,,,,,,,,,,,,,,,
Mysuru,B0150 hunsur,C1894 bilikere,1347 bilikere,215,54.67,27.53,1347,15.0,90.0,0.5,10.0,6.0,60.0,40.0,100.0,1801.0,500.0,26.0,19.23,61.54,61.54,100.0,100.0,100.0,100.0,100.0,33.33,100.0,100.0,100.0,83.33,0.0,1.17,4.33,3.83,6.67,6.67,237.2,83.3
Mysuru,B0150 hunsur,C1894 bilikere,1561 chikka beechanahalli,113,57.74,28.03,1561,16.0,95.0,4.12,,,,,,,,,,,,,,,,,,,,,,,,,,,,,
Mysuru,B0150 hunsur,C1894 bilikere,213009610 manugana halli,136,47.98,25.08,213009610,12.5,80.0,-3.46,,,,,,,,,,,,,,,,,,,,,,,,,,,,,
Mysuru,B0150 hunsur,C1925 challahalli,1472 challa halli,146,58.36,25.52,1472,22.5,95.0,9.73,,,,,,,,,,,,,,,,,,,,,,,,,,,,,
Mysuru,B0150 hunsur,C1925 challahalli,2021 gagenahalli,202,61.78,23.23,2021,30.0,94.5,9.32,6.0,6.0,100.0,0.0,100.0,219.0,219.0,19.0,11.53,47.37,57.89,100.0,100.0,83.33,66.67,100.0,0.0,100.0,100.0,100.0,100.0,0.0,1.33,1.67,6.83,13.5,10.83,240.5,36.5
Mysuru,B0150 hunsur,C1949 chilkunda,1626 chilkunda,151,41.89,28.22,1626,10.0,85.0,20.13,9.0,7.0,77.78,22.22,100.0,1101.0,215.0,18.0,11.94,50.0,77.78,100.0,100.0,85.71,85.71,100.0,28.57,100.0,100.0,100.0,85.71,14.29,1.0,2.29,3.0,18.29,15.14,235.0,30.7
Mysuru,B0150 hunsur,C1949 chilkunda,213009406 kothegala,181,46.35,25.65,213009406,10.0,80.0,0.83,8.0,6.0,75.0,25.0,100.0,480.0,314.0,20.0,15.7,30.0,65.0,100.0,100.0,100.0,100.0,100.0,33.33,100.0,100.0,100.0,100.0,0.0,1.33,3.0,3.83,13.83,8.83,240.2,52.3
Mysuru,B0150 hunsur,C1949 chilkunda,3266 kalla halli,192,40.52,27.76,3266,5.0,80.0,-1.82,,,,,,,,,,,,,,,,,,,,,,,,,,,,,
Mysuru,B0150 hunsur,C1949 chilkunda,3437 karanakuppe,93,44.14,20.65,3437,20.0,70.0,2.51,10.0,9.0,90.0,10.0,100.0,964.0,356.0,23.0,15.48,34.78,43.48,100.0,100.0,77.78,88.89,100.0,0.0,100.0,100.0,88.89,100.0,0.0,1.11,1.78,3.11,14.78,12.56,237.89,39.6
Mysuru,B0150 hunsur,C2031 gavadagere,2079 gavadagere,83,61.27,26.67,2079,30.0,95.0,2.26,4.0,3.0,75.0,25.0,100.0,761.0,524.0,23.0,22.78,43.48,73.91,100.0,100.0,100.0,100.0,100.0,33.33,100.0,66.67,100.0,66.67,50.0,4.0,3.33,1.0,8.33,3.67,240.5,174.7
Mysuru,B0150 hunsur,C2031 gavadagere,2998 jabagere,65,82.69,15.61,2998,60.0,100.0,-1.15,5.0,5.0,100.0,0.0,100.0,201.0,201.0,17.0,11.82,41.18,52.94,100.0,100.0,100.0,100.0,100.0,0.0,100.0,100.0,100.0,100.0,0.0,1.0,2.0,3.8,11.8,6.4,237.0,40.2
Mysuru,B0150 hunsur,C2031 gavadagere,6565 biligere,274,54.09,23.99,6565,21.5,85.0,-0.28,4.0,4.0,100.0,0.0,100.0,338.0,338.0,18.0,18.78,66.67,61.11,100.0,100.0,100.0,100.0,100.0,25.0,100.0,100.0,100.0,100.0,0.0,1.0,3.0,3.5,8.25,6.5,238.25,84.5
Mysuru,B0150 hunsur,C2059 gurupura,5903 ummathuru,92,48.53,29.37,5903,10.0,90.0,2.97,,,,,,,,,,,,,,,,,,,,,,,,,,,,,
Mysuru,B0150 hunsur,C2059 gurupura,6480 gurupura,127,65.04,24.29,6480,30.0,95.0,7.01,,,,,,,,,,,,,,,,,,,,,,,,,,,,,
Mysuru,B0150 hunsur,C2077 halebeedu,6543 halebeedu,98,49.03,27.17,6543,13.5,90.0,0.71,10.0,8.0,80.0,20.0,100.0,968.0,445.0,31.0,14.35,54.84,74.19,100.0,100.0,87.5,100.0,100.0,12.5,100.0,87.5,100.0,87.5,14.29,1.75,2.75,6.62,12.88,7.38,241.0,55.6
Mysuru,B0150 hunsur,C2086 hanagodu,2387 hanagodu,107,60.51,24.66,2387,30.0,90.0,4.85,9.0,8.0,88.89,11.11,100.0,1054.0,470.0,27.0,17.41,48.15,70.37,100.0,100.0,100.0,100.0,100.0,25.0,100.0,100.0,100.0,75.0,0.0,1.0,2.0,0.88,10.0,6.38,161.0,58.8
Mysuru,B0150 hunsur,C2086 hanagodu,2560 hegganduru,61,76.39,21.06,2560,50.0,100.0,4.06,8.0,7.0,87.5,12.5,100.0,513.0,235.0,18.0,13.06,66.67,61.11,100.0,100.0,100.0,100.0,100.0,0.0,100.0,100.0,100.0,100.0,0.0,1.43,2.43,1.86,12.43,8.57,241.5,33.6
Mysuru,B0150 hunsur,C2086 hanagodu,4814 neralakuppe,157,44.62,22.85,4814,13.0,75.0,-2.92,12.0,12.0,100.0,0.0,100.0,637.0,637.0,27.0,23.59,44.44,55.56,100.0,100.0,83.33,100.0,100.0,25.0,100.0,100.0,100.0,100.0,0.0,1.25,2.58,5.17,12.33,8.42,239.25,53.1
Mysuru,B0150 hunsur,C2139 hirikyathanahalli,2682 hirikythana halli,62,60.81,20.07,2682,40.0,85.0,9.94,,,,,,,,,,,,,,,,,,,,,,,,,,,,,
Mysuru,B0150 hunsur,C2139 hirikyathanahalli,6261 harave,86,47.21,23.46,6261,20.0,77.5,-2.96,3.0,3.0,100.0,0.0,100.0,475.0,475.0,13.0,36.54,30.77,15.38,100.0,100.0,100.0,100.0,100.0,0.0,100.0,100.0,100.0,100.0,33.33,2.0,6.0,2.33,13.33,4.33,238.5,158.3
Mysuru,B0150 hunsur,C2269 karimuddana halli,1827 dharma pura,258,42.62,26.42,1827,10.0,76.5,4.23,,,,,,,,,,,,,,,,,,,,,,,,,,,,,
Mysuru,B0150 hunsur,C2269 karimuddana halli,3447 kari muddana halli,234,55.43,24.62,3447,25.0,90.0,0.04,,,,,,,,,,,,,,,,,,,,,,,,,,,,,
Mysuru,B0150 hunsur,C2273 karnakuppe,3181 kademanuganahalli,197,41.52,24.76,3181,5.0,75.0,1.73,,,,,,,,,,,,,,,,,,,,,,,,,,,,,
Mysuru,B0150 hunsur,C2628 singaramaranahalli,5426 singara marana halli,232,45.17,27.08,5426,10.0,85.0,6.46,,,,,,,,,,,,,,,,,,,,,,,,,,,,,
Mysuru,B0150 hunsur,C2793 bolanahalli,1381 bolana halli,140,51.32,26.04,1381,20.0,90.0,8.01,,,,,,,,,,,,,,,,,,,,,,,,,,,,,
Mysuru,B0150 hunsur,C2793 bolanahalli,2897 husenpura,139,72.23,20.48,2897,45.0,95.0,-4.67,7.0,7.0,100.0,0.0,100.0,293.0,293.0,22.0,13.32,50.0,59.09,100.0,100.0,100.0,100.0,100.0,0.0,100.0,100.0,100.0,100.0,0.0,1.29,3.0,3.86,13.14,9.71,237.33,41.9
Mysuru,B0150 hunsur,C2800 chikkahunsur,2171 govindana halli,59,52.2,28.27,2171,10.0,86.0,5.35,,,,,,,,,,,,,,,,,,,,,,,,,,,,,
Mysuru,B0150 hunsur,C2816 doddahejjuru,1867 dodda hejjur,103,42.77,26.83,1867,6.0,79.0,11.31,10.0,10.0,100.0,0.0,100.0,805.0,805.0,31.0,25.97,38.71,70.97,100.0,100.0,100.0,80.0,100.0,10.0,100.0,100.0,100.0,100.0,0.0,2.3,3.5,1.7,12.4,8.8,240.56,80.5
Mysuru,B0150 hunsur,C2816 doddahejjuru,3618 kiranguru,90,38.28,23.66,3618,10.0,65.5,8.86,7.0,7.0,100.0,0.0,100.0,252.0,252.0,17.0,14.82,64.71,70.59,100.0,100.0,100.0,85.71,100.0,0.0,100.0,100.0,100.0,100.0,28.57,1.29,1.86,0.86,9.43,9.71,238.5,36.0
Mysuru,B0150 hunsur,C2862 k.m.vadi,3494 katte malala vadi,64,74.06,22.11,3494,40.0,100.0,10.97,,,,,,,,,,,,,,,,,,,,,,,,,,,,,
Mysuru,B0150 hunsur,C2862 k.m.vadi,4467 mooduru,79,42.85,24.82,4467,10.0,75.0,0.09,,,,,,,,,,,,,,,,,,,,,,,,,,,,,
Mysuru,B0150 hunsur,C2921 rathnapuri colony,818 aspathre kaval,179,64.86,22.34,818,35.0,90.0,10.15,,,,,,,,,,,,,,,,,,,,,,,,,,,,,
Mysuru,B0156 krishnarajanagara,C0695 honnenahalli,6471 honnenahalli,90,52.17,33.28,6471,10.0,95.0,-8.03,,,,,,,,,,,,,,,,,,,,,,,,,,,,,
Mysuru,B0156 krishnarajanagara,C1804 arakere koppalu,1951 dornahalli,215,47.09,31.35,1951,10.0,90.0,5.61,,,,,,,,,,,,,,,,,,,,,,,,,,,,,
Mysuru,B0156 krishnarajanagara,C1804 arakere koppalu,4008 lalandevanahalli,32,70.16,22.77,4008,40.5,90.0,7.71,,,,,,,,,,,,,,,,,,,,,,,,,,,,,
Mysuru,B0156 krishnarajanagara,C1887 bherya,1288 bherya,75,49.27,23.95,1288,20.0,80.0,11.14,,,,,,,,,,,,,,,,,,,,,,,,,,,,,
Mysuru,B0156 krishnarajanagara,C1887 bherya,2773 hosa agrahara,68,55.59,23.82,2773,20.0,85.0,-6.89,,,,,,,,,,,,,,,,,,,,,,,,,,,,,
Mysuru,B0156 krishnarajanagara,C1887 bherya,4565 munjanahalli,117,55.0,33.09,4565,15.0,95.0,0.86,,,,,,,,,,,,,,,,,,,,,,,,,,,,,
Mysuru,B0156 krishnarajanagara,C1909 byadarahalli,6315 siddapura,169,43.46,26.89,6315,10.0,81.0,3.93,,,,,,,,,,,,,,,,,,,,,,,,,,,,,
Mysuru,B0156 krishnarajanagara,C1909 byadarahalli,6589 byadarahalli,86,57.38,32.56,6589,12.5,95.0,0.04,,,,,,,,,,,,,,,,,,,,,,,,,,,,,
Mysuru,B0156 krishnarajanagara,C2084 hampapura,2375 hampapura,147,51.02,28.0,2375,15.0,90.0,-6.34,,,,,,,,,,,,,,,,,,,,,,,,,,,,,
Mysuru,B0156 krishnarajanagara,C2084 hampapura,512 adaguru,110,28.45,24.92,512,5.0,65.5,-0.73,,,,,,,,,,,,,,,,,,,,,,,,,,,,,
Mysuru,B0156 krishnarajanagara,C2084 hampapura,800 arjunahalli,173,52.4,25.24,800,20.0,90.0,10.29,,,,,,,,,,,,,,,,,,,,,,,,,,,,,
Mysuru,B0156 krishnarajanagara,C2089 hanasoge,1483 chanamgere,107,65.23,23.14,1483,25.0,92.0,-3.82,,,,,,,,,,,,,,,,,,,,,,,,,,,,,
Mysuru,B0156 krishnarajanagara,C2089 hanasoge,2392 hanasoge,79,54.81,22.76,2392,25.0,85.0,1.65,,,,,,,,,,,,,,,,,,,,,,,,,,,,,
Mysuru,B0156 krishnarajanagara,C2099 haradanahalli,2441 haradanahalli,133,43.98,27.06,2441,10.0,80.0,-2.63,,,,,,,,,,,,,,,,,,,,,,,,,,,,,
Mysuru,B0156 krishnarajanagara,C2099 haradanahalli,5317 sheegavalu,78,63.01,27.98,5317,20.0,95.0,9.28,,,,,,,,,,,,,,,,,,,,,,,,,,,,,
Mysuru,B0156 krishnarajanagara,C2110 hebbalu,1484 chandagalu,177,51.58,25.89,1484,18.0,90.0,3.68,,,,,,,,,,,,,,,,,,,,,,,,,,,,,
Mysuru,B0156 krishnarajanagara,C2110 hebbalu,6674 hebbalu,104,42.16,27.25,6674,10.0,80.0,-0.65,,,,,,,,,,,,,,,,,,,,,,,,,,,,,
Mysuru,B0156 krishnarajanagara,C2152 hosa agrahara,2042 gandhanahalli,49,72.24,18.09,2042,50.0,96.0,-8.67,,,,,,,,,,,,,,,,,,,,,,,,,,,,,
Mysuru,B0156 krishnarajanagara,C2152 hosa agrahara,4732 narachanahalli,53,72.36,23.4,4732,36.0,99.0,4.43,,,,,,,,,,,,,,,,,,,,,,,,,,,,,
Mysuru,B0156 krishnarajanagara,C2156 hosakote,213009405 hosakote,164,43.23,24.08,213009405,10.0,75.0,0.17,,,,,,,,,,,,,,,,,,,,,,,,,,,,,
Mysuru,B0156 krishnarajanagara,C2156 hosakote,3913 kuppe,71,66.97,28.13,3913,25.0,95.0,2.37,,,,,,,,,,,,,,,,,,,,,,,,,,,,,
Mysuru,B0156 krishnarajanagara,C2160 hosuru,2351 haliyuru,91,75.44,22.8,2351,35.0,100.0,2.6,,,,,,,,,,,,,,,,,,,,,,,,,,,,,
Mysuru,B0156 krishnarajanagara,C2160 hosuru,4448 mirle,81,66.17,25.31,4448,25.0,95.0,-1.14,,,,,,,,,,,,,,,,,,,,,,,,,,,,,
Mysuru,B0156 krishnarajanagara,C2339 kuppahalli,5632 tandre,175,51.89,24.85,5632,20.0,85.0,-1.94,,,,,,,,,,,,,,,,,,,,,,,,,,,,,
Mysuru,B0156 krishnarajanagara,C2420 mavathuru,4381 mavathuru,115,53.3,33.2,4381,10.0,95.0,7.34,,,,,,,,,,,,,,,,,,,,,,,,,,,,,
Mysuru,B0156 krishnarajanagara,C2420 mavathuru,6684 kesthuru,191,50.03,26.19,6684,15.0,85.0,9.06,,,,,,,,,,,,,,,,,,,,,,,,,,,,,
Mysuru,B0156 krishnarajanagara,C2575 saligrama,3465 karpuravalli,61,61.48,25.95,3465,25.0,90.0,-0.84,,,,,,,,,,,,,,,,,,,,,,,,,,,,,
Mysuru,B0156 krishnarajanagara,C2575 saligrama,5175 saligrama,53,62.17,20.79,5175,36.0,89.0,3.61,,,,,,,,,,,,,,,,,,,,,,,,,,,,,
Mysuru,B0156 krishnarajanagara,C2575 saligrama,6621 lakshmipura,179,65.39,22.12,6621,35.0,95.0,1.05,,,,,,,,,,,,,,,,,,,,,,,,,,,,,
Mysuru,B0156 krishnarajanagara,C2863 kaggere,5778 tippuru,119,72.23,18.97,5778,49.0,100.0,-1.17,,,,,,,,,,,,,,,,,,,,,,,,,,,,,
Mysuru,B0156 krishnarajanagara,C2863 kaggere,6430 kaggere,134,47.5,25.26,6430,11.5,80.0,-1.03,,,,,,,,,,,,,,,,,,,,,,,,,,,,,
Mysuru,B0156 krishnarajanagara,C2892 mayigowdanahalli,4393 mayigowdanahalli,147,52.01,25.54,4393,18.0,85.0,7.62,,,,,,,,,,,,,,,,,,,,,,,,,,,,,
Mysuru,B0156 krishnarajanagara,C2893 meluru,4423 meluru,108,51.02,27.14,4423,15.0,90.0,-0.56,,,,,,,,,,,,,,,,,,,,,,,,,,,,,
Mysuru,B0156 krishnarajanagara,C2893 meluru,725 ankanahalli,34,72.21,16.89,725,56.5,95.0,4.1,,,,,,,,,,,,,,,,,,,,,,,,,,,,,
Mysuru,B0162 mysore rural,C0258 bogadi,1704 d m g halli,212,71.32,22.35,1704,40.0,95.0,1.65,,,,,,,,,,,,,,,,,,,,,,,,,,,,,
Mysuru,B0162 mysore rural,C1779 alanahalli,1481 chamundi betta,17,71.47,26.21,1481,39.0,97.0,-9.52,,,,,,,,,,,,,,,,,,,,,,,,,,,,,
Mysuru,B0162 mysore rural,C1779 alanahalli,4032 m b halli,109,53.67,26.45,4032,19.0,90.0,1.42,,,,,,,,,,,,,,,,,,,,,,,,,,,,,
Mysuru,B0162 mysore rural,C1779 alanahalli,5976 varuna,286,61.07,24.87,5976,25.0,90.0,5.59,7.0,5.0,71.43,28.57,100.0,827.0,523.0,24.0,21.79,87.5,54.17,100.0,100.0,100.0,100.0,80.0,20.0,100.0,100.0,100.0,100.0,20.0,1.8,4.0,0.4,11.6,9.8,235.33,104.6
Mysuru,B0162 mysore rural,C1779 alanahalli,603 alana halli,181,37.82,23.51,603,5.0,70.0,8.3,,,,,,,,,,,,,,,,,,,,,,,,,,,,,
Mysuru,B0162 mysore rural,C1864 beeri hundi,1129 beerihundi,196,44.54,24.7,1129,10.0,80.0,9.06,,,,,,,,,,,,,,,,,,,,,,,,,,,,,
Mysuru,B0162 mysore rural,C1966 d.salundi,1820 dhanagalli,128,36.45,24.18,1820,5.0,70.0,2.6,14.0,8.0,57.14,42.86,100.0,2834.0,587.0,36.0,16.31,63.89,69.44,100.0,100.0,87.5,100.0,100.0,37.5,100.0,100.0,100.0,87.5,14.29,2.25,3.62,1.12,11.38,5.38,238.0,73.4
Mysuru,B0162 mysore rural,C1966 d.salundi,6399 gopalapura,203,71.06,19.21,6399,45.0,95.0,8.14,8.0,7.0,87.5,12.5,100.0,453.0,424.0,24.0,17.67,58.33,45.83,100.0,100.0,85.71,100.0,71.43,0.0,85.71,100.0,100.0,100.0,0.0,2.29,3.86,0.57,10.0,10.0,239.0,60.6
Mysuru,B0162 mysore rural,C1979 devala pura,6607 devalapura,260,66.54,22.66,6607,30.0,95.0,6.0,9.0,8.0,88.89,11.11,100.0,698.0,407.0,28.0,14.54,75.0,35.71,100.0,100.0,75.0,100.0,75.0,0.0,100.0,100.0,100.0,100.0,0.0,1.38,3.62,0.25,6.38,7.75,236.67,50.9
Mysuru,B0162 mysore rural,C2106 harohalli,2487 harohalli,203,38.47,25.08,2487,10.0,75.0,7.34,8.5,7.0,83.33500000000001,16.665,100.0,689.0,539.5,30.0,17.965,66.96000000000001,59.845,100.0,100.0,66.66499999999999,100.0,91.66499999999999,0.0,100.0,100.0,100.0,100.0,0.0,2.31,3.46,5.75,15.145,10.190000000000001,227.41500000000002,79.4
Mysuru,B0162 mysore rural,C2106 harohalli,4304 marballi,171,38.86,26.31,4304,5.0,75.0,6.89,5.0,4.0,80.0,20.0,100.0,859.0,665.0,31.0,21.45,67.74,64.52,100.0,100.0,100.0,100.0,75.0,25.0,100.0,100.0,100.0,100.0,0.0,2.0,7.75,0.75,15.75,12.5,237.67,166.2
Mysuru,B0162 mysore rural,C2203 jaya pura,6683 jayapura,282,46.51,25.71,6683,15.0,80.0,6.4,12.0,8.0,66.67,33.33,100.0,1800.0,386.0,29.0,13.31,72.41,75.86,100.0,100.0,100.0,87.5,100.0,12.5,100.0,100.0,100.0,87.5,0.0,1.75,3.0,0.75,13.0,10.75,236.75,48.2
Mysuru,B0162 mysore rural,C2218 k.r.mills colony,213009611 nagana halli,81,67.16,30.3,213009611,15.0,95.0,-3.98,,,,,,,,,,,,,,,,,,,,,,,,,,,,,
Mysuru,B0162 mysore rural,C2218 k.r.mills colony,5395 siddalingapura,256,44.43,26.74,5395,10.0,82.5,3.65,13.0,7.0,53.85,46.15,100.0,2609.0,439.0,21.0,20.9,71.43,57.14,100.0,100.0,71.43,100.0,85.71,42.86,100.0,100.0,100.0,85.71,14.29,1.29,4.0,1.43,9.29,9.86,235.8,62.7
Mysuru,B0162 mysore rural,C2221 kadakola,213009612 sinduvalli,206,44.54,32.23,213009612,5.0,90.0,7.15,,,,,,,,,,,,,,,,,,,,,,,,,,,,,
Mysuru,B0162 mysore rural,C2221 kadakola,5420 sinduvalli,220,55.5,23.57,5420,25.0,85.5,2.07,,,,,,,,,,,,,,,,,,,,,,,,,,,,,
Mysuru,B0162 mysore rural,C2285 keelanapura,3524 keelanapura,325,55.58,23.89,3524,25.0,85.0,2.07,12.0,12.0,100.0,0.0,100.0,581.0,581.0,36.0,16.14,75.0,47.22,100.0,100.0,83.33,100.0,91.67,8.33,100.0,100.0,100.0,100.0,8.33,1.33,3.0,0.25,6.25,5.5,239.33,48.4
Mysuru,B0162 mysore rural,C2285 keelanapura,6042 yadakola,165,56.33,27.3,6042,15.0,90.0,6.14,9.0,9.0,100.0,0.0,100.0,706.0,706.0,27.0,26.15,81.48,59.26,100.0,100.0,88.89,100.0,77.78,55.56,100.0,100.0,100.0,100.0,11.11,1.44,3.89,0.78,13.78,6.78,232.38,78.4
Mysuru,B0162 mysore rural,C2427 mellahalli,2488 harohalli,138,47.03,24.54,2488,20.0,80.0,7.31,8.5,7.0,83.33500000000001,16.665,100.0,689.0,539.5,30.0,17.965,66.96000000000001,59.845,100.0,100.0,66.66499999999999,100.0,91.66499999999999,0.0,100.0,100.0,100.0,100.0,0.0,2.31,3.46,5.75,15.145,10.190000000000001,227.41500000000002,79.4
Mysuru,B0162 mysore rural,C2427 mellahalli,5946 vaja mangala,76,68.82,19.49,5946,45.0,95.0,13.85,,,,,,,,,,,,,,,,,,,,,,,,,,,,,
Mysuru,B0162 mysore rural,C2427 mellahalli,5972 varakodu,101,76.29,19.33,5972,50.0,95.0,4.8,3.0,3.0,100.0,0.0,100.0,359.0,359.0,18.0,19.94,27.78,77.78,100.0,100.0,100.0,66.67,66.67,66.67,100.0,100.0,100.0,66.67,0.0,1.67,4.67,3.33,4.33,6.0,226.0,119.7
Mysuru,B0162 mysore rural,C2704 udbur,1948 doora,277,60.79,23.67,1948,30.0,90.0,2.78,7.0,7.0,100.0,0.0,100.0,563.0,563.0,26.0,21.65,69.23,53.85,100.0,100.0,85.71,85.71,85.71,42.86,85.71,100.0,100.0,71.43,0.0,1.57,4.71,0.14,9.86,6.86,238.2,80.4
Mysuru,B0162 mysore rural,C2704 udbur,5860 udburu,276,66.49,22.24,5860,35.0,92.5,2.98,,,,,,,,,,,,,,,,,,,,,,,,,,,,,
Mysuru,B0162 mysore rural,C2736 uthanahalli,5462 somaswarapura,278,56.03,25.29,5462,20.0,90.0,3.31,,,,,,,,,,,,,,,,,,,,,,,,,,,,,
Mysuru,B0162 mysore rural,C2769 yelwala,4667 nagavala,115,76.3,16.96,4667,50.0,95.0,3.68,,,,,,,,,,,,,,,,,,,,,,,,,,,,,
Mysuru,B0162 mysore rural,C2769 yelwala,6130 yelavala,200,54.6,21.4,6130,25.0,80.5,4.41,,,,,,,,,,,,,,,,,,,,,,,,,,,,,
Mysuru,B0162 mysore rural,C2839 hanchya,5946 vaja mangala,69,74.64,22.46,5946,40.0,100.0,12.91,,,,,,,,,,,,,,,,,,,,,,,,,,,,,
Mysuru,B0162 mysore rural,C2866 kalluru nagana halli,2252 gungral chathra,137,46.97,26.09,2252,15.0,85.0,6.53,,,,,,,,,,,,,,,,,,,,,,,,,,,,,
Mysuru,B0162 mysore rural,C2866 kalluru nagana halli,686 ananduru,55,48.0,25.6,686,12.0,80.0,2.26,,,,,,,,,,,,,,,,,,,,,,,,,,,,,
Mysuru,B0164 periya patna,C1816 attigodu,1242 bettadathunga,225,69.89,21.67,1242,40.0,95.0,6.9,,,,,,,,,,,,,,,,,,,,,,,,,,,,,
Mysuru,B0164 periya patna,C1816 attigodu,2445 haraduru,87,61.44,21.87,2445,35.0,90.0,-1.21,5.0,5.0,100.0,0.0,100.0,146.0,146.0,8.0,18.25,50.0,75.0,100.0,100.0,100.0,100.0,80.0,0.0,100.0,100.0,100.0,100.0,0.0,1.0,3.4,4.8,7.8,4.8,238.8,29.2
Mysuru,B0164 periya patna,C1816 attigodu,3634 kitturu,148,56.18,25.58,3634,25.0,90.0,9.7,,,,,,,,,,,,,,,,,,,,,,,,,,,,,
Mysuru,B0164 periya patna,C1816 attigodu,837 attigodu,205,56.27,20.32,837,35.0,85.0,2.0,10.0,10.0,100.0,0.0,100.0,683.0,683.0,36.0,18.97,25.0,69.44,100.0,100.0,100.0,100.0,100.0,20.0,100.0,100.0,100.0,100.0,0.0,1.4,3.7,2.1,14.9,9.4,240.2,68.3
Mysuru,B0164 periya patna,C1831 bailukuppe,1445 bylakuppe,153,73.73,26.04,1445,35.0,100.0,1.32,15.0,11.0,73.33,26.67,100.0,1649.0,579.0,55.0,10.53,65.45,83.64,100.0,100.0,100.0,100.0,90.91,27.27,90.91,90.91,90.91,72.73,0.0,1.73,5.0,4.36,9.36,7.45,239.0,52.6
Mysuru,B0164 periya patna,C1831 bailukuppe,6441 navilur,82,53.78,19.62,6441,25.5,79.5,3.41,,,,,,,,,,,,,,,,,,,,,,,,,,,,,
Mysuru,B0164 periya patna,C1831 bailukuppe,6452 koppa,90,70.28,21.92,6452,50.0,95.5,7.55,10.0,7.0,70.0,30.0,100.0,1812.0,487.0,25.0,19.48,76.0,44.0,100.0,100.0,100.0,100.0,85.71,28.57,100.0,100.0,100.0,85.71,0.0,1.86,5.71,3.71,10.57,7.86,240.33,69.6
Mysuru,B0164 periya patna,C1878 bettada pura,1248 bettdapura,222,64.73,23.25,1248,35.0,100.0,7.06,,,,,,,,,,,,,,,,,,,,,,,,,,,,,
Mysuru,B0164 periya patna,C1878 bettada pura,2315 halagana halli,94,52.66,25.76,2315,21.5,85.0,7.14,,,,,,,,,,,,,,,,,,,,,,,,,,,,,
Mysuru,B0164 periya patna,C1878 bettada pura,2445 haraduru,55,77.64,13.01,2445,60.0,95.0,0.67,5.0,5.0,100.0,0.0,100.0,146.0,146.0,8.0,18.25,50.0,75.0,100.0,100.0,100.0,100.0,80.0,0.0,100.0,100.0,100.0,100.0,0.0,1.0,3.4,4.8,7.8,4.8,238.8,29.2
Mysuru,B0164 periya patna,C1933 chapparada halli,1517 chapparada halli,218,88.97,11.63,1517,75.0,100.0,0.4,,,,,,,,,,,,,,,,,,,,,,,,,,,,,
Mysuru,B0164 periya patna,C1933 chapparada halli,6383 haranahalli,105,75.86,16.91,6383,52.0,95.0,8.4,6.0,6.0,100.0,0.0,100.0,359.0,359.0,13.0,27.62,53.85,61.54,100.0,100.0,100.0,100.0,100.0,0.0,100.0,100.0,100.0,100.0,16.67,1.33,2.5,1.0,11.33,7.17,239.4,59.8
Mysuru,B0164 periya patna,C1944 chikkanerale,1564 chikka nerale,202,56.66,25.86,1564,25.0,90.0,8.27,,,,,,,,,,,,,,,,,,,,,,,,,,,,,
Mysuru,B0164 periya patna,C1996 dodda belalu,1860 dodda belalu,251,59.48,26.42,1860,20.0,95.0,-2.04,,,,,,,,,,,,,,,,,,,,,,,,,,,,,
Mysuru,B0164 periya patna,C1996 dodda belalu,5076 ramanathathunga,173,81.82,14.29,5076,60.0,95.0,2.34,,,,,,,,,,,,,,,,,,,,,,,,,,,,,
Mysuru,B0164 periya patna,C2094 handithavalli,2413 handithavalli,201,59.5,19.87,2413,30.0,85.0,4.14,10.0,10.0,100.0,0.0,100.0,444.0,444.0,25.0,17.76,24.0,48.0,100.0,100.0,100.0,100.0,100.0,0.0,100.0,100.0,100.0,100.0,0.0,1.1,1.5,0.4,15.3,9.3,239.7,44.4
Mysuru,B0164 periya patna,C2094 handithavalli,5107 ravandur,219,55.8,24.09,5107,25.0,85.0,0.05,,,,,,,,,,,,,,,,,,,,,,,,,,,,,
Mysuru,B0164 periya patna,C2141 hitnehebbagilu,2691 hitne hebbagilu,232,61.1,21.64,2691,30.0,90.0,1.98,,,,,,,,,,,,,,,,,,,,,,,,,,,,,
Mysuru,B0164 periya patna,C2174 hunasa vadi,2867 hunasavadi,178,47.47,25.79,2867,15.0,85.0,13.63,11.0,11.0,100.0,0.0,100.0,421.0,421.0,30.0,14.03,60.0,76.67,100.0,100.0,100.0,90.91,90.91,0.0,90.91,100.0,100.0,100.0,18.18,1.0,2.18,2.09,10.91,8.0,241.18,38.3
Mysuru,B0164 periya patna,C2174 hunasa vadi,5021 punadahalli,141,66.38,20.94,5021,40.0,95.0,7.49,3.0,3.0,100.0,0.0,100.0,81.0,81.0,3.0,27.0,66.67,100.0,100.0,100.0,100.0,100.0,100.0,0.0,100.0,100.0,100.0,100.0,0.0,1.33,3.0,0.67,8.67,8.0,241.0,27.0
Mysuru,B0164 periya patna,C2246 kamplapura,3326 kampalapura,143,59.3,28.33,3326,15.0,90.0,4.44,6.0,5.0,83.33,16.67,100.0,596.0,268.0,14.0,19.14,42.86,64.29,100.0,100.0,100.0,80.0,100.0,0.0,100.0,100.0,80.0,80.0,20.0,1.8,3.8,1.2,14.4,8.0,238.0,53.6
Mysuru,B0164 periya patna,C2246 kamplapura,3622 kirnalli,70,71.14,19.88,3622,44.5,95.0,4.37,4.0,4.0,100.0,0.0,100.0,240.0,240.0,12.0,20.0,41.67,58.33,100.0,100.0,100.0,100.0,100.0,0.0,100.0,100.0,100.0,100.0,25.0,1.5,2.0,0.5,10.75,13.5,239.0,60.0
Mysuru,B0164 periya patna,C2248 kanagalu,3331 kanagal,77,50.06,31.48,3331,8.0,90.0,-4.56,,,,,,,,,,,,,,,,,,,,,,,,,,,,,
Mysuru,B0164 periya patna,C2390 makodu,4143 makodu,229,65.7,22.3,4143,35.0,90.0,4.17,9.0,9.0,100.0,0.0,100.0,489.0,489.0,26.0,18.81,38.46,61.54,100.0,100.0,88.89,100.0,100.0,0.0,100.0,100.0,100.0,100.0,0.0,1.11,2.67,1.22,12.44,7.67,211.78,54.3
Mysuru,B0164 periya patna,C2393 malangi,4160 malangi,206,74.15,23.13,4160,40.0,100.0,4.48,11.0,11.0,100.0,0.0,100.0,840.0,840.0,28.0,30.0,39.29,89.29,100.0,100.0,100.0,100.0,100.0,45.45,100.0,100.0,100.0,72.73,0.0,1.64,3.55,2.18,20.73,10.73,239.18,76.4
Mysuru,B0164 periya patna,C2532 panchavalli,4948 panchavalli,330,64.29,25.04,4948,25.0,95.0,8.3,,,,,,,,,,,,,,,,,,,,,,,,,,,,,
Mysuru,B0164 periya patna,C2559 ravandur,4620 n shettahalli,68,66.47,12.73,4620,53.5,85.0,-4.49,,,,,,,,,,,,,,,,,,,,,,,,,,,,,
Mysuru,B0164 periya patna,C2787 benagalu,1514 channkal kaval,114,59.69,26.8,1514,16.5,95.0,1.19,,,,,,,,,,,,,,,,,,,,,,,,,,,,,
Mysuru,B0164 periya patna,C2787 benagalu,853 avarthi,84,41.67,32.0,853,5.0,90.0,-5.06,6.0,5.0,83.33,16.67,100.0,673.0,204.0,12.0,17.0,66.67,66.67,100.0,100.0,80.0,100.0,100.0,0.0,80.0,100.0,100.0,100.0,0.0,0.8,3.2,1.2,12.0,9.2,240.8,40.8
Mysuru,B0164 periya patna,C2789 bhuvana halli,1304 bhuvana halli,184,47.91,29.01,1304,10.0,85.0,6.91,,,,,,,,,,,,,,,,,,,,,,,,,,,,,
Mysuru,B0164 periya patna,C2789 bhuvana halli,3716 komalapura,103,82.67,16.62,3716,61.0,100.0,4.62,11.0,11.0,100.0,0.0,100.0,240.0,240.0,15.0,16.0,20.0,53.33,100.0,100.0,100.0,100.0,90.91,9.09,100.0,90.91,100.0,100.0,0.0,1.27,2.0,0.91,10.55,9.09,240.6,21.8
Mysuru,B0164 periya patna,C2804 chittenahalli,1666 chittena halli,144,84.48,14.8,1666,65.0,100.0,3.49,,,,,,,,,,,,,,,,,,,,,,,,,,,,,
Mysuru,B0164 periya patna,C2817 doddakamaravalli,1869 dodda kamaravalli,77,47.66,28.58,1869,13.0,85.0,-5.29,,,,,,,,,,,,,,,,,,,,,,,,,,,,,
Mysuru,B0164 periya patna,C2899 muthuru,1688 chowthi,70,83.43,14.23,1688,69.5,100.0,6.77,10.0,9.0,90.0,10.0,100.0,276.0,267.0,23.0,11.61,60.87,69.57,100.0,100.0,88.89,100.0,88.89,22.22,100.0,100.0,100.0,88.89,0.0,1.22,2.22,1.0,13.56,8.67,237.11,29.7
Mysuru,B0164 periya patna,C2899 muthuru,4593 muthuru,75,73.73,25.84,4593,27.0,100.0,6.08,,,,,,,,,,,,,,,,,,,,,,,,,,,,,
Raichur,B0039 devadurga,C0036 alkod,621 alkod,656,33.6,23.78,621,5.0,70.0,-0.08,11.0,11.0,100.0,0.0,100.0,1546.0,1546.0,19.0,81.37,26.32,78.95,100.0,100.0,27.27,81.82,9.09,0.0,45.45,81.82,18.18,90.91,11.11,2.91,4.09,0.0,6.45,0.91,200.5,140.5
Raichur,B0039 devadurga,C0036 alkod,6216 bhomanagunda,458,34.84,24.6,6216,5.0,70.0,-1.93,,,,,,,,,,,,,,,,,,,,,,,,,,,,,
Raichur,B0039 devadurga,C0094 arkera,3804 kothadoddi,136,37.54,23.19,3804,15.0,70.0,-3.24,16.0,15.0,93.75,6.25,100.0,2181.0,2100.0,54.0,38.89,37.04,88.89,80.0,100.0,26.67,66.67,13.33,13.33,46.67,73.33,66.67,86.67,14.29,1.53,3.0,0.6,12.27,4.87,235.8,140.0
Raichur,B0039 devadurga,C0094 arkera,6165 malladevaragudda,121,45.54,22.62,6165,15.0,75.0,-3.82,,,,,,,,,,,,,,,,,,,,,,,,,,,,,
Raichur,B0039 devadurga,C0094 arkera,758 arakere,734,40.52,28.5,758,5.0,80.0,2.21,,,,,,,,,,,,,,,,,,,,,,,,,,,,,
Raichur,B0039 devadurga,C0108 b ganekal,874 b.ganekal,256,47.58,24.1,874,15.0,80.0,-4.21,13.0,11.0,84.62,15.38,100.0,1517.0,1266.0,33.0,38.36,45.45,75.76,100.0,100.0,63.64,100.0,0.0,9.09,90.91,90.91,63.64,90.91,18.18,1.09,3.18,0.09,5.55,2.64,75.33,115.1
Raichur,B0039 devadurga,C0440 dondambralli,1936 dondambali,434,38.73,24.67,1936,6.5,70.0,-2.27,,,,,,,,,,,,,,,,,,,,,,,,,,,,,
Raichur,B0039 devadurga,C0440 dondambralli,3764 koppar,312,39.62,24.67,3764,10.0,75.0,-0.34,9.0,8.0,88.89,11.11,100.0,1518.0,1322.0,29.0,45.59,48.28,75.86,100.0,100.0,12.5,62.5,0.0,0.0,100.0,87.5,75.0,100.0,25.0,1.5,4.38,0.38,1.5,0.62,228.0,165.2
Raichur,B0039 devadurga,C0466 gabbur,2008 gabbur,523,30.45,25.66,2008,0.0,70.0,-1.83,11.0,6.0,54.55,45.45,100.0,2354.0,1233.0,34.0,36.26,44.12,76.47,66.67,83.33,66.67,83.33,33.33,33.33,100.0,66.67,66.67,50.0,50.0,4.5,4.83,1.33,3.5,2.17,237.0,205.5
Raichur,B0039 devadurga,C0466 gabbur,4147 maladakal,83,36.45,21.06,4147,10.0,65.0,1.14,7.0,6.0,85.71,14.29,100.0,1295.0,1066.0,21.0,50.76,33.33,76.19,100.0,100.0,0.0,100.0,0.0,16.67,100.0,83.33,83.33,100.0,16.67,1.33,3.83,2.17,5.0,0.33,229.67,177.7
Raichur,B0039 devadurga,C0466 gabbur,6226 hemnal,227,45.04,25.76,6226,10.0,80.0,-0.59,,,,,,,,,,,,,,,,,,,,,,,,,,,,,
Raichur,B0039 devadurga,C0476 galag,2025 galag,531,36.84,26.86,2025,5.0,75.0,-1.15,,,,,,,,,,,,,,,,,,,,,,,,,,,,,
Raichur,B0039 devadurga,C0476 galag,4557 mundaragi,477,41.75,30.0,4557,0.0,85.0,0.66,11.0,10.0,90.91,9.09,100.0,1028.0,971.0,28.0,34.68,50.0,85.71,100.0,100.0,40.0,100.0,20.0,10.0,60.0,90.0,70.0,100.0,30.0,1.4,2.3,0.5,2.3,1.7,235.0,97.1
Raichur,B0039 devadurga,C0481 ganadal,2036 ganadhal,95,51.11,23.68,2036,22.0,83.0,-3.88,8.0,5.0,62.5,37.5,100.0,1118.0,873.0,22.0,39.68,54.55,81.82,80.0,80.0,40.0,100.0,0.0,0.0,80.0,100.0,60.0,100.0,20.0,2.8,4.6,2.4,3.6,2.0,239.0,174.6
Raichur,B0039 devadurga,C0481 ganadal,2806 hosur siddapur,162,36.27,25.01,2806,5.0,70.0,-2.63,5.0,5.0,100.0,0.0,100.0,999.0,999.0,32.0,31.22,46.88,87.5,100.0,100.0,40.0,80.0,0.0,0.0,80.0,100.0,60.0,100.0,40.0,1.6,5.6,0.0,6.0,2.4,240.0,199.8
Raichur,B0039 devadurga,C0481 ganadal,4932 palakanamaradi,299,38.86,27.36,4932,5.0,76.0,-1.82,,,,,,,,,,,,,,,,,,,,,,,,,,,,,
Raichur,B0039 devadurga,C0481 ganadal,641 amarapur,74,45.27,25.13,641,6.5,80.0,-3.31,8.0,8.0,100.0,0.0,100.0,832.0,832.0,21.0,39.62,52.38,80.95,100.0,100.0,37.5,87.5,25.0,0.0,75.0,87.5,100.0,100.0,0.0,1.25,1.75,1.62,6.25,3.0,188.0,104.0
Raichur,B0039 devadurga,C0484 gandhal,2036 ganadhal,247,57.27,28.12,2036,15.0,95.0,6.5,8.0,5.0,62.5,37.5,100.0,1118.0,873.0,22.0,39.68,54.55,81.82,80.0,80.0,40.0,100.0,0.0,0.0,80.0,100.0,60.0,100.0,20.0,2.8,4.6,2.4,3.6,2.0,239.0,174.6
Raichur,B0039 devadurga,C0484 gandhal,213009360 gangadhal,208,42.84,26.89,213009360,10.0,80.0,4.57,,,,,,,,,,,,,,,,,,,,,,,,,,,,,
Raichur,B0039 devadurga,C0534 gugal,2216 gugal,414,50.06,23.98,2216,15.0,80.0,-1.57,10.0,7.0,70.0,30.0,100.0,777.0,730.0,24.0,30.42,41.67,100.0,85.71,85.71,14.29,71.43,71.43,0.0,71.43,57.14,71.43,100.0,0.0,1.14,3.57,0.86,6.43,1.29,233.4,104.3
Raichur,B0039 devadurga,C0534 gugal,2626 hirebudur,146,37.95,25.51,2626,5.0,70.0,7.31,7.0,6.0,85.71,14.29,100.0,593.0,519.0,20.0,25.95,40.0,70.0,100.0,83.33,33.33,83.33,0.0,0.0,50.0,83.33,66.67,100.0,0.0,1.17,3.0,0.17,0.17,2.17,124.5,86.5
Raichur,B0039 devadurga,C0534 gugal,3068 jerabandi,259,40.69,25.25,3068,10.0,75.0,5.0,,,,,,,,,,,,,,,,,,,,,,,,,,,,,
Raichur,B0039 devadurga,C0551 h siddapur,213009382 hosur sidddapur,189,46.22,22.83,213009382,20.0,80.0,-12.8,,,,,,,,,,,,,,,,,,,,,,,,,,,,,
Raichur,B0039 devadurga,C0551 h siddapur,2806 hosur siddapur,395,47.96,25.98,2806,10.0,80.0,-0.19,5.0,5.0,100.0,0.0,100.0,999.0,999.0,32.0,31.22,46.88,87.5,100.0,100.0,40.0,80.0,0.0,0.0,80.0,100.0,60.0,100.0,40.0,1.6,5.6,0.0,6.0,2.4,240.0,199.8
Raichur,B0039 devadurga,C0772 jalahalli west,1694 cinchodi,452,54.88,23.44,1694,20.0,85.0,4.19,,,,,,,,,,,,,,,,,,,,,,,,,,,,,
Raichur,B0039 devadurga,C0773 jalahalli,3019 jalahalli,519,57.09,26.67,3019,15.0,90.0,2.17,18.0,13.0,72.22,27.78,100.0,2583.0,1815.0,55.0,33.0,47.27,76.36,92.31,100.0,61.54,76.92,23.08,7.69,53.85,69.23,61.54,76.92,9.09,1.85,4.62,1.54,9.15,4.69,229.92,139.6
Raichur,B0039 devadurga,C0773 jalahalli,3422 karadigudda,545,42.17,25.95,3422,10.0,80.0,2.79,6.0,6.0,100.0,0.0,100.0,880.0,880.0,31.0,28.39,41.94,74.19,100.0,100.0,33.33,83.33,0.0,0.0,100.0,100.0,100.0,100.0,16.67,1.17,2.67,0.17,14.5,9.0,240.0,146.7
Raichur,B0039 devadurga,C0773 jalahalli,5066 ramadurga,29,49.83,19.52,5066,24.0,76.0,-25.65,8.0,5.0,62.5,37.5,100.0,1853.0,815.0,26.0,31.35,42.31,84.62,100.0,80.0,60.0,100.0,20.0,0.0,100.0,60.0,40.0,100.0,20.0,1.2,4.0,0.2,5.6,4.2,237.2,163.0
Raichur,B0039 devadurga,C0773 jalahalli,641 amarapur,105,41.43,28.02,641,5.0,85.0,-7.11,8.0,8.0,100.0,0.0,100.0,832.0,832.0,21.0,39.62,52.38,80.95,100.0,100.0,37.5,87.5,25.0,0.0,75.0,87.5,100.0,100.0,0.0,1.25,1.75,1.62,6.25,3.0,188.0,104.0
Raichur,B0039 devadurga,C0808 k. irabagera,3122 k irabagera,475,45.45,25.54,3122,10.0,80.0,-3.6,,,,,,,,,,,,,,,,,,,,,,,,,,,,,
Raichur,B0039 devadurga,C0808 k. irabagera,3804 kothadoddi,201,38.46,20.6,3804,15.0,65.0,-4.31,16.0,15.0,93.75,6.25,100.0,2181.0,2100.0,54.0,38.89,37.04,88.89,80.0,100.0,26.67,66.67,13.33,13.33,46.67,73.33,66.67,86.67,14.29,1.53,3.0,0.6,12.27,4.87,235.8,140.0
Raichur,B0039 devadurga,C0988 koppar,3068 jerabandi,113,57.7,23.31,3068,25.0,85.0,-1.21,,,,,,,,,,,,,,,,,,,,,,,,,,,,,
Raichur,B0039 devadurga,C0988 koppar,3764 koppar,242,40.7,26.74,3764,5.0,75.0,0.93,9.0,8.0,88.89,11.11,100.0,1518.0,1322.0,29.0,45.59,48.28,75.86,100.0,100.0,12.5,62.5,0.0,0.0,100.0,87.5,75.0,100.0,25.0,1.5,4.38,0.38,1.5,0.62,228.0,165.2
Raichur,B0039 devadurga,C0999 kottadoddi,3804 kothadoddi,224,52.81,24.11,3804,20.0,85.0,-0.41,16.0,15.0,93.75,6.25,100.0,2181.0,2100.0,54.0,38.89,37.04,88.89,80.0,100.0,26.67,66.67,13.33,13.33,46.67,73.33,66.67,86.67,14.29,1.53,3.0,0.6,12.27,4.87,235.8,140.0
Raichur,B0039 devadurga,C0999 kottadoddi,4585 mustoor,240,53.81,24.02,4585,20.0,85.0,-5.07,,,,,,,,,,,,,,,,,,,,,,,,,,,,,
Raichur,B0039 devadurga,C1045 kyadigera,3967 kyadigera,451,34.83,27.11,3967,5.0,75.0,-2.41,18.0,18.0,100.0,0.0,100.0,1276.0,1276.0,35.0,36.46,42.86,82.86,100.0,94.44,16.67,94.44,5.56,0.0,50.0,94.44,44.44,100.0,11.11,1.11,1.67,0.11,11.5,1.0,242.33,70.9
Raichur,B0039 devadurga,C1109 malladevaragudda,2995 j.jadaladinni,317,38.19,25.94,2995,5.0,75.0,6.9,,,,,,,,,,,,,,,,,,,,,,,,,,,,,
Raichur,B0039 devadurga,C1109 malladevaragudda,6165 malladevaragudda,262,44.43,24.68,6165,10.0,75.0,-3.51,,,,,,,,,,,,,,,,,,,,,,,,,,,,,
Raichur,B0039 devadurga,C1155 masarakal,4345 masarakal,330,50.18,24.9,4345,15.0,85.0,4.72,,,,,,,,,,,,,,,,,,,,,,,,,,,,,
Raichur,B0039 devadurga,C1155 masarakal,4582 mushtur,212,66.2,21.76,4582,35.0,90.0,3.66,,,,,,,,,,,,,,,,,,,,,,,,,,,,,
Raichur,B0039 devadurga,C1155 masarakal,5066 ramadurga,40,46.88,19.93,5066,25.0,75.0,15.13,8.0,5.0,62.5,37.5,100.0,1853.0,815.0,26.0,31.35,42.31,84.62,100.0,80.0,60.0,100.0,20.0,0.0,100.0,60.0,40.0,100.0,20.0,1.2,4.0,0.2,5.6,4.2,237.2,163.0
Raichur,B0039 devadurga,C1249 nagadadinni,2995 j.jadaladinni,176,38.75,25.0,2995,5.0,75.0,1.01,,,,,,,,,,,,,,,,,,,,,,,,,,,,,
Raichur,B0039 devadurga,C1249 nagadadinni,4636 nagadadinni,660,36.59,28.17,4636,5.0,80.0,1.46,5.0,5.0,100.0,0.0,100.0,990.0,990.0,26.0,38.08,30.77,69.23,100.0,100.0,40.0,100.0,0.0,20.0,80.0,80.0,40.0,100.0,20.0,1.2,4.8,1.6,3.2,2.0,250.0,198.0
Raichur,B0039 devadurga,C1546 sunkeswarahal,2626 hirebudur,122,56.15,27.59,2626,15.0,90.0,12.22,7.0,6.0,85.71,14.29,100.0,593.0,519.0,20.0,25.95,40.0,70.0,100.0,83.33,33.33,83.33,0.0,0.0,50.0,83.33,66.67,100.0,0.0,1.17,3.0,0.17,0.17,2.17,124.5,86.5
Raichur,B0039 devadurga,C1546 sunkeswarahal,4147 maladakal,97,60.72,30.62,4147,13.0,97.0,-3.14,7.0,6.0,85.71,14.29,100.0,1295.0,1066.0,21.0,50.76,33.33,76.19,100.0,100.0,0.0,100.0,0.0,16.67,100.0,83.33,83.33,100.0,16.67,1.33,3.83,2.17,5.0,0.33,229.67,177.7
Raichur,B0039 devadurga,C1546 sunkeswarahal,5066 ramadurga,57,39.39,29.85,5066,0.0,80.0,1.7,8.0,5.0,62.5,37.5,100.0,1853.0,815.0,26.0,31.35,42.31,84.62,100.0,80.0,60.0,100.0,20.0,0.0,100.0,60.0,40.0,100.0,20.0,1.2,4.0,0.2,5.6,4.2,237.2,163.0
Raichur,B0039 devadurga,C1546 sunkeswarahal,6202 shavanthagera,154,42.89,25.18,6202,10.0,75.0,3.75,,,,,,,,,,,,,,,,,,,,,,,,,,,,,
Raichur,B0039 devadurga,C1659 urdu devadurga,874 b.ganekal,239,41.53,27.98,874,5.0,80.0,-3.09,13.0,11.0,84.62,15.38,100.0,1517.0,1266.0,33.0,38.36,45.45,75.76,100.0,100.0,63.64,100.0,0.0,9.09,90.91,90.91,63.64,90.91,18.18,1.09,3.18,0.09,5.55,2.64,75.33,115.1
Raichur,B0039 devadurga,C1977 devadurga west,3450 karigudda,180,32.94,23.11,3450,5.0,70.0,0.4,15.0,15.0,100.0,0.0,100.0,1421.0,1421.0,48.0,29.6,54.17,87.5,73.33,80.0,46.67,80.0,6.67,13.33,73.33,86.67,73.33,100.0,6.67,1.2,2.8,0.13,3.4,4.33,239.6,94.7
Raichur,B0039 devadurga,C2457 mustur,4147 maladakal,37,53.78,21.65,4147,25.0,77.0,-11.92,7.0,6.0,85.71,14.29,100.0,1295.0,1066.0,21.0,50.76,33.33,76.19,100.0,100.0,0.0,100.0,0.0,16.67,100.0,83.33,83.33,100.0,16.67,1.33,3.83,2.17,5.0,0.33,229.67,177.7
Raichur,B0039 devadurga,C2809 devadurga south,3450 karigudda,256,35.98,26.62,3450,5.0,75.0,0.92,15.0,15.0,100.0,0.0,100.0,1421.0,1421.0,48.0,29.6,54.17,87.5,73.33,80.0,46.67,80.0,6.67,13.33,73.33,86.67,73.33,100.0,6.67,1.2,2.8,0.13,3.4,4.33,239.6,94.7
Raichur,B0089 lingasugur,C0048 amdihal,5910 uppar nandihal,193,57.1,23.52,5910,25.0,85.0,-0.65,,,,,,,,,,,,,,,,,,,,,,,,,,,,,
Raichur,B0089 lingasugur,C0048 amdihal,6167 khairawadgi,173,44.94,26.15,6167,10.0,80.0,-1.98,6.0,6.0,100.0,0.0,100.0,783.0,783.0,16.0,48.94,37.5,75.0,100.0,50.0,16.67,100.0,0.0,0.0,100.0,66.67,33.33,100.0,16.67,1.33,5.17,0.5,4.17,3.33,237.0,130.5
Raichur,B0089 lingasugur,C0048 amdihal,638 amadihal,220,56.64,26.4,638,20.0,90.0,-2.0,7.0,5.0,71.43,28.57,100.0,1225.0,872.0,24.0,36.33,37.5,66.67,100.0,40.0,40.0,100.0,20.0,20.0,80.0,40.0,40.0,100.0,20.0,0.8,7.0,0.2,4.8,7.2,232.0,174.4
Raichur,B0089 lingasugur,C0157 bannigol,1039 bannigol,546,41.44,25.47,1039,10.0,75.0,-1.39,6.0,6.0,100.0,0.0,100.0,835.0,835.0,28.0,29.82,25.0,75.0,100.0,100.0,50.0,100.0,16.67,16.67,83.33,100.0,83.33,100.0,0.0,2.17,4.83,0.33,5.33,1.83,230.5,139.2
Raichur,B0089 lingasugur,C0157 bannigol,2889 hunur,432,51.28,25.89,2889,15.0,85.0,2.72,10.0,10.0,100.0,0.0,100.0,933.0,933.0,30.0,31.1,23.33,73.33,100.0,100.0,20.0,100.0,0.0,10.0,60.0,50.0,70.0,100.0,0.0,1.3,3.8,2.1,3.0,1.7,236.0,93.3
Raichur,B0089 lingasugur,C0181 bayyapur,1107 bayyapur,397,44.69,27.4,1107,10.0,82.0,-9.76,10.0,10.0,100.0,0.0,100.0,1150.0,1150.0,27.0,42.59,25.93,62.96,100.0,70.0,20.0,100.0,20.0,10.0,90.0,50.0,30.0,100.0,0.0,1.8,5.9,1.8,5.2,6.0,236.38,115.0
Raichur,B0089 lingasugur,C0181 bayyapur,6167 khairawadgi,118,48.26,26.98,6167,10.0,85.0,-11.23,6.0,6.0,100.0,0.0,100.0,783.0,783.0,16.0,48.94,37.5,75.0,100.0,50.0,16.67,100.0,0.0,0.0,100.0,66.67,33.33,100.0,16.67,1.33,5.17,0.5,4.17,3.33,237.0,130.5
Raichur,B0089 lingasugur,C0394 devarabhupur,1792 devarabhupur,391,36.78,25.39,1792,5.0,70.0,-3.71,11.0,10.0,90.91,9.09,100.0,1757.0,1640.0,29.0,56.55,31.03,79.31,100.0,100.0,60.0,90.0,0.0,20.0,60.0,80.0,70.0,90.0,0.0,1.4,4.0,0.5,7.6,1.9,233.86,164.0
Raichur,B0089 lingasugur,C0394 devarabhupur,2747 honnahalli,398,45.3,25.03,2747,10.0,80.0,3.34,,,,,,,,,,,,,,,,,,,,,,,,,,,,,
Raichur,B0089 lingasugur,C0455 echanal,1975 eachanal,357,44.45,25.76,1975,13.0,80.0,-0.99,7.0,6.0,85.71,14.29,100.0,732.0,693.0,19.0,36.47,52.63,63.16,100.0,100.0,0.0,100.0,0.0,0.0,83.33,83.33,50.0,100.0,0.0,0.83,2.0,0.5,3.33,1.67,236.0,115.5
Raichur,B0089 lingasugur,C0455 echanal,6366 neeralakeri,518,40.05,28.63,6366,5.0,80.0,-0.88,,,,,,,,,,,,,,,,,,,,,,,,,,,,,
Raichur,B0089 lingasugur,C0455 echanal,6421 chittapur,214,51.85,28.09,6421,6.5,90.0,-4.09,,,,,,,,,,,,,,,,,,,,,,,,,,,,,
Raichur,B0089 lingasugur,C0455 echanal,681 anahosur,232,44.59,26.33,681,10.0,80.0,-1.3,5.0,2.0,40.0,60.0,100.0,666.0,333.0,3.0,111.0,0.0,100.0,100.0,100.0,50.0,50.0,0.0,0.0,100.0,50.0,100.0,50.0,0.0,1.0,5.5,0.5,4.0,5.0,239.0,166.5
Raichur,B0089 lingasugur,C0516 goudur,2166 goudur,550,43.61,25.1,2166,10.0,80.0,-3.23,8.0,7.0,87.5,12.5,100.0,1121.0,1065.0,14.0,76.07,42.86,50.0,100.0,100.0,14.29,100.0,0.0,0.0,100.0,100.0,42.86,100.0,0.0,1.43,3.71,0.43,2.29,0.57,239.0,152.1
Raichur,B0089 lingasugur,C0516 goudur,3786 kota,336,43.21,26.84,3786,10.0,80.0,7.05,5.0,4.0,80.0,20.0,100.0,1184.0,1139.0,32.0,35.59,56.25,84.38,100.0,100.0,25.0,100.0,25.0,25.0,75.0,75.0,75.0,75.0,0.0,1.5,6.25,1.25,4.0,2.25,232.0,284.8
Raichur,B0089 lingasugur,C0516 goudur,5122 rodalabanda,34,54.41,25.1,5122,26.5,90.0,-6.47,7.5,6.5,90.91,9.09,100.0,1083.0,1016.0,24.5,39.85,33.335,51.19500000000001,88.89,94.445,18.055,100.0,29.165,5.555,58.335,100.0,45.835,94.445,5.555,1.53,3.5149999999999997,0.0,1.665,1.335,237.1,154.5
Raichur,B0089 lingasugur,C0516 goudur,5123 rodalabanda(t),143,46.36,25.63,5123,6.0,75.0,-6.41,7.5,6.5,90.91,9.09,100.0,1083.0,1016.0,24.5,39.85,33.335,51.19500000000001,88.89,94.445,18.055,100.0,29.165,5.555,58.335,100.0,45.835,94.445,5.555,1.53,3.5149999999999997,0.0,1.665,1.335,237.1,154.5
Raichur,B0089 lingasugur,C0546 guntagol,2258 guntagol,194,49.36,27.25,2258,10.0,83.5,-15.04,11.0,11.0,100.0,0.0,100.0,1968.0,1968.0,32.0,61.5,28.12,78.12,90.91,100.0,45.45,100.0,9.09,9.09,81.82,72.73,90.91,100.0,0.0,1.45,3.82,0.18,3.45,0.64,237.8,178.9
Raichur,B0089 lingasugur,C0546 guntagol,3242 kalapur,190,42.79,27.57,3242,5.0,80.0,-7.19,11.0,11.0,100.0,0.0,100.0,2170.0,2170.0,48.0,45.21,50.0,68.75,81.82,100.0,18.18,100.0,9.09,0.0,90.91,100.0,72.73,90.91,10.0,1.27,4.36,0.91,2.18,1.73,235.6,197.3
Raichur,B0089 lingasugur,C0547 guragunta,2260 gurugunta,922,36.6,25.85,2260,5.0,75.0,2.53,32.0,27.0,84.38,15.62,100.0,3327.0,2575.0,55.0,46.82,38.18,76.36,81.48,92.59,22.22,77.78,11.11,3.7,81.48,77.78,59.26,96.3,14.81,1.11,2.81,0.41,6.19,5.0,237.32,95.4
Raichur,B0089 lingasugur,C0846 kalapur,3242 kalapur,340,44.5,25.8,3242,10.0,80.0,-5.5,11.0,11.0,100.0,0.0,100.0,2170.0,2170.0,48.0,45.21,50.0,68.75,81.82,100.0,18.18,100.0,9.09,0.0,90.91,100.0,72.73,90.91,10.0,1.27,4.36,0.91,2.18,1.73,235.6,197.3
Raichur,B0089 lingasugur,C0846 kalapur,6193 gorebal (i),230,48.3,24.88,6193,15.0,80.5,0.42,9.0,8.0,88.89,11.11,100.0,1632.0,1568.0,26.0,60.31,50.0,61.54,100.0,100.0,25.0,100.0,12.5,0.0,75.0,75.0,50.0,100.0,0.0,1.62,5.75,0.0,2.25,1.25,238.0,196.0
Raichur,B0089 lingasugur,C0890 kannal,3384 kannal,468,40.2,26.21,3384,5.0,80.0,-4.0,13.0,11.0,84.62,15.38,100.0,921.0,830.0,27.0,30.74,29.63,59.26,100.0,90.91,45.45,100.0,0.0,0.0,81.82,72.73,72.73,100.0,0.0,1.0,3.27,1.18,4.82,3.82,238.29,75.5
Raichur,B0089 lingasugur,C1061 lingasugur rural,2082 gejjelgatta,128,46.56,21.72,2082,18.5,75.0,-0.95,,,,,,,,,,,,,,,,,,,,,,,,,,,,,
Raichur,B0089 lingasugur,C1061 lingasugur rural,5227 santhekellur,115,42.0,27.32,5227,10.0,80.0,-6.8,,,,,,,,,,,,,,,,,,,,,,,,,,,,,
Raichur,B0089 lingasugur,C1061 lingasugur rural,5246 sarjapur,319,50.5,28.95,5246,9.0,90.0,-9.63,5.0,4.0,80.0,20.0,100.0,895.0,710.0,27.0,26.3,51.85,85.19,75.0,100.0,0.0,100.0,0.0,0.0,75.0,100.0,75.0,100.0,0.0,1.25,9.5,2.25,4.75,2.5,220.0,177.5
Raichur,B0089 lingasugur,C1141 maraladinni,4289 maraladinni,293,41.16,27.12,4289,5.0,80.0,-3.51,9.0,9.0,100.0,0.0,100.0,800.0,800.0,18.0,44.44,33.33,77.78,100.0,77.78,0.0,100.0,33.33,0.0,55.56,66.67,33.33,100.0,0.0,1.11,2.78,0.0,3.56,3.56,232.6,88.9
Raichur,B0089 lingasugur,C1141 maraladinni,519 adavibhavi tanda,371,41.08,27.42,519,5.0,80.0,-7.58,,,,,,,,,,,,,,,,,,,,,,,,,,,,,
Raichur,B0089 lingasugur,C1141 maraladinni,729 ankshadoddi,182,43.21,25.6,729,10.0,80.0,-1.37,,,,,,,,,,,,,,,,,,,,,,,,,,,,,
Raichur,B0089 lingasugur,C1169 mavinabhavi,3141 kachapur,425,38.0,30.1,3141,2.0,85.0,0.98,3.0,3.0,100.0,0.0,100.0,762.0,762.0,21.0,36.29,33.33,80.95,100.0,100.0,66.67,100.0,0.0,33.33,100.0,66.67,100.0,100.0,0.0,1.67,4.0,0.0,4.0,3.67,240.0,254.0
Raichur,B0089 lingasugur,C1169 mavinabhavi,4383 mavinabhavi,469,52.14,23.73,4383,20.0,85.0,-2.19,,,,,,,,,,,,,,,,,,,,,,,,,,,,,
Raichur,B0089 lingasugur,C1176 mediknal,4397 medikinahal,573,48.44,25.65,4397,15.0,80.0,-1.6,,,,,,,,,,,,,,,,,,,,,,,,,,,,,
Raichur,B0089 lingasugur,C1250 nagalapur,4639 nagalapur,682,52.18,26.72,4639,15.0,90.0,-2.5,,,,,,,,,,,,,,,,,,,,,,,,,,,,,
Raichur,B0089 lingasugur,C1257 nagarhal,4652 nagarahal,312,48.04,30.61,4652,10.0,90.0,10.09,,,,,,,,,,,,,,,,,,,,,,,,,,,,,
Raichur,B0089 lingasugur,C1257 nagarhal,4735 narakaladinni,174,52.9,27.37,4735,10.0,88.5,-7.99,7.0,6.0,85.71,14.29,100.0,688.0,674.0,18.0,37.44,16.67,50.0,100.0,100.0,50.0,100.0,0.0,0.0,100.0,66.67,83.33,100.0,16.67,1.17,6.0,0.67,6.0,6.67,238.0,112.3
Raichur,B0089 lingasugur,C1257 nagarhal,6188 halkavatagi,300,59.13,26.21,6188,24.5,90.0,-0.63,4.0,4.0,100.0,0.0,100.0,624.0,624.0,18.0,34.67,5.56,77.78,100.0,100.0,100.0,100.0,0.0,0.0,100.0,100.0,50.0,100.0,0.0,1.5,4.75,0.75,7.5,8.75,237.0,156.0
Raichur,B0089 lingasugur,C1257 nagarhal,6421 chittapur,156,48.69,29.94,6421,5.0,85.0,-2.86,,,,,,,,,,,,,,,,,,,,,,,,,,,,,
Raichur,B0089 lingasugur,C1338 paidoddi,4926 paidoddi,403,44.0,24.74,4926,10.0,75.0,-7.47,9.0,9.0,100.0,0.0,100.0,1528.0,1528.0,16.0,95.5,37.5,75.0,88.89,100.0,11.11,88.89,0.0,0.0,77.78,77.78,88.89,100.0,22.22,1.44,4.33,1.22,2.67,1.33,237.5,169.8
Raichur,B0089 lingasugur,C1410 roadlabanda,5122 rodalabanda,151,50.2,30.97,5122,5.0,90.0,-9.04,7.5,6.5,90.91,9.09,100.0,1083.0,1016.0,24.5,39.85,33.335,51.19500000000001,88.89,94.445,18.055,100.0,29.165,5.555,58.335,100.0,45.835,94.445,5.555,1.53,3.5149999999999997,0.0,1.665,1.335,237.1,154.5
Raichur,B0089 lingasugur,C1410 roadlabanda,5123 rodalabanda(t),133,42.11,23.63,5123,10.0,75.0,-10.85,7.5,6.5,90.91,9.09,100.0,1083.0,1016.0,24.5,39.85,33.335,51.19500000000001,88.89,94.445,18.055,100.0,29.165,5.555,58.335,100.0,45.835,94.445,5.555,1.53,3.5149999999999997,0.0,1.665,1.335,237.1,154.5
Raichur,B0089 lingasugur,C1410 roadlabanda,6193 gorebal (i),193,55.31,23.38,6193,20.0,85.0,-2.3,9.0,8.0,88.89,11.11,100.0,1632.0,1568.0,26.0,60.31,50.0,61.54,100.0,100.0,25.0,100.0,12.5,0.0,75.0,75.0,50.0,100.0,0.0,1.62,5.75,0.0,2.25,1.25,238.0,196.0
Raichur,B0089 lingasugur,C1446 santekellur,4374 mattur,492,41.64,27.32,4374,5.0,80.0,-10.33,9.0,9.0,100.0,0.0,100.0,983.0,983.0,20.0,49.15,40.0,55.0,88.89,100.0,33.33,100.0,0.0,0.0,66.67,100.0,33.33,100.0,0.0,1.22,5.0,0.22,3.44,1.78,237.5,109.2
Raichur,B0089 lingasugur,C1446 santekellur,5227 santhekellur,115,52.3,27.71,5227,15.0,90.0,-8.04,,,,,,,,,,,,,,,,,,,,,,,,,,,,,
Raichur,B0089 lingasugur,C1446 santekellur,729 ankshadoddi,118,41.65,26.77,729,5.0,75.0,12.36,,,,,,,,,,,,,,,,,,,,,,,,,,,,,
Raichur,B0089 lingasugur,C1570 talekhan,5615 talekhan,355,47.66,27.57,5615,10.0,85.0,-9.74,,,,,,,,,,,,,,,,,,,,,,,,,,,,,
Raichur,B0089 lingasugur,C1691 veerapur,2082 gejjelgatta,238,53.17,21.82,2082,25.0,80.0,-0.05,,,,,,,,,,,,,,,,,,,,,,,,,,,,,
Raichur,B0089 lingasugur,C1691 veerapur,5123 rodalabanda(t),219,39.7,25.86,5123,5.0,80.0,-3.97,7.5,6.5,90.91,9.09,100.0,1083.0,1016.0,24.5,39.85,33.335,51.19500000000001,88.89,94.445,18.055,100.0,29.165,5.555,58.335,100.0,45.835,94.445,5.555,1.53,3.5149999999999997,0.0,1.665,1.335,237.1,154.5
Raichur,B0089 lingasugur,C1691 veerapur,746 anvari,491,37.97,24.35,746,5.0,70.0,-5.34,,,,,,,,,,,,,,,,,,,,,,,,,,,,,
Raichur,B0096 manvi,C0098 athnoor,1465 chagabhavi,84,45.12,27.35,1465,10.0,85.0,-4.86,10.0,9.0,90.0,10.0,100.0,1207.0,1041.0,19.0,54.79,42.11,63.16,88.89,100.0,22.22,100.0,0.0,0.0,88.89,88.89,77.78,100.0,22.22,1.44,4.78,0.11,2.0,1.67,240.4,115.7
Raichur,B0096 manvi,C0098 athnoor,2037 ganadinni,83,46.69,21.0,2037,21.0,80.0,2.61,5.0,5.0,100.0,0.0,100.0,833.0,833.0,20.0,41.65,25.0,75.0,100.0,100.0,20.0,80.0,20.0,20.0,100.0,100.0,60.0,100.0,40.0,1.2,5.4,0.0,4.8,1.6,230.0,166.6
Raichur,B0096 manvi,C0098 athnoor,831 attanur,465,43.31,26.98,831,10.0,80.0,11.4,,,,,,,,,,,,,,,,,,,,,,,,,,,,,
Raichur,B0096 manvi,C0123 bagalwada,1431 byagavat,371,32.36,29.25,1431,0.0,80.0,-1.62,,,,,,,,,,,,,,,,,,,,,,,,,,,,,
Raichur,B0096 manvi,C0123 bagalwada,4684 nakkunda,442,54.39,22.93,4684,20.0,80.0,1.69,,,,,,,,,,,,,,,,,,,,,,,,,,,,,
Raichur,B0096 manvi,C0123 bagalwada,6168 malladagudda,143,39.69,20.95,6168,15.0,69.0,5.63,1.0,1.0,100.0,0.0,100.0,557.0,557.0,6.0,92.83,50.0,66.67,100.0,100.0,100.0,100.0,0.0,100.0,100.0,100.0,100.0,100.0,100.0,2.0,13.0,0.0,4.0,10.0,244.0,557.0
Raichur,B0096 manvi,C0123 bagalwada,920 bagalwada,531,54.76,23.23,920,20.0,80.0,4.84,,,,,,,,,,,,,,,,,,,,,,,,,,,,,
Raichur,B0096 manvi,C0123 bagalwada,979 ballatagi,212,28.92,22.59,979,5.0,60.0,-5.02,9.0,6.0,66.67,33.33,100.0,1830.0,731.0,10.0,73.1,40.0,80.0,83.33,100.0,33.33,66.67,50.0,16.67,83.33,100.0,33.33,100.0,33.33,1.5,4.5,1.0,2.67,2.0,238.67,121.8
Raichur,B0096 manvi,C0514 gorkal,2156 gorkal,375,41.27,24.75,2156,10.0,75.0,-0.68,11.0,9.0,81.82,18.18,100.0,1634.0,1505.0,23.0,65.43,30.43,78.26,100.0,88.89,44.44,100.0,0.0,11.11,66.67,100.0,33.33,100.0,11.11,2.22,5.11,1.22,2.56,2.89,231.0,167.2
Raichur,B0096 manvi,C0514 gorkal,5551 sunkeshwer,231,45.45,26.22,5551,10.0,80.0,-0.63,,,,,,,,,,,,,,,,,,,,,,,,,,,,,
Raichur,B0096 manvi,C0569 halapur,2328 halapur,631,81.84,13.97,2328,70.0,100.0,1.07,7.0,7.0,100.0,0.0,100.0,442.0,442.0,20.0,22.1,35.0,65.0,85.71,100.0,42.86,100.0,14.29,0.0,42.86,100.0,71.43,100.0,0.0,1.14,3.29,0.29,2.43,4.14,234.25,63.1
Raichur,B0096 manvi,C0622 harvi,2497 harvi,213,41.43,24.12,2497,10.0,75.0,-2.33,,,,,,,,,,,,,,,,,,,,,,,,,,,,,
Raichur,B0096 manvi,C0622 harvi,4058 madagiri,290,51.86,28.22,4058,10.0,90.0,-0.32,8.0,6.0,75.0,25.0,100.0,978.0,828.0,15.0,55.2,20.0,80.0,100.0,100.0,16.67,100.0,0.0,16.67,100.0,100.0,100.0,100.0,16.67,1.33,4.33,0.0,4.0,4.0,220.0,138.0
Raichur,B0096 manvi,C0622 harvi,4786 neeramanvi,180,44.53,21.86,4786,15.0,75.0,-1.03,,,,,,,,,,,,,,,,,,,,,,,,,,,,,
Raichur,B0096 manvi,C0637 heera,1640 chincharaki,235,32.94,30.4,1640,0.0,80.0,-1.91,3.0,3.0,100.0,0.0,100.0,309.0,309.0,6.0,51.5,16.67,100.0,100.0,66.67,0.0,100.0,66.67,0.0,33.33,66.67,33.33,100.0,0.0,2.0,4.0,1.33,4.33,6.0,,103.0
Raichur,B0096 manvi,C0637 heera,2553 heera,283,54.35,22.92,2553,25.0,80.0,-0.26,9.0,8.0,88.89,11.11,100.0,1129.0,1074.0,17.0,63.18,52.94,76.47,100.0,75.0,25.0,87.5,12.5,0.0,62.5,87.5,37.5,100.0,25.0,1.12,3.88,0.0,4.62,2.25,224.0,134.2
Raichur,B0096 manvi,C0637 heera,4194 mallat,120,48.75,23.83,4194,15.0,80.0,3.65,15.0,13.0,86.67,13.33,100.0,1769.0,1586.0,39.0,40.67,41.03,89.74,92.31,76.92,53.85,46.15,69.23,15.38,92.31,92.31,53.85,84.62,0.0,2.08,3.23,0.46,5.0,3.0,241.75,122.0
Raichur,B0096 manvi,C0661 hirekotnekal,1296 bhoghavati,469,65.36,18.68,1296,39.0,85.0,-0.54,,,,,,,,,,,,,,,,,,,,,,,,,,,,,
Raichur,B0096 manvi,C0661 hirekotnekal,2655 hirekotnekal,290,51.45,29.5,2655,10.0,95.0,3.97,9.0,8.0,88.89,11.11,100.0,974.0,767.0,30.0,25.57,36.67,60.0,100.0,100.0,62.5,100.0,25.0,0.0,50.0,87.5,62.5,87.5,12.5,1.25,4.62,0.25,3.62,3.88,235.86,95.9
Raichur,B0096 manvi,C0857 kallur,2037 ganadinni,86,47.62,24.48,2037,12.5,77.5,-5.46,5.0,5.0,100.0,0.0,100.0,833.0,833.0,20.0,41.65,25.0,75.0,100.0,100.0,20.0,80.0,20.0,20.0,100.0,100.0,60.0,100.0,40.0,1.2,5.4,0.0,4.8,1.6,230.0,166.6
Raichur,B0096 manvi,C0857 kallur,3288 kallur,428,50.29,25.16,3288,15.0,81.5,-1.35,11.0,9.0,81.82,18.18,100.0,1735.0,1398.0,32.0,43.69,53.12,62.5,100.0,88.89,55.56,100.0,0.0,11.11,33.33,88.89,22.22,77.78,37.5,1.44,6.22,0.0,0.0,2.44,222.67,155.3
Raichur,B0096 manvi,C0857 kallur,3410 kapagal,95,38.21,25.83,3410,10.0,78.0,-5.55,,,,,,,,,,,,,,,,,,,,,,,,,,,,,
Raichur,B0096 manvi,C0917 kavithal,2635 hirehanagi,424,46.19,26.57,2635,10.0,80.0,-4.7,7.0,7.0,100.0,0.0,100.0,887.0,887.0,19.0,46.68,52.63,63.16,85.71,100.0,0.0,100.0,0.0,0.0,57.14,85.71,42.86,100.0,14.29,1.71,3.43,0.57,6.0,3.71,192.2,126.7
Raichur,B0096 manvi,C0917 kavithal,6203 watagal,106,45.24,31.02,6203,5.0,90.0,5.57,,,,,,,,,,,,,,,,,,,,,,,,,,,,,
Raichur,B0096 manvi,C1037 kurdi,3923 kurdi,419,31.03,21.65,3923,5.0,65.0,0.64,7.0,5.0,71.43,28.57,100.0,1461.0,929.0,19.0,48.89,52.63,78.95,100.0,100.0,60.0,100.0,40.0,0.0,60.0,60.0,60.0,60.0,25.0,2.0,3.4,0.0,0.0,0.0,,185.8
Raichur,B0096 manvi,C1037 kurdi,807 aroli,341,47.48,24.54,807,15.0,80.0,3.5,4.0,4.0,100.0,0.0,100.0,1384.0,1384.0,20.0,69.2,25.0,90.0,100.0,100.0,25.0,100.0,25.0,0.0,75.0,75.0,50.0,75.0,25.0,3.25,10.75,1.25,2.0,0.75,236.0,346.0
Raichur,B0096 manvi,C1113 mallat,4194 mallat,168,45.36,28.62,4194,5.0,80.0,-4.16,15.0,13.0,86.67,13.33,100.0,1769.0,1586.0,39.0,40.67,41.03,89.74,92.31,76.92,53.85,46.15,69.23,15.38,92.31,92.31,53.85,84.62,0.0,2.08,3.23,0.46,5.0,3.0,241.75,122.0
Raichur,B0096 manvi,C1113 mallat,979 ballatagi,111,33.6,27.44,979,0.0,70.0,10.32,9.0,6.0,66.67,33.33,100.0,1830.0,731.0,10.0,73.1,40.0,80.0,83.33,100.0,33.33,66.67,50.0,16.67,83.33,100.0,33.33,100.0,33.33,1.5,4.5,1.0,2.67,2.0,238.67,121.8
Raichur,B0096 manvi,C1138 manvi rural,1584 chikkakotnekal,95,45.58,20.9,1584,17.0,75.0,-11.45,,,,,,,,,,,,,,,,,,,,,,,,,,,,,
Raichur,B0096 manvi,C1138 manvi rural,4065 madallpur,320,47.03,26.92,4065,10.0,85.0,-3.37,,,,,,,,,,,,,,,,,,,,,,,,,,,,,
Raichur,B0096 manvi,C1138 manvi rural,5147 sadapur,237,47.7,23.9,5147,15.0,80.0,3.45,4.0,4.0,100.0,0.0,100.0,761.0,761.0,15.0,50.73,33.33,86.67,100.0,100.0,50.0,100.0,0.0,25.0,100.0,100.0,100.0,100.0,0.0,1.0,4.75,0.0,1.5,1.25,,190.2
Raichur,B0096 manvi,C1298 neer manvi,3410 kapagal,198,50.05,29.99,3410,10.0,90.0,2.3,,,,,,,,,,,,,,,,,,,,,,,,,,,,,
Raichur,B0096 manvi,C1298 neer manvi,4786 neeramanvi,385,41.81,28.02,4786,5.0,80.0,-1.69,,,,,,,,,,,,,,,,,,,,,,,,,,,,,
Raichur,B0096 manvi,C1345 pamanakallur,4945 pamanakallur,200,57.12,32.41,4945,9.5,95.0,0.54,21.0,16.0,76.19,23.81,100.0,2208.0,1708.0,44.0,38.82,56.82,81.82,100.0,100.0,50.0,100.0,12.5,6.25,62.5,87.5,62.5,87.5,0.0,1.31,4.56,0.31,3.0,2.38,233.83,106.8
Raichur,B0096 manvi,C1345 pamanakallur,6203 watagal,88,78.18,18.45,6203,60.0,100.0,1.3,,,,,,,,,,,,,,,,,,,,,,,,,,,,,
Raichur,B0096 manvi,C1345 pamanakallur,659 ameenagada,245,56.0,26.87,659,15.0,90.0,1.87,6.0,5.0,83.33,16.67,100.0,876.0,636.0,8.0,79.5,0.0,62.5,100.0,100.0,40.0,100.0,20.0,0.0,80.0,100.0,80.0,100.0,0.0,1.8,6.4,0.0,1.2,1.4,239.0,127.2
Raichur,B0096 manvi,C1367 potnal,1584 chikkakotnekal,166,49.85,21.72,1584,20.0,80.0,4.93,,,,,,,,,,,,,,,,,,,,,,,,,,,,,
Raichur,B0096 manvi,C1367 potnal,5010 potanal,396,43.45,25.35,5010,10.0,80.0,-1.99,,,,,,,,,,,,,,,,,,,,,,,,,,,,,
Raichur,B0096 manvi,C1442 sangapur,3044 janekal,271,44.74,26.34,3044,10.0,75.0,2.31,4.0,4.0,100.0,0.0,100.0,677.0,677.0,13.0,52.08,46.15,84.62,100.0,100.0,50.0,100.0,0.0,25.0,100.0,100.0,50.0,100.0,0.0,1.25,7.5,0.25,4.5,4.5,244.0,169.2
Raichur,B0096 manvi,C1442 sangapur,3120 k.gudadinni,423,25.2,20.91,3120,5.0,55.0,-1.21,,,,,,,,,,,,,,,,,,,,,,,,,,,,,
Raichur,B0096 manvi,C1442 sangapur,5202 sangapur,332,56.34,32.11,5202,5.5,95.0,-5.83,7.0,7.0,100.0,0.0,100.0,772.0,772.0,24.0,32.17,45.83,83.33,100.0,100.0,28.57,100.0,0.0,0.0,85.71,100.0,42.86,100.0,14.29,1.57,4.86,0.0,6.43,16.14,236.75,110.3
Raichur,B0096 manvi,C1513 sirwar east,1465 chagabhavi,147,63.4,24.33,1465,30.0,95.0,-3.68,10.0,9.0,90.0,10.0,100.0,1207.0,1041.0,19.0,54.79,42.11,63.16,88.89,100.0,22.22,100.0,0.0,0.0,88.89,88.89,77.78,100.0,22.22,1.44,4.78,0.11,2.0,1.67,240.4,115.7
Raichur,B0096 manvi,C1513 sirwar east,4763 navalkal,148,63.61,24.58,4763,28.5,90.0,-4.74,,,,,,,,,,,,,,,,,,,,,,,,,,,,,
Raichur,B0096 manvi,C1514 sirwar,4763 navalkal,177,66.44,26.38,4763,25.0,95.0,-5.21,,,,,,,,,,,,,,,,,,,,,,,,,,,,,
Raichur,B0096 manvi,C1621 torandinni,5796 toranadinni,336,46.22,29.91,5796,5.0,85.0,1.4,9.0,6.0,66.67,33.33,100.0,987.0,607.0,10.0,60.7,50.0,80.0,100.0,100.0,16.67,100.0,0.0,0.0,66.67,100.0,66.67,100.0,0.0,1.83,4.0,0.0,0.0,1.67,230.0,101.2
Raichur,B0096 manvi,C1621 torandinni,6191 hiredinni,239,41.42,30.02,6191,5.0,85.0,1.61,,,,,,,,,,,,,,,,,,,,,,,,,,,,,
Raichur,B0096 manvi,C1677 utaknoor,5921 utakanur,309,63.59,25.28,5921,24.0,90.0,7.17,6.0,5.0,83.33,16.67,100.0,834.0,814.0,11.0,74.0,0.0,100.0,100.0,100.0,80.0,100.0,20.0,0.0,60.0,100.0,60.0,100.0,20.0,1.4,6.0,10.8,9.0,4.2,239.67,162.8
Raichur,B0096 manvi,C1677 utaknoor,6168 malladagudda,48,55.62,24.16,6168,25.0,86.5,3.67,1.0,1.0,100.0,0.0,100.0,557.0,557.0,6.0,92.83,50.0,66.67,100.0,100.0,100.0,100.0,0.0,100.0,100.0,100.0,100.0,100.0,100.0,2.0,13.0,0.0,4.0,10.0,244.0,557.0
Raichur,B0111 raichur,C0245 bijanigera,1328 bijanagera,294,56.7,25.88,1328,20.0,90.0,7.24,,,,,,,,,,,,,,,,,,,,,,,,,,,,,
Raichur,B0111 raichur,C0245 bijanigera,4021 lingkhandoddi,114,42.46,26.22,4021,10.0,80.0,-12.94,,,,,,,,,,,,,,,,,,,,,,,,,,,,,
Raichur,B0111 raichur,C0296 chandrabanda,1495 chandrabanda,522,46.77,30.56,1495,5.0,90.0,4.14,8.0,8.0,100.0,0.0,100.0,1743.0,1743.0,40.0,43.58,45.0,52.5,87.5,87.5,75.0,87.5,0.0,0.0,50.0,50.0,37.5,100.0,25.0,1.12,5.75,0.12,4.38,2.5,233.43,217.9
Raichur,B0111 raichur,C0296 chandrabanda,6098 yapaldinni,152,57.3,29.31,6098,10.5,90.0,2.51,,,,,,,,,,,,,,,,,,,,,,,,,,,,,
Raichur,B0111 raichur,C0296 chandrabanda,933 bahidoddi,265,58.58,23.92,933,27.0,90.0,-5.03,,,,,,,,,,,,,,,,,,,,,,,,,,,,,
Raichur,B0111 raichur,C0318 chicksugur,1550 chickasuguru,350,42.51,26.48,1550,10.0,80.0,4.49,,,,,,,,,,,,,,,,,,,,,,,,,,,,,
Raichur,B0111 raichur,C0318 chicksugur,5299 shakawadi,453,43.94,28.66,5299,5.0,85.0,-1.35,,,,,,,,,,,,,,,,,,,,,,,,,,,,,
Raichur,B0111 raichur,C0318 chicksugur,6043 yadalapur,459,45.97,25.07,6043,15.0,80.0,2.2,,,,,,,,,,,,,,,,,,,,,,,,,,,,,
Raichur,B0111 raichur,C0401 devasugur,1810 devasuguru,666,53.87,29.14,1810,10.0,90.0,3.04,,,,,,,,,,,,,,,,,,,,,,,,,,,,,
Raichur,B0111 raichur,C0401 devasugur,3164 kadalur,117,36.07,22.46,3164,5.0,65.0,-3.57,,,,,,,,,,,,,,,,,,,,,,,,,,,,,
Raichur,B0111 raichur,C0468 gadhar,3307 kamalpur,213,52.65,24.44,3307,20.0,85.0,-1.54,,,,,,,,,,,,,,,,,,,,,,,,,,,,,
Raichur,B0111 raichur,C0468 gadhar,6105 yeragera,218,89.24,11.37,6105,70.0,100.0,3.02,,,,,,,,,,,,,,,,,,,,,,,,,,,,,
Raichur,B0111 raichur,C0484 gandhal,5623 talmari,442,57.05,28.64,5623,15.0,90.0,5.43,3.0,3.0,100.0,0.0,100.0,672.0,672.0,5.0,134.4,40.0,80.0,100.0,100.0,33.33,100.0,0.0,0.0,0.0,100.0,100.0,66.67,33.33,2.33,5.33,0.0,3.67,1.0,233.33,224.0
Raichur,B0111 raichur,C0484 gandhal,6206 n malkapur,262,38.72,29.74,6206,5.0,85.0,-2.16,,,,,,,,,,,,,,,,,,,,,,,,,,,,,
Raichur,B0111 raichur,C0501 gillesugur,2099 gillesugur,537,43.04,28.02,2099,10.0,85.0,1.19,13.0,11.0,84.62,15.38,100.0,2035.0,1792.0,37.0,48.43,48.65,70.27,100.0,90.91,54.55,81.82,9.09,0.0,54.55,72.73,90.91,81.82,33.33,1.91,4.36,0.0,5.64,3.27,236.0,162.9
Raichur,B0111 raichur,C0741 idapanur,2256 gunjhalli,753,67.3,17.71,2256,45.0,90.0,-2.42,,,,,,,,,,,,,,,,,,,,,,,,,,,,,
Raichur,B0111 raichur,C0741 idapanur,2924 idapanur,693,46.49,27.07,2924,10.0,85.0,2.86,7.0,7.0,100.0,0.0,100.0,1319.0,1319.0,16.0,82.44,68.75,75.0,100.0,100.0,57.14,100.0,14.29,14.29,42.86,85.71,100.0,85.71,33.33,1.57,4.29,0.29,3.43,0.71,230.0,188.4
Raichur,B0111 raichur,C0775 jalibenchi,213009052 marchethal,483,61.67,29.33,213009052,15.0,95.0,6.11,,,,,,,,,,,,,,,,,,,,,,,,,,,,,
Raichur,B0111 raichur,C0775 jalibenchi,213009362 marchethal,51,59.61,19.62,213009362,40.0,85.0,5.8,,,,,,,,,,,,,,,,,,,,,,,,,,,,,
Raichur,B0111 raichur,C0775 jalibenchi,213009616 udamagal,243,81.11,18.76,213009616,55.0,100.0,0.98,8.0,7.0,87.5,12.5,100.0,862.0,697.0,24.0,29.04,62.5,62.5,100.0,85.71,28.57,71.43,0.0,14.29,57.14,71.43,57.14,100.0,0.0,1.14,4.14,0.14,5.57,2.14,233.0,99.6
Raichur,B0111 raichur,C0775 jalibenchi,6407 mamadapur,230,50.09,28.01,6407,10.0,85.5,17.01,,,,,,,,,,,,,,,,,,,,,,,,,,,,,
Raichur,B0111 raichur,C0793 jegarkal,3066 jegarkal,624,32.96,27.34,3066,0.0,75.0,7.25,5.0,4.0,80.0,20.0,100.0,876.0,648.0,16.0,40.5,75.0,50.0,100.0,100.0,50.0,100.0,0.0,0.0,75.0,75.0,75.0,100.0,25.0,0.75,7.0,1.0,6.5,5.75,236.0,162.0
Raichur,B0111 raichur,C0793 jegarkal,3164 kadalur,210,38.21,28.8,3164,0.0,80.0,6.48,,,,,,,,,,,,,,,,,,,,,,,,,,,,,
Raichur,B0111 raichur,C0844 kalamala,3006 chhelia (a),230,45.07,23.39,3006,15.0,75.0,2.95,,,,,,,,,,,,,,,,,,,,,,,,,,,,,
Raichur,B0111 raichur,C0844 kalamala,3292 kalmal,219,45.3,20.87,3292,15.0,71.0,7.0,,,,,,,,,,,,,,,,,,,,,,,,,,,,,
Raichur,B0111 raichur,C1147 marched,3006 chhelia (a),196,55.0,28.73,3006,10.0,85.0,3.75,,,,,,,,,,,,,,,,,,,,,,,,,,,,,
Raichur,B0111 raichur,C1147 marched,4219 manchalapur,337,45.62,26.22,4219,10.0,85.0,6.29,,,,,,,,,,,,,,,,,,,,,,,,,,,,,
Raichur,B0111 raichur,C1162 matamari,213009052 marchethal,16,72.81,19.66,213009052,42.5,92.5,-1.35,,,,,,,,,,,,,,,,,,,,,,,,,,,,,
Raichur,B0111 raichur,C1162 matamari,4358 matamari,694,31.79,26.66,4358,0.0,75.0,3.28,,,,,,,,,,,,,,,,,,,,,,,,,,,,,
Raichur,B0111 raichur,C1162 matamari,5029 purthipalli,358,43.66,29.28,5029,5.0,85.0,-1.52,,,,,,,,,,,,,,,,,,,,,,,,,,,,,
Raichur,B0111 raichur,C1162 matamari,6245 heerapura,544,54.07,24.77,6245,20.0,85.0,-0.04,6.0,5.0,83.33,16.67,100.0,1068.0,950.0,9.0,105.56,22.22,44.44,100.0,100.0,20.0,100.0,0.0,20.0,80.0,60.0,100.0,100.0,20.0,1.4,7.2,0.4,3.4,2.0,235.0,190.0
Raichur,B0111 raichur,C1424 sagamkunta,5151 sagamkunta,556,43.79,24.95,5151,10.0,75.0,1.8,,,,,,,,,,,,,,,,,,,,,,,,,,,,,
Raichur,B0111 raichur,C1424 sagamkunta,825 athakur,88,46.99,24.77,825,13.5,80.0,-2.75,,,,,,,,,,,,,,,,,,,,,,,,,,,,,
Raichur,B0111 raichur,C1506 singanodi,5425 singanodi,378,33.86,26.19,5425,5.0,70.0,7.2,7.0,6.0,85.71,14.29,100.0,1676.0,1512.0,25.0,60.48,64.0,72.0,100.0,100.0,50.0,100.0,100.0,0.0,100.0,100.0,100.0,83.33,40.0,2.0,5.17,0.0,4.67,0.83,228.0,252.0
Raichur,B0111 raichur,C1506 singanodi,933 bahidoddi,154,42.5,31.4,933,5.0,95.0,8.01,,,,,,,,,,,,,,,,,,,,,,,,,,,,,
Raichur,B0111 raichur,C1624 tuntapur,4021 lingkhandoddi,107,60.19,23.15,4021,28.0,85.0,2.38,,,,,,,,,,,,,,,,,,,,,,,,,,,,,
Raichur,B0111 raichur,C1624 tuntapur,4454 mittimalkapur,210,42.45,23.91,4454,10.0,75.0,4.68,6.0,4.0,66.67,33.33,100.0,1611.0,1378.0,31.0,44.45,67.74,58.06,100.0,100.0,50.0,100.0,25.0,25.0,100.0,25.0,75.0,100.0,75.0,1.25,7.5,0.0,3.5,0.75,228.0,344.5
Raichur,B0111 raichur,C1729 yapaladinni,6098 yapaldinni,122,49.26,26.32,6098,10.0,80.0,5.47,,,,,,,,,,,,,,,,,,,,,,,,,,,,,
Raichur,B0111 raichur,C1729 yapaladinni,825 athakur,263,41.1,23.99,825,10.0,70.0,2.44,,,,,,,,,,,,,,,,,,,,,,,,,,,,,
Raichur,B0111 raichur,C1731 yaragera,6105 yeragera,380,83.25,13.44,6105,65.0,100.0,2.75,,,,,,,,,,,,,,,,,,,,,,,,,,,,,
Raichur,B0111 raichur,C1731 yaragera,6661 jambaladinni,262,45.73,23.72,6661,15.0,80.0,-5.16,8.0,8.0,100.0,0.0,100.0,1241.0,1241.0,25.0,49.64,52.0,64.0,100.0,100.0,37.5,100.0,12.5,0.0,75.0,75.0,62.5,100.0,12.5,1.25,4.75,0.12,5.38,2.12,229.71,155.1
Raichur,B0111 raichur,C1742 yelebichali,6136 yelibichali,299,44.85,27.89,6136,5.0,85.0,5.99,,,,,,,,,,,,,,,,,,,,,,,,,,,,,
Raichur,B0126 sindhanur,C0002 7 mile camp,2254 gunjahalli,339,56.19,25.98,2254,20.0,90.0,-2.25,,,,,,,,,,,,,,,,,,,,,,,,,,,,,
Raichur,B0126 sindhanur,C0002 7 mile camp,5999 virupapur,449,51.28,25.64,5999,15.0,85.0,-1.18,5.0,4.0,80.0,20.0,100.0,1112.0,919.0,29.0,31.69,51.72,82.76,100.0,100.0,50.0,100.0,0.0,25.0,75.0,100.0,75.0,100.0,50.0,2.0,10.0,1.0,13.25,2.75,241.75,229.8
Raichur,B0126 sindhanur,C0033 albanur,4083 madasiravar,507,45.12,28.25,4083,8.0,85.0,-2.38,,,,,,,,,,,,,,,,,,,,,,,,,,,,,
Raichur,B0126 sindhanur,C0033 albanur,585 alabanur,526,38.21,28.06,585,0.0,80.0,3.43,10.0,7.0,70.0,30.0,100.0,1018.0,698.0,17.0,41.06,29.41,88.24,85.71,85.71,71.43,85.71,0.0,14.29,85.71,71.43,85.71,100.0,14.29,1.29,4.0,0.29,9.57,3.71,237.4,99.7
Raichur,B0126 sindhanur,C0119 badarli,2545 hedaginal,222,55.92,24.24,2545,20.5,85.0,-5.1,,,,,,,,,,,,,,,,,,,,,,,,,,,,,
Raichur,B0126 sindhanur,C0119 badarli,6166 valaballary,253,54.88,25.38,6166,20.0,90.0,-4.43,,,,,,,,,,,,,,,,,,,,,,,,,,,,,
Raichur,B0126 sindhanur,C0119 badarli,910 badarli,340,61.38,25.91,910,25.0,95.0,-1.03,9.0,8.0,88.89,11.11,100.0,1220.0,1033.0,26.0,39.73,15.38,84.62,100.0,87.5,87.5,87.5,50.0,12.5,50.0,75.0,75.0,75.0,14.29,2.25,4.25,0.25,3.62,4.62,184.5,129.1
Raichur,B0126 sindhanur,C0164 bappur,1055 bappur,356,36.57,26.58,1055,5.0,75.0,-5.23,6.0,6.0,100.0,0.0,100.0,735.0,735.0,12.0,61.25,58.33,100.0,83.33,33.33,50.0,100.0,83.33,16.67,83.33,100.0,100.0,100.0,16.67,1.0,5.67,0.17,5.0,6.0,238.67,122.5
Raichur,B0126 sindhanur,C0403 devi camp,1793 devaragudi,531,35.75,27.38,1793,0.0,75.0,-2.49,10.0,7.0,70.0,30.0,100.0,971.0,617.0,21.0,29.38,28.57,71.43,100.0,85.71,14.29,100.0,0.0,0.0,100.0,85.71,85.71,100.0,0.0,1.29,4.71,0.14,1.14,2.86,235.5,88.1
Raichur,B0126 sindhanur,C0403 devi camp,4924 pagadadinni,487,47.66,28.0,4924,10.0,85.0,2.1,12.0,10.0,83.33,16.67,100.0,1151.0,1010.0,32.0,31.56,25.0,71.88,100.0,100.0,40.0,100.0,70.0,0.0,80.0,80.0,90.0,80.0,0.0,1.6,5.3,0.4,7.8,6.7,235.17,101.0
Raichur,B0126 sindhanur,C0513 gorebal,1506 channali,596,48.46,27.07,1506,10.0,85.0,4.65,,,,,,,,,,,,,,,,,,,,,,,,,,,,,
Raichur,B0126 sindhanur,C0513 gorebal,2155 gorebal (s),431,44.04,26.73,2155,10.0,85.0,8.42,15.0,9.0,60.0,40.0,100.0,1863.0,968.0,40.0,24.2,37.5,82.5,100.0,100.0,44.44,100.0,33.33,0.0,66.67,88.89,88.89,88.89,25.0,2.22,4.33,0.22,5.11,2.11,234.0,107.6
Raichur,B0126 sindhanur,C0515 goudanbhavi,2165 goudanabhavi,219,48.77,26.19,2165,15.0,85.0,3.72,10.0,9.0,90.0,10.0,100.0,727.0,718.0,26.0,27.62,42.31,73.08,100.0,55.56,33.33,100.0,11.11,0.0,77.78,100.0,44.44,100.0,0.0,1.0,3.67,0.56,5.44,2.67,236.83,79.8
Raichur,B0126 sindhanur,C0515 goudanbhavi,3060 jawalgera,433,39.06,23.28,3060,10.0,75.0,-1.2,,,,,,,,,,,,,,,,,,,,,,,,,,,,,
Raichur,B0126 sindhanur,C0515 goudanbhavi,5859 udbal (u),333,51.29,24.8,5859,15.0,85.0,3.46,7.0,7.0,100.0,0.0,100.0,934.0,934.0,34.0,27.47,44.12,76.47,100.0,42.86,28.57,100.0,57.14,14.29,100.0,85.71,100.0,100.0,14.29,1.29,4.43,0.29,7.43,8.57,235.33,133.4
Raichur,B0126 sindhanur,C0526 gudadur,2185 gudadur,403,46.84,28.66,2185,5.0,85.0,12.65,11.0,10.0,90.91,9.09,100.0,1087.0,838.0,29.0,28.9,37.93,79.31,100.0,20.0,60.0,80.0,70.0,0.0,80.0,100.0,80.0,90.0,0.0,1.1,3.5,0.2,10.5,9.0,236.67,83.8
Raichur,B0126 sindhanur,C0540 gunda,2238 gunda,438,55.39,25.66,2238,20.0,90.0,-7.91,15.0,15.0,100.0,0.0,100.0,1460.0,1460.0,23.0,63.48,30.43,82.61,93.33,93.33,33.33,93.33,0.0,0.0,86.67,100.0,100.0,100.0,6.67,1.33,3.2,0.27,9.27,8.6,238.08,97.3
Raichur,B0126 sindhanur,C0702 hosahalli (ej),2804 hossalli,595,48.11,25.95,2804,15.0,85.0,0.02,,,,,,,,,,,,,,,,,,,,,,,,,,,,,
Raichur,B0126 sindhanur,C0777 jalihal,1096 bassapur (k),266,36.82,27.79,1096,5.0,75.0,-1.41,,,,,,,,,,,,,,,,,,,,,,,,,,,,,
Raichur,B0126 sindhanur,C0777 jalihal,2043 gandhinagar,605,40.22,27.75,2043,5.0,80.0,-1.35,10.0,6.0,60.0,40.0,100.0,1241.0,907.0,21.0,43.19,28.57,90.48,100.0,100.0,16.67,100.0,16.67,16.67,83.33,66.67,100.0,66.67,33.33,1.5,4.0,4.0,7.5,6.17,237.5,151.2
Raichur,B0126 sindhanur,C0777 jalihal,6653 jalihal,539,41.83,26.99,6653,5.0,80.0,6.26,8.0,7.0,87.5,12.5,100.0,956.0,823.0,33.0,24.94,51.52,93.94,100.0,100.0,42.86,100.0,57.14,0.0,85.71,100.0,85.71,71.43,16.67,3.57,5.71,0.29,8.29,3.71,238.0,117.6
Raichur,B0126 sindhanur,C0790 jawalagera,3060 jawalgera,248,47.88,28.25,3060,10.0,86.5,-2.11,,,,,,,,,,,,,,,,,,,,,,,,,,,,,
Raichur,B0126 sindhanur,C0845 kalamangi,3239 kalamangi,537,56.46,25.13,3239,20.0,90.0,-0.95,,,,,,,,,,,,,,,,,,,,,,,,,,,,,
Raichur,B0126 sindhanur,C0845 kalamangi,5898 umaluti,326,40.52,23.0,5898,10.0,72.5,-6.96,,,,,,,,,,,,,,,,,,,,,,,,,,,,,
Raichur,B0126 sindhanur,C0969 kolbala,3687 kolabal,255,43.94,26.85,3687,10.0,85.0,3.05,,,,,,,,,,,,,,,,,,,,,,,,,,,,,
Raichur,B0126 sindhanur,C0969 kolbala,6219 yelekudalagi,266,52.76,27.51,6219,10.0,85.0,1.61,,,,,,,,,,,,,,,,,,,,,,,,,,,,,
Raichur,B0126 sindhanur,C1336 pagadadinni,1423 buthaladinni,292,48.01,26.65,1423,10.0,85.0,-3.03,,,,,,,,,,,,,,,,,,,,,,,,,,,,,
Raichur,B0126 sindhanur,C1374 ragalparvi,2140 gonwar,503,35.64,26.3,2140,5.0,75.0,-7.21,,,,,,,,,,,,,,,,,,,,,,,,,,,,,
Raichur,B0126 sindhanur,C1374 ragalparvi,5038 ragalaparavi,303,46.95,25.22,5038,15.0,80.0,0.67,,,,,,,,,,,,,,,,,,,,,,,,,,,,,
Raichur,B0126 sindhanur,C1391 ramathnal,5080 ramathanal,346,48.11,26.66,5080,10.0,85.0,-0.04,,,,,,,,,,,,,,,,,,,,,,,,,,,,,
Raichur,B0126 sindhanur,C1408 rh no-1,5034 r.h.colony no-1,339,57.15,27.16,5034,20.0,90.0,-5.53,,,,,,,,,,,,,,,,,,,,,,,,,,,,,
Raichur,B0126 sindhanur,C1412 roudakunda,4537 mukkunda,609,55.34,25.44,4537,20.0,90.0,-0.84,8.0,7.0,87.5,12.5,100.0,1353.0,1251.0,17.0,73.59,17.65,94.12,100.0,85.71,28.57,100.0,14.29,14.29,85.71,71.43,57.14,71.43,50.0,2.0,5.57,0.29,7.57,4.86,203.0,178.7
Raichur,B0126 sindhanur,C1412 roudakunda,5129 roudakunda,285,46.65,30.14,5129,5.0,90.0,-2.39,5.0,5.0,100.0,0.0,100.0,900.0,900.0,20.0,45.0,20.0,85.0,100.0,100.0,80.0,100.0,20.0,0.0,100.0,100.0,100.0,80.0,20.0,1.4,4.8,0.4,9.0,6.4,224.0,180.0
Raichur,B0126 sindhanur,C1412 roudakunda,5167 salagunda,539,36.06,26.68,5167,5.0,75.0,4.62,5.0,4.0,80.0,20.0,100.0,1099.0,1088.0,18.0,60.44,22.22,88.89,100.0,100.0,75.0,100.0,50.0,25.0,100.0,100.0,100.0,75.0,25.0,2.5,6.75,2.0,6.75,3.0,236.33,272.0
Raichur,B0126 sindhanur,C1497 shri venkteswara camp,1721 dadesugur,228,44.71,22.58,1721,15.0,75.0,1.3,,,,,,,,,,,,,,,,,,,,,,,,,,,,,
Raichur,B0126 sindhanur,C1497 shri venkteswara camp,5454 somalapur,258,44.3,24.98,5454,10.0,75.0,-1.14,9.0,7.0,77.78,22.22,100.0,1362.0,1212.0,30.0,40.4,43.33,80.0,100.0,85.71,42.86,100.0,28.57,42.86,100.0,100.0,71.43,100.0,42.86,2.0,5.71,5.0,4.86,5.71,235.17,173.1
Raichur,B0126 sindhanur,C1599 thidigol,5770 tidigol,398,53.24,27.63,5770,15.0,90.0,3.74,14.0,10.0,71.43,28.57,100.0,1524.0,1061.0,22.0,48.23,36.36,81.82,100.0,90.0,40.0,100.0,30.0,10.0,100.0,100.0,80.0,100.0,20.0,1.7,5.2,0.7,11.9,3.9,239.75,106.1
Ramanagara,B0077 kanakapura,C0323 chikka muduvadi,1595 chikkamuduvadi,354,57.26,26.98,1595,20.0,90.0,5.32,,,,,,,,,,,,,,,,,,,,,,,,,,,,,
Ramanagara,B0077 kanakapura,C0323 chikka muduvadi,624 alli maranahalli,192,71.64,18.87,624,45.0,95.0,2.84,,,,,,,,,,,,,,,,,,,,,,,,,,,,,
Ramanagara,B0077 kanakapura,C0415 dodda allahalli,1858 dodda alahalli,210,40.26,25.98,1858,10.0,80.0,6.43,,,,,,,,,,,,,,,,,,,,,,,,,,,,,
Ramanagara,B0077 kanakapura,C0415 dodda allahalli,4291 maralebekuppe,145,56.14,24.91,4291,20.0,90.0,11.02,,,,,,,,,,,,,,,,,,,,,,,,,,,,,
Ramanagara,B0077 kanakapura,C0640 hegganuru,5928 uyyamballi,310,39.24,28.74,5928,5.0,85.0,14.56,13.0,13.0,100.0,0.0,100.0,191.0,191.0,12.0,15.92,66.67,83.33,100.0,100.0,53.85,92.31,0.0,7.69,92.31,76.92,92.31,100.0,0.0,2.15,1.69,1.23,11.85,7.85,218.89,14.7
Ramanagara,B0077 kanakapura,C0816 kabbal,3135 kabbalu,282,69.88,22.17,3135,40.0,95.0,0.32,9.0,8.0,88.89,11.11,100.0,664.0,431.0,16.0,26.94,37.5,75.0,100.0,100.0,37.5,100.0,62.5,12.5,87.5,100.0,100.0,87.5,0.0,2.88,2.75,0.62,8.62,8.12,239.5,53.9
Ramanagara,B0077 kanakapura,C0834 kaggalahalli,3205 kaggalahalli,375,53.29,26.91,3205,15.0,85.0,10.97,15.0,12.0,80.0,20.0,100.0,1229.0,304.0,23.0,13.22,82.61,52.17,100.0,100.0,41.67,100.0,0.0,0.0,100.0,100.0,83.33,91.67,0.0,1.08,2.5,0.08,16.0,5.17,240.0,25.3
Ramanagara,B0077 kanakapura,C0853 kallahalli,1394 boodi guppe,32,80.47,13.1,1394,60.5,95.0,-1.63,,,,,,,,,,,,,,,,,,,,,,,,,,,,,
Ramanagara,B0077 kanakapura,C0853 kallahalli,5833 tungani,121,56.24,23.94,5833,20.0,85.0,1.51,8.0,8.0,100.0,0.0,100.0,150.0,150.0,13.0,11.54,84.62,61.54,100.0,100.0,37.5,100.0,25.0,0.0,62.5,87.5,100.0,100.0,0.0,1.12,1.88,0.5,11.0,5.12,240.0,18.8
Ramanagara,B0077 kanakapura,C0853 kallahalli,6469 kallahalli,146,65.55,25.17,6469,25.0,95.0,12.55,11.0,9.0,81.82,18.18,100.0,1137.0,373.0,22.0,16.95,27.27,72.73,100.0,100.0,44.44,100.0,22.22,11.11,88.89,88.89,100.0,77.78,0.0,1.44,2.89,0.22,9.11,8.22,240.75,41.4
Ramanagara,B0077 kanakapura,C0950 kodihalli,6393 kodihalli,468,49.52,24.63,6393,15.0,85.0,3.77,12.0,10.0,83.33,16.67,100.0,2029.0,1404.0,44.0,31.91,54.55,81.82,100.0,100.0,70.0,90.0,40.0,20.0,70.0,60.0,90.0,70.0,0.0,2.6,4.8,0.4,7.9,7.5,239.14,140.4
Ramanagara,B0077 kanakapura,C1000 kottagalu,3805 kottagalu,397,58.12,27.94,3805,15.0,90.0,5.43,8.0,8.0,100.0,0.0,100.0,469.0,469.0,17.0,27.59,41.18,76.47,100.0,100.0,50.0,100.0,0.0,12.5,100.0,87.5,100.0,100.0,12.5,1.12,1.75,1.0,11.0,7.75,223.6,58.6
Ramanagara,B0077 kanakapura,C1143 maralebekuppe,4291 maralebekuppe,90,53.89,25.39,4291,19.5,85.0,13.66,,,,,,,,,,,,,,,,,,,,,,,,,,,,,
Ramanagara,B0077 kanakapura,C1143 maralebekuppe,6431 narayanapura,117,65.26,21.96,6431,35.0,90.0,1.0,11.0,10.0,90.91,9.09,100.0,209.0,192.0,14.0,13.71,50.0,78.57,100.0,100.0,30.0,80.0,10.0,0.0,90.0,90.0,90.0,100.0,0.0,1.0,1.4,1.1,9.6,6.9,238.83,19.2
Ramanagara,B0077 kanakapura,C1459 sathanuru,509 achhalu,176,59.2,24.36,509,25.0,90.0,-2.59,,,,,,,,,,,,,,,,,,,,,,,,,,,,,
Ramanagara,B0077 kanakapura,C1459 sathanuru,5260 sathanur,123,47.4,24.38,5260,15.0,84.0,2.02,12.0,10.0,83.33,16.67,100.0,977.0,755.0,29.0,26.03,48.28,68.97,100.0,100.0,50.0,90.0,50.0,30.0,70.0,50.0,80.0,80.0,11.11,2.4,4.6,3.5,6.9,6.5,240.12,75.5
Ramanagara,B0077 kanakapura,C1720 yalachavadi,6063 yalachavadi,173,48.47,29.42,6063,10.0,90.0,8.93,10.0,10.0,100.0,0.0,100.0,220.0,220.0,12.0,18.33,50.0,75.0,90.0,100.0,20.0,90.0,0.0,0.0,100.0,90.0,90.0,100.0,0.0,1.2,2.4,0.7,16.4,6.1,239.5,22.0
Ramanagara,B0077 kanakapura,C1789 anedoddi,1046 bannimukkodlu,93,53.23,26.06,1046,16.0,89.0,-0.71,11.0,11.0,100.0,0.0,100.0,174.0,174.0,12.0,14.5,16.67,66.67,100.0,100.0,18.18,100.0,0.0,0.0,100.0,90.91,100.0,100.0,0.0,1.0,1.18,0.36,7.09,4.27,242.0,15.8
Ramanagara,B0077 kanakapura,C1789 anedoddi,3707 kolliganahalli,370,51.19,25.52,3707,15.0,85.0,6.72,6.0,6.0,100.0,0.0,100.0,307.0,307.0,15.0,20.47,73.33,80.0,100.0,100.0,50.0,100.0,0.0,0.0,100.0,83.33,100.0,100.0,0.0,1.5,1.83,0.0,22.0,4.83,234.67,51.2
Ramanagara,B0077 kanakapura,C1817 attihalli,1673 choodahalli,166,52.74,24.03,1673,17.5,85.0,2.05,7.0,7.0,100.0,0.0,100.0,231.0,231.0,12.0,19.25,66.67,83.33,100.0,100.0,57.14,100.0,0.0,0.0,85.71,71.43,100.0,100.0,0.0,1.14,1.71,1.14,7.43,5.57,241.2,33.0
Ramanagara,B0077 kanakapura,C1817 attihalli,790 arekattedoddi,127,53.9,28.83,790,15.0,90.0,10.8,6.0,6.0,100.0,0.0,100.0,123.0,123.0,8.0,15.38,75.0,75.0,100.0,100.0,50.0,100.0,33.33,0.0,100.0,100.0,100.0,100.0,0.0,1.17,2.17,0.5,10.0,4.83,240.0,20.5
Ramanagara,B0077 kanakapura,C1848 banavasi,1012 nagaon (b),123,49.59,24.19,1012,15.0,84.0,-5.01,,,,,,,,,,,,,,,,,,,,,,,,,,,,,
Ramanagara,B0077 kanakapura,C1854 bannimukodlu,1046 bannimukkodlu,55,46.0,26.06,1046,15.0,75.0,-7.1,11.0,11.0,100.0,0.0,100.0,174.0,174.0,12.0,14.5,16.67,66.67,100.0,100.0,18.18,100.0,0.0,0.0,100.0,90.91,100.0,100.0,0.0,1.0,1.18,0.36,7.09,4.27,242.0,15.8
Ramanagara,B0077 kanakapura,C1922 chakanahalli,1685 chowkanahalli,196,56.58,25.46,1685,22.5,90.0,-0.67,,,,,,,,,,,,,,,,,,,,,,,,,,,,,
Ramanagara,B0077 kanakapura,C1934 cheeluru,5584 t. hosahalli,125,59.4,26.65,5584,25.0,93.0,2.69,6.0,5.0,83.33,16.67,100.0,325.0,116.0,9.0,12.89,66.67,66.67,100.0,100.0,20.0,100.0,0.0,0.0,100.0,100.0,100.0,100.0,0.0,1.2,1.4,0.4,8.0,7.4,241.0,23.2
Ramanagara,B0077 kanakapura,C1934 cheeluru,6663 cheeluru,234,58.74,26.67,6663,16.5,90.0,5.64,,,,,,,,,,,,,,,,,,,,,,,,,,,,,
Ramanagara,B0077 kanakapura,C1997 dodda maralavadi,1870 dodda maralavadi,282,72.2,21.15,1870,40.0,95.0,4.46,,,,,,,,,,,,,,,,,,,,,,,,,,,,,
Ramanagara,B0077 kanakapura,C1997 dodda maralavadi,5738 thokasandra,246,63.74,25.44,5738,27.5,95.0,5.55,12.0,12.0,100.0,0.0,100.0,291.0,291.0,22.0,13.23,77.27,68.18,100.0,100.0,58.33,100.0,8.33,8.33,100.0,100.0,83.33,91.67,0.0,1.17,2.08,0.33,11.67,5.5,240.8,24.2
Ramanagara,B0077 kanakapura,C1998 dodda muduvadi,1871 dodda muduvadi,191,88.43,11.21,1871,75.0,100.0,1.55,,,,,,,,,,,,,,,,,,,,,,,,,,,,,
Ramanagara,B0077 kanakapura,C2014 dyvasandra,1973 dyavasandra,252,47.28,27.92,1973,5.0,85.0,7.43,,,,,,,,,,,,,,,,,,,,,,,,,,,,,
Ramanagara,B0077 kanakapura,C2075 halasuru,2759 honniganahalli,76,48.03,23.51,2759,17.5,77.5,16.33,8.0,7.0,87.5,12.5,100.0,197.0,155.0,13.0,11.92,46.15,69.23,100.0,100.0,28.57,100.0,14.29,0.0,71.43,100.0,100.0,100.0,0.0,1.14,2.71,2.71,8.86,7.71,240.33,22.1
Ramanagara,B0077 kanakapura,C2075 halasuru,3155 kadahalli,68,50.44,26.0,3155,15.0,83.0,14.31,4.0,4.0,100.0,0.0,100.0,95.0,95.0,5.0,19.0,60.0,40.0,100.0,100.0,50.0,100.0,0.0,0.0,100.0,100.0,100.0,100.0,0.0,1.25,2.5,2.0,10.5,3.75,241.0,23.8
Ramanagara,B0077 kanakapura,C2106 harohalli,6633 harohalli,431,62.58,28.88,6633,20.0,95.0,2.63,,,,,,,,,,,,,,,,,,,,,,,,,,,,,
Ramanagara,B0077 kanakapura,C2115 herindyapanahalli,2591 herindyapanahalli,131,46.72,26.4,2591,10.0,85.0,11.15,,,,,,,,,,,,,,,,,,,,,,,,,,,,,
Ramanagara,B0077 kanakapura,C2115 herindyapanahalli,6537 arekere,68,49.19,24.0,6537,18.5,75.0,14.85,,,,,,,,,,,,,,,,,,,,,,,,,,,,,
Ramanagara,B0077 kanakapura,C2154 hosadurga,2782 hosadurga,172,52.99,27.76,2782,15.0,90.0,0.1,9.0,9.0,100.0,0.0,100.0,226.0,226.0,8.0,28.25,62.5,87.5,100.0,100.0,22.22,100.0,11.11,0.0,100.0,100.0,100.0,100.0,11.11,1.22,3.0,0.56,6.89,7.56,240.0,25.1
Ramanagara,B0077 kanakapura,C2164 hukunda,2825 hukunda,109,56.42,24.01,2825,25.0,95.0,-3.0,6.0,5.0,83.33,16.67,100.0,399.0,93.0,6.0,15.5,66.67,83.33,100.0,100.0,0.0,100.0,0.0,20.0,100.0,100.0,100.0,100.0,20.0,1.4,1.8,0.0,4.6,8.0,239.75,18.6
Ramanagara,B0077 kanakapura,C2164 hukunda,4543 mullahalli,142,54.68,25.55,4543,15.0,89.5,-5.62,8.0,8.0,100.0,0.0,100.0,396.0,396.0,12.0,33.0,58.33,66.67,100.0,100.0,50.0,100.0,37.5,50.0,87.5,87.5,87.5,100.0,0.0,1.88,2.12,1.12,5.38,9.5,240.75,49.5
Ramanagara,B0077 kanakapura,C2175 hunasanahalli,213009349 hunasanahalli,233,74.76,12.28,213009349,60.0,90.0,-1.75,10.0,9.0,90.0,10.0,100.0,433.0,295.0,15.0,19.67,60.0,73.33,100.0,100.0,33.33,100.0,22.22,0.0,100.0,88.89,100.0,100.0,0.0,1.44,2.56,0.56,5.33,6.89,244.83,32.8
Ramanagara,B0077 kanakapura,C2184 i gollahalli,2911 i. gollahalli,248,65.65,18.42,2911,45.0,90.0,1.07,,,,,,,,,,,,,,,,,,,,,,,,,,,,,
Ramanagara,B0077 kanakapura,C2306 kolagondanahalli,3689 kolagondahalli,286,36.05,30.09,3689,0.0,85.0,-0.95,,,,,,,,,,,,,,,,,,,,,,,,,,,,,
Ramanagara,B0077 kanakapura,C2493 narayanapura,5583 t. bekuppe,90,66.22,19.14,5583,40.0,90.0,0.6,,,,,,,,,,,,,,,,,,,,,,,,,,,,,
Ramanagara,B0077 kanakapura,C2616 shivanahalli,5380 shivanahalli,193,65.52,24.01,5380,35.0,95.0,3.68,15.0,13.0,86.67,13.33,100.0,1431.0,778.0,51.0,15.25,56.86,84.31,100.0,100.0,53.85,92.31,15.38,23.08,100.0,53.85,100.0,84.62,0.0,2.77,2.31,0.23,10.54,7.38,239.7,59.8
Ramanagara,B0077 kanakapura,C2635 somedypanahalli,5464 somedyapanahalli,150,68.1,24.06,5464,30.0,95.0,6.02,14.0,14.0,100.0,0.0,100.0,222.0,222.0,16.0,13.88,62.5,62.5,100.0,100.0,28.57,100.0,7.14,0.0,100.0,92.86,100.0,100.0,0.0,1.14,1.5,2.29,6.79,5.86,240.25,15.9
Ramanagara,B0112 ramanagara,C0161 bannikuppe(b),1045 bannikuppe,282,81.6,19.72,1045,55.0,100.0,3.39,13.0,12.0,92.31,7.69,100.0,319.0,301.0,26.0,11.58,57.69,61.54,100.0,100.0,41.67,100.0,16.67,0.0,91.67,100.0,100.0,100.0,16.67,1.42,2.92,0.67,11.25,4.92,239.71,25.1
Ramanagara,B0112 ramanagara,C0249 bilagumba,1338 bilagumba,359,86.18,14.62,1338,65.0,100.0,-1.19,,,,,,,,,,,,,,,,,,,,,,,,,,,,,
Ramanagara,B0112 ramanagara,C0279 byramangala,1307 bhyramangala,176,80.45,19.87,1307,52.5,100.0,3.74,,,,,,,,,,,,,,,,,,,,,,,,,,,,,
Ramanagara,B0112 ramanagara,C0615 harisandra,2471 harisandra,325,76.97,21.42,2471,45.0,100.0,-2.19,15.0,14.0,93.33,6.67,100.0,865.0,402.0,25.0,16.08,72.0,40.0,100.0,100.0,28.57,100.0,21.43,14.29,100.0,100.0,100.0,92.86,7.14,1.14,2.36,0.07,8.0,5.36,240.15,28.7
Ramanagara,B0112 ramanagara,C0774 jalamangala,1864 dodda gangawadi,77,43.83,24.14,1864,10.0,75.0,15.45,,,,,,,,,,,,,,,,,,,,,,,,,,,,,
Ramanagara,B0112 ramanagara,C0774 jalamangala,3020 jalamangala,153,66.24,25.22,3020,30.0,95.0,1.88,,,,,,,,,,,,,,,,,,,,,,,,,,,,,
Ramanagara,B0112 ramanagara,C0774 jalamangala,584 akkuru,74,46.89,25.17,584,15.0,75.0,9.9,,,,,,,,,,,,,,,,,,,,,,,,,,,,,
Ramanagara,B0112 ramanagara,C0835 kailancha,213009373 bannikuppe k,137,63.94,31.86,213009373,10.0,100.0,7.07,,,,,,,,,,,,,,,,,,,,,,,,,,,,,
Ramanagara,B0112 ramanagara,C0835 kailancha,3982 kylancha,216,69.72,26.7,3982,27.5,100.0,6.75,,,,,,,,,,,,,,,,,,,,,,,,,,,,,
Ramanagara,B0112 ramanagara,C1054 lakshmipura,6620 lakshmipura,144,77.15,16.09,6620,60.0,95.0,3.24,12.0,12.0,100.0,0.0,100.0,285.0,285.0,22.0,12.95,50.0,50.0,100.0,100.0,50.0,100.0,41.67,8.33,100.0,100.0,100.0,100.0,0.0,1.0,2.17,0.33,11.92,8.17,240.33,23.8
Ramanagara,B0112 ramanagara,C1172 mayaganahalli,4388 mayaganahalli,335,76.0,19.72,4388,45.0,100.0,5.26,13.0,12.0,92.31,7.69,100.0,1151.0,578.0,34.0,17.0,67.65,55.88,100.0,100.0,25.0,100.0,25.0,0.0,58.33,100.0,100.0,83.33,18.18,1.5,2.67,0.08,10.0,3.33,238.0,48.2
Ramanagara,B0112 ramanagara,C1479 shanuboganahalli,5392 shyanubhoganahalli,274,68.52,25.43,5392,35.0,95.0,4.24,,,,,,,,,,,,,,,,,,,,,,,,,,,,,
Ramanagara,B0112 ramanagara,C1537 sugganahalli,5516 sugganahalli,30,91.33,10.82,5516,79.0,100.0,0.0,14.0,12.0,85.71,14.29,100.0,270.0,219.0,24.0,9.12,50.0,41.67,100.0,100.0,33.33,100.0,16.67,0.0,100.0,100.0,100.0,100.0,0.0,1.17,1.25,0.83,9.08,5.92,240.82,18.2
Ramanagara,B0112 ramanagara,C1696 vibhutikere,5994 vibhuthikere,319,79.87,18.9,5994,50.0,100.0,3.82,,,,,,,,,,,,,,,,,,,,,,,,,,,,,
Ramanagara,B0112 ramanagara,C1797 annahalli,2142 gopahalli,241,80.73,16.94,2142,55.0,100.0,3.62,13.0,11.0,84.62,15.38,100.0,798.0,290.0,23.0,12.61,86.96,39.13,100.0,100.0,18.18,100.0,9.09,0.0,90.91,100.0,100.0,100.0,0.0,1.27,2.55,0.45,10.0,6.55,209.78,26.4
Ramanagara,B0112 ramanagara,C1821 avverahalli,2838 hulikere gunnur,200,61.9,28.97,2838,19.5,95.0,2.34,,,,,,,,,,,,,,,,,,,,,,,,,,,,,
Ramanagara,B0112 ramanagara,C2167 hulikal,5516 sugganahalli,152,77.43,26.19,5516,35.0,100.0,-0.72,14.0,12.0,85.71,14.29,100.0,270.0,219.0,24.0,9.12,50.0,41.67,100.0,100.0,33.33,100.0,16.67,0.0,100.0,100.0,100.0,100.0,0.0,1.17,1.25,0.83,9.08,5.92,240.82,18.2
Ramanagara,B0112 ramanagara,C2175 hunasanahalli,2866 hunasanahalli,309,80.16,15.62,2866,64.0,100.0,1.94,13.0,13.0,100.0,0.0,100.0,372.0,372.0,25.0,14.88,36.0,36.0,100.0,100.0,30.77,100.0,30.77,7.69,100.0,100.0,100.0,100.0,23.08,1.15,2.46,0.08,10.77,4.69,172.0,28.6
Ramanagara,B0112 ramanagara,C2252 kanchugaranahalli,3358 kanchugaranahalli,164,90.15,13.7,3358,70.0,100.0,-1.53,,,,,,,,,,,,,,,,,,,,,,,,,,,,,
Ramanagara,B0112 ramanagara,C2315 kootagal,3757 kootagal,153,80.46,20.05,3757,46.0,100.0,-1.42,8.0,8.0,100.0,0.0,100.0,244.0,244.0,17.0,14.35,76.47,52.94,100.0,100.0,25.0,100.0,37.5,12.5,87.5,87.5,100.0,100.0,0.0,1.88,3.38,1.25,9.5,7.0,193.6,30.5
Ramanagara,B0112 ramanagara,C2402 manchanayakanahalli,4221 manchanayakanahalli,340,79.91,21.85,4221,50.0,100.0,3.55,22.0,17.0,77.27,22.73,100.0,3472.0,821.0,45.0,18.24,80.0,44.44,100.0,100.0,17.65,100.0,5.88,17.65,94.12,88.24,88.24,100.0,0.0,1.35,3.41,0.12,10.59,3.53,242.4,48.3
Ramanagara,B0146 channapatna,C1757 abburudoddi,1255 bevooru,149,53.26,29.15,1255,10.0,90.0,12.27,,,,,,,,,,,,,,,,,,,,,,,,,,,,,
Ramanagara,B0146 channapatna,C1757 abburudoddi,1752 dashavara,97,56.03,26.69,1752,20.0,90.0,22.18,,,,,,,,,,,,,,,,,,,,,,,,,,,,,
Ramanagara,B0146 channapatna,C1757 abburudoddi,4669 nagavara,199,49.62,27.77,4669,15.0,90.0,9.6,4.0,3.0,75.0,25.0,100.0,363.0,280.0,12.0,23.33,66.67,75.0,100.0,100.0,66.67,100.0,100.0,33.33,100.0,100.0,100.0,100.0,33.33,1.67,3.67,0.0,6.67,8.33,241.5,93.3
Ramanagara,B0146 channapatna,C1757 abburudoddi,6268 rampura,133,44.96,29.05,6268,5.0,80.0,-1.0,10.0,8.0,80.0,20.0,100.0,669.0,165.0,12.0,13.75,75.0,50.0,100.0,100.0,75.0,87.5,62.5,0.0,100.0,87.5,75.0,100.0,0.0,1.12,2.75,0.25,6.62,6.75,242.5,20.6
Ramanagara,B0146 channapatna,C1776 akkuru,1003 baruan (b),252,41.33,25.34,1003,10.0,75.0,1.73,,,,,,,,,,,,,,,,,,,,,,,,,,,,,
Ramanagara,B0146 channapatna,C1776 akkuru,213009356 akkuru,155,51.55,22.92,213009356,22.0,80.0,2.51,,,,,,,,,,,,,,,,,,,,,,,,,,,,,
Ramanagara,B0146 channapatna,C1776 akkuru,5444 sogala,60,45.58,27.74,5444,10.0,85.0,9.57,4.0,4.0,100.0,0.0,100.0,123.0,123.0,5.0,24.6,80.0,0.0,100.0,100.0,50.0,75.0,25.0,0.0,100.0,100.0,100.0,100.0,0.0,1.25,2.25,0.5,5.25,2.5,234.0,30.8
Ramanagara,B0146 channapatna,C1776 akkuru,5998 virupakshipura,146,55.48,25.01,5998,20.0,85.0,3.08,6.0,6.0,100.0,0.0,100.0,146.0,146.0,8.0,18.25,75.0,62.5,100.0,100.0,66.67,100.0,83.33,0.0,100.0,100.0,100.0,100.0,0.0,1.33,2.5,0.17,6.33,6.33,240.5,24.3
Ramanagara,B0146 channapatna,C1776 akkuru,6338 kudluru,151,72.15,22.28,6338,40.0,95.0,6.86,,,,,,,,,,,,,,,,,,,,,,,,,,,,,
Ramanagara,B0146 channapatna,C1883 bevooru,4237 mandya bommanayakanahalli,211,57.7,26.31,4237,20.0,90.0,1.29,,,,,,,,,,,,,,,,,,,,,,,,,,,,,
Ramanagara,B0146 channapatna,C1923 chakkere,1468 chakkere,144,48.89,25.39,1468,15.0,85.0,12.48,,,,,,,,,,,,,,,,,,,,,,,,,,,,,
Ramanagara,B0146 channapatna,C1923 chakkere,4205 maluru,143,44.86,25.5,4205,10.0,80.0,1.01,,,,,,,,,,,,,,,,,,,,,,,,,,,,,
Ramanagara,B0146 channapatna,C1923 chakkere,4206 maluru patna,85,57.65,28.51,4206,17.0,90.0,7.66,,,,,,,,,,,,,,,,,,,,,,,,,,,,,
Ramanagara,B0146 channapatna,C1923 chakkere,5537 sulleri,154,52.82,26.82,5537,15.0,85.0,15.21,7.0,7.0,100.0,0.0,100.0,140.0,140.0,9.0,15.56,66.67,44.44,100.0,100.0,28.57,100.0,28.57,0.0,100.0,100.0,85.71,100.0,0.0,1.43,2.0,1.43,8.14,5.43,244.0,20.0
Ramanagara,B0146 channapatna,C1932 channapatna kannada town2,4781 neelasandra,54,56.3,29.7,4781,20.0,95.0,-5.92,8.0,7.0,87.5,12.5,100.0,897.0,309.0,22.0,14.05,72.73,68.18,100.0,100.0,71.43,100.0,71.43,14.29,100.0,100.0,85.71,100.0,0.0,1.71,2.57,0.43,8.29,5.57,240.5,44.1
Ramanagara,B0146 channapatna,C1932 channapatna kannada town2,5673 thagachagere,143,48.53,27.86,5673,10.0,85.0,6.45,,,,,,,,,,,,,,,,,,,,,,,,,,,,,
Ramanagara,B0146 channapatna,C1932 channapatna kannada town2,5965 vandaraguppe,397,45.84,24.9,5965,15.0,80.0,5.65,14.0,9.0,64.29,35.71,100.0,2265.0,1013.0,44.0,23.02,70.45,84.09,100.0,100.0,77.78,100.0,66.67,22.22,100.0,100.0,100.0,77.78,11.11,1.67,4.33,0.33,6.78,5.89,240.0,112.6
Ramanagara,B0146 channapatna,C1972 dashavara,4134 makali,144,68.47,22.24,4134,35.0,95.0,0.79,4.0,4.0,100.0,0.0,100.0,210.0,210.0,9.0,23.33,33.33,44.44,100.0,100.0,75.0,100.0,75.0,25.0,100.0,100.0,100.0,100.0,25.0,1.0,2.25,0.25,6.5,4.0,240.0,52.5
Ramanagara,B0146 channapatna,C2100 harakoppa,1375 bittasadnra,166,52.26,29.17,1375,15.0,90.0,15.35,,,,,,,,,,,,,,,,,,,,,,,,,,,,,
Ramanagara,B0146 channapatna,C2100 harakoppa,2489 harokoppa,142,39.3,28.7,2489,5.0,80.0,5.41,4.0,4.0,100.0,0.0,100.0,140.0,140.0,7.0,20.0,57.14,71.43,100.0,100.0,25.0,100.0,25.0,25.0,100.0,100.0,100.0,100.0,0.0,1.0,1.5,0.0,8.0,1.5,243.0,35.0
Ramanagara,B0146 channapatna,C2100 harakoppa,2928 iggaluru,311,41.77,27.96,2928,5.0,85.0,8.23,,,,,,,,,,,,,,,,,,,,,,,,,,,,,
Ramanagara,B0146 channapatna,C2100 harakoppa,5444 sogala,55,37.91,22.35,5444,7.0,60.0,12.35,4.0,4.0,100.0,0.0,100.0,123.0,123.0,5.0,24.6,80.0,0.0,100.0,100.0,50.0,75.0,25.0,0.0,100.0,100.0,100.0,100.0,0.0,1.25,2.25,0.5,5.25,2.5,234.0,30.8
Ramanagara,B0146 channapatna,C2146 honganuru,1028 banduru varagerehalli,230,56.74,25.9,1028,20.0,90.0,10.09,,,,,,,,,,,,,,,,,,,,,,,,,,,,,
Ramanagara,B0146 channapatna,C2146 honganuru,1299 bhoohalli,199,45.3,28.56,1299,5.0,85.0,9.11,,,,,,,,,,,,,,,,,,,,,,,,,,,,,
Ramanagara,B0146 channapatna,C2146 honganuru,2741 honganuru,212,42.81,28.45,2741,5.0,80.0,8.42,,,,,,,,,,,,,,,,,,,,,,,,,,,,,
Ramanagara,B0146 channapatna,C2146 honganuru,4781 neelasandra,134,56.31,26.67,4781,20.0,93.5,4.03,8.0,7.0,87.5,12.5,100.0,897.0,309.0,22.0,14.05,72.73,68.18,100.0,100.0,71.43,100.0,71.43,14.29,100.0,100.0,85.71,100.0,0.0,1.71,2.57,0.43,8.29,5.57,240.5,44.1
Ramanagara,B0146 channapatna,C2303 kodamballi,3647 kodamballi,185,49.89,29.31,3647,10.0,90.0,7.36,7.0,5.0,71.43,28.57,100.0,1053.0,488.0,16.0,30.5,56.25,81.25,100.0,100.0,60.0,100.0,80.0,40.0,60.0,100.0,100.0,80.0,40.0,2.0,3.0,1.0,7.8,5.6,236.5,97.6
Ramanagara,B0146 channapatna,C2303 kodamballi,6588 byadarahalli,229,49.26,28.39,6588,10.0,90.0,2.89,,,,,,,,,,,,,,,,,,,,,,,,,,,,,
Ramanagara,B0146 channapatna,C2408 mankunda,2269 h b hally,211,71.66,22.16,2269,40.0,95.0,6.72,,,,,,,,,,,,,,,,,,,,,,,,,,,,,
Ramanagara,B0146 channapatna,C2408 mankunda,4372 mattikere,263,60.87,28.92,4372,11.0,95.0,2.91,,,,,,,,,,,,,,,,,,,,,,,,,,,,,
Ramanagara,B0146 channapatna,C2462 mylanayakanahosahalli,4610 mylanayakanahalli,132,55.15,23.53,4610,25.0,85.0,2.36,,,,,,,,,,,,,,,,,,,,,,,,,,,,,
Ramanagara,B0146 channapatna,C2462 mylanayakanahosahalli,5734 thittamaranahalli,117,61.5,24.74,5734,28.0,90.0,6.79,,,,,,,,,,,,,,,,,,,,,,,,,,,,,
Ramanagara,B0146 channapatna,C2601 shettihalli,4487 mudagere,160,66.09,24.29,4487,29.5,90.0,1.76,7.0,7.0,100.0,0.0,100.0,167.0,167.0,17.0,9.82,52.94,47.06,100.0,100.0,28.57,100.0,42.86,14.29,100.0,100.0,85.71,100.0,0.0,1.43,1.71,3.0,7.57,3.14,244.67,23.9
Ramanagara,B0146 channapatna,C2627 singarajipura,5427 singarajapura,111,51.35,30.73,5427,10.0,90.0,18.13,5.0,4.0,80.0,20.0,100.0,177.0,103.0,9.0,11.44,77.78,66.67,100.0,100.0,25.0,100.0,0.0,0.0,75.0,100.0,100.0,100.0,0.0,1.0,2.25,0.0,9.5,10.25,241.0,25.8
Ramanagara,B0146 channapatna,C2676 thagachagere,5673 thagachagere,168,57.41,23.25,5673,23.5,86.5,4.85,,,,,,,,,,,,,,,,,,,,,,,,,,,,,
Ramanagara,B0146 channapatna,C2750 y.t. halli,6035 y.t. halli,208,47.84,26.67,6035,10.0,85.0,6.82,,,,,,,,,,,,,,,,,,,,,,,,,,,,,
Ramanagara,B0157 magadi,C0190 belagumba,5677 thaggikuppe,227,48.39,27.66,5677,5.0,85.0,10.93,13.0,13.0,100.0,0.0,100.0,286.0,286.0,24.0,11.92,25.0,41.67,100.0,100.0,23.08,100.0,23.08,7.69,100.0,92.31,100.0,100.0,0.0,1.08,1.77,0.31,14.38,6.23,205.43,22.0
Ramanagara,B0157 magadi,C0190 belagumba,6426 belagumba,174,44.83,27.44,6426,6.5,85.0,-3.21,14.0,13.0,92.86,7.14,100.0,328.0,170.0,22.0,7.73,50.0,36.36,100.0,100.0,46.15,100.0,7.69,0.0,92.31,100.0,76.92,100.0,0.0,1.23,2.31,0.92,18.31,5.0,240.5,13.1
Ramanagara,B0157 magadi,C1764 agalkote,213009357 mattikere,127,55.31,25.58,213009357,15.0,85.0,6.49,,,,,,,,,,,,,,,,,,,,,,,,,,,,,
Ramanagara,B0157 magadi,C1764 agalkote,536 agalakote,154,43.25,25.29,536,10.0,80.0,10.07,12.0,11.0,91.67,8.33,100.0,929.0,800.0,32.0,25.0,43.75,78.12,100.0,100.0,54.55,81.82,27.27,9.09,100.0,100.0,90.91,63.64,0.0,2.09,2.82,1.82,11.91,6.55,240.62,72.7
Ramanagara,B0157 magadi,C1771 ajjanahalli,570 ajjanahalli,203,47.39,25.24,570,15.0,80.0,8.45,8.0,8.0,100.0,0.0,100.0,235.0,235.0,19.0,12.37,57.89,57.89,100.0,100.0,25.0,100.0,0.0,12.5,100.0,100.0,100.0,100.0,0.0,1.25,2.0,0.25,16.5,6.75,237.2,29.4
Ramanagara,B0157 magadi,C1828 bachenahatti,891 bachenahatti,236,64.96,22.99,891,30.0,90.0,3.45,19.0,19.0,100.0,0.0,100.0,308.0,308.0,34.0,9.06,47.06,32.35,100.0,100.0,42.11,100.0,5.26,0.0,94.74,89.47,84.21,100.0,5.26,1.37,1.79,0.32,15.42,3.05,240.25,16.2
Ramanagara,B0157 magadi,C1847 banavadi,1010 banavadi,113,64.29,25.69,1010,26.0,95.0,3.21,10.0,10.0,100.0,0.0,100.0,150.0,150.0,15.0,10.0,33.33,26.67,100.0,100.0,20.0,100.0,0.0,0.0,100.0,90.0,100.0,80.0,0.0,1.1,1.1,0.1,21.5,0.8,240.0,15.0
Ramanagara,B0157 magadi,C1900 biskuru,1370 biskuru,182,77.31,18.04,1370,50.5,95.0,1.8,,,,,,,,,,,,,,,,,,,,,,,,,,,,,
Ramanagara,B0157 magadi,C1901 bittasandra,1375 bittasadnra,131,51.79,30.65,1375,10.0,95.0,11.72,,,,,,,,,,,,,,,,,,,,,,,,,,,,,
Ramanagara,B0157 magadi,C1924 chakrabavi,5261 sathanuru,157,54.3,24.43,5261,15.0,85.0,8.37,,,,,,,,,,,,,,,,,,,,,,,,,,,,,
Ramanagara,B0157 magadi,C1924 chakrabavi,5288 seegekuppe,112,48.75,25.71,5288,15.0,80.0,5.58,8.0,8.0,100.0,0.0,100.0,155.0,155.0,14.0,11.07,14.29,28.57,100.0,100.0,62.5,100.0,25.0,0.0,100.0,100.0,100.0,100.0,0.0,1.25,2.25,0.12,18.5,2.75,240.17,19.4
Ramanagara,B0157 magadi,C1936 chikenudigera,1563 chikka mudigere,141,57.34,24.56,1563,25.0,90.0,7.59,11.0,11.0,100.0,0.0,100.0,130.0,130.0,16.0,8.12,75.0,56.25,100.0,100.0,54.55,100.0,81.82,9.09,100.0,100.0,90.91,100.0,0.0,1.0,1.55,0.55,13.45,2.55,240.71,11.8
Ramanagara,B0157 magadi,C1936 chikenudigera,3244 kalari kawal,104,64.71,24.28,3244,31.5,95.0,4.03,,,,,,,,,,,,,,,,,,,,,,,,,,,,,
Ramanagara,B0157 magadi,C1941 chikkahalli,6382 chikkanahalli,238,46.7,26.02,6382,15.0,81.5,-5.62,,,,,,,,,,,,,,,,,,,,,,,,,,,,,
Ramanagara,B0157 magadi,C2047 guddemaranahalli,2202 gudemaranahalli,142,60.74,26.55,2202,20.0,95.0,1.83,9.0,7.0,77.78,22.22,100.0,701.0,247.0,21.0,11.76,61.9,42.86,85.71,100.0,14.29,100.0,0.0,0.0,100.0,100.0,100.0,85.71,14.29,1.43,2.14,0.14,13.43,5.71,156.8,35.3
Ramanagara,B0157 magadi,C2047 guddemaranahalli,3994 lakkenahalli,225,62.69,25.01,3994,25.0,95.0,-3.94,11.0,11.0,100.0,0.0,100.0,232.0,232.0,24.0,9.67,83.33,33.33,100.0,100.0,9.09,100.0,18.18,0.0,81.82,100.0,100.0,90.91,9.09,1.27,2.36,0.64,11.45,6.09,173.29,21.1
Ramanagara,B0157 magadi,C2158 hosapalya,3244 kalari kawal,100,62.45,24.47,3244,29.5,90.0,2.01,,,,,,,,,,,,,,,,,,,,,,,,,,,,,
Ramanagara,B0157 magadi,C2167 hulikal,6534 hulikal,88,59.43,27.44,6534,20.0,95.0,-6.78,7.0,6.0,85.71,14.29,100.0,675.0,236.0,14.0,16.86,35.71,14.29,100.0,100.0,33.33,100.0,33.33,0.0,100.0,100.0,100.0,100.0,16.67,1.17,2.0,0.17,14.83,6.0,243.6,39.3
Ramanagara,B0157 magadi,C2167 hulikal,6569 kannuru,131,62.37,30.87,6569,15.0,100.0,9.68,,,,,,,,,,,,,,,,,,,,,,,,,,,,,
Ramanagara,B0157 magadi,C2172 hullenahalli,2851 hullenahalli,110,42.64,29.86,2851,0.0,80.0,7.08,8.0,8.0,100.0,0.0,100.0,168.0,168.0,14.0,12.0,28.57,50.0,100.0,100.0,50.0,100.0,0.0,0.0,100.0,100.0,87.5,75.0,0.0,1.0,1.38,0.25,11.88,6.0,240.86,21.0
Ramanagara,B0157 magadi,C2243 kalya,6487 kalya,152,76.58,12.21,6487,60.0,90.0,3.85,8.0,8.0,100.0,0.0,100.0,159.0,159.0,18.0,8.83,44.44,38.89,100.0,100.0,37.5,100.0,12.5,0.0,100.0,100.0,87.5,100.0,0.0,1.12,3.0,0.12,13.0,4.38,243.0,19.9
Ramanagara,B0157 magadi,C2331 kuddur,517 adarangi,85,57.29,29.09,517,12.0,95.0,8.05,7.0,7.0,100.0,0.0,100.0,177.0,177.0,17.0,10.41,29.41,29.41,100.0,100.0,42.86,85.71,14.29,0.0,85.71,100.0,100.0,71.43,0.0,1.14,2.14,0.29,9.0,7.71,242.4,25.3
Ramanagara,B0157 magadi,C2334 kuduru,3845 kuduru,267,54.91,25.4,3845,20.0,90.0,8.44,,,,,,,,,,,,,,,,,,,,,,,,,,,,,
Ramanagara,B0157 magadi,C2334 kuduru,517 adarangi,80,57.06,26.88,517,19.5,90.0,8.12,7.0,7.0,100.0,0.0,100.0,177.0,177.0,17.0,10.41,29.41,29.41,100.0,100.0,42.86,85.71,14.29,0.0,85.71,100.0,100.0,71.43,0.0,1.14,2.14,0.29,9.0,7.71,242.4,25.3
Ramanagara,B0157 magadi,C2369 madabal,4084 madbal,194,57.89,23.29,4084,30.0,85.0,4.63,,,,,,,,,,,,,,,,,,,,,,,,,,,,,
Ramanagara,B0157 magadi,C2381 madigundanahalli,4101 madigondanahalli,139,63.88,26.89,4101,25.0,95.0,2.09,7.0,6.0,85.71,14.29,100.0,414.0,125.0,14.0,8.93,28.57,21.43,100.0,100.0,0.0,100.0,16.67,16.67,100.0,100.0,100.0,100.0,0.0,1.67,2.33,0.0,11.5,6.67,242.0,20.8
Ramanagara,B0157 magadi,C2383 magadi town,4117 magadi town,286,50.38,23.99,4117,17.5,80.0,1.46,,,,,,,,,,,,,,,,,,,,,,,,,,,,,
Ramanagara,B0157 magadi,C2438 motaganahalli,4477 motagondanahalli,302,51.94,28.75,4477,10.0,95.0,-1.48,,,,,,,,,,,,,,,,,,,,,,,,,,,,,
Ramanagara,B0157 magadi,C2490 narasandra,4739 narasandra,177,52.8,27.33,4739,15.0,87.0,5.54,10.0,10.0,100.0,0.0,100.0,177.0,177.0,21.0,8.43,66.67,28.57,100.0,100.0,40.0,100.0,0.0,0.0,90.0,100.0,100.0,90.0,0.0,1.3,2.2,0.2,14.6,4.7,238.57,17.7
Ramanagara,B0157 magadi,C2512 nethanahalli,4829 nethenahalli,150,68.73,20.28,4829,40.0,95.0,-1.77,12.0,11.0,91.67,8.33,100.0,645.0,226.0,24.0,9.42,50.0,29.17,100.0,100.0,9.09,100.0,54.55,9.09,100.0,100.0,90.91,90.91,0.0,1.09,1.91,0.18,12.55,6.45,233.43,20.5
Ramanagara,B0157 magadi,C2582 sankighatta,5214 sankighatta,157,64.84,28.55,5214,20.0,95.0,-1.37,10.0,10.0,100.0,0.0,100.0,250.0,250.0,15.0,16.67,26.67,40.0,100.0,100.0,10.0,100.0,10.0,0.0,100.0,60.0,90.0,80.0,10.0,1.4,2.2,0.3,10.7,4.2,242.75,25.0
Ramanagara,B0157 magadi,C2582 sankighatta,5729 thippasandra,145,51.0,22.67,5729,20.0,80.0,-0.5,,,,,,,,,,,,,,,,,,,,,,,,,,,,,
Ramanagara,B0157 magadi,C2632 soluru,5451 soluru,222,49.55,26.39,5451,15.0,85.0,7.04,,,,,,,,,,,,,,,,,,,,,,,,,,,,,
Ramanagara,B0157 magadi,C2640 sri giripura,5501 srigiripura,171,62.08,27.9,5501,20.0,95.0,7.54,7.0,7.0,100.0,0.0,100.0,164.0,164.0,12.0,13.67,0.0,25.0,100.0,100.0,42.86,100.0,42.86,14.29,100.0,85.71,100.0,100.0,0.0,1.86,2.71,0.0,11.0,9.86,244.2,23.4
Ramanagara,B0157 magadi,C2737 v.g.doddi,2397 hanchikuppe,246,57.05,25.77,2397,20.0,90.0,2.53,13.0,13.0,100.0,0.0,100.0,291.0,291.0,21.0,13.86,52.38,23.81,100.0,100.0,30.77,100.0,7.69,7.69,92.31,100.0,84.62,92.31,0.0,1.08,2.0,0.54,11.85,7.77,209.12,22.4
Tumakuru,B0031 chiknayakanhalli,C0167 baragur,1060 baragooru,376,67.21,22.12,1060,35.0,92.5,0.92,,,,,,,,,,,,,,,,,,,,,,,,,,,,,
Tumakuru,B0031 chiknayakanhalli,C0169 baraknaalu,1062 barakanalu,186,71.8,20.03,1062,45.0,90.0,4.52,,,,,,,,,,,,,,,,,,,,,,,,,,,,,
Tumakuru,B0031 chiknayakanhalli,C0169 baraknaalu,5721 thimmanahalli,236,53.62,23.81,5721,20.0,85.0,13.21,,,,,,,,,,,,,,,,,,,,,,,,,,,,,
Tumakuru,B0031 chiknayakanhalli,C0189 belaguli,1154 belaguli,390,68.54,24.45,1154,35.0,95.0,7.4,,,,,,,,,,,,,,,,,,,,,,,,,,,,,
Tumakuru,B0031 chiknayakanhalli,C0327 chikkabidare,1863 dodda bidare,350,56.57,25.53,1863,15.0,85.0,1.41,,,,,,,,,,,,,,,,,,,,,,,,,,,,,
Tumakuru,B0031 chiknayakanhalli,C0435 doddennegere,1923 doddayennegere,463,52.99,27.71,1923,10.0,90.0,3.46,,,,,,,,,,,,,,,,,,,,,,,,,,,,,
Tumakuru,B0031 chiknayakanhalli,C0435 doddennegere,3769 koragere,188,74.18,18.89,3769,50.0,95.0,10.31,9.0,9.0,100.0,0.0,100.0,218.0,218.0,20.0,10.9,25.0,30.0,100.0,100.0,22.22,88.89,0.0,11.11,77.78,88.89,88.89,88.89,0.0,1.11,2.11,0.11,4.67,5.11,242.4,24.2
Tumakuru,B0031 chiknayakanhalli,C0480 ganadaalu,2034 ganadalu,460,60.67,22.51,2034,30.0,90.0,4.95,,,,,,,,,,,,,,,,,,,,,,,,,,,,,
Tumakuru,B0031 chiknayakanhalli,C0480 ganadaalu,3550 kenkere,190,65.45,25.55,3550,30.0,95.0,1.75,7.0,7.0,100.0,0.0,100.0,289.0,289.0,15.0,19.27,40.0,40.0,100.0,100.0,42.86,85.71,0.0,0.0,85.71,71.43,85.71,100.0,0.0,1.57,2.29,0.86,4.71,5.57,240.5,41.3
Tumakuru,B0031 chiknayakanhalli,C0506 godekere,2109 godekere,336,57.72,27.73,2109,15.0,95.0,2.74,11.0,10.0,90.91,9.09,100.0,488.0,386.0,24.0,16.08,41.67,58.33,100.0,100.0,50.0,70.0,40.0,0.0,80.0,80.0,100.0,100.0,0.0,1.4,3.5,0.8,5.1,4.4,243.0,38.6
Tumakuru,B0031 chiknayakanhalli,C0506 godekere,6468 honnebagi,77,76.49,22.35,6468,40.0,95.0,-2.43,10.0,10.0,100.0,0.0,100.0,671.0,671.0,30.0,22.37,43.33,70.0,100.0,100.0,40.0,100.0,50.0,10.0,80.0,90.0,100.0,80.0,0.0,6.7,2.7,0.3,6.3,4.5,241.86,67.1
Tumakuru,B0031 chiknayakanhalli,C0594 handanakere,1687 chowlakatte,192,66.59,22.61,1687,35.0,90.0,14.98,11.0,11.0,100.0,0.0,100.0,267.0,267.0,30.0,8.9,43.33,30.0,100.0,100.0,27.27,100.0,9.09,0.0,100.0,100.0,100.0,100.0,0.0,1.18,2.36,0.45,5.73,2.73,240.0,24.3
Tumakuru,B0031 chiknayakanhalli,C0594 handanakere,2403 handanakere,245,56.82,23.89,2403,25.0,85.0,1.51,11.0,10.0,90.91,9.09,100.0,638.0,524.0,29.0,18.07,24.14,41.38,100.0,100.0,50.0,100.0,10.0,10.0,100.0,90.0,100.0,90.0,0.0,1.3,2.7,3.3,7.1,2.5,237.38,52.4
Tumakuru,B0031 chiknayakanhalli,C0721 huliyaaru,5720 thimmalapura,256,61.5,22.38,5720,30.0,87.5,-0.53,,,,,,,,,,,,,,,,,,,,,,,,,,,,,
Tumakuru,B0031 chiknayakanhalli,C0760 j c pura,2988 j c pura,451,63.66,25.2,2988,30.0,95.0,3.83,12.0,11.0,91.67,8.33,100.0,398.0,364.0,26.0,14.0,57.69,46.15,100.0,100.0,72.73,100.0,27.27,18.18,100.0,100.0,100.0,100.0,0.0,1.0,2.64,0.0,4.91,3.55,242.2,33.1
Tumakuru,B0031 chiknayakanhalli,C0887 kandhikere,3367 kandhikere,442,66.38,23.92,3367,30.0,95.0,3.77,,,,,,,,,,,,,,,,,,,,,,,,,,,,,
Tumakuru,B0031 chiknayakanhalli,C0887 kandhikere,4501 muddenahalli,240,60.31,25.45,4501,24.5,90.0,-1.97,16.0,16.0,100.0,0.0,100.0,290.0,290.0,33.0,8.79,63.64,30.3,93.75,100.0,25.0,100.0,0.0,0.0,100.0,93.75,93.75,93.75,0.0,1.06,1.88,0.12,7.56,6.0,241.0,18.1
Tumakuru,B0031 chiknayakanhalli,C1036 kuppuru,3916 kuppuru,387,67.38,22.79,3916,35.0,95.0,3.92,,,,,,,,,,,,,,,,,,,,,,,,,,,,,
Tumakuru,B0031 chiknayakanhalli,C1067 m mantapa,1961 dugudihalli,185,82.16,19.34,1961,60.0,100.0,7.89,11.0,10.0,90.91,9.09,100.0,604.0,175.0,20.0,8.75,65.0,60.0,100.0,100.0,10.0,100.0,20.0,10.0,100.0,80.0,100.0,100.0,0.0,1.0,1.8,0.1,5.1,4.8,206.71,17.5
Tumakuru,B0031 chiknayakanhalli,C1105 maligehalli,4501 muddenahalli,124,75.08,17.76,4501,55.0,90.0,4.9,16.0,16.0,100.0,0.0,100.0,290.0,290.0,33.0,8.79,63.64,30.3,93.75,100.0,25.0,100.0,0.0,0.0,100.0,93.75,93.75,93.75,0.0,1.06,1.88,0.12,7.56,6.0,241.0,18.1
Tumakuru,B0031 chiknayakanhalli,C1115 malligere,4198 malligere,317,74.45,21.19,4198,45.0,100.0,3.34,11.0,11.0,100.0,0.0,100.0,199.0,199.0,18.0,11.06,50.0,33.33,100.0,100.0,9.09,90.91,9.09,9.09,100.0,100.0,100.0,100.0,0.0,1.0,1.64,0.55,12.45,10.45,240.3,18.1
Tumakuru,B0031 chiknayakanhalli,C1163 mathighatta,4361 mathigatta,381,78.82,19.04,4361,50.0,100.0,1.19,,,,,,,,,,,,,,,,,,,,,,,,,,,,,
Tumakuru,B0031 chiknayakanhalli,C1471 seege bagi gate,5720 thimmalapura,130,59.46,23.44,5720,25.0,90.0,4.21,,,,,,,,,,,,,,,,,,,,,,,,,,,,,
Tumakuru,B0031 chiknayakanhalli,C1484 shettykere,5328 shettikere,255,63.59,25.35,5328,25.0,90.0,3.96,11.0,10.0,90.91,9.09,100.0,434.0,423.0,26.0,16.27,30.77,57.69,100.0,100.0,50.0,80.0,40.0,0.0,100.0,100.0,100.0,90.0,0.0,2.8,2.3,0.1,5.6,4.8,242.43,42.3
Tumakuru,B0031 chiknayakanhalli,C1601 thimmanahalli,5073 ramanahalli,183,56.42,24.72,5073,20.0,85.0,-0.66,10.0,10.0,100.0,0.0,100.0,269.0,269.0,24.0,11.21,29.17,37.5,100.0,100.0,20.0,90.0,10.0,0.0,100.0,100.0,100.0,100.0,0.0,1.1,2.2,1.9,9.4,7.0,241.71,26.9
Tumakuru,B0031 chiknayakanhalli,C1601 thimmanahalli,5721 thimmanahalli,148,53.72,29.56,5721,15.0,95.0,3.66,,,,,,,,,,,,,,,,,,,,,,,,,,,,,
Tumakuru,B0031 chiknayakanhalli,C1722 yalanaadu,6071 yalanadu,439,55.93,26.41,6071,15.0,90.0,-0.31,8.0,7.0,87.5,12.5,100.0,715.0,704.0,26.0,27.08,50.0,50.0,85.71,100.0,57.14,85.71,28.57,14.29,85.71,100.0,100.0,85.71,0.0,1.14,3.14,1.43,5.57,4.0,242.5,100.6
Tumakuru,B0031 chiknayakanhalli,C1973 dasudi,1754 dasudi,489,57.53,24.3,1754,25.0,90.0,3.49,,,,,,,,,,,,,,,,,,,,,,,,,,,,,
Tumakuru,B0031 chiknayakanhalli,C2161 hoysala katte,2811 hoysalakatte,396,57.55,25.31,2811,20.0,90.0,-4.47,12.0,11.0,91.67,8.33,100.0,927.0,624.0,34.0,18.35,47.06,70.59,90.91,100.0,54.55,100.0,0.0,0.0,90.91,90.91,90.91,100.0,0.0,1.27,2.55,0.09,6.27,6.0,241.71,56.7
Tumakuru,B0031 chiknayakanhalli,C2684 thirthapura,5705 theerthapura,272,56.08,25.84,5705,25.0,90.0,0.99,,,,,,,,,,,,,,,,,,,,,,,,,,,,,
Tumakuru,B0046 gubbi,C0009 adagur,511 adagur,444,65.35,35.12,511,10.0,100.0,1.0,8.0,8.0,100.0,0.0,100.0,368.0,368.0,24.0,15.33,79.17,54.17,100.0,100.0,75.0,87.5,25.0,25.0,87.5,100.0,100.0,100.0,0.0,1.38,3.5,2.0,16.0,13.75,244.67,46.0
Tumakuru,B0046 gubbi,C0009 adagur,6362 herur,312,45.95,29.09,6362,5.0,85.0,-0.47,9.0,7.0,77.78,22.22,100.0,1499.0,370.0,21.0,17.62,80.95,23.81,100.0,100.0,71.43,100.0,57.14,42.86,100.0,100.0,85.71,85.71,0.0,1.14,2.43,0.14,7.43,6.0,237.83,52.9
Tumakuru,B0046 gubbi,C0035 alilughatta,618 alilaghatta,485,82.03,18.95,618,55.0,100.0,5.13,,,,,,,,,,,,,,,,,,,,,,,,,,,,,
Tumakuru,B0046 gubbi,C0052 ammana ghatta,662 ammanagatta,315,77.35,21.66,662,47.0,100.0,-2.0,,,,,,,,,,,,,,,,,,,,,,,,,,,,,
Tumakuru,B0046 gubbi,C0196 belavatha,1174 belavatta,243,84.22,16.6,1174,61.0,100.0,0.14,,,,,,,,,,,,,,,,,,,,,,,,,,,,,
Tumakuru,B0046 gubbi,C0196 belavatha,6475 marashettihalli,176,71.76,22.23,6475,42.5,95.0,2.59,,,,,,,,,,,,,,,,,,,,,,,,,,,,,
Tumakuru,B0046 gubbi,C0243 bidare,2964 irakasandra,135,86.89,13.85,2964,65.0,100.0,4.63,16.0,15.0,93.75,6.25,100.0,500.0,299.0,34.0,8.79,61.76,29.41,100.0,100.0,66.67,100.0,20.0,0.0,100.0,93.33,93.33,100.0,0.0,1.07,1.33,0.0,7.13,9.0,243.5,19.9
Tumakuru,B0046 gubbi,C0243 bidare,6550 bidare,424,78.57,21.49,6550,50.0,100.0,0.33,,,,,,,,,,,,,,,,,,,,,,,,,,,,,
Tumakuru,B0046 gubbi,C0284 c s pura,1457 c s pura,334,66.93,27.22,1457,25.0,100.0,3.12,,,,,,,,,,,,,,,,,,,,,,,,,,,,,
Tumakuru,B0046 gubbi,C0284 c s pura,213009364 hindiskere,95,62.42,25.54,213009364,27.0,95.0,5.05,,,,,,,,,,,,,,,,,,,,,,,,,,,,,
Tumakuru,B0046 gubbi,C0311 chelur,1536 chelur,436,66.63,24.04,1536,30.0,95.0,-0.67,,,,,,,,,,,,,,,,,,,,,,,,,,,,,
Tumakuru,B0046 gubbi,C0311 chelur,4698 nallur,223,85.65,19.89,4698,55.0,100.0,0.54,14.0,14.0,100.0,0.0,100.0,512.0,512.0,35.0,14.63,62.86,60.0,100.0,100.0,85.71,100.0,7.14,14.29,92.86,71.43,85.71,100.0,0.0,1.07,2.07,0.71,8.57,8.86,242.15,36.6
Tumakuru,B0046 gubbi,C0427 doddaguni,1897 doddaguni,326,80.81,18.38,1897,50.0,100.0,4.52,,,,,,,,,,,,,,,,,,,,,,,,,,,,,
Tumakuru,B0046 gubbi,C0525 gubbi hosahalli,2000 g hosahalli,409,74.73,20.84,2000,50.0,100.0,3.24,13.0,13.0,100.0,0.0,100.0,527.0,527.0,33.0,15.97,57.58,42.42,100.0,100.0,61.54,92.31,69.23,7.69,69.23,92.31,69.23,92.31,0.0,2.15,1.92,0.38,9.08,7.54,242.18,40.5
Tumakuru,B0046 gubbi,C0525 gubbi hosahalli,213009348 kodigehalli,326,79.28,20.06,213009348,50.0,100.0,6.1,,,,,,,,,,,,,,,,,,,,,,,,,,,,,
Tumakuru,B0046 gubbi,C0560 hagalavadi,2303 hagalavadi,326,79.14,19.47,2303,50.0,100.0,2.81,8.0,8.0,100.0,0.0,100.0,462.0,462.0,19.0,24.32,26.32,68.42,87.5,100.0,87.5,100.0,12.5,25.0,87.5,100.0,87.5,100.0,12.5,1.62,2.75,0.0,4.88,1.0,246.5,57.8
Tumakuru,B0046 gubbi,C0560 hagalavadi,6290 shivapura,149,78.32,19.85,6290,50.0,100.0,3.24,11.0,11.0,100.0,0.0,100.0,320.0,320.0,21.0,15.24,57.14,47.62,100.0,100.0,63.64,100.0,9.09,0.0,81.82,100.0,100.0,100.0,0.0,1.18,2.36,1.27,4.64,5.09,197.0,29.1
Tumakuru,B0046 gubbi,C0646 hindiskere,2606 hindiskere,152,87.53,14.99,2606,60.5,100.0,2.24,,,,,,,,,,,,,,,,,,,,,,,,,,,,,
Tumakuru,B0046 gubbi,C0704 hosakere,6490 hosakere,376,52.91,27.75,6490,10.0,85.0,5.53,17.0,16.0,94.12,5.88,100.0,523.0,315.0,32.0,9.84,62.5,25.0,100.0,100.0,50.0,100.0,6.25,6.25,68.75,81.25,100.0,100.0,0.0,1.19,2.38,0.06,6.56,5.12,216.11,19.7
Tumakuru,B0046 gubbi,C0704 hosakere,727 ankasandra,237,83.29,15.92,727,65.0,100.0,4.21,21.0,21.0,100.0,0.0,100.0,1127.0,1127.0,61.0,18.48,34.43,60.66,100.0,100.0,80.95,95.24,14.29,14.29,90.48,85.71,90.48,90.48,10.53,3.0,2.05,0.38,6.57,7.14,243.94,53.7
Tumakuru,B0046 gubbi,C0709 hpbs gubbi,6362 herur,91,85.66,10.52,6362,70.0,95.0,3.17,9.0,7.0,77.78,22.22,100.0,1499.0,370.0,21.0,17.62,80.95,23.81,100.0,100.0,71.43,100.0,57.14,42.86,100.0,100.0,85.71,85.71,0.0,1.14,2.43,0.14,7.43,6.0,237.83,52.9
Tumakuru,B0046 gubbi,C0740 idagur,2919 idagooru,376,85.17,14.55,2919,65.0,100.0,0.65,,,,,,,,,,,,,,,,,,,,,,,,,,,,,
Tumakuru,B0046 gubbi,C0752 irakasandra,2964 irakasandra,197,78.15,27.71,2964,33.0,100.0,2.75,16.0,15.0,93.75,6.25,100.0,500.0,299.0,34.0,8.79,61.76,29.41,100.0,100.0,66.67,100.0,20.0,0.0,100.0,93.33,93.33,100.0,0.0,1.07,1.33,0.0,7.13,9.0,243.5,19.9
Tumakuru,B0046 gubbi,C0819 kadaba,213009051 byadagere,199,48.09,29.77,213009051,5.0,85.0,-1.72,,,,,,,,,,,,,,,,,,,,,,,,,,,,,
Tumakuru,B0046 gubbi,C0819 kadaba,3144 kadaba,226,62.21,23.59,3144,30.0,90.0,2.83,6.0,5.0,83.33,16.67,100.0,1153.0,617.0,23.0,26.83,60.87,73.91,100.0,100.0,100.0,100.0,20.0,20.0,100.0,80.0,80.0,100.0,20.0,1.8,7.2,0.0,2.0,1.0,245.5,123.4
Tumakuru,B0046 gubbi,C0819 kadaba,6450 koppa,152,55.3,26.63,6450,20.0,95.0,-5.81,12.0,12.0,100.0,0.0,100.0,288.0,288.0,26.0,11.08,65.38,50.0,100.0,100.0,75.0,100.0,8.33,0.0,100.0,100.0,91.67,91.67,0.0,1.0,1.92,0.08,10.17,8.92,243.64,24.0
Tumakuru,B0046 gubbi,C0857 kallur,3290 kalluru,113,81.81,17.83,3290,55.0,100.0,6.25,,,,,,,,,,,,,,,,,,,,,,,,,,,,,
Tumakuru,B0046 gubbi,C0857 kallur,4984 peddanahalli,299,77.04,20.74,4984,50.0,100.0,0.28,11.0,11.0,100.0,0.0,100.0,230.0,230.0,26.0,8.85,53.85,53.85,100.0,100.0,72.73,100.0,9.09,0.0,100.0,90.91,81.82,100.0,0.0,1.0,1.82,0.18,6.55,7.0,240.5,20.9
Tumakuru,B0046 gubbi,C0983 kondli,3746 kondli,320,64.09,27.91,3746,20.0,95.0,-1.25,14.0,13.0,92.86,7.14,100.0,427.0,327.0,24.0,13.62,45.83,58.33,100.0,100.0,92.31,100.0,7.69,0.0,84.62,100.0,100.0,100.0,8.33,1.08,1.85,0.0,10.15,7.54,244.0,25.2
Tumakuru,B0046 gubbi,C0987 koppa,1703 d kunnala,93,59.62,26.04,1703,20.0,90.0,6.52,,,,,,,,,,,,,,,,,,,,,,,,,,,,,
Tumakuru,B0046 gubbi,C0987 koppa,6450 koppa,110,77.91,15.93,6450,60.0,95.0,-2.42,12.0,12.0,100.0,0.0,100.0,288.0,288.0,26.0,11.08,65.38,50.0,100.0,100.0,75.0,100.0,8.33,0.0,100.0,100.0,91.67,91.67,0.0,1.0,1.92,0.08,10.17,8.92,243.64,24.0
Tumakuru,B0046 gubbi,C1066 m h patna,4036 m h patna,395,79.15,19.78,4036,52.0,100.0,2.39,,,,,,,,,,,,,,,,,,,,,,,,,,,,,
Tumakuru,B0046 gubbi,C1121 manchaladore,4218 manchaladore,525,64.7,27.46,4218,20.0,95.0,7.47,13.0,13.0,100.0,0.0,100.0,436.0,436.0,25.0,17.44,44.0,76.0,100.0,100.0,61.54,100.0,23.08,0.0,100.0,84.62,84.62,100.0,0.0,1.08,1.62,0.0,7.23,4.69,189.67,33.5
Tumakuru,B0046 gubbi,C1139 mara shettyhalli,5844 tyagatuuru,163,67.18,25.82,5844,31.0,100.0,1.43,,,,,,,,,,,,,,,,,,,,,,,,,,,,,
Tumakuru,B0046 gubbi,C1139 mara shettyhalli,6475 marashettihalli,98,75.97,17.14,6475,50.0,95.0,1.21,,,,,,,,,,,,,,,,,,,,,,,,,,,,,
Tumakuru,B0046 gubbi,C1153 maruthi nagara,6290 shivapura,364,83.38,17.59,6290,60.0,100.0,1.98,11.0,11.0,100.0,0.0,100.0,320.0,320.0,21.0,15.24,57.14,47.62,100.0,100.0,63.64,100.0,9.09,0.0,81.82,100.0,100.0,100.0,0.0,1.18,2.36,1.27,4.64,5.09,197.0,29.1
Tumakuru,B0046 gubbi,C1170 mavinahalli,1701 d chengavi,200,81.15,16.95,1701,60.0,100.0,8.5,,,,,,,,,,,,,,,,,,,,,,,,,,,,,
Tumakuru,B0046 gubbi,C1170 mavinahalli,4384 mavinahalli,213,59.23,33.79,4384,10.0,100.0,-5.91,5.0,5.0,100.0,0.0,100.0,235.0,235.0,17.0,13.82,82.35,47.06,100.0,100.0,100.0,100.0,20.0,0.0,100.0,100.0,100.0,100.0,0.0,1.2,2.6,0.0,5.6,4.4,240.75,47.0
Tumakuru,B0046 gubbi,C1319 nittur,4038 m n kote,253,66.15,22.34,4038,35.0,90.0,2.59,,,,,,,,,,,,,,,,,,,,,,,,,,,,,
Tumakuru,B0046 gubbi,C1319 nittur,6530 nittur,132,60.76,27.6,6530,20.5,95.0,9.03,11.0,7.0,63.64,36.36,100.0,2635.0,482.0,22.0,21.91,63.64,54.55,100.0,100.0,85.71,100.0,28.57,14.29,85.71,100.0,85.71,85.71,16.67,2.29,3.86,0.43,14.0,8.86,241.83,68.9
Tumakuru,B0046 gubbi,C1357 peddanahalli,1703 d kunnala,39,74.23,17.9,1703,49.0,90.0,-2.89,,,,,,,,,,,,,,,,,,,,,,,,,,,,,
Tumakuru,B0046 gubbi,C1357 peddanahalli,213009051 byadagere,137,68.72,23.66,213009051,35.0,95.0,4.35,,,,,,,,,,,,,,,,,,,,,,,,,,,,,
Tumakuru,B0046 gubbi,C1416 s kodagihalli,3658 kodigehalli,70,75.21,20.65,3658,45.0,95.0,8.42,,,,,,,,,,,,,,,,,,,,,,,,,,,,,
Tumakuru,B0046 gubbi,C1461 sathenahalli,4698 nallur,280,73.43,25.66,4698,30.0,100.0,-3.71,14.0,14.0,100.0,0.0,100.0,512.0,512.0,35.0,14.63,62.86,60.0,100.0,100.0,85.71,100.0,7.14,14.29,92.86,71.43,85.71,100.0,0.0,1.07,2.07,0.71,8.57,8.86,242.15,36.6
Tumakuru,B0046 gubbi,C1589 thale koppa,727 ankasandra,338,75.19,22.39,727,40.0,95.0,1.5,21.0,21.0,100.0,0.0,100.0,1127.0,1127.0,61.0,18.48,34.43,60.66,100.0,100.0,80.95,95.24,14.29,14.29,90.48,85.71,90.48,90.48,10.53,3.0,2.05,0.38,6.57,7.14,243.94,53.7
Tumakuru,B0046 gubbi,C1613 thyagatur,5844 tyagatuuru,245,60.78,24.7,5844,25.0,90.0,-1.02,,,,,,,,,,,,,,,,,,,,,,,,,,,,,
Tumakuru,B0046 gubbi,C1916 c kunnala,3290 kalluru,54,71.02,22.43,3290,35.0,95.0,8.64,,,,,,,,,,,,,,,,,,,,,,,,,,,,,
Tumakuru,B0046 gubbi,C2121 hindiskere,213009174 hindiskere,1,45.0,,213009174,45.0,45.0,,,,,,,,,,,,,,,,,,,,,,,,,,,,,,
Tumakuru,B0046 gubbi,C2121 hindiskere,213009364 hindiskere,115,87.61,13.08,213009364,70.0,100.0,4.37,,,,,,,,,,,,,,,,,,,,,,,,,,,,,
Tumakuru,B0082 koratagere,C0029 akkirampura,582 akkirampura,235,62.09,23.29,582,27.0,90.0,5.77,,,,,,,,,,,,,,,,,,,,,,,,,,,,,
Tumakuru,B0082 koratagere,C0029 akkirampura,6623 bychapura,191,58.35,25.12,6623,20.0,90.0,3.32,,,,,,,,,,,,,,,,,,,,,,,,,,,,,
Tumakuru,B0082 koratagere,C0106 b d pura,862 b d pura,331,54.62,25.13,862,20.0,90.0,4.96,,,,,,,,,,,,,,,,,,,,,,,,,,,,,
Tumakuru,B0082 koratagere,C0273 bukkapatna,213009350 bukkapatna,226,71.68,23.02,213009350,40.0,95.0,3.22,,,,,,,,,,,,,,,,,,,,,,,,,,,,,
Tumakuru,B0082 koratagere,C0273 bukkapatna,2396 hanchihalli,214,72.31,20.75,2396,45.0,95.0,3.23,,,,,,,,,,,,,,,,,,,,,,,,,,,,,
Tumakuru,B0082 koratagere,C0273 bukkapatna,3054 jatti agrahara,330,70.14,23.22,3054,35.0,95.0,2.58,,,,,,,,,,,,,,,,,,,,,,,,,,,,,
Tumakuru,B0082 koratagere,C0352 chinnahalli,1643 chinnahalli,206,58.88,26.13,1643,25.0,90.0,4.35,,,,,,,,,,,,,,,,,,,,,,,,,,,,,
Tumakuru,B0082 koratagere,C0352 chinnahalli,1918 doddasaggere,186,79.06,15.46,1918,55.0,95.0,-0.85,,,,,,,,,,,,,,,,,,,,,,,,,,,,,
Tumakuru,B0082 koratagere,C0352 chinnahalli,4969 pathaganahally,187,54.09,33.27,4969,0.0,95.0,12.65,,,,,,,,,,,,,,,,,,,,,,,,,,,,,
Tumakuru,B0082 koratagere,C0681 holavanahalli,2715 holavanahalli,231,61.17,26.29,2715,25.0,95.0,-2.41,,,,,,,,,,,,,,,,,,,,,,,,,,,,,
Tumakuru,B0082 koratagere,C0681 holavanahalli,3971 kyamenahalli,142,56.94,25.19,3971,25.0,94.5,-2.42,,,,,,,,,,,,,,,,,,,,,,,,,,,,,
Tumakuru,B0082 koratagere,C0719 hulikunte,6432 hulikunte,195,54.51,27.23,6432,15.0,90.0,10.25,,,,,,,,,,,,,,,,,,,,,,,,,,,,,
Tumakuru,B0082 koratagere,C0967 kolala,3692 kolala,340,60.65,26.82,3692,20.0,95.0,4.61,,,,,,,,,,,,,,,,,,,,,,,,,,,,,
Tumakuru,B0082 koratagere,C1168 mavathur,4382 mavatturu,264,65.27,23.22,4382,35.0,90.0,6.21,,,,,,,,,,,,,,,,,,,,,,,,,,,,,
Tumakuru,B0082 koratagere,C1353 pathaganahalli,5948 vajjanakurike,149,63.29,23.72,5948,30.0,90.0,-0.7,,,,,,,,,,,,,,,,,,,,,,,,,,,,,
Tumakuru,B0082 koratagere,C1596 theetha,5716 thetha,184,51.01,24.68,5716,16.5,85.0,-1.56,,,,,,,,,,,,,,,,,,,,,,,,,,,,,
Tumakuru,B0082 koratagere,C1683 vaddagere,6554 vaddagere,238,48.63,26.67,6554,13.5,85.0,8.46,,,,,,,,,,,,,,,,,,,,,,,,,,,,,
Tumakuru,B0082 koratagere,C1743 yelerampura,6134 yelerampura,353,61.77,24.37,6134,25.0,90.0,2.81,,,,,,,,,,,,,,,,,,,,,,,,,,,,,
Tumakuru,B0082 koratagere,C1904 boodagavi,1408 budhagavi,306,59.51,25.17,1408,25.0,90.0,8.46,,,,,,,,,,,,,,,,,,,,,,,,,,,,,
Tumakuru,B0082 koratagere,C1904 boodagavi,5756 thovinakere,209,46.79,24.93,5756,15.0,81.0,1.08,,,,,,,,,,,,,,,,,,,,,,,,,,,,,
Tumakuru,B0082 koratagere,C1915 byrenahalli,778 arasapura,320,40.44,25.32,778,5.0,75.0,0.48,,,,,,,,,,,,,,,,,,,,,,,,,,,,,
Tumakuru,B0082 koratagere,C2185 i k colony,4777 neelagondanahalli,284,61.07,24.87,4777,25.0,95.0,7.81,,,,,,,,,,,,,,,,,,,,,,,,,,,,,
Tumakuru,B0082 koratagere,C2320 koratagere pattana,5760 thumbadi,190,53.68,26.0,5760,19.5,90.0,10.69,,,,,,,,,,,,,,,,,,,,,,,,,,,,,
Tumakuru,B0082 koratagere,C2341 kuramkote,3921 kuramkote,155,58.65,25.09,3921,22.0,90.0,4.04,,,,,,,,,,,,,,,,,,,,,,,,,,,,,
Tumakuru,B0082 koratagere,C2688 thovinakere,5756 thovinakere,109,49.77,24.31,5756,15.0,85.0,3.19,,,,,,,,,,,,,,,,,,,,,,,,,,,,,
Tumakuru,B0087 kunigal,C0055 amruthur,3642 kodagihalli,175,58.71,27.87,3642,17.0,90.0,0.77,,,,,,,,,,,,,,,,,,,,,,,,,,,,,
Tumakuru,B0087 kunigal,C0055 amruthur,3652 kodavaththi,135,67.3,22.88,3652,32.0,95.0,-0.48,,,,,,,,,,,,,,,,,,,,,,,,,,,,,
Tumakuru,B0087 kunigal,C0055 amruthur,672 amruthuru,202,51.63,22.43,672,20.5,85.0,11.01,,,,,,,,,,,,,,,,,,,,,,,,,,,,,
Tumakuru,B0087 kunigal,C0185 begur,3627 kithanamangala,119,54.54,23.9,3627,24.0,90.0,4.86,11.0,11.0,100.0,0.0,100.0,182.0,182.0,21.0,8.67,42.86,19.05,100.0,100.0,18.18,100.0,100.0,0.0,90.91,100.0,81.82,81.82,0.0,1.0,1.36,0.36,9.55,8.0,224.73,16.5
Tumakuru,B0087 kunigal,C0185 begur,6073 yaleyur,81,62.41,26.2,6073,30.0,95.0,2.16,,,,,,,,,,,,,,,,,,,,,,,,,,,,,
Tumakuru,B0087 kunigal,C0185 begur,6301 begur (tmkr),91,60.77,22.35,6301,35.0,90.0,8.73,8.0,7.0,87.5,12.5,100.0,176.0,66.0,8.0,8.25,75.0,25.0,100.0,100.0,57.14,100.0,100.0,0.0,85.71,100.0,85.71,100.0,0.0,1.0,1.29,0.0,7.43,5.43,244.75,9.4
Tumakuru,B0087 kunigal,C0221 bhaktharahally,1267 bhaktharahalli,326,61.75,26.52,1267,20.0,90.0,5.06,,,,,,,,,,,,,,,,,,,,,,,,,,,,,
Tumakuru,B0087 kunigal,C0221 bhaktharahally,5696 tharedakuppe,132,56.97,24.8,5696,25.0,90.0,-1.89,,,,,,,,,,,,,,,,,,,,,,,,,,,,,
Tumakuru,B0087 kunigal,C0240 bidanagere,3797 kothagere,103,59.71,26.45,3797,20.0,95.0,13.03,9.0,9.0,100.0,0.0,100.0,381.0,381.0,28.0,13.61,67.86,53.57,100.0,100.0,11.11,100.0,77.78,11.11,77.78,100.0,77.78,77.78,0.0,2.78,2.33,0.11,9.0,7.67,244.5,42.3
Tumakuru,B0087 kunigal,C0240 bidanagere,6073 yaleyur,132,73.52,21.8,6073,40.0,95.0,3.1,,,,,,,,,,,,,,,,,,,,,,,,,,,,,
Tumakuru,B0087 kunigal,C0365 chowdanakuppe,1678 choudanakuppe,199,53.62,28.29,1678,15.0,86.0,12.05,,,,,,,,,,,,,,,,,,,,,,,,,,,,,
Tumakuru,B0087 kunigal,C0365 chowdanakuppe,5651 tavarekere,177,48.95,28.08,5651,10.0,87.0,0.75,8.0,8.0,100.0,0.0,100.0,195.0,195.0,11.0,17.73,18.18,9.09,100.0,100.0,12.5,100.0,75.0,0.0,75.0,100.0,100.0,100.0,0.0,1.0,2.12,1.25,5.5,4.75,235.4,24.4
Tumakuru,B0087 kunigal,C0369 d hosahalli,1702 d hosahalli,235,58.79,25.54,1702,20.0,90.0,4.76,13.0,12.0,92.31,7.69,100.0,268.0,189.0,22.0,8.59,72.73,50.0,91.67,100.0,25.0,100.0,50.0,0.0,75.0,91.67,91.67,100.0,0.0,0.92,2.33,1.17,6.33,5.67,244.0,15.8
Tumakuru,B0087 kunigal,C0369 d hosahalli,2344 haleyuru,137,62.77,24.43,2344,20.0,90.0,6.28,,,,,,,,,,,,,,,,,,,,,,,,,,,,,
Tumakuru,B0087 kunigal,C0439 dombarahatty,1344 bilidevalaya,107,46.78,28.73,1344,10.0,87.0,11.52,8.0,8.0,100.0,0.0,100.0,129.0,129.0,15.0,8.6,60.0,46.67,100.0,100.0,25.0,100.0,75.0,12.5,75.0,100.0,87.5,87.5,0.0,1.12,1.38,1.5,6.62,5.38,237.0,16.1
Tumakuru,B0087 kunigal,C0439 dombarahatty,3207 kaggere,164,59.42,28.81,3207,15.0,95.0,4.87,5.0,5.0,100.0,0.0,100.0,76.0,76.0,11.0,6.91,54.55,36.36,80.0,100.0,80.0,100.0,100.0,0.0,80.0,100.0,100.0,100.0,0.0,0.8,2.2,1.2,7.6,5.2,241.0,15.2
Tumakuru,B0087 kunigal,C0439 dombarahatty,4061 madakehalli,103,63.88,24.23,4061,31.0,90.0,13.99,,,,,,,,,,,,,,,,,,,,,,,,,,,,,
Tumakuru,B0087 kunigal,C0503 girigowdana palya,2961 ippadi,133,61.2,27.69,2961,20.0,95.0,4.5,7.0,7.0,100.0,0.0,100.0,218.0,218.0,14.0,15.57,35.71,85.71,100.0,100.0,14.29,100.0,85.71,28.57,57.14,100.0,100.0,100.0,0.0,1.43,3.29,0.57,8.0,8.14,238.67,31.1
Tumakuru,B0087 kunigal,C0503 girigowdana palya,5230 santhemavathuru,202,67.13,23.94,5230,35.0,90.0,8.43,,,,,,,,,,,,,,,,,,,,,,,,,,,,,
Tumakuru,B0087 kunigal,C0503 girigowdana palya,5578 t hosahalli,79,53.42,26.06,5578,24.0,90.0,4.94,,,,,,,,,,,,,,,,,,,,,,,,,,,,,
Tumakuru,B0087 kunigal,C0593 hanchipura,4922 paduvagere,99,62.27,27.52,4922,25.0,95.0,6.88,9.0,9.0,100.0,0.0,100.0,365.0,365.0,19.0,19.21,52.63,78.95,100.0,100.0,33.33,100.0,66.67,0.0,88.89,100.0,88.89,88.89,0.0,2.11,1.89,0.22,5.11,5.33,243.4,40.6
Tumakuru,B0087 kunigal,C0593 hanchipura,6046 yadavani,178,59.35,26.82,6046,20.0,90.0,4.56,,,,,,,,,,,,,,,,,,,,,,,,,,,,,
Tumakuru,B0087 kunigal,C0645 herur,5578 t hosahalli,46,68.91,23.52,5578,35.0,95.0,2.27,,,,,,,,,,,,,,,,,,,,,,,,,,,,,
Tumakuru,B0087 kunigal,C0645 herur,6364 heruru,246,54.15,29.35,6364,10.0,90.0,7.29,,,,,,,,,,,,,,,,,,,,,,,,,,,,,
Tumakuru,B0087 kunigal,C0722 huliyurdurga,2275 h l durga,262,61.62,26.81,2275,20.0,95.0,6.91,,,,,,,,,,,,,,,,,,,,,,,,,,,,,
Tumakuru,B0087 kunigal,C0737 huthridurga,2901 hutharidhurga,225,74.67,18.75,2901,45.0,95.0,1.57,,,,,,,,,,,,,,,,,,,,,,,,,,,,,
Tumakuru,B0087 kunigal,C0782 janagere,4061 madakehalli,165,72.03,21.43,4061,40.0,95.0,-0.91,,,,,,,,,,,,,,,,,,,,,,,,,,,,,
Tumakuru,B0087 kunigal,C0797 jinnagara,3076 jinnagara,224,61.7,28.64,3076,16.5,95.0,-7.27,7.0,7.0,100.0,0.0,100.0,133.0,133.0,9.0,14.78,44.44,44.44,100.0,100.0,28.57,100.0,85.71,14.29,100.0,100.0,85.71,100.0,0.0,1.14,1.57,1.71,9.57,7.57,243.0,19.0
Tumakuru,B0087 kunigal,C0798 jodi hosahalli,2990 j hosahalli,193,61.5,23.99,2990,25.0,90.0,0.09,,,,,,,,,,,,,,,,,,,,,,,,,,,,,
Tumakuru,B0087 kunigal,C0803 k h halli,3105 k h halli,155,60.94,24.21,3105,27.0,90.0,2.3,,,,,,,,,,,,,,,,,,,,,,,,,,,,,
Tumakuru,B0087 kunigal,C0923 kempanahalli,6493 kempanahalli,250,70.16,24.54,6493,30.0,95.0,4.28,10.0,9.0,90.0,10.0,100.0,248.0,211.0,19.0,11.11,47.37,36.84,100.0,100.0,22.22,100.0,88.89,0.0,77.78,100.0,100.0,77.78,0.0,1.0,1.56,0.56,6.67,7.22,244.62,23.4
Tumakuru,B0087 kunigal,C0987 koppa,213009177 koppa,234,65.98,24.54,213009177,35.0,95.0,8.07,12.0,12.0,100.0,0.0,100.0,445.0,445.0,26.0,17.12,42.31,53.85,100.0,100.0,0.0,100.0,83.33,8.33,66.67,100.0,100.0,83.33,0.0,1.42,1.42,1.0,6.92,5.5,214.12,37.1
Tumakuru,B0087 kunigal,C1001 kottagere,3797 kothagere,41,59.02,25.01,3797,30.0,90.0,4.55,9.0,9.0,100.0,0.0,100.0,381.0,381.0,28.0,13.61,67.86,53.57,100.0,100.0,11.11,100.0,77.78,11.11,77.78,100.0,77.78,77.78,0.0,2.78,2.33,0.11,9.0,7.67,244.5,42.3
Tumakuru,B0087 kunigal,C1001 kottagere,923 bagenahalli,101,73.32,13.22,923,60.0,90.0,-3.33,,,,,,,,,,,,,,,,,,,,,,,,,,,,,
Tumakuru,B0087 kunigal,C1150 markonahalli,4324 markonahalli,238,54.89,25.51,4324,23.5,90.0,3.93,10.0,10.0,100.0,0.0,100.0,223.0,223.0,19.0,11.74,84.21,57.89,100.0,100.0,40.0,100.0,60.0,0.0,80.0,100.0,100.0,100.0,0.0,1.0,1.2,0.4,7.8,7.4,242.88,22.3
Tumakuru,B0087 kunigal,C1248 nademavinapura,4617 n m pura,127,54.25,26.04,4617,15.0,85.0,1.96,,,,,,,,,,,,,,,,,,,,,,,,,,,,,
Tumakuru,B0087 kunigal,C1259 nagasandra,4663 nagasandra,302,58.2,26.17,4663,20.0,90.0,10.89,17.0,17.0,100.0,0.0,100.0,335.0,335.0,28.0,11.96,53.57,35.71,100.0,100.0,23.53,94.12,88.24,23.53,88.24,100.0,94.12,94.12,0.0,0.94,1.47,0.47,7.82,7.82,224.75,19.7
Tumakuru,B0087 kunigal,C1309 nidasale,4838 nidasale,216,58.36,24.57,4838,25.0,85.0,5.18,8.0,7.0,87.5,12.5,100.0,296.0,157.0,13.0,12.08,61.54,53.85,100.0,100.0,57.14,100.0,100.0,14.29,85.71,100.0,85.71,100.0,0.0,1.0,2.86,4.0,10.14,6.14,246.0,22.4
Tumakuru,B0087 kunigal,C1577 tavarekere,5651 tavarekere,94,79.79,16.15,5651,56.5,95.0,7.9,8.0,8.0,100.0,0.0,100.0,195.0,195.0,11.0,17.73,18.18,9.09,100.0,100.0,12.5,100.0,75.0,0.0,75.0,100.0,100.0,100.0,0.0,1.0,2.12,1.25,5.5,4.75,235.4,24.4
Tumakuru,B0087 kunigal,C1593 tharedakuppe,5696 tharedakuppe,74,63.92,24.58,5696,25.0,95.0,-0.93,,,,,,,,,,,,,,,,,,,,,,,,,,,,,
Tumakuru,B0087 kunigal,C1638 ujjani,5879 ujjani,235,65.74,23.2,5879,35.0,95.0,2.27,,,,,,,,,,,,,,,,,,,,,,,,,,,,,
Tumakuru,B0087 kunigal,C1652 urdu 2 (rural),4617 n m pura,70,90.64,10.46,4617,85.0,100.0,-1.98,,,,,,,,,,,,,,,,,,,,,,,,,,,,,
Tumakuru,B0087 kunigal,C1736 yediyur,6049 yadeyur,269,59.16,24.41,6049,25.0,90.0,7.75,,,,,,,,,,,,,,,,,,,,,,,,,,,,,
Tumakuru,B0091 madhugiri,C0246 bijavara,1331 bijavara,156,56.44,27.92,1331,15.0,90.0,3.32,,,,,,,,,,,,,,,,,,,,,,,,,,,,,
Tumakuru,B0091 madhugiri,C0246 bijavara,2056 ganjalagunte,319,58.5,25.2,2056,20.0,90.0,2.76,,,,,,,,,,,,,,,,,,,,,,,,,,,,,
Tumakuru,B0091 madhugiri,C0246 bijavara,4339 maruvekere,130,47.81,25.14,4339,15.0,80.5,11.62,,,,,,,,,,,,,,,,,,,,,,,,,,,,,
Tumakuru,B0091 madhugiri,C0353 chinnenahally,213009173 chinnenahalli,289,60.31,23.89,213009173,30.0,90.0,3.49,,,,,,,,,,,,,,,,,,,,,,,,,,,,,
Tumakuru,B0091 madhugiri,C0436 dodderi,3507 kavanadala,340,50.19,26.73,3507,15.0,85.0,10.84,,,,,,,,,,,,,,,,,,,,,,,,,,,,,
Tumakuru,B0091 madhugiri,C0436 dodderi,6599 dodderi,227,48.26,26.08,6599,15.0,85.0,6.8,,,,,,,,,,,,,,,,,,,,,,,,,,,,,
Tumakuru,B0091 madhugiri,C0704 hosakere,4816 neralekere,269,59.07,25.71,4816,20.0,90.0,-0.12,,,,,,,,,,,,,,,,,,,,,,,,,,,,,
Tumakuru,B0091 madhugiri,C0704 hosakere,6492 hosakere,311,29.04,24.18,6492,0.0,65.0,-2.6,,,,,,,,,,,,,,,,,,,,,,,,,,,,,
Tumakuru,B0091 madhugiri,C0739 i.d.hally,1572 chikkadalavatta,280,56.55,23.74,1572,20.0,85.0,4.27,,,,,,,,,,,,,,,,,,,,,,,,,,,,,
Tumakuru,B0091 madhugiri,C0739 i.d.hally,2912 i.d. halli,287,46.41,26.77,2912,10.0,85.0,4.62,,,,,,,,,,,,,,,,,,,,,,,,,,,,,
Tumakuru,B0091 madhugiri,C0949 kodigenahally,3256 kalidevapura,183,63.66,25.62,3256,25.0,95.0,15.61,,,,,,,,,,,,,,,,,,,,,,,,,,,,,
Tumakuru,B0091 madhugiri,C0949 kodigenahally,6645 kodigenahalli,263,55.21,26.96,6645,20.0,90.0,5.86,,,,,,,,,,,,,,,,,,,,,,,,,,,,,
Tumakuru,B0091 madhugiri,C0953 kodlapura,2133 gondihalli,159,49.28,25.68,2133,15.0,80.0,2.29,,,,,,,,,,,,,,,,,,,,,,,,,,,,,
Tumakuru,B0091 madhugiri,C0953 kodlapura,3666 kodlapura,209,51.03,26.29,3666,15.0,86.0,-0.92,,,,,,,,,,,,,,,,,,,,,,,,,,,,,
Tumakuru,B0091 madhugiri,C0953 kodlapura,5026 puravara,226,52.23,27.61,5026,10.0,85.0,0.13,,,,,,,,,,,,,,,,,,,,,,,,,,,,,
Tumakuru,B0091 madhugiri,C1502 siddapura,6314 siddapura,292,55.74,26.93,6314,15.0,90.0,5.04,,,,,,,,,,,,,,,,,,,,,,,,,,,,,
Tumakuru,B0091 madhugiri,C1830 badavanahally,6635 rangapura,396,49.82,24.54,6635,15.0,85.0,8.15,,,,,,,,,,,,,,,,,,,,,,,,,,,,,
Tumakuru,B0091 madhugiri,C1830 badavanahally,912 badavanahalli,342,39.84,27.52,912,5.0,80.0,8.73,,,,,,,,,,,,,,,,,,,,,,,,,,,,,
Tumakuru,B0091 madhugiri,C1912 byalya,1438 byalya,223,52.53,26.58,1438,15.0,85.0,-1.28,,,,,,,,,,,,,,,,,,,,,,,,,,,,,
Tumakuru,B0091 madhugiri,C1912 byalya,3639 kodagadhala,181,45.08,25.33,3639,15.0,80.0,1.71,,,,,,,,,,,,,,,,,,,,,,,,,,,,,
Tumakuru,B0091 madhugiri,C1929 chandragiri,1496 chandragiri,236,37.31,25.53,1496,5.0,75.0,3.38,,,,,,,,,,,,,,,,,,,,,,,,,,,,,
Tumakuru,B0091 madhugiri,C1943 chikkamalur,1593 chikkamaluru,216,39.93,26.11,1593,5.0,75.0,4.79,,,,,,,,,,,,,,,,,,,,,,,,,,,,,
Tumakuru,B0091 madhugiri,C1943 chikkamalur,1912 doddamaluru,178,60.79,28.12,1912,18.5,95.0,-2.21,,,,,,,,,,,,,,,,,,,,,,,,,,,,,
Tumakuru,B0091 madhugiri,C1952 chinaka vajra,1634 chinakavajra,192,69.48,24.37,1634,35.0,95.0,-3.97,,,,,,,,,,,,,,,,,,,,,,,,,,,,,
Tumakuru,B0091 madhugiri,C1952 chinaka vajra,1714 d.v. halli,313,70.19,23.53,1714,30.0,95.0,4.34,,,,,,,,,,,,,,,,,,,,,,,,,,,,,
Tumakuru,B0091 madhugiri,C1967 dabbegatta,1716 dabbegatta,221,54.73,25.81,1716,20.0,90.0,-1.59,,,,,,,,,,,,,,,,,,,,,,,,,,,,,
Tumakuru,B0091 madhugiri,C1967 dabbegatta,3790 kotagarlahalli,240,43.94,25.83,3790,10.0,80.0,3.24,,,,,,,,,,,,,,,,,,,,,,,,,,,,,
Tumakuru,B0091 madhugiri,C2030 garani,1402 brahmasamudra,230,54.89,20.98,1402,30.0,85.0,-3.53,,,,,,,,,,,,,,,,,,,,,,,,,,,,,
Tumakuru,B0091 madhugiri,C2030 garani,2071 garani,256,43.71,26.04,2071,10.0,80.0,2.44,,,,,,,,,,,,,,,,,,,,,,,,,,,,,
Tumakuru,B0091 madhugiri,C2312 kondavadi,3741 kondavadi,202,42.65,24.89,3741,10.0,75.0,7.76,,,,,,,,,,,,,,,,,,,,,,,,,,,,,
Tumakuru,B0091 madhugiri,C2421 medigesi,1112 bedathuru,146,76.03,21.11,1112,45.0,100.0,4.88,,,,,,,,,,,,,,,,,,,,,,,,,,,,,
Tumakuru,B0091 madhugiri,C2421 medigesi,4439 midigeshi,182,62.77,24.1,4439,30.0,95.0,12.51,,,,,,,,,,,,,,,,,,,,,,,,,,,,,
Tumakuru,B0091 madhugiri,C2557 rantavalalu,5100 rantavalalu,138,61.85,25.24,5100,25.0,90.0,1.63,,,,,,,,,,,,,,,,,,,,,,,,,,,,,
Tumakuru,B0091 madhugiri,C2562 reddyhally,5114 reddihalli,242,54.79,26.69,5114,15.5,90.0,2.34,,,,,,,,,,,,,,,,,,,,,,,,,,,,,
Tumakuru,B0091 madhugiri,C2572 sajjehosahally,5160 sajjehosahalli,275,41.98,18.84,5160,25.0,70.0,-2.96,,,,,,,,,,,,,,,,,,,,,,,,,,,,,
Tumakuru,B0091 madhugiri,C2626 singanahally,5421 singanahalli,119,53.87,29.13,5421,14.0,95.0,1.37,,,,,,,,,,,,,,,,,,,,,,,,,,,,,
Tumakuru,B0091 madhugiri,C2626 singanahally,6595 muddenahalli,241,38.65,26.75,6595,5.0,75.0,-1.8,,,,,,,,,,,,,,,,,,,,,,,,,,,,,
Tumakuru,B0091 madhugiri,C2681 theriyur,3154 kadagathuru,184,39.59,29.22,3154,0.0,80.0,6.39,,,,,,,,,,,,,,,,,,,,,,,,,,,,,
Tumakuru,B0091 madhugiri,C2761 yalkur,1922 doddayalaku,219,65.25,25.4,1922,25.0,95.0,5.16,,,,,,,,,,,,,,,,,,,,,,,,,,,,,
Tumakuru,B0127 sira,C0166 baragooru,6276 hosahalli,206,63.28,23.73,6276,25.0,90.0,5.47,,,,,,,,,,,,,,,,,,,,,,,,,,,,,
Tumakuru,B0127 sira,C0166 baragooru,6365 baraguru,200,53.52,25.47,6365,20.0,85.0,7.88,,,,,,,,,,,,,,,,,,,,,,,,,,,,,
Tumakuru,B0127 sira,C0207 benche,2144 gopaladevarahalli,233,55.79,24.57,2144,20.0,85.0,-0.5,,,,,,,,,,,,,,,,,,,,,,,,,,,,,
Tumakuru,B0127 sira,C0207 benche,3272 kallambella,391,52.54,28.37,3272,15.0,90.0,8.28,,,,,,,,,,,,,,,,,,,,,,,,,,,,,
Tumakuru,B0127 sira,C0234 bhoovanahally,1305 bhuvanahalli,392,57.72,25.18,1305,20.0,90.0,8.57,,,,,,,,,,,,,,,,,,,,,,,,,,,,,
Tumakuru,B0127 sira,C0234 bhoovanahally,6655 lakshmisagara,292,68.1,23.62,6655,35.0,95.0,2.9,,,,,,,,,,,,,,,,,,,,,,,,,,,,,
Tumakuru,B0127 sira,C0268 brahmasandra,1648 chinnenahalli,307,62.3,24.85,1648,25.0,90.0,2.79,,,,,,,,,,,,,,,,,,,,,,,,,,,,,
Tumakuru,B0127 sira,C0268 brahmasandra,5286 seebi agrahara,365,52.7,25.92,5286,15.0,85.0,6.4,,,,,,,,,,,,,,,,,,,,,,,,,,,,,
Tumakuru,B0127 sira,C0268 brahmasandra,6064 yaladabagi,182,55.93,25.92,6064,20.0,90.0,-14.9,,,,,,,,,,,,,,,,,,,,,,,,,,,,,
Tumakuru,B0127 sira,C0274 bukkapattana,1416 bukkapatna,261,57.99,25.3,1416,25.0,95.0,0.86,,,,,,,,,,,,,,,,,,,,,,,,,,,,,
Tumakuru,B0127 sira,C0274 bukkapattana,6251 kurubarahalli,458,71.5,20.06,6251,40.0,95.0,4.74,,,,,,,,,,,,,,,,,,,,,,,,,,,,,
Tumakuru,B0127 sira,C0420 dodda hulikunte,1900 doddahulikunte,259,51.85,24.62,1900,20.0,85.0,0.91,,,,,,,,,,,,,,,,,,,,,,,,,,,,,
Tumakuru,B0127 sira,C0422 doddaagrahara,1877 doddaagrahara,265,48.23,23.98,1877,15.0,80.0,6.98,,,,,,,,,,,,,,,,,,,,,,,,,,,,,
Tumakuru,B0127 sira,C0422 doddaagrahara,2823 huildore,605,47.28,28.36,2823,10.0,85.0,2.3,,,,,,,,,,,,,,,,,,,,,,,,,,,,,
Tumakuru,B0127 sira,C0452 dwaranakunte,1970 dwaranakunte,370,50.34,28.31,1970,10.0,90.0,5.95,,,,,,,,,,,,,,,,,,,,,,,,,,,,,
Tumakuru,B0127 sira,C0521 gowdagere,1014 bandakunte,220,52.75,24.67,1014,20.0,85.0,-0.15,,,,,,,,,,,,,,,,,,,,,,,,,,,,,
Tumakuru,B0127 sira,C0521 gowdagere,2172 gowadagere,244,51.48,24.53,2172,20.0,85.0,-1.92,,,,,,,,,,,,,,,,,,,,,,,,,,,,,
Tumakuru,B0127 sira,C0521 gowdagere,6516 hosuru,164,54.79,27.66,6516,16.5,90.0,2.12,,,,,,,,,,,,,,,,,,,,,,,,,,,,,
Tumakuru,B0127 sira,C0572 haldodderi,5285 seebi,148,61.82,19.66,5285,35.0,85.0,0.93,,,,,,,,,,,,,,,,,,,,,,,,,,,,,
Tumakuru,B0127 sira,C0690 honnagondanahally,2746 honnagondanahalli,342,50.75,25.66,2746,15.0,85.0,-1.72,,,,,,,,,,,,,,,,,,,,,,,,,,,,,
Tumakuru,B0127 sira,C0690 honnagondanahally,4122 magodu,459,52.22,28.83,4122,10.0,90.0,4.25,,,,,,,,,,,,,,,,,,,,,,,,,,,,,
Tumakuru,B0127 sira,C0855 kallambella,1599 chikkanahalli,271,62.77,25.2,1599,30.0,95.0,3.11,,,,,,,,,,,,,,,,,,,,,,,,,,,,,
Tumakuru,B0127 sira,C0855 kallambella,2342 halenahalli,104,73.61,18.84,2342,46.5,95.0,-1.24,,,,,,,,,,,,,,,,,,,,,,,,,,,,,
Tumakuru,B0127 sira,C1081 madalooru,4067 madaluru,331,51.13,26.17,4067,15.0,85.0,-4.36,,,,,,,,,,,,,,,,,,,,,,,,,,,,,
Tumakuru,B0127 sira,C1093 magodu,5104 rathnasandra,374,54.8,27.84,5104,15.0,90.0,3.24,,,,,,,,,,,,,,,,,,,,,,,,,,,,,
Tumakuru,B0127 sira,C1093 magodu,6642 yaliyuru,147,62.79,26.25,6642,25.0,95.0,-4.79,,,,,,,,,,,,,,,,,,,,,,,,,,,,,
Tumakuru,B0127 sira,C1306 neralagudda,4812 neralagudda,374,50.43,27.06,4812,15.0,90.0,3.56,,,,,,,,,,,,,,,,,,,,,,,,,,,,,
Tumakuru,B0127 sira,C1356 pattanayakanahalli,4634 naduru,380,49.45,27.56,4634,10.0,85.0,5.96,,,,,,,,,,,,,,,,,,,,,,,,,,,,,
Tumakuru,B0127 sira,C1400 ratnasandra,5104 rathnasandra,173,57.69,28.15,5104,20.0,95.0,5.3,,,,,,,,,,,,,,,,,,,,,,,,,,,,,
Tumakuru,B0127 sira,C1400 ratnasandra,6371 thalagunda,114,52.98,28.38,6371,15.0,90.0,9.34,,,,,,,,,,,,,,,,,,,,,,,,,,,,,
Tumakuru,B0127 sira,C1430 sakshihalli,5070 ramalingapura,505,57.71,23.24,5070,25.0,90.0,7.93,,,,,,,,,,,,,,,,,,,,,,,,,,,,,
Tumakuru,B0127 sira,C1577 tavarekere,6352 tavarekere,512,57.18,24.44,6352,20.0,85.0,2.07,,,,,,,,,,,,,,,,,,,,,,,,,,,,,
Tumakuru,B0127 sira,C1577 tavarekere,6516 hosuru,291,59.52,24.67,6516,25.0,95.0,2.35,,,,,,,,,,,,,,,,,,,,,,,,,,,,,
Tumakuru,B0127 sira,C1588 thalagunda,1419 bupasandra,328,59.85,27.26,1419,20.0,90.0,6.4,,,,,,,,,,,,,,,,,,,,,,,,,,,,,
Tumakuru,B0127 sira,C1588 thalagunda,6371 thalagunda,115,47.43,27.25,6371,10.0,85.0,3.43,,,,,,,,,,,,,,,,,,,,,,,,,,,,,
Tumakuru,B0127 sira,C1608 thogarugunte,4421 melukunte,376,53.55,25.08,4421,20.0,87.5,4.03,,,,,,,,,,,,,,,,,,,,,,,,,,,,,
Tumakuru,B0127 sira,C1734 yaravarahalli,2869 hunasehalli,252,30.73,23.13,2869,5.0,65.0,-1.49,,,,,,,,,,,,,,,,,,,,,,,,,,,,,
Tumakuru,B0127 sira,C1748 yeliyuuru,6642 yaliyuru,278,50.72,27.59,6642,10.0,86.5,1.24,,,,,,,,,,,,,,,,,,,,,,,,,,,,,
Tumakuru,B0127 sira,C1881 bevinahalli,1501 changavara,297,65.45,24.69,1501,30.0,95.0,9.85,,,,,,,,,,,,,,,,,,,,,,,,,,,,,
Tumakuru,B0127 sira,C1881 bevinahalli,2571 hemdore,235,39.3,29.06,2571,2.0,80.0,5.25,,,,,,,,,,,,,,,,,,,,,,,,,,,,,
Tumakuru,B0127 sira,C1881 bevinahalli,6576 bevinahalli,245,66.37,25.12,6576,30.0,95.0,-5.77,,,,,,,,,,,,,,,,,,,,,,,,,,,,,
Tumakuru,B0127 sira,C1937 chikkabanagere,1882 doddabanagere,293,34.64,24.74,1882,5.0,70.0,8.28,,,,,,,,,,,,,,,,,,,,,,,,,,,,,
Tumakuru,B0127 sira,C2267 karekyathanahalli,2412 handikunte,290,49.29,27.33,2412,10.0,85.5,2.74,,,,,,,,,,,,,,,,,,,,,,,,,,,,,
Tumakuru,B0127 sira,C2327 kotta,3803 kotta,243,51.3,28.99,3803,10.0,90.0,-4.52,,,,,,,,,,,,,,,,,,,,,,,,,,,,,
Tumakuru,B0127 sira,C2355 lakkanahalli,5670 thadakaluru,165,57.39,25.08,5670,20.0,90.0,3.85,,,,,,,,,,,,,,,,,,,,,,,,,,,,,
Tumakuru,B0127 sira,C2678 tharooru,5698 tharuru,227,44.01,24.92,5698,10.0,77.0,3.34,,,,,,,,,,,,,,,,,,,,,,,,,,,,,
Tumakuru,B0135 tiptur,C0142 baluvaneralu,2268 gyara ghatta,210,55.76,24.06,2268,20.0,85.0,1.35,,,,,,,,,,,,,,,,,,,,,,,,,,,,,
Tumakuru,B0135 tiptur,C0142 baluvaneralu,998 baluvaneralu,288,60.83,23.91,998,28.5,90.0,1.24,18.0,17.0,94.44,5.56,100.0,459.0,401.0,41.0,9.78,48.78,51.22,100.0,100.0,23.53,100.0,11.76,0.0,100.0,100.0,100.0,100.0,0.0,1.06,1.94,0.12,8.35,7.12,238.33,23.6
Tumakuru,B0135 tiptur,C0252 biligere,1345 biligere,176,69.09,23.42,1345,35.0,95.0,10.95,10.0,8.0,80.0,20.0,100.0,1433.0,404.0,22.0,18.36,72.73,68.18,100.0,100.0,62.5,100.0,12.5,12.5,87.5,87.5,87.5,87.5,0.0,1.38,4.12,0.0,4.38,2.5,223.0,50.5
Tumakuru,B0135 tiptur,C0252 biligere,6578 karadi,161,61.99,21.42,6578,35.0,90.0,-3.68,9.0,9.0,100.0,0.0,100.0,172.0,172.0,16.0,10.75,68.75,25.0,100.0,100.0,33.33,100.0,22.22,0.0,100.0,100.0,77.78,100.0,11.11,1.0,1.89,0.22,4.78,5.67,240.5,19.1
Tumakuru,B0135 tiptur,C0252 biligere,762 aralaguppe,173,53.03,26.73,762,15.0,90.0,3.41,,,,,,,,,,,,,,,,,,,,,,,,,,,,,
Tumakuru,B0135 tiptur,C0280 byranayakanahalli,2205 gudigondanahalli,106,52.26,24.43,2205,17.5,80.0,12.26,13.0,13.0,100.0,0.0,100.0,266.0,266.0,30.0,8.87,66.67,53.33,100.0,100.0,53.85,92.31,0.0,7.69,92.31,100.0,100.0,100.0,0.0,1.15,1.69,0.08,3.54,4.38,194.8,20.5
Tumakuru,B0135 tiptur,C0280 byranayakanahalli,4216 manakikere,358,64.58,24.2,4216,30.0,90.0,-1.43,10.0,10.0,100.0,0.0,100.0,289.0,289.0,25.0,11.56,44.0,36.0,100.0,100.0,40.0,100.0,0.0,10.0,100.0,100.0,100.0,100.0,10.0,1.1,2.5,0.4,2.1,2.7,245.5,28.9
Tumakuru,B0135 tiptur,C0280 byranayakanahalli,5249 sarthavalli,246,57.24,25.97,5249,17.5,90.0,0.69,12.0,12.0,100.0,0.0,100.0,330.0,330.0,30.0,11.0,63.33,43.33,100.0,100.0,33.33,100.0,25.0,8.33,91.67,100.0,100.0,100.0,0.0,1.17,2.25,0.33,2.58,2.67,244.5,27.5
Tumakuru,B0135 tiptur,C0531 gudigondanahalli,2205 gudigondanahalli,190,64.68,25.33,2205,30.0,95.0,8.16,13.0,13.0,100.0,0.0,100.0,266.0,266.0,30.0,8.87,66.67,53.33,100.0,100.0,53.85,92.31,0.0,7.69,92.31,100.0,100.0,100.0,0.0,1.15,1.69,0.08,3.54,4.38,194.8,20.5
Tumakuru,B0135 tiptur,C0531 gudigondanahalli,2750 honnavalli,277,67.98,20.86,2750,40.0,95.0,0.29,7.0,7.0,100.0,0.0,100.0,390.0,390.0,23.0,16.96,60.87,56.52,100.0,100.0,28.57,100.0,14.29,0.0,100.0,100.0,100.0,85.71,14.29,1.14,3.57,0.14,3.71,5.86,183.25,55.7
Tumakuru,B0135 tiptur,C0548 gurugadahalli,2259 gurugadahalli,138,57.68,23.09,2259,25.0,90.0,0.66,7.0,7.0,100.0,0.0,100.0,142.0,142.0,15.0,9.47,66.67,53.33,100.0,100.0,71.43,100.0,14.29,0.0,100.0,100.0,100.0,85.71,0.0,1.0,2.0,1.57,6.43,3.86,237.0,20.3
Tumakuru,B0135 tiptur,C0548 gurugadahalli,4362 mathihalli,214,61.21,24.5,4362,25.0,90.0,3.58,19.0,16.0,84.21,15.79,100.0,809.0,555.0,32.0,17.34,75.0,46.88,100.0,100.0,56.25,100.0,12.5,6.25,87.5,87.5,100.0,93.75,0.0,1.19,2.25,0.25,4.0,5.38,235.0,34.7
Tumakuru,B0135 tiptur,C0548 gurugadahalli,5671 thadasooru,87,49.6,27.11,5671,10.0,85.0,-1.5,,,,,,,,,,,,,,,,,,,,,,,,,,,,,
Tumakuru,B0135 tiptur,C0584 halukurike,2368 halukurike,351,80.31,19.24,2368,55.0,100.0,2.06,13.0,11.0,84.62,15.38,100.0,928.0,288.0,24.0,12.0,62.5,45.83,100.0,100.0,45.45,90.91,0.0,9.09,90.91,90.91,100.0,100.0,9.09,1.18,2.73,0.64,4.45,4.91,196.4,26.2
Tumakuru,B0135 tiptur,C0584 halukurike,998 baluvaneralu,145,61.55,23.72,998,25.0,85.0,8.1,18.0,17.0,94.44,5.56,100.0,459.0,401.0,41.0,9.78,48.78,51.22,100.0,100.0,23.53,100.0,11.76,0.0,100.0,100.0,100.0,100.0,0.0,1.06,1.94,0.12,8.35,7.12,238.33,23.6
Tumakuru,B0135 tiptur,C0692 honnavalli,2750 honnavalli,149,82.18,20.67,2750,59.0,100.0,1.0,7.0,7.0,100.0,0.0,100.0,390.0,390.0,23.0,16.96,60.87,56.52,100.0,100.0,28.57,100.0,14.29,0.0,100.0,100.0,100.0,85.71,14.29,1.14,3.57,0.14,3.71,5.86,183.25,55.7
Tumakuru,B0135 tiptur,C0695 honnenahalli,1751 dasarighatta,154,86.3,12.89,1751,65.0,100.0,0.99,9.0,7.0,77.78,22.22,100.0,737.0,156.0,17.0,9.18,47.06,35.29,100.0,100.0,42.86,100.0,14.29,0.0,100.0,100.0,100.0,85.71,0.0,1.14,1.71,0.71,3.43,2.71,111.5,22.3
Tumakuru,B0135 tiptur,C0695 honnenahalli,5095 rangapura,171,56.73,25.97,5095,15.0,90.0,13.26,12.0,10.0,83.33,16.67,100.0,1572.0,327.0,23.0,14.22,65.22,60.87,100.0,100.0,60.0,100.0,20.0,0.0,100.0,100.0,100.0,100.0,0.0,1.2,2.8,0.3,10.6,7.1,242.2,32.7
Tumakuru,B0135 tiptur,C0695 honnenahalli,5671 thadasooru,165,59.67,26.61,5671,20.0,95.0,-0.24,,,,,,,,,,,,,,,,,,,,,,,,,,,,,
Tumakuru,B0135 tiptur,C0703 hosahalli,5095 rangapura,90,58.5,27.51,5095,20.0,95.0,7.72,12.0,10.0,83.33,16.67,100.0,1572.0,327.0,23.0,14.22,65.22,60.87,100.0,100.0,60.0,100.0,20.0,0.0,100.0,100.0,100.0,100.0,0.0,1.2,2.8,0.3,10.6,7.1,242.2,32.7
Tumakuru,B0135 tiptur,C0870 kamparahalli,4346 masavana ghatta,183,58.25,22.09,4346,25.0,90.0,4.24,,,,,,,,,,,,,,,,,,,,,,,,,,,,,
Tumakuru,B0135 tiptur,C0896 karadalu,1976 echanooru,94,57.87,23.16,1976,21.5,85.0,12.97,,,,,,,,,,,,,,,,,,,,,,,,,,,,,
Tumakuru,B0135 tiptur,C0896 karadalu,2814 hucchagondanahalli,259,65.52,24.22,2814,30.0,95.0,0.81,,,,,,,,,,,,,,,,,,,,,,,,,,,,,
Tumakuru,B0135 tiptur,C0896 karadalu,3912 kuppalu,194,65.95,23.24,3912,30.0,90.0,-1.47,,,,,,,,,,,,,,,,,,,,,,,,,,,,,
Tumakuru,B0135 tiptur,C0916 kattigenahalli,213009174 hindiskere,82,88.48,13.6,213009174,70.5,100.0,0.85,9.0,9.0,100.0,0.0,100.0,191.0,191.0,20.0,9.55,65.0,50.0,77.78,100.0,44.44,100.0,22.22,0.0,77.78,100.0,100.0,88.89,0.0,1.11,2.78,0.11,10.78,8.78,245.4,21.2
Tumakuru,B0135 tiptur,C1035 kuppalu,3912 kuppalu,77,70.0,20.9,3912,40.0,90.0,0.0,,,,,,,,,,,,,,,,,,,,,,,,,,,,,
Tumakuru,B0135 tiptur,C1035 kuppalu,6578 karadi,73,80.07,15.03,6578,56.0,95.0,0.97,9.0,9.0,100.0,0.0,100.0,172.0,172.0,16.0,10.75,68.75,25.0,100.0,100.0,33.33,100.0,22.22,0.0,100.0,100.0,77.78,100.0,11.11,1.0,1.89,0.22,4.78,5.67,240.5,19.1
Tumakuru,B0135 tiptur,C1165 mattihalli,4362 mathihalli,84,80.36,17.32,4362,65.0,95.0,0.48,19.0,16.0,84.21,15.79,100.0,809.0,555.0,32.0,17.34,75.0,46.88,100.0,100.0,56.25,100.0,12.5,6.25,87.5,87.5,100.0,93.75,0.0,1.19,2.25,0.25,4.0,5.38,235.0,34.7
Tumakuru,B0135 tiptur,C1253 nagaraghatta,4651 nagaraghatta,309,71.42,20.01,4651,45.0,95.0,0.55,11.0,11.0,100.0,0.0,100.0,235.0,235.0,26.0,9.04,69.23,53.85,100.0,100.0,36.36,100.0,9.09,0.0,100.0,90.91,90.91,100.0,0.0,1.18,2.64,1.18,5.73,7.09,241.22,21.4
Tumakuru,B0135 tiptur,C1304 nellikere,4803 nellikere,195,62.49,26.18,4803,25.0,95.0,9.41,,,,,,,,,,,,,,,,,,,,,,,,,,,,,
Tumakuru,B0135 tiptur,C1322 nonavinakere,2253 gungurumele,100,78.95,17.54,2253,55.0,100.0,-6.74,,,,,,,,,,,,,,,,,,,,,,,,,,,,,
Tumakuru,B0135 tiptur,C1322 nonavinakere,4880 nonavinakere,627,66.96,23.05,4880,30.0,95.0,7.52,8.0,7.0,87.5,12.5,100.0,1292.0,1152.0,42.0,27.43,57.14,47.62,100.0,100.0,71.43,100.0,14.29,28.57,100.0,85.71,100.0,71.43,33.33,1.43,4.43,0.57,4.43,4.86,242.75,164.6
Tumakuru,B0135 tiptur,C1455 sarthavalli,5249 sarthavalli,99,66.82,22.29,5249,35.0,90.0,8.76,12.0,12.0,100.0,0.0,100.0,330.0,330.0,30.0,11.0,63.33,43.33,100.0,100.0,33.33,100.0,25.0,8.33,91.67,100.0,100.0,100.0,0.0,1.17,2.25,0.33,2.58,2.67,244.5,27.5
Tumakuru,B0135 tiptur,C1527 sooguru,2868 hunaseghatta,122,48.52,27.44,2868,10.5,80.0,5.98,9.0,9.0,100.0,0.0,100.0,129.0,129.0,15.0,8.6,66.67,33.33,100.0,100.0,44.44,100.0,11.11,0.0,88.89,100.0,88.89,100.0,0.0,0.89,2.22,0.78,1.56,0.89,230.0,14.3
Tumakuru,B0135 tiptur,C1527 sooguru,943 bajagooru,170,79.35,17.19,943,55.0,95.0,3.67,,,,,,,,,,,,,,,,,,,,,,,,,,,,,
Tumakuru,B0135 tiptur,C1617 tiptur (urdu),2259 gurugadahalli,79,62.15,25.24,2259,25.0,95.0,-5.49,7.0,7.0,100.0,0.0,100.0,142.0,142.0,15.0,9.47,66.67,53.33,100.0,100.0,71.43,100.0,14.29,0.0,100.0,100.0,100.0,85.71,0.0,1.0,2.0,1.57,6.43,3.86,237.0,20.3
Tumakuru,B0135 tiptur,C1618 tiptur south,2814 hucchagondanahalli,80,82.81,15.89,2814,69.5,100.0,6.99,,,,,,,,,,,,,,,,,,,,,,,,,,,,,
Tumakuru,B0135 tiptur,C2281 kattigenahalli,2606 hindiskere,140,73.07,20.66,2606,45.0,95.0,9.97,9.0,9.0,100.0,0.0,100.0,191.0,191.0,20.0,9.55,65.0,50.0,77.78,100.0,44.44,100.0,22.22,0.0,77.78,100.0,100.0,88.89,0.0,1.11,2.78,0.11,10.78,8.78,245.4,21.2
Tumakuru,B0136 tumkur,C0138 ballagere,977 ballagere,362,67.72,18.0,977,50.0,95.0,1.33,11.0,11.0,100.0,0.0,100.0,240.0,240.0,19.0,12.63,63.16,36.84,100.0,100.0,9.09,81.82,9.09,9.09,90.91,100.0,90.91,90.91,0.0,1.18,1.73,0.0,4.82,7.36,240.14,21.8
Tumakuru,B0136 tumkur,C0190 belagumba,1155 belagumba,329,74.07,20.95,1155,45.0,95.0,4.16,7.0,4.0,57.14,42.86,100.0,2654.0,558.0,25.0,22.32,64.0,72.0,100.0,100.0,50.0,50.0,100.0,75.0,50.0,100.0,100.0,75.0,33.33,4.25,7.0,0.5,4.75,2.5,243.0,139.5
Tumakuru,B0136 tumkur,C0190 belagumba,5569 swandenahalli,332,61.1,23.98,5569,25.0,90.0,1.18,11.0,9.0,81.82,18.18,100.0,1034.0,604.0,32.0,18.88,68.75,59.38,100.0,100.0,11.11,100.0,11.11,0.0,77.78,100.0,88.89,100.0,11.11,1.56,3.44,0.11,4.33,4.0,244.0,67.1
Tumakuru,B0136 tumkur,C0200 bellavi,1191 bellavi,255,67.41,19.8,1191,45.0,90.0,4.95,9.0,7.0,77.78,22.22,100.0,2817.0,937.0,39.0,24.03,79.49,74.36,100.0,100.0,42.86,100.0,14.29,14.29,85.71,100.0,85.71,85.71,14.29,2.14,6.57,0.71,3.14,2.43,240.5,133.9
Tumakuru,B0136 tumkur,C0200 bellavi,5491 sorekunte,169,52.96,25.27,5491,19.0,85.0,6.22,4.0,4.0,100.0,0.0,100.0,134.0,134.0,9.0,14.89,55.56,33.33,100.0,100.0,0.0,100.0,0.0,0.0,100.0,100.0,75.0,100.0,0.0,1.25,3.25,0.25,12.5,5.0,240.0,33.5
Tumakuru,B0136 tumkur,C0200 bellavi,5724 thimmarajanahalli,196,58.57,25.33,5724,20.0,90.0,1.2,12.0,12.0,100.0,0.0,100.0,354.0,354.0,37.0,9.57,54.05,56.76,100.0,100.0,41.67,100.0,0.0,0.0,75.0,100.0,91.67,100.0,0.0,1.25,3.17,0.08,7.42,7.58,241.67,29.5
Tumakuru,B0136 tumkur,C0221 bhaktharahally,4607 mydala,66,63.79,24.12,4607,25.0,92.5,-4.5,,,,,,,,,,,,,,,,,,,,,,,,,,,,,
Tumakuru,B0136 tumkur,C0272 bugudanahalli,1413 buduganahalli,239,59.35,25.38,1413,24.0,90.0,11.2,,,,,,,,,,,,,,,,,,,,,,,,,,,,,
Tumakuru,B0136 tumkur,C0285 c t kere,1458 c t kere,457,58.6,23.8,1458,25.0,90.0,3.3,,,,,,,,,,,,,,,,,,,,,,,,,,,,,
Tumakuru,B0136 tumkur,C0285 c t kere,6605 devalapura,176,72.19,20.2,6605,50.0,95.0,3.44,,,,,,,,,,,,,,,,,,,,,,,,,,,,,
Tumakuru,B0136 tumkur,C0285 c t kere,791 arekere,290,59.71,27.42,791,20.0,90.0,-0.23,,,,,,,,,,,,,,,,,,,,,,,,,,,,,
Tumakuru,B0136 tumkur,C0386 devalapura,3578 kesturu,259,68.42,21.75,3578,39.0,95.0,0.92,,,,,,,,,,,,,,,,,,,,,,,,,,,,,
Tumakuru,B0136 tumkur,C0386 devalapura,6605 devalapura,108,83.43,17.06,6605,63.5,100.0,1.7,,,,,,,,,,,,,,,,,,,,,,,,,,,,,
Tumakuru,B0136 tumkur,C0537 gulur,2230 guluru,544,75.64,20.18,2230,45.0,95.0,1.46,,,,,,,,,,,,,,,,,,,,,,,,,,,,,
Tumakuru,B0136 tumkur,C0537 gulur,2601 hethenahalli,210,62.69,24.39,2601,25.0,90.0,2.38,,,,,,,,,,,,,,,,,,,,,,,,,,,,,
Tumakuru,B0136 tumkur,C0609 haraluru,2454 haraluuru,303,71.27,22.93,2454,35.0,95.0,0.34,,,,,,,,,,,,,,,,,,,,,,,,,,,,,
Tumakuru,B0136 tumkur,C0635 hebburu,2540 hebburu,289,65.74,23.48,2540,30.0,95.0,1.48,,,,,,,,,,,,,,,,,,,,,,,,,,,,,
Tumakuru,B0136 tumkur,C0635 hebburu,3346 kanakuppe,154,77.21,17.31,3346,50.0,95.0,-1.91,,,,,,,,,,,,,,,,,,,,,,,,,,,,,
Tumakuru,B0136 tumkur,C0656 hirehalli,3573 kesarumadu,215,49.02,23.79,3573,20.0,80.0,1.98,,,,,,,,,,,,,,,,,,,,,,,,,,,,,
Tumakuru,B0136 tumkur,C0656 hirehalli,6391 hirehalli,269,60.45,28.89,6391,15.0,95.0,6.22,14.0,12.0,85.71,14.29,100.0,2678.0,486.0,30.0,16.2,80.0,46.67,100.0,100.0,25.0,100.0,16.67,8.33,75.0,100.0,91.67,91.67,8.33,1.17,2.5,0.25,2.0,4.58,243.8,40.5
Tumakuru,B0136 tumkur,C0677 holakallu,2761 honnudike,213,51.27,25.81,2761,15.0,85.0,5.15,9.0,7.0,77.78,22.22,100.0,522.0,320.0,18.0,17.78,61.11,38.89,100.0,100.0,28.57,100.0,14.29,42.86,85.71,100.0,85.71,71.43,0.0,1.0,3.0,1.57,13.57,7.57,238.8,45.7
Tumakuru,B0136 tumkur,C0677 holakallu,4898 olakal,268,57.22,25.96,4898,20.0,90.0,10.6,,,,,,,,,,,,,,,,,,,,,,,,,,,,,
Tumakuru,B0136 tumkur,C0696 honnudike,2761 honnudike,114,58.86,28.67,2761,10.0,90.0,18.07,9.0,7.0,77.78,22.22,100.0,522.0,320.0,18.0,17.78,61.11,38.89,100.0,100.0,28.57,100.0,14.29,42.86,85.71,100.0,85.71,71.43,0.0,1.0,3.0,1.57,13.57,7.57,238.8,45.7
Tumakuru,B0136 tumkur,C0696 honnudike,6520 maskal,284,48.49,24.6,6520,20.0,80.0,5.24,9.0,8.0,88.89,11.11,100.0,328.0,285.0,22.0,12.95,59.09,40.91,100.0,100.0,12.5,100.0,0.0,0.0,50.0,100.0,87.5,100.0,12.5,3.62,3.38,3.0,8.5,5.62,238.2,35.6
Tumakuru,B0136 tumkur,C0805 k palasandra,3106 k palasandra,429,86.86,14.96,3106,70.0,100.0,1.1,7.0,7.0,100.0,0.0,100.0,279.0,279.0,18.0,15.5,83.33,55.56,100.0,100.0,42.86,100.0,28.57,0.0,57.14,100.0,100.0,85.71,0.0,1.43,3.0,0.86,13.14,8.0,242.0,39.9
Tumakuru,B0136 tumkur,C0879 kanakuppe,3346 kanakuppe,76,78.82,18.27,3346,62.5,95.0,7.17,,,,,,,,,,,,,,,,,,,,,,,,,,,,,
Tumakuru,B0136 tumkur,C1047 kyathasandra,3573 kesarumadu,120,65.88,22.42,3573,35.0,95.0,-0.71,,,,,,,,,,,,,,,,,,,,,,,,,,,,,
Tumakuru,B0136 tumkur,C1112 mallasandra,1915 doddanaravangala,233,53.61,25.0,1915,20.0,90.0,8.81,9.0,9.0,100.0,0.0,100.0,193.0,193.0,25.0,7.72,76.0,40.0,100.0,100.0,22.22,100.0,0.0,11.11,66.67,100.0,100.0,100.0,0.0,1.22,1.78,0.33,9.33,7.56,243.0,21.4
Tumakuru,B0136 tumkur,C1242 mydala,4607 mydala,55,62.0,24.99,4607,30.0,90.0,-10.15,,,,,,,,,,,,,,,,,,,,,,,,,,,,,
Tumakuru,B0136 tumkur,C1261 nagavalli,2052 gangona halli,229,78.89,17.38,2052,55.0,100.0,0.79,,,,,,,,,,,,,,,,,,,,,,,,,,,,,
Tumakuru,B0136 tumkur,C1261 nagavalli,4668 nagavalli,295,48.49,25.07,4668,15.0,80.0,-1.41,14.0,11.0,78.57,21.43,100.0,817.0,488.0,31.0,15.74,74.19,35.48,100.0,100.0,18.18,100.0,45.45,18.18,90.91,100.0,100.0,81.82,18.18,1.0,1.91,0.09,5.45,4.09,241.2,44.4
Tumakuru,B0136 tumkur,C1300 nelahal,4793 nelahal,234,56.11,26.06,4793,15.0,90.0,3.24,13.0,13.0,100.0,0.0,100.0,322.0,322.0,29.0,11.1,65.52,37.93,100.0,100.0,46.15,100.0,0.0,0.0,76.92,100.0,92.31,100.0,0.0,1.0,1.92,0.46,12.46,9.23,242.42,24.8
Tumakuru,B0136 tumkur,C1300 nelahal,5491 sorekunte,100,65.05,23.99,5491,29.5,90.0,7.5,4.0,4.0,100.0,0.0,100.0,134.0,134.0,9.0,14.89,55.56,33.33,100.0,100.0,0.0,100.0,0.0,0.0,100.0,100.0,75.0,100.0,0.0,1.25,3.25,0.25,12.5,5.0,240.0,33.5
Tumakuru,B0136 tumkur,C1312 niduvalalu,4847 niduvalalu,219,69.09,21.58,4847,39.0,95.0,-2.69,,,,,,,,,,,,,,,,,,,,,,,,,,,,,
Tumakuru,B0136 tumkur,C1325 obalapura,6539 obalapura,298,69.09,22.13,6539,35.0,95.0,2.24,,,,,,,,,,,,,,,,,,,,,,,,,,,,,
Tumakuru,B0136 tumkur,C1330 oordigere,4900 oordigere,258,57.42,27.81,4900,18.5,95.0,6.47,,,,,,,,,,,,,,,,,,,,,,,,,,,,,
Tumakuru,B0136 tumkur,C1330 oordigere,787 aregujjanahalli,102,63.63,24.31,787,30.0,95.0,0.14,7.0,7.0,100.0,0.0,100.0,295.0,295.0,19.0,15.53,73.68,47.37,100.0,100.0,42.86,85.71,0.0,14.29,100.0,100.0,100.0,100.0,0.0,1.57,3.29,3.71,8.86,6.0,242.4,42.1
Tumakuru,B0136 tumkur,C1473 seethakal,5289 seethakallu,360,62.76,26.46,5289,25.0,95.0,-0.0,,,,,,,,,,,,,,,,,,,,,,,,,,,,,
Tumakuru,B0136 tumkur,C1510 sirivara,6564 sirivara,265,60.94,23.84,6564,25.0,93.0,6.01,,,,,,,,,,,,,,,,,,,,,,,,,,,,,
Tumakuru,B0136 tumkur,C1812 areyur,794 areyur,221,56.33,25.54,794,20.0,90.0,4.26,,,,,,,,,,,,,,,,,,,,,,,,,,,,,
Tumakuru,B0136 tumkur,C1866 beladhara,1144 beladhara,241,58.73,22.46,1144,30.0,90.0,5.38,,,,,,,,,,,,,,,,,,,,,,,,,,,,,
Tumakuru,B0136 tumkur,C2024 galigenahalli,2030 galigenahalli,89,62.7,21.72,2030,25.0,85.0,1.83,11.0,10.0,90.91,9.09,100.0,454.0,213.0,22.0,9.68,40.91,54.55,100.0,100.0,60.0,100.0,0.0,0.0,80.0,80.0,90.0,100.0,0.0,0.9,1.6,0.3,8.3,7.9,243.67,21.3
Tumakuru,B0136 tumkur,C2113 heggere,4193 mallasandra,319,59.56,23.55,4193,30.0,90.0,2.66,,,,,,,,,,,,,,,,,,,,,,,,,,,,,
Tumakuru,B0136 tumkur,C2113 heggere,6344 heggere,232,59.46,26.52,6344,20.0,90.0,2.29,,,,,,,,,,,,,,,,,,,,,,,,,,,,,
Tumakuru,B0136 tumkur,C2145 honasigere,2734 honasigere,333,62.3,22.56,2734,30.0,90.0,6.51,8.0,8.0,100.0,0.0,100.0,270.0,270.0,19.0,14.21,73.68,31.58,100.0,100.0,25.0,100.0,37.5,0.0,75.0,100.0,87.5,87.5,0.0,1.62,2.12,0.25,12.0,8.38,243.57,33.8
Tumakuru,B0136 tumkur,C2352 kyathsandra (urdu),4900 oordigere,131,54.69,26.92,4900,15.0,85.0,10.1,,,,,,,,,,,,,,,,,,,,,,,,,,,,,
Tumakuru,B0136 tumkur,C2524 oorukere,4903 oorukere,321,73.5,21.61,4903,40.0,95.0,-0.15,,,,,,,,,,,,,,,,,,,,,,,,,,,,,
Tumakuru,B0137 turuvekere,C0016 adithya patna,2294 hadavanahalli,309,65.91,25.77,2294,29.0,95.0,7.26,8.0,7.0,87.5,12.5,100.0,275.0,217.0,19.0,11.42,63.16,31.58,100.0,100.0,57.14,100.0,0.0,0.0,100.0,100.0,100.0,100.0,0.0,1.0,2.0,0.29,9.0,6.0,239.43,31.0
Tumakuru,B0137 turuvekere,C0065 anekere,712 anekere,281,80.09,18.66,712,55.0,100.0,0.95,11.0,11.0,100.0,0.0,100.0,453.0,453.0,30.0,15.1,43.33,60.0,100.0,100.0,45.45,100.0,9.09,9.09,90.91,90.91,81.82,90.91,10.0,1.09,3.36,1.27,8.45,6.36,238.56,41.2
Tumakuru,B0137 turuvekere,C0090 aremallenahalli,6377 thandaga,117,65.09,24.79,6377,28.0,95.0,11.3,,,,,,,,,,,,,,,,,,,,,,,,,,,,,
Tumakuru,B0137 turuvekere,C0090 aremallenahalli,793 aremallenahalli,220,71.82,24.47,793,39.5,100.0,5.23,10.0,10.0,100.0,0.0,100.0,396.0,396.0,27.0,14.67,55.56,44.44,100.0,100.0,20.0,100.0,10.0,30.0,100.0,100.0,90.0,90.0,0.0,1.2,1.6,2.1,8.5,5.0,241.12,39.6
Tumakuru,B0137 turuvekere,C0146 banasandra,1008 banasandra,269,65.06,27.89,1008,25.0,100.0,3.32,15.0,15.0,100.0,0.0,100.0,222.0,222.0,27.0,8.22,51.85,48.15,100.0,100.0,26.67,100.0,0.0,6.67,93.33,93.33,100.0,93.33,0.0,0.93,0.8,0.13,7.27,5.6,240.78,14.8
Tumakuru,B0137 turuvekere,C0282 bythara hosahalli,1441 byatharahosahalli,160,71.97,20.52,1441,45.0,95.0,0.69,,,,,,,,,,,,,,,,,,,,,,,,,,,,,
Tumakuru,B0137 turuvekere,C0371 dabbe ghatta,1717 dabbeghatta,158,67.66,22.14,1717,38.5,95.0,6.4,11.0,11.0,100.0,0.0,100.0,280.0,280.0,24.0,11.67,50.0,45.83,100.0,100.0,45.45,100.0,0.0,0.0,100.0,90.91,90.91,100.0,9.09,1.45,2.55,0.27,12.91,7.82,241.86,25.5
Tumakuru,B0137 turuvekere,C0371 dabbe ghatta,2137 gonitumkur,130,69.85,23.09,2137,35.0,95.0,-4.47,,,,,,,,,,,,,,,,,,,,,,,,,,,,,
Tumakuru,B0137 turuvekere,C0375 dandina shivara,1735 dandinashivara,241,61.35,23.89,1735,25.0,90.0,4.45,5.0,5.0,100.0,0.0,100.0,408.0,408.0,17.0,24.0,88.24,64.71,100.0,100.0,60.0,100.0,40.0,0.0,60.0,100.0,100.0,80.0,25.0,1.6,2.0,0.4,10.8,5.2,236.33,81.6
Tumakuru,B0137 turuvekere,C0673 hittala koppa,4254 manichenduru,286,62.6,28.06,4254,20.0,95.0,5.42,,,,,,,,,,,,,,,,,,,,,,,,,,,,,
Tumakuru,B0137 turuvekere,C0725 hullekere,2850 hullekere,284,68.73,22.91,2850,35.0,95.0,1.52,12.0,12.0,100.0,0.0,100.0,243.0,243.0,25.0,9.72,64.0,36.0,100.0,100.0,41.67,100.0,0.0,16.67,91.67,100.0,91.67,100.0,8.33,1.17,1.75,0.25,6.5,6.33,240.88,20.2
Tumakuru,B0137 turuvekere,C0881 kanathur,3351 kanathuru,231,73.33,25.77,3351,35.0,100.0,7.64,,,,,,,,,,,,,,,,,,,,,,,,,,,,,
Tumakuru,B0137 turuvekere,C0981 kondajji,6440 kondajji,287,59.06,25.02,6440,20.0,90.0,-0.15,11.0,10.0,90.91,9.09,100.0,405.0,198.0,22.0,9.0,40.91,40.91,100.0,100.0,40.0,100.0,0.0,0.0,100.0,100.0,100.0,100.0,0.0,1.0,1.9,0.1,15.0,10.5,242.1,19.8
Tumakuru,B0137 turuvekere,C1063 lokkammana halli,4023 lokammanahalli,244,68.73,25.6,4023,30.0,95.0,2.73,13.0,13.0,100.0,0.0,100.0,178.0,178.0,24.0,7.42,50.0,41.67,100.0,100.0,38.46,92.31,7.69,0.0,84.62,100.0,100.0,100.0,0.0,1.08,2.15,1.77,7.08,7.08,241.36,13.7
Tumakuru,B0137 turuvekere,C1089 madihalli,4102 madihalli,366,90.77,10.92,4102,75.0,100.0,0.93,13.0,12.0,92.31,7.69,100.0,833.0,154.0,23.0,6.7,65.22,47.83,100.0,100.0,41.67,100.0,0.0,0.0,91.67,100.0,100.0,100.0,0.0,1.0,2.0,0.75,7.42,7.0,241.8,12.8
Tumakuru,B0137 turuvekere,C1153 maruthi nagara,665 ammasandra,7,70.71,20.7,665,44.0,87.0,16.25,4.0,3.0,75.0,25.0,100.0,658.0,114.0,5.0,22.8,80.0,40.0,100.0,100.0,33.33,100.0,33.33,33.33,100.0,100.0,100.0,100.0,0.0,1.67,5.0,1.0,4.33,2.33,123.0,38.0
Tumakuru,B0137 turuvekere,C1171 mavinakere,4603 muttugadhahalli,79,67.34,22.49,4603,34.0,91.0,9.1,,,,,,,,,,,,,,,,,,,,,,,,,,,,,
Tumakuru,B0137 turuvekere,C1171 mavinakere,6541 mavinakere,155,59.52,24.9,6541,25.0,90.0,3.75,5.0,5.0,100.0,0.0,100.0,89.0,89.0,8.0,11.12,62.5,25.0,100.0,100.0,40.0,100.0,40.0,0.0,80.0,100.0,100.0,100.0,0.0,1.0,3.4,0.2,7.4,6.2,242.25,17.8
Tumakuru,B0137 turuvekere,C1175 mayasandra,4392 mayasandra,202,86.98,19.05,4392,75.5,100.0,2.28,9.0,7.0,77.78,22.22,100.0,466.0,208.0,18.0,11.56,50.0,44.44,100.0,100.0,57.14,100.0,0.0,0.0,85.71,85.71,71.43,85.71,0.0,1.14,1.86,0.14,9.14,7.71,240.67,29.7
Tumakuru,B0137 turuvekere,C1228 muniyur,3658 kodigehalli,109,76.93,17.24,3658,55.0,95.0,2.58,10.0,9.0,90.0,10.0,100.0,307.0,266.0,21.0,12.67,76.19,38.1,100.0,100.0,11.11,100.0,0.0,0.0,100.0,100.0,88.89,100.0,0.0,1.11,2.0,0.11,9.78,8.78,241.5,29.6
Tumakuru,B0137 turuvekere,C1228 muniyur,4564 muniyuru,303,90.92,14.05,4564,80.0,100.0,0.79,,,,,,,,,,,,,,,,,,,,,,,,,,,,,
Tumakuru,B0137 turuvekere,C1438 sampige hosahalli,5190 sampige hosahalli,393,75.79,20.14,5190,50.0,95.0,1.2,,,,,,,,,,,,,,,,,,,,,,,,,,,,,
Tumakuru,B0137 turuvekere,C1439 sampige,5189 sampige,212,59.34,26.83,5189,15.5,90.0,8.12,7.0,7.0,100.0,0.0,100.0,195.0,195.0,18.0,10.83,50.0,38.89,100.0,100.0,28.57,100.0,14.29,0.0,100.0,100.0,100.0,85.71,0.0,1.0,1.86,0.29,8.71,7.0,243.17,27.9
Tumakuru,B0137 turuvekere,C1483 shettygondana halli,5329 shettygondanahalli,363,69.64,21.1,5329,36.0,95.0,4.8,,,,,,,,,,,,,,,,,,,,,,,,,,,,,
Tumakuru,B0137 turuvekere,C1529 soravanahalli,5490 soravanahalli,273,69.65,21.25,5490,40.0,95.0,3.82,13.0,12.0,92.31,7.69,100.0,1495.0,235.0,22.0,10.68,59.09,45.45,100.0,100.0,50.0,100.0,0.0,8.33,91.67,100.0,75.0,91.67,0.0,1.25,2.0,0.42,6.92,5.58,239.88,19.6
Tumakuru,B0137 turuvekere,C1566 talakere,5620 talkere,358,73.32,23.44,5620,40.0,100.0,1.83,,,,,,,,,,,,,,,,,,,,,,,,,,,,,
Tumakuru,B0137 turuvekere,C1682 vadavana ghatta,5935 vadavanaghatta,389,82.07,17.07,5935,55.0,100.0,2.33,,,,,,,,,,,,,,,,,,,,,,,,,,,,,
Tumakuru,B0168 pavagada,C1605 thirumani,5782 tirumani,123,71.5,20.92,5782,45.0,95.0,-0.37,,,,,,,,,,,,,,,,,,,,,,,,,,,,,
Tumakuru,B0168 pavagada,C1605 thirumani,5959 valluru,76,74.28,18.83,5959,50.0,97.5,-2.35,,,,,,,,,,,,,,,,,,,,,,,,,,,,,
Tumakuru,B0168 pavagada,C2796 c.k.pura,1460 c.k.pura,112,77.81,18.81,1460,55.0,99.5,0.2,,,,,,,,,,,,,,,,,,,,,,,,,,,,,
Tumakuru,B0168 pavagada,C2796 c.k.pura,2219 gujjanadu,152,77.73,16.69,2219,55.5,95.0,-0.56,,,,,,,,,,,,,,,,,,,,,,,,,,,,,
Tumakuru,B0168 pavagada,C2815 doddahalli,5011 pothaganahalli,117,81.54,13.84,5011,65.0,97.0,-0.23,,,,,,,,,,,,,,,,,,,,,,,,,,,,,
Tumakuru,B0168 pavagada,C2815 doddahalli,6369 chikkahalli,143,58.88,17.83,6369,40.0,90.0,-0.2,,,,,,,,,,,,,,,,,,,,,,,,,,,,,
Tumakuru,B0168 pavagada,C2818 dommathamari,1934 dommatahmari,114,74.65,18.86,1934,55.0,95.0,2.42,,,,,,,,,,,,,,,,,,,,,,,,,,,,,
Tumakuru,B0168 pavagada,C2818 dommathamari,6000 virupasamundra,74,87.91,9.9,6000,75.0,100.0,0.52,,,,,,,,,,,,,,,,,,,,,,,,,,,,,
Tumakuru,B0168 pavagada,C2829 gundralahalli,1425 byadanuru,127,82.83,21.45,1425,50.0,100.0,7.5,,,,,,,,,,,,,,,,,,,,,,,,,,,,,
Tumakuru,B0168 pavagada,C2829 gundralahalli,4690 naliganahalli,135,77.78,18.23,4690,55.0,95.0,9.21,,,,,,,,,,,,,,,,,,,,,,,,,,,,,
Tumakuru,B0168 pavagada,C2861 k t hally,3130 k.t.halli,76,80.66,18.64,3130,55.0,95.0,5.7,,,,,,,,,,,,,,,,,,,,,,,,,,,,,
Tumakuru,B0168 pavagada,C2869 kannamedi,3388 kannamedi,172,75.73,22.48,3388,35.5,100.0,8.76,,,,,,,,,,,,,,,,,,,,,,,,,,,,,
Tumakuru,B0168 pavagada,C2869 kannamedi,5056 rajavanthi,103,73.54,19.97,5056,50.0,95.0,6.98,,,,,,,,,,,,,,,,,,,,,,,,,,,,,
Tumakuru,B0168 pavagada,C2877 kotagudda,3806 kottagudda,140,68.29,23.18,3806,35.0,95.5,0.41,,,,,,,,,,,,,,,,,,,,,,,,,,,,,
Tumakuru,B0168 pavagada,C2877 kotagudda,5096 rangasamudra,186,83.9,17.41,5096,60.0,100.0,3.74,,,,,,,,,,,,,,,,,,,,,,,,,,,,,
Tumakuru,B0168 pavagada,C2880 lingdahalli,5251 sasalakunte,181,75.47,15.02,5251,55.0,95.0,-0.08,,,,,,,,,,,,,,,,,,,,,,,,,,,,,
Tumakuru,B0168 pavagada,C2880 lingdahalli,5934 vadanakallu,144,79.1,21.01,5934,60.0,100.0,1.58,,,,,,,,,,,,,,,,,,,,,,,,,,,,,
Tumakuru,B0168 pavagada,C2882 magalawada,4241 mangalavada,104,84.09,13.2,4241,65.0,100.0,-1.13,,,,,,,,,,,,,,,,,,,,,,,,,,,,,
Tumakuru,B0168 pavagada,C2882 magalawada,6533 arasikere,67,82.46,17.61,6533,50.0,100.0,-0.57,,,,,,,,,,,,,,,,,,,,,,,,,,,,,
Tumakuru,B0168 pavagada,C2889 maridasanahally,2987 j achammana halli,145,58.79,23.41,2987,30.0,90.0,0.88,,,,,,,,,,,,,,,,,,,,,,,,,,,,,
Tumakuru,B0168 pavagada,C2889 maridasanahally,4314 maridasanahalli,137,75.51,21.59,4314,45.0,100.0,2.23,,,,,,,,,,,,,,,,,,,,,,,,,,,,,
Tumakuru,B0168 pavagada,C2900 nagala madike,4638 nagalamadike,54,79.72,7.55,4638,71.5,90.0,-2.78,,,,,,,,,,,,,,,,,,,,,,,,,,,,,
Tumakuru,B0168 pavagada,C2900 nagala madike,5138 ryapte,55,74.82,17.02,5138,55.0,95.0,5.09,,,,,,,,,,,,,,,,,,,,,,,,,,,,,
Tumakuru,B0168 pavagada,C2900 nagala madike,863 b k halli,127,82.01,16.88,863,60.0,100.0,2.79,,,,,,,,,,,,,,,,,,,,,,,,,,,,,
Tumakuru,B0168 pavagada,C2905 neelamannahally,4933 palavalli,108,81.53,18.96,4933,55.0,100.0,4.48,,,,,,,,,,,,,,,,,,,,,,,,,,,,,
Tumakuru,B0168 pavagada,C2905 neelamannahally,6495 kamanadurga,106,42.97,26.77,6495,10.0,80.0,12.29,,,,,,,,,,,,,,,,,,,,,,,,,,,,,
Tumakuru,B0168 pavagada,C2910 nyayadagunte,4893 nyayadagunte,136,81.29,17.42,4893,55.0,100.0,1.41,,,,,,,,,,,,,,,,,,,,,,,,,,,,,
Tumakuru,B0168 pavagada,C2913 pavagada rural,3645 kodamadagu,69,70.0,17.34,3645,45.0,90.0,6.84,,,,,,,,,,,,,,,,,,,,,,,,,,,,,
Tumakuru,B0168 pavagada,C2913 pavagada rural,5127 roppa,103,57.72,23.57,5127,20.0,80.0,5.7,,,,,,,,,,,,,,,,,,,,,,,,,,,,,
Tumakuru,B0168 pavagada,C2915 ponnasamundra,5008 ponnasamudra,135,65.81,22.97,5008,40.0,95.0,-2.88,,,,,,,,,,,,,,,,,,,,,,,,,,,,,
Tumakuru,B0168 pavagada,C2955 venkatapura,5991 venkatapura,98,74.29,17.37,5991,50.0,95.0,5.05,,,,,,,,,,,,,,,,,,,,,,,,,,,,,
Tumakuru,B0168 pavagada,C2957 y.n.hosakote rural,213009622 siddapura,100,47.75,22.77,213009622,15.0,75.0,-3.48,,,,,,,,,,,,,,,,,,,,,,,,,,,,,
Tumakuru,B0168 pavagada,C2957 y.n.hosakote rural,6033 y n hosakote,138,36.3,23.15,6033,5.0,66.5,7.39,,,,,,,,,,,,,,,,,,,,,,,,,,,,,
Udupi,B0022 brahmavara,C0104 avarse,1351 billadi,57,74.47,16.97,1351,50.0,95.0,-0.65,,,,,,,,,,,,,,,,,,,,,,,,,,,,,
Udupi,B0022 brahmavara,C0104 avarse,4693 nalkur 15,102,72.7,26.21,4693,35.0,100.0,6.18,,,,,,,,,,,,,,,,,,,,,,,,,,,,,
Udupi,B0022 brahmavara,C0104 avarse,852 avarse,185,69.32,23.42,852,35.0,95.0,11.91,,,,,,,,,,,,,,,,,,,,,,,,,,,,,
Udupi,B0022 brahmavara,C0170 barkuru,1070 barkur,26,80.19,16.46,1070,57.5,95.0,8.85,,,,,,,,,,,,,,,,,,,,,,,,,,,,,
Udupi,B0022 brahmavara,C0266 brahamavara,2402 handady,38,69.47,23.56,2402,40.5,95.0,0.37,,,,,,,,,,,,,,,,,,,,,,,,,,,,,
Udupi,B0022 brahmavara,C0266 brahamavara,5973 varamballi,71,65.77,24.46,5973,30.0,95.0,-1.47,,,,,,,,,,,,,,,,,,,,,,,,,,,,,
Udupi,B0022 brahmavara,C0314 cherkady,1515 chantaru,30,84.0,13.09,1515,65.0,100.0,-8.75,,,,,,,,,,,,,,,,,,,,,,,,,,,,,
Udupi,B0022 brahmavara,C0314 cherkady,1547 cherkady,69,80.94,22.53,1547,49.0,100.0,-0.46,,,,,,,,,,,,,,,,,,,,,,,,,,,,,
Udupi,B0022 brahmavara,C0449 dupadakatte,4990 perdoor,62,75.81,22.49,4990,45.5,100.0,16.29,,,,,,,,,,,,,,,,,,,,,,,,,,,,,
Udupi,B0022 brahmavara,C0449 dupadakatte,942 bairampalli,100,72.95,22.15,942,44.5,95.0,-1.3,,,,,,,,,,,,,,,,,,,,,,,,,,,,,
Udupi,B0022 brahmavara,C0491 garadimajalu,3536 kemmannu,27,74.26,19.84,3536,50.0,97.0,14.29,,,,,,,,,,,,,,,,,,,,,,,,,,,,,
Udupi,B0022 brahmavara,C0491 garadimajalu,5715 thenkanidiyur,67,63.88,26.11,5715,26.0,92.0,5.95,,,,,,,,,,,,,,,,,,,,,,,,,,,,,
Udupi,B0022 brahmavara,C0491 garadimajalu,909 badanidiyur,18,79.17,10.33,909,63.5,90.0,3.0,,,,,,,,,,,,,,,,,,,,,,,,,,,,,
Udupi,B0022 brahmavara,C0599 hangarakatte,2967 irodi,67,80.0,14.22,2967,60.0,97.0,-0.3,,,,,,,,,,,,,,,,,,,,,,,,,,,,,
Udupi,B0022 brahmavara,C0599 hangarakatte,3654 kodi,85,88.12,11.13,3654,70.0,100.0,0.75,,,,,,,,,,,,,,,,,,,,,,,,,,,,,
Udupi,B0022 brahmavara,C0786 januvarkatte,2567 heggunje,91,66.98,26.46,2567,25.0,95.0,8.4,,,,,,,,,,,,,,,,,,,,,,,,,,,,,
Udupi,B0022 brahmavara,C0786 januvarkatte,3190 kadoor 14,73,76.1,23.85,3190,35.0,100.0,0.7,,,,,,,,,,,,,,,,,,,,,,,,,,,,,
Udupi,B0022 brahmavara,C0907 karkada,3791 kotathattu,76,80.33,21.91,3791,47.5,100.0,3.26,,,,,,,,,,,,,,,,,,,,,,,,,,,,,
Udupi,B0022 brahmavara,C0907 karkada,6474 kota,112,83.88,16.49,6474,60.5,100.0,-1.08,,,,,,,,,,,,,,,,,,,,,,,,,,,,,
Udupi,B0022 brahmavara,C0963 kokkarne,3686 kokkarne,166,73.37,21.71,3686,45.0,95.0,2.95,,,,,,,,,,,,,,,,,,,,,,,,,,,,,
Udupi,B0022 brahmavara,C1021 kukkehalli,3851 kukkehalli,73,60.07,28.18,3851,20.0,95.0,17.4,,,,,,,,,,,,,,,,,,,,,,,,,,,,,
Udupi,B0022 brahmavara,C1426 saibrakatte,5939 vaddarse 7,50,84.7,15.03,5939,64.5,100.0,5.48,,,,,,,,,,,,,,,,,,,,,,,,,,,,,
Udupi,B0022 brahmavara,C1426 saibrakatte,6054 yadthadi,130,59.12,25.64,6054,24.5,90.0,-0.29,,,,,,,,,,,,,,,,,,,,,,,,,,,,,
Udupi,B0022 brahmavara,C1451 santhekatte,3455 karje 19,75,78.2,20.71,3455,42.0,100.0,4.23,,,,,,,,,,,,,,,,,,,,,,,,,,,,,
Udupi,B0024 byndoor,C0028 ajri mananje,2358 hallihole,33,88.64,13.77,2358,72.0,100.0,12.17,6.0,6.0,100.0,0.0,100.0,193.0,193.0,6.0,32.17,33.33,66.67,100.0,100.0,66.67,66.67,33.33,0.0,100.0,83.33,100.0,100.0,16.67,1.67,2.17,0.5,0.83,5.17,185.0,32.2
Udupi,B0024 byndoor,C0091 areshiroor,2122 golihole,57,90.35,10.97,2122,80.0,100.0,3.9,11.0,10.0,90.91,9.09,100.0,855.0,546.0,27.0,20.22,51.85,59.26,100.0,100.0,100.0,30.0,10.0,0.0,100.0,100.0,100.0,90.0,10.0,1.3,1.9,0.5,2.3,6.2,234.33,54.6
Udupi,B0024 byndoor,C0867 kambadakone,3296 kalthodu,55,90.09,14.61,3296,70.0,100.0,3.56,10.0,10.0,100.0,0.0,100.0,386.0,386.0,25.0,15.44,28.0,68.0,100.0,100.0,80.0,70.0,10.0,10.0,100.0,100.0,100.0,100.0,0.0,1.5,2.9,0.0,2.7,14.3,234.2,38.6
Udupi,B0024 byndoor,C0867 kambadakone,3317 kambadakone,33,85.45,14.76,3317,62.0,100.0,-0.45,6.0,5.0,83.33,16.67,100.0,2225.0,498.0,16.0,31.12,62.5,81.25,100.0,100.0,100.0,60.0,60.0,40.0,100.0,100.0,100.0,80.0,50.0,2.0,4.4,2.0,3.6,8.8,178.5,99.6
Udupi,B0024 byndoor,C0943 kirimanjeshwara,2594 herooru,40,86.5,15.53,2594,59.5,100.0,3.5,7.0,7.0,100.0,0.0,100.0,255.0,255.0,16.0,15.94,37.5,75.0,100.0,100.0,85.71,42.86,14.29,14.29,100.0,100.0,100.0,100.0,0.0,1.29,1.43,0.86,2.71,9.57,232.29,36.4
Udupi,B0024 byndoor,C0943 kirimanjeshwara,3621 kirimanjeshwara,42,87.74,11.7,3621,70.5,100.0,-6.9,6.0,5.0,83.33,16.67,100.0,1559.0,534.0,26.0,20.54,73.08,76.92,100.0,100.0,80.0,100.0,60.0,0.0,100.0,100.0,100.0,100.0,20.0,2.2,3.2,1.0,5.6,8.4,229.75,106.8
Udupi,B0024 byndoor,C0972 kollur,3001 jadkal,45,83.0,14.32,3001,64.0,95.0,-2.58,10.0,9.0,90.0,10.0,100.0,727.0,373.0,18.0,20.72,50.0,66.67,100.0,100.0,100.0,66.67,22.22,22.22,100.0,100.0,100.0,100.0,0.0,1.22,2.22,0.33,4.56,7.22,236.71,41.4
Udupi,B0024 byndoor,C0972 kollur,3710 kolluru,24,83.54,15.36,3710,70.0,100.0,-2.11,3.0,3.0,100.0,0.0,100.0,246.0,246.0,8.0,30.75,50.0,87.5,100.0,100.0,66.67,33.33,0.0,66.67,100.0,100.0,100.0,100.0,33.33,1.67,4.0,0.0,2.0,6.0,245.0,82.0
Udupi,B0024 byndoor,C1291 navunda,4303 maravanthe,15,91.0,9.3,4303,80.0,100.0,-4.5,2.0,2.0,100.0,0.0,100.0,242.0,242.0,11.0,22.0,72.73,81.82,100.0,100.0,100.0,50.0,0.0,0.0,100.0,100.0,100.0,100.0,0.0,1.5,8.5,0.5,0.5,5.0,238.0,121.0
Udupi,B0024 byndoor,C1291 navunda,4626 nada,27,91.67,9.71,4626,83.0,100.0,-2.96,7.0,6.0,85.71,14.29,100.0,274.0,237.0,13.0,18.23,69.23,92.31,100.0,100.0,100.0,100.0,33.33,0.0,100.0,100.0,100.0,100.0,20.0,1.0,2.67,0.17,5.0,5.33,233.0,39.5
Udupi,B0024 byndoor,C1291 navunda,4771 navunda,30,89.67,12.52,4771,74.5,100.0,-10.09,4.0,4.0,100.0,0.0,100.0,398.0,398.0,19.0,20.95,57.89,68.42,100.0,100.0,50.0,50.0,25.0,0.0,100.0,100.0,100.0,100.0,25.0,1.25,2.75,0.25,3.75,9.0,231.25,99.5
Udupi,B0024 byndoor,C1491 shiroor,5365 shiroor,58,74.05,23.01,5365,40.0,100.0,-12.1,,,,,,,,,,,,,,,,,,,,,,,,,,,,,
Udupi,B0024 byndoor,C1646 uppunda,1335 bijuru,36,81.11,14.6,1335,62.5,97.5,2.25,,,,,,,,,,,,,,,,,,,,,,,,,,,,,
Udupi,B0024 byndoor,C1646 uppunda,3561 kergal,23,75.87,17.69,3561,51.0,95.0,-0.23,3.0,3.0,100.0,0.0,100.0,226.0,226.0,13.0,17.38,84.62,69.23,100.0,100.0,66.67,100.0,33.33,33.33,100.0,100.0,100.0,100.0,0.0,1.33,3.0,0.0,1.67,6.67,230.5,75.3
Udupi,B0024 byndoor,C1646 uppunda,5918 uppunda,42,81.67,14.13,5918,65.0,99.5,-9.93,6.0,5.0,83.33,16.67,100.0,1213.0,732.0,28.0,26.14,67.86,82.14,100.0,100.0,60.0,80.0,60.0,20.0,100.0,100.0,100.0,100.0,60.0,1.2,5.2,0.2,2.8,6.2,234.5,146.4
Udupi,B0138 udupi,C0099 athradi,828 athradi,28,64.82,21.06,828,38.5,91.5,-6.13,5.0,5.0,100.0,0.0,100.0,502.0,502.0,15.0,33.47,80.0,86.67,100.0,100.0,100.0,60.0,100.0,20.0,40.0,100.0,100.0,80.0,0.0,5.4,5.4,0.2,5.4,2.0,230.33,100.4
Udupi,B0138 udupi,C0099 athradi,897 badagabettu-80,82,53.17,29.36,897,10.0,89.5,4.55,,,,,,,,,,,,,,,,,,,,,,,,,,,,,
Udupi,B0138 udupi,C0669 hiriyadaka,1388 bommarabettu,94,55.9,25.73,1388,11.5,85.0,6.69,5.0,4.0,80.0,20.0,100.0,1258.0,572.0,21.0,27.24,90.48,61.9,100.0,100.0,75.0,100.0,50.0,25.0,75.0,100.0,100.0,100.0,50.0,1.75,7.0,0.0,1.0,6.0,233.0,143.0
Udupi,B0138 udupi,C0669 hiriyadaka,3656 kodibettu,33,75.76,19.45,3656,50.0,95.0,-0.12,4.0,4.0,100.0,0.0,100.0,307.0,307.0,11.0,27.91,90.91,54.55,100.0,100.0,75.0,75.0,75.0,0.0,100.0,100.0,100.0,100.0,0.0,1.75,4.0,1.0,0.5,8.0,235.67,76.8
Udupi,B0138 udupi,C1333 padu alevoor,4261 manipura,52,65.38,26.53,4261,25.5,95.0,3.03,3.0,3.0,100.0,0.0,100.0,220.0,220.0,10.0,22.0,80.0,50.0,100.0,100.0,100.0,100.0,33.33,33.33,100.0,100.0,100.0,100.0,66.67,1.67,4.0,0.0,2.0,8.33,232.67,73.3
Udupi,B0138 udupi,C1333 padu alevoor,613 alevuru,42,67.98,22.47,613,40.5,95.0,-4.52,,,,,,,,,,,,,,,,,,,,,,,,,,,,,
Udupi,B0138 udupi,C1634 udyavara,213009050 udyavara,74,70.14,20.14,213009050,40.0,95.0,-1.9,5.0,2.0,40.0,60.0,100.0,1290.0,502.0,7.0,71.71,85.71,71.43,100.0,100.0,100.0,50.0,100.0,50.0,100.0,100.0,100.0,100.0,50.0,2.0,4.5,2.0,2.0,0.0,232.0,251.0
Uttara Kannada,B0101 mundagod,C0117 bachanaki,889 bachanaki,69,65.94,25.3,889,29.0,95.0,9.68,,,,,,,,,,,,,,,,,,,,,,,,,,,,,
Uttara Kannada,B0101 mundagod,C0320 chigalli,5166 salagau,80,63.5,25.54,5166,25.0,95.0,-3.83,,,,,,,,,,,,,,,,,,,,,,,,,,,,,
Uttara Kannada,B0101 mundagod,C0364 choudalli,1677 choudalli,85,56.18,29.42,1677,15.0,90.0,6.99,,,,,,,,,,,,,,,,,,,,,,,,,,,,,
Uttara Kannada,B0101 mundagod,C0747 indura,2948 indura,124,57.02,27.21,2948,15.0,90.0,10.86,,,,,,,,,,,,,,,,,,,,,,,,,,,,,
Uttara Kannada,B0101 mundagod,C1340 pala,3648 kodambi,108,61.25,25.2,3648,30.0,91.5,10.81,,,,,,,,,,,,,,,,,,,,,,,,,,,,,
Uttara Kannada,B0144 yellapur,C0056 anagod,1759 dehalli,49,79.29,21.48,1759,48.0,100.0,14.3,,,,,,,,,,,,,,,,,,,,,,,,,,,,,
Uttara Kannada,B0144 yellapur,C0056 anagod,679 anagod,74,77.57,26.45,679,40.0,100.0,10.96,,,,,,,,,,,,,,,,,,,,,,,,,,,,,
Uttara Kannada,B0144 yellapur,C0892 kannigeri,3393 kannigeri,74,88.78,11.07,3393,76.5,100.0,4.12,,,,,,,,,,,,,,,,,,,,,,,,,,,,,
Uttara Kannada,B0144 yellapur,C1099 malalgaov,5908 upleshwar,73,80.62,15.66,5908,56.0,95.0,-0.93,,,,,,,,,,,,,,,,,,,,,,,,,,,,,
Uttara Kannada,B0144 yellapur,C1276 nandolli,4724 nandolli,65,90.31,12.5,4724,80.0,100.0,-2.8,,,,,,,,,,,,,,,,,,,,,,,,,,,,,
Vijayanagara,B0051 hadagali,C0557 hadagali gramina,3718 kombali,343,38.59,26.28,3718,5.0,75.0,-2.89,7.0,7.0,100.0,0.0,100.0,674.0,674.0,32.0,21.06,40.62,84.38,85.71,100.0,28.57,71.43,0.0,14.29,71.43,85.71,100.0,85.71,0.0,0.86,3.71,4.71,9.14,6.57,237.0,96.3
Vijayanagara,B0051 hadagali,C0557 hadagali gramina,4761 navali,241,37.66,23.83,4761,5.0,70.0,-5.0,6.0,6.0,100.0,0.0,100.0,782.0,782.0,35.0,22.34,37.14,65.71,100.0,100.0,50.0,100.0,16.67,16.67,100.0,66.67,66.67,100.0,16.67,1.0,6.33,2.17,4.83,1.5,240.5,130.3
Vijayanagara,B0051 hadagali,C0561 hagaranooru,1769 devagondanahalli,255,46.71,28.26,1769,7.0,85.0,-0.78,7.0,7.0,100.0,0.0,100.0,844.0,844.0,40.0,21.1,37.5,87.5,100.0,100.0,28.57,100.0,28.57,28.57,71.43,85.71,85.71,85.71,0.0,1.43,6.14,0.71,6.71,3.86,238.0,120.6
Vijayanagara,B0051 hadagali,C0561 hagaranooru,2304 hagaranoor,383,42.22,27.5,2304,5.0,80.0,-5.17,,,,,,,,,,,,,,,,,,,,,,,,,,,,,
Vijayanagara,B0051 hadagali,C0561 hagaranooru,3113 k ayyanahalli,277,34.21,25.52,3113,5.0,70.0,-1.58,7.0,6.0,85.71,14.29,100.0,631.0,555.0,23.0,24.13,30.43,69.57,100.0,100.0,50.0,83.33,0.0,0.0,100.0,33.33,83.33,83.33,16.67,1.0,3.33,3.0,11.33,3.0,239.25,92.5
Vijayanagara,B0051 hadagali,C0648 hire hadagali,1122 beerabbi,323,42.34,27.44,1122,5.0,80.0,-6.05,,,,,,,,,,,,,,,,,,,,,,,,,,,,,
Vijayanagara,B0051 hadagali,C0648 hire hadagali,2587 herehadagali,384,46.48,28.24,2587,10.0,85.0,-12.86,,,,,,,,,,,,,,,,,,,,,,,,,,,,,
Vijayanagara,B0051 hadagali,C0648 hire hadagali,4118 magala,398,38.57,26.65,4118,5.0,75.0,-2.45,2.0,2.0,100.0,0.0,100.0,604.0,604.0,18.0,33.56,27.78,83.33,100.0,50.0,50.0,50.0,0.0,0.0,50.0,50.0,100.0,100.0,0.0,1.0,7.5,0.0,17.5,4.0,241.0,302.0
Vijayanagara,B0051 hadagali,C0650 hire mallanakeri,2662 hiremallanakere,271,51.59,26.29,2662,15.0,85.0,-5.4,,,,,,,,,,,,,,,,,,,,,,,,,,,,,
Vijayanagara,B0051 hadagali,C0650 hire mallanakeri,2708 holagundhi,382,49.29,27.34,2708,10.0,85.0,1.09,,,,,,,,,,,,,,,,,,,,,,,,,,,,,
Vijayanagara,B0051 hadagali,C0650 hire mallanakeri,3299 kalwiwest,117,43.97,23.79,3299,10.0,75.0,0.26,,,,,,,,,,,,,,,,,,,,,,,,,,,,,
Vijayanagara,B0051 hadagali,C0680 holalu,1745 dasanahalli,402,40.47,29.24,1745,5.0,85.0,0.97,5.0,3.0,60.0,40.0,100.0,629.0,348.0,15.0,23.2,26.67,66.67,100.0,100.0,100.0,100.0,0.0,0.0,100.0,100.0,66.67,100.0,0.0,1.0,5.0,0.33,18.0,6.67,230.0,116.0
Vijayanagara,B0051 hadagali,C0680 holalu,2711 holalu,443,53.44,27.26,2711,15.0,85.0,5.12,13.0,8.0,61.54,38.46,100.0,2350.0,605.0,31.0,19.52,51.61,64.52,87.5,100.0,50.0,100.0,25.0,0.0,100.0,87.5,75.0,100.0,0.0,1.0,4.75,0.38,17.5,9.0,236.57,75.6
Vijayanagara,B0051 hadagali,C0758 ittigi,2985 ittigi,291,46.87,26.94,2985,10.0,80.0,8.43,8.0,6.0,75.0,25.0,100.0,1254.0,867.0,30.0,28.9,46.67,70.0,66.67,100.0,33.33,83.33,0.0,33.33,83.33,100.0,83.33,83.33,20.0,1.67,6.83,0.0,7.5,4.5,241.0,144.5
Vijayanagara,B0051 hadagali,C0758 ittigi,4126 mahajanadhahalli,411,48.49,28.84,4126,10.0,90.0,-1.61,,,,,,,,,,,,,,,,,,,,,,,,,,,,,
Vijayanagara,B0051 hadagali,C0758 ittigi,5922 uthangi,337,57.11,28.79,5922,13.0,95.0,-1.79,,,,,,,,,,,,,,,,,,,,,,,,,,,,,
Vijayanagara,B0051 hadagali,C0913 kathe bennur,3488 kaththebennur,298,50.62,29.05,3488,10.0,85.0,10.2,,,,,,,,,,,,,,,,,,,,,,,,,,,,,
Vijayanagara,B0051 hadagali,C0913 kathe bennur,4138 makarabbi,313,40.85,27.11,4138,5.0,80.0,-2.55,3.0,3.0,100.0,0.0,100.0,261.0,261.0,9.0,29.0,33.33,77.78,100.0,100.0,33.33,66.67,0.0,0.0,100.0,66.67,66.67,100.0,0.0,1.67,6.0,0.0,6.0,6.0,,87.0
Vijayanagara,B0051 hadagali,C1243 mylara,2908 hyarada,333,46.79,29.75,2908,10.0,90.0,1.55,,,,,,,,,,,,,,,,,,,,,,,,,,,,,
Vijayanagara,B0051 hadagali,C1243 mylara,3951 kuruvaththi,433,55.23,27.56,3951,15.0,90.0,3.64,,,,,,,,,,,,,,,,,,,,,,,,,,,,,
Vijayanagara,B0051 hadagali,C1243 mylara,4611 mylara,287,46.06,27.37,4611,10.0,82.0,7.05,9.0,8.0,88.89,11.11,100.0,1233.0,766.0,39.0,19.64,28.21,64.1,100.0,100.0,75.0,87.5,0.0,25.0,100.0,87.5,87.5,100.0,12.5,1.38,3.5,0.5,5.12,4.75,236.5,95.8
Vijayanagara,B0051 hadagali,C1260 nagathi basapura,1769 devagondanahalli,103,57.48,26.65,1769,21.0,90.0,6.99,7.0,7.0,100.0,0.0,100.0,844.0,844.0,40.0,21.1,37.5,87.5,100.0,100.0,28.57,100.0,28.57,28.57,71.43,85.71,85.71,85.71,0.0,1.43,6.14,0.71,6.71,3.86,238.0,120.6
Vijayanagara,B0051 hadagali,C1260 nagathi basapura,4281 manyaramasalawada,262,44.39,26.77,4281,10.0,85.0,1.25,,,,,,,,,,,,,,,,,,,,,,,,,,,,,
Vijayanagara,B0051 hadagali,C1260 nagathi basapura,4665 nagathibasapura,303,59.67,23.42,4665,30.0,90.0,-0.82,,,,,,,,,,,,,,,,,,,,,,,,,,,,,
Vijayanagara,B0051 hadagali,C1517 sogi,5446 sogi,336,42.92,27.4,5446,5.0,80.0,-3.56,9.0,7.0,77.78,22.22,100.0,1013.0,874.0,32.0,27.31,37.5,75.0,100.0,100.0,71.43,100.0,28.57,28.57,57.14,71.43,100.0,85.71,16.67,2.43,5.43,1.14,2.86,2.0,230.0,124.9
Vijayanagara,B0051 hadagali,C1517 sogi,6406 nandihalli,240,58.79,23.61,6406,30.0,90.0,-0.26,6.0,5.0,83.33,16.67,100.0,706.0,665.0,27.0,24.63,33.33,62.96,100.0,100.0,60.0,100.0,0.0,0.0,80.0,80.0,60.0,100.0,40.0,1.0,6.4,0.8,6.8,4.8,240.0,133.0
Vijayanagara,B0051 hadagali,C1531 sovena halli,3299 kalwiwest,208,59.16,25.28,3299,20.0,90.0,3.4,,,,,,,,,,,,,,,,,,,,,,,,,,,,,
Vijayanagara,B0051 hadagali,C1531 sovena halli,6318 sovenahalli,353,47.32,28.86,6318,10.0,90.0,-6.81,7.0,6.0,85.71,14.29,100.0,633.0,532.0,19.0,28.0,26.32,84.21,100.0,100.0,33.33,100.0,16.67,16.67,100.0,50.0,66.67,100.0,16.67,1.0,3.33,0.17,6.33,4.17,234.0,88.7
Vijayanagara,B0052 hagaribommanahalli,C0118 bachigondana halli,1440 byasigadere,236,34.32,24.36,1440,5.0,70.0,5.03,,,,,,,,,,,,,,,,,,,,,,,,,,,,,
Vijayanagara,B0052 hagaribommanahalli,C0118 bachigondana halli,3160 kadalabalu,434,40.2,24.58,3160,10.0,75.0,5.08,,,,,,,,,,,,,,,,,,,,,,,,,,,,,
Vijayanagara,B0052 hagaribommanahalli,C0118 bachigondana halli,892 bachigondanahalli,573,44.93,26.82,892,10.0,80.0,0.77,,,,,,,,,,,,,,,,,,,,,,,,,,,,,
Vijayanagara,B0052 hagaribommanahalli,C0158 bannikal,1042 bannikallu,499,36.18,28.61,1042,0.0,80.0,-1.8,6.0,5.0,83.33,16.67,100.0,684.0,577.0,20.0,28.85,15.0,40.0,80.0,100.0,20.0,100.0,0.0,0.0,100.0,100.0,80.0,100.0,20.0,1.4,5.4,1.0,9.8,3.2,238.0,115.4
Vijayanagara,B0052 hagaribommanahalli,C0158 bannikal,2014 gaddikeri,339,33.19,25.92,2014,0.0,70.0,1.76,,,,,,,,,,,,,,,,,,,,,,,,,,,,,
Vijayanagara,B0052 hagaribommanahalli,C0158 bannikal,2376 hampasagara,293,48.04,23.94,2376,15.0,80.0,1.49,,,,,,,,,,,,,,,,,,,,,,,,,,,,,
Vijayanagara,B0052 hagaribommanahalli,C0380 dashamapura,1744 dasamapura,459,38.64,28.99,1744,0.0,80.0,2.66,7.0,4.0,57.14,42.86,100.0,907.0,754.0,22.0,34.27,40.91,77.27,100.0,100.0,25.0,100.0,0.0,25.0,100.0,100.0,100.0,100.0,25.0,1.25,6.75,1.75,5.75,5.75,236.75,188.5
Vijayanagara,B0052 hagaribommanahalli,C0380 dashamapura,4113 madur,481,38.22,26.24,4113,5.0,75.0,-3.67,,,,,,,,,,,,,,,,,,,,,,,,,,,,,
Vijayanagara,B0052 hagaribommanahalli,C0380 dashamapura,6205 vallabhapura,388,43.38,23.79,6205,15.0,75.0,4.92,6.0,6.0,100.0,0.0,100.0,845.0,845.0,30.0,28.17,50.0,66.67,100.0,100.0,33.33,100.0,50.0,16.67,100.0,100.0,100.0,83.33,0.0,2.83,7.0,1.83,5.5,2.67,238.0,140.8
Vijayanagara,B0052 hagaribommanahalli,C0552 h.b. halli,1440 byasigadere,336,47.07,26.84,1440,10.0,85.0,1.04,,,,,,,,,,,,,,,,,,,,,,,,,,,,,
Vijayanagara,B0052 hagaribommanahalli,C0552 h.b. halli,4167 malavi,423,39.68,27.16,4167,5.0,80.0,1.77,,,,,,,,,,,,,,,,,,,,,,,,,,,,,
Vijayanagara,B0052 hagaribommanahalli,C0587 hampapattana,2318 halagapura,447,51.12,25.25,2318,15.0,85.0,2.27,6.0,5.0,83.33,16.67,100.0,1265.0,1111.0,33.0,33.67,33.33,81.82,100.0,100.0,60.0,100.0,20.0,20.0,100.0,100.0,100.0,100.0,40.0,1.2,3.4,3.6,7.8,6.8,242.4,222.2
Vijayanagara,B0052 hagaribommanahalli,C0587 hampapattana,2374 hampapattana,739,39.46,29.95,2374,0.0,80.0,2.25,,,,,,,,,,,,,,,,,,,,,,,,,,,,,
Vijayanagara,B0052 hagaribommanahalli,C0588 hampasagara,2376 hampasagara,130,55.15,25.61,2376,20.0,90.0,6.6,,,,,,,,,,,,,,,,,,,,,,,,,,,,,
Vijayanagara,B0052 hagaribommanahalli,C0601 hansi,1227 bennekallu,515,43.61,25.99,1227,10.0,80.0,0.16,,,,,,,,,,,,,,,,,,,,,,,,,,,,,
Vijayanagara,B0052 hagaribommanahalli,C0601 hansi,2391 hanasi,490,33.96,26.71,2391,0.0,75.0,3.73,,,,,,,,,,,,,,,,,,,,,,,,,,,,,
Vijayanagara,B0052 hagaribommanahalli,C0956 kogali,3672 kogali,447,46.13,27.3,3672,10.0,85.0,6.58,4.0,3.0,75.0,25.0,100.0,1179.0,872.0,25.0,34.88,16.0,72.0,100.0,100.0,66.67,100.0,33.33,33.33,100.0,100.0,100.0,100.0,66.67,1.0,6.0,0.33,5.0,2.67,234.67,290.7
Vijayanagara,B0052 hagaribommanahalli,C0956 kogali,4798 nelkuderi,330,45.86,26.86,4798,10.0,80.0,0.25,,,,,,,,,,,,,,,,,,,,,,,,,,,,,
Vijayanagara,B0052 hagaribommanahalli,C0956 kogali,586 alabooru,407,59.55,24.09,586,25.0,90.0,-1.19,,,,,,,,,,,,,,,,,,,,,,,,,,,,,
Vijayanagara,B0052 hagaribommanahalli,C0956 kogali,651 ambali,417,48.9,26.88,651,15.0,85.0,7.88,6.0,5.0,83.33,16.67,100.0,585.0,535.0,28.0,19.11,35.71,85.71,100.0,100.0,40.0,100.0,20.0,20.0,100.0,80.0,80.0,100.0,0.0,1.0,5.4,0.6,3.8,3.2,243.67,107.0
Vijayanagara,B0052 hagaribommanahalli,"C1002 kottur, lbs badavane",2907 hyalya,126,39.13,27.47,2907,5.0,80.0,3.44,,,,,,,,,,,,,,,,,,,,,,,,,,,,,
Vijayanagara,B0052 hagaribommanahalli,C1140 marabbihal,4282 marabbihal,414,50.34,24.13,4282,20.0,80.0,-2.88,,,,,,,,,,,,,,,,,,,,,,,,,,,,,
Vijayanagara,B0052 hagaribommanahalli,C1196 morigeri,4474 morigeri,523,33.76,27.56,4474,5.0,75.0,-0.04,,,,,,,,,,,,,,,,,,,,,,,,,,,,,
Vijayanagara,B0052 hagaribommanahalli,C1196 morigeri,6581 sonna,471,55.97,27.13,6581,15.0,90.0,-1.39,4.0,4.0,100.0,0.0,100.0,1032.0,1032.0,26.0,39.69,53.85,69.23,100.0,100.0,100.0,100.0,0.0,0.0,100.0,75.0,100.0,75.0,50.0,1.5,5.5,0.0,5.0,3.5,237.0,258.0
Vijayanagara,B0052 hagaribommanahalli,C1275 nandipura,1040 bannigola,226,41.5,24.05,1040,10.0,70.0,3.27,7.0,6.0,85.71,14.29,100.0,1083.0,1018.0,34.0,29.94,20.59,64.71,83.33,100.0,66.67,100.0,16.67,16.67,100.0,100.0,66.67,100.0,33.33,1.0,6.33,0.17,7.33,4.67,239.0,169.7
Vijayanagara,B0052 hagaribommanahalli,C1590 thambra halli,1040 bannigola,122,58.16,20.88,1040,25.5,80.0,-3.03,7.0,6.0,85.71,14.29,100.0,1083.0,1018.0,34.0,29.94,20.59,64.71,83.33,100.0,66.67,100.0,16.67,16.67,100.0,100.0,66.67,100.0,33.33,1.0,6.33,0.17,7.33,4.67,239.0,169.7
Vijayanagara,B0052 hagaribommanahalli,C1590 thambra halli,4589 muthkur,401,38.28,26.97,4589,0.0,75.0,-1.95,,,,,,,,,,,,,,,,,,,,,,,,,,,,,
Vijayanagara,B0052 hagaribommanahalli,C1590 thambra halli,5685 thambrahalli,434,47.22,27.16,5685,10.0,85.0,7.41,,,,,,,,,,,,,,,,,,,,,,,,,,,,,
Vijayanagara,B0055 harapanahalli,C0086 arasikere,2792 hosakote,254,37.54,28.38,2792,0.0,78.5,5.05,5.0,5.0,100.0,0.0,100.0,340.0,340.0,16.0,21.25,31.25,62.5,100.0,100.0,20.0,100.0,20.0,0.0,100.0,80.0,80.0,100.0,0.0,1.2,4.0,0.4,11.0,5.0,240.0,68.0
Vijayanagara,B0055 harapanahalli,C0086 arasikere,5755 thouduru,453,41.84,28.06,5755,5.0,80.0,-3.66,12.0,11.0,91.67,8.33,100.0,966.0,888.0,36.0,24.67,22.22,50.0,100.0,100.0,36.36,100.0,18.18,0.0,100.0,54.55,90.91,100.0,9.09,1.09,3.73,0.18,6.09,5.55,236.29,80.7
Vijayanagara,B0055 harapanahalli,C0086 arasikere,780 arasikere,447,40.17,27.94,780,5.0,80.0,7.32,,,,,,,,,,,,,,,,,,,,,,,,,,,,,
Vijayanagara,B0055 harapanahalli,C0122 bagali,3755 koolahalli,366,33.27,26.27,3755,5.0,72.5,-3.59,6.0,6.0,100.0,0.0,100.0,679.0,679.0,29.0,23.41,48.28,62.07,83.33,100.0,33.33,100.0,33.33,0.0,100.0,16.67,83.33,100.0,0.0,1.17,4.17,0.0,3.33,4.0,237.33,113.2
Vijayanagara,B0055 harapanahalli,C0122 bagali,4714 nandibevooru,339,35.1,26.66,4714,0.0,75.0,-0.04,,,,,,,,,,,,,,,,,,,,,,,,,,,,,
Vijayanagara,B0055 harapanahalli,C0122 bagali,6329 bagali,389,36.76,26.29,6329,5.0,75.0,3.67,,,,,,,,,,,,,,,,,,,,,,,,,,,,,
Vijayanagara,B0055 harapanahalli,C0211 bennehalli,1226 bennehalli,620,40.39,27.72,1226,5.0,80.0,-4.01,13.0,12.0,92.31,7.69,100.0,814.0,785.0,36.0,21.81,52.78,47.22,100.0,91.67,83.33,100.0,0.0,8.33,91.67,66.67,100.0,91.67,0.0,1.17,3.5,1.33,9.17,5.58,166.11,65.4
Vijayanagara,B0055 harapanahalli,C0211 bennehalli,521 adavihalli,569,39.94,27.06,521,5.0,75.0,-0.25,8.0,6.0,75.0,25.0,100.0,2284.0,821.0,29.0,28.31,65.52,68.97,100.0,100.0,66.67,100.0,0.0,0.0,100.0,50.0,100.0,83.33,16.67,1.0,4.33,0.17,4.5,7.0,236.0,136.8
Vijayanagara,B0055 harapanahalli,C0307 chatnihalli,1523 chatnihalli,537,41.19,29.08,1523,5.0,80.0,4.09,11.0,11.0,100.0,0.0,100.0,688.0,688.0,33.0,20.85,33.33,51.52,100.0,90.91,45.45,90.91,9.09,0.0,90.91,54.55,72.73,100.0,0.0,1.73,3.09,0.91,16.45,2.91,235.75,62.5
Vijayanagara,B0055 harapanahalli,C0307 chatnihalli,5849 uchchangidurga,249,37.85,28.56,5849,5.0,80.0,-0.33,,,,,,,,,,,,,,,,,,,,,,,,,,,,,
Vijayanagara,B0055 harapanahalli,C0321 chigateri,1554 chigateri,395,39.99,27.02,1554,7.0,80.0,2.76,4.0,3.0,75.0,25.0,100.0,722.0,714.0,22.0,32.45,45.45,77.27,100.0,100.0,66.67,66.67,33.33,0.0,66.67,100.0,100.0,100.0,50.0,2.0,10.0,1.0,10.0,7.33,230.0,238.0
Vijayanagara,B0055 harapanahalli,C0321 chigateri,4128 maiduru,577,41.01,26.09,4128,10.0,80.0,1.93,,,,,,,,,,,,,,,,,,,,,,,,,,,,,
Vijayanagara,B0055 harapanahalli,C0321 chigateri,4714 nandibevooru,103,57.57,25.41,4714,20.0,90.0,6.71,,,,,,,,,,,,,,,,,,,,,,,,,,,,,
Vijayanagara,B0055 harapanahalli,C0358 chirasthahalli,1656 chirasthahalli,402,43.93,26.26,1656,10.0,80.0,-1.64,5.0,5.0,100.0,0.0,100.0,526.0,526.0,20.0,26.3,20.0,65.0,100.0,100.0,60.0,60.0,0.0,0.0,40.0,60.0,60.0,100.0,20.0,1.0,5.2,0.2,1.6,1.6,244.67,105.2
Vijayanagara,B0055 harapanahalli,C0358 chirasthahalli,4779 neelagunda,348,31.82,25.67,4779,5.0,75.0,-2.89,13.0,12.0,92.31,7.69,100.0,1638.0,1595.0,53.0,30.09,32.08,77.36,91.67,100.0,41.67,91.67,33.33,33.33,83.33,83.33,91.67,83.33,10.0,3.08,4.67,1.25,8.0,2.83,237.88,132.9
Vijayanagara,B0055 harapanahalli,C0358 chirasthahalli,4873 nittooru,289,41.54,25.92,4873,10.0,80.0,-3.73,,,,,,,,,,,,,,,,,,,,,,,,,,,,,
Vijayanagara,B0055 harapanahalli,C0519 goverahalli,2474 harkanalu,395,40.3,27.69,2474,5.0,80.0,-3.86,,,,,,,,,,,,,,,,,,,,,,,,,,,,,
Vijayanagara,B0055 harapanahalli,C0519 goverahalli,5736 thogarikatte,389,34.96,26.9,5736,0.0,70.0,1.26,,,,,,,,,,,,,,,,,,,,,,,,,,,,,
Vijayanagara,B0055 harapanahalli,C0541 gundagaththi,2239 gundagarthi,357,40.77,25.9,2239,10.0,75.0,-3.38,,,,,,,,,,,,,,,,,,,,,,,,,,,,,
Vijayanagara,B0055 harapanahalli,C0541 gundagaththi,6050 yadihalli,505,46.1,27.78,6050,10.0,85.0,2.52,8.0,8.0,100.0,0.0,100.0,658.0,658.0,25.0,26.32,52.0,84.0,100.0,62.5,50.0,87.5,25.0,0.0,75.0,25.0,100.0,100.0,0.0,1.12,3.38,0.25,8.12,8.0,242.12,82.2
Vijayanagara,B0055 harapanahalli,C0585 haluvagilu,2370 haluvagalu,385,43.49,27.42,2370,10.0,80.0,1.96,,,,,,,,,,,,,,,,,,,,,,,,,,,,,
Vijayanagara,B0055 harapanahalli,C0585 haluvagilu,3174 kadathi,252,46.94,26.73,3174,10.0,80.0,5.97,7.0,7.0,100.0,0.0,100.0,441.0,441.0,16.0,27.56,31.25,56.25,100.0,100.0,42.86,100.0,14.29,0.0,100.0,71.43,85.71,100.0,0.0,1.14,2.71,1.0,7.71,4.29,237.2,63.0
Vijayanagara,B0055 harapanahalli,C0585 haluvagilu,4873 nittooru,109,55.46,24.33,4873,20.0,85.0,-4.11,,,,,,,,,,,,,,,,,,,,,,,,,,,,,
Vijayanagara,B0055 harapanahalli,C0663 hiremegalagere,2666 hiremegalagere,424,43.44,28.94,2666,5.0,85.0,2.28,,,,,,,,,,,,,,,,,,,,,,,,,,,,,
Vijayanagara,B0055 harapanahalli,C0663 hiremegalagere,4002 lakshmipura,310,35.97,25.0,4002,5.0,70.0,4.04,8.0,8.0,100.0,0.0,100.0,552.0,552.0,28.0,19.71,46.43,64.29,100.0,100.0,37.5,100.0,12.5,12.5,87.5,50.0,100.0,100.0,0.0,0.88,3.38,0.38,9.88,6.38,238.25,69.0
Vijayanagara,B0055 harapanahalli,C0820 kadabagere,3146 kadabagere,346,50.51,27.73,3146,10.0,85.0,-0.51,5.0,5.0,100.0,0.0,100.0,400.0,400.0,18.0,22.22,61.11,44.44,100.0,100.0,60.0,100.0,0.0,20.0,100.0,80.0,100.0,100.0,0.0,1.2,2.6,0.6,10.8,6.8,237.67,80.0
Vijayanagara,B0055 harapanahalli,C0820 kadabagere,4834 nichchavvanahalli,538,36.9,26.05,4834,5.0,75.0,3.49,,,,,,,,,,,,,,,,,,,,,,,,,,,,,
Vijayanagara,B0055 harapanahalli,C0869 kammathahalli,5019 punabhaghatta,409,38.44,27.28,5019,5.0,76.0,-2.38,,,,,,,,,,,,,,,,,,,,,,,,,,,,,
Vijayanagara,B0055 harapanahalli,C0882 kanchikere,3355 kanchikere,432,35.13,26.1,3355,5.0,75.0,0.11,,,,,,,,,,,,,,,,,,,,,,,,,,,,,
Vijayanagara,B0055 harapanahalli,C0882 kanchikere,5755 thouduru,194,40.72,26.23,5755,10.0,80.0,-1.04,12.0,11.0,91.67,8.33,100.0,966.0,888.0,36.0,24.67,22.22,50.0,100.0,100.0,36.36,100.0,18.18,0.0,100.0,54.55,90.91,100.0,9.09,1.09,3.73,0.18,6.09,5.55,236.29,80.7
Vijayanagara,B0055 harapanahalli,C1028 kunchuru,2370 haluvagalu,154,54.09,26.24,2370,15.0,85.0,-6.38,,,,,,,,,,,,,,,,,,,,,,,,,,,,,
Vijayanagara,B0055 harapanahalli,C1028 kunchuru,3884 kunchooru,550,37.8,28.38,3884,5.0,80.0,5.18,,,,,,,,,,,,,,,,,,,,,,,,,,,,,
Vijayanagara,B0055 harapanahalli,C1080 madalagere,3755 koolahalli,143,64.62,23.84,3755,30.0,90.0,3.28,6.0,6.0,100.0,0.0,100.0,679.0,679.0,29.0,23.41,48.28,62.07,83.33,100.0,33.33,100.0,33.33,0.0,100.0,16.67,83.33,100.0,0.0,1.17,4.17,0.0,3.33,4.0,237.33,113.2
Vijayanagara,B0055 harapanahalli,C1080 madalagere,4063 madalagere,341,36.74,27.85,4063,5.0,75.0,1.21,,,,,,,,,,,,,,,,,,,,,,,,,,,,,
Vijayanagara,B0055 harapanahalli,C1089 madihalli,2792 hosakote,140,56.25,26.96,2792,19.5,90.0,2.68,5.0,5.0,100.0,0.0,100.0,340.0,340.0,16.0,21.25,31.25,62.5,100.0,100.0,20.0,100.0,20.0,0.0,100.0,80.0,80.0,100.0,0.0,1.2,4.0,0.4,11.0,5.0,240.0,68.0
Vijayanagara,B0055 harapanahalli,C1089 madihalli,683 anajigere,449,44.41,29.81,683,5.0,85.0,5.58,10.0,9.0,90.0,10.0,100.0,1101.0,674.0,40.0,16.85,30.0,60.0,100.0,100.0,33.33,100.0,66.67,11.11,88.89,22.22,66.67,77.78,0.0,1.11,4.11,2.89,6.22,3.78,236.0,74.9
Vijayanagara,B0055 harapanahalli,C1164 mathihalli,4365 maththihalli,312,43.86,26.28,4365,10.0,80.0,4.02,,,,,,,,,,,,,,,,,,,,,,,,,,,,,
Vijayanagara,B0055 harapanahalli,C1164 mathihalli,5256 sasvehalli,287,41.57,27.04,5256,5.0,75.0,5.24,,,,,,,,,,,,,,,,,,,,,,,,,,,,,
Vijayanagara,B0055 harapanahalli,C1296 neelagunda,3124 k.kallahalli,534,42.05,26.89,3124,5.0,80.0,-4.67,8.0,8.0,100.0,0.0,100.0,654.0,654.0,27.0,24.22,18.52,51.85,100.0,100.0,25.0,100.0,0.0,0.0,100.0,100.0,87.5,100.0,0.0,1.0,2.12,0.12,8.38,6.5,172.57,81.8
Vijayanagara,B0055 harapanahalli,C1296 neelagunda,4779 neelagunda,149,43.76,29.2,4779,5.0,81.0,7.24,13.0,12.0,92.31,7.69,100.0,1638.0,1595.0,53.0,30.09,32.08,77.36,91.67,100.0,41.67,91.67,33.33,33.33,83.33,83.33,91.67,83.33,10.0,3.08,4.67,1.25,8.0,2.83,237.88,132.9
Vijayanagara,B0055 harapanahalli,C1458 sasvehalli,5256 sasvehalli,126,40.87,22.27,5256,12.5,75.0,6.58,,,,,,,,,,,,,,,,,,,,,,,,,,,,,
Vijayanagara,B0055 harapanahalli,C1507 singrihalli,4002 lakshmipura,171,47.51,24.64,4002,15.0,80.0,3.62,8.0,8.0,100.0,0.0,100.0,552.0,552.0,28.0,19.71,46.43,64.29,100.0,100.0,37.5,100.0,12.5,12.5,87.5,50.0,100.0,100.0,0.0,0.88,3.38,0.38,9.88,6.38,238.25,69.0
Vijayanagara,B0055 harapanahalli,C1507 singrihalli,5042 ragimasalavada,240,42.02,29.1,5042,5.0,85.0,4.51,,,,,,,,,,,,,,,,,,,,,,,,,,,,,
Vijayanagara,B0055 harapanahalli,C1507 singrihalli,5430 singrihalli,412,34.81,25.02,5430,5.0,70.0,5.0,,,,,,,,,,,,,,,,,,,,,,,,,,,,,
Vijayanagara,B0055 harapanahalli,C1598 theligi,1959 duggavathi,350,45.13,25.01,1959,10.0,80.0,-0.7,2.0,1.0,50.0,50.0,100.0,480.0,419.0,9.0,46.56,66.67,100.0,100.0,100.0,100.0,100.0,100.0,0.0,100.0,0.0,100.0,100.0,100.0,1.0,9.0,0.0,0.0,10.0,230.0,419.0
Vijayanagara,B0055 harapanahalli,C1598 theligi,3174 kadathi,147,52.35,26.89,3174,15.0,85.0,-6.57,7.0,7.0,100.0,0.0,100.0,441.0,441.0,16.0,27.56,31.25,56.25,100.0,100.0,42.86,100.0,14.29,0.0,100.0,71.43,85.71,100.0,0.0,1.14,2.71,1.0,7.71,4.29,237.2,63.0
Vijayanagara,B0055 harapanahalli,C1598 theligi,3355 kanchikere,152,44.05,29.31,3355,5.0,85.0,1.18,,,,,,,,,,,,,,,,,,,,,,,,,,,,,
Vijayanagara,B0055 harapanahalli,C1598 theligi,5042 ragimasalavada,127,51.06,29.1,5042,10.0,85.0,9.74,,,,,,,,,,,,,,,,,,,,,,,,,,,,,
Vijayanagara,B0055 harapanahalli,C1598 theligi,5661 teligi,431,48.09,28.18,5661,10.0,85.0,2.58,7.0,6.0,85.71,14.29,100.0,715.0,624.0,27.0,23.11,74.07,77.78,100.0,100.0,66.67,100.0,33.33,16.67,66.67,66.67,83.33,83.33,0.0,1.67,4.5,2.33,5.5,5.83,239.33,104.0
Vijayanagara,B0055 harapanahalli,C1629 uchchangidurga,5849 uchchangidurga,476,39.95,26.62,5849,5.0,80.0,-5.78,,,,,,,,,,,,,,,,,,,,,,,,,,,,,
Vijayanagara,B0065 hosapete,"C0001 15th ward, hospet",3269 kallahallli,347,27.52,25.17,3269,0.0,70.0,5.46,,,,,,,,,,,,,,,,,,,,,,,,,,,,,
Vijayanagara,B0065 hosapete,"C0003 8th ward, kampli",4878 no.10muddapura,646,53.17,24.41,4878,15.0,80.0,5.04,,,,,,,,,,,,,,,,,,,,,,,,,,,,,
Vijayanagara,B0065 hosapete,"C0003 8th ward, kampli",5079 ramasagara,502,55.6,26.68,5079,15.0,85.0,-5.17,,,,,,,,,,,,,,,,,,,,,,,,,,,,,
Vijayanagara,B0065 hosapete,C0058 ananthasayana gudi,4671 nagenahalli,508,41.06,27.27,4671,5.0,80.0,4.86,,,,,,,,,,,,,,,,,,,,,,,,,,,,,
Vijayanagara,B0065 hosapete,C0344 chilakana hatti,1624 chilakanahatti,697,42.78,26.87,1624,5.0,80.0,0.43,,,,,,,,,,,,,,,,,,,,,,,,,,,,,
Vijayanagara,B0065 hosapete,C0384 deva samudra,1808 devasamudhra,543,36.45,28.25,1808,0.0,80.0,1.33,,,,,,,,,,,,,,,,,,,,,,,,,,,,,
Vijayanagara,B0065 hosapete,C0384 deva samudra,2373 hampadevanahalli,332,39.73,25.93,2373,5.0,75.0,0.87,,,,,,,,,,,,,,,,,,,,,,,,,,,,,
Vijayanagara,B0065 hosapete,C0465 g.nagalapura,1731 dananayakanakere,330,40.97,25.01,1731,10.0,75.0,2.47,,,,,,,,,,,,,,,,,,,,,,,,,,,,,
Vijayanagara,B0065 hosapete,C0465 g.nagalapura,4640 nagalapura,546,42.2,24.95,4640,10.0,80.0,0.43,,,,,,,,,,,,,,,,,,,,,,,,,,,,,
Vijayanagara,B0065 hosapete,C0602 hanumanahalli,1733 danapura,688,45.65,25.27,1733,10.0,80.0,-0.82,,,,,,,,,,,,,,,,,,,,,,,,,,,,,
Vijayanagara,B0065 hosapete,C0905 kariganur,4954 papinayakanahalli,290,44.07,24.85,4954,10.0,75.0,-3.64,,,,,,,,,,,,,,,,,,,,,,,,,,,,,
Vijayanagara,B0065 hosapete,C1101 malapana gudi,2378 hampi,344,35.57,24.89,2378,0.0,70.0,3.38,,,,,,,,,,,,,,,,,,,,,,,,,,,,,
Vijayanagara,B0065 hosapete,C1101 malapana gudi,4162 malapanagudi,325,42.03,25.11,4162,10.0,80.0,8.31,,,,,,,,,,,,,,,,,,,,,,,,,,,,,
Vijayanagara,B0065 hosapete,C1149 mariyammana halli,1731 dananayakanakere,115,72.87,19.22,1731,47.0,95.0,-3.24,,,,,,,,,,,,,,,,,,,,,,,,,,,,,
Vijayanagara,B0065 hosapete,C1184 metri,1774 devalapura,464,38.72,27.94,1774,5.0,80.0,8.91,,,,,,,,,,,,,,,,,,,,,,,,,,,,,
Vijayanagara,B0065 hosapete,C1184 metri,2373 hampadevanahalli,163,48.13,27.01,2373,5.0,80.0,-2.53,,,,,,,,,,,,,,,,,,,,,,,,,,,,,
Vijayanagara,B0065 hosapete,C1184 metri,4435 metri,342,40.96,27.39,4435,5.0,80.0,-4.16,,,,,,,,,,,,,,,,,,,,,,,,,,,,,
Vijayanagara,B0065 hosapete,C1348 papinayakana hall,1448 byluvaddigeri,305,52.03,24.66,1448,15.0,85.0,2.64,,,,,,,,,,,,,,,,,,,,,,,,,,,,,
Vijayanagara,B0065 hosapete,C1348 papinayakana hall,2017 gadiganuru,460,53.41,27.43,2017,15.0,90.0,2.34,,,,,,,,,,,,,,,,,,,,,,,,,,,,,
Vijayanagara,B0065 hosapete,"C1420 s.n.pet, kampli",5193 sanapura,448,33.09,24.53,5193,5.0,70.0,-0.38,,,,,,,,,,,,,,,,,,,,,,,,,,,,,
Vijayanagara,B0065 hosapete,C1538 suggenahalli,5517 suggenahalli,352,48.07,26.4,5517,10.0,80.0,3.55,,,,,,,,,,,,,,,,,,,,,,,,,,,,,
Vijayanagara,B0065 hosapete,C1556 t.c.kamalapura,1417 bukkasagara,457,29.76,25.75,1417,0.0,70.0,-0.92,,,,,,,,,,,,,,,,,,,,,,,,,,,,,
Vijayanagara,B0065 hosapete,"C1698 vinobha,chithawadgi hpt",2807 hosuru,247,41.15,26.9,2807,5.0,80.0,3.37,,,,,,,,,,,,,,,,,,,,,,,,,,,,,
Vijayanagara,B0065 hosapete,C2570 s.s.kamalapura,213009344 seetharamtanda,163,55.49,20.34,213009344,30.0,80.0,3.74,,,,,,,,,,,,,,,,,,,,,,,,,,,,,
Vijayanagara,B0065 hosapete,C2570 s.s.kamalapura,4954 papinayakanahalli,189,61.59,26.39,4954,19.0,90.0,5.28,,,,,,,,,,,,,,,,,,,,,,,,,,,,,
Vijayanagara,B0084 kudligi,C0041 alur,2589 herekumbalakunte,134,47.16,28.08,2589,10.0,85.0,8.41,,,,,,,,,,,,,,,,,,,,,,,,,,,,,
Vijayanagara,B0084 kudligi,C0041 alur,634 aluru,318,58.69,28.27,634,15.0,95.0,2.8,,,,,,,,,,,,,,,,,,,,,,,,,,,,,
Vijayanagara,B0084 kudligi,C0297 chandrasekhara pura,1194 belligatti,520,32.62,25.36,1194,0.0,70.0,-1.67,,,,,,,,,,,,,,,,,,,,,,,,,,,,,
Vijayanagara,B0084 kudligi,C0297 chandrasekhara pura,6647 ramadurga,560,49.65,26.08,6647,15.0,85.0,1.0,11.0,10.0,90.91,9.09,100.0,1328.0,1224.0,26.0,47.08,30.77,73.08,80.0,90.0,40.0,100.0,0.0,20.0,70.0,90.0,70.0,100.0,40.0,1.0,3.0,0.6,5.1,2.5,125.0,122.4
Vijayanagara,B0084 kudligi,C0322 chikka jogi halli,2243 gundamunagu,304,37.29,24.81,2243,5.0,70.0,-2.88,,,,,,,,,,,,,,,,,,,,,,,,,,,,,
Vijayanagara,B0084 kudligi,C0322 chikka jogi halli,4135 makanadaku,276,36.03,27.02,4135,0.0,75.0,-2.39,11.0,10.0,90.91,9.09,100.0,1337.0,1266.0,56.0,22.61,32.14,64.29,90.0,100.0,50.0,80.0,10.0,20.0,80.0,100.0,80.0,100.0,11.11,1.6,5.9,0.3,1.6,2.8,245.5,126.6
Vijayanagara,B0084 kudligi,C0359 chirathagundu,1657 chirathagundu,352,29.52,28.38,1657,0.0,70.0,0.54,,,,,,,,,,,,,,,,,,,,,,,,,,,,,
Vijayanagara,B0084 kudligi,C0359 chirathagundu,2040 gandabommanahalli,295,34.88,26.09,2040,5.0,70.0,-6.07,1.0,1.0,100.0,0.0,100.0,71.0,71.0,2.0,35.5,0.0,100.0,100.0,100.0,0.0,100.0,0.0,100.0,100.0,100.0,100.0,100.0,0.0,1.0,4.0,0.0,0.0,0.0,,71.0
Vijayanagara,B0084 kudligi,C0360 chiribi,1658 chiribi,342,67.63,22.82,1658,35.0,90.0,-0.21,,,,,,,,,,,,,,,,,,,,,,,,,,,,,
Vijayanagara,B0084 kudligi,C0360 chiribi,5088 rampura,301,71.18,22.48,5088,35.0,95.0,4.28,5.0,4.0,80.0,20.0,100.0,632.0,438.0,14.0,31.29,35.71,50.0,100.0,75.0,50.0,100.0,25.0,0.0,100.0,75.0,75.0,100.0,0.0,1.0,6.5,0.0,0.0,0.0,,109.5
Vijayanagara,B0084 kudligi,C0360 chiribi,5522 suladahalli,373,42.51,27.96,5522,5.0,85.0,4.23,5.0,4.0,80.0,20.0,100.0,799.0,734.0,23.0,31.91,47.83,69.57,100.0,100.0,25.0,100.0,25.0,0.0,75.0,100.0,75.0,100.0,25.0,1.0,5.25,0.5,2.0,1.5,,183.5
Vijayanagara,B0084 kudligi,C0360 chiribi,913 badeladaku,436,40.19,26.61,913,5.0,80.0,-2.27,15.0,12.0,80.0,20.0,100.0,2025.0,1615.0,57.0,28.33,36.84,63.16,100.0,100.0,50.0,100.0,66.67,0.0,83.33,100.0,75.0,100.0,33.33,1.17,3.83,0.0,0.67,0.83,242.0,134.6
Vijayanagara,B0084 kudligi,C0367 chowdapura,1682 chowdapura,570,35.04,25.45,1682,0.0,70.0,-3.16,,,,,,,,,,,,,,,,,,,,,,,,,,,,,
Vijayanagara,B0084 kudligi,C0367 chowdapura,4471 moraba,355,28.49,26.17,4471,0.0,70.0,10.53,,,,,,,,,,,,,,,,,,,,,,,,,,,,,
Vijayanagara,B0084 kudligi,C0367 chowdapura,913 badeladaku,270,43.7,28.92,913,5.0,85.0,-4.38,15.0,12.0,80.0,20.0,100.0,2025.0,1615.0,57.0,28.33,36.84,63.16,100.0,100.0,50.0,100.0,66.67,0.0,83.33,100.0,75.0,100.0,33.33,1.17,3.83,0.0,0.67,0.83,242.0,134.6
Vijayanagara,B0084 kudligi,C0474 gajapura,3361 kandagallu,374,46.28,27.89,3361,10.0,85.0,3.24,5.0,4.0,80.0,20.0,100.0,806.0,771.0,25.0,30.84,28.0,72.0,100.0,75.0,25.0,75.0,50.0,25.0,75.0,50.0,75.0,75.0,0.0,2.25,5.5,0.25,2.5,2.5,236.0,192.8
Vijayanagara,B0084 kudligi,C0699 hosa halli,2589 herekumbalakunte,327,51.24,28.8,2589,10.0,90.0,11.42,,,,,,,,,,,,,,,,,,,,,,,,,,,,,
Vijayanagara,B0084 kudligi,C0699 hosa halli,2784 hosahalli,513,47.09,28.35,2784,5.0,85.0,1.9,17.0,12.0,70.59,29.41,100.0,2359.0,951.0,48.0,19.81,33.33,50.0,91.67,100.0,33.33,100.0,16.67,16.67,75.0,91.67,83.33,100.0,16.67,1.17,3.33,0.17,2.17,1.17,237.67,79.2
Vijayanagara,B0084 kudligi,C0711 hudem,2816 hudem,243,40.49,29.69,2816,5.0,85.0,1.64,10.0,8.0,80.0,20.0,100.0,1242.0,950.0,24.0,39.58,29.17,54.17,100.0,100.0,37.5,100.0,25.0,12.5,62.5,75.0,50.0,87.5,14.29,1.38,4.0,0.12,1.5,1.25,245.0,118.8
Vijayanagara,B0084 kudligi,C0711 hudem,3094 jummobanahalli,310,29.39,25.53,3094,0.0,70.0,-7.17,,,,,,,,,,,,,,,,,,,,,,,,,,,,,
Vijayanagara,B0084 kudligi,C0736 hurlihal,2040 gandabommanahalli,151,37.75,24.33,2040,5.0,75.0,1.79,1.0,1.0,100.0,0.0,100.0,71.0,71.0,2.0,35.5,0.0,100.0,100.0,100.0,0.0,100.0,0.0,100.0,100.0,100.0,100.0,100.0,0.0,1.0,4.0,0.0,0.0,0.0,,71.0
Vijayanagara,B0084 kudligi,C0736 hurlihal,2895 hurulihal,434,32.83,27.28,2895,0.0,75.0,1.35,,,,,,,,,,,,,,,,,,,,,,,,,,,,,
Vijayanagara,B0084 kudligi,C0768 jagatagere,3243 kalapura,198,43.86,24.84,3243,10.0,75.0,-7.62,11.0,9.0,81.82,18.18,100.0,1173.0,695.0,35.0,19.86,51.43,80.0,77.78,100.0,66.67,100.0,22.22,11.11,100.0,100.0,88.89,100.0,0.0,1.33,4.22,0.0,2.78,8.67,240.0,77.2
Vijayanagara,B0084 kudligi,C0812 k.iyana halli,3114 k.ayyenahalli,572,62.61,31.31,3114,15.0,100.0,3.51,,,,,,,,,,,,,,,,,,,,,,,,,,,,,
Vijayanagara,B0084 kudligi,"C1016 kudligi, for boys",3052 jarmali,275,38.8,25.15,3052,5.0,75.0,-0.08,,,,,,,,,,,,,,,,,,,,,,,,,,,,,
Vijayanagara,B0084 kudligi,"C1016 kudligi, for boys",3226 kakkuppi,338,38.76,26.72,3226,5.0,80.0,-0.28,,,,,,,,,,,,,,,,,,,,,,,,,,,,,
Vijayanagara,B0084 kudligi,"C1017 kudligi, for girls",2588 herehegdal,352,34.79,27.66,2588,0.0,75.0,0.54,,,,,,,,,,,,,,,,,,,,,,,,,,,,,
Vijayanagara,B0084 kudligi,"C1017 kudligi, for girls",5443 sivapura,467,26.94,24.23,5443,0.0,65.0,4.34,,,,,,,,,,,,,,,,,,,,,,,,,,,,,
Vijayanagara,B0084 kudligi,C1023 kulumehatti,5016 pujarahalli,278,42.86,25.59,5016,10.0,80.0,0.07,8.0,8.0,100.0,0.0,100.0,863.0,863.0,26.0,33.19,30.77,53.85,100.0,87.5,0.0,100.0,0.0,0.0,50.0,100.0,75.0,100.0,12.5,1.0,3.88,0.0,1.25,0.75,,107.9
Vijayanagara,B0084 kudligi,C1070 m.b. iyyana halli,1013 banavikallu,753,33.6,27.59,1013,0.0,75.0,10.24,11.0,9.0,81.82,18.18,100.0,1340.0,866.0,29.0,29.86,55.17,75.86,100.0,88.89,55.56,100.0,0.0,11.11,88.89,44.44,44.44,100.0,12.5,1.56,4.89,0.11,1.33,1.11,244.0,96.2
Vijayanagara,B0084 kudligi,C1070 m.b. iyyana halli,2449 harakabavi,449,40.13,27.09,2449,5.0,80.0,-4.1,,,,,,,,,,,,,,,,,,,,,,,,,,,,,
Vijayanagara,B0084 kudligi,C1094 mahadevapura,2201 gudekote,476,38.96,26.74,2201,5.0,80.0,2.97,14.0,11.0,78.57,21.43,100.0,1713.0,1421.0,39.0,36.44,33.33,76.92,100.0,90.91,27.27,100.0,9.09,0.0,63.64,81.82,63.64,81.82,20.0,1.64,4.55,0.64,4.09,2.18,239.0,129.2
Vijayanagara,B0084 kudligi,C1094 mahadevapura,749 appayyanahalli,397,37.03,28.64,749,0.0,80.0,6.29,,,,,,,,,,,,,,,,,,,,,,,,,,,,,
Vijayanagara,B0084 kudligi,C1254 nagaraja kottur,1965 dupadahalli,606,69.68,19.28,1965,45.0,90.0,2.85,5.0,5.0,100.0,0.0,100.0,752.0,752.0,29.0,25.93,27.59,68.97,100.0,100.0,80.0,100.0,0.0,0.0,100.0,100.0,80.0,100.0,20.0,0.8,5.6,0.4,3.6,1.6,239.0,150.4
Vijayanagara,B0084 kudligi,C1255 nagarakatte,4653 nagarakatte,403,51.79,27.13,4653,10.0,85.0,0.26,6.0,5.0,83.33,16.67,100.0,590.0,313.0,15.0,20.87,60.0,53.33,100.0,100.0,40.0,100.0,0.0,0.0,80.0,80.0,100.0,100.0,0.0,1.2,4.8,0.0,3.0,2.6,242.0,62.6
Vijayanagara,B0084 kudligi,C1255 nagarakatte,5757 thulahalli,397,38.82,28.1,5757,0.0,80.0,9.06,,,,,,,,,,,,,,,,,,,,,,,,,,,,,
Vijayanagara,B0084 kudligi,"C1639 ujjini, for girls",4862 nimbalagere,462,47.45,26.81,4862,10.0,85.0,5.14,,,,,,,,,,,,,,,,,,,,,,,,,,,,,
Vijayanagara,B0084 kudligi,"C1639 ujjini, for girls",5880 ujjini,525,40.32,27.01,5880,5.0,80.0,6.67,10.0,8.0,80.0,20.0,100.0,1230.0,992.0,34.0,29.18,41.18,64.71,87.5,100.0,37.5,100.0,12.5,0.0,87.5,87.5,75.0,87.5,0.0,1.38,4.75,0.0,2.5,2.25,236.0,124.0
Vijayapura,B0016 basavan bagewadi,C0756 itagi,2981 ittagi,256,57.13,27.61,2981,15.0,90.0,-4.03,,,,,,,,,,,,,,,,,,,,,,,,,,,,,
Vijayapura,B0016 basavan bagewadi,C0756 itagi,6667 hebbal,521,65.42,25.21,6667,30.0,95.0,9.3,4.0,3.0,75.0,25.0,100.0,568.0,442.0,15.0,29.47,53.33,80.0,100.0,100.0,33.33,66.67,0.0,0.0,100.0,100.0,66.67,66.67,0.0,1.33,4.33,0.67,4.0,0.0,240.0,147.3
Vijayapura,B0016 basavan bagewadi,C1240 muttagi,4270 mannur,290,74.02,23.83,4270,35.0,100.0,1.26,15.0,13.0,86.67,13.33,100.0,1365.0,1164.0,50.0,23.28,40.0,52.0,100.0,100.0,38.46,84.62,69.23,0.0,100.0,100.0,92.31,92.31,0.0,1.0,3.38,0.31,10.46,6.0,236.69,89.5
Vijayapura,B0016 basavan bagewadi,C1240 muttagi,4595 muttagi,164,62.93,26.44,4595,20.0,90.0,-0.43,9.0,8.0,88.89,11.11,100.0,1328.0,1148.0,36.0,31.89,58.33,25.0,100.0,100.0,62.5,87.5,75.0,12.5,75.0,87.5,100.0,75.0,12.5,1.0,5.0,0.5,12.12,8.0,239.25,143.5
Vijayapura,B0016 basavan bagewadi,C1281 narasalagi,4738 narasalagi,521,80.36,18.3,4738,55.0,100.0,-0.99,14.0,12.0,85.71,14.29,100.0,1419.0,1117.0,42.0,26.6,54.76,50.0,91.67,100.0,83.33,58.33,0.0,8.33,100.0,100.0,100.0,91.67,8.33,0.75,4.58,1.5,9.58,5.42,230.45,93.1
Vijayapura,B0016 basavan bagewadi,C1778 alamatti d s,1217 benal rc,329,61.0,30.02,1217,15.0,95.0,2.8,,,,,,,,,,,,,,,,,,,,,,,,,,,,,
Vijayapura,B0016 basavan bagewadi,C1778 alamatti d s,600 alamatti,216,77.04,18.35,600,50.0,95.0,-3.53,13.0,9.0,69.23,30.77,100.0,2019.0,1211.0,58.0,20.88,25.86,60.34,88.89,100.0,100.0,100.0,22.22,22.22,88.89,66.67,88.89,55.56,12.5,1.67,6.44,0.44,5.78,3.44,234.0,134.6
Vijayapura,B0016 basavan bagewadi,C1951 chimmalagi,1632 chimmalagi,274,70.88,23.12,1632,45.0,95.0,1.42,6.0,5.0,83.33,16.67,100.0,643.0,603.0,25.0,24.12,44.0,72.0,80.0,100.0,80.0,80.0,20.0,0.0,80.0,100.0,80.0,80.0,0.0,1.0,5.8,0.8,9.6,6.8,239.0,120.6
Vijayapura,B0016 basavan bagewadi,C1951 chimmalagi,5399 siddanath rc,409,43.53,29.59,5399,5.0,80.0,-2.43,,,,,,,,,,,,,,,,,,,,,,,,,,,,,
Vijayapura,B0016 basavan bagewadi,C1951 chimmalagi,779 arashanagi,228,65.94,22.7,779,35.0,90.0,-1.91,5.0,4.0,80.0,20.0,100.0,800.0,538.0,15.0,35.87,26.67,40.0,100.0,100.0,50.0,100.0,25.0,0.0,75.0,100.0,75.0,100.0,0.0,1.0,3.75,2.25,9.25,5.0,157.0,134.5
Vijayapura,B0016 basavan bagewadi,C2011 donur,1945 donur,215,68.35,24.13,1945,32.0,95.0,1.43,8.0,7.0,87.5,12.5,100.0,1042.0,909.0,32.0,28.41,37.5,75.0,100.0,100.0,85.71,85.71,28.57,14.29,100.0,100.0,100.0,85.71,14.29,0.86,3.29,0.43,6.71,3.0,237.4,129.9
Vijayapura,B0016 basavan bagewadi,C2011 donur,4288 marakabinnal,197,72.06,29.79,4288,21.0,100.0,2.1,,,,,,,,,,,,,,,,,,,,,,,,,,,,,
Vijayapura,B0016 basavan bagewadi,C2062 h hipparagi,2276 h. hipparagi,281,78.93,16.9,2276,55.0,100.0,8.24,16.0,7.0,43.75,56.25,100.0,2642.0,1497.0,39.0,38.38,46.15,74.36,100.0,100.0,85.71,85.71,57.14,28.57,57.14,85.71,85.71,85.71,16.67,0.86,6.86,0.57,2.71,2.14,235.0,213.9
Vijayapura,B0016 basavan bagewadi,C2062 h hipparagi,2890 hunysal p b,432,84.42,15.97,2890,60.0,100.0,-0.49,,,,,,,,,,,,,,,,,,,,,,,,,,,,,
Vijayapura,B0016 basavan bagewadi,C2182 huvina hipparagi,1434 byakod,340,84.85,14.13,1434,65.0,100.0,4.08,5.0,5.0,100.0,0.0,100.0,614.0,614.0,22.0,27.91,40.91,45.45,100.0,100.0,100.0,100.0,0.0,20.0,100.0,80.0,80.0,80.0,0.0,1.0,5.4,0.8,5.4,3.0,231.0,122.8
Vijayapura,B0016 basavan bagewadi,C2195 ingaleshwar,2955 ingaleswar,128,81.56,14.92,2955,63.5,100.0,-4.27,,,,,,,,,,,,,,,,,,,,,,,,,,,,,
Vijayapura,B0016 basavan bagewadi,C2195 ingaleshwar,4348 masibinal,309,37.98,24.77,4348,5.0,75.0,-3.14,,,,,,,,,,,,,,,,,,,,,,,,,,,,,
Vijayapura,B0016 basavan bagewadi,C2205 jayawadagi,3339 kanakal,368,66.01,27.67,3339,25.0,95.0,4.91,7.0,6.0,85.71,14.29,100.0,912.0,567.0,23.0,24.65,30.43,52.17,100.0,100.0,50.0,100.0,16.67,16.67,83.33,83.33,83.33,66.67,0.0,0.83,4.83,0.5,4.83,3.83,234.0,94.5
Vijayapura,B0016 basavan bagewadi,C2400 managuli urdu,4548 mulwad,473,35.48,25.48,4548,5.0,75.0,-3.91,,,,,,,,,,,,,,,,,,,,,,,,,,,,,
Vijayapura,B0016 basavan bagewadi,C2451 mulawad,5616 talewad,227,64.87,30.23,5616,15.0,97.0,13.92,6.0,5.0,83.33,16.67,100.0,1679.0,1332.0,42.0,31.71,26.19,64.29,100.0,100.0,80.0,80.0,20.0,20.0,100.0,60.0,100.0,100.0,0.0,1.0,6.0,0.6,7.4,7.0,241.5,266.4
Vijayapura,B0016 basavan bagewadi,C2564 ronihal,4152 malaghan,422,41.03,27.01,4152,5.0,80.0,2.3,6.0,4.0,66.67,33.33,100.0,954.0,657.0,24.0,27.38,29.17,79.17,100.0,100.0,50.0,100.0,25.0,0.0,100.0,75.0,75.0,100.0,0.0,0.5,4.75,0.25,2.75,2.25,238.0,164.2
Vijayapura,B0016 basavan bagewadi,C2564 ronihal,5125 ronihal,415,45.23,24.91,5125,10.0,80.0,5.66,12.0,8.0,66.67,33.33,100.0,1592.0,985.0,39.0,25.26,35.9,71.79,100.0,100.0,62.5,100.0,0.0,12.5,100.0,62.5,50.0,87.5,0.0,0.88,5.12,0.38,2.25,1.12,237.0,123.1
Vijayapura,B0016 basavan bagewadi,C2671 telagi,4356 masuti,268,60.19,17.86,4356,40.0,85.0,-2.87,7.0,6.0,85.71,14.29,100.0,989.0,650.0,22.0,29.55,45.45,54.55,100.0,100.0,66.67,100.0,16.67,16.67,100.0,100.0,33.33,100.0,0.0,1.33,4.33,1.33,7.0,4.5,1.0,108.3
Vijayapura,B0016 basavan bagewadi,C2671 telagi,5658 telagi,297,60.52,21.23,5658,30.0,85.0,0.68,6.0,5.0,83.33,16.67,100.0,625.0,577.0,24.0,24.04,54.17,54.17,100.0,100.0,80.0,100.0,0.0,0.0,80.0,100.0,80.0,80.0,20.0,0.8,4.0,0.8,7.6,5.2,232.33,115.4
Vijayapura,B0016 basavan bagewadi,C2745 wadawadagi,5254 sasasnur,427,83.51,14.79,5254,65.0,100.0,2.82,,,,,,,,,,,,,,,,,,,,,,,,,,,,,
Vijayapura,B0016 basavan bagewadi,C2745 wadawadagi,6012 wadawadagi,213,43.54,24.84,6012,10.0,80.0,2.12,,,,,,,,,,,,,,,,,,,,,,,,,,,,,
Vijayapura,B0016 basavan bagewadi,C2748 wandal,1362 biraladinni,274,60.04,24.36,1362,26.5,90.0,4.72,,,,,,,,,,,,,,,,,,,,,,,,,,,,,
Vijayapura,B0016 basavan bagewadi,C2748 wandal,6020 wandal,367,68.73,29.21,6020,20.0,100.0,-3.86,,,,,,,,,,,,,,,,,,,,,,,,,,,,,
Vijayapura,B0016 basavan bagewadi,C2760 yalawar,5264 sathihal,379,60.45,28.79,5264,15.0,95.0,-3.44,7.0,6.0,85.71,14.29,100.0,952.0,869.0,28.0,31.04,32.14,46.43,100.0,100.0,100.0,100.0,16.67,0.0,100.0,100.0,66.67,66.67,0.0,1.33,4.0,0.5,5.5,2.67,238.75,144.8
Vijayapura,B0016 basavan bagewadi,C2760 yalawar,6088 yalwar,263,68.12,19.11,6088,45.0,94.0,2.95,,,,,,,,,,,,,,,,,,,,,,,,,,,,,
Vijayapura,B0016 basavan bagewadi,C2785 basavana bagewadi urdu,2955 ingaleswar,217,72.37,20.48,2955,45.0,100.0,7.27,,,,,,,,,,,,,,,,,,,,,,,,,,,,,
Vijayapura,B0016 basavan bagewadi,C2825 golasangi,2120 golasangi,106,69.48,20.31,2120,40.0,95.0,2.12,9.0,5.0,55.56,44.44,100.0,1207.0,731.0,29.0,25.21,68.97,58.62,100.0,100.0,80.0,100.0,40.0,0.0,100.0,100.0,100.0,80.0,0.0,0.8,5.2,0.6,9.8,5.8,238.33,146.2
Vijayapura,B0016 basavan bagewadi,C2825 golasangi,3824 kudagi,150,33.47,24.0,3824,5.0,65.5,-7.83,8.0,5.0,62.5,37.5,100.0,1798.0,931.0,32.0,29.09,62.5,43.75,100.0,100.0,80.0,80.0,0.0,0.0,80.0,80.0,40.0,80.0,20.0,1.2,5.2,0.4,4.0,3.2,220.0,186.2
Vijayapura,B0016 basavan bagewadi,C2825 golasangi,4595 muttagi,179,69.75,21.79,4595,40.0,100.0,7.56,9.0,8.0,88.89,11.11,100.0,1328.0,1148.0,36.0,31.89,58.33,25.0,100.0,100.0,62.5,87.5,75.0,12.5,75.0,87.5,100.0,75.0,12.5,1.0,5.0,0.5,12.12,8.0,239.25,143.5
Vijayapura,B0016 basavan bagewadi,C2860 k salawadagi,1851 dindwar,176,55.99,24.19,1851,25.0,90.0,0.54,,,,,,,,,,,,,,,,,,,,,,,,,,,,,
Vijayapura,B0016 basavan bagewadi,C2860 k salawadagi,3109 k salawadagi,107,73.04,17.63,3109,50.0,95.0,5.38,8.0,5.0,62.5,37.5,100.0,1284.0,826.0,26.0,31.77,30.77,57.69,100.0,100.0,80.0,100.0,0.0,20.0,100.0,60.0,40.0,80.0,0.0,1.0,6.4,6.8,9.6,3.6,234.5,165.2
Vijayapura,B0016 basavan bagewadi,C2875 kolhar,2390 hanamapur,240,45.29,28.0,2390,5.0,80.0,2.47,6.0,5.0,83.33,16.67,100.0,1192.0,809.0,26.0,31.12,30.77,53.85,100.0,100.0,80.0,40.0,40.0,0.0,100.0,80.0,100.0,100.0,0.0,0.8,4.4,3.0,5.2,6.4,241.33,161.8
Vijayapura,B0016 basavan bagewadi,C2886 managuli no. 2,5883 ukkali,268,74.72,18.64,5883,53.5,95.0,-0.64,8.0,5.0,62.5,37.5,100.0,1638.0,1115.0,42.0,26.55,47.62,64.29,100.0,100.0,100.0,100.0,20.0,80.0,100.0,80.0,100.0,80.0,0.0,1.2,5.6,0.4,3.6,1.6,,223.0
Vijayapura,B0016 basavan bagewadi,C2887 managuli,6117 yarnal,294,60.73,30.18,6117,10.0,95.0,7.87,,,,,,,,,,,,,,,,,,,,,,,,,,,,,
Vijayapura,B0025 chadachan,C1321 nivaragi,213009168 umaraja,307,50.99,29.73,213009168,10.0,95.0,0.95,5.0,5.0,100.0,0.0,100.0,555.0,555.0,17.0,32.65,0.0,58.82,100.0,100.0,100.0,80.0,20.0,20.0,60.0,60.0,40.0,80.0,20.0,1.0,3.2,2.6,6.4,5.4,241.0,111.0
Vijayapura,B0025 chadachan,C1321 nivaragi,4877 nivaragi,437,53.2,33.44,4877,0.0,95.0,22.17,9.0,8.0,88.89,11.11,100.0,963.0,497.0,21.0,23.67,33.33,38.1,100.0,100.0,75.0,75.0,0.0,0.0,50.0,50.0,62.5,87.5,12.5,1.25,2.38,1.0,7.12,4.5,238.12,62.1
Vijayapura,B0025 chadachan,C1754 zalaki,985 ballolli,553,78.43,17.11,985,60.0,95.0,-3.58,12.0,7.0,58.33,41.67,100.0,1522.0,651.0,26.0,25.04,42.31,53.85,100.0,100.0,85.71,100.0,57.14,0.0,57.14,71.43,71.43,85.71,0.0,1.0,3.14,1.14,8.14,5.57,233.6,93.0
Vijayapura,B0025 chadachan,C1856 baradol,1057 baradol,449,74.43,20.74,1057,44.0,100.0,0.15,16.0,13.0,81.25,18.75,100.0,1508.0,1003.0,45.0,22.29,35.56,57.78,100.0,100.0,92.31,69.23,0.0,15.38,61.54,84.62,69.23,92.31,15.38,1.0,3.15,1.0,8.46,3.69,240.18,77.2
Vijayapura,B0025 chadachan,C1856 baradol,1791 devara nimbaragi,410,65.22,23.46,1791,30.0,90.5,0.11,,,,,,,,,,,,,,,,,,,,,,,,,,,,,
Vijayapura,B0025 chadachan,C1919 chadachan,5118 revatagoan,244,61.54,32.51,5118,15.0,100.0,-1.55,,,,,,,,,,,,,,,,,,,,,,,,,,,,,
Vijayapura,B0025 chadachan,C1920 chadachan(urdu),4031 loni bk,391,61.65,24.91,4031,25.0,95.0,1.45,12.0,8.0,66.67,33.33,100.0,1993.0,1473.0,44.0,33.48,18.18,36.36,87.5,100.0,87.5,62.5,0.0,0.0,75.0,100.0,100.0,100.0,12.5,1.0,4.25,0.75,5.12,3.62,232.0,184.1
Vijayapura,B0025 chadachan,C2073 halasangi,2329 halasangi,619,75.8,22.13,2329,40.0,100.0,2.53,13.0,8.0,61.54,38.46,100.0,2337.0,1153.0,35.0,32.94,31.43,37.14,100.0,100.0,100.0,75.0,25.0,12.5,62.5,87.5,50.0,87.5,0.0,1.0,3.62,0.88,6.5,4.25,237.0,144.1
Vijayapura,B0025 chadachan,C2073 halasangi,6688 hingani,120,53.0,26.24,6688,15.0,85.5,4.88,5.0,5.0,100.0,0.0,100.0,400.0,400.0,13.0,30.77,15.38,38.46,80.0,100.0,80.0,80.0,20.0,0.0,80.0,100.0,20.0,80.0,0.0,1.2,3.8,2.2,7.2,3.2,229.0,80.0
Vijayapura,B0025 chadachan,C2151 horti,1074 basanal,233,73.88,20.5,1074,41.0,95.0,3.46,14.0,13.0,92.86,7.14,100.0,1027.0,1003.0,44.0,22.8,36.36,59.09,92.31,100.0,100.0,69.23,15.38,0.0,30.77,92.31,84.62,92.31,0.0,1.0,2.85,0.92,5.46,3.08,214.17,77.2
Vijayapura,B0025 chadachan,C2151 horti,2772 horti,355,65.18,23.96,2772,35.0,95.0,10.65,17.0,11.0,64.71,35.29,100.0,3096.0,1614.0,44.0,36.68,38.64,72.73,72.73,100.0,90.91,54.55,54.55,18.18,90.91,90.91,90.91,81.82,0.0,1.09,4.36,0.73,6.36,3.64,239.71,146.7
Vijayapura,B0025 chadachan,C2190 inchageri,3714 koluragi,223,48.86,27.77,3714,10.0,85.0,0.53,6.0,6.0,100.0,0.0,100.0,616.0,616.0,26.0,23.69,42.31,46.15,100.0,100.0,100.0,100.0,0.0,0.0,66.67,66.67,50.0,83.33,0.0,1.0,4.33,2.17,6.33,2.67,232.0,102.7
Vijayapura,B0025 chadachan,C2483 nandaragi,4706 nandaragi,349,48.35,26.85,4706,10.0,85.0,-4.32,8.0,7.0,87.5,12.5,100.0,685.0,653.0,23.0,28.39,17.39,60.87,100.0,100.0,100.0,85.71,42.86,14.29,71.43,71.43,42.86,100.0,0.0,1.0,4.0,1.14,7.43,3.43,243.25,93.3
Vijayapura,B0025 chadachan,C2814 dhulakhed,1836 dhulakhed,334,81.2,16.15,1836,60.0,100.0,1.34,,,,,,,,,,,,,,,,,,,,,,,,,,,,,
Vijayapura,B0025 chadachan,C2832 hadalasang,2289 hadalasang,97,55.15,27.91,2289,18.0,90.0,3.62,10.0,9.0,90.0,10.0,100.0,875.0,809.0,30.0,26.97,30.0,56.67,55.56,100.0,100.0,66.67,0.0,0.0,77.78,88.89,33.33,100.0,0.0,1.22,3.44,1.0,6.44,5.0,238.17,89.9
Vijayapura,B0025 chadachan,C2842 hattalli,2509 hattalli,320,88.89,10.16,2509,75.0,100.0,0.93,9.0,8.0,88.89,11.11,100.0,1289.0,929.0,32.0,29.03,34.38,37.5,100.0,100.0,87.5,62.5,37.5,12.5,100.0,87.5,75.0,87.5,0.0,1.0,3.88,1.88,6.25,4.38,240.0,116.1
Vijayapura,B0025 chadachan,C2842 hattalli,5899 umarani,282,75.98,18.97,5899,45.0,95.0,4.01,11.0,10.0,90.91,9.09,100.0,1428.0,1255.0,43.0,29.19,23.26,69.77,100.0,100.0,100.0,70.0,20.0,20.0,80.0,90.0,100.0,90.0,10.0,1.0,3.8,2.1,6.5,3.3,239.0,125.5
Vijayapura,B0025 chadachan,C2849 horti urdu,2940 inchageri,245,56.31,27.19,2940,12.0,85.0,-1.64,13.0,11.0,84.62,15.38,100.0,955.0,877.0,40.0,21.92,27.5,55.0,90.91,100.0,100.0,72.73,9.09,18.18,81.82,81.82,100.0,90.91,9.09,1.09,3.36,1.0,7.64,4.45,235.14,79.7
Vijayapura,B0025 chadachan,C2849 horti urdu,6158 zalaki,170,76.15,17.24,6158,55.0,95.0,-0.4,10.0,6.0,60.0,40.0,100.0,1280.0,735.0,35.0,21.0,37.14,65.71,83.33,100.0,100.0,100.0,16.67,0.0,83.33,66.67,66.67,66.67,0.0,1.17,4.0,2.5,6.67,3.83,239.5,122.5
Vijayapura,B0025 chadachan,C2859 jigajivanagi,3072 jigajivanagi,163,60.49,26.84,3072,20.0,95.0,2.62,,,,,,,,,,,,,,,,,,,,,,,,,,,,,
Vijayapura,B0070 indi,C0041 alur,213009402 alur,310,52.92,26.46,213009402,15.0,85.0,4.07,6.0,6.0,100.0,0.0,100.0,682.0,682.0,32.0,21.31,9.38,43.75,100.0,100.0,100.0,100.0,33.33,16.67,83.33,83.33,50.0,83.33,0.0,1.0,3.67,0.17,2.83,1.17,163.0,113.7
Vijayapura,B0070 indi,C0041 alur,6340 ingalagi,375,77.56,20.58,6340,50.0,95.0,2.89,9.0,8.0,88.89,11.11,100.0,742.0,728.0,31.0,23.48,29.03,35.48,100.0,100.0,100.0,87.5,25.0,0.0,87.5,87.5,87.5,75.0,0.0,1.12,3.25,0.25,1.88,1.88,163.0,91.0
Vijayapura,B0070 indi,C0068 anjutagi,718 anjutagi,429,59.31,28.2,718,15.0,90.0,-0.41,13.0,12.0,92.31,7.69,100.0,1227.0,1100.0,43.0,25.58,16.28,53.49,100.0,100.0,100.0,58.33,41.67,0.0,75.0,100.0,100.0,83.33,18.18,1.25,3.67,0.5,7.08,7.42,237.5,91.7
Vijayapura,B0070 indi,C0097 atharga,6461 benakanahalli,348,46.67,26.79,6461,10.0,85.0,8.61,,,,,,,,,,,,,,,,,,,,,,,,,,,,,
Vijayapura,B0070 indi,C0097 atharga,826 atharga,655,39.14,28.0,826,5.0,80.0,4.05,13.0,10.0,76.92,23.08,100.0,2045.0,1282.0,58.0,22.1,41.38,44.83,90.0,100.0,80.0,90.0,20.0,0.0,100.0,80.0,90.0,80.0,0.0,1.2,5.4,0.6,4.1,3.5,240.71,128.2
Vijayapura,B0070 indi,C1434 salotagi,3603 khyadagi,458,78.12,16.52,3603,55.0,95.0,0.47,6.0,5.0,83.33,16.67,100.0,1015.0,766.0,19.0,40.32,15.79,57.89,100.0,100.0,100.0,100.0,40.0,0.0,80.0,80.0,100.0,80.0,0.0,1.2,3.2,0.4,3.8,4.4,239.33,153.2
Vijayapura,B0070 indi,C1434 salotagi,5179 salutagi,665,57.31,29.08,5179,15.0,95.0,3.53,,,,,,,,,,,,,,,,,,,,,,,,,,,,,
Vijayapura,B0070 indi,C1765 agarakhed,213009630 gubbewad,270,66.98,25.01,213009630,30.0,95.0,-2.26,,,,,,,,,,,,,,,,,,,,,,,,,,,,,
Vijayapura,B0070 indi,C1765 agarakhed,213009632 hingani,189,63.52,25.29,213009632,25.0,90.0,5.02,3.0,2.0,66.67,33.33,100.0,575.0,529.0,15.0,35.27,13.33,53.33,100.0,100.0,100.0,100.0,0.0,0.0,100.0,50.0,100.0,100.0,0.0,1.5,6.0,6.0,7.0,7.0,243.0,264.5
Vijayapura,B0070 indi,C1765 agarakhed,2182 gubbewad,189,67.35,23.95,2182,30.0,95.0,5.16,,,,,,,,,,,,,,,,,,,,,,,,,,,,,
Vijayapura,B0070 indi,C1765 agarakhed,4913 padanur,85,65.59,20.48,4913,37.0,90.0,12.93,5.0,4.0,80.0,20.0,100.0,618.0,481.0,14.0,34.36,14.29,35.71,100.0,100.0,100.0,100.0,25.0,0.0,100.0,50.0,100.0,75.0,25.0,1.0,3.75,0.5,7.0,2.75,240.0,120.2
Vijayapura,B0070 indi,C1765 agarakhed,541 agarkhed,437,62.83,30.5,541,15.0,100.0,-25.16,,,,,,,,,,,,,,,,,,,,,,,,,,,,,
Vijayapura,B0070 indi,C1939 chikkabevanur,1525 chavadihal,265,54.32,26.62,1525,15.0,90.0,-5.32,8.0,5.0,62.5,37.5,100.0,1502.0,428.0,20.0,21.4,15.0,70.0,100.0,100.0,100.0,100.0,60.0,0.0,100.0,100.0,100.0,80.0,0.0,1.0,3.4,0.6,5.8,3.0,236.67,85.6
Vijayapura,B0070 indi,C1939 chikkabevanur,1570 chikkabevanor,169,44.85,30.18,1570,5.0,85.0,11.95,,,,,,,,,,,,,,,,,,,,,,,,,,,,,
Vijayapura,B0070 indi,C1939 chikkabevanur,5204 sangogi,141,45.5,29.43,5204,10.0,90.0,-0.21,5.0,5.0,100.0,0.0,100.0,877.0,877.0,16.0,54.81,12.5,56.25,80.0,100.0,100.0,80.0,60.0,0.0,80.0,100.0,100.0,100.0,0.0,1.4,4.4,1.2,3.4,7.0,241.67,175.4
Vijayapura,B0070 indi,C1939 chikkabevanur,886 bablad,448,48.9,26.62,886,10.0,85.0,5.49,,,,,,,,,,,,,,,,,,,,,,,,,,,,,
Vijayapura,B0070 indi,C2124 hirebevanur,2623 hirebevanur,665,36.91,25.67,2623,5.0,75.0,-4.86,14.0,11.0,78.57,21.43,100.0,1677.0,820.0,37.0,22.16,24.32,40.54,100.0,90.91,90.91,81.82,18.18,0.0,72.73,81.82,90.91,81.82,0.0,1.0,3.27,2.55,5.09,3.91,238.8,74.5
Vijayapura,B0070 indi,C2137 hirerugi,2676 hirerugi,487,36.58,27.73,2676,5.0,80.0,11.83,,,,,,,,,,,,,,,,,,,,,,,,,,,,,
Vijayapura,B0070 indi,C2354 lachyan,3983 lachan,290,56.33,26.73,3983,15.0,90.0,2.6,,,,,,,,,,,,,,,,,,,,,,,,,,,,,
Vijayapura,B0070 indi,C2354 lachyan,558 ahirasang,443,59.53,30.34,558,15.0,95.0,2.99,8.0,7.0,87.5,12.5,100.0,786.0,742.0,25.0,29.68,32.0,52.0,100.0,100.0,100.0,85.71,14.29,14.29,85.71,71.43,71.43,85.71,0.0,1.14,3.0,0.71,4.29,3.43,236.33,106.0
Vijayapura,B0070 indi,C2357 lalasangi,4009 lalasang,387,30.57,26.97,4009,0.0,70.0,-0.39,,,,,,,,,,,,,,,,,,,,,,,,,,,,,
Vijayapura,B0070 indi,C2357 lalasangi,4445 miragi,402,41.94,28.51,4445,5.0,85.0,4.26,7.0,3.0,42.86,57.14,100.0,973.0,630.0,15.0,42.0,40.0,60.0,100.0,100.0,100.0,100.0,33.33,33.33,100.0,66.67,66.67,100.0,0.0,1.0,6.0,0.0,2.0,2.33,231.0,210.0
Vijayapura,B0070 indi,C2357 lalasangi,799 arjunagi b.k,291,43.85,29.02,799,5.0,80.0,3.93,12.0,10.0,83.33,16.67,100.0,1253.0,1152.0,36.0,32.0,16.67,41.67,100.0,100.0,90.0,90.0,30.0,0.0,90.0,80.0,90.0,70.0,10.0,1.0,2.9,1.2,5.5,5.1,239.57,115.2
Vijayapura,B0070 indi,C2469 nad kd,1525 chavadihal,136,62.28,22.45,1525,30.0,90.0,1.6,8.0,5.0,62.5,37.5,100.0,1502.0,428.0,20.0,21.4,15.0,70.0,100.0,100.0,100.0,100.0,60.0,0.0,100.0,100.0,100.0,80.0,0.0,1.0,3.4,0.6,5.8,3.0,236.67,85.6
Vijayapura,B0070 indi,C2469 nad kd,4625 nad kd,376,69.34,25.6,4625,30.0,100.0,4.71,,,,,,,,,,,,,,,,,,,,,,,,,,,,,
Vijayapura,B0070 indi,C2469 nad kd,5433 sirasyad,428,62.96,18.89,5433,45.0,90.0,9.09,,,,,,,,,,,,,,,,,,,,,,,,,,,,,
Vijayapura,B0070 indi,C2483 nandaragi,213009633 kapanimbaragi,191,55.6,25.66,213009633,20.0,90.0,8.32,2.0,2.0,100.0,0.0,100.0,161.0,161.0,6.0,26.83,0.0,50.0,100.0,100.0,50.0,100.0,50.0,0.0,100.0,100.0,100.0,100.0,0.0,1.0,3.5,1.0,8.5,6.5,238.5,80.5
Vijayapura,B0070 indi,C2674 tenihalli,4341 masali bk,243,46.15,27.05,4341,10.0,85.0,2.81,7.0,6.0,85.71,14.29,100.0,994.0,883.0,26.0,33.96,30.77,46.15,100.0,100.0,100.0,100.0,0.0,0.0,100.0,50.0,83.33,66.67,0.0,1.17,4.83,0.67,4.0,5.17,237.33,147.2
Vijayapura,B0070 indi,C2674 tenihalli,5666 tenihalla,416,41.23,27.82,5666,5.0,85.0,2.59,,,,,,,,,,,,,,,,,,,,,,,,,,,,,
Vijayapura,B0070 indi,C2788 bhatagunaki,1102 bathagunaki,231,66.28,20.45,1102,40.0,90.0,-11.55,,,,,,,,,,,,,,,,,,,,,,,,,,,,,
Vijayapura,B0070 indi,C2841 hanjagi,2424 hanjagi,237,42.28,30.05,2424,5.0,85.0,7.37,13.0,11.0,84.62,15.38,100.0,1454.0,1033.0,43.0,24.02,16.28,55.81,90.91,100.0,90.91,36.36,54.55,0.0,100.0,72.73,81.82,90.91,9.09,1.27,3.27,0.55,3.09,3.0,193.6,93.9
Vijayapura,B0070 indi,C2908 nimbal kd,4861 nimbal kd,113,43.41,27.69,4861,6.0,85.0,6.14,16.0,15.0,93.75,6.25,100.0,1386.0,1125.0,40.0,28.12,17.5,52.5,93.33,100.0,100.0,73.33,6.67,6.67,46.67,86.67,73.33,100.0,0.0,1.0,3.07,0.8,6.67,4.6,240.38,75.0
Vijayapura,B0070 indi,C2933 tadwalaga,5598 tadawalaga,329,65.21,27.16,5598,24.0,100.0,-4.22,,,,,,,,,,,,,,,,,,,,,,,,,,,,,
Vijayapura,B0070 indi,C2935 tamba,5629 tamba,302,50.13,27.1,5629,15.0,85.0,9.66,25.0,19.0,76.0,24.0,100.0,3310.0,2524.0,88.0,28.68,42.05,63.64,78.95,100.0,100.0,89.47,21.05,10.53,78.95,52.63,68.42,73.68,5.56,1.26,4.21,0.63,4.47,1.95,184.44,132.8
Vijayapura,B0125 sindagi,C0391 devar hipparagi i urdu,4547 mulsavalagi,121,55.0,28.4,4547,15.0,85.0,10.91,,,,,,,,,,,,,,,,,,,,,,,,,,,,,
Vijayapura,B0125 sindagi,C0674 hittinahalli,1622 chikrugi,262,37.42,28.83,1622,0.0,80.0,-0.91,,,,,,,,,,,,,,,,,,,,,,,,,,,,,
Vijayapura,B0125 sindagi,C0674 hittinahalli,2696 hittanalli,404,35.68,27.48,2696,5.0,75.0,-8.09,,,,,,,,,,,,,,,,,,,,,,,,,,,,,
Vijayapura,B0125 sindagi,C0842 kalakeri,2886 hunsyal,229,64.59,21.18,2886,39.0,90.0,1.7,,,,,,,,,,,,,,,,,,,,,,,,,,,,,
Vijayapura,B0125 sindagi,C0842 kalakeri,3262 kalkeri,364,78.28,20.38,3262,50.0,100.0,-2.86,,,,,,,,,,,,,,,,,,,,,,,,,,,,,
Vijayapura,B0125 sindagi,C0929 kerutagi,2408 handiganor,377,37.43,28.93,2408,0.0,80.0,10.33,,,,,,,,,,,,,,,,,,,,,,,,,,,,,
Vijayapura,B0125 sindagi,C0929 kerutagi,3564 kerutagi,382,54.44,28.0,3564,15.0,90.0,2.9,7.0,6.0,85.71,14.29,100.0,1204.0,1137.0,34.0,33.44,32.35,70.59,100.0,100.0,100.0,33.33,16.67,0.0,100.0,83.33,83.33,83.33,0.0,1.17,4.83,0.83,7.5,2.17,242.0,189.5
Vijayapura,B0125 sindagi,C0929 kerutagi,6249 korwar,281,43.58,27.97,6249,5.0,80.0,0.13,,,,,,,,,,,,,,,,,,,,,,,,,,,,,
Vijayapura,B0125 sindagi,C1221 mulasavalagi,1524 chattraki,219,37.21,24.78,1524,5.0,70.0,-0.4,,,,,,,,,,,,,,,,,,,,,,,,,,,,,
Vijayapura,B0125 sindagi,C1392 rampur pa,213009631 hikkanagutti,181,53.59,25.18,213009631,15.0,85.0,-3.69,5.0,4.0,80.0,20.0,100.0,1044.0,846.0,27.0,31.33,48.15,44.44,100.0,75.0,50.0,75.0,0.0,0.0,50.0,50.0,50.0,100.0,0.0,1.0,3.75,0.25,6.0,2.0,244.0,211.5
Vijayapura,B0125 sindagi,C1392 rampur pa,5086 rampur p a,309,60.52,25.52,5086,24.0,90.0,5.46,,,,,,,,,,,,,,,,,,,,,,,,,,,,,
Vijayapura,B0125 sindagi,C1814 aski,1137 bekinal,438,44.49,28.41,1137,5.0,85.0,-2.51,8.0,7.0,87.5,12.5,100.0,720.0,674.0,24.0,28.08,25.0,66.67,100.0,100.0,85.71,28.57,0.0,0.0,85.71,100.0,100.0,71.43,0.0,1.0,3.43,0.0,3.71,5.71,239.0,96.3
Vijayapura,B0125 sindagi,C1814 aski,816 aski,213,49.39,24.99,816,15.0,85.0,-1.7,9.0,4.0,44.44,55.56,100.0,779.0,628.0,22.0,28.55,45.45,72.73,75.0,100.0,100.0,75.0,0.0,0.0,100.0,50.0,75.0,50.0,0.0,0.75,5.0,0.0,3.5,2.75,239.0,157.0
Vijayapura,B0125 sindagi,C1835 balaganur,1493 chandkote,430,57.45,26.26,1493,15.0,90.0,-9.2,,,,,,,,,,,,,,,,,,,,,,,,,,,,,
Vijayapura,B0125 sindagi,C1835 balaganur,952 balaganur,283,63.71,23.89,952,30.0,95.0,4.39,8.0,6.0,75.0,25.0,100.0,1323.0,1177.0,38.0,30.97,34.21,71.05,100.0,100.0,100.0,66.67,16.67,16.67,66.67,83.33,50.0,83.33,0.0,1.17,5.0,0.0,6.83,5.83,239.5,196.2
Vijayapura,B0125 sindagi,C1982 devar hipparagi,1015 bandal,311,51.27,24.7,1015,15.0,80.0,0.38,16.0,11.0,68.75,31.25,100.0,2268.0,1641.0,52.0,31.56,44.23,44.23,90.91,100.0,90.91,54.55,9.09,0.0,90.91,81.82,72.73,72.73,0.0,1.0,4.0,0.45,6.82,4.18,238.4,149.2
Vijayapura,B0125 sindagi,C1982 devar hipparagi,2479 harnal,195,58.56,23.35,2479,30.0,90.0,0.86,,,,,,,,,,,,,,,,,,,,,,,,,,,,,
Vijayapura,B0125 sindagi,C1982 devar hipparagi,4547 mulsavalagi,333,44.05,25.56,4547,10.0,80.0,9.35,,,,,,,,,,,,,,,,,,,,,,,,,,,,,
Vijayapura,B0125 sindagi,C1983 devara navadagi,1387 bommanahalli,169,46.01,26.3,1387,10.0,80.0,-6.14,6.0,2.0,33.33,66.67,100.0,1164.0,833.0,21.0,39.67,9.52,80.95,100.0,50.0,50.0,100.0,50.0,0.0,100.0,50.0,0.0,100.0,0.0,2.0,10.0,0.5,9.0,4.0,220.0,416.5
Vijayapura,B0125 sindagi,C1983 devara navadagi,1807 devarnavadagi,365,48.66,26.81,1807,10.0,80.0,7.35,,,,,,,,,,,,,,,,,,,,,,,,,,,,,
Vijayapura,B0125 sindagi,C2147 honnalli,2748 honnalli,451,45.88,29.57,2748,5.0,85.0,2.59,7.0,6.0,85.71,14.29,100.0,843.0,623.0,17.0,36.65,5.88,52.94,50.0,100.0,83.33,33.33,33.33,0.0,66.67,100.0,66.67,100.0,16.67,1.5,1.67,0.33,9.0,1.83,236.8,103.8
Vijayapura,B0125 sindagi,C2222 kadani,3167 kadani,492,65.9,23.44,3167,30.0,90.0,-4.6,10.0,8.0,80.0,20.0,100.0,1057.0,837.0,29.0,28.86,17.24,51.72,75.0,100.0,87.5,87.5,37.5,25.0,87.5,75.0,62.5,75.0,0.0,1.0,4.75,1.5,5.12,5.75,236.0,104.6
Vijayapura,B0125 sindagi,C2235 kalakeri urdu,3564 kerutagi,293,62.56,25.41,3564,25.0,95.0,3.98,7.0,6.0,85.71,14.29,100.0,1204.0,1137.0,34.0,33.44,32.35,70.59,100.0,100.0,100.0,33.33,16.67,0.0,100.0,83.33,83.33,83.33,0.0,1.17,4.83,0.83,7.5,2.17,242.0,189.5
Vijayapura,B0125 sindagi,C2258 kannolli,6603 kannolli,219,48.36,26.72,6603,10.0,80.0,4.49,9.0,5.0,55.56,44.44,100.0,1364.0,469.0,18.0,26.06,44.44,50.0,60.0,100.0,80.0,100.0,20.0,0.0,80.0,60.0,60.0,80.0,0.0,1.0,4.6,0.2,2.4,1.0,237.0,93.8
Vijayapura,B0125 sindagi,C2309 kondaguli,3737 kondaguli,175,70.49,16.97,3737,45.0,90.0,-1.93,15.0,9.0,60.0,40.0,100.0,1313.0,865.0,33.0,26.21,48.48,57.58,88.89,100.0,100.0,88.89,22.22,11.11,88.89,100.0,33.33,77.78,0.0,1.0,4.44,0.44,4.0,3.22,240.0,96.1
Vijayapura,B0125 sindagi,C2323 korawar,3683 kokatanur,101,26.88,24.19,3683,0.0,60.0,0.43,7.0,6.0,85.71,14.29,100.0,1400.0,1323.0,38.0,34.82,18.42,73.68,83.33,100.0,100.0,83.33,33.33,0.0,100.0,100.0,66.67,83.33,0.0,1.17,4.5,0.33,9.0,5.33,239.0,220.5
Vijayapura,B0125 sindagi,C2323 korawar,4271 manor,256,43.38,23.11,4271,10.0,75.0,-3.62,,,,,,,,,,,,,,,,,,,,,,,,,,,,,
Vijayapura,B0125 sindagi,C2323 korawar,6249 korwar,249,48.86,27.58,6249,10.0,85.0,-13.05,,,,,,,,,,,,,,,,,,,,,,,,,,,,,
Vijayapura,B0125 sindagi,C2410 manur,4271 manor,136,60.85,20.85,4271,30.0,90.0,6.58,,,,,,,,,,,,,,,,,,,,,,,,,,,,,
Vijayapura,B0125 sindagi,C2437 moratagi,4473 moratagi,195,72.82,21.88,4473,42.0,100.0,2.08,10.0,5.0,50.0,50.0,100.0,1731.0,870.0,28.0,31.07,50.0,42.86,100.0,80.0,40.0,80.0,40.0,0.0,100.0,80.0,40.0,80.0,20.0,1.0,6.6,0.6,4.6,2.2,227.0,174.0
Vijayapura,B0125 sindagi,C2437 moratagi,919 bagalur,333,39.52,25.56,919,5.0,75.0,-4.93,4.0,3.0,75.0,25.0,100.0,584.0,525.0,17.0,30.88,17.65,52.94,100.0,100.0,66.67,66.67,0.0,0.0,100.0,100.0,33.33,100.0,0.0,1.0,7.0,0.33,4.33,1.67,,175.0
Vijayapura,B0125 sindagi,C2758 yalagod,6075 yalgod,442,40.07,27.87,6075,5.0,80.0,2.35,6.0,6.0,100.0,0.0,100.0,841.0,841.0,22.0,38.23,13.64,59.09,100.0,100.0,83.33,33.33,16.67,16.67,100.0,100.0,100.0,83.33,0.0,1.0,3.5,0.17,8.17,4.0,237.0,140.2
Vijayapura,B0125 sindagi,C2764 yankanchi,213009629 byakod,240,39.31,27.02,213009629,5.0,75.0,-5.97,9.0,8.0,88.89,11.11,100.0,1458.0,1425.0,49.0,29.08,46.94,40.82,87.5,87.5,87.5,87.5,12.5,0.0,100.0,75.0,62.5,75.0,0.0,1.25,4.75,0.25,5.75,1.75,243.0,178.1
Vijayapura,B0125 sindagi,C2764 yankanchi,6096 yankanchi,195,32.15,25.42,6096,0.0,70.0,6.69,11.0,8.0,72.73,27.27,100.0,1559.0,1224.0,41.0,29.85,63.41,73.17,87.5,87.5,62.5,87.5,25.0,0.0,100.0,75.0,62.5,75.0,12.5,0.88,4.0,0.25,5.38,3.0,234.0,153.0
Vijayapura,B0125 sindagi,C2774 almel urdu,1781 devangaon,178,25.42,25.39,1781,0.0,61.5,-1.21,16.0,14.0,87.5,12.5,100.0,1664.0,1537.0,51.0,30.14,19.61,54.9,85.71,71.43,85.71,78.57,28.57,0.0,92.86,64.29,50.0,78.57,0.0,1.07,3.93,0.79,1.86,1.43,124.5,109.8
Vijayapura,B0125 sindagi,C2812 devar hipparagi i urdu,3737 kondaguli,254,77.87,18.56,3737,50.0,98.5,7.41,15.0,9.0,60.0,40.0,100.0,1313.0,865.0,33.0,26.21,48.48,57.58,88.89,100.0,100.0,88.89,22.22,11.11,88.89,100.0,33.33,77.78,0.0,1.0,4.44,0.44,4.0,3.22,240.0,96.1
Vijayapura,B0125 sindagi,C2821 gabasavalagi,2007 dasamantpur (b),291,60.64,30.48,2007,15.0,95.0,-0.84,,,,,,,,,,,,,,,,,,,,,,,,,,,,,
Vijayapura,B0125 sindagi,C2821 gabasavalagi,6113 yargal b k,219,40.64,30.45,6113,0.0,85.0,-0.14,,,,,,,,,,,,,,,,,,,,,,,,,,,,,
Vijayapura,B0125 sindagi,C2824 golageri,2121 golgeri,292,40.09,26.17,2121,5.0,75.0,5.06,,,,,,,,,,,,,,,,,,,,,,,,,,,,,
Vijayapura,B0125 sindagi,C2827 gubbewad,2182 gubbewad,360,38.9,27.05,2182,5.0,80.0,-3.13,11.0,9.0,81.82,18.18,100.0,1950.0,1665.0,49.0,33.98,30.61,73.47,100.0,88.89,44.44,66.67,0.0,0.0,88.89,77.78,55.56,66.67,0.0,2.0,4.56,0.56,5.0,3.33,240.4,185.0
Vijayapura,B0125 sindagi,C2857 jalawad,3029 jalwad,260,39.75,24.49,3029,10.0,75.0,7.57,,,,,,,,,,,,,,,,,,,,,,,,,,,,,
Vijayapura,B0125 sindagi,C2876 korahalli,213009637 ramanahalli,299,50.57,25.36,213009637,19.0,85.0,1.53,,,,,,,,,,,,,,,,,,,,,,,,,,,,,
Vijayapura,B0125 sindagi,C2876 korahalli,213009653 guddalli,14,47.5,24.24,213009653,16.5,77.0,23.33,,,,,,,,,,,,,,,,,,,,,,,,,,,,,
Vijayapura,B0125 sindagi,C2876 korahalli,3770 korahalli,198,53.01,29.77,3770,10.0,90.0,-1.97,9.0,7.0,77.78,22.22,100.0,1014.0,944.0,29.0,32.55,51.72,55.17,85.71,100.0,42.86,71.43,14.29,14.29,57.14,71.43,57.14,85.71,0.0,1.0,4.71,0.86,7.57,5.29,237.0,134.9
Vijayapura,B0125 sindagi,C2883 malaghan,213009634 malaghan,329,61.55,25.9,213009634,25.0,95.0,8.33,13.0,8.0,61.54,38.46,100.0,1905.0,1357.0,55.0,24.67,23.64,61.82,87.5,100.0,87.5,62.5,12.5,12.5,100.0,87.5,87.5,75.0,0.0,1.0,6.62,0.5,7.62,2.12,244.0,169.6
Vijayapura,B0125 sindagi,C2895 moratagi urdu,6096 yankanchi,190,41.79,26.28,6096,5.0,80.0,18.6,11.0,8.0,72.73,27.27,100.0,1559.0,1224.0,41.0,29.85,63.41,73.17,87.5,87.5,62.5,87.5,25.0,0.0,100.0,75.0,62.5,75.0,12.5,0.88,4.0,0.25,5.38,3.0,234.0,153.0
Vijayapura,B0125 sindagi,C2931 sungathan,213009636 nagavi bk,180,33.19,26.82,213009636,0.0,75.0,1.53,,,,,,,,,,,,,,,,,,,,,,,,,,,,,
Vijayapura,B0125 sindagi,C2931 sungathan,5518 sughathan,136,43.86,29.65,5518,0.0,85.0,-4.92,,,,,,,,,,,,,,,,,,,,,,,,,,,,,
Vijayapura,B0134 talikoti,C0110 b salawadagi,878 b.salawadagi,148,73.65,20.52,878,48.5,95.0,3.3,,,,,,,,,,,,,,,,,,,,,,,,,,,,,
Vijayapura,B0134 talikoti,C0985 konnur,6444 konnur,150,78.37,15.58,6444,60.0,95.0,1.88,,,,,,,,,,,,,,,,,,,,,,,,,,,,,
Vijayapura,B0139 vijayapura rural,C0022 aheri,557 aheri,455,64.88,28.11,557,20.0,95.0,-1.11,,,,,,,,,,,,,,,,,,,,,,,,,,,,,
Vijayapura,B0139 vijayapura rural,C0674 hittinahalli,2556 hegadihal,481,77.49,17.01,2556,55.0,95.0,-0.87,,,,,,,,,,,,,,,,,,,,,,,,,,,,,
Vijayapura,B0139 vijayapura rural,C0674 hittinahalli,2695 hittanahalli,616,69.31,22.33,2695,37.5,95.0,-0.21,,,,,,,,,,,,,,,,,,,,,,,,,,,,,
Vijayapura,B0139 vijayapura rural,C1119 mamadapur,1788 devar gennur,197,40.74,24.01,1788,10.0,70.0,-0.41,,,,,,,,,,,,,,,,,,,,,,,,,,,,,
Vijayapura,B0139 vijayapura rural,C1119 mamadapur,4208 mamadapur,100,44.65,26.9,4208,5.0,80.0,1.06,,,,,,,,,,,,,,,,,,,,,,,,,,,,,
Vijayapura,B0139 vijayapura rural,C1500 siddapur k,5400 siddapura,151,80.73,14.5,5400,60.0,95.0,1.99,,,,,,,,,,,,,,,,,,,,,,,,,,,,,
Vijayapura,B0139 vijayapura rural,C1813 arjunagi,1380 bolachikkalaki,415,78.52,16.19,1380,55.0,100.0,5.57,,,,,,,,,,,,,,,,,,,,,,,,,,,,,
Vijayapura,B0139 vijayapura rural,C1813 arjunagi,798 arjunagi,306,73.35,21.22,798,40.0,95.0,0.23,,,,,,,,,,,,,,,,,,,,,,,,,,,,,
Vijayapura,B0139 vijayapura rural,C1824 babaleshwar urdu,2242 gundal,185,32.65,24.98,2242,0.0,65.0,0.3,,,,,,,,,,,,,,,,,,,,,,,,,,,,,
Vijayapura,B0139 vijayapura rural,C1825 babaleshwar,5250 sarwad,311,46.9,26.98,5250,10.0,85.0,-0.77,,,,,,,,,,,,,,,,,,,,,,,,,,,,,
Vijayapura,B0139 vijayapura rural,C1825 babaleshwar,885 babeleswar,61,85.66,11.95,885,70.0,100.0,-0.51,,,,,,,,,,,,,,,,,,,,,,,,,,,,,
Vijayapura,B0139 vijayapura rural,C1826 babanagar,1332 bijjaragi,281,49.16,27.71,1332,10.0,85.0,-1.14,,,,,,,,,,,,,,,,,,,,,,,,,,,,,
Vijayapura,B0139 vijayapura rural,C1826 babanagar,883 babanagar,443,45.01,28.87,883,5.0,85.0,2.98,,,,,,,,,,,,,,,,,,,,,,,,,,,,,
Vijayapura,B0139 vijayapura rural,C1903 bommanahallii,5769 tidagundi,512,52.55,29.56,5769,10.0,90.0,5.91,,,,,,,,,,,,,,,,,,,,,,,,,,,,,
Vijayapura,B0139 vijayapura rural,C2053 gunadal,2242 gundal,185,69.95,22.81,2242,35.0,98.0,0.57,,,,,,,,,,,,,,,,,,,,,,,,,,,,,
Vijayapura,B0139 vijayapura rural,C2053 gunadal,6504 hosur,311,47.67,28.48,6504,10.0,85.0,-1.48,,,,,,,,,,,,,,,,,,,,,,,,,,,,,
Vijayapura,B0139 vijayapura rural,C2054 gunaki,2236 gunaki,484,65.45,26.06,2236,25.0,95.0,3.16,,,,,,,,,,,,,,,,,,,,,,,,,,,,,
Vijayapura,B0139 vijayapura rural,C2072 halagani,2317 halagani,370,60.19,25.85,2317,25.0,90.0,6.82,,,,,,,,,,,,,,,,,,,,,,,,,,,,,
Vijayapura,B0139 vijayapura rural,C2144 honaganahalli,2732 honaganahalli,350,54.27,25.83,2732,20.0,90.0,1.27,,,,,,,,,,,,,,,,,,,,,,,,,,,,,
Vijayapura,B0139 vijayapura rural,C2144 honaganahalli,3093 jumanal,383,55.23,26.17,3093,15.0,90.0,16.32,,,,,,,,,,,,,,,,,,,,,,,,,,,,,
Vijayapura,B0139 vijayapura rural,C2144 honaganahalli,3433 karajol,278,69.33,21.06,3433,40.0,95.0,4.29,,,,,,,,,,,,,,,,,,,,,,,,,,,,,
Vijayapura,B0139 vijayapura rural,C2198 jainapur,3009 jainapur,158,39.68,23.27,3009,10.0,70.0,-4.45,,,,,,,,,,,,,,,,,,,,,,,,,,,,,
Vijayapura,B0139 vijayapura rural,C2200 jambagi,3032 jambagi a,532,39.23,26.32,3032,5.0,75.0,-1.3,,,,,,,,,,,,,,,,,,,,,,,,,,,,,
Vijayapura,B0139 vijayapura rural,C2240 kallakavatagi,2129 gonasagi,415,58.16,28.95,2129,20.0,95.0,-0.78,,,,,,,,,,,,,,,,,,,,,,,,,,,,,
Vijayapura,B0139 vijayapura rural,C2250 kanamadi,3348 kanamadi,248,38.65,23.72,3348,5.0,70.0,8.7,,,,,,,,,,,,,,,,,,,,,,,,,,,,,
Vijayapura,B0139 vijayapura rural,C2259 kannur,3395 kannur,374,52.78,28.53,3395,15.0,90.0,3.32,,,,,,,,,,,,,,,,,,,,,,,,,,,,,
Vijayapura,B0139 vijayapura rural,C2284 kawalagi,2735 honatagi,408,61.88,27.88,2735,20.0,95.0,-11.34,,,,,,,,,,,,,,,,,,,,,,,,,,,,,
Vijayapura,B0139 vijayapura rural,C2284 kawalagi,3867 kumatagi,258,70.06,22.05,3867,40.0,95.0,2.8,,,,,,,,,,,,,,,,,,,,,,,,,,,,,
Vijayapura,B0139 vijayapura rural,C2284 kawalagi,4085 madbhavi,278,77.77,21.56,4085,48.5,100.0,-0.69,,,,,,,,,,,,,,,,,,,,,,,,,,,,,
Vijayapura,B0139 vijayapura rural,C2284 kawalagi,564 ainapur,365,72.3,20.25,564,40.0,95.0,4.8,,,,,,,,,,,,,,,,,,,,,,,,,,,,,
Vijayapura,B0139 vijayapura rural,C2360 lohagoan,4022 lohgaon,336,62.65,29.17,4022,20.0,100.0,6.01,,,,,,,,,,,,,,,,,,,,,,,,,,,,,
Vijayapura,B0139 vijayapura rural,C2360 lohagoan,5400 siddapura,331,45.91,24.2,5400,15.0,80.0,-1.44,,,,,,,,,,,,,,,,,,,,,,,,,,,,,
Vijayapura,B0139 vijayapura rural,C2389 makhanapur,4136 makanapur,396,56.93,32.51,4136,10.0,95.0,-6.6,,,,,,,,,,,,,,,,,,,,,,,,,,,,,
Vijayapura,B0139 vijayapura rural,C2475 nagathan,4679 nagthan,376,63.86,22.02,4679,35.0,90.0,5.69,,,,,,,,,,,,,,,,,,,,,,,,,,,,,
Vijayapura,B0139 vijayapura rural,C2515 nidoni,3868 kumathe,278,44.64,26.46,3868,10.0,80.0,-1.57,,,,,,,,,,,,,,,,,,,,,,,,,,,,,
Vijayapura,B0139 vijayapura rural,C2515 nidoni,4843 nidoni,454,40.3,26.22,4843,5.0,80.0,7.12,,,,,,,,,,,,,,,,,,,,,,,,,,,,,
Vijayapura,B0139 vijayapura rural,C2615 shivanagi,2287 hadagali,216,81.76,18.25,2287,55.0,100.0,3.92,,,,,,,,,,,,,,,,,,,,,,,,,,,,,
Vijayapura,B0139 vijayapura rural,C2615 shivanagi,5379 shivanagi,275,68.09,25.75,5379,25.0,95.0,-1.61,,,,,,,,,,,,,,,,,,,,,,,,,,,,,
Vijayapura,B0139 vijayapura rural,C2659 tajapur h,5604 tajpur h,273,69.03,20.65,5604,40.0,95.0,2.06,,,,,,,,,,,,,,,,,,,,,,,,,,,,,
Vijayapura,B0139 vijayapura rural,C2690 tikota,2763 honwad,459,67.19,25.01,2763,30.0,95.0,3.81,,,,,,,,,,,,,,,,,,,,,,,,,,,,,
Vijayapura,B0139 vijayapura rural,C2690 tikota,3812 kotyal,138,78.48,11.03,3812,60.0,90.0,5.1,,,,,,,,,,,,,,,,,,,,,,,,,,,,,
Vijayapura,B0139 vijayapura rural,C2690 tikota,5773 tikota,38,80.66,22.93,5773,48.5,100.0,13.23,,,,,,,,,,,,,,,,,,,,,,,,,,,,,
Vijayapura,B0139 vijayapura rural,C2693 toravi,5800 torvi,679,79.09,17.25,5800,55.0,95.0,0.51,,,,,,,,,,,,,,,,,,,,,,,,,,,,,
Vijayapura,B0139 vijayapura rural,C2773 aliyabad,626 alliyabad,483,73.12,21.6,626,40.0,95.0,3.23,,,,,,,,,,,,,,,,,,,,,,,,,,,,,
Vijayapura,B0139 vijayapura rural,C2777 arakeri,6648 arakeri,453,75.47,18.03,6648,50.0,95.0,4.05,,,,,,,,,,,,,,,,,,,,,,,,,,,,,
Vijayapura,B0139 vijayapura rural,C2780 babaleshwar urdu,3009 jainapur,181,46.52,26.45,3009,10.0,85.0,-3.72,,,,,,,,,,,,,,,,,,,,,,,,,,,,,
Vijayapura,B0139 vijayapura rural,C2784 baratagi,1065 baratagi,309,67.65,26.22,1065,25.0,95.0,2.38,,,,,,,,,,,,,,,,,,,,,,,,,,,,,
Vijayapura,B0139 vijayapura rural,C2856 jalageri,3022 jalgeri,308,76.53,20.14,3022,50.0,100.0,0.28,,,,,,,,,,,,,,,,,,,,,,,,,,,,,
Vijayapura,B0139 vijayapura rural,C2864 kakhandaki,3220 kakandaki,333,71.64,20.1,3220,45.0,95.0,4.35,,,,,,,,,,,,,,,,,,,,,,,,,,,,,
Vijayapura,B0139 vijayapura rural,C2867 kambagi,3319 kambagi,266,70.47,20.73,3319,45.0,90.0,1.11,,,,,,,,,,,,,,,,,,,,,,,,,,,,,
Vijayapura,B0139 vijayapura rural,C2934 takkalaki,5606 takkalaki,131,35.46,24.7,5606,5.0,70.0,2.99,,,,,,,,,,,,,,,,,,,,,,,,,,,,,
Vijayapura,B0161 muddebihal,C0041 alur,632 alur,451,32.44,26.37,632,0.0,75.0,3.41,10.0,8.0,80.0,20.0,100.0,1225.0,835.0,28.0,29.82,25.0,35.71,100.0,87.5,87.5,100.0,12.5,0.0,87.5,100.0,50.0,100.0,0.0,1.38,4.75,0.5,10.25,4.88,214.88,104.4
Vijayapura,B0161 muddebihal,C0110 b salawadagi,878 b.salawadagi,293,52.82,28.03,878,15.0,90.0,9.92,8.0,7.0,87.5,12.5,100.0,935.0,848.0,37.0,22.92,48.65,51.35,71.43,100.0,85.71,85.71,42.86,0.0,57.14,85.71,85.71,71.43,0.0,1.0,4.29,0.14,8.43,2.14,199.33,121.1
Vijayapura,B0161 muddebihal,C0726 hullur,2855 hullur,426,55.54,28.25,2855,10.0,90.0,0.78,12.0,10.0,83.33,16.67,100.0,1081.0,723.0,28.0,25.82,46.43,46.43,80.0,90.0,60.0,90.0,30.0,0.0,90.0,80.0,50.0,90.0,10.0,1.0,3.7,0.8,6.9,3.4,239.14,72.3
Vijayapura,B0161 muddebihal,C0985 konnur,2688 hirur,459,39.74,26.06,2688,5.0,80.0,-1.28,8.0,6.0,75.0,25.0,100.0,969.0,820.0,32.0,25.62,43.75,50.0,66.67,100.0,50.0,66.67,66.67,0.0,50.0,66.67,50.0,83.33,0.0,0.83,4.5,0.33,6.0,2.33,237.6,136.7
Vijayapura,B0161 muddebihal,C0985 konnur,6444 konnur,308,77.29,16.63,6444,55.0,95.0,1.66,4.0,4.0,100.0,0.0,100.0,705.0,705.0,19.0,37.11,47.37,68.42,100.0,100.0,75.0,75.0,25.0,25.0,50.0,100.0,75.0,75.0,0.0,1.5,9.0,0.0,10.0,5.75,237.75,176.2
Vijayapura,B0161 muddebihal,C1760 adavi somanal,4649 nagarabetta,343,44.64,27.73,4649,5.0,80.0,-6.74,10.0,5.0,50.0,50.0,100.0,922.0,571.0,18.0,31.72,33.33,33.33,80.0,100.0,60.0,100.0,0.0,0.0,80.0,40.0,60.0,100.0,0.0,0.6,2.6,0.6,7.0,1.6,240.33,114.2
Vijayapura,B0161 muddebihal,C1760 adavi somanal,520 adavi somanal,261,70.57,23.11,520,30.0,95.0,-1.43,9.0,7.0,77.78,22.22,100.0,1687.0,1252.0,40.0,31.3,30.0,65.0,42.86,100.0,42.86,100.0,0.0,0.0,57.14,100.0,100.0,100.0,0.0,1.0,3.71,0.29,3.86,0.0,244.0,178.9
Vijayapura,B0161 muddebihal,C1833 balabatti,3233 kalagi,313,33.67,23.24,3233,5.0,65.0,-2.57,5.0,5.0,100.0,0.0,100.0,495.0,495.0,22.0,22.5,36.36,50.0,100.0,100.0,20.0,80.0,20.0,0.0,60.0,100.0,60.0,80.0,0.0,1.2,6.0,0.4,7.0,3.0,238.0,99.0
Vijayapura,B0161 muddebihal,C1833 balabatti,6069 yalagur,342,59.78,28.28,6069,15.0,94.5,2.35,7.0,5.0,71.43,28.57,100.0,966.0,732.0,28.0,26.14,39.29,67.86,80.0,100.0,60.0,100.0,80.0,0.0,60.0,100.0,80.0,80.0,0.0,1.0,4.2,0.0,4.8,2.2,240.0,146.4
Vijayapura,B0161 muddebihal,C1833 balabatti,947 balabatti,386,48.41,26.56,947,15.0,85.0,1.67,3.0,3.0,100.0,0.0,100.0,508.0,508.0,16.0,31.75,50.0,81.25,100.0,100.0,66.67,100.0,33.33,33.33,100.0,100.0,100.0,100.0,0.0,1.0,3.67,0.33,10.0,6.67,240.0,169.3
Vijayapura,B0161 muddebihal,C1857 basarakod,1077 basarakod,240,74.38,22.66,1077,45.0,100.0,-2.3,4.0,4.0,100.0,0.0,100.0,696.0,696.0,21.0,33.14,23.81,42.86,100.0,100.0,25.0,100.0,0.0,50.0,50.0,25.0,75.0,100.0,0.0,1.0,5.5,0.0,4.75,3.0,243.33,174.0
Vijayapura,B0161 muddebihal,C1857 basarakod,5130 rudagi,281,50.43,30.03,5130,10.0,90.0,4.74,7.0,6.0,85.71,14.29,100.0,1130.0,1116.0,34.0,32.82,32.35,67.65,83.33,100.0,66.67,83.33,0.0,0.0,50.0,83.33,66.67,100.0,0.0,1.0,7.17,0.33,5.17,2.33,242.0,186.0
Vijayapura,B0161 muddebihal,C1991 dhavalagi,1833 dhavalagi,214,48.15,26.61,1833,11.5,85.0,2.56,9.0,9.0,100.0,0.0,100.0,1099.0,1099.0,39.0,28.18,61.54,56.41,88.89,100.0,66.67,100.0,33.33,11.11,33.33,66.67,55.56,88.89,0.0,1.11,5.11,0.22,4.22,2.22,238.75,122.1
Vijayapura,B0161 muddebihal,C2067 hadalageri,1320 bidarakundi,448,34.01,27.64,1320,0.0,75.0,5.22,8.0,5.0,62.5,37.5,100.0,1713.0,1384.0,48.0,28.83,41.67,79.17,80.0,100.0,60.0,100.0,60.0,20.0,100.0,80.0,40.0,60.0,25.0,2.0,13.6,0.6,5.4,3.2,244.0,276.8
Vijayapura,B0161 muddebihal,C2067 hadalageri,2288 hadalageri,223,47.94,26.47,2288,10.0,85.0,1.3,7.0,6.0,85.71,14.29,100.0,908.0,839.0,30.0,27.97,50.0,73.33,100.0,83.33,33.33,100.0,16.67,33.33,33.33,83.33,66.67,100.0,33.33,0.83,3.0,0.67,6.33,4.33,239.8,139.8
Vijayapura,B0161 muddebihal,C2133 hiremural,2669 hiremural,418,43.92,28.99,2669,5.0,85.0,-0.9,9.0,7.0,77.78,22.22,100.0,832.0,575.0,26.0,22.12,50.0,50.0,85.71,100.0,57.14,85.71,14.29,0.0,42.86,100.0,57.14,85.71,0.0,0.86,4.14,0.71,8.57,1.71,240.5,82.1
Vijayapura,B0161 muddebihal,C2133 hiremural,3503 kavadimatti,238,75.11,20.21,3503,43.5,95.0,-4.92,9.0,6.0,66.67,33.33,100.0,1173.0,708.0,34.0,20.82,55.88,82.35,100.0,100.0,66.67,100.0,0.0,16.67,83.33,83.33,83.33,100.0,0.0,1.17,4.83,0.5,6.67,2.17,241.25,118.0
Vijayapura,B0161 muddebihal,C2193 ingalageri,2952 ingalageri,164,62.99,24.71,2952,30.0,95.0,5.18,7.0,7.0,100.0,0.0,100.0,861.0,861.0,32.0,26.91,43.75,68.75,100.0,100.0,57.14,42.86,42.86,14.29,14.29,71.43,42.86,57.14,0.0,1.29,4.14,1.0,6.14,4.0,241.0,123.0
Vijayapura,B0161 muddebihal,C2193 ingalageri,3908 kuntoji,355,49.72,26.6,3908,10.0,85.0,1.72,10.0,7.0,70.0,30.0,100.0,1475.0,1102.0,34.0,32.41,50.0,61.76,100.0,100.0,57.14,85.71,14.29,14.29,57.14,57.14,57.14,71.43,0.0,1.43,4.29,1.14,6.43,2.0,241.5,157.4
Vijayapura,B0161 muddebihal,C2193 ingalageri,4534 mukihal,304,69.61,30.64,4534,20.0,100.0,3.27,11.0,9.0,81.82,18.18,100.0,1494.0,1363.0,37.0,36.84,29.73,59.46,77.78,100.0,44.44,88.89,11.11,0.0,66.67,77.78,66.67,88.89,0.0,0.89,4.0,0.56,7.11,4.11,236.6,151.4
Vijayapura,B0161 muddebihal,C2302 kodaganur,3640 kodaganur,174,30.43,26.34,3640,0.0,73.5,-2.82,13.0,10.0,76.92,23.08,100.0,1455.0,942.0,33.0,28.55,33.33,36.36,100.0,100.0,80.0,80.0,40.0,10.0,90.0,90.0,90.0,90.0,0.0,1.0,2.9,0.1,6.8,2.5,237.44,94.2
Vijayapura,B0161 muddebihal,C2302 kodaganur,6517 bhantanur,418,47.01,26.65,6517,10.0,85.0,-2.16,8.0,7.0,87.5,12.5,100.0,1135.0,1075.0,39.0,27.56,25.64,69.23,85.71,100.0,100.0,85.71,14.29,28.57,85.71,85.71,85.71,85.71,0.0,6.57,4.57,0.29,7.29,0.57,238.2,153.6
Vijayapura,B0161 muddebihal,C2314 konnur urdu,5828 tumbagi,126,52.34,26.21,5828,15.0,85.0,-9.08,7.0,6.0,85.71,14.29,100.0,632.0,429.0,21.0,20.43,61.9,52.38,83.33,100.0,50.0,50.0,66.67,0.0,83.33,83.33,83.33,66.67,0.0,0.83,2.33,0.0,10.33,2.67,235.0,71.5
Vijayapura,B0161 muddebihal,C2382 madikeshwar,1106 bavur,491,53.55,30.5,1106,5.0,90.0,2.84,7.0,6.0,85.71,14.29,100.0,770.0,698.0,28.0,24.93,32.14,50.0,100.0,100.0,50.0,83.33,33.33,16.67,83.33,83.33,83.33,83.33,0.0,1.17,4.33,0.67,7.5,2.5,237.75,116.3
Vijayapura,B0161 muddebihal,C2382 madikeshwar,4104 madikeshwar,329,68.3,26.56,4104,30.0,95.0,6.66,12.0,8.0,66.67,33.33,100.0,1470.0,936.0,29.0,32.28,41.38,44.83,100.0,100.0,62.5,75.0,25.0,12.5,25.0,100.0,87.5,100.0,0.0,1.0,5.62,0.12,1.88,0.62,233.0,117.0
Vijayapura,B0161 muddebihal,C2432 minajagi,213009404 bommanahalli,262,50.82,26.55,213009404,10.0,85.0,0.31,10.0,5.0,50.0,50.0,100.0,1240.0,472.0,19.0,24.84,36.84,52.63,100.0,100.0,100.0,100.0,60.0,0.0,80.0,100.0,100.0,100.0,0.0,1.0,3.2,0.4,12.6,2.4,237.5,94.4
Vijayapura,B0161 muddebihal,C2432 minajagi,213009635 minajagi,525,42.63,26.19,213009635,5.0,80.0,1.74,10.0,6.0,60.0,40.0,100.0,1495.0,646.0,29.0,22.28,44.83,41.38,66.67,100.0,66.67,100.0,66.67,0.0,83.33,100.0,66.67,83.33,0.0,0.5,4.5,0.5,9.67,5.33,237.6,107.7
Vijayapura,B0161 muddebihal,C2480 nalatawad,1334 bijjur,260,77.4,18.88,1334,50.0,95.0,3.87,7.0,7.0,100.0,0.0,100.0,1164.0,1164.0,35.0,33.26,14.29,71.43,85.71,85.71,71.43,100.0,42.86,14.29,57.14,71.43,57.14,85.71,0.0,1.57,6.43,0.71,5.14,3.71,239.67,166.3
Vijayapura,B0161 muddebihal,C2480 nalatawad,4635 nagabenal,406,39.62,29.81,4635,0.0,85.0,-3.68,3.0,3.0,100.0,0.0,100.0,407.0,407.0,15.0,27.13,53.33,66.67,100.0,100.0,66.67,100.0,33.33,33.33,100.0,66.67,66.67,100.0,0.0,0.67,3.33,0.33,3.0,6.0,240.0,135.7
Vijayapura,B0161 muddebihal,C2550 rakkasagi,6646 rakkasagi,286,50.44,26.55,6646,15.0,85.0,-2.8,5.0,5.0,100.0,0.0,100.0,499.0,499.0,19.0,26.26,57.89,68.42,100.0,100.0,100.0,100.0,0.0,0.0,100.0,100.0,60.0,100.0,20.0,1.0,6.0,0.8,8.4,2.2,242.25,99.8
Vijayapura,B0161 muddebihal,C2663 tangadagi,3708 kollur,420,47.98,26.95,3708,10.0,85.0,-6.76,,,,,,,,,,,,,,,,,,,,,,,,,,,,,
Vijayapura,B0161 muddebihal,C2663 tangadagi,5633 tangadagi,322,52.03,30.37,5633,10.0,95.0,-3.01,6.0,6.0,100.0,0.0,100.0,688.0,688.0,29.0,23.72,41.38,51.72,100.0,100.0,100.0,100.0,33.33,16.67,66.67,83.33,50.0,100.0,16.67,1.17,5.83,0.67,7.17,1.17,242.5,114.7
Vijayapura,B0161 muddebihal,C2697 tumbagi,5828 tumbagi,128,46.64,31.75,5828,5.0,90.0,-2.99,7.0,6.0,85.71,14.29,100.0,632.0,429.0,21.0,20.43,61.9,52.38,83.33,100.0,50.0,50.0,66.67,0.0,83.33,83.33,83.33,66.67,0.0,0.83,2.33,0.0,10.33,2.67,235.0,71.5
Vijayapura,B0161 muddebihal,C2791 bidarakundi urdu,6110 yarazari,263,46.25,27.94,6110,10.0,85.0,-1.68,10.0,10.0,100.0,0.0,100.0,889.0,889.0,36.0,24.69,33.33,52.78,100.0,100.0,40.0,100.0,20.0,0.0,60.0,100.0,80.0,80.0,0.0,1.0,4.7,0.6,6.6,3.6,239.71,88.9
Yadgir,B0120 shahapur,C0113 b.gudi,2810 hothpeth,411,61.78,22.47,2810,30.0,90.0,1.5,,,,,,,,,,,,,,,,,,,,,,,,,,,,,
Yadgir,B0120 shahapur,C0209 bendebembali,1221 bendebembali,510,40.05,27.62,1221,5.0,80.0,-1.32,,,,,,,,,,,,,,,,,,,,,,,,,,,,,
Yadgir,B0120 shahapur,C0209 bendebembali,5825 tumakur,361,30.84,26.07,5825,0.0,70.0,0.49,,,,,,,,,,,,,,,,,,,,,,,,,,,,,
Yadgir,B0120 shahapur,C0250 bilhar,1342 bilhar,519,33.74,26.0,1342,5.0,75.0,-3.88,,,,,,,,,,,,,,,,,,,,,,,,,,,,,
Yadgir,B0120 shahapur,C0250 bilhar,2128 gonal,366,42.12,25.72,2128,10.0,80.0,-7.11,,,,,,,,,,,,,,,,,,,,,,,,,,,,,
Yadgir,B0120 shahapur,C0250 bilhar,6009 wadagera,246,36.42,26.71,6009,5.0,75.0,4.71,,,,,,,,,,,,,,,,,,,,,,,,,,,,,
Yadgir,B0120 shahapur,C0306 chatnalli,2894 hurasagundagi,206,47.06,29.34,2894,10.0,85.0,6.54,,,,,,,,,,,,,,,,,,,,,,,,,,,,,
Yadgir,B0120 shahapur,C0306 chatnalli,2914 ibrahimpur (y),271,44.91,26.21,2914,10.0,80.0,-5.1,,,,,,,,,,,,,,,,,,,,,,,,,,,,,
Yadgir,B0120 shahapur,C0306 chatnalli,6679 chatnalli,319,43.9,24.94,6679,10.0,80.0,-3.54,,,,,,,,,,,,,,,,,,,,,,,,,,,,,
Yadgir,B0120 shahapur,C0443 doranahalli,1949 doranahalli,508,54.15,27.58,1949,15.0,90.0,-5.21,,,,,,,,,,,,,,,,,,,,,,,,,,,,,
Yadgir,B0120 shahapur,C0443 doranahalli,6498 khanapur,159,48.62,23.22,6498,15.0,80.0,-3.14,,,,,,,,,,,,,,,,,,,,,,,,,,,,,
Yadgir,B0120 shahapur,C0508 gogi,2113 gogi (k),225,46.13,28.73,2113,5.0,85.0,-0.94,,,,,,,,,,,,,,,,,,,,,,,,,,,,,
Yadgir,B0120 shahapur,C0508 gogi,2789 hosakera,172,53.28,26.94,2789,15.0,89.5,-5.53,,,,,,,,,,,,,,,,,,,,,,,,,,,,,
Yadgir,B0120 shahapur,C0576 halgera,2320 halagera,411,46.55,25.1,2320,15.0,80.0,-4.07,,,,,,,,,,,,,,,,,,,,,,,,,,,,,
Yadgir,B0120 shahapur,C0576 halgera,5893 ullesugur,331,53.99,27.4,5893,15.0,90.0,-4.91,,,,,,,,,,,,,,,,,,,,,,,,,,,,,
Yadgir,B0120 shahapur,C0626 hattigudur,1125 beeranoor,503,42.66,26.77,1125,10.0,80.0,-0.51,,,,,,,,,,,,,,,,,,,,,,,,,,,,,
Yadgir,B0120 shahapur,C0626 hattigudur,2514 hattigudur,172,59.22,25.45,2514,20.5,90.0,-3.91,,,,,,,,,,,,,,,,,,,,,,,,,,,,,
Yadgir,B0120 shahapur,C0626 hattigudur,3709 kollur (m),147,30.27,21.56,3709,5.0,60.0,-5.44,,,,,,,,,,,,,,,,,,,,,,,,,,,,,
Yadgir,B0120 shahapur,C0626 hattigudur,563 aikur,119,45.21,28.77,563,5.0,81.0,2.14,,,,,,,,,,,,,,,,,,,,,,,,,,,,,
Yadgir,B0120 shahapur,C0630 hayyal (b),2525 hayyal (b),521,37.37,26.87,2525,5.0,75.0,-1.73,,,,,,,,,,,,,,,,,,,,,,,,,,,,,
Yadgir,B0120 shahapur,C0630 hayyal (b),3749 konkal,546,35.5,25.29,3749,5.0,70.0,-2.82,,,,,,,,,,,,,,,,,,,,,,,,,,,,,
Yadgir,B0120 shahapur,C0630 hayyal (b),563 aikur,125,49.56,26.93,563,15.0,85.0,-8.7,,,,,,,,,,,,,,,,,,,,,,,,,,,,,
Yadgir,B0120 shahapur,C1039 kurkunda,3165 kadamgera (b),534,47.94,27.31,3165,10.0,85.0,3.45,,,,,,,,,,,,,,,,,,,,,,,,,,,,,
Yadgir,B0120 shahapur,C1039 kurkunda,3932 kurkunda,397,47.51,27.53,3932,10.0,90.0,1.87,,,,,,,,,,,,,,,,,,,,,,,,,,,,,
Yadgir,B0120 shahapur,C1085 maddarki,4086 maddarki,274,34.78,27.31,4086,5.0,78.5,2.04,,,,,,,,,,,,,,,,,,,,,,,,,,,,,
Yadgir,B0120 shahapur,C1085 maddarki,4485 mudabool,424,61.12,28.23,4485,20.0,95.0,-0.49,,,,,,,,,,,,,,,,,,,,,,,,,,,,,
Yadgir,B0120 shahapur,C1251 naganatagi,2114 gogi (p),310,56.73,25.51,2114,20.0,90.0,-4.12,,,,,,,,,,,,,,,,,,,,,,,,,,,,,
Yadgir,B0120 shahapur,C1251 naganatagi,4644 naganatagi,264,49.32,26.93,4644,10.0,90.0,-5.23,,,,,,,,,,,,,,,,,,,,,,,,,,,,,
Yadgir,B0120 shahapur,C1251 naganatagi,5152 sagar,74,33.92,23.98,5152,5.0,70.0,-4.11,,,,,,,,,,,,,,,,,,,,,,,,,,,,,
Yadgir,B0120 shahapur,C1294 naykal,2228 gulsaram,367,59.63,23.76,2228,25.0,85.0,4.27,,,,,,,,,,,,,,,,,,,,,,,,,,,,,
Yadgir,B0120 shahapur,C1294 naykal,4775 naykal,417,49.17,25.88,4775,15.0,85.0,-2.75,,,,,,,,,,,,,,,,,,,,,,,,,,,,,
Yadgir,B0120 shahapur,C1425 sagar,5103 rastapur,504,45.34,24.29,5103,15.0,78.5,5.74,,,,,,,,,,,,,,,,,,,,,,,,,,,,,
Yadgir,B0120 shahapur,C1425 sagar,5152 sagar,29,52.93,25.23,5152,20.0,85.0,9.81,,,,,,,,,,,,,,,,,,,,,,,,,,,,,
Yadgir,B0120 shahapur,C1492 shirwal,2894 hurasagundagi,148,46.86,28.31,2894,5.0,85.0,4.38,,,,,,,,,,,,,,,,,,,,,,,,,,,,,
Yadgir,B0120 shahapur,C1492 shirwal,5370 shirwal,415,53.54,33.8,5370,2.0,95.0,5.75,,,,,,,,,,,,,,,,,,,,,,,,,,,,,
Yadgir,B0120 shahapur,C1492 shirwal,675 anabi,224,45.45,27.98,675,6.5,85.0,2.14,,,,,,,,,,,,,,,,,,,,,,,,,,,,,
Yadgir,B0120 shahapur,C1561 tadibidi,5586 t. wadagera,388,63.12,27.92,5586,23.5,95.0,10.03,,,,,,,,,,,,,,,,,,,,,,,,,,,,,
Yadgir,B0120 shahapur,C1561 tadibidi,5599 tadibidi,280,52.82,25.91,5599,19.5,85.0,5.92,,,,,,,,,,,,,,,,,,,,,,,,,,,,,
Yadgir,B0120 shahapur,C1640 ukkinal,5884 ukkinal,200,48.6,25.48,5884,14.5,80.0,-2.06,,,,,,,,,,,,,,,,,,,,,,,,,,,,,
Yadgir,B0120 shahapur,C1702 wadagera,6009 wadagera,165,58.12,23.68,6009,25.0,85.0,-1.37,,,,,,,,,,,,,,,,,,,,,,,,,,,,,
Yadgir,B0120 shahapur,C1706 wanadurga,3224 kakkasgera,363,42.66,25.65,3224,6.0,79.0,-7.5,,,,,,,,,,,,,,,,,,,,,,,,,,,,,
Yadgir,B0120 shahapur,C1706 wanadurga,6019 wanadurga,525,55.36,26.65,6019,10.0,85.0,-2.25,,,,,,,,,,,,,,,,,,,,,,,,,,,,,
Yadgir,B0120 shahapur,C1970 darshanapur,1478 chamanal,315,41.63,27.98,1478,10.0,83.0,-3.67,,,,,,,,,,,,,,,,,,,,,,,,,,,,,
Yadgir,B0120 shahapur,C2257 kannekolur,2241 gundagurti,99,41.62,25.38,2241,10.0,80.0,-8.27,,,,,,,,,,,,,,,,,,,,,,,,,,,,,
Yadgir,B0120 shahapur,C2257 kannekolur,3392 kannekolur,230,29.59,23.63,3392,0.0,65.0,-0.1,,,,,,,,,,,,,,,,,,,,,,,,,,,,,
Yadgir,B0123 shorapur,C0133 balashettihal,3310 kamanatagi,585,57.67,27.95,3310,15.0,90.0,-1.65,,,,,,,,,,,,,,,,,,,,,,,,,,,,,
Yadgir,B0123 shorapur,C0133 balashettihal,4161 malanoor,367,40.12,26.99,4161,5.0,80.0,-0.75,,,,,,,,,,,,,,,,,,,,,,,,,,,,,
Yadgir,B0123 shorapur,C0133 balashettihal,938 bailakunti,365,43.7,28.35,938,5.0,85.0,-10.84,,,,,,,,,,,,,,,,,,,,,,,,,,,,,
Yadgir,B0123 shorapur,C0137 balichakra,4174 malgatti,285,61.25,26.77,4174,20.0,90.0,0.89,,,,,,,,,,,,,,,,,,,,,,,,,,,,,
Yadgir,B0123 shorapur,C0143 banadoddi,2080 geddalmari,472,46.73,26.86,2080,10.0,85.0,-9.71,,,,,,,,,,,,,,,,,,,,,,,,,,,,,
Yadgir,B0123 shorapur,C0389 devapur,1786 devapur,442,55.35,27.02,1786,15.0,90.0,-2.58,,,,,,,,,,,,,,,,,,,,,,,,,,,,,
Yadgir,B0123 shorapur,C0389 devapur,3589 khanapur .s.h,268,40.54,28.64,3589,5.0,80.0,3.31,,,,,,,,,,,,,,,,,,,,,,,,,,,,,
Yadgir,B0123 shorapur,C0389 devapur,610 aldal,587,52.02,27.45,610,15.0,90.0,2.07,,,,,,,,,,,,,,,,,,,,,,,,,,,,,
Yadgir,B0123 shorapur,C0399 devargonal,1806 devargonal,522,54.01,26.07,1806,15.0,90.0,6.26,,,,,,,,,,,,,,,,,,,,,,,,,,,,,
Yadgir,B0123 shorapur,C0399 devargonal,4997 peth ammapur,303,54.24,26.15,4997,15.0,90.0,-2.05,,,,,,,,,,,,,,,,,,,,,,,,,,,,,
Yadgir,B0123 shorapur,C0399 devargonal,6192 waganageri,326,38.37,27.74,6192,5.0,75.0,1.19,,,,,,,,,,,,,,,,,,,,,,,,,,,,,
Yadgir,B0123 shorapur,C0399 devargonal,917 badyapur,332,76.2,20.02,917,50.0,95.0,2.17,,,,,,,,,,,,,,,,,,,,,,,,,,,,,
Yadgir,B0123 shorapur,C0402 devatkal,1811 devatkal,428,39.88,24.86,1811,5.0,75.0,-1.44,,,,,,,,,,,,,,,,,,,,,,,,,,,,,
Yadgir,B0123 shorapur,C0402 devatkal,2530 hebbal (b),156,48.94,27.02,2530,12.5,85.0,-1.61,,,,,,,,,,,,,,,,,,,,,,,,,,,,,
Yadgir,B0123 shorapur,C0402 devatkal,3140 kachaknoor,437,48.67,29.8,3140,5.0,90.0,0.14,,,,,,,,,,,,,,,,,,,,,,,,,,,,,
Yadgir,B0123 shorapur,C0495 geddalmari,2080 geddalmari,179,56.96,27.36,2080,15.0,90.0,-3.27,,,,,,,,,,,,,,,,,,,,,,,,,,,,,
Yadgir,B0123 shorapur,C0495 geddalmari,3082 jogundbhavi,534,50.56,29.0,3082,10.0,90.0,-7.47,,,,,,,,,,,,,,,,,,,,,,,,,,,,,
Yadgir,B0123 shorapur,C0495 geddalmari,938 bailakunti,173,59.65,27.63,938,15.0,94.0,-3.58,,,,,,,,,,,,,,,,,,,,,,,,,,,,,
Yadgir,B0123 shorapur,C0543 gundalgera,3701 kolihal,520,33.62,26.96,3701,0.0,75.0,-6.66,,,,,,,,,,,,,,,,,,,,,,,,,,,,,
Yadgir,B0123 shorapur,C0543 gundalgera,803 arkera (j),562,55.04,29.85,803,10.0,90.0,-3.42,,,,,,,,,,,,,,,,,,,,,,,,,,,,,
Yadgir,B0123 shorapur,C0731 hunasagi,4161 malanoor,151,61.42,25.03,4161,25.0,90.0,-0.62,,,,,,,,,,,,,,,,,,,,,,,,,,,,,
Yadgir,B0123 shorapur,C0891 kannelli,4997 peth ammapur,143,64.83,21.6,4997,36.0,95.0,2.65,,,,,,,,,,,,,,,,,,,,,,,,,,,,,
Yadgir,B0123 shorapur,C0891 kannelli,935 baichbal,599,51.5,27.91,935,15.0,90.0,1.77,,,,,,,,,,,,,,,,,,,,,,,,,,,,,
Yadgir,B0123 shorapur,C0903 kardakal,2559 hegganadoddi,486,30.69,27.18,2559,0.0,70.0,-2.96,,,,,,,,,,,,,,,,,,,,,,,,,,,,,
Yadgir,B0123 shorapur,C0903 kardakal,3424 karadkal,265,39.0,27.94,3424,2.0,80.0,3.05,,,,,,,,,,,,,,,,,,,,,,,,,,,,,
Yadgir,B0123 shorapur,C0903 kardakal,4174 malgatti,176,69.2,18.2,4174,47.5,90.0,3.05,,,,,,,,,,,,,,,,,,,,,,,,,,,,,
Yadgir,B0123 shorapur,C0921 kembhavi,4512 mudnoor (k),347,45.01,28.55,4512,5.0,85.0,5.08,,,,,,,,,,,,,,,,,,,,,,,,,,,,,
Yadgir,B0123 shorapur,C0921 kembhavi,6204 kiradalli,256,52.79,31.55,6204,10.0,95.0,0.89,,,,,,,,,,,,,,,,,,,,,,,,,,,,,
Yadgir,B0123 shorapur,C0948 kodekal,1056 baradevnal,471,48.65,30.21,1056,0.0,90.0,2.4,,,,,,,,,,,,,,,,,,,,,,,,,,,,,
Yadgir,B0123 shorapur,C0948 kodekal,2305 hagaratagi,414,65.6,24.55,2305,30.0,95.0,2.45,,,,,,,,,,,,,,,,,,,,,,,,,,,,,
Yadgir,B0123 shorapur,C0948 kodekal,3653 kodekal,434,37.88,27.07,3653,5.0,80.0,-1.09,,,,,,,,,,,,,,,,,,,,,,,,,,,,,
Yadgir,B0123 shorapur,C1057 laxmipur,1816 devikera,549,64.87,22.26,1816,35.0,90.0,3.32,,,,,,,,,,,,,,,,,,,,,,,,,,,,,
Yadgir,B0123 shorapur,C1057 laxmipur,2578 hemnoor,326,78.94,20.58,2578,50.0,100.0,5.31,,,,,,,,,,,,,,,,,,,,,,,,,,,,,
Yadgir,B0123 shorapur,C1057 laxmipur,5519 sugoor,250,33.52,25.73,5519,5.0,70.0,-1.07,,,,,,,,,,,,,,,,,,,,,,,,,,,,,
Yadgir,B0123 shorapur,C1057 laxmipur,6215 arkera (k),438,41.19,29.68,6215,5.0,85.0,1.78,,,,,,,,,,,,,,,,,,,,,,,,,,,,,
Yadgir,B0123 shorapur,C1108 malla (b),1992 evoor,603,65.23,24.26,1992,30.0,95.0,-0.04,,,,,,,,,,,,,,,,,,,,,,,,,,,,,
Yadgir,B0123 shorapur,C1108 malla (b),4182 malla (b),325,50.09,28.01,4182,10.0,88.0,2.93,,,,,,,,,,,,,,,,,,,,,,,,,,,,,
Yadgir,B0123 shorapur,C1108 malla (b),6066 yalagi,494,47.5,28.99,6066,5.0,85.0,-0.77,,,,,,,,,,,,,,,,,,,,,,,,,,,,,
Yadgir,B0123 shorapur,C1145 maranal,4296 maranal,551,50.89,26.55,4296,15.0,90.0,-6.74,,,,,,,,,,,,,,,,,,,,,,,,,,,,,
Yadgir,B0123 shorapur,C1203 mudanoor,4512 mudnoor (k),176,81.28,11.56,4512,65.0,95.0,3.07,,,,,,,,,,,,,,,,,,,,,,,,,,,,,
Yadgir,B0123 shorapur,C1203 mudanoor,550 agni,450,45.07,28.89,550,5.0,85.0,0.26,,,,,,,,,,,,,,,,,,,,,,,,,,,,,
Yadgir,B0123 shorapur,C1252 naganur,4673 nagnoor,517,46.87,29.47,4673,5.0,85.0,3.5,,,,,,,,,,,,,,,,,,,,,,,,,,,,,
Yadgir,B0123 shorapur,C1252 naganur,6204 kiradalli,108,71.71,20.35,6204,40.0,95.0,-3.33,,,,,,,,,,,,,,,,,,,,,,,,,,,,,
Yadgir,B0123 shorapur,C1284 narayanpur,6417 narayanpur,544,39.95,27.76,6417,5.0,80.0,-1.79,,,,,,,,,,,,,,,,,,,,,,,,,,,,,
Yadgir,B0123 shorapur,C1381 rajankolur,3653 kodekal,173,43.01,27.2,3653,10.0,80.0,-1.01,,,,,,,,,,,,,,,,,,,,,,,,,,,,,
Yadgir,B0123 shorapur,C1381 rajankolur,5051 rajankollur,436,63.29,27.92,5051,20.0,95.0,-3.85,,,,,,,,,,,,,,,,,,,,,,,,,,,,,
Yadgir,B0123 shorapur,C1413 rukmapur,3589 khanapur .s.h,163,49.54,27.31,3589,11.0,90.0,4.55,,,,,,,,,,,,,,,,,,,,,,,,,,,,,
Yadgir,B0123 shorapur,C1413 rukmapur,5519 sugoor,128,53.44,25.21,5519,13.5,80.0,4.0,,,,,,,,,,,,,,,,,,,,,,,,,,,,,
Yadgir,B0123 shorapur,C1616 tinthani,5777 tinthani,661,42.69,24.0,5777,15.0,75.0,2.05,,,,,,,,,,,,,,,,,,,,,,,,,,,,,
Yadgir,B0123 shorapur,C1686 vajjal,2530 hebbal (b),143,68.5,21.44,2530,40.0,90.0,-3.47,,,,,,,,,,,,,,,,,,,,,,,,,,,,,
Yadgir,B0123 shorapur,C1686 vajjal,5947 vajjal,492,45.65,27.22,5947,10.0,85.0,-6.58,,,,,,,,,,,,,,,,,,,,,,,,,,,,,
Yadgir,B0123 shorapur,C1719 yaktapur,6062 yaktapur,446,54.36,28.21,6062,15.0,92.5,2.65,,,,,,,,,,,,,,,,,,,,,,,,,,,,,
Yadgir,B0141 yadgir,C0037 allipur,625 allipur,359,41.98,25.93,625,5.0,75.0,-7.6,,,,,,,,,,,,,,,,,,,,,,,,,,,,,
Yadgir,B0141 yadgir,C0076 anpur,3008 jaigram,207,34.66,23.28,3008,5.0,65.0,0.2,,,,,,,,,,,,,,,,,,,,,,,,,,,,,
Yadgir,B0141 yadgir,C0076 anpur,4443 minasapur,304,45.02,27.43,4443,10.0,85.0,-1.03,,,,,,,,,,,,,,,,,,,,,,,,,,,,,
Yadgir,B0141 yadgir,C0076 anpur,690 anapur,266,57.86,26.09,690,20.0,90.0,0.57,,,,,,,,,,,,,,,,,,,,,,,,,,,,,
Yadgir,B0141 yadgir,C0079 arakera(k),2356 halligera,414,69.38,24.2,2356,31.5,95.0,3.22,,,,,,,,,,,,,,,,,,,,,,,,,,,,,
Yadgir,B0141 yadgir,C0079 arakera(k),3514 kawloor,126,50.48,25.5,3514,20.0,85.0,-1.23,,,,,,,,,,,,,,,,,,,,,,,,,,,,,
Yadgir,B0141 yadgir,C0079 arakera(k),804 arkera (k),289,42.77,29.28,804,5.0,85.0,-1.47,,,,,,,,,,,,,,,,,,,,,,,,,,,,,
Yadgir,B0141 yadgir,C0105 azalapur,574 ajlapur,195,42.33,28.04,574,5.0,85.0,-2.49,,,,,,,,,,,,,,,,,,,,,,,,,,,,,
Yadgir,B0141 yadgir,C0105 azalapur,6085 yalsatti,108,50.14,25.78,6085,15.0,85.0,6.58,,,,,,,,,,,,,,,,,,,,,,,,,,,,,
Yadgir,B0141 yadgir,C0120 badiyal,3178 kadechur,76,49.8,19.29,3178,25.0,75.0,-10.13,,,,,,,,,,,,,,,,,,,,,,,,,,,,,
Yadgir,B0141 yadgir,C0120 badiyal,6361 saidapur,242,49.75,25.95,6361,15.0,85.0,4.29,,,,,,,,,,,,,,,,,,,,,,,,,,,,,
Yadgir,B0141 yadgir,C0120 badiyal,915 badiyal,185,53.05,25.08,915,20.0,90.0,2.06,,,,,,,,,,,,,,,,,,,,,,,,,,,,,
Yadgir,B0141 yadgir,C0137 balichakra,3606 killankera,272,42.1,25.96,3606,10.0,75.0,1.47,,,,,,,,,,,,,,,,,,,,,,,,,,,,,
Yadgir,B0141 yadgir,C0137 balichakra,969 balichakra,186,35.54,27.14,969,5.0,75.0,-3.77,,,,,,,,,,,,,,,,,,,,,,,,,,,,,
Yadgir,B0141 yadgir,C0305 chapetla,1546 chepetla,276,38.21,27.42,1546,0.0,80.0,-3.7,,,,,,,,,,,,,,,,,,,,,,,,,,,,,
Yadgir,B0141 yadgir,C0305 chapetla,3218 kakalwar,257,51.42,25.16,3218,18.0,85.0,-0.58,,,,,,,,,,,,,,,,,,,,,,,,,,,,,
Yadgir,B0141 yadgir,C0475 gajarkot,2023 gajarkot,237,53.14,25.12,2023,20.0,90.0,-5.36,,,,,,,,,,,,,,,,,,,,,,,,,,,,,
Yadgir,B0141 yadgir,C0475 gajarkot,4481 motnalli,394,48.05,26.97,4481,10.0,85.0,1.08,,,,,,,,,,,,,,,,,,,,,,,,,,,,,
Yadgir,B0141 yadgir,C0627 hattikuni,2516 hattikuni,340,47.04,26.25,2516,10.0,80.0,-2.97,,,,,,,,,,,,,,,,,,,,,,,,,,,,,
Yadgir,B0141 yadgir,C0636 hedgimadra,5688 thanagundi,296,46.05,26.18,5688,15.0,85.0,5.21,,,,,,,,,,,,,,,,,,,,,,,,,,,,,
Yadgir,B0141 yadgir,C0636 hedgimadra,802 arkera (b),311,45.03,26.54,802,10.0,85.0,0.12,,,,,,,,,,,,,,,,,,,,,,,,,,,,,
Yadgir,B0141 yadgir,C0686 honagera,2742 hongera,453,39.62,30.59,2742,0.0,85.0,-4.33,,,,,,,,,,,,,,,,,,,,,,,,,,,,,
Yadgir,B0141 yadgir,C0686 honagera,6263 bandalli,196,35.23,26.02,6263,0.0,75.0,9.71,,,,,,,,,,,,,,,,,,,,,,,,,,,,,
Yadgir,B0141 yadgir,C0828 kadechur,3178 kadechur,117,49.49,26.04,3178,10.0,85.0,-12.58,,,,,,,,,,,,,,,,,,,,,,,,,,,,,
Yadgir,B0141 yadgir,C0885 kandakoor,3368 kandkur,219,40.46,24.94,3368,10.0,75.0,-3.82,,,,,,,,,,,,,,,,,,,,,,,,,,,,,
Yadgir,B0141 yadgir,C0885 kandakoor,4967 paspool,209,52.01,29.52,4967,10.0,90.0,-3.16,,,,,,,,,,,,,,,,,,,,,,,,,,,,,
Yadgir,B0141 yadgir,C0885 kandakoor,6220 yempad,421,28.73,25.43,6220,0.0,70.0,0.8,,,,,,,,,,,,,,,,,,,,,,,,,,,,,
Yadgir,B0141 yadgir,C0984 konkal,1644 chinnakar,336,34.6,25.22,1644,5.0,70.0,5.66,,,,,,,,,,,,,,,,,,,,,,,,,,,,,
Yadgir,B0141 yadgir,C0984 konkal,6309 konkal,573,41.54,26.21,6309,10.0,80.0,0.26,,,,,,,,,,,,,,,,,,,,,,,,,,,,,
Yadgir,B0141 yadgir,C1086 madhawar,3252 kalebelgunda,211,46.54,29.51,3252,5.0,85.0,5.15,,,,,,,,,,,,,,,,,,,,,,,,,,,,,
Yadgir,B0141 yadgir,C1086 madhawar,4100 madhwar,205,43.8,29.72,4100,5.0,80.0,-7.1,,,,,,,,,,,,,,,,,,,,,,,,,,,,,
Yadgir,B0141 yadgir,C1086 madhawar,6085 yalsatti,46,62.07,27.34,6085,17.5,92.5,0.14,,,,,,,,,,,,,,,,,,,,,,,,,,,,,
Yadgir,B0141 yadgir,C1104 malhar,3514 kawloor,78,64.04,26.87,3514,23.5,90.0,-5.75,,,,,,,,,,,,,,,,,,,,,,,,,,,,,
Yadgir,B0141 yadgir,C1104 malhar,4176 malhar,175,41.26,24.75,4176,10.0,75.0,13.18,,,,,,,,,,,,,,,,,,,,,,,,,,,,,
Yadgir,B0141 yadgir,C1104 malhar,6031 warknalli,86,52.5,25.81,6031,20.0,90.0,-3.2,,,,,,,,,,,,,,,,,,,,,,,,,,,,,
Yadgir,B0141 yadgir,C1370 putpak,1489 chandarki,176,50.0,28.2,1489,15.0,90.0,9.14,,,,,,,,,,,,,,,,,,,,,,,,,,,,,
Yadgir,B0141 yadgir,C1370 putpak,5032 putpak,193,36.63,24.07,5032,6.0,70.0,-6.27,,,,,,,,,,,,,,,,,,,,,,,,,,,,,
Yadgir,B0141 yadgir,C1394 ramsamudra,5089 ramsamudra,185,63.84,25.03,5089,25.0,95.0,-4.52,,,,,,,,,,,,,,,,,,,,,,,,,,,,,
Yadgir,B0141 yadgir,C1394 ramsamudra,6650 mundaragi,376,45.69,27.21,6650,5.0,80.0,1.02,,,,,,,,,,,,,,,,,,,,,,,,,,,,,
Yadgir,B0141 yadgir,C1427 saidapur,1179 belguda,323,44.23,30.07,1179,5.0,85.0,-2.96,,,,,,,,,,,,,,,,,,,,,,,,,,,,,
Yadgir,B0141 yadgir,C1427 saidapur,6361 saidapur,83,69.52,17.19,6361,45.0,90.0,-2.88,,,,,,,,,,,,,,,,,,,,,,,,,,,,,
Yadgir,B0141 yadgir,C1713 yadgir rural,6031 warknalli,207,57.44,24.88,6031,20.0,87.0,-0.65,,,,,,,,,,,,,,,,,,,,,,,,,,,,,
Yadgir,B0141 yadgir,C1714 yadgir station,4511 mudnal,451,38.98,28.36,4511,5.0,80.0,2.05,,,,,,,,,,,,,,,,,,,,,,,,,,,,,
Yadgir,B0141 yadgir,C1744 yelheri,3252 kalebelgunda,22,70.68,23.21,3252,32.5,90.0,0.58,,,,,,,,,,,,,,,,,,,,,,,,,,,,,
Yadgir,B0141 yadgir,C1744 yelheri,6083 yalleheri,325,37.57,27.21,6083,5.0,80.0,2.3,,,,,,,,,,,,,,,,,,,,,,,,,,,,,
Yadgir,B0141 yadgir,C1751 yergole,6114 yargole,195,52.0,27.13,6114,15.0,85.0,-4.51,,,,,,,,,,,,,,,,,,,,,,,,,,,,,
