District,Block,Cluster,GP,GP_ID
belagavi,bailhongal,anigol,amatur,646
belagavi,bailhongal,anigol,anigal,716
belagavi,bailhongal,anigol,bailwad,941
belagavi,bailhongal,anigol,chivat gundi,1669
belagavi,bailhongal,anigol,devalapur,1773
belagavi,bailhongal,anigol,vakkund,5954
belagavi,bailhongal,bailhongal,bailwad,941
belagavi,bailhongal,belavadi,belwadi,1206
belagavi,bailhongal,belavadi,holinagalapur,2723
belagavi,bailhongal,belavadi,kalabhavi,3229
belagavi,bailhongal,belavadi,kenganur,3547
belagavi,bailhongal,belavadi,khodanpur,3601
belagavi,bailhongal,belavadi,pattihal k.b.,4982
belagavi,bailhongal,belavadi,sangoli,5206
belagavi,bailhongal,belavadi,udakeri,5854
belagavi,bailhongal,budarkatti,belwadi,1206
belagavi,bailhongal,budarkatti,budarkatti,1407
belagavi,bailhongal,budarkatti,dodawad,1857
belagavi,bailhongal,budarkatti,govankoppa,2169
belagavi,bailhongal,chikkabagewadi,chikka bagewadi,1560
belagavi,bailhongal,chikkabagewadi,marikatti,4316
belagavi,bailhongal,chikkabagewadi,tigadi,5771
belagavi,bailhongal,deshnur,deshnur,1764
belagavi,bailhongal,deshnur,sutagatti,5564
belagavi,bailhongal,hanabarhatti,hanabaratti,2380
belagavi,bailhongal,hanabarhatti,myakalmardi,4606
belagavi,bailhongal,hanabarhatti,vannur,5970
belagavi,bailhongal,hannikeri,bhavihal,1279
belagavi,bailhongal,hannikeri,hannikeri,2426
belagavi,bailhongal,nagnoor,naganur,4645
belagavi,bailhongal,neginhal,holihosur,2722
belagavi,bailhongal,neginhal,neginal,4789
belagavi,bailhongal,nesargi,mallapur,213009365
belagavi,bailhongal,nesargi,murkibhavi,4575
belagavi,bailhongal,nesargi,myakalmardi,4606
belagavi,bailhongal,nesargi,nesargi,4827
belagavi,bailhongal,nesargi,sutagatti,5564
belagavi,bailhongal,sampagaon,mardi nagalapur,4308
belagavi,bailhongal,sampagaon,sampgaon,5188
belagavi,bailhongal,sampagaon,tigadi,5771
belagavi,belgaum rural,aralikatti,aralikatti,769
belagavi,belgaum rural,aralikatti,hirebagewadi,2620
belagavi,belgaum rural,balekundri kh,balekundri b.k.,964
belagavi,belgaum rural,balekundri kh,balekundri k.h.,965
belagavi,belgaum rural,balekundri kh,modaga,4456
belagavi,belgaum rural,balekundri kh,sambra,5183
belagavi,belgaum rural,bhendigeri,badas k.h.,911
belagavi,belgaum rural,bhendigeri,bhendigeri,1286
belagavi,belgaum rural,bhendigeri,k.k.koppa,3123
belagavi,belgaum rural,bhendigeri,kukadoli,3849
belagavi,belgaum rural,bhendigeri,mutnal,4594
belagavi,belgaum rural,bhutaramatti,bambarga,1000
belagavi,belgaum rural,bhutaramatti,hosa vantmuri,2777
belagavi,belgaum rural,desur,desur,1765
belagavi,belgaum rural,desur,markandeynagar,4321
belagavi,belgaum rural,desur,nandihalli,4719
belagavi,belgaum rural,dhamne s,dhamane s.bgm,1819
belagavi,belgaum rural,dharanatti,dharanatti,213009347
belagavi,belgaum rural,halga,bastwad,1097
belagavi,belgaum rural,halga,halga,2345
belagavi,belgaum rural,halga,mastamardi,4351
belagavi,belgaum rural,halga,tarihal,5639
belagavi,belgaum rural,handignur,bambarga,1000
belagavi,belgaum rural,hindalga,benakanahalli,1212
belagavi,belgaum rural,hindalga,hindalga,2605
belagavi,belgaum rural,hudli,hudli,2819
belagavi,belgaum rural,hudli,tummar guddi,5830
belagavi,belgaum rural,kadoli,bambarga,1000
belagavi,belgaum rural,kadoli,kadoli,3189
belagavi,belgaum rural,kakti,honga,2738
belagavi,belgaum rural,kakti,kakati,3222
belagavi,belgaum rural,kakti,rangadolli,5092
belagavi,belgaum rural,kangrali bk,honga,2738
belagavi,belgaum rural,kangrali bk,kangrali b.k.,3373
belagavi,belgaum rural,kangrali kh,agasage,542
belagavi,belgaum rural,kangrali kh,kangrali k.h.,3374
belagavi,belgaum rural,kangrali kh,kednur,3522
belagavi,belgaum rural,kk koppa,ankalgi,722
belagavi,belgaum rural,kk koppa,k.k.koppa,3123
belagavi,belgaum rural,mannur,ambewadi,654
belagavi,belgaum rural,mannur,sulga u,5529
belagavi,belgaum rural,marihal,kardiguddi,3442
belagavi,belgaum rural,marihal,marihal,4315
belagavi,belgaum rural,marihal,modaga,4456
belagavi,belgaum rural,marihal,sulebhavi,5525
belagavi,belgaum rural,muchandi,aste,819
belagavi,belgaum rural,muchandi,muchandi,4483
belagavi,belgaum rural,mutaga,balekundri k.h.,965
belagavi,belgaum rural,mutaga,mutaga,4587
belagavi,belgaum rural,mutaga,nilaji,4852
belagavi,belgaum rural,santibastwad,kinaye,3609
belagavi,belgaum rural,santibastwad,santi bastwad,5232
belagavi,belgaum rural,uchagaon,bekkinkeri,1141
belagavi,belgaum rural,uchagaon,kudremani,3840
belagavi,belgaum rural,uchagaon,turmari,5839
belagavi,belgaum rural,uchagaon,uchagaon,5847
belagavi,belgaum rural,yallur,yellur,6141
belagavi,khanapur,bhuranki,bhuranki,1302
belagavi,khanapur,bidi,bidi,1323
belagavi,khanapur,devalatti,devalatti,1775
belagavi,khanapur,halashi,halashi,2330
belagavi,khanapur,hiremunolli,hiremunoli,2668
belagavi,khanapur,hiremunolli,kadachwad,3150
belagavi,khanapur,idalhond,nittur,4874
belagavi,khanapur,itagi,gandigwad,2044
belagavi,khanapur,itagi,itagi,2976
belagavi,khanapur,kakkeri,kakkeri,3225
belagavi,khanapur,kakkeri,linganmath,4016
belagavi,khanapur,mangyankoppa,kerwad-gundyanatti,3567
belagavi,khanapur,mangyankoppa,mangyankop,4252
belagavi,khanapur,nagargali,godholi,2110
belagavi,khanapur,nandgad,nandgad,4710
belagavi,khanapur,parishwad,hirehattiholi,2637
belagavi,khanapur,parishwad,parishwad,4963
belagavi,khanapur,tolagi,k.bagewadi,3115
belagavi,kittur,ambadgatti,ambadgatti,648
belagavi,kittur,ambadgatti,tigadolli,5772
belagavi,kittur,ambadgatti,ugarkhod,5875
belagavi,kittur,bailur,bailur,939
belagavi,kittur,bailur,degaon,1758
belagavi,kittur,bailur,tigadolli,5772
belagavi,kittur,hosa kadarvalli,devar shigihalli,1789
belagavi,kittur,hosa kadarvalli,hunsikatti,2884
belagavi,kittur,hosa kadarvalli,kadrolli,3192
belagavi,kittur,hosa kadarvalli,turmari,5839
belagavi,kittur,kalbhavi,awaradi,856
belagavi,kittur,kalbhavi,hirenandihalli,2672
belagavi,kittur,kalbhavi,kalabhavi,3229
belagavi,kittur,kalbhavi,khodanpur,3601
belagavi,kittur,kalbhavi,turkar shigihalli,5838
belagavi,kittur,kittur,nichanki,4833
belagavi,kittur,kulavalli,kulavalli,3862
belagavi,kittur,kulavalli,nichanki,4833
belagavi,kittur,kulavalli,turkar shigihalli,5838
belagavi,kittur,m.k.hubli,dastikoppa,1753
belagavi,kittur,m.k.hubli,devar shigihalli,1789
belagavi,kittur,m.k.hubli,veerapura,213009351
belagavi,ramdurg,batakurki,batakurki,1099
belagavi,ramdurg,hanamapur,hanumapur,2434
belagavi,ramdurg,hanamapur,nandihal,4718
belagavi,ramdurg,hanamsagar,hanumasagar,213009594
belagavi,ramdurg,hirekoppa ks,hirekop k.s.,2653
belagavi,ramdurg,hosakoti,hosa koti,2776
belagavi,ramdurg,hosakoti,tondikatti,5793
belagavi,ramdurg,hulkund,chippal katti,1654
belagavi,ramdurg,hulkund,hulkund,2845
belagavi,ramdurg,k.chandargi,godachi,2106
belagavi,ramdurg,k.chandargi,k.chandargi,3119
belagavi,ramdurg,katkol,katkol,3490
belagavi,ramdurg,katkol,torangatti,5798
belagavi,ramdurg,manihal,gonnagar,2138
belagavi,ramdurg,manihal,idagal,2918
belagavi,ramdurg,manihal,kittur,3632
belagavi,ramdurg,manihal,manihal,4256
belagavi,ramdurg,mudakavi,hosa keri,2775
belagavi,ramdurg,mudakavi,mudakavi,4491
belagavi,ramdurg,mudenur,halagatti,2319
belagavi,ramdurg,mudenur,mudenur,4504
belagavi,ramdurg,mudenur,obalapur,213009595
belagavi,ramdurg,mullur,hale torgal,2336
belagavi,ramdurg,mullur,mullur,4544
belagavi,ramdurg,narasapur,bannur,1048
belagavi,ramdurg,narasapur,narsapur,4757
belagavi,ramdurg,salahalli,khodampur,3600
belagavi,ramdurg,salahalli,udapudi,5856
belagavi,ramdurg,sunnal,k. junipeth,3111
belagavi,ramdurg,sunnal,sunnal,5554
belagavi,ramdurg,sureban,avaradi,849
belagavi,ramdurg,sureban,sangal,5197
belagavi,ramdurg,sureban,sureban,5561
belagavi,ramdurg,turanur,ghatakanur,2089
belagavi,ramdurg,turanur,turanur,5836
belagavi,soundatti,aratagal,aratgal,784
belagavi,soundatti,aratagal,teggihal,5654
belagavi,soundatti,chachadi,chachadi,1463
belagavi,soundatti,chachadi,haru goppa,2495
belagavi,soundatti,chachadi,inchal,2941
belagavi,soundatti,hirebudanur,hire budnur,2614
belagavi,soundatti,hirebudanur,tadaslur,5597
belagavi,soundatti,hirekumbi,chulki,1689
belagavi,soundatti,hirekumbi,hanchinal,2398
belagavi,soundatti,hirekumbi,hirekumbi,2656
belagavi,soundatti,hooli,goravan kolla,2151
belagavi,soundatti,hooli,hooli,2765
belagavi,soundatti,hoolikatti,gorbal,2153
belagavi,soundatti,hoolikatti,hooli katti,2766
belagavi,soundatti,hoolikatti,kagadal,3199
belagavi,soundatti,hoolikatti,sirsangi,5438
belagavi,soundatti,hosur,hosur,2805
belagavi,soundatti,hosur,rudrapur,5132
belagavi,soundatti,inamhongal,inam hongal,2939
belagavi,soundatti,inamhongal,sangresh koppa,5207
belagavi,soundatti,karikatti,asundi,822
belagavi,soundatti,karikatti,karikatti,3451
belagavi,soundatti,karikatti,sutagatti,5564
belagavi,soundatti,murgod,markumbi,4326
belagavi,soundatti,murgod,murgod,4572
belagavi,soundatti,sattigeri,akki sagar,579
belagavi,soundatti,sattigeri,mugalihal,4524
belagavi,soundatti,sattigeri,sattigeri,5267
belagavi,soundatti,shindogi,bhandarahalli,213009372
belagavi,soundatti,shindogi,shindogi,5340
belagavi,soundatti,shivapur,kotur,3811
belagavi,soundatti,shivapur,madamgeri,4069
belagavi,soundatti,tallur,aladakatti,587
belagavi,soundatti,tallur,mabanur,4048
belagavi,soundatti,tallur,madlur,4110
belagavi,soundatti,tallur,tallur,5621
belagavi,soundatti,ugargol,betsur,1239
belagavi,soundatti,ugargol,ugargol,5874
belagavi,soundatti,yakkundi,badli,916
belagavi,soundatti,yakkundi,mallur,4201
belagavi,soundatti,yakkundi,yakkundi,6061
belagavi,soundatti,yarazarvi,kadabi,3148
belagavi,soundatti,yarazarvi,yarzarvi,6118
belagavi,soundatti,yargatti,soppadla,5485
bagalkot,badami,beluru,belur,1201
bagalkot,badami,beluru,mangalur,4246
bagalkot,badami,cholachagudda,cholachagudda,1670
bagalkot,badami,cholachagudda,kataraki,213009333
bagalkot,badami,halakurki,adagal,510
bagalkot,badami,halakurki,halakurki,2327
bagalkot,badami,halakurki,kendur,3546
bagalkot,badami,haligeri,haligeri,213009165
bagalkot,badami,haligeri,kainakatti,3215
bagalkot,badami,hansanur,halakurki,2327
bagalkot,badami,hansanur,hansnoor,2427
bagalkot,badami,hansanur,kelawadi,3531
bagalkot,badami,hansanur,kendur,3546
bagalkot,badami,hebballi,alur sk,633
bagalkot,badami,hebballi,kittali,3631
bagalkot,badami,hebballi,hebballi,6294
bagalkot,badami,housur,hosur,6503
bagalkot,badami,inam hullikeri,hullikeri inam,2853
bagalkot,badami,kagalgomba,hoolageri,2764
bagalkot,badami,kagalgomba,sulikeri,5534
bagalkot,badami,katageri,jammanakatti,3038
bagalkot,badami,katageri,katageri,3479
bagalkot,badami,katageri,hangaragi,2420
bagalkot,badami,kotikal,hanapur sp,213009602
bagalkot,badami,kotikal,parvati,4965
bagalkot,badami,kotikal,kotikal,3802
bagalkot,badami,kulageri cross,alur sk,633
bagalkot,badami,kulageri cross,kakanur,3221
bagalkot,badami,kulageri cross,khanapur sk,3590
bagalkot,badami,kulageri cross,narsapura,213009605
bagalkot,badami,layadagundi,haladur,2313
bagalkot,badami,layadagundi,layadagundi,4011
bagalkot,badami,layadagundi,nagaral sp,4655
bagalkot,badami,muttalageri,mustigeri,4584
bagalkot,badami,muttalageri,muttalageri,4597
bagalkot,badami,nandikeswara,nandikeshwar,4721
bagalkot,badami,nandikeswara,pattadakall,4973
bagalkot,badami,narenur,fakirbudihal,1994
bagalkot,badami,narenur,kainakatti,3215
bagalkot,badami,neelagund,mamtageri,4210
bagalkot,badami,neelagund,narsapura,213009605
bagalkot,badami,neelagund,neelagund,4778
bagalkot,badami,neerabudhihal,kainakatti,3215
bagalkot,badami,neerabudhihal,anawal,695
bagalkot,badami,neerabudhihal,neerbudihal,4783
bagalkot,badami,urdu guledagudd,hangaragi,2420
bagalkot,bagalkot,bennur,bennuru,6222
bagalkot,bagalkot,bennur,bilkerur,1350
bagalkot,bagalkot,bennur,kadlimatti,3188
bagalkot,bagalkot,bevoor,bevoor,1254
bagalkot,bagalkot,bevoor,bilkerur,1350
bagalkot,bagalkot,bevoor,timmapur,5776
bagalkot,bagalkot,bhagavati,benakatti,1216
bagalkot,bagalkot,bhagavati,bhagavati,1260
bagalkot,bagalkot,bhagavati,bilkerur,1350
bagalkot,bagalkot,bhagavati,hallur,2363
bagalkot,bagalkot,gaddanakeri,gaddanakeri,2012
bagalkot,bagalkot,gaddanakeri,muranal,4571
bagalkot,bagalkot,gaddanakeri,simikeri,5411
bagalkot,bagalkot,gulabal,hiregulbal,2630
bagalkot,bagalkot,gulabal,timmapur,5776
bagalkot,bagalkot,haligeri,neeralakeri,4785
bagalkot,bagalkot,kadampur,kadampur,3166
bagalkot,bagalkot,kaladagi,kaladagi,3230
bagalkot,bagalkot,kaladagi,khajjadoni,3586
bagalkot,bagalkot,mugalolli,benakatti,1216
bagalkot,bagalkot,mugalolli,bevinamatti,1253
bagalkot,bagalkot,mugalolli,mugalolli,4526
bagalkot,bagalkot,nainegali,nayanegali,4774
bagalkot,bagalkot,shirur,shikkeri,5336
bagalkot,bagalkot,shirur,neeralakeri,4785
bagalkot,bagalkot,sitimani r s,hosur,213009604
bagalkot,bagalkot,sitimani r s,rampur,5085
bagalkot,bagalkot,sutagundar,chikkamyageri,1597
bagalkot,bagalkot,sutagundar,sutagundar,5565
bagalkot,bagalkot,tulasigeri,chikkasellikeri,1607
bagalkot,bagalkot,tulasigeri,devanal,1780
bagalkot,bagalkot,tulasigeri,tulasigeri,5823
bagalkot,bagalkot,urdu east,bilkerur,1350
bagalkot,bagalkot,urdu east,hosur,6503
bagalkot,bagalkot,urdu west,kaladagi,3230
bagalkot,bagalkot,yadahalli-(bgk),devanal,1780
bagalkot,bagalkot,yadahalli-(bgk),yadahalli,213009332
bagalkot,bilagi,anagwadi,anagawadi,678
bagalkot,bilagi,anagwadi,budihal sa,1410
bagalkot,bilagi,anagwadi,herkal,2592
bagalkot,bilagi,galagali,galagali,2026
bagalkot,bilagi,galagali,kolur (k),3713
bagalkot,bilagi,kandagal,badagandi,899
bagalkot,bilagi,kandagal,girisagar,2101
bagalkot,bilagi,kandagal,heggur,2568
bagalkot,bilagi,kandagal,kandagal,3359
bagalkot,bilagi,kataraki,chikkalagundi,1586
bagalkot,bilagi,kataraki,kataraki,3483
bagalkot,bilagi,kundargi,arakeri,759
bagalkot,bilagi,kundargi,budihal sa,1410
bagalkot,bilagi,kundargi,janamatti,3042
bagalkot,bilagi,kundargi,kundaragi,3890
bagalkot,bilagi,manniker,honnihal,2760
bagalkot,bilagi,manniker,korti,3783
bagalkot,bilagi,siddapur,nagaral,4654
bagalkot,bilagi,siddapur,siddapura,6311
bagalkot,bilagi,siddapur,sonna,5474
bagalkot,bilagi,sunag,heggur,2568
bagalkot,bilagi,sunag,sunag,5543
bagalkot,bilagi,teggi,inam hanchinal,2938
bagalkot,bilagi,teggi,teggi,5653
bagalkot,bilagi,yadahalli,badagi,901
bagalkot,bilagi,yadahalli,yadahalli,6040
bagalkot,hunagund,aihole,aihole,561
bagalkot,hunagund,aihole,huvinahalli,2904
bagalkot,hunagund,bingawadagi,amarawati,643
bagalkot,hunagund,bingawadagi,binjawadagi,1358
bagalkot,hunagund,budihal s k,budihal sk,1411
bagalkot,hunagund,chicknal,chikanal,1558
bagalkot,hunagund,dhannur,dhannur,1823
bagalkot,hunagund,dhannur,havaragi,213009597
bagalkot,hunagund,dhannur,marol,4332
bagalkot,hunagund,gudur,gudur sc,2215
bagalkot,hunagund,gudur,muradi,4568
bagalkot,hunagund,gudur,vadageri,5932
bagalkot,hunagund,heremagi,chittaragi,1665
bagalkot,hunagund,heremagi,hiremagi,2658
bagalkot,hunagund,heremagi,hiremalagavi,2659
bagalkot,hunagund,heremagi,rakkasagi,5063
bagalkot,hunagund,hiresingangutti,hiresinganagutti,2678
bagalkot,hunagund,hungund,belagal,1145
bagalkot,hunagund,ilkal middle,chikodagali,1620
bagalkot,hunagund,ilkal middle,hirekodagli,2648
bagalkot,hunagund,ilkal west,balakundi,955
bagalkot,hunagund,ilkal west,chikodagali,1620
bagalkot,hunagund,kandgall,hireotageri,2674
bagalkot,hunagund,kandgall,kandagal,213009401
bagalkot,hunagund,karadi,karadi,3421
bagalkot,hunagund,kudal sangam,bisaladinni,213009599
bagalkot,hunagund,kudal sangam,ganjihal,2061
bagalkot,hunagund,kudal sangam,hiremalagavi,2659
bagalkot,hunagund,kudal sangam,kudal-sangam,3826
bagalkot,hunagund,muganur,huvinahalli,2904
bagalkot,hunagund,muganur,muganur,4528
bagalkot,hunagund,nagur,hirebadawadagi,2618
bagalkot,hunagund,nagur,nagur,4680
bagalkot,hunagund,nagur,rakkasagi,5063
bagalkot,hunagund,nandawadagi,nandawadagi,4708
bagalkot,hunagund,sulibhavi,kelur,3534
bagalkot,hunagund,sulibhavi,sulebhavi,6367
bagalkot,hunagund,tumb,gorabal,6307
bagalkot,hunagund,tumb,jambaladinni,3034
bagalkot,hunagund,urdu hunagund,marol,4332
bagalkot,jamakhandi,banahatti east,navalagi,4759
bagalkot,jamakhandi,banahatti west,asangi,815
bagalkot,jamakhandi,bidari,bidari,1322
bagalkot,jamakhandi,chimmad,chimmada,1630
bagalkot,jamakhandi,gadyal,kannolli,3394
bagalkot,jamakhandi,golabhavi,golabhavi,2119
bagalkot,jamakhandi,golabhavi,sasalatti,5252
bagalkot,jamakhandi,gothe,ghote,2097
bagalkot,jamakhandi,gothe,kajibilagi,213009600
bagalkot,jamakhandi,hipparagi,hipparagi,2608
bagalkot,jamakhandi,hipparagi,kulhalli,3865
bagalkot,jamakhandi,hirepadasalagi,alagur,594
bagalkot,jamakhandi,hirepadasalagi,chikkapadasalagi,1606
bagalkot,jamakhandi,hirepadasalagi,hirepadasalagi,2675
bagalkot,jamakhandi,hulyal,hulyal,2859
bagalkot,jamakhandi,hulyal,siddapura,213009331
bagalkot,jamakhandi,hunnur,hunnur,2878
bagalkot,jamakhandi,hunnur,madarakandi,4081
bagalkot,jamakhandi,jamakhandi west,kadapatti,3170
bagalkot,jamakhandi,konnur,konnur,3752
bagalkot,jamakhandi,konnur,mareguddi,213009603
bagalkot,jamakhandi,kunchanur,kumbarhalla,3873
bagalkot,jamakhandi,kunchanur,kunchanur,3882
bagalkot,jamakhandi,kunchanur,linganur,4017
bagalkot,jamakhandi,maigur,kankanawadi,3379
bagalkot,jamakhandi,maigur,maigur,4129
bagalkot,jamakhandi,maigur,muttur,4604
bagalkot,jamakhandi,rabakavi,hanagandi,2384
bagalkot,jamakhandi,rampur,jagadal,3002
bagalkot,jamakhandi,rampur,yallatti,213009601
bagalkot,jamakhandi,savalagi,jambagi bk,3033
bagalkot,jamakhandi,savalagi,savalagi,5272
bagalkot,jamakhandi,terdal east,halingali,2348
bagalkot,jamakhandi,terdal east,tamadaddi,213009342
bagalkot,jamakhandi,todalbagi,adihudi,213009598
bagalkot,jamakhandi,todalbagi,todalabagi,5790
bagalkot,jamakhandi,tungal,shurpali,5389
bagalkot,jamakhandi,tungal,tungal,5832
bagalkot,jamakhandi,urdu savalagi,jambagi bk,3033
bagalkot,mudhol,bhantanur,bhantanur,1272
bagalkot,mudhol,chichkhandi k d,chinchakandi,1636
bagalkot,mudhol,chichkhandi k d,metagudda,4432
bagalkot,mudhol,chichkhandi k d,gulagal jambagi,2221
bagalkot,mudhol,hebbal,hebbal,6666
bagalkot,mudhol,hebbal,kasabajambagi,3474
bagalkot,mudhol,lakshanatti,lakshanatti,4000
bagalkot,mudhol,lokapur,dadanatti,1719
bagalkot,mudhol,machakanur,machakanur,4049
bagalkot,mudhol,madabhavi,madabhavi,4054
bagalkot,mudhol,mahalingapur mps,dhavaleshwar,1834
bagalkot,mudhol,mahalingapur mps,nagaral,213009334
bagalkot,mudhol,mahalingapur mps,nandagaon,4703
bagalkot,mudhol,mantur,halagali,2314
bagalkot,mudhol,mantur,mantur,4277
bagalkot,mudhol,mantur,melligeri,4418
bagalkot,mudhol,mugalkhod,mugalkhod,4525
bagalkot,mudhol,saidapur,kesarakoppa,3570
bagalkot,mudhol,saidapur,saidapur,5154
bagalkot,mudhol,shirol,shirol,5362
bagalkot,mudhol,soragaon,kulali,3860
bagalkot,mudhol,soragaon,malali,4155
bagalkot,mudhol,soragaon,soragaon,5487
bagalkot,mudhol,uttur,uttur,5926
bagalkot,mudhol,uttur,vantagodi,5971
bagalkot,mudhol,uttur,gulagal jambagi,2221
bagalkot,mudhol,yadahalli ingalagi,baragi,6247
bagalkot,mudhol,yadahalli ingalagi,ingalagi,6339
bagalkot,mudhol,yadahalli ingalagi,vajjaramatti,5949
vijayapura,basavan bagewadi,alamatti d s,alamatti,600
vijayapura,basavan bagewadi,alamatti d s,benal rc,1217
vijayapura,basavan bagewadi,basavana bagewadi urdu,ingaleswar,2955
vijayapura,basavan bagewadi,chimmalagi,arashanagi,779
vijayapura,basavan bagewadi,chimmalagi,chimmalagi,1632
vijayapura,basavan bagewadi,chimmalagi,siddanath rc,5399
vijayapura,basavan bagewadi,donur,donur,1945
vijayapura,basavan bagewadi,donur,marakabinnal,4288
vijayapura,basavan bagewadi,golasangi,golasangi,2120
vijayapura,basavan bagewadi,golasangi,kudagi,3824
vijayapura,basavan bagewadi,golasangi,muttagi,4595
vijayapura,basavan bagewadi,h hipparagi,h. hipparagi,2276
vijayapura,basavan bagewadi,h hipparagi,hunysal p b,2890
vijayapura,basavan bagewadi,ingaleshwar,ingaleswar,2955
vijayapura,basavan bagewadi,ingaleshwar,masibinal,4348
vijayapura,basavan bagewadi,itagi,hebbal,6667
vijayapura,basavan bagewadi,itagi,ittagi,2981
vijayapura,basavan bagewadi,jayawadagi,byakod,1434
vijayapura,basavan bagewadi,jayawadagi,kanakal,3339
vijayapura,basavan bagewadi,k salawadagi,dindwar,1851
vijayapura,basavan bagewadi,k salawadagi,k salawadagi,3109
vijayapura,basavan bagewadi,kolhar,hanamapur,2390
vijayapura,basavan bagewadi,managuli,yarnal,6117
vijayapura,basavan bagewadi,managuli no. 2,ukkali,5883
vijayapura,basavan bagewadi,managuli urdu,mulwad,4548
vijayapura,basavan bagewadi,mulawad,mulwad,4548
vijayapura,basavan bagewadi,mulawad,talewad,5616
vijayapura,basavan bagewadi,muttagi,mannur,4270
vijayapura,basavan bagewadi,muttagi,muttagi,4595
vijayapura,basavan bagewadi,narasalagi,narasalagi,4738
vijayapura,basavan bagewadi,nidagundi urdu,biraladinni,1362
vijayapura,basavan bagewadi,ronihal,malaghan,4152
vijayapura,basavan bagewadi,ronihal,ronihal,5125
vijayapura,basavan bagewadi,telagi,arashanagi,779
vijayapura,basavan bagewadi,telagi,masuti,4356
vijayapura,basavan bagewadi,telagi,telagi,5658
vijayapura,basavan bagewadi,wadawadagi,sasasnur,5254
vijayapura,basavan bagewadi,wadawadagi,wadawadagi,6012
vijayapura,basavan bagewadi,wandal,biraladinni,1362
vijayapura,basavan bagewadi,wandal,chimmalagi,1632
vijayapura,basavan bagewadi,wandal,wandal,6020
vijayapura,basavan bagewadi,yalawar,sathihal,5264
vijayapura,basavan bagewadi,yalawar,wadawadagi,6012
vijayapura,basavan bagewadi,yalawar,yalwar,6088
vijayapura,chadachan,baradol,baradol,1057
vijayapura,chadachan,baradol,devara nimbaragi,1791
vijayapura,chadachan,chadachan,devara nimbaragi,1791
vijayapura,chadachan,chadachan,revatagoan,5118
vijayapura,chadachan,dhulakhed,dhulakhed,1836
vijayapura,chadachan,hadalasang,hadalasang,2289
vijayapura,chadachan,halasangi,halasangi,2329
vijayapura,chadachan,halasangi,hingani,6688
vijayapura,chadachan,hattalli,hattalli,2509
vijayapura,chadachan,hattalli,umarani,5899
vijayapura,chadachan,horti,basanal,1074
vijayapura,chadachan,horti,horti,2772
vijayapura,chadachan,inchageri,inchageri,2940
vijayapura,chadachan,inchageri,koluragi,3714
vijayapura,chadachan,jigajivanagi,jigajivanagi,3072
vijayapura,chadachan,loni,loni bk,4031
vijayapura,chadachan,loni,umarani,5899
vijayapura,chadachan,nandaragi,nandaragi,4706
vijayapura,chadachan,nivaragi,nivaragi,4877
vijayapura,chadachan,nivaragi,revatagoan,5118
vijayapura,chadachan,nivaragi,umaraja,213009168
vijayapura,chadachan,zalaki,ballolli,985
vijayapura,chadachan,zalaki,halasangi,2329
vijayapura,chadachan,zalaki,zalaki,6158
vijayapura,indi,agarakhed,agarkhed,541
vijayapura,indi,agarakhed,gubbewad,213009630
vijayapura,indi,agarakhed,hingani,213009632
vijayapura,indi,agarakhed,padanur,4913
vijayapura,indi,alur,alur,213009402
vijayapura,indi,alur,ingalagi,6340
vijayapura,indi,anjutagi,anjutagi,718
vijayapura,indi,atharga,atharga,826
vijayapura,indi,atharga,benakanahalli,6461
vijayapura,indi,bhatagunaki,bathagunaki,1102
vijayapura,indi,chikkabevanur,bablad,886
vijayapura,indi,chikkabevanur,chavadihal,1525
vijayapura,indi,chikkabevanur,chikkabevanor,1570
vijayapura,indi,halasangi,hingani,213009632
vijayapura,indi,hanjagi,chavadihal,1525
vijayapura,indi,hanjagi,hanjagi,2424
vijayapura,indi,hirebevanur,gubbewad,213009630
vijayapura,indi,hirebevanur,hirebevanur,2623
vijayapura,indi,hirerugi,hirerugi,2676
vijayapura,indi,lachyan,ahirasang,558
vijayapura,indi,lachyan,lachan,3983
vijayapura,indi,lalasangi,arjunagi b.k,799
vijayapura,indi,lalasangi,lalasang,4009
vijayapura,indi,lalasangi,miragi,4445
vijayapura,indi,nad kd,arjunagi b.k,799
vijayapura,indi,nad kd,nad kd,4625
vijayapura,indi,nad kd,sirasyad,5433
vijayapura,indi,nandaragi,kapanimbaragi,213009633
vijayapura,indi,nimbal kd,nimbal kd,4861
vijayapura,indi,salotagi,khyadagi,3603
vijayapura,indi,salotagi,salutagi,5179
vijayapura,indi,satalagoan urdu,arjunagi b.k,799
vijayapura,indi,tadwalaga,tadawalaga,5598
vijayapura,indi,tamba,tamba,5629
vijayapura,indi,tenihalli,masali bk,4341
vijayapura,indi,tenihalli,tenihalla,5666
vijayapura,muddebihal,adavi somanal,adavi somanal,520
vijayapura,muddebihal,adavi somanal,nagarabetta,4649
vijayapura,muddebihal,alur,alur,632
vijayapura,muddebihal,b salawadagi,b.salawadagi,878
vijayapura,muddebihal,balabatti,balabatti,947
vijayapura,muddebihal,balabatti,kalagi,3233
vijayapura,muddebihal,balabatti,yalagur,6069
vijayapura,muddebihal,basarakod,basarakod,1077
vijayapura,muddebihal,basarakod,rudagi,5130
vijayapura,muddebihal,dhavalagi,dhavalagi,1833
vijayapura,muddebihal,hadalageri,bidarakundi,1320
vijayapura,muddebihal,hadalageri,hadalageri,2288
vijayapura,muddebihal,hiremural,hiremural,2669
vijayapura,muddebihal,hiremural,kavadimatti,3503
vijayapura,muddebihal,hiremural,nagarabetta,4649
vijayapura,muddebihal,hullur,hullur,2855
vijayapura,muddebihal,ingalageri,ingalageri,2952
vijayapura,muddebihal,ingalageri,kuntoji,3908
vijayapura,muddebihal,ingalageri,mukihal,4534
vijayapura,muddebihal,kodaganur,bhantanur,6517
vijayapura,muddebihal,kodaganur,kodaganur,3640
vijayapura,muddebihal,konnur,hirur,2688
vijayapura,muddebihal,konnur,konnur,6444
vijayapura,muddebihal,madikeshwar,bavur,1106
vijayapura,muddebihal,madikeshwar,madikeshwar,4104
vijayapura,muddebihal,minajagi,bommanahalli,213009404
vijayapura,muddebihal,minajagi,minajagi,213009635
vijayapura,muddebihal,minajagi,mukihal,4534
vijayapura,muddebihal,nalatawad,bijjur,1334
vijayapura,muddebihal,nalatawad,nagabenal,4635
vijayapura,muddebihal,rakkasagi,rakkasagi,6646
vijayapura,muddebihal,tangadagi,kollur,3708
vijayapura,muddebihal,tangadagi,tangadagi,5633
vijayapura,muddebihal,tumbagi,bommanahalli,213009404
vijayapura,muddebihal,tumbagi,tumbagi,5828
vijayapura,muddebihal,wadawadagi,balabatti,947
vijayapura,muddebihal,yarazari,yarazari,6110
vijayapura,sindagi,almel urdu,devangaon,1781
vijayapura,sindagi,aski,bekinal,1137
vijayapura,sindagi,balaganur,balaganur,952
vijayapura,sindagi,balaganur,chandkote,1493
vijayapura,sindagi,devanagaon,devangaon,1781
vijayapura,sindagi,devar hipparagi,bandal,1015
vijayapura,sindagi,devar hipparagi,harnal,2479
vijayapura,sindagi,devar hipparagi,mulsavalagi,4547
vijayapura,sindagi,devar hipparagi i urdu,jalwad,3029
vijayapura,sindagi,devar hipparagi i urdu,kondaguli,3737
vijayapura,sindagi,devar hipparagi i urdu,manor,4271
vijayapura,sindagi,devara navadagi,bommanahalli,1387
vijayapura,sindagi,devara navadagi,devarnavadagi,1807
vijayapura,sindagi,gabasavalagi,yargal b k,6113
vijayapura,sindagi,gabasavalagi,dasamantpur (b),2007
vijayapura,sindagi,golageri,golgeri,2121
vijayapura,sindagi,gubbewad,gubbewad,2182
vijayapura,sindagi,hittinahalli,chikrugi,1622
vijayapura,sindagi,hittinahalli,hittanalli,2696
vijayapura,sindagi,honnalli,honnalli,2748
vijayapura,sindagi,jalawad,jalwad,3029
vijayapura,sindagi,kadani,kadani,3167
vijayapura,sindagi,kalakeri,hunsyal,2886
vijayapura,sindagi,kalakeri,kalkeri,3262
vijayapura,sindagi,kalakeri urdu,hunsyal,2886
vijayapura,sindagi,kannolli,bandal,1015
vijayapura,sindagi,kannolli,kannolli,6603
vijayapura,sindagi,kerutagi,handiganor,2408
vijayapura,sindagi,kerutagi,kerutagi,3564
vijayapura,sindagi,kondaguli,kondaguli,3737
vijayapura,sindagi,korahalli,korahalli,3770
vijayapura,sindagi,korahalli,ramanahalli,213009637
vijayapura,sindagi,korawar,kokatanur,3683
vijayapura,sindagi,korawar,korwar,6249
vijayapura,sindagi,korawar,manor,4271
vijayapura,sindagi,malaghan,malaghan,213009634
vijayapura,sindagi,manur,manor,4271
vijayapura,sindagi,moratagi,bagalur,919
vijayapura,sindagi,moratagi,moratagi,4473
vijayapura,sindagi,moratagi urdu,dasamantpur (b),2007
vijayapura,sindagi,mulasavalagi,chattraki,1524
vijayapura,sindagi,mulasavalagi,mulsavalagi,4547
vijayapura,sindagi,rampur pa,hikkanagutti,213009631
vijayapura,sindagi,rampur pa,rampur p a,5086
vijayapura,sindagi,sindagi(urdu),honnalli,2748
vijayapura,sindagi,sungathan,nagavi bk,213009636
vijayapura,sindagi,sungathan,sughathan,5518
vijayapura,sindagi,yalagod,honnalli,2748
vijayapura,sindagi,yalagod,yalgod,6075
vijayapura,sindagi,yankanchi,byakod,213009629
vijayapura,sindagi,yankanchi,yankanchi,6096
vijayapura,vijayapura rural,aheri,aheri,557
vijayapura,vijayapura rural,aliyabad,alliyabad,626
vijayapura,vijayapura rural,arakeri,arakeri,6648
vijayapura,vijayapura rural,arakeri lt no. 1,arakeri,6648
vijayapura,vijayapura rural,arjunagi,arjunagi,798
vijayapura,vijayapura rural,arjunagi,bolachikkalaki,1380
vijayapura,vijayapura rural,babaleshwar,babeleswar,885
vijayapura,vijayapura rural,babaleshwar,sarwad,5250
vijayapura,vijayapura rural,babaleshwar urdu,jainapur,3009
vijayapura,vijayapura rural,babanagar,babanagar,883
vijayapura,vijayapura rural,babanagar,bijjaragi,1332
vijayapura,vijayapura rural,baratagi,alliyabad,626
vijayapura,vijayapura rural,baratagi,baratagi,1065
vijayapura,vijayapura rural,bommanahallii,tidagundi,5769
vijayapura,vijayapura rural,gunadal,gundal,2242
vijayapura,vijayapura rural,gunadal,hosur,6504
vijayapura,vijayapura rural,gunaki,gunaki,2236
vijayapura,vijayapura rural,halagani,halagani,2317
vijayapura,vijayapura rural,hittinahalli,hegadihal,2556
vijayapura,vijayapura rural,hittinahalli,hittanahalli,2695
vijayapura,vijayapura rural,honaganahalli,honaganahalli,2732
vijayapura,vijayapura rural,honaganahalli,jumanal,3093
vijayapura,vijayapura rural,honaganahalli,karajol,3433
vijayapura,vijayapura rural,jainapur,jainapur,3009
vijayapura,vijayapura rural,jalageri,jalgeri,3022
vijayapura,vijayapura rural,jambagi,jambagi a,3032
vijayapura,vijayapura rural,kakhandaki,kakandaki,3220
vijayapura,vijayapura rural,kallakavatagi,gonasagi,2129
vijayapura,vijayapura rural,kambagi,kambagi,3319
vijayapura,vijayapura rural,kanamadi,kanamadi,3348
vijayapura,vijayapura rural,kannur,kannur,3395
vijayapura,vijayapura rural,kawalagi,ainapur,564
vijayapura,vijayapura rural,kawalagi,honatagi,2735
vijayapura,vijayapura rural,kawalagi,kumatagi,3867
vijayapura,vijayapura rural,kawalagi,madbhavi,4085
vijayapura,vijayapura rural,lohagoan,lohgaon,4022
vijayapura,vijayapura rural,lohagoan,siddapura,5400
vijayapura,vijayapura rural,makhanapur,makanapur,4136
vijayapura,vijayapura rural,mamadapur,devar gennur,1788
vijayapura,vijayapura rural,mamadapur,mamadapur,4208
vijayapura,vijayapura rural,nagathan,nagthan,4679
vijayapura,vijayapura rural,nidoni,kumathe,3868
vijayapura,vijayapura rural,nidoni,nidoni,4843
vijayapura,vijayapura rural,shivanagi,hadagali,2287
vijayapura,vijayapura rural,shivanagi,kumatagi,3867
vijayapura,vijayapura rural,shivanagi,shivanagi,5379
vijayapura,vijayapura rural,siddapur k,siddapura,5400
vijayapura,vijayapura rural,tajapur h,sarwad,5250
vijayapura,vijayapura rural,tajapur h,tajpur h,5604
vijayapura,vijayapura rural,takkalaki,takkalaki,5606
vijayapura,vijayapura rural,tikota,honwad,2763
vijayapura,vijayapura rural,tikota,kotyal,3812
vijayapura,vijayapura rural,tikota,nidoni,4843
vijayapura,vijayapura rural,tikota,tikota,5773
vijayapura,vijayapura rural,toravi,torvi,5800
kalaburgi,afzalpur,atnoor,atnoor,829
kalaburgi,afzalpur,atnoor,mallabad,4183
kalaburgi,afzalpur,baluragi,baluragi,995
kalaburgi,afzalpur,baluragi,nandargi,4707
kalaburgi,afzalpur,bandarwad,bandarwad,1019
kalaburgi,afzalpur,bandarwad,hasargundagi,2503
kalaburgi,afzalpur,bhairamadagi,bhairamadagi,1264
kalaburgi,afzalpur,bhairamadagi,madra (b),4112
kalaburgi,afzalpur,chowdapur,chowdapur,1681
kalaburgi,afzalpur,chowdapur,madra (b),4112
kalaburgi,afzalpur,deval gangapur,anoor,735
kalaburgi,afzalpur,deval gangapur,deval ganagapur,1770
kalaburgi,afzalpur,deval gangapur,tellur,5663
kalaburgi,afzalpur,deval gangapur,kallur,1762
kalaburgi,afzalpur,ghattarga,ghattarga,2093
kalaburgi,afzalpur,ghattarga,kallur,1762
kalaburgi,afzalpur,gobbur (b),bidanoor,1310
kalaburgi,afzalpur,gobbur (b),gobbur (b),2104
kalaburgi,afzalpur,gour (b),bankalaga,1035
kalaburgi,afzalpur,gour (b),gour (b),2167
kalaburgi,afzalpur,gour (b),nandargi,4707
kalaburgi,afzalpur,karajagi,allagi (b),622
kalaburgi,afzalpur,karajagi,bankalaga,1035
kalaburgi,afzalpur,karajagi,karajagi,3431
kalaburgi,afzalpur,karajagi,ram nagar,5064
kalaburgi,afzalpur,mannur,bankalaga,1035
kalaburgi,afzalpur,mannur,mannur,6449
kalaburgi,afzalpur,mannur,ram nagar,5064
kalaburgi,afzalpur,mannur,udachan,5850
kalaburgi,afzalpur,mashal,mashal,4347
kalaburgi,afzalpur,revoor (b),badadal,896
kalaburgi,afzalpur,revoor (b),revoor (b),5119
kalaburgi,afzalpur,station gangapur,gudoor,2211
kalaburgi,afzalpur,station gangapur,koganoor,3674
kalaburgi,afzalpur,station gangapur,madra (b),4112
kalaburgi,afzalpur,urdu chinamagera,atnoor,829
kalaburgi,afzalpur,urdu chinamagera,deval ganagapur,1770
kalaburgi,aland,aland south urdu,nirgudi,4868
kalaburgi,aland,aland south urdu,suntnoor,5556
kalaburgi,aland,ambalaga,muddadaga,6187
kalaburgi,aland,bhusanoor,bhusnoor,1303
kalaburgi,aland,bhusanoor,dhangapur,1822
kalaburgi,aland,bhusanoor,hittal siroor,6172
kalaburgi,aland,chinchansoor,chinchansoor,1639
kalaburgi,aland,chinchansoor,keriambalaga,6173
kalaburgi,aland,chinchansoor,srichand,5499
kalaburgi,aland,durga siroor,darga siroor,1741
kalaburgi,aland,durga siroor,mogha k,6182
kalaburgi,aland,durga siroor,nimbal,4860
kalaburgi,aland,duttargaon,dannuru,6183
kalaburgi,aland,duttargaon,duttargaon,1969
kalaburgi,aland,duttargaon,kodalhangarga,3644
kalaburgi,aland,hirolli,hirolli,2687
kalaburgi,aland,hirolli,padsawali,4915
kalaburgi,aland,hodalur,alanga,605
kalaburgi,aland,hodalur,hodloor,2705
kalaburgi,aland,jidaga,jidga,3071
kalaburgi,aland,jidaga,kawalga,3511
kalaburgi,aland,jidaga,mogha k,6182
kalaburgi,aland,kadaganchi,gola (b),2118
kalaburgi,aland,kadaganchi,kadganchi,3183
kalaburgi,aland,kadaganchi,keriambalaga,6173
kalaburgi,aland,kadaganchi,suntnoor,5556
kalaburgi,aland,khajuri,khajuri,3587
kalaburgi,aland,khajuri,rudrawadi,5134
kalaburgi,aland,khajuri,tadola,6306
kalaburgi,aland,koralli,koralli,3773
kalaburgi,aland,madanhipparga,madan hipparga,4070
kalaburgi,aland,mataki,kinnisultan,3614
kalaburgi,aland,mataki,nirgudi,4868
kalaburgi,aland,munahalli,hallisalgar,2362
kalaburgi,aland,munahalli,kodalhangarga,3644
kalaburgi,aland,munahalli,munahalli,4552
kalaburgi,aland,narona,bhodan,1291
kalaburgi,aland,narona,kamalanagar,3304
kalaburgi,aland,narona,narona,4756
kalaburgi,aland,nimbarga,dhangapur,1822
kalaburgi,aland,nimbarga,hittal siroor,6172
kalaburgi,aland,nimbarga,nimbarga,4863
kalaburgi,aland,salagar (v.k.),belamagi,1162
kalaburgi,aland,salagar (v.k.),salgar,5174
kalaburgi,aland,sarsamba,hebali,6177
kalaburgi,aland,sarsamba,padsawali,4915
kalaburgi,aland,sarsamba,sarsamba,5248
kalaburgi,aland,savaleshwar,hebali,6177
kalaburgi,aland,savaleshwar,jidga,3071
kalaburgi,aland,savaleshwar,sawaleshwar,5280
kalaburgi,aland,tadakal,tadkal,5600
kalaburgi,aland,yelasangi,hadalgi,2290
kalaburgi,aland,yelasangi,madiyal,4106
kalaburgi,aland,yelasangi,yalsangi,6084
kalaburgi,chincholi,ainapur,ainapur,6373
kalaburgi,chincholi,ainoli,ainolli,565
kalaburgi,chincholi,ainoli,nagaidalai,4637
kalaburgi,chincholi,chengata,chengata,1542
kalaburgi,chincholi,chimmaidalai,anwar,747
kalaburgi,chincholi,chimmaidalai,chimmaidalai,1631
kalaburgi,chincholi,chimmaidalai,garagpalli,2069
kalaburgi,chincholi,chimmaidalai,garampalli,2070
kalaburgi,chincholi,chimmanchod,chimmanchod,1633
kalaburgi,chincholi,chimmanchod,hasargundagi,6322
kalaburgi,chincholi,chincholi urdu,chimmaidalai,1631
kalaburgi,chincholi,chincholi urdu,chimmanchod,1633
kalaburgi,chincholi,chincholi urdu,konchawaram,3733
kalaburgi,chincholi,chincholi urdu,polakpalli,5003
kalaburgi,chincholi,degalmadi,degalmadi,1757
kalaburgi,chincholi,degalmadi,garampalli,2070
kalaburgi,chincholi,degalmadi,salebeernalli,5171
kalaburgi,chincholi,gadikeshwar,gadikeshwar,2019
kalaburgi,chincholi,gadikeshwar,jattur,3055
kalaburgi,chincholi,gadikeshwar,shirolli,5364
kalaburgi,chincholi,gadilingadalli,gadilingadalli,2020
kalaburgi,chincholi,kanakapur,garampalli,2070
kalaburgi,chincholi,kanakapur,kankpur,3382
kalaburgi,chincholi,karchkhed,garagpalli,2069
kalaburgi,chincholi,karchkhed,karchkhed,3440
kalaburgi,chincholi,kodli,hodebeernalli,2703
kalaburgi,chincholi,kodli,kodli,3667
kalaburgi,chincholi,kodli,kupnoor,3909
kalaburgi,chincholi,konchawaram,konchawaram,3733
kalaburgi,chincholi,konchawaram,venktapur,5992
kalaburgi,chincholi,miryan,miryan,4449
kalaburgi,chincholi,miryan,polakpalli,5003
kalaburgi,chincholi,nidgunda,jattur,3055
kalaburgi,chincholi,nidgunda,kerolli,3562
kalaburgi,chincholi,nidgunda,kupnoor,3909
kalaburgi,chincholi,nidgunda,nidgunda,4841
kalaburgi,chincholi,ratkal,halcher,2333
kalaburgi,chincholi,ratkal,ratkal,5105
kalaburgi,chincholi,rummangud,chandankera,1487
kalaburgi,chincholi,rummangud,mogha,4459
kalaburgi,chincholi,rummangud,rummangud,5135
kalaburgi,chincholi,salagar basantpur,salagar basantpur,5165
kalaburgi,chincholi,shadipur,shadipur,5295
kalaburgi,chincholi,sulepeth,kankpur,3382
kalaburgi,chincholi,sulepeth,pastpur,4968
kalaburgi,chincholi,sulepeth,sulepeth,5527
kalaburgi,chincholi,sulepeth urdu,chandankera,1487
kalaburgi,chincholi,sulepeth urdu,mogha,4459
kalaburgi,chincholi,sulepeth urdu,nidgunda,4841
kalaburgi,chincholi,sulepeth urdu,sulepeth,5527
kalaburgi,chittapur,allolli,alahalli,595
kalaburgi,chittapur,allolli,kardal,3441
kalaburgi,chittapur,allolli,ladlapur,3985
kalaburgi,chittapur,arankal,arankal,775
kalaburgi,chittapur,arankal,bedasur,1111
kalaburgi,chittapur,bhankur,bhankur,1271
kalaburgi,chittapur,bhankur,malagatti,4150
kalaburgi,chittapur,bheemanahalli,allur (b),627
kalaburgi,chittapur,bheemanahalli,bheemanahalli,1283
kalaburgi,chittapur,bheemanahalli,dongaon,1938
kalaburgi,chittapur,bheemanahalli,yagapur,6058
kalaburgi,chittapur,chittapur urdu,bhagodi,1262
kalaburgi,chittapur,gundagurthi,bhagodi,1262
kalaburgi,chittapur,gundagurthi,gundagurthi,2240
kalaburgi,chittapur,gundagurthi,ivani,2986
kalaburgi,chittapur,halakatta,halakatta,2324
kalaburgi,chittapur,halakatta,kadaboor,3149
kalaburgi,chittapur,halakatta,kamarwadi,3311
kalaburgi,chittapur,halakatta,kardal,3441
kalaburgi,chittapur,hebbal,chincholli (h),1642
kalaburgi,chittapur,hebbal,hebbal,6668
kalaburgi,chittapur,hebbal,kandgol,3366
kalaburgi,chittapur,hebbal,shellagi,6171
kalaburgi,chittapur,honguntta,hongunta,2743
kalaburgi,chittapur,honguntta,kodadoor,3637
kalaburgi,chittapur,honguntta,tonasanhalli (s),5792
kalaburgi,chittapur,kalagi urdu,chincholli (h),1642
kalaburgi,chittapur,kodadoor,kodadoor,3637
kalaburgi,chittapur,kodadoor,rajapur,5053
kalaburgi,chittapur,kollur,kollur,6418
kalaburgi,chittapur,kollur,rampurahalli,6265
kalaburgi,chittapur,korwar,gotur,2162
kalaburgi,chittapur,korwar,korwar,3784
kalaburgi,chittapur,madaboola,gundagurthi,2240
kalaburgi,chittapur,madaboola,madabool,4055
kalaburgi,chittapur,nalwar,nalawar,4688
kalaburgi,chittapur,pethsiroor,martur,4336
kalaburgi,chittapur,pethsiroor,mugalanagaon,6252
kalaburgi,chittapur,pethsiroor,peth siroor,4998
kalaburgi,chittapur,ravoor,ingalagi,6341
kalaburgi,chittapur,ravoor,ravoor,5109
kalaburgi,chittapur,revaggi,arankal,775
kalaburgi,chittapur,revaggi,kandgol,3366
kalaburgi,chittapur,revaggi,shellagi,6171
kalaburgi,chittapur,satnoor,diggaon,1846
kalaburgi,chittapur,satnoor,mogala,4457
kalaburgi,chittapur,satnoor,satnoor,5265
kalaburgi,chittapur,tengali,dandoti,1736
kalaburgi,chittapur,tengali,gundagurthi,2240
kalaburgi,chittapur,tengali,ivani,2986
kalaburgi,chittapur,tengali,tengali,5665
kalaburgi,chittapur,wadi urdu,ingalagi,6341
kalaburgi,chittapur,wadi urdu,nalawar,4688
kalaburgi,chittapur,wadi urdu,ravoor,5109
kalaburgi,gulbarga north,ankalaga,babalad i k,882
kalaburgi,gulbarga north,ankalaga,kurikota,3929
kalaburgi,gulbarga north,aurab (b),algud,615
kalaburgi,gulbarga north,aurab (b),aurad (b),843
kalaburgi,gulbarga north,aurab (b),harsur,2492
kalaburgi,gulbarga north,aurab (b),kumsi,3878
kalaburgi,gulbarga north,dongargaon,dongargoan,1941
kalaburgi,gulbarga north,dongargaon,kinnisadak,3613
kalaburgi,gulbarga north,harsoor,algud,615
kalaburgi,gulbarga north,harsoor,boopaltegnoor,1398
kalaburgi,gulbarga north,harsoor,harsur,2492
kalaburgi,gulbarga north,jeevanagi,jeevanagi,3065
kalaburgi,gulbarga north,jeevanagi,kalmod,3295
kalaburgi,gulbarga north,jeevanagi,nagoor,4677
kalaburgi,gulbarga north,kallahangarga,kallahangaraga,3270
kalaburgi,gulbarga north,kallahangarga,kumsi,3878
kalaburgi,gulbarga north,kallahangarga,tajsulatanpur,5605
kalaburgi,gulbarga north,kalmood,jeevanagi,3065
kalaburgi,gulbarga north,kalmood,kalmod,3295
kalaburgi,gulbarga north,mahagaon,holkunda,2724
kalaburgi,gulbarga north,mahagaon,mahagaon,4125
kalaburgi,gulbarga north,nagoor,holkunda,2724
kalaburgi,gulbarga north,nagoor,nagoor,4677
kalaburgi,gulbarga north,okali,okali,4897
kalaburgi,gulbarga north,sonth,margutti,4313
kalaburgi,gulbarga north,sonth,sonth,5480
kalaburgi,gulbarga north,tajsultanpur,tajsulatanpur,5605
kalaburgi,gulbarga south,bheemalli,bhimalli,1289
kalaburgi,gulbarga south,bheemalli,savalagi b,5273
kalaburgi,gulbarga south,faratabad,fartabad,1995
kalaburgi,gulbarga south,faratabad,kadani,6398
kalaburgi,gulbarga south,faratabad,minajagi,213009635
kalaburgi,gulbarga south,faratabad,saradagi b,213009036
kalaburgi,gulbarga south,faratabad urdu,firozabad,1996
kalaburgi,gulbarga south,faratabad urdu,sharanasirasagi,5314
kalaburgi,gulbarga south,hagargundagi,heroor b,2593
kalaburgi,gulbarga south,hagargundagi,kawalga (b),3512
kalaburgi,gulbarga south,honna kiranagi,firozabad,1996
kalaburgi,gulbarga south,honna kiranagi,honna kiranagi,2745
kalaburgi,gulbarga south,honna kiranagi,saradagi b,213009036
kalaburgi,gulbarga south,khanadal,khandal,3591
kalaburgi,gulbarga south,m s k mill gulbarga,bhimalli,1289
kalaburgi,gulbarga south,m s k mill gulbarga,srinivas saradagi,5504
kalaburgi,gulbarga south,nandikur,nadikur,4631
kalaburgi,gulbarga south,nandur (k),hagaraga,213009027
kalaburgi,gulbarga south,nandur (k),kusnoor,3957
kalaburgi,gulbarga south,nandur (k),nandur (k),4725
kalaburgi,gulbarga south,pattan,melkunda (b),4417
kalaburgi,gulbarga south,pattan,pattan,4974
kalaburgi,gulbarga south,sannur,sannor,5218
kalaburgi,gulbarga south,sharan sirasagi,sharanasirasagi,5314
kalaburgi,gulbarga south,srinivas saradag,hagaraga,213009027
kalaburgi,gulbarga south,srinivas saradag,srinivas saradagi,5504
kalaburgi,jewargi,aloor,aloor 22,630
kalaburgi,jewargi,aloor,yalgod 20,6076
kalaburgi,jewargi,aloor,karakihalli,213009048
kalaburgi,jewargi,aloor,sathkhed,213009049
kalaburgi,jewargi,andola,andola 10,705
kalaburgi,jewargi,andola,biryal 11,1365
kalaburgi,jewargi,ankalagi,ankalga 40,721
kalaburgi,jewargi,ankalagi,hullur,213009042
kalaburgi,jewargi,ankalagi,itaga 42,2975
kalaburgi,jewargi,aralagundagi,aralgundagi 33,766
kalaburgi,jewargi,aralagundagi,kakanur,213009029
kalaburgi,jewargi,bilwar,balbatti 19,960
kalaburgi,jewargi,bilwar,bilwar 18,1356
kalaburgi,jewargi,bilwar,sathkhed,213009049
kalaburgi,jewargi,ganwar,ganwar 14,2066
kalaburgi,jewargi,ganwar,kellur 12,3533
kalaburgi,jewargi,hippargi,hipparga 24,2609
kalaburgi,jewargi,hippargi,sonna 17,5475
kalaburgi,jewargi,ijeri,ijeri 16,2931
kalaburgi,jewargi,ijeri,yalwar 15,6089
kalaburgi,jewargi,ijeri,sathkhed,213009049
kalaburgi,jewargi,jeratagi,balundagi 38,993
kalaburgi,jewargi,jeratagi,jeratagi 36,3069
kalaburgi,jewargi,jeratagi,nedalgi,213009028
kalaburgi,jewargi,jeratagi,ranjanagi,213009039
kalaburgi,jewargi,jewargi south,harnoor 13,2480
kalaburgi,jewargi,jewargi south,kallahangarga,213009044
kalaburgi,jewargi,kadkol,kadkol 34,3185
kalaburgi,jewargi,kolakur,kodi 6,3655
kalaburgi,jewargi,kolakur,kolkur 5,3704
kalaburgi,jewargi,malli,kachapur,213009040
kalaburgi,jewargi,malli,kuralgera 31,3920
kalaburgi,jewargi,malli,magangera 32,4119
kalaburgi,jewargi,malli,malli 27,4197
kalaburgi,jewargi,mandewal,kallur 2,3289
kalaburgi,jewargi,mandewal,mandewal 35,4231
kalaburgi,jewargi,mandewal,nedalgi,213009028
kalaburgi,jewargi,naribol,gudur s a 8,2214
kalaburgi,jewargi,naribol,madari,213009043
kalaburgi,jewargi,naribol,naribol 7,4752
kalaburgi,jewargi,nelogi,harwal 3,2498
kalaburgi,jewargi,nelogi,kallahangarga,213009044
kalaburgi,jewargi,nelogi,nelogi 1,4808
kalaburgi,jewargi,wadgera,kachapur,213009040
kalaburgi,jewargi,wadgera,sumbad,213009041
kalaburgi,jewargi,wadgera,wadgera 29,6015
kalaburgi,jewargi,yedrami,karakihalli,213009048
kalaburgi,sedam,adaki,adaki,514
kalaburgi,sedam,adaki,lingampalli,4015
kalaburgi,sedam,duganoor,dugnoor,1960
kalaburgi,sedam,duganoor,sindanamadu,5413
kalaburgi,sedam,habala ( t ),kukunda,3856
kalaburgi,sedam,habala ( t ),telkur,5662
kalaburgi,sedam,habala ( t ),yadaga,6037
kalaburgi,sedam,kanagadda,chandapur,1488
kalaburgi,sedam,kanagadda,itkal,2980
kalaburgi,sedam,kanagadda,kanagadda,3330
kalaburgi,sedam,kanagadda,medak,4394
kalaburgi,sedam,kodala,benakanalli,1215
kalaburgi,sedam,kodala,handarki,2404
kalaburgi,sedam,kodala,kodla,3665
kalaburgi,sedam,kolakunda,jakanpalli,3011
kalaburgi,sedam,kolakunda,kolkunta,3703
kalaburgi,sedam,kurkunta,kurkunta,3933
kalaburgi,sedam,kurkunta,madkal,4107
kalaburgi,sedam,lingampalli,lingampalli,4015
kalaburgi,sedam,madana,jakanpalli,3011
kalaburgi,sedam,madana,madana,4071
kalaburgi,sedam,madana,motakpalli,4478
kalaburgi,sedam,malkhed,malkhed,4181
kalaburgi,sedam,malkhed,nilhalli,4855
kalaburgi,sedam,motakpalli,chandapur,1488
kalaburgi,sedam,motakpalli,itkal,2980
kalaburgi,sedam,motakpalli,kanagadda,3330
kalaburgi,sedam,motakpalli,motakpalli,4478
kalaburgi,sedam,mudhol,adaki,514
kalaburgi,sedam,mudhol,madana,4071
kalaburgi,sedam,mudhol,mudhol,4505
kalaburgi,sedam,mudhol urdu,batgera (b),1101
kalaburgi,sedam,mudhol urdu,kurkunta,3933
kalaburgi,sedam,mudhol urdu,motakpalli,4478
kalaburgi,sedam,mudhol urdu,mudhol,4505
kalaburgi,sedam,mudhol urdu,sindanamadu,5413
kalaburgi,sedam,neelhalli,kukunda,3856
kalaburgi,sedam,neelhalli,malkhed,4181
kalaburgi,sedam,neelhalli,nilhalli,4855
kalaburgi,sedam,ranjol,batgera (b),1101
kalaburgi,sedam,ranjol,ranjol,5098
kalaburgi,sedam,ribbanpalli,medak,4394
kalaburgi,sedam,ribbanpalli,ribbanpalli,5120
kalaburgi,sedam,sedam urdu,kodla,3665
kalaburgi,sedam,sedam urdu,kukunda,3856
kalaburgi,sedam,sedam urdu,malkhed,4181
kalaburgi,sedam,sedam urdu,udagi,5853
kalaburgi,sedam,sedam west,yadaga,6037
kalaburgi,sedam,udagi,batgera (b),1101
kalaburgi,sedam,udagi,sindanamadu,5413
kalaburgi,sedam,udagi,udagi,5853
bidar,aurad,aurad urdu,belkuni(ch),1186
bidar,aurad,aurad urdu,ekamba,1977
bidar,aurad,belkuni(ch),belkuni(ch),1186
bidar,aurad,belkuni(ch),hedgapur,2549
bidar,aurad,bhandar kumta,bhandarkumta,1269
bidar,aurad,bhandar kumta,hokrana,2706
bidar,aurad,ch dapka,ch dapka,1461
bidar,aurad,ch dapka,chikli (u),1619
bidar,aurad,chemegaon marathi,chemegaon,1540
bidar,aurad,chintaki,chintaki,1651
bidar,aurad,chintaki,nagmarpalli,4672
bidar,aurad,dongaon (m),belkuni bh,1187
bidar,aurad,dongaon (m),dongaon (m),1939
bidar,aurad,dongaon (m),madnoor,4111
bidar,aurad,ekamba,ekamba,1977
bidar,aurad,eklara,chintaki,1651
bidar,aurad,eklara,eklara,1978
bidar,aurad,gadikushnoor,jambgi,3035
bidar,aurad,gadikushnoor,koutha (b),3814
bidar,aurad,gadikushnoor,ladha,3984
bidar,aurad,gudapalli,gudpalli,2212
bidar,aurad,gudapalli,jojana,3085
bidar,aurad,holesamudra,holsamudra,2725
bidar,aurad,holesamudra,khed,3595
bidar,aurad,holesamudra,sonal,5469
bidar,aurad,jamagi,jambgi,3035
bidar,aurad,kamalnagar,diggi,1848
bidar,aurad,kamalnagar,kamalnagar,3306
bidar,aurad,koudgoan,dhupathmahagaon,1841
bidar,aurad,koudgoan,koutha (b),3814
bidar,aurad,koudgoan,ladha,3984
bidar,aurad,kushnoor-t,balat (b),959
bidar,aurad,kushnoor-t,korekal,3777
bidar,aurad,kushnoor-t,kushnoor (t),3956
bidar,aurad,lingi marathi,bonthi,1392
bidar,aurad,mudhol (b),belkuni bh,1187
bidar,aurad,mudhol (b),mudhol (b),4507
bidar,aurad,murki,murki,4574
bidar,aurad,santhpur,santhpur,5231
bidar,aurad,santhpur,shembelli,5320
bidar,aurad,santhpur urdu,kushnoor (t),3956
bidar,aurad,sundal,badalgaon,904
bidar,aurad,sundal,sundhal,5546
bidar,aurad,torna,chandoori,1494
bidar,aurad,torna,torna,5799
bidar,aurad,wadgaon,chikli (j),1618
bidar,aurad,wadgaon,jojana,3085
bidar,aurad,wadgaon,wadgaon (d),6014
bidar,basavakalyan,basavaklyan urdu rural,bhosaga,1300
bidar,basavakalyan,basavaklyan urdu rural,chandikapur,1492
bidar,basavakalyan,basavaklyan urdu rural,hulsoor,2857
bidar,basavakalyan,basavaklyan urdu rural,mudbi,4495
bidar,basavakalyan,basavaklyan urdu rural,rajeshwar,5059
bidar,basavakalyan,basavaklyan urdu rural,tadola,5601
bidar,basavakalyan,basavaklyan urdu rural,yarandagi,6109
bidar,basavakalyan,belura,belur,6453
bidar,basavakalyan,belura,betbalkunda,1235
bidar,basavakalyan,bhosga marathi,algood,614
bidar,basavakalyan,bhosga marathi,bhosaga,1300
bidar,basavakalyan,chandikapur,chandikapur,1492
bidar,basavakalyan,chandikapur,paratapur,4962
bidar,basavakalyan,ghotal,ghotala,2096
bidar,basavakalyan,ghotal,morkhandi,4475
bidar,basavakalyan,harkood,chikanagaon,1557
bidar,basavakalyan,harkood,ekloora,1979
bidar,basavakalyan,harkood,harkood,2475
bidar,basavakalyan,hulsoor,hulsoor,2857
bidar,basavakalyan,islampur,islamapur,2971
bidar,basavakalyan,islampur,yarbag,6111
bidar,basavakalyan,kalkora,chikanagaon,1557
bidar,basavakalyan,kalkora,kalkhora,3263
bidar,basavakalyan,kherda (b),kherda b,3597
bidar,basavakalyan,kitta,dhanura k,1825
bidar,basavakalyan,kitta,kitta,3629
bidar,basavakalyan,kitta,muchalam,4482
bidar,basavakalyan,kohinoor,kohinoor,3680
bidar,basavakalyan,ladwanthi,batgera,1100
bidar,basavakalyan,ladwanthi,ladwanthi,3987
bidar,basavakalyan,manthal,gundur,2249
bidar,basavakalyan,manthal,manthal,4275
bidar,basavakalyan,mirkhal marathi,gadigoundgaon,2018
bidar,basavakalyan,mirkhal marathi,mirkhal,4447
bidar,basavakalyan,muchalam,gorta b,2157
bidar,basavakalyan,muchalam,muchalam,4482
bidar,basavakalyan,muchalam,toglur,5791
bidar,basavakalyan,mudbi,mudbi,4495
bidar,basavakalyan,nirgudi,nirgudi,6525
bidar,basavakalyan,nirgudi,tadola,5601
bidar,basavakalyan,rajeshwar,hanamanth wadi r,2389
bidar,basavakalyan,rajeshwar,rajeshwar,5059
bidar,basavakalyan,rajola,narayanpur,4747
bidar,basavakalyan,rajola,rajola,5060
bidar,basavakalyan,sastapur,sastapur,5255
bidar,basavakalyan,sastapur,yarandagi,6109
bidar,basavakalyan,ujalam,ujjalam,5878
bidar,bhalki,alwai marathi,alwai,635
bidar,bhalki,alwai marathi,attarga,832
bidar,bhalki,alwai marathi,tugaon (h),5820
bidar,bhalki,ambesangvi,ambesangavi,653
bidar,bhalki,ambesangvi,talwad (k),5627
bidar,bhalki,balur,balur,994
bidar,bhalki,balur,nittur (b),4875
bidar,bhalki,bhalki (urdu),khatakchincholi,3594
bidar,bhalki,bhalki (urdu),yenkur,6146
bidar,bhalki,bhatambra,bhatambra,1277
bidar,bhalki,bhatambra,gorchincholi,2154
bidar,bhalki,bhatambra,telgaon,5660
bidar,bhalki,bhatambra (urdu),telgaon,5660
bidar,bhalki,bhatsangvi,methimelkunda,4433
bidar,bhalki,bhatsangvi,shivani,5382
bidar,bhalki,dhannura (s),dhannura (s),1824
bidar,bhalki,dhannura (s),halbarga,2332
bidar,bhalki,dhannura (s),malchapur,4169
bidar,bhalki,dongapur,beeri (b),1127
bidar,bhalki,dongapur,dongapur,1940
bidar,bhalki,halbarga,halbarga,2332
bidar,bhalki,halbarga,konmelkunda,3750
bidar,bhalki,halbarga,kosam,3785
bidar,bhalki,halbarga,siddeshwar,5403
bidar,bhalki,halbarga (urdu),byalhalli (k),1437
bidar,bhalki,halbarga (urdu),joldapka,3088
bidar,bhalki,halbarga (urdu),nittur (b),4875
bidar,bhalki,halhalli (k),byalhalli (k),1437
bidar,bhalki,halhalli (k),chalkapur,1471
bidar,bhalki,halsi (l),inchur,2942
bidar,bhalki,hudgi,chalkapur,1471
bidar,bhalki,kalwadi,dadagi,1718
bidar,bhalki,kalwadi,kurubakhelagi,3939
bidar,bhalki,kanaji,joldapka,3088
bidar,bhalki,kanaji,jyanthi,3097
bidar,bhalki,kanaji,kanaji,3337
bidar,bhalki,kanaji,siddeshwar,5403
bidar,bhalki,khatak-chincholi,dawargaon,1755
bidar,bhalki,khatak-chincholi,khatakchincholi,3594
bidar,bhalki,khatak-chincholi,kurubakhelagi,3939
bidar,bhalki,khatak-chincholi,yenkur,6146
bidar,bhalki,lakhangaon,lakhangaon,3990
bidar,bhalki,lakhangaon,lanjwad,4010
bidar,bhalki,lakhangaon,telgaon,5660
bidar,bhalki,mehakar,mehakar,4403
bidar,bhalki,morambi,gorchincholi,2154
bidar,bhalki,morambi,madkatti,4108
bidar,bhalki,morambi,morambi,4472
bidar,bhalki,nittur (b),ambesangavi,653
bidar,bhalki,nittur (b),beeri (k),1128
bidar,bhalki,nittur (b),nittur (b),4875
bidar,bhalki,saigaon,saigaon,5155
bidar,bhalki,wanjarkhed marathi,tugaon (h),5820
bidar,bhalki,wanjarkhed marathi,wanjarkhed,6021
bidar,bhalki,warwatti (b),warwatti (b),6032
bidar,bidar,aliamber,aliamber,616
bidar,bidar,aliamber,yaranalli,6108
bidar,bidar,amlapur,yadlapur,6051
bidar,bidar,andura,andoor,706
bidar,bidar,andura,sangolgi,5205
bidar,bidar,bagdal,aurad (s),844
bidar,bidar,baroor,baroor,1071
bidar,bidar,baroor,hokrana (b),2707
bidar,bidar,baroor,manahalli,4214
bidar,bidar,chimkod,chilargi,1625
bidar,bidar,chimkod,chimkod,1629
bidar,bidar,chimkod,srimandal,5502
bidar,bidar,faizpura urdu,chitta,1661
bidar,bidar,gadagi,gadgi,2016
bidar,bidar,gadagi,markhal,4323
bidar,bidar,hamilapur urdu,chilargi,1625
bidar,bidar,janwada,chambol,1480
bidar,bidar,janwada,janwada,3050
bidar,bidar,janwada,srimandal,5502
bidar,bidar,kadwad,chatnalli,1522
bidar,bidar,kadwad,kadwad,3198
bidar,bidar,kolar(k),kaplapur (a),3411
bidar,bidar,kolar(k),kolar (k),3695
bidar,bidar,mailoor,chitta,1661
bidar,bidar,malegaon,astoor,820
bidar,bidar,malegaon,malegaon,4172
bidar,bidar,mandaknalli,kamthana,3329
bidar,bidar,mandaknalli,mandaknalli,4228
bidar,bidar,mandaknalli,yadlapur,6051
bidar,bidar,mangalpet,malkapur,4180
bidar,bidar,manhalli,baroor,1071
bidar,bidar,nagora,amlapur,661
bidar,bidar,nagora,nagora,4678
bidar,bidar,naubad,aliyabad (j),620
bidar,bidar,rajgira,markunda,4327
bidar,bidar,rajgira,sindol,5418
bidar,bidar,ranjolkheni,ranjol kheni,5099
bidar,bidar,ranjolkheni,rekulagi,5115
bidar,bidar,ranjolkheni,sirsi (a),5440
bidar,bidar,rekulgi urdu,bagdal,921
bidar,bidar,rekulgi urdu,rekulagi,5115
bidar,humnabad,bemalkheda,bemalkheda,1207
bidar,humnabad,bemalkheda,udamnalli,5855
bidar,humnabad,benchincholi,benchincholi,1219
bidar,humnabad,benchincholi,madargaon,4082
bidar,humnabad,benchincholi,talmadgi,5622
bidar,humnabad,changlera,changlera,1502
bidar,humnabad,changlera,meenkera,4400
bidar,humnabad,changlera,muttangi,4599
bidar,humnabad,chitguppa,belkera,1184
bidar,humnabad,chitguppa (urdu),nandgaon,4711
bidar,humnabad,chitguppa (urdu),udbal,5858
bidar,humnabad,dubalgundi,dubalgundi,1953
bidar,humnabad,dubalgundi,jalsangi,3027
bidar,humnabad,dubalgundi,sedol,5284
bidar,humnabad,gadwanthi,dhumansoor,1837
bidar,humnabad,gadwanthi,kankatta,3381
bidar,humnabad,gadwanthi,maniknagar,4257
bidar,humnabad,ghatboral,ghatboral,2090
bidar,humnabad,ghatboral,ghodwadi,2094
bidar,humnabad,hallikhed (b),dakulgi,1723
bidar,humnabad,hallikhed (k),hallikhed (k),2361
bidar,humnabad,hallikhed (k),kallur,6285
bidar,humnabad,handikera,chandanhalli,1486
bidar,humnabad,handikera,ghodwadi,2094
bidar,humnabad,handikera,sultanabad,5539
bidar,humnabad,hudgi,hudgi,2817
bidar,humnabad,hudgi,nandgaon,4711
bidar,humnabad,hudgi,sindhankera,5414
bidar,humnabad,humnabad (urdu),hudgi,2817
bidar,humnabad,humnabad (urdu),nandgaon,4711
bidar,humnabad,humnabad (urdu),sindhankera,5414
bidar,humnabad,manna-ekhelli,belkera,1184
bidar,humnabad,manna-ekhelli,mangalgi,4243
bidar,humnabad,manna-ekhelli,mannaekhelli,4266
bidar,humnabad,mannaekheli (urdu),mannaekhelli,4266
bidar,humnabad,mannaekheli (urdu),meenkera,4400
bidar,humnabad,nirna,muttangi,4599
bidar,humnabad,nirna,nirna,4869
bidar,humnabad,sedol (urdu),ghodwadi,2094
bidar,humnabad,sedol (urdu),kankatta,3381
bidar,humnabad,sitalgera,sitalgera,5442
bidar,humnabad,sitalgera,talmadgi,5622
bidar,humnabad,udbal,itaga,2974
bidar,humnabad,udbal,kodambal,3646
bidar,humnabad,udbal,mustari,4583
bidar,humnabad,udbal,udbal,5858
raichur,devadurga,alkod,alkod,621
raichur,devadurga,alkod,bhomanagunda,6216
raichur,devadurga,arkera,arakere,758
raichur,devadurga,b ganekal,b.ganekal,874
raichur,devadurga,b ganekal,bhomanagunda,6216
raichur,devadurga,devadurga west,karigudda,3450
raichur,devadurga,dondambralli,dondambali,1936
raichur,devadurga,dondambralli,karigudda,3450
raichur,devadurga,gabbur,gabbur,2008
raichur,devadurga,gabbur,hemnal,6226
raichur,devadurga,gabbur,maladakal,4147
raichur,devadurga,galag,galag,2025
raichur,devadurga,galag,mundaragi,4557
raichur,devadurga,ganadal,ganadhal,2036
raichur,devadurga,ganadal,hosur siddapur,2806
raichur,devadurga,ganadal,palakanamaradi,4932
raichur,devadurga,gandhal,gangadhal,213009360
raichur,devadurga,gugal,gugal,2216
raichur,devadurga,gugal,jerabandi,3068
raichur,devadurga,gugal,koppar,3764
raichur,devadurga,h siddapur,hosur siddapur,2806
raichur,devadurga,h siddapur,hosur sidddapur,213009382
raichur,devadurga,jalahalli,amarapur,641
raichur,devadurga,jalahalli,jalahalli,3019
raichur,devadurga,jalahalli,karadigudda,3422
raichur,devadurga,jalahalli west,cinchodi,1694
raichur,devadurga,k. irabagera,k irabagera,3122
raichur,devadurga,k. irabagera,kothadoddi,3804
raichur,devadurga,koppar,jerabandi,3068
raichur,devadurga,koppar,koppar,3764
raichur,devadurga,kottadoddi,kothadoddi,3804
raichur,devadurga,kottadoddi,mustoor,4585
raichur,devadurga,kyadigera,alkod,621
raichur,devadurga,kyadigera,kyadigera,3967
raichur,devadurga,malladevaragudda,j.jadaladinni,2995
raichur,devadurga,malladevaragudda,malladevaragudda,6165
raichur,devadurga,masarakal,masarakal,4345
raichur,devadurga,masarakal,ramadurga,5066
raichur,devadurga,mundaragi,amarapur,641
raichur,devadurga,mundaragi,mundaragi,4557
raichur,devadurga,mustur,maladakal,4147
raichur,devadurga,mustur,mustoor,4585
raichur,devadurga,nagadadinni,j.jadaladinni,2995
raichur,devadurga,nagadadinni,nagadadinni,4636
raichur,devadurga,sunkeswarahal,hirebudur,2626
raichur,devadurga,sunkeswarahal,maladakal,4147
raichur,devadurga,sunkeswarahal,ramadurga,5066
raichur,devadurga,sunkeswarahal,shavanthagera,6202
raichur,devadurga,urdu devadurga,b.ganekal,874
raichur,devadurga,urdu devadurga,jalahalli,3019
raichur,lingasugur,amdihal,amadihal,638
raichur,lingasugur,amdihal,khairawadgi,6167
raichur,lingasugur,amdihal,uppar nandihal,5910
raichur,lingasugur,bannigol,bannigol,1039
raichur,lingasugur,bannigol,hunur,2889
raichur,lingasugur,bayyapur,bayyapur,1107
raichur,lingasugur,bayyapur,khairawadgi,6167
raichur,lingasugur,devarabhupur,devarabhupur,1792
raichur,lingasugur,devarabhupur,honnahalli,2747
raichur,lingasugur,echanal,anahosur,681
raichur,lingasugur,echanal,chittapur,6421
raichur,lingasugur,echanal,eachanal,1975
raichur,lingasugur,echanal,neeralakeri,6366
raichur,lingasugur,goudur,goudur,2166
raichur,lingasugur,goudur,kota,3786
raichur,lingasugur,goudur,rodalabanda(t),5123
raichur,lingasugur,guntagol,devarabhupur,1792
raichur,lingasugur,guntagol,guntagol,2258
raichur,lingasugur,guntagol,kalapur,3242
raichur,lingasugur,guragunta,gurugunta,2260
raichur,lingasugur,kalapur,gorebal (i),6193
raichur,lingasugur,kalapur,kalapur,3242
raichur,lingasugur,kannal,kannal,3384
raichur,lingasugur,lingasugur rural,santhekellur,5227
raichur,lingasugur,lingasugur rural,sarjapur,5246
raichur,lingasugur,maraladinni,adavibhavi tanda,519
raichur,lingasugur,maraladinni,ankshadoddi,729
raichur,lingasugur,maraladinni,maraladinni,4289
raichur,lingasugur,mavinabhavi,kachapur,3141
raichur,lingasugur,mavinabhavi,khairawadgi,6167
raichur,lingasugur,mavinabhavi,mavinabhavi,4383
raichur,lingasugur,mediknal,adavibhavi tanda,519
raichur,lingasugur,mediknal,medikinahal,4397
raichur,lingasugur,nagalapur,nagalapur,4639
raichur,lingasugur,nagarhal,chittapur,6421
raichur,lingasugur,nagarhal,halkavatagi,6188
raichur,lingasugur,nagarhal,nagarahal,4652
raichur,lingasugur,nagarhal,narakaladinni,4735
raichur,lingasugur,paidoddi,paidoddi,4926
raichur,lingasugur,roadlabanda,chittapur,6421
raichur,lingasugur,roadlabanda,gorebal (i),6193
raichur,lingasugur,roadlabanda,rodalabanda,5122
raichur,lingasugur,roadlabanda,rodalabanda(t),5123
raichur,lingasugur,santekellur,ankshadoddi,729
raichur,lingasugur,santekellur,mattur,4374
raichur,lingasugur,santekellur,santhekellur,5227
raichur,lingasugur,talekhan,talekhan,5615
raichur,lingasugur,veerapur,anvari,746
raichur,lingasugur,veerapur,gejjelgatta,2082
raichur,lingasugur,veerapur,rodalabanda(t),5123
raichur,manvi,athnoor,attanur,831
raichur,manvi,athnoor,ganadinni,2037
raichur,manvi,bagalwada,bagalwada,920
raichur,manvi,bagalwada,byagavat,1431
raichur,manvi,bagalwada,malladagudda,6168
raichur,manvi,bagalwada,nakkunda,4684
raichur,manvi,gorkal,gorkal,2156
raichur,manvi,gorkal,sunkeshwer,5551
raichur,manvi,halapur,halapur,2328
raichur,manvi,harvi,harvi,2497
raichur,manvi,harvi,madagiri,4058
raichur,manvi,heera,chincharaki,1640
raichur,manvi,heera,heera,2553
raichur,manvi,hirekotnekal,bhoghavati,1296
raichur,manvi,hirekotnekal,byagavat,1431
raichur,manvi,hirekotnekal,hirekotnekal,2655
raichur,manvi,kallur,ganadinni,2037
raichur,manvi,kallur,kallur,3288
raichur,manvi,kallur,kapagal,3410
raichur,manvi,kavithal,hirehanagi,2635
raichur,manvi,kurdi,aroli,807
raichur,manvi,kurdi,gorkal,2156
raichur,manvi,kurdi,kurdi,3923
raichur,manvi,mallat,ballatagi,979
raichur,manvi,mallat,hirehanagi,2635
raichur,manvi,mallat,mallat,4194
raichur,manvi,manvi rural,bhoghavati,1296
raichur,manvi,manvi rural,chikkakotnekal,1584
raichur,manvi,manvi rural,madallpur,4065
raichur,manvi,manvi rural,sadapur,5147
raichur,manvi,neer manvi,kapagal,3410
raichur,manvi,neer manvi,neeramanvi,4786
raichur,manvi,pamanakallur,ameenagada,659
raichur,manvi,pamanakallur,pamanakallur,4945
raichur,manvi,potnal,chikkakotnekal,1584
raichur,manvi,potnal,potanal,5010
raichur,manvi,sangapur,janekal,3044
raichur,manvi,sangapur,k.gudadinni,3120
raichur,manvi,sangapur,sangapur,5202
raichur,manvi,sirwar,navalkal,4763
raichur,manvi,sirwar east,chagabhavi,1465
raichur,manvi,sirwar east,k.gudadinni,3120
raichur,manvi,sirwar east,navalkal,4763
raichur,manvi,torandinni,hiredinni,6191
raichur,manvi,torandinni,toranadinni,5796
raichur,manvi,utaknoor,hiredinni,6191
raichur,manvi,utaknoor,utakanur,5921
raichur,raichur,bijanigera,bijanagera,1328
raichur,raichur,bijanigera,lingkhandoddi,4021
raichur,raichur,chandrabanda,bahidoddi,933
raichur,raichur,chandrabanda,chandrabanda,1495
raichur,raichur,chandrabanda,yapaldinni,6098
raichur,raichur,chicksugur,chickasuguru,1550
raichur,raichur,chicksugur,shakawadi,5299
raichur,raichur,chicksugur,yadalapur,6043
raichur,raichur,devasugur,devasuguru,1810
raichur,raichur,devasugur,kadalur,3164
raichur,raichur,devasugur,yadalapur,6043
raichur,raichur,gadhar,kamalpur,3307
raichur,raichur,gandhal,n malkapur,6206
raichur,raichur,gandhal,talmari,5623
raichur,raichur,gillesugur,gillesugur,2099
raichur,raichur,idapanur,gunjhalli,2256
raichur,raichur,idapanur,idapanur,2924
raichur,raichur,jalibenchi,mamadapur,6407
raichur,raichur,jalibenchi,udamagal,213009616
raichur,raichur,jegarkal,jegarkal,3066
raichur,raichur,jegarkal,kadalur,3164
raichur,raichur,kalamala,kalmal,3292
raichur,raichur,kalamala,chhelia (a),3006
raichur,raichur,marched,manchalapur,4219
raichur,raichur,marched,chhelia (a),3006
raichur,raichur,matamari,heerapura,6245
raichur,raichur,matamari,marchethal,213009052
raichur,raichur,matamari,matamari,4358
raichur,raichur,matamari,purthipalli,5029
raichur,raichur,raichur urdu,talmari,5623
raichur,raichur,sagamkunta,athakur,825
raichur,raichur,sagamkunta,chandrabanda,1495
raichur,raichur,sagamkunta,sagamkunta,5151
raichur,raichur,singanodi,bahidoddi,933
raichur,raichur,singanodi,singanodi,5425
raichur,raichur,tuntapur,lingkhandoddi,4021
raichur,raichur,tuntapur,mittimalkapur,4454
raichur,raichur,yapaladinni,athakur,825
raichur,raichur,yapaladinni,yapaldinni,6098
raichur,raichur,yaragera,jambaladinni,6661
raichur,raichur,yaragera,yeragera,6105
raichur,raichur,yelebichali,heerapura,6245
raichur,raichur,yelebichali,yelibichali,6136
raichur,sindhanur,7 mile camp,gunjahalli,2254
raichur,sindhanur,7 mile camp,virupapur,5999
raichur,sindhanur,albanur,alabanur,585
raichur,sindhanur,albanur,madasiravar,4083
raichur,sindhanur,badarli,badarli,910
raichur,sindhanur,badarli,hedaginal,2545
raichur,sindhanur,badarli,valaballary,6166
raichur,sindhanur,bappur,bappur,1055
raichur,sindhanur,devi camp,devaragudi,1793
raichur,sindhanur,devi camp,pagadadinni,4924
raichur,sindhanur,gorebal,channali,1506
raichur,sindhanur,gorebal,gorebal (s),2155
raichur,sindhanur,goudanbhavi,goudanabhavi,2165
raichur,sindhanur,goudanbhavi,jawalgera,3060
raichur,sindhanur,goudanbhavi,udbal (u),5859
raichur,sindhanur,gudadur,gudadur,2185
raichur,sindhanur,gunda,gunda,2238
raichur,sindhanur,hosahalli (ej),hossalli,2804
raichur,sindhanur,jalihal,bassapur (k),1096
raichur,sindhanur,jalihal,gandhinagar,2043
raichur,sindhanur,jalihal,jalihal,6653
raichur,sindhanur,jawalagera,jawalgera,3060
raichur,sindhanur,kalamangi,kalamangi,3239
raichur,sindhanur,kalamangi,umaluti,5898
raichur,sindhanur,kolbala,kolabal,3687
raichur,sindhanur,kolbala,yelekudalagi,6219
raichur,sindhanur,pagadadinni,buthaladinni,1423
raichur,sindhanur,pagadadinni,pagadadinni,4924
raichur,sindhanur,ragalparvi,gonwar,2140
raichur,sindhanur,ragalparvi,hedaginal,2545
raichur,sindhanur,ragalparvi,ragalaparavi,5038
raichur,sindhanur,ragalparvi,valaballary,6166
raichur,sindhanur,ramathnal,ramathanal,5080
raichur,sindhanur,rh no-1,r.h.colony no-1,5034
raichur,sindhanur,roudakunda,mukkunda,4537
raichur,sindhanur,roudakunda,roudakunda,5129
raichur,sindhanur,roudakunda,salagunda,5167
raichur,sindhanur,shri venkteswara camp,dadesugur,1721
raichur,sindhanur,shri venkteswara camp,somalapur,5454
raichur,sindhanur,thidigol,tidigol,5770
koppal,gangavathi,anegundi,anegundi,709
koppal,gangavathi,anegundi,mallapura,4191
koppal,gangavathi,anegundi,sanapur,5192
koppal,gangavathi,basapattan,basapattana,1075
koppal,gangavathi,basapattan,chikka benakal,6224
koppal,gangavathi,budagumpa,budugumpa,6323
koppal,gangavathi,budagumpa,yardona,6221
koppal,gangavathi,challur,chellur,1535
koppal,gangavathi,challur,hulkihal,6225
koppal,gangavathi,challur,mailapur,4130
koppal,gangavathi,chikkadankanakal,chikkadankanakal,1573
koppal,gangavathi,chikkadankanakal,hanaval,2393
koppal,gangavathi,chikkadankanakal,jeeral,3064
koppal,gangavathi,chikkajanthakal,chikkajantakal,1582
koppal,gangavathi,chikkajanthakal,danapura,1732
koppal,gangavathi,chikkajanthakal,jangamarkalgudi,3046
koppal,gangavathi,hirejanthakal,sangapura,5203
koppal,gangavathi,hulihydar,basarihal,1081
koppal,gangavathi,hulihydar,gouripura,2168
koppal,gangavathi,hulihydar,hulihyadar,213009037
koppal,gangavathi,islampur west,vaddarhatti,5938
koppal,gangavathi,kanakagiri north,basarihal,1081
koppal,gangavathi,kanakagiri north,gouripura,2168
koppal,gangavathi,kanakagiri south,chikkamadinal,6304
koppal,gangavathi,kanakagiri south,hirekheda,2647
koppal,gangavathi,kanakagiri south,sulekal,5526
koppal,gangavathi,karatagi east,marlanahalli,4328
koppal,gangavathi,karatagi west,bevenahal,1250
koppal,gangavathi,karatagi west,mailapur,4130
koppal,gangavathi,kesarahatti,heruru,2596
koppal,gangavathi,kesarahatti,kesarahatti,3569
koppal,gangavathi,marali,hoskera,2802
koppal,gangavathi,marali,marali,4292
koppal,gangavathi,musalapur,chikkamadinal,6304
koppal,gangavathi,musalapur,musalapura,4580
koppal,gangavathi,navali,karadona,3425
koppal,gangavathi,navali,navali,6298
koppal,gangavathi,siddapur,baragur,6302
koppal,gangavathi,siddapur,gunduru,2250
koppal,gangavathi,siddapur,siddapura,6538
koppal,gangavathi,sriramanagar,baragur,6302
koppal,gangavathi,sriramanagar,mustur,213009031
koppal,gangavathi,sriramanagar,sriramanagar,5508
koppal,gangavathi,ulenoor,bennur,6223
koppal,gangavathi,ulenoor,ulenoor,5888
koppal,gangavathi,venkatagiri,agoli,551
koppal,gangavathi,venkatagiri,venkatagiri,5988
koppal,koppal,agalakera,agalakera,535
koppal,koppal,agalakera,bandiharlapur,1023
koppal,koppal,agalakera,shivapur,5383
koppal,koppal,alawandi,alawandi,609
koppal,koppal,alawandi,bochanahalli,1377
koppal,koppal,betageri,betageri,1234
koppal,koppal,betageri,bisrahalli,1372
koppal,koppal,betageri,mathur,4366
koppal,koppal,bhahaddurbandi,bahadhurbandi,932
koppal,koppal,bhahaddurbandi,gondabal,2130
koppal,koppal,boodagumpa,bevinahalli,213009035
koppal,koppal,boodagumpa,budagumpa,1405
koppal,koppal,boodagumpa,guladalli,2220
koppal,koppal,gingera,ginigera,2100
koppal,koppal,gingera,halavarthi,213009033
koppal,koppal,gingera,hirebaganal,2619
koppal,koppal,halageri,halgeri,2347
koppal,koppal,halageri,ojanahalli,4896
koppal,koppal,hasagal,chikkabommanal,1571
koppal,koppal,hasagal,hasagal,2499
koppal,koppal,hasagal,vanaballari,213009034
koppal,koppal,hiresindhogi,hiresindhogi,2677
koppal,koppal,hiresindhogi,kataraki gudlanur,3484
koppal,koppal,hitnal,bevinahalli,213009035
koppal,koppal,hitnal,hitnal,2690
koppal,koppal,hitnal,hulagi,2829
koppal,koppal,irakalagada,kalakera,213009032
koppal,koppal,irakalagada,lebageri,4012
koppal,koppal,irakalagada,vanaballari,213009034
koppal,koppal,kawalur,hatti (a),2513
koppal,koppal,kawalur,kawalur,3513
koppal,koppal,kinnal(bhagyanagar),kalakera,213009032
koppal,koppal,kinnal(bhagyanagar),kinnal,3610
koppal,koppal,kinnal(bhagyanagar),madhinur,4096
koppal,koppal,kolur,hiresindhogi,2677
koppal,koppal,kolur,kolur (k),6423
koppal,koppal,kukanapalli,indragi,2947
koppal,koppal,kukanapalli,kallatavaragera,3275
koppal,koppal,kukanapalli,lebageri,4012
koppal,koppal,kukanapalli,vanaballari,213009034
koppal,koppal,kunikeri,halavarthi,213009033
koppal,koppal,kunikeri,hirebaganal,2619
koppal,koppal,kunikeri,kunikeri,3902
koppal,koppal,munerabada,hoshalli,2801
koppal,koppal,munerabada,munirabad,4562
koppal,kuknoor,binnal,mandalageri,4229
koppal,kuknoor,binnal,yerahanchinal,6150
koppal,kuknoor,itagi,banikoppa,1033
koppal,kuknoor,itagi,itagi,6614
koppal,kuknoor,itagi,mandalageri,4229
koppal,kuknoor,kudarimoti,herabedenal,2582
koppal,kuknoor,kudarimoti,kuderemoti,3828
koppal,kuknoor,kudarimoti,nelajeri,6282
koppal,kuknoor,kukanoor,benakal,1210
koppal,kuknoor,kukanoor,masab hanchinhal,6279
koppal,kuknoor,kukanoor,rajuru,5062
koppal,kuknoor,mangalore,balageri,953
koppal,kuknoor,mangalore,herabedenal,2582
koppal,kuknoor,mangalore,mangalore,4244
koppal,kuknoor,talakal,benakal,1210
koppal,kuknoor,talakal,bhanapura,1268
koppal,kuknoor,talakal,talkal,5619
koppal,kuknoor,yadiyapura,balageri,953
koppal,kuknoor,yadiyapura,shiruru,5368
koppal,kustagi,adavibhavi,adavibhavi,6208
koppal,kustagi,adavibhavi,kydeguppa,3981
koppal,kustagi,bijakal,bejakal,1135
koppal,kustagi,bijakal,taluvagera,5626
koppal,kustagi,chalageri,adavibhavi,6208
koppal,kustagi,chalageri,benakanal,1214
koppal,kustagi,chalageri,chalgera,1470
koppal,kustagi,chalageri,taluvagera,5626
koppal,kustagi,dotihal,dotehal,1952
koppal,kustagi,dotihal,kesur,6186
koppal,kustagi,dotihal,kydeguppa,3981
koppal,kustagi,hanumanal,bilekal,6174
koppal,kustagi,hanumanal,hanumanal,2430
koppal,kustagi,hanumanal,malageti,4151
koppal,kustagi,hanumanal,tuggaldoni,5821
koppal,kustagi,hanumanal,barida (a),3005
koppal,kustagi,hanumasagar,kabbaragi,3136
koppal,kustagi,hanumasagar,yaragera,6238
koppal,kustagi,hiregonnagar,benakanal,1214
koppal,kustagi,hiregonnagar,habalakatti,6176
koppal,kustagi,hiregonnagar,heragonagara,2583
koppal,kustagi,hiregonnagar,tumarikoppa,6175
koppal,kustagi,hiremannapur,gumageri,6180
koppal,kustagi,hiremannapur,hiramanapura,2611
koppal,kustagi,hiremannapur,kandakoru,3362
koppal,kustagi,hulgeri,antaratana,6181
koppal,kustagi,hulgeri,hulagera,2828
koppal,kustagi,hulgeri,kabbaragi,3136
koppal,kustagi,hulgeri,katapura,3482
koppal,kustagi,j.gudadoor,malageti,4151
koppal,kustagi,j.gudadoor,tumarikoppa,6175
koppal,kustagi,j.gudadoor,yaragera,6238
koppal,kustagi,j.gudadoor,barida (a),3005
koppal,kustagi,jumalapur,jumalapura,3092
koppal,kustagi,jumalapur,mudenoor,4503
koppal,kustagi,killarahatti,killarahatti,3607
koppal,kustagi,koradakera,herabanegoal,2581
koppal,kustagi,koradakera,hirenandihal,6185
koppal,kustagi,koradakera,koradakera,3768
koppal,kustagi,kustagi,kandakoru,3362
koppal,kustagi,kustagi,taluvagera,5626
koppal,kustagi,menedhal,lingadahalli,4013
koppal,kustagi,menedhal,menadal,4425
koppal,kustagi,mudenoor,mudenoor,4503
koppal,kustagi,mudenoor,shiragumpi,6210
koppal,kustagi,nilogal,bilekal,6174
koppal,kustagi,nilogal,nilogal,4857
koppal,kustagi,nilogal,tuggaldoni,5821
koppal,kustagi,sanganahal,lingadahalli,4013
koppal,kustagi,sanganahal,menadal,4425
koppal,kustagi,sanganahal,sanganal,5201
koppal,kustagi,tavaragera,killarahatti,3607
koppal,kustagi,tavaragera,taluvagera,5626
koppal,kustagi,urdu kustagi,dotehal,1952
koppal,yelburga,bandi,balutagi,997
koppal,yelburga,bandi,bandi,1021
koppal,yelburga,bandi,tummaraguddi,6280
koppal,yelburga,bevoor,bevur,1256
koppal,yelburga,bevoor,murade,4567
koppal,yelburga,bevoor,vanagiri,5961
koppal,yelburga,binnal,karamudi,3436
koppal,yelburga,chikkamyagiri,chikkamageri,1590
koppal,yelburga,chikkamyagiri,gaddegera,2013
koppal,yelburga,chikkamyagiri,vanagiri,5961
koppal,yelburga,gunnal,ganadal,2033
koppal,yelburga,gunnal,gunal,2237
koppal,yelburga,gunnal,hiravenkalakunta,2612
koppal,yelburga,hirearalihalli,mataladeni,4357
koppal,yelburga,hirearalihalli,murade,4567
koppal,yelburga,hirevankalakunta,hiravenkalakunta,2612
koppal,yelburga,hirevankalakunta,mataladeni,4357
koppal,yelburga,mudhol,hiramagari,2610
koppal,yelburga,mudhol,karamudi,3436
koppal,yelburga,mudhol,mudoal,4513
koppal,yelburga,mudhol,sankanooru,6278
koppal,yelburga,talakere,bodur,213009045
koppal,yelburga,talakere,ganadal,2033
koppal,yelburga,talakere,talakeri,5611
koppal,yelburga,vajrabandi,gaddegera,2013
koppal,yelburga,vajrabandi,tummaraguddi,6280
koppal,yelburga,vajrabandi,vajrabandi,5950
koppal,yelburga,yelaburga,balutagi,997
koppal,yelburga,yelaburga,kallur,6284
koppal,yelburga,yelaburga,sanganahal,5199
koppal,yelburga,yelaburga,tummaraguddi,6280
gadag,gadag rural,adavisomapaur,adavisomapur,522
gadag,gadag rural,adavisomapaur,hatalageri,2507
gadag,gadag rural,antur bentur,antur-bentur,741
gadag,gadag rural,antur bentur,chinchali,1637
gadag,gadag rural,antur bentur,kurtakoti,3937
gadag,gadag rural,beladadi,beladhadi,1143
gadag,gadag rural,beladadi,kalasapura,3247
gadag,gadag rural,beladadi,nagavi,4670
gadag,gadag rural,chikkahandigol,belahod,1158
gadag,gadag rural,chikkahandigol,chikkahandigol,1579
gadag,gadag rural,harti,asundi,6557
gadag,gadag rural,harti,harti,2494
gadag,gadag rural,hombal,hombal,2729
gadag,gadag rural,hombal,lingadal,4014
gadag,gadag rural,huilagol,balaganur,6334
gadag,gadag rural,huilagol,huilagol,2822
gadag,gadag rural,huilagol,kadadi,3152
gadag,gadag rural,hulkoti,binkadakatti,1359
gadag,gadag rural,hulkoti,hulkoti,2844
gadag,gadag rural,kanaginahal,kanaginahal,3334
gadag,gadag rural,kanaginahal,neeralagi,4784
gadag,gadag rural,kotumachagi,kotumachagi,3810
gadag,gadag rural,lakkundi,harlapur,2477
gadag,gadag rural,lakkundi,lakkundi,3998
gadag,gadag rural,lakkundi,timmapur,6331
gadag,gadag rural,soratur,soratur,5488
gadag,gadag rural,urdu rural,belahod,1158
gadag,gadag rural,urdu rural,harti,2494
gadag,gadag rural,urdu rural,hombal,2729
gadag,gadag rural,urdu rural,kotumachagi,3810
gadag,gadag rural,urdu rural,lakkundi,3998
gadag,gadag rural,yalishirur,yalishirur,6078
gadag,mundaragi,bagewadi,bagewadi (g),926
gadag,mundaragi,bagewadi,muradi,6240
gadag,mundaragi,bidaralli,bagewadi (g),926
gadag,mundaragi,bidaralli,bidarahalli,6229
gadag,mundaragi,dambal,dambal,1726
gadag,mundaragi,hirewaddtti,bidnal,1324
gadag,mundaragi,hirewaddtti,harogeri,2483
gadag,mundaragi,hirewaddtti,hirewaddatti,2679
gadag,mundaragi,kadampur,doni,1943
gadag,mundaragi,kadampur,kadampur,6397
gadag,mundaragi,kadampur,shivajinagar,6218
gadag,mundaragi,kalakeri,kalakeri,3235
gadag,mundaragi,korlahalli,bidnal,1324
gadag,mundaragi,korlahalli,korlahalli,3780
gadag,mundaragi,meundi,meundi,4437
gadag,mundaragi,mundaragi rural,hesarur,2598
gadag,mundaragi,mundaragi rural,korlahalli,3780
gadag,mundaragi,mundaragi urdu,dambal,1726
gadag,mundaragi,mundaragi urdu,korlahalli,3780
gadag,mundaragi,petalur,hallikeri (g),6254
gadag,mundaragi,petalur,jantli shirur,6207
gadag,mundaragi,petalur,petaluru,6241
gadag,mundaragi,shingtalur,hammigi,2372
gadag,mundaragi,shingtalur,shingatalur,5343
gadag,naragund,banahatti,banahatti,1005
gadag,naragund,banahatti,bhairana hatti,1265
gadag,naragund,chikkanaragund,benakanakoppa,1213
gadag,naragund,chikkanaragund,chikkanaragund,1601
gadag,naragund,hirekoppa,hirekoppa,2654
gadag,naragund,hirekoppa,vasan,5978
gadag,naragund,jagapur,hunashikatti,2871
gadag,naragund,jagapur,kanakikoppa,3344
gadag,naragund,konnur,konnur,6445
gadag,naragund,shirol,radder naganur,5036
gadag,naragund,shirol,shirol,6501
gadag,naragund,surakod,hadali,2291
gadag,naragund,surakod,surkod,5562
gadag,naragund,urdu naragund,surkod,5562
gadag,ron,abbigeri,abbigeri,502
gadag,ron,abbigeri,jakkali,3012
gadag,ron,abbigeri,kurudagi,3945
gadag,ron,abbigeri,maranabasari,4295
gadag,ron,asuti,asuti,823
gadag,ron,asuti,holemannur,2719
gadag,ron,asuti,koujageri,3813
gadag,ron,asuti,menasigi,4428
gadag,ron,belavanaki,belavanaki,1170
gadag,ron,belavanaki,koujageri,3813
gadag,ron,belavanaki,yavagal,6122
gadag,ron,gogeri,gogeri,2111
gadag,ron,gogeri,ramapur,5077
gadag,ron,hirehal,hirehal,2633
gadag,ron,hirehal,madalageri,4064
gadag,ron,holealur,amaragol,639
gadag,ron,holealur,holealur,2716
gadag,ron,holealur,hunagundi,2862
gadag,ron,hullur,chikkamannur,1594
gadag,ron,hullur,hullur,6547
gadag,ron,hullur,mallapur,4189
gadag,ron,kotabal,kotabal,3788
gadag,ron,kotabal,kurahatti,3919
gadag,ron,lakkalakatti,gulaguli,2222
gadag,ron,lakkalakatti,lakkalakatti,3991
gadag,ron,mushigeri,gulaguli,2222
gadag,ron,mushigeri,mushigeri,4581
gadag,ron,mushigeri,shantagiri,5307
gadag,ron,nidagundi,halakeri,2325
gadag,ron,nidagundi,itagi,6615
gadag,ron,nidagundi,nidagundi,6488
gadag,ron,rajur,kuntoji,6568
gadag,ron,rajur,rajur,5061
gadag,ron,savadi,chikkamannur,1594
gadag,ron,savadi,dambal-s-hadagali,1727
gadag,ron,savadi,mallapur,4189
gadag,ron,savadi,savadi,5271
gadag,ron,soodi,gulaguli,2222
gadag,ron,soodi,hosahalli,3110
gadag,ron,soodi,itagi,6615
gadag,ron,soodi,sudi,5514
gadag,ron,urdu ron,gogeri,2111
gadag,ron,urdu ron,maranabasari,4295
gadag,ron,urdu ron,rajur,5061
gadag,ron,urdu ron,savadi,5271
gadag,ron,urdu ron,sudi,5514
gadag,shirhatti,bannikoppa,bannikoppa,1044
gadag,shirhatti,bannikoppa,tarikoppa,5641
gadag,shirhatti,battur,battur,1104
gadag,shirhatti,battur,gojanur,2115
gadag,shirhatti,bellatti,bellatti,1190
gadag,shirhatti,bellatti,konchigeri,3735
gadag,shirhatti,chabbi,chabbi,1462
gadag,shirhatti,chabbi,majjooru,6211
gadag,shirhatti,chabbi,ranatur,5090
gadag,shirhatti,doddur,adarakatti,516
gadag,shirhatti,doddur,doddur,1927
gadag,shirhatti,futagao badni,adrahalli,528
gadag,shirhatti,futagao badni,futagao badni,1997
gadag,shirhatti,futagao badni,hulluru (g),6234
gadag,shirhatti,hebbal,hebbal,6209
gadag,shirhatti,hebbal,wadavi,6011
gadag,shirhatti,kadakol,kadakol,3158
gadag,shirhatti,kadakol,machenahalli,4050
gadag,shirhatti,kadakol,majjooru,6211
gadag,shirhatti,koganur,hole itagi,6201
gadag,shirhatti,koganur,koganur,3675
gadag,shirhatti,magadi,madahalli,4059
gadag,shirhatti,magadi,magadi,4116
gadag,shirhatti,magadi,yalavatti,6072
gadag,shirhatti,shigli,govanala,6189
gadag,shirhatti,shigli,ramagiri (s),6197
gadag,shirhatti,shigli,shigli,5335
gadag,shirhatti,suranagi,balehosur,962
gadag,shirhatti,suranagi,suranagi,5559
dharwad,dharwad,alnavar,benachi,1208
dharwad,dharwad,alnavar,kadabagatti,3145
dharwad,dharwad,aminabhavi,amminabhavi,667
dharwad,dharwad,aminabhavi,harobeladhadi,2482
dharwad,dharwad,aminabhavi,kanakur,3347
dharwad,dharwad,aminabhavi,karadigudda,6375
dharwad,dharwad,aminabhavi,marevad,4311
dharwad,dharwad,garag,belur,6454
dharwad,dharwad,garag,garag,2067
dharwad,dharwad,garag,hangarki,2422
dharwad,dharwad,garag urdu,mardgi,4306
dharwad,dharwad,garag urdu,tegur,5656
dharwad,dharwad,hebballi,hebballi,6293
dharwad,dharwad,hebballi,kanakur,3347
dharwad,dharwad,hebballi,mardgi,4306
dharwad,dharwad,hebballi,shivalli,5377
dharwad,dharwad,honnapur,aravatgi,785
dharwad,dharwad,honnapur,benachi,1208
dharwad,dharwad,honnapur,honnapur,2749
dharwad,dharwad,managundi,managundi,4213
dharwad,dharwad,managundi,mansur,4272
dharwad,dharwad,managundi,nigadi,4851
dharwad,dharwad,managundi,yarikoppa,6115
dharwad,dharwad,mugad,kalkeri,6297
dharwad,dharwad,mugad,mandihal,4232
dharwad,dharwad,mugad,mugad,4522
dharwad,dharwad,mummigatti,belur,6454
dharwad,dharwad,mummigatti,chikkamalligwad,1592
dharwad,dharwad,mummigatti,kyarakoppa,3973
dharwad,dharwad,mummigatti,mummigatti,4550
dharwad,dharwad,narendra,kurubagatti,3938
dharwad,dharwad,narendra,lokur,4028
dharwad,dharwad,narendra,narendra,4750
dharwad,dharwad,nigdi,devarahubballi,1798
dharwad,dharwad,nigdi,halligeri,2357
dharwad,dharwad,nigdi,kalkeri,6297
dharwad,dharwad,nigdi,nigadi,4851
dharwad,dharwad,tadakod,kotabagi,3787
dharwad,dharwad,tadakod,madanabhavi,4072
dharwad,dharwad,tadakod,tadakod,5594
dharwad,dharwad,tegur,kotur,6486
dharwad,dharwad,tegur,tegur,5656
dharwad,dharwad,uppina betageri,harobeladhadi,2482
dharwad,dharwad,uppina betageri,kotabagi,3787
dharwad,dharwad,uppina betageri,pudakalakatti,5013
dharwad,dharwad,uppina betageri,uppina betageri,5914
dharwad,dharwad,uppina betageri,yadvad,6056
dharwad,dharwad,urdu alnavar,kadabagatti,3145
dharwad,dharwad,veerapur,ramapur,6657
dharwad,hubli,aralikatti,agadi,532
dharwad,hubli,aralikatti,b.aralikatti,6259
dharwad,hubli,aralikatti,chebbi,1527
dharwad,hubli,byahatti,byahatti,1432
dharwad,hubli,byahatti,hebsur,2543
dharwad,hubli,byahatti,kiresur,6163
dharwad,hubli,byahatti,kusugal,3960
dharwad,hubli,byahatti,sulla,5536
dharwad,hubli,katnur,chennapur,1544
dharwad,hubli,katnur,kantur,3404
dharwad,hubli,katnur,karadikoppa,3423
dharwad,hubli,mantur,bhandiwad,1270
dharwad,hubli,mantur,halyal,2371
dharwad,hubli,mantur,mantur,6643
dharwad,hubli,noolvi,adargunchi,518
dharwad,hubli,noolvi,nulvi,4890
dharwad,hubli,noolvi,sherewad,5322
dharwad,hubli,raynal,anchatageri,696
dharwad,hubli,raynal,chennapur,1544
dharwad,hubli,raynal,devaragudihal,1794
dharwad,hubli,raynal,raynal,5113
dharwad,hubli,shirguppi,ingalahalli,2954
dharwad,hubli,shirguppi,koliwad,3702
dharwad,hubli,shirguppi,shiraguppi,5347
dharwad,hubli,shirguppi,umachagi,5897
dharwad,hubli,varur,agadi,532
dharwad,hubli,varur,balagali,950
dharwad,hubli,varur,varur,5977
dharwad,kalghatagi,dastikoppa,belavantar,1171
dharwad,kalghatagi,dastikoppa,dastikoppa,6626
dharwad,kalghatagi,dastikoppa,madakihonnalli,4062
dharwad,kalghatagi,devikoppa,devikoppa,1818
dharwad,kalghatagi,devikoppa,tambur,5630
dharwad,kalghatagi,dumwad,devalingankoppa,1776
dharwad,kalghatagi,dumwad,dhummavad,1838
dharwad,kalghatagi,dumwad,hirehonnihalli,2638
dharwad,kalghatagi,dumwad,kuruvinakoppa,3952
dharwad,kalghatagi,galagi hulakoppa,basavanakoppa,2003
dharwad,kalghatagi,galagi hulakoppa,galagihulakoppa,2027
dharwad,kalghatagi,ganjigatti,bhogenagarakoppa,6169
dharwad,kalghatagi,ganjigatti,ganjigatti,2057
dharwad,kalghatagi,ganjigatti,surashittikoppa,5560
dharwad,kalghatagi,kudalagi,sangameshwar,5198
dharwad,kalghatagi,kudalagi,sulikatti,5532
dharwad,kalghatagi,mishrikoti,mishrikoti,4450
dharwad,kalghatagi,mishrikoti,ugnikeri,5876
dharwad,kalghatagi,mukkal,bammigatti,1002
dharwad,kalghatagi,mukkal,mukkal,4536
dharwad,kalghatagi,mukkal,tavarageri,5647
dharwad,kalghatagi,muttagi,begur,6299
dharwad,kalghatagi,muttagi,gabyapur,2009
dharwad,kalghatagi,muttagi,muttagi,6629
dharwad,kalghatagi,tabakadhonnali,beeravalli,1126
dharwad,kalghatagi,tabakadhonnali,g hulikatti,2001
dharwad,kalghatagi,tabakadhonnali,jinnur,3078
dharwad,kalghatagi,tabakadhonnali,t honnihalli,5577
dharwad,kundagol,gudageri,goudageri,2164
dharwad,kundagol,gudageri,gudageri,2186
dharwad,kundagol,harlapur,goudageri,2164
dharwad,kundagol,harlapur,harlaapur,2476
dharwad,kundagol,harlapur,kalas,3245
dharwad,kundagol,hiregunjal,baradwad,213009345
dharwad,kundagol,hiregunjal,hiregunjal,2631
dharwad,kundagol,hiregunjal,rottigiwad,5128
dharwad,kundagol,ingalagi,betadur,1233
dharwad,kundagol,ingalagi,ingalagi,6195
dharwad,kundagol,ingalagi,kubihal,3822
dharwad,kundagol,ingalagi,malali,6560
dharwad,kundagol,ingalagi,mattigatti,4371
dharwad,kundagol,kamadolli,b.tarlgatta,879
dharwad,kundagol,kamadolli,hireharakuni,2636
dharwad,kundagol,kamadolli,kamadolli,3303
dharwad,kundagol,kundagol,devanur,1784
dharwad,kundagol,kundagol,gudenakatti,2203
dharwad,kundagol,kundagol,shirur,5367
dharwad,kundagol,saunshi,chakalabbi,6233
dharwad,kundagol,saunshi,pashupathihal,6162
dharwad,kundagol,saunshi,saushi,5270
dharwad,kundagol,saunshi,yerebudhihal,6151
dharwad,kundagol,urdu kundagol,gudageri,2186
dharwad,kundagol,yelival,guruvinahalli,2263
dharwad,kundagol,yelival,malali,6560
dharwad,kundagol,yelival,ramanakoppa,5074
dharwad,kundagol,yelival,yeliwal,6138
dharwad,kundagol,yerguppi,chakalabbi,6233
dharwad,kundagol,yerguppi,hirenarti,2673
dharwad,kundagol,yerguppi,yeraguppi,6149
dharwad,navalgund,annigeri 2,bhadrapur,1257
dharwad,navalgund,annigeri 2,hallikeri (d),2359
dharwad,navalgund,annigeri 2,navalli,4764
dharwad,navalgund,annigeri 2,saswihalli,5257
dharwad,navalgund,annigeri urdu,hallikeri (d),2359
dharwad,navalgund,arekurahatti,kalavad,3249
dharwad,navalgund,arekurahatti,shishvihalli,5373
dharwad,navalgund,arekurahatti,yamanur,6091
dharwad,navalgund,gummagol,gummagol,2233
dharwad,navalgund,gummagol,shirakol,5350
dharwad,navalgund,gummagol,shirur,6319
dharwad,navalgund,javoor,alagavadi,6262
dharwad,navalgund,javoor,halkusugal,2353
dharwad,navalgund,javoor,hebbal,6669
dharwad,navalgund,javoor,javur,3059
dharwad,navalgund,morab,morab,4470
dharwad,navalgund,morab,tirlapur,5780
dharwad,navalgund,nalavadi,bhadrapur,1257
dharwad,navalgund,nalavadi,nalavadi,4687
dharwad,navalgund,nalavadi,shishvihalli,5373
dharwad,navalgund,navalagund 2,belavatgi,1173
dharwad,navalgund,navalagund 2,gudisagar,2208
dharwad,navalgund,navalagund 2,ibrahimpur (d),6235
dharwad,navalgund,navalagund 2,tadahal,5592
dharwad,navalgund,shelwadi,navalli,4764
dharwad,navalgund,shelwadi,nayakanur,4773
dharwad,navalgund,shelwadi,shalavadi,5301
dharwad,navalgund,shelwadi,t kurahatti,5579
dharwad,navalgund,shelwadi,tadahal,5592
dharwad,navalgund,urdu navalgund,morab,4470
haveri,byadagi,bisalahalli,bannihatti,1041
haveri,byadagi,bisalahalli,bisalahalli,1366
haveri,byadagi,bisalahalli,kadarmandalgi,3173
haveri,byadagi,budupanhalli,budapanahalli,1406
haveri,byadagi,budupanhalli,kalledevaru,3277
haveri,byadagi,chikkabasur,chikkabasur,1568
haveri,byadagi,chikkabasur,ghalapooji,2088
haveri,byadagi,chikkabasur,hirehalli,2634
haveri,byadagi,kaginele,hedigonda,2550
haveri,byadagi,kaginele,kaginele,3209
haveri,byadagi,kaginele,kummur,3877
haveri,byadagi,masanagi,mallur,6404
haveri,byadagi,masanagi,masanagi,4342
haveri,byadagi,motebennur,gundenhalli,2244
haveri,byadagi,motebennur,motebennur,4479
haveri,byadagi,shidenur,kervadi,3565
haveri,byadagi,shidenur,muttur,6686
haveri,byadagi,shidenur,shidenur,5332
haveri,byadagi,shidenur,tadas,5595
haveri,byadagi,sudambi,hireanaji,2616
haveri,byadagi,sudambi,muttur,6686
haveri,byadagi,sudambi,sudambi,5513
haveri,hanagal,adur,adur,529
haveri,hanagal,adur,kanchineglur,3356
haveri,hanagal,adur,sigihalli shingapur plot,5410
haveri,hanagal,akkialur,akkialur,580
haveri,hanagal,akkialur,dolleshwara,1931
haveri,hanagal,akkialur,surleshwar,5563
haveri,hanagal,akkialur urdu,gondi,2132
haveri,hanagal,araleshwar,arleshwar,806
haveri,hanagal,araleshwar,savasagi,5276
haveri,hanagal,balambeed,balambeed,958
haveri,hanagal,balambeed,havanagi,2522
haveri,hanagal,bammanahalli,bammanhalli,1001
haveri,hanagal,bammanahalli,hullatti,2848
haveri,hanagal,belagalpet,aladakatti,213009380
haveri,hanagal,belagalpet,belagalapet,1146
haveri,hanagal,belagalpet,masanakatti,4343
haveri,hanagal,chikkaunashi hosur,chikkousihosur,1616
haveri,hanagal,chikkaunashi hosur,gondi,2132
haveri,hanagal,gejjihalli,gejjihalli,2084
haveri,hanagal,gejjihalli,hirekanagi,2643
haveri,hanagal,herur,herur,2595
haveri,hanagal,herur,hirehulliyal,2639
haveri,hanagal,kopparsikoppa,baichavalli,934
haveri,hanagal,kopparsikoppa,kopparsikoppa,3765
haveri,hanagal,kusnur,kelavarkoppa,3530
haveri,hanagal,kusnur,kusnur,3958
haveri,hanagal,maharajpet,karagudari,3428
haveri,hanagal,maharajpet,yalvatti,6087
haveri,hanagal,naregal,kudal,3825
haveri,hanagal,naregal,maranbeed,4297
haveri,hanagal,naregal,naregal,6433
haveri,hanagal,sammasagi,mantagi,4273
haveri,hanagal,sammasagi,sammasagi,5186
haveri,hanagal,shirgod,hirur,6422
haveri,hanagal,shirgod,shirgod,5358
haveri,hanagal,shyadaguppi,kallapur,3274
haveri,hanagal,shyadaguppi,malgund,4175
haveri,hanagal,shyadaguppi,syadguppi,5570
haveri,hanagal,tilavalli,honkan,2744
haveri,hanagal,tilavalli,kirvadi,3626
haveri,hanagal,tilavalli,tiluvalli,5774
haveri,hanagal,uppanasi,somasagar,5459
haveri,hanagal,uppanasi,uppanasi,5909
haveri,haveri,agadi,agadi (h),6258
haveri,haveri,agadi,kallihal,3282
haveri,haveri,devagiri,devagiri,6585
haveri,haveri,devagiri,karajgi,3432
haveri,haveri,devagiri,kolur (k),6424
haveri,haveri,devihosur,aladakatti,6392
haveri,haveri,devihosur,devihosur,1815
haveri,haveri,devihosur,naganur,6496
haveri,haveri,guttal,basapur,1076
haveri,haveri,guttal urdu,kolur (k),6424
haveri,haveri,havnur,havamshi,2521
haveri,haveri,havnur,havanur,2524
haveri,haveri,havnur,kanchargatti,3353
haveri,haveri,hosaritti,handignur,2410
haveri,haveri,hosaritti,hosaritti,2799
haveri,haveri,kabbur,kabbur,3137
haveri,haveri,kabbur,kulenur,3864
haveri,haveri,kabbur,sangur,5208
haveri,haveri,kanvalli,kanvalli,3407
haveri,haveri,kanvalli,katenhalli,3486
haveri,haveri,kanvalli,kurgund,3926
haveri,haveri,kurubgonda,homabaradi,2727
haveri,haveri,kurubgonda,kanakapur,3341
haveri,haveri,kurubgonda,kurubgonda,3942
haveri,haveri,kurubgonda,nelogal,4807
haveri,haveri,marol,halagi,2322
haveri,haveri,marol,hosakittur,2791
haveri,haveri,marol,marol,6601
haveri,haveri,marol,neglur,4790
haveri,haveri,mevundi,belavagi,1169
haveri,haveri,mevundi,mevundi,4438
haveri,haveri,yalagaccha,budagatti,1404
haveri,haveri,yalagaccha,konantambgi,3728
haveri,haveri,yalagaccha,yalgacha,6074
haveri,hirekerur,channalli,burudukatti,1421
haveri,hirekerur,channalli,channali,6671
haveri,hirekerur,chikkerur,betkerur,1237
haveri,hirekerur,chikkerur,chikkerur,1615
haveri,hirekerur,chinnamulgunda,aralikatti (h),6260
haveri,hirekerur,chinnamulgunda,suttakoti,5566
haveri,hirekerur,doddagubbi,kudpali,3839
haveri,hirekerur,doddagubbi,makari,4139
haveri,hirekerur,hamsabhavi,bhogavi,1295
haveri,hirekerur,hamsabhavi,hamsabhavi,2379
haveri,hirekerur,hirekabbar,hallur,6562
haveri,hirekerur,hirekabbar,hirekabbar,2641
haveri,hirekerur,hosakatti,anaji,682
haveri,hirekerur,hosakatti,nagvanda,4682
haveri,hirekerur,hosakatti,tadakanalli,5593
haveri,hirekerur,hullatti,hulatti,2830
haveri,hirekerur,hullatti,kunchur,3885
haveri,hirekerur,hullatti,nesvi,4828
haveri,hirekerur,kadur,kadur,3195
haveri,hirekerur,kadur,kanvi shiddegeri,3408
haveri,hirekerur,kod,aladgeri,589
haveri,hirekerur,kod,kod,3636
haveri,hirekerur,masur,masur,4354
haveri,hirekerur,masur,nedi negalu,4776
haveri,hirekerur,medur,kodmaggi,3669
haveri,hirekerur,medur,medur,4399
haveri,hirekerur,rattihalli,hiremorab,2667
haveri,hirekerur,rattihalli,shirgambi,5357
haveri,hirekerur,rattihalli,chikkayadachi,213009444
haveri,hirekerur,satenhalli,chikonatti,1621
haveri,hirekerur,satenhalli,kachavi,3142
haveri,hirekerur,satenhalli,madlur,6347
haveri,hirekerur,satenhalli,satenhalli,5258
haveri,hirekerur,tavaragi,ingalgondi,2956
haveri,hirekerur,tavaragi,tavaragi,5649
haveri,hirekerur,tavaragi,chikkayadachi,213009444
haveri,hirekerur,yattinahalli,ablur,506
haveri,hirekerur,yattinahalli,yattinalli m k,6121
haveri,ranebennur,aremallapur,aremallapur,792
haveri,ranebennur,aremallapur,rahutanakatti,5044
haveri,ranebennur,aremallapur,somalapur,6572
haveri,ranebennur,chalageri,challageri,1473
haveri,ranebennur,chalageri,itagi,6616
haveri,ranebennur,chalageri,kamdod,3322
haveri,ranebennur,chalageri,karur,3468
haveri,ranebennur,devaragudda,guddadaanveri,2193
haveri,ranebennur,devaragudda,guddaguddapur,2196
haveri,ranebennur,devaragudda,hanumapur,6596
haveri,ranebennur,devaragudda,honatti,2736
haveri,ranebennur,gudihonatti,chikkuravati,1617
haveri,ranebennur,gudihonatti,gudihonatti,2206
haveri,ranebennur,gudihonatti,honatti,2736
haveri,ranebennur,halageri,benkangonda,1225
haveri,ranebennur,halageri,bilhalli,1341
haveri,ranebennur,halageri,halgeri,6552
haveri,ranebennur,haranagiri,gudagur,2187
haveri,ranebennur,haranagiri,gudihonatti,2206
haveri,ranebennur,haranagiri,harangiri,2459
haveri,ranebennur,hirebidari,hirebidari,2625
haveri,ranebennur,hirebidari,irani,2965
haveri,ranebennur,hirebidari,nadiharalahalli,4630
haveri,ranebennur,hirebidari,somalapur,6572
haveri,ranebennur,itagi,itagi,6616
haveri,ranebennur,itagi,mudenur,6609
haveri,ranebennur,joyisaraharalahalli,hediyal,2551
haveri,ranebennur,joyisaraharalahalli,joisaraharalahalli,3084
haveri,ranebennur,joyisaraharalahalli,sunkalbidri,5547
haveri,ranebennur,joyisaraharalahalli,ukkund,5885
haveri,ranebennur,kakol,asundi,6558
haveri,ranebennur,kakol,guddadaanveri,2193
haveri,ranebennur,kakol,kajjari,3217
haveri,ranebennur,kakol,kakol,3227
haveri,ranebennur,kotihal,antarvalli,738
haveri,ranebennur,kotihal,lingadahalli,6232
haveri,ranebennur,kuppelur,kuppelur,3914
haveri,ranebennur,kuppelur,malanayakanahalli,4159
haveri,ranebennur,kuppelur,nittur,6528
haveri,ranebennur,makanur,kavalettu,3506
haveri,ranebennur,makanur,kodiyal,3663
haveri,ranebennur,makanur,makanur,4137
haveri,ranebennur,makanur,mudenur,6609
haveri,ranebennur,makanur,nadiharalahalli,4630
haveri,ranebennur,medleri,belur,6455
haveri,ranebennur,medleri,medleri,4398
haveri,ranebennur,medleri,somalapur,6572
haveri,ranebennur,tumminkatti,malanayakanahalli,4159
haveri,ranebennur,tumminkatti,tumminkatti,5831
haveri,savanur,hattimattur,dombarmattur,1932
haveri,savanur,hattimattur,hattimattur,2517
haveri,savanur,hattimattur,hiremaralahalli,2665
haveri,savanur,hattimattur,jallapur,3026
haveri,savanur,huralikoppa,hurulikoppi,2896
haveri,savanur,huralikoppa,kurubara mallur,3940
haveri,savanur,huralikoppa,tondur,5794
haveri,savanur,kadakol,hesrur,2600
haveri,savanur,kadakol,icchangi,2915
haveri,savanur,kadakol,kadakol,6395
haveri,savanur,kalakoti,hiremagdur,2657
haveri,savanur,kalakoti,kalasur,3248
haveri,savanur,karadagi,karadagi,3419
haveri,savanur,karadagi,mantrodi,4276
haveri,savanur,karadagi,teggihalli,5655
haveri,savanur,shirabadagi,chillurbadni,1627
haveri,savanur,shirabadagi,shirbadagi,5356
haveri,savanur,tavarmellahalli,kunemellahalli,3898
haveri,savanur,tavarmellahalli,tavarmellahalli,5652
haveri,savanur,yalavagi,huvinashigli,2905
haveri,savanur,yalavagi,yelvigi,6142
haveri,shiggoan,baad,bada,894
haveri,shiggoan,baad,guddadchannapur,2195
haveri,shiggoan,baad,halebankapur,2337
haveri,shiggoan,baad,kundur,3894
haveri,shiggoan,bannur,bannur,6355
haveri,shiggoan,bannur,hiremallur,2663
haveri,shiggoan,bannur,kabnur,3139
haveri,shiggoan,chandapur,chandapur,6652
haveri,shiggoan,chandapur,hotanhalli,2809
haveri,shiggoan,chandapur,hungunda,2876
haveri,shiggoan,dhundasi,dhundasi,1839
haveri,shiggoan,dhundasi,hosur,6505
haveri,shiggoan,hirebendigeri,hirebendigeri,2622
haveri,shiggoan,hirebendigeri,hiremankatti,2664
haveri,shiggoan,hulagur,attigeri,836
haveri,shiggoan,hulagur,basnal,1093
haveri,shiggoan,hulagur,hulgur,2832
haveri,shiggoan,hulagur,kyalkonda,3969
haveri,shiggoan,hulagur,shishuvinhal,5372
haveri,shiggoan,konankeri,andalgi,701
haveri,shiggoan,konankeri,konankeri,3727
haveri,shiggoan,narayanpur,hanumarahalli,2435
haveri,shiggoan,narayanpur,narayanpur,6416
haveri,shiggoan,neeralagi,madli,4109
haveri,shiggoan,neeralagi,n m tadas,4618
haveri,shiggoan,neeralagi,vanhalli,5969
haveri,shiggoan,tadas,kunnur,3906
haveri,shiggoan,tadas,tadas,213009343
ballari,ballari east,andral,etthinabudhihal,1991
ballari,ballari east,banapura,basarakodu,1078
ballari,ballari east,banapura,vanenoor,5968
ballari,ballari east,banapura,yerragudi,6153
ballari,ballari east,dammur,chanalu,1482
ballari,ballari east,dammur,dammur,1729
ballari,ballari east,dammur,sindigeri,5417
ballari,ballari east,halakundi,halakundhi,2326
ballari,ballari east,halakundi,sanjeevarayanakote,5210
ballari,ballari east,korlagundi,chanalu,1482
ballari,ballari east,korlagundi,handhihal,2406
ballari,ballari east,korlagundi,korlagundhi,3779
ballari,ballari east,korlagundi,sridharagadda,5500
ballari,ballari east,moka,m.gonal,4043
ballari,ballari east,moka,moka,4461
ballari,ballari east,moka,yerragudi,6153
ballari,ballari east,patelanagar bellary,amarapura,642
ballari,ballari east,rupanagudi,challagurki,1474
ballari,ballari east,rupanagudi,rupanagudi,5136
ballari,ballari east,rupanagudi,sankarabanda,5213
ballari,ballari east,sidiginamola,karekallu,3445
ballari,ballari east,sidiginamola,paramadevanahalli,4956
ballari,ballari east,sidiginamola,sidiginamola,5406
ballari,ballari east,sirivara,byradevanahalli,1450
ballari,ballari east,sirivara,kappagal,3413
ballari,ballari east,sirivara,moka,4461
ballari,ballari east,sirivara,sanganakallu,5200
ballari,ballari east,sirivara,sirivara,5437
ballari,ballari east,urdu ballari east,sanjeevarayanakote,5210
ballari,ballari east,urdu ballari east,sridharagadda,5500
ballari,ballari west,bandihatti bellary,belagallu,1148
ballari,ballari west,emmiganur,emmiganur,1986
ballari,ballari west,emmiganur,nelludi,4805
ballari,ballari west,genikehal,badanahatti,907
ballari,ballari west,genikehal,genakihal,2085
ballari,ballari west,"indiranagar,bellary",kolagallu,3688
ballari,ballari west,kallukamba,h.veerapura,2282
ballari,ballari west,kallukamba,kallukamba,3287
ballari,ballari west,kallukamba,orvai,4907
ballari,ballari west,koluru,kolur (b),6196
ballari,ballari west,koluru,somasamudra,5460
ballari,ballari west,koluru,yerrangaligi,6155
ballari,ballari west,kudithini,elubenchi,1983
ballari,ballari west,siddamman halli,elubenchi,1983
ballari,ballari west,siddamman halli,orvai,4907
ballari,ballari west,siddamman halli,siddammanahalli,5396
ballari,ballari west,urdu ballari west,kolur (b),6196
ballari,sandur,bandri,bandri,1026
ballari,sandur,bandri,h.k. halli,2280
ballari,sandur,bandri,nidugurthi,4846
ballari,sandur,bhujanga nagar,bhujanganagara,1301
ballari,sandur,bhujanga nagar,devagiri,6586
ballari,sandur,bhujanga nagar,narasingapura,4742
ballari,sandur,bomma gatta,bommagatta,1384
ballari,sandur,bomma gatta,yerrayyana halli,6217
ballari,sandur,chornur,agrahara,213009592
ballari,sandur,chornur,choranuru,1675
ballari,sandur,chornur,sovenahalli,5496
ballari,sandur,chornur,yerrayyana halli,6217
ballari,sandur,gollalingammanahalli,bommagatta,1384
ballari,sandur,gollalingammanahalli,gollalingamanahalli,2125
ballari,sandur,krishnanagara,krishnanagara,3819
ballari,sandur,krishnanagara,shuseelanagara,5390
ballari,sandur,lakshmipura,nidugurthi,4846
ballari,sandur,metriki,metriki,4436
ballari,sandur,metriki,rajapura,5054
ballari,sandur,tharanagara,bannihatti,6350
ballari,sandur,tharanagara,thaluru,6308
ballari,sandur,tharanagara,tharanagara,5695
ballari,sandur,tharanagara,vaddu,5940
ballari,sandur,thoranagal,dharoji,1831
ballari,sandur,thoranagal,thoranagallu,5747
ballari,sandur,urdu sandur,yashwanthnagara,6119
ballari,sandur,vittalapura,anthapura,739
ballari,sandur,vittalapura,vittalapura,6007
ballari,sandur,yashvanthnagara,kalingere,3259
ballari,sandur,yashvanthnagara,yashwanthnagara,6119
ballari,siruguppa,darur,balakundhi,954
ballari,siruguppa,darur,byrapur,1453
ballari,siruguppa,darur,karuru,3469
ballari,siruguppa,darur,sanavasapura,5194
ballari,siruguppa,hatcholli,beerahalli,1124
ballari,siruguppa,hatcholli,hachcholi,2285
ballari,siruguppa,k belgal,k.belagallu,3116
ballari,siruguppa,k belgal,k.suguru,3129
ballari,siruguppa,kenchanagudda,halekote,2340
ballari,siruguppa,kenchanagudda,kenchanagudda,3541
ballari,siruguppa,kenchanagudda,nadavi,4628
ballari,siruguppa,kudarhal,bagewadi (b),6236
ballari,siruguppa,kudarhal,bagguru,928
ballari,siruguppa,kudarhal,beerahalli,1124
ballari,siruguppa,kudarhal,kududhurahal,3842
ballari,siruguppa,kudarhal,ravihal,5108
ballari,siruguppa,m suguru,m.suguru,4046
ballari,siruguppa,m suguru,muddatanuru,4499
ballari,siruguppa,m suguru,nadavi,4628
ballari,siruguppa,nadanga,b.m.suguru,877
ballari,siruguppa,nadanga,ravihal,5108
ballari,siruguppa,raravi,bagguru,928
ballari,siruguppa,raravi,kuruvalli,3949
ballari,siruguppa,raravi,raravi,5101
ballari,siruguppa,sirigeri,konchegeri,3734
ballari,siruguppa,sirigeri,sirigeri,5436
ballari,siruguppa,"siruguppa, 5th ward",bagewadi (b),6236
ballari,siruguppa,"siruguppa, 5th ward",desanooru,1763
ballari,siruguppa,talur,h.hosahalli,2279
ballari,siruguppa,talur,taluru,5625
ballari,siruguppa,talur,uththanuru,5924
ballari,siruguppa,tekkalakote,halekote,2340
ballari,siruguppa,u hosalli,balakundhi,954
ballari,siruguppa,u hosalli,upparahosahalli,5911
ballari,siruguppa,urdu siruguppa,b.m.suguru,877
ballari,siruguppa,urdu siruguppa,sanavasapura,5194
chitradurga,challakere,abbenahalli,abbenahalli,500
chitradurga,challakere,b.n.pura,belagere,1150
chitradurga,challakere,banjigere,bedaredihalli,1110
chitradurga,challakere,banjigere,mannekote,4269
chitradurga,challakere,devamarikunte,devaramarikunte,1800
chitradurga,challakere,devareddihalli,devarareddihalli,1802
chitradurga,challakere,doddachellur,doddachellur,1891
chitradurga,challakere,doddachellur,p.mahadevapura,4910
chitradurga,challakere,dodderi,budnahatti,1412
chitradurga,challakere,dodderi,dodderi,1925
chitradurga,challakere,doddullarthy,doddaullarthi,1921
chitradurga,challakere,doddullarthy,kaluvehally,3298
chitradurga,challakere,doddullarthy,mylanahalli,4609
chitradurga,challakere,ghataparthy,gataparthi,2076
chitradurga,challakere,gopanahalli,gopanahalli,2147
chitradurga,challakere,gopanahalli,nagaramgere,4657
chitradurga,challakere,gourasamudra,gowrasamudra,2179
chitradurga,challakere,hirehalli,hirehalli,6390
chitradurga,challakere,jajuru,jajur,3010
chitradurga,challakere,jajuru,kaluvehally,3298
chitradurga,challakere,jajuru,obalapura,4894
chitradurga,challakere,jajuru,renukapura,5117
chitradurga,challakere,mallurahalli,mallurahalli,4202
chitradurga,challakere,meerasabeehalli,channammanagathihalli,1507
chitradurga,challakere,meerasabeehalli,meerasaabihalli,4401
chitradurga,challakere,n mahadevapura,n.devarahally,4621
chitradurga,challakere,n mahadevapura,n.mahadevapura,4623
chitradurga,challakere,n mahadevapura,thimmappanahalli,5723
chitradurga,challakere,nannivala,nannivala,4730
chitradurga,challakere,nayakanahatti,goudagere,2163
chitradurga,challakere,nayakanahatti,n.mahadevapura,4623
chitradurga,challakere,neelagethanahatti,goudagere,2163
chitradurga,challakere,neelagethanahatti,nalegetanahatti,4689
chitradurga,challakere,neralagunte,n.devarahally,4621
chitradurga,challakere,neralagunte,nerlagunte,4821
chitradurga,challakere,p.mahadevapura,p.mahadevapura,4910
chitradurga,challakere,p.mahadevapura,siddeswaranadurga,5404
chitradurga,challakere,pagadalabande,pagadalabande,4925
chitradurga,challakere,parashurampura,choulur,1679
chitradurga,challakere,parashurampura,parashurampura,4961
chitradurga,challakere,ramajogihalli,ramajogihalli,5068
chitradurga,challakere,renukapura,obalapura,4894
chitradurga,challakere,renukapura,renukapura,5117
chitradurga,challakere,sanikere,sanikere,5209
chitradurga,challakere,sanikere,somaguddu,5452
chitradurga,challakere,t n kote,t.n.kote,5589
chitradurga,challakere,talaku,mannekote,4269
chitradurga,challakere,talaku,talak,5609
chitradurga,challakere,urdu challekere,parashurampura,4961
chitradurga,chitradurga,belagatta,belagatta,1149
chitradurga,chitradurga,belagatta,gonuru,2139
chitradurga,chitradurga,bharamasagara,bharmasagara,1275
chitradurga,chitradurga,bharamasagara,kolahal,3691
chitradurga,chitradurga,bheemasamudra,beemasamudra,1121
chitradurga,chitradurga,bheemasamudra,bommenahalli,1390
chitradurga,chitradurga,chikkabennuru,byalahal,1436
chitradurga,chitradurga,chikkabennuru,chikkabennuru,1569
chitradurga,chitradurga,chikkagondanahalli,chikkagondanahalli,1577
chitradurga,chitradurga,chikkagondanahalli,madanayakanahalli,4075
chitradurga,chitradurga,chitradurga north,medehalli,4395
chitradurga,chitradurga,chitradurga-west,cholagatta,1671
chitradurga,chitradurga,d.s.halli,d.s.halli,1712
chitradurga,chitradurga,doddalaghatta,doddalaghatta,1907
chitradurga,chitradurga,esamudra,esamudra,1988
chitradurga,chitradurga,esamudra,kalagere,3231
chitradurga,chitradurga,godabanahal,annehal,730
chitradurga,chitradurga,godabanahal,godabanahal,2105
chitradurga,chitradurga,godabanahal,sondekola,5472
chitradurga,chitradurga,gonuru,gonuru,2139
chitradurga,chitradurga,gonuru,guddadarangavvanahalli,2194
chitradurga,chitradurga,hireguntanuru,hireguntanuru,2632
chitradurga,chitradurga,hulluru,hulluru,2856
chitradurga,chitradurga,ingaladal,ingaladal,2951
chitradurga,chitradurga,iyyanahalli kurubarahatti,inalli,2937
chitradurga,chitradurga,j n kote,j.n.kote,2996
chitradurga,chitradurga,janakonda,godabanahal,2105
chitradurga,chitradurga,janakonda,janukonda,6310
chitradurga,chitradurga,janakonda,sondekola,5472
chitradurga,chitradurga,kallahalli,dyamavvanahalli,1971
chitradurga,chitradurga,kogunde,kogunde,3678
chitradurga,chitradurga,kolahal,alagavadi,590
chitradurga,chitradurga,kolahal,kolahal,3691
chitradurga,chitradurga,kolahal,sirigere,5435
chitradurga,chitradurga,kunabevu,kunabevu,3880
chitradurga,chitradurga,kunabevu,turuvanuru,5841
chitradurga,chitradurga,lakshmisagara,lakshmisagara,4003
chitradurga,chitradurga,m.k.hatti,m.k.hatti,4044
chitradurga,chitradurga,m.k.hatti,medehalli,4395
chitradurga,chitradurga,madakaripura,dyamavvanahalli,1971
chitradurga,chitradurga,madakaripura,madakaripura,4060
chitradurga,chitradurga,muddapura,muddapura,4498
chitradurga,chitradurga,siddapura,cholagatta,1671
chitradurga,chitradurga,siddapura,siddapura (c),6194
chitradurga,chitradurga,sirigere,alagavadi,590
chitradurga,chitradurga,sirigere,sirigere,5435
chitradurga,chitradurga,turuvanur,turuvanuru,5841
chitradurga,chitradurga,urdu-1,m.k.hatti,4044
chitradurga,chitradurga,yalagodu,kalagere,3231
chitradurga,chitradurga,yalagodu,yalagodu,6067
chitradurga,hiriyur,abbinahole,abbinahole,503
chitradurga,hiriyur,abbinahole,eshwaragere,1989
chitradurga,hiriyur,adivala,adivala,527
chitradurga,hiriyur,adivala,gowdanahalli,2176
chitradurga,hiriyur,adivala,j g halli,2989
chitradurga,hiriyur,adivala,k.r.halli,3125
chitradurga,hiriyur,aimangala,imangala,2936
chitradurga,hiriyur,aranakatte,k.r.halli,3125
chitradurga,hiriyur,aranakatte,ranganathapura,5093
chitradurga,hiriyur,b roppa,burujinaroppa,1422
chitradurga,hiriyur,b roppa,maradihalli,4283
chitradurga,hiriyur,babbur,adivala,527
chitradurga,hiriyur,babbur,babbur,884
chitradurga,hiriyur,babbur,kunikere,3901
chitradurga,hiriyur,babbur,sooragondanahalli,5483
chitradurga,hiriyur,beerenahalli,kunikere,3901
chitradurga,hiriyur,beerenahalli,metikurke,4434
chitradurga,hiriyur,beerenahalli,sooragondanahalli,5483
chitradurga,hiriyur,dharmapura,dharmapura,1828
chitradurga,hiriyur,dharmapura,p.d.kote,4909
chitradurga,hiriyur,dindavara,dindavara,1850
chitradurga,hiriyur,eshwaragere,abbinahole,503
chitradurga,hiriyur,eshwaragere,byadarahalli,1427
chitradurga,hiriyur,eshwaragere,eshwaragere,1989
chitradurga,hiriyur,gowdanahalli,adivala,527
chitradurga,hiriyur,gowdanahalli,gowdanahalli,2176
chitradurga,hiriyur,hal madenahally,yalladakere,6080
chitradurga,hiriyur,hariyebbe,hariyebbe,2473
chitradurga,hiriyur,hariyebbe,kanajanahalli,3336
chitradurga,hiriyur,harthikote,gannayakanahalli,2063
chitradurga,hiriyur,harthikote,harthikote,2493
chitradurga,hiriyur,hiriyur north,babbur,884
chitradurga,hiriyur,hulagalakunte,uduvalli,5870
chitradurga,hiriyur,j.g.halli,j g halli,2989
chitradurga,hiriyur,j.g.halli,kariyala,3454
chitradurga,hiriyur,khandenahalli,kanajanahalli,3336
chitradurga,hiriyur,khandenahalli,kandenahalli,3365
chitradurga,hiriyur,khandenahalli,p.d.kote,4909
chitradurga,hiriyur,kodihalli,ikkanuru,2933
chitradurga,hiriyur,maskalmatti,hosa yelanadu,2778
chitradurga,hiriyur,maskalmatti,maskal,4349
chitradurga,hiriyur,metikurke,metikurke,4434
chitradurga,hiriyur,metikurke,sooragondanahalli,5483
chitradurga,hiriyur,ragenahalli,byadarahalli,1427
chitradurga,hiriyur,ragenahalli,rangenahalli,5097
chitradurga,hiriyur,urdu west,kunikere,3901
chitradurga,hiriyur,v.v.pura,kunikere,3901
chitradurga,hiriyur,v.v.pura,v.v.pura,5931
chitradurga,hiriyur,yalladakere,yalladakere,6080
chitradurga,hiriyur,yaraballi,m.d.kote,4042
chitradurga,hiriyur,yaraballi,yaraballi,6099
chitradurga,holalkere,adanuru,adanuru,515
chitradurga,holalkere,andanuru,andanuru,702
chitradurga,holalkere,b.durga,b.durga,872
chitradurga,holalkere,b.durga,gunjiganuru,2257
chitradurga,holalkere,bidarakere,bidarakere,1317
chitradurga,holalkere,chikkajajuru,chikkajajuru,1580
chitradurga,holalkere,chikkajajuru,chikkayammiganuru,1610
chitradurga,holalkere,chikkajajuru,gunjiganuru,2257
chitradurga,holalkere,chikkajajuru,hireyammiganuru,2680
chitradurga,holalkere,chikkayammiganuru,chikkayammiganuru,1610
chitradurga,holalkere,chikkayammiganuru,hireyammiganuru,2680
chitradurga,holalkere,echagatta,chitrahalli,1660
chitradurga,holalkere,echagatta,t.nulenuru,5590
chitradurga,holalkere,gunderi,gunderi,2245
chitradurga,holalkere,gunderi,vishwanathanahalli,6001
chitradurga,holalkere,h.d.pura,h.d.pura,2527
chitradurga,holalkere,holalkere urdu,malladihalli,4184
chitradurga,holalkere,malladihalli,dummi,1963
chitradurga,holalkere,malladihalli,malladihalli,4184
chitradurga,holalkere,muthugaduru,muthugaduru,4591
chitradurga,holalkere,n.g.halli,n.g.halli,4622
chitradurga,holalkere,ramagiri,gangasamudra,2047
chitradurga,holalkere,ramagiri,r.nulenuru,5035
chitradurga,holalkere,ramagiri,ramagiri (h),5067
chitradurga,holalkere,shivaganga,madderu,4089
chitradurga,holalkere,shivaganga,shivaganga,5374
chitradurga,holalkere,shivapura,shiavapura,5330
chitradurga,holalkere,talikatte,talikatte,5617
chitradurga,holalkere,talikatte,tuppudahalli,5834
chitradurga,holalkere,talya,talya,5628
chitradurga,holalkere,thekalavatti,thekalavatti,5708
chitradurga,holalkere,upparigenahalli,uperigenahalli,5907
chitradurga,hosadurga,attimage bhovihatti,attimage,840
chitradurga,hosadurga,baguru,anivala,717
chitradurga,hosadurga,baguru,baguru,931
chitradurga,hosadurga,baguru,madhure,4098
chitradurga,hosadurga,belaguru,belaguru,1156
chitradurga,hosadurga,belaguru,kabbala,3133
chitradurga,hosadurga,devapura,devapura,1787
chitradurga,hosadurga,devigere,devigere,1814
chitradurga,hosadurga,devigere,hebballi,2534
chitradurga,hosadurga,doddaghatta,doddaghatta,1895
chitradurga,hosadurga,doddathekalavatti,d.t.vatti,1713
chitradurga,hosadurga,doddathekalavatti,kainadu,3214
chitradurga,hosadurga,doddathekalavatti,karehalli,3443
chitradurga,hosadurga,garaga,thandaga,5689
chitradurga,hosadurga,gavirangapura,heggere,2564
chitradurga,hosadurga,gavirangapura,kurubarahalli,3941
chitradurga,hosadurga,guddadaneralakere,g.n.kere,2006
chitradurga,hosadurga,hosdurga town,madhure,4098
chitradurga,hosadurga,hunavinadu,hunavinadu,2872
chitradurga,hosadurga,janakal,janakal,3040
chitradurga,hosadurga,kalkere,balalasamudra,956
chitradurga,hosadurga,kalkere,kabbala,3133
chitradurga,hosadurga,kanchipura,c.b.kere,1459
chitradurga,hosadurga,kanchipura,kanchipura,3357
chitradurga,hosadurga,kellodu,kellodu,3532
chitradurga,hosadurga,m.g.dibba,bokikere,1378
chitradurga,hosadurga,m.g.dibba,kanguvalli,3375
chitradurga,hosadurga,madadakere,d.k.halli,1710
chitradurga,hosadurga,madadakere,madadakere,4056
chitradurga,hosadurga,malali,kanguvalli,3375
chitradurga,hosadurga,mallappanahalli,hebballi,2534
chitradurga,hosadurga,mallappanahalli,mallapanahalli,4187
chitradurga,hosadurga,mattodu,karehalli,3443
chitradurga,hosadurga,mattodu,mathodu,4364
chitradurga,hosadurga,s.neralakere,kabbala,3133
chitradurga,hosadurga,s.neralakere,kainadu,3214
chitradurga,hosadurga,s.neralakere,s.neralakere,5143
chitradurga,hosadurga,sanehalli,sanehalli,5195
chitradurga,hosadurga,sheeranakatte,lakkihalli,3995
chitradurga,hosadurga,srirampura,heggere,2564
chitradurga,hosadurga,srirampura,s.neralakere,5143
chitradurga,hosadurga,srirampura,srirampura,5509
chitradurga,molakalmur,b.g.kere,b.g.kere,873
chitradurga,molakalmur,b.g.kere,tumakurlahalli,5826
chitradurga,molakalmur,block urdu,nagasamudra,4662
chitradurga,molakalmur,block urdu,rampura,6665
chitradurga,molakalmur,devasamudra,devasamudra,1809
chitradurga,molakalmur,devasamudra,rampura,6665
chitradurga,molakalmur,devasamudra,siddapura (m),5401
chitradurga,molakalmur,hanagal,hanagal,2382
chitradurga,molakalmur,hanagal,hirekerehalli,2645
chitradurga,molakalmur,hanagal,rayapura,5111
chitradurga,molakalmur,j.b.halli,j.b.halli,2994
chitradurga,molakalmur,j.b.halli,santhegudda,5221
chitradurga,molakalmur,konasagara,konasagara,3732
chitradurga,molakalmur,konasagara,kondlahalli,3745
chitradurga,molakalmur,konasagara,nerlahalli,4822
chitradurga,molakalmur,molakalmur east,rayapura,5111
chitradurga,molakalmur,molakalmur west,nerlahalli,4822
chitradurga,molakalmur,molakalmur west,rayapura,5111
chitradurga,molakalmur,nagasamudra,chikkerahalli,1613
chitradurga,molakalmur,nagasamudra,hanagal,2382
chitradurga,molakalmur,nagasamudra,nagasamudra,4662
chitradurga,molakalmur,rampura,j.b.halli,2994
chitradurga,molakalmur,rampura,rampura,6665
chitradurga,molakalmur,siddapura,siddapura (m),5401
chitradurga,molakalmur,tammenahalli,thammenahalli,5687
davanagere,channagiri,ajjihalli,ajjihalli,572
davanagere,channagiri,ajjihalli,haronahalli,2490
davanagere,channagiri,ajjihalli,mudigere,4508
davanagere,channagiri,basavapatna,basavapattana,1089
davanagere,channagiri,basavapatna,daginakatte,1722
davanagere,channagiri,basavapatna,nilogallu,4858
davanagere,channagiri,channagiri,agarabannihatti,539
davanagere,channagiri,channeshapura,channeshpura,1513
davanagere,channagiri,channeshapura,joladal,3087
davanagere,channagiri,chikkaganguru,chikkaganguru,1576
davanagere,channagiri,chikkaganguru,koratikere,3776
davanagere,channagiri,chikkaganguru,nuggihalli,4889
davanagere,channagiri,chiradoni,chiradoni,1655
davanagere,channagiri,chiradoni,kamsagara,3328
davanagere,channagiri,chiradoni,kotehal,3793
davanagere,channagiri,devarahalli,devarahalli,1796
davanagere,channagiri,devarahalli,garaga,2068
davanagere,channagiri,hebbalagere,hebbalagere,2532
davanagere,channagiri,hebbalagere,hodigere,2704
davanagere,channagiri,hebbalagere,kanchiganalu,3354
davanagere,channagiri,hebbalagere,vadnal,5943
davanagere,channagiri,hire kogaluru,belliganodu,1193
davanagere,channagiri,hire kogaluru,doddamallapura,1911
davanagere,channagiri,hire kogaluru,hirekogalur,2651
davanagere,channagiri,jammapura,maravanji,4302
davanagere,channagiri,kagathuru,bulasagara,1418
davanagere,channagiri,kagathuru,ittige,2984
davanagere,channagiri,kagathuru,kagaturu,3203
davanagere,channagiri,kakanur,kakanur,6438
davanagere,channagiri,kakanur,kondadahalli,3736
davanagere,channagiri,karekatte,kabbala,213009625
davanagere,channagiri,karekatte,karekatte,3446
davanagere,channagiri,karekatte,navilehal,4767
davanagere,channagiri,kathalagere,belalagere,1161
davanagere,channagiri,kathalagere,kariganuru,3449
davanagere,channagiri,kathalagere,kattalagere,3491
davanagere,channagiri,kerebilachi,kanivebilachi,3376
davanagere,channagiri,kerebilachi,kerebilachi,3559
davanagere,channagiri,kerebilachi,rudrapura,5133
davanagere,channagiri,kerebilachi,somalapura,5455
davanagere,channagiri,lingadahalli,guddada kumaranahalli,2191
davanagere,channagiri,lingadahalli,lingadahalli,6231
davanagere,channagiri,nalluru,hiremalali,2660
davanagere,channagiri,nalluru,nallur,6288
davanagere,channagiri,pandomati,goppenahalli,2149
davanagere,channagiri,pandomati,malahal,4154
davanagere,channagiri,pandomati,pandomatti,4951
davanagere,channagiri,rajagondanahalli,honnebagi,2754
davanagere,channagiri,rajagondanahalli,rajagondanahalli,5048
davanagere,channagiri,rajagondanahalli,thippagondanahalli,5727
davanagere,channagiri,santhebennuru-1,doddabbigere,1884
davanagere,channagiri,santhebennuru-1,santhebennuru,5220
davanagere,channagiri,santhebennuru-1,thanigere,5691
davanagere,channagiri,santhebennuru-2,medikere,4396
davanagere,channagiri,santhebennuru-2,siddanamatha,5398
davanagere,channagiri,thavarekere,durvigere,1968
davanagere,channagiri,thavarekere,thavarekere,5702
davanagere,channagiri,thyavanige,kempanahalli,3537
davanagere,channagiri,thyavanige,nalkudure,4692
davanagere,channagiri,thyavanige,thyavanige,5768
davanagere,channagiri,urdu-kerebilachi,navilehal,4767
davanagere,davanagere(n),anagodu,anagodu,680
davanagere,davanagere(n),anagodu,hebbalu,2535
davanagere,davanagere(n),anagodu,naraganahalli,4733
davanagere,davanagere(n),anaji,anaji,6447
davanagere,davanagere(n),anaji,hemmana bethur,2574
davanagere,davanagere(n),avaragere,honnur,2762
davanagere,davanagere(n),chikkabudihal,avaragolla,850
davanagere,davanagere(n),chikkabudihal,kadlebalu,3187
davanagere,davanagere(n),chikkabudihal,kakkaragolla,3223
davanagere,davanagere(n),elebethur,alur,6411
davanagere,davanagere(n),elebethur,basavanalu,1086
davanagere,davanagere(n),elebethur,elebethur,1980
davanagere,davanagere(n),elebethur,kadajji,3157
davanagere,davanagere(n),elebethur,sriramanagara,213009628
davanagere,davanagere(n),gudalu,gudalu,2188
davanagere,davanagere(n),gudalu,hulikatte,2836
davanagere,davanagere(n),hebbalu,hebbalu,2535
davanagere,davanagere(n),hebbalu,naraganahalli,4733
davanagere,davanagere(n),kandanakovi,igooru,2930
davanagere,davanagere(n),kandanakovi,kandanakovi,3363
davanagere,davanagere(n),urdu k.r market,avaragolla,850
davanagere,davanagere(n),yaragunte,doddabathi,1883
davanagere,davanagere(n),yaragunte,halebhatti,213009624
davanagere,davanagere(s),bada,anaberu,674
davanagere,davanagere(s),bada,attigere,835
davanagere,davanagere(s),bada,bada,6593
davanagere,davanagere(s),hadadi,hadadi,2286
davanagere,davanagere(s),hadadi,kukkuwada,3854
davanagere,davanagere(s),hadadi,mathi,4360
davanagere,davanagere(s),kandagallu,kandagal,6540
davanagere,davanagere(s),kandagallu,malalkere,4156
davanagere,davanagere(s),kandagallu,shyagale,5391
davanagere,davanagere(s),kodaganur,kodaganur,6376
davanagere,davanagere(s),kodaganur,nerlige,4824
davanagere,davanagere(s),lokikere,gopanaalu,2146
davanagere,davanagere(s),lokikere,kaidale,3212
davanagere,davanagere(s),lokikere,lokikere,4025
davanagere,davanagere(s),mahadevipura,kanagondanahal,3335
davanagere,davanagere(s),mahadevipura,mudahadadi,4490
davanagere,davanagere(s),mayakonda,huchhavvanahalli,2815
davanagere,davanagere(s),mayakonda,mayakonda,4390
davanagere,davanagere(s),shiramagondana halli,belavanur,1172
davanagere,davanagere(s),shiramagondana halli,shiramagondanahalli,5353
davanagere,davanagere(s),tholahunse,kurki,3931
davanagere,davanagere(s),tholahunse,tholahunse,5739
davanagere,davanagere(s),urdu-dvg(s),anaberu,674
davanagere,davanagere(s),urdu-dvg(s),gopanaalu,2146
davanagere,davanagere(s),urdu-dvg(s),tholahunse,5739
davanagere,harihara,bannikodu,bannikodu,213009623
davanagere,harihara,bannikodu,k bevinalli,3101
davanagere,harihara,bannikodu,kunebelakere,3897
davanagere,harihara,banuvalli,banuvalli,1054
davanagere,harihara,banuvalli,kadar naykana halli,3172
davanagere,harihara,banuvalli,ukkadagathri,5881
davanagere,harihara,banuvalli,yalavatti,6636
davanagere,harihara,belludi,bellodi,1195
davanagere,harihara,belludi,hanagavadi,2385
davanagere,harihara,devara belakere,devara belakere,1790
davanagere,harihara,devara belakere,haralalli,2452
davanagere,harihara,devara belakere,salakatte,5169
davanagere,harihara,guththuru,kondajji,3738
davanagere,harihara,guththuru,sarathi,5245
davanagere,harihara,holesirigere,holesirigere,2721
davanagere,harihara,holesirigere,nandigavi,4717
davanagere,harihara,holesirigere,yelehole,6133
davanagere,harihara,kokkanuru,kokkanuru,3685
davanagere,harihara,kokkanuru,vasana,5979
davanagere,harihara,kumbaluru,jigali,3073
davanagere,harihara,kumbaluru,kumbaluru,213009626
davanagere,harihara,malebennuru,halivana,2349
davanagere,harihara,rajanahalli,kondajji,3738
davanagere,harihara,rajanahalli,rajanalli,5050
davanagere,honnali,arakere,arakere,6510
davanagere,honnali,arakere,belimallur,1182
davanagere,honnali,arakere,hiregonigere,2628
davanagere,honnali,belaguthi,belaguthi,1157
davanagere,honnali,belaguthi,guddehalli,2197
davanagere,honnali,belaguthi,katthige,3498
davanagere,honnali,benakanahalli,beeragondanahalli,1123
davanagere,honnali,benakanahalli,benakanahalli,6462
davanagere,honnali,benakanahalli,kammaragatte,3324
davanagere,honnali,chiluru,cheeluru,1530
davanagere,honnali,chiluru,chiluru-kadadakatte,1628
davanagere,honnali,chiluru,t gopagondanahalli,5576
davanagere,honnali,doddagarudanahalli,hosahalli,6274
davanagere,honnali,govinakovi,arabagatte,750
davanagere,honnali,govinakovi,basavanahalli,1084
davanagere,honnali,govinakovi,govinakovi,2170
davanagere,honnali,govinakovi,haralahalli,2450
davanagere,honnali,h.gopagondanahalli,h gopagondanahalli,2272
davanagere,honnali,h.gopagondanahalli,hanumasagara,2437
davanagere,honnali,kasaba-i,hatturu,2519
davanagere,honnali,kasaba-ii,h kadadakatte,2274
davanagere,honnali,kasaba-ii,soraturu,5489
davanagere,honnali,kunduru,kumbaluru,3871
davanagere,honnali,kunduru,kunduru,3896
davanagere,honnali,kunduru,mukthenahalli,4538
davanagere,honnali,lingapura,hunasaghatta,2864
davanagere,honnali,lingapura,kyasinakere,3976
davanagere,honnali,lingapura,lingapura,4019
davanagere,honnali,nyamathi,kenchikoppa,3545
davanagere,honnali,nyamathi,kunkova,3905
davanagere,honnali,odeyarahathuru,vadeyara hattur,5942
davanagere,honnali,sasvehalli,kulagatte,3858
davanagere,honnali,sasvehalli,rampura,6266
davanagere,honnali,sasvehalli,sasvehalli,213009627
davanagere,honnali,savalanga,chinnikatte,1650
davanagere,honnali,savalanga,savalanga,5274
davanagere,honnali,surahonne,chatnahalli,1521
davanagere,honnali,surahonne,palavanahalli,4934
davanagere,honnali,surahonne,surahonne,5558
davanagere,honnali,surahonne,yaraganal,6103
davanagere,honnali,taraganahalli,masadi,4340
davanagere,honnali,taraganahalli,thimlapura,5719
davanagere,honnali,urdu honnali-1,hanumasagara,2437
davanagere,honnali,yakkanahalli,bannikodu,1043
davanagere,honnali,yakkanahalli,kulambi,3861
davanagere,honnali,yakkanahalli,yakkanahalli,6060
davanagere,jagalur,anabooru,anabur,676
davanagere,jagalur,bidarakere,bidarakere,6545
davanagere,jagalur,bidarakere,bistuvalli,1373
davanagere,jagalur,bilichodu,bilichodu,1343
davanagere,jagalur,bilichodu,haalekal,2283
davanagere,jagalur,devikere,devikere,1817
davanagere,jagalur,donnehalli,donehalli,1937
davanagere,jagalur,donnehalli,toranagatte,5797
davanagere,jagalur,guthidurga,guttidurga,2266
davanagere,jagalur,hanumanthapura,hanumantapura,2432
davanagere,jagalur,hiremallanahole,hiremallanahole,2661
davanagere,jagalur,hosakere,hosakere,2790
davanagere,jagalur,hosakere,kyasenahalli,3975
davanagere,jagalur,huchangipura,basavanakote,1085
davanagere,jagalur,huchangipura,diddigi,1845
davanagere,jagalur,kechenahalli,kechchenahalli,3517
davanagere,jagalur,musturu,kalledevarapura,3276
davanagere,jagalur,musturu,mustooru,4586
davanagere,jagalur,pallagatte,asagodu,813
davanagere,jagalur,pallagatte,pallagatte,4938
davanagere,jagalur,sokke,gurusiddapura,2262
davanagere,jagalur,sokke,sokke,5447
chikkamagaluru,biruru,ballavara,nandibattalu,4713
chikkamagaluru,biruru,ballavara,thigada,5717
chikkamagaluru,biruru,banur,banur,1053
chikkamagaluru,biruru,banur,nagenahalli,6273
chikkamagaluru,biruru,birur m camp,balliganur,982
chikkamagaluru,biruru,birur m camp,jodithimmapura,3081
chikkamagaluru,biruru,devanur,chikkadevanur,1575
chikkamagaluru,biruru,devanur,devanur,6477
chikkamagaluru,biruru,doddapatanagere,jiganehalli,3074
chikkamagaluru,biruru,doddapatanagere,pattanagere,4979
chikkamagaluru,biruru,emmedoddi,emmedoddi,1985
chikkamagaluru,biruru,gulladamane,gulladamane,2226
chikkamagaluru,biruru,gulladamane,sunnadahalli,5552
chikkamagaluru,biruru,hullehalli,hullehalli,2849
chikkamagaluru,biruru,jodihochihalli,jodihochihalli,3080
chikkamagaluru,biruru,jodihochihalli,nagarallu,4656
chikkamagaluru,biruru,k hosahalli,bislehalli,1371
chikkamagaluru,biruru,k hosahalli,chikkangala,1603
chikkamagaluru,biruru,k hosahalli,saraswatipura,5244
chikkamagaluru,biruru,kadur west,pattanagere,4979
chikkamagaluru,biruru,lingadahalli,lingadahalli,6230
chikkamagaluru,biruru,nidagatta,nidagatta,4835
chikkamagaluru,biruru,s.bidare,s. bidre,5141
chikkamagaluru,biruru,sakarayapatna,hulikere,2837
chikkamagaluru,biruru,sakarayapatna,pillenahalli,5002
chikkamagaluru,biruru,sakarayapatna,sakarayapatna,5162
chikkamagaluru,biruru,udeva,kamanadurga,3308
chikkamagaluru,biruru,udeva,udeva,5863
chikkamagaluru,chikmagalur,aldur,aldur,611
chikkamagaluru,chikmagalur,aldur,doddamagaravalli,1909
chikkamagaluru,chikmagalur,allampura,allampura,623
chikkamagaluru,chikmagalur,allampura,dasarahalli,1749
chikkamagaluru,chikmagalur,ambale,ambale,649
chikkamagaluru,chikmagalur,ambale,mugulavalli,4530
chikkamagaluru,chikmagalur,avuthi,aavuthi,497
chikkamagaluru,chikmagalur,avuthi,baigooru,936
chikkamagaluru,chikmagalur,avuthi,thalihalli,5683
chikkamagaluru,chikmagalur,belwadi,belavadi,1168
chikkamagaluru,chikmagalur,belwadi,k b haal,3099
chikkamagaluru,chikmagalur,belwadi,maachenahalli,4047
chikkamagaluru,chikmagalur,hiregowja,hiregowja,2629
chikkamagaluru,chikmagalur,hiregowja,lakya,4005
chikkamagaluru,chikmagalur,huyigere,huyigere,2906
chikkamagaluru,chikmagalur,indhavara,beekanahalli,1119
chikkamagaluru,chikmagalur,indhavara,hirekolale,2652
chikkamagaluru,chikmagalur,indhavara,indhavar,2944
chikkamagaluru,chikmagalur,kadavanthi,basaravalli,1080
chikkamagaluru,chikmagalur,kadavanthi,bidare,6549
chikkamagaluru,chikmagalur,kadavanthi,kadavanti,3176
chikkamagaluru,chikmagalur,kalasapura,eshwarahalli,1990
chikkamagaluru,chikmagalur,kalasapura,kalasapura,6332
chikkamagaluru,chikmagalur,kalasapura,sindigere,5416
chikkamagaluru,chikmagalur,karthikere,hariharadahalli,2468
chikkamagaluru,chikmagalur,karthikere,karthikere,3466
chikkamagaluru,chikmagalur,machagondanahalli,kelagooru,3528
chikkamagaluru,chikmagalur,machagondanahalli,sattihalli,5268
chikkamagaluru,chikmagalur,mallandur,byaravalli,1439
chikkamagaluru,chikmagalur,mallandur,melina hulavatti,4413
chikkamagaluru,chikmagalur,mallenahalli,mallenahalli,4195
chikkamagaluru,chikmagalur,mallenahalli,thogarihankallu,5735
chikkamagaluru,chikmagalur,marle,marle,4329
chikkamagaluru,chikmagalur,mugthihalli - 01,mugthihalli,4529
chikkamagaluru,chikmagalur,mugthihalli - 01,thegur,5706
chikkamagaluru,chikmagalur,mugthihalli - 02,k r pete,3108
chikkamagaluru,chikmagalur,mugthihalli - 02,malalooru,4157
chikkamagaluru,chikmagalur,mylimane,anoor,6485
chikkamagaluru,chikmagalur,s m pet,devadana,1767
chikkamagaluru,chikmagalur,siravase,siravase,5434
chikkamagaluru,chikmagalur,uddebhoranahalli,bilikallahalli,1346
chikkamagaluru,chikmagalur,uddebhoranahalli,lakkammanahalli,3992
chikkamagaluru,chikmagalur,urdu ckm,allampura,623
chikkamagaluru,chikmagalur,urdu ckm,belavadi,1168
chikkamagaluru,chikmagalur,urdu ckm,myliimane,4612
chikkamagaluru,chikmagalur,vasthare,baskal,1092
chikkamagaluru,chikmagalur,vasthare,kuduvalli,3847
chikkamagaluru,chikmagalur,vasthare,vasthare,5981
chikkamagaluru,kadur,anegere,anegere,707
chikkamagaluru,kadur,anegere,k bidare,3102
chikkamagaluru,kadur,annigere(9 cross),annigere,732
chikkamagaluru,kadur,annigere(9 cross),huligere,2834
chikkamagaluru,kadur,antharaghatte,antaragatta,737
chikkamagaluru,kadur,antharaghatte,asandu,814
chikkamagaluru,kadur,biluvala,bilvuala,1355
chikkamagaluru,kadur,biluvala,malleshwara,4196
chikkamagaluru,kadur,biluvala,tangali,5635
chikkamagaluru,kadur,bisalere,basuru,1098
chikkamagaluru,kadur,bisalere,bisalere,1369
chikkamagaluru,kadur,bisalere,chikkballekere,1611
chikkamagaluru,kadur,chowlahiriyar,chowlahiriyur,1686
chikkamagaluru,kadur,chowlahiriyar,kalkere,3261
chikkamagaluru,kadur,g. yaradakere,udugere,5867
chikkamagaluru,kadur,g. yaradakere,vakkalagere,5952
chikkamagaluru,kadur,hirenellur,giriyapura,2102
chikkamagaluru,kadur,hirenellur,hirenalluru,2670
chikkamagaluru,kadur,hirenellur,kamanakere,3309
chikkamagaluru,kadur,hochihalli,ganganahalli,2045
chikkamagaluru,kadur,hochihalli,hochihalli,2698
chikkamagaluru,kadur,hochihalli,kunkanadu,3904
chikkamagaluru,kadur,kadur rural,ballekere,980
chikkamagaluru,kadur,kadur rural,doddapattagere,1916
chikkamagaluru,kadur,kadur rural,kaduralli,3197
chikkamagaluru,kadur,kadur west,saraswatipura,213009617
chikkamagaluru,kadur,keresanthe,keresanthe,3560
chikkamagaluru,kadur,keresanthe,somanahalli,5457
chikkamagaluru,kadur,mattigatta,cheelanahalli,1529
chikkamagaluru,kadur,mattigatta,matigatta,4367
chikkamagaluru,kadur,panchanahalli,niduvalli,4849
chikkamagaluru,kadur,panchanahalli,panchanahalli,4947
chikkamagaluru,kadur,panchanahalli,timlapura,5775
chikkamagaluru,kadur,singatagere,s madapura,5140
chikkamagaluru,kadur,singatagere,singatagere,5428
chikkamagaluru,kadur,urdu kadur,bilvuala,1355
chikkamagaluru,kadur,urdu kadur,keresanthe,3560
chikkamagaluru,kadur,urdu kadur,yallambalase,6081
chikkamagaluru,kadur,y mallapura,v yaradhakere,5929
chikkamagaluru,kadur,y mallapura,y. mallapura,6034
chikkamagaluru,kadur,yagati,pura,5023
chikkamagaluru,kadur,yagati,yagati,6059
chikkamagaluru,kadur,yallamabalase,garje,2073
chikkamagaluru,kadur,yallamabalase,yallambalase,6081
chikkamagaluru,koppa,agalagandi,agalagandi,533
chikkamagaluru,koppa,agalagandi,buvanakote,1424
chikkamagaluru,koppa,balagady,binthravalli,1360
chikkamagaluru,koppa,balagady,kesave,3574
chikkamagaluru,koppa,balagady,nuggi,4888
chikkamagaluru,koppa,hariharapura,asagodu,6553
chikkamagaluru,koppa,hariharapura,hariharapura,2470
chikkamagaluru,koppa,herur,heruru,6363
chikkamagaluru,koppa,herur,hiregadde,2627
chikkamagaluru,koppa,jayapura,jayapura,3063
chikkamagaluru,koppa,jayapura,tuluvinakoppa,5824
chikkamagaluru,koppa,kammaradi,bandigadi,1022
chikkamagaluru,koppa,kammaradi,chavalmane,1526
chikkamagaluru,koppa,koppa gramantara,hirekodige,2650
chikkamagaluru,koppa,koppa gramantara,koppa rural,3761
chikkamagaluru,koppa,koppa pattana,harandur,2458
chikkamagaluru,koppa,narve,matithotlu,4368
chikkamagaluru,koppa,narve,naraseepura,4741
chikkamagaluru,koppa,niluvagilu,niluvagilu,4859
chikkamagaluru,koppa,niluvagilu,shanuvalli,5312
chikkamagaluru,koppa,shantigram,attikodige,839
chikkamagaluru,koppa,shantigram,guddethota,2200
chikkamagaluru,moodigere,bankal,b.hosalli,876
chikkamagaluru,moodigere,bankal,banakal,1007
chikkamagaluru,moodigere,bankal,tharuve,5699
chikkamagaluru,moodigere,bettadamane,hanthuru,2428
chikkamagaluru,moodigere,billuru,daradahalli,1738
chikkamagaluru,moodigere,chinniga,chinniga,1649
chikkamagaluru,moodigere,chinniga,kirugund,3624
chikkamagaluru,moodigere,gonibeedu,gonibeedu,2134
chikkamagaluru,moodigere,gowdahalli,oorubage,4902
chikkamagaluru,moodigere,halike,bettagere,1244
chikkamagaluru,moodigere,halike,tripura,5816
chikkamagaluru,moodigere,hesgal,bidarahalli,1316
chikkamagaluru,moodigere,hesgal,hesgal,2599
chikkamagaluru,moodigere,hirebylu,idakani,2922
chikkamagaluru,moodigere,hirebylu,marasanige,4298
chikkamagaluru,moodigere,javali,javali,3057
chikkamagaluru,moodigere,javali,sunkasale,5549
chikkamagaluru,moodigere,kalasa,kalasa,3246
chikkamagaluru,moodigere,makonahalli,makonahalli,4144
chikkamagaluru,moodigere,mudigere,hale moodigere,2334
chikkamagaluru,moodigere,niduvale,baalooru,881
chikkamagaluru,moodigere,niduvale,koove,3759
chikkamagaluru,moodigere,niduvale,niduvale,4848
chikkamagaluru,moodigere,phalguni,kundooru,3893
chikkamagaluru,moodigere,phalguni,palghuni,4936
chikkamagaluru,moodigere,samse,horanadu,2770
chikkamagaluru,moodigere,samse,samse,5191
chikkamagaluru,narasimharajapura,balehonnur,b. kanabooru,869
chikkamagaluru,narasimharajapura,balehonnur,magundi,4123
chikkamagaluru,narasimharajapura,gadigeshwara,aaduvalli,496
chikkamagaluru,narasimharajapura,gadigeshwara,kanur,3405
chikkamagaluru,narasimharajapura,karkeshwara,bannuru,1049
chikkamagaluru,narasimharajapura,karkeshwara,karkeshwara,3457
chikkamagaluru,narasimharajapura,moodabagilu,bale,961
chikkamagaluru,narasimharajapura,moodabagilu,gubbiga,2184
chikkamagaluru,narasimharajapura,moodabagilu,honnekodige,2756
chikkamagaluru,narasimharajapura,muthina koppa,muttinakoppa,4602
chikkamagaluru,narasimharajapura,n r pura,gubbiga,2184
chikkamagaluru,narasimharajapura,n r pura,menasooru,4429
chikkamagaluru,narasimharajapura,n r pura rural,menasooru,4429
chikkamagaluru,narasimharajapura,sankadakuni,kanur,3405
chikkamagaluru,narasimharajapura,sankadakuni,seethooru,5292
chikkamagaluru,narasimharajapura,shettikoppa,kadahinabailu,3156
chikkamagaluru,narasimharajapura,shettikoppa,muttinakoppa,4602
chikkamagaluru,sringeri,kigga,markal,4320
chikkamagaluru,sringeri,menase,kutha godu,3961
chikkamagaluru,sringeri,menase,menase,4427
chikkamagaluru,sringeri,nallur,begaaru,1131
chikkamagaluru,sringeri,nallur,dhare koppa,1826
chikkamagaluru,sringeri,nemmaru,nemmaaru,4810
chikkamagaluru,sringeri,sringeri pattana,vidyaranyapura,5995
chikkamagaluru,sringeri,vidyanagara,addagudde,524
chikkamagaluru,sringeri,vidyanagara,vidyaranyapura,5995
chikkamagaluru,tarikere,ajjampura,naranapura,4737
chikkamagaluru,tarikere,bavikere,bavikere,1105
chikkamagaluru,tarikere,bavikere,siddarahalli,5402
chikkamagaluru,tarikere,belenahalli,belenahalli,1178
chikkamagaluru,tarikere,belenahalli,m c halli,4033
chikkamagaluru,tarikere,bettadahalli,bettadhahalli,1243
chikkamagaluru,tarikere,bettadahalli,kornahalli,3782
chikkamagaluru,tarikere,bukkambudi,bukkambudi,1415
chikkamagaluru,tarikere,bukkambudi,chikkanavangala,1602
chikkamagaluru,tarikere,bukkambudi,javur,6680
chikkamagaluru,tarikere,gadihalli,gadeehalli,2015
chikkamagaluru,tarikere,gadihalli,mugali,4523
chikkamagaluru,tarikere,hadikere,amruthapura,671
chikkamagaluru,tarikere,hadikere,hadikere,2296
chikkamagaluru,tarikere,karkuchi,gopala,2143
chikkamagaluru,tarikere,karkuchi,karakuchi,3434
chikkamagaluru,tarikere,kasaba rural,doranalu,1950
chikkamagaluru,tarikere,kudlur,baggavalli,927
chikkamagaluru,tarikere,kudlur,koratikere,6465
chikkamagaluru,tarikere,kudlur,kudlur,3837
chikkamagaluru,tarikere,lakkavalli,halsooru,2366
chikkamagaluru,tarikere,lakkavalli,kenchikoppa,6660
chikkamagaluru,tarikere,lakkavalli,lakkavalli,3993
chikkamagaluru,tarikere,makonahalli,lakkavalli,3993
chikkamagaluru,tarikere,mudugodu,baragenahalli,1058
chikkamagaluru,tarikere,mudugodu,mudagodu,4489
chikkamagaluru,tarikere,neralekere,hunsagatta,2879
chikkamagaluru,tarikere,neralekere,neralakere,4813
chikkamagaluru,tarikere,shivani,anuvanahalli,745
chikkamagaluru,tarikere,shivani,cheeranahalli,1532
chikkamagaluru,tarikere,shivani,shivani,6527
chikkamagaluru,tarikere,shokke,attimogge,841
chikkamagaluru,tarikere,shokke,doddabakikere,1878
chikkamagaluru,tarikere,sollapura,begur,6300
chikkamagaluru,tarikere,sollapura,sollapura,5450
tumakuru,chiknayakanhalli,baragur,baragooru,1060
tumakuru,chiknayakanhalli,baraknaalu,barakanalu,1062
tumakuru,chiknayakanhalli,baraknaalu,dodda bidare,1863
tumakuru,chiknayakanhalli,baraknaalu,thimmanahalli,5721
tumakuru,chiknayakanhalli,belaguli,belaguli,1154
tumakuru,chiknayakanhalli,chikkabidare,dodda bidare,1863
tumakuru,chiknayakanhalli,dasudi,dasudi,1754
tumakuru,chiknayakanhalli,doddennegere,doddayennegere,1923
tumakuru,chiknayakanhalli,doddennegere,koragere,3769
tumakuru,chiknayakanhalli,ganadaalu,ganadalu,2034
tumakuru,chiknayakanhalli,godekere,godekere,2109
tumakuru,chiknayakanhalli,handanakere,chowlakatte,1687
tumakuru,chiknayakanhalli,handanakere,handanakere,2403
tumakuru,chiknayakanhalli,hoysala katte,hoysalakatte,2811
tumakuru,chiknayakanhalli,huliyaaru,kenkere,3550
tumakuru,chiknayakanhalli,j c pura,j c pura,2988
tumakuru,chiknayakanhalli,kandhikere,barakanalu,1062
tumakuru,chiknayakanhalli,kandhikere,kandhikere,3367
tumakuru,chiknayakanhalli,kandhikere,muddenahalli,4501
tumakuru,chiknayakanhalli,kuppuru,kuppuru,3916
tumakuru,chiknayakanhalli,m mantapa,dugudihalli,1961
tumakuru,chiknayakanhalli,maligehalli,muddenahalli,4501
tumakuru,chiknayakanhalli,malligere,malligere,4198
tumakuru,chiknayakanhalli,mathighatta,chowlakatte,1687
tumakuru,chiknayakanhalli,mathighatta,mathigatta,4361
tumakuru,chiknayakanhalli,seege bagi gate,chowlakatte,1687
tumakuru,chiknayakanhalli,seege bagi gate,thimmalapura,5720
tumakuru,chiknayakanhalli,shettykere,dugudihalli,1961
tumakuru,chiknayakanhalli,shettykere,shettikere,5328
tumakuru,chiknayakanhalli,thimmanahalli,ramanahalli,5073
tumakuru,chiknayakanhalli,thimmanahalli,thimmanahalli,5721
tumakuru,chiknayakanhalli,thirthapura,theerthapura,5705
tumakuru,chiknayakanhalli,yalanaadu,koragere,3769
tumakuru,chiknayakanhalli,yalanaadu,yalanadu,6071
tumakuru,gubbi,adagur,adagur,511
tumakuru,gubbi,alilughatta,alilaghatta,618
tumakuru,gubbi,ammana ghatta,ammanagatta,662
tumakuru,gubbi,belavatha,belavatta,1174
tumakuru,gubbi,belavatha,marashettihalli,6475
tumakuru,gubbi,bidare,bidare,6550
tumakuru,gubbi,c s pura,c s pura,1457
tumakuru,gubbi,chelur,chelur,1536
tumakuru,gubbi,chelur,nallur,4698
tumakuru,gubbi,doddaguni,doddaguni,1897
tumakuru,gubbi,gubbi hosahalli,g hosahalli,2000
tumakuru,gubbi,hagalavadi,hagalavadi,2303
tumakuru,gubbi,hindiskere,hindiskere,213009364
tumakuru,gubbi,hosakere,hosakere,6490
tumakuru,gubbi,hpbs gubbi,herur,6362
tumakuru,gubbi,idagur,idagooru,2919
tumakuru,gubbi,irakasandra,bidare,6550
tumakuru,gubbi,irakasandra,irakasandra,2964
tumakuru,gubbi,kadaba,byadagere,213009051
tumakuru,gubbi,kadaba,kadaba,3144
tumakuru,gubbi,kadaba,koppa,6450
tumakuru,gubbi,kallur,kalluru,3290
tumakuru,gubbi,kallur,peddanahalli,4984
tumakuru,gubbi,kondli,kondli,3746
tumakuru,gubbi,koppa,koppa,6450
tumakuru,gubbi,m h patna,m h patna,4036
tumakuru,gubbi,manchaladore,manchaladore,4218
tumakuru,gubbi,mara shettyhalli,marashettihalli,6475
tumakuru,gubbi,maruthi nagara,shivapura,6290
tumakuru,gubbi,mavinahalli,d chengavi,1701
tumakuru,gubbi,mavinahalli,mavinahalli,4384
tumakuru,gubbi,nittur,herur,6362
tumakuru,gubbi,nittur,m n kote,4038
tumakuru,gubbi,nittur,nittur,6530
tumakuru,gubbi,peddanahalli,byadagere,213009051
tumakuru,gubbi,peddanahalli,peddanahalli,4984
tumakuru,gubbi,s kodagihalli,kodigehalli,213009348
tumakuru,gubbi,sathenahalli,nallur,4698
tumakuru,gubbi,thale koppa,ankasandra,727
tumakuru,gubbi,thyagatur,m n kote,4038
tumakuru,gubbi,thyagatur,tyagatuuru,5844
tumakuru,kunigal,amruthur,amruthuru,672
tumakuru,kunigal,amruthur,kodagihalli,3642
tumakuru,kunigal,begur,begur (tmkr),6301
tumakuru,kunigal,begur,kithanamangala,3627
tumakuru,kunigal,begur,yaleyur,6073
tumakuru,kunigal,bhaktharahally,bhaktharahalli,1267
tumakuru,kunigal,bidanagere,begur (tmkr),6301
tumakuru,kunigal,bidanagere,kothagere,3797
tumakuru,kunigal,bidanagere,yaleyur,6073
tumakuru,kunigal,chowdanakuppe,choudanakuppe,1678
tumakuru,kunigal,d hosahalli,d hosahalli,1702
tumakuru,kunigal,d hosahalli,haleyuru,2344
tumakuru,kunigal,dombarahatty,bilidevalaya,1344
tumakuru,kunigal,dombarahatty,kaggere,3207
tumakuru,kunigal,dombarahatty,madakehalli,4061
tumakuru,kunigal,girigowdana palya,t hosahalli,5578
tumakuru,kunigal,hanchipura,paduvagere,4922
tumakuru,kunigal,hanchipura,yadavani,6046
tumakuru,kunigal,herur,bilidevalaya,1344
tumakuru,kunigal,herur,heruru,6364
tumakuru,kunigal,huliyurdurga,h l durga,2275
tumakuru,kunigal,huliyurdurga,haleyuru,2344
tumakuru,kunigal,huthridurga,hutharidhurga,2901
tumakuru,kunigal,janagere,madakehalli,4061
tumakuru,kunigal,jinnagara,jinnagara,3076
tumakuru,kunigal,jinnagara,paduvagere,4922
tumakuru,kunigal,jodi hosahalli,j hosahalli,2990
tumakuru,kunigal,k h halli,k h halli,3105
tumakuru,kunigal,kempanahalli,ippadi,2961
tumakuru,kunigal,kempanahalli,kempanahalli,6493
tumakuru,kunigal,koppa,koppa,213009177
tumakuru,kunigal,kottagere,bagenahalli,923
tumakuru,kunigal,kottagere,bhaktharahalli,1267
tumakuru,kunigal,markonahalli,markonahalli,4324
tumakuru,kunigal,markonahalli,paduvagere,4922
tumakuru,kunigal,nademavinapura,kaggere,3207
tumakuru,kunigal,nademavinapura,n m pura,4617
tumakuru,kunigal,nagasandra,nagasandra,4663
tumakuru,kunigal,nidasale,kodavaththi,3652
tumakuru,kunigal,nidasale,nidasale,4838
tumakuru,kunigal,santhe mavathur,d hosahalli,1702
tumakuru,kunigal,santhe mavathur,santhemavathuru,5230
tumakuru,kunigal,tavarekere,tavarekere,5651
tumakuru,kunigal,tharedakuppe,bagenahalli,923
tumakuru,kunigal,tharedakuppe,tharedakuppe,5696
tumakuru,kunigal,ujjani,nidasale,4838
tumakuru,kunigal,ujjani,ujjani,5879
tumakuru,kunigal,yediyur,yadeyur,6049
tumakuru,kunigal,yeliyur,hutharidhurga,2901
tumakuru,kunigal,yeliyur,yaleyur,6073
tumakuru,tiptur,baluvaneralu,baluvaneralu,998
tumakuru,tiptur,biligere,aralaguppe,762
tumakuru,tiptur,biligere,biligere,1345
tumakuru,tiptur,byranayakanahalli,manakikere,4216
tumakuru,tiptur,gudigondanahalli,gudigondanahalli,2205
tumakuru,tiptur,gurugadahalli,gurugadahalli,2259
tumakuru,tiptur,gurugadahalli,mathihalli,4362
tumakuru,tiptur,halukurike,baluvaneralu,998
tumakuru,tiptur,halukurike,halukurike,2368
tumakuru,tiptur,honnavalli,gyara ghatta,2268
tumakuru,tiptur,honnavalli,honnavalli,2750
tumakuru,tiptur,honnenahalli,dasarighatta,1751
tumakuru,tiptur,honnenahalli,rangapura,5095
tumakuru,tiptur,honnenahalli,thadasooru,5671
tumakuru,tiptur,hosahalli,dasarighatta,1751
tumakuru,tiptur,hosahalli,rangapura,5095
tumakuru,tiptur,kamparahalli,masavana ghatta,4346
tumakuru,tiptur,karadalu,echanooru,1976
tumakuru,tiptur,karadalu,hucchagondanahalli,2814
tumakuru,tiptur,karadalu,kuppalu,3912
tumakuru,tiptur,kattigenahalli,hindiskere,2606
tumakuru,tiptur,kote nayakanahalli,hucchagondanahalli,2814
tumakuru,tiptur,kuppalu,aralaguppe,762
tumakuru,tiptur,kuppalu,karadi,6578
tumakuru,tiptur,kuppalu,kuppalu,3912
tumakuru,tiptur,mattihalli,gudigondanahalli,2205
tumakuru,tiptur,mattihalli,mathihalli,4362
tumakuru,tiptur,nagaraghatta,nagaraghatta,4651
tumakuru,tiptur,nellikere,nellikere,4803
tumakuru,tiptur,nonavinakere,gungurumele,2253
tumakuru,tiptur,nonavinakere,nonavinakere,4880
tumakuru,tiptur,sarthavalli,sarthavalli,5249
tumakuru,tiptur,sooguru,bajagooru,943
tumakuru,tiptur,sooguru,hunaseghatta,2868
tumakuru,tiptur,tiptur south,rangapura,5095
tumakuru,tumkur,areyur,areyur,794
tumakuru,tumkur,ballagere,ballagere,977
tumakuru,tumkur,beladhara,beladhara,1144
tumakuru,tumkur,belagumba,belagumba,1155
tumakuru,tumkur,belagumba,swandenahalli,5569
tumakuru,tumkur,bellavi,bellavi,1191
tumakuru,tumkur,bugudanahalli,buduganahalli,1413
tumakuru,tumkur,c t kere,arekere,791
tumakuru,tumkur,c t kere,c t kere,1458
tumakuru,tumkur,devalapura,devalapura,6605
tumakuru,tumkur,devalapura,kesturu,3578
tumakuru,tumkur,galigenahalli,galigenahalli,2030
tumakuru,tumkur,gulur,guluru,2230
tumakuru,tumkur,gulur,hethenahalli,2601
tumakuru,tumkur,haraluru,haraluuru,2454
tumakuru,tumkur,hebburu,hebburu,2540
tumakuru,tumkur,hebburu,kanakuppe,3346
tumakuru,tumkur,heggere,heggere,6344
tumakuru,tumkur,heggere,mallasandra,4193
tumakuru,tumkur,hirehalli,hirehalli,6391
tumakuru,tumkur,hirehalli,kesarumadu,3573
tumakuru,tumkur,holakallu,olakal,4898
tumakuru,tumkur,honasigere,honasigere,2734
tumakuru,tumkur,honnudike,honnudike,2761
tumakuru,tumkur,honnudike,maskal,6520
tumakuru,tumkur,k palasandra,k palasandra,3106
tumakuru,tumkur,kanakuppe,kanakuppe,3346
tumakuru,tumkur,kora,kesturu,3578
tumakuru,tumkur,kyathasandra,hirehalli,6391
tumakuru,tumkur,kyathasandra,kesarumadu,3573
tumakuru,tumkur,kyathsandra (urdu),hirehalli,6391
tumakuru,tumkur,mallasandra,doddanaravangala,1915
tumakuru,tumkur,mallasandra,mallasandra,4193
tumakuru,tumkur,mydala,mydala,4607
tumakuru,tumkur,nagavalli,gangona halli,2052
tumakuru,tumkur,nagavalli,nagavalli,4668
tumakuru,tumkur,nagavalli (urdu),honasigere,2734
tumakuru,tumkur,nagavalli (urdu),honnudike,2761
tumakuru,tumkur,nelahal,nelahal,4793
tumakuru,tumkur,niduvalalu,hebburu,2540
tumakuru,tumkur,niduvalalu,niduvalalu,4847
tumakuru,tumkur,obalapura,obalapura,6539
tumakuru,tumkur,oordigere,aregujjanahalli,787
tumakuru,tumkur,oordigere,oordigere,4900
tumakuru,tumkur,oorukere,arekere,791
tumakuru,tumkur,oorukere,oorukere,4903
tumakuru,tumkur,seethakal,seethakallu,5289
tumakuru,tumkur,sirivara,sirivara,6564
tumakuru,tumkur,thimmarajanahalli,sorekunte,5491
tumakuru,tumkur,thimmarajanahalli,thimmarajanahalli,5724
tumakuru,turuvekere,adithya patna,hadavanahalli,2294
tumakuru,turuvekere,anekere,anekere,712
tumakuru,turuvekere,aremallenahalli,aremallenahalli,793
tumakuru,turuvekere,aremallenahalli,thandaga,6377
tumakuru,turuvekere,banasandra,banasandra,1008
tumakuru,turuvekere,bythara hosahalli,byatharahosahalli,1441
tumakuru,turuvekere,dabbe ghatta,aremallenahalli,793
tumakuru,turuvekere,dabbe ghatta,dabbeghatta,1717
tumakuru,turuvekere,dabbe ghatta,gonitumkur,2137
tumakuru,turuvekere,dandina shivara,dandinashivara,1735
tumakuru,turuvekere,hittala koppa,manichenduru,4254
tumakuru,turuvekere,hullekere,hullekere,2850
tumakuru,turuvekere,kanathur,kanathuru,3351
tumakuru,turuvekere,kondajji,kondajji,6440
tumakuru,turuvekere,lokkammana halli,lokammanahalli,4023
tumakuru,turuvekere,madihalli,madihalli,4102
tumakuru,turuvekere,mavinakere,mavinakere,6541
tumakuru,turuvekere,mavinakere,muttugadhahalli,4603
tumakuru,turuvekere,mayasandra,mayasandra,4392
tumakuru,turuvekere,muniyur,muniyuru,4564
tumakuru,turuvekere,sampige,hadavanahalli,2294
tumakuru,turuvekere,sampige,sampige,5189
tumakuru,turuvekere,sampige hosahalli,sampige hosahalli,5190
tumakuru,turuvekere,shettygondana halli,shettygondanahalli,5329
tumakuru,turuvekere,soravanahalli,soravanahalli,5490
tumakuru,turuvekere,talakere,talkere,5620
tumakuru,turuvekere,turuvekere patna,gonitumkur,2137
tumakuru,turuvekere,turuvekere patna,kodigehalli,3658
tumakuru,turuvekere,vadavana ghatta,vadavanaghatta,5935
kolar,k g f,bangartirupathi,hulkur,2846
kolar,k g f,bethamangala,bethamangala,1236
kolar,k g f,bethamangala,kammasandra,3325
kolar,k g f,ghattamadamangala,gattamadamanga,2077
kolar,k g f,ghattamadamangala,marikuppa,4317
kolar,k g f,jakkaarasanakuppa,jakkarasakuppa,3015
kolar,k g f,karadaguru,kangandahalli,3371
kolar,k g f,karadaguru,srinivasasandra,5506
kolar,k g f,kyasamballi,kyasamballi,3974
kolar,k g f,n.g. hulkur,n g hulkur,4616
kolar,k g f,n.g. hulkur,vengasandra,5987
kolar,k g f,oorgaumpet,ghattakamadena,2092
kolar,k g f,parandahalli,gattamadamanga,2077
kolar,k g f,parandahalli,parandlahalli,4959
kolar,k g f,ramasagara,ramasagara,6659
kolar,k g f,ramasagara,vengasandra,5987
kolar,k g f,sundarapalya,sundarapalya,5545
kolar,k g f,sundarapalya,vengasandra,5987
kolar,k g f,t.gollahalli,marikuppa,4317
kolar,k g f,t.gollahalli,t gollahalli,5575
kolar,kolar,abbani,shapur,5313
kolar,kolar,annihalli (manighatta),manigatta,4255
kolar,kolar,arabikothanur,arabikothanur,752
kolar,kolar,beglihosahalli,beglihosahalli,1132
kolar,kolar,beglihosahalli,doddahasala,1899
kolar,kolar,belamaranahalli,belamaranahalli,1163
kolar,kolar,belamaranahalli,chowdadenahalli,1680
kolar,kolar,darga (urdu-2),arabikothanur,752
kolar,kolar,darga (urdu-2),honnenahalli,2757
kolar,kolar,harathi,harati,2461
kolar,kolar,holur,holur,2726
kolar,kolar,huthur,huthur,2902
kolar,kolar,itharasanahalli,itharasanahalli,2979
kolar,kolar,joohalli (urdu-1),sulur,5541
kolar,kolar,joohalli (urdu-1),vakkaleri,5953
kolar,kolar,kadahalli,ammanallur,663
kolar,kolar,kodikannur,arahalli,755
kolar,kolar,kodikannur,marjenahalli,4319
kolar,kolar,kondarajanahalli(katarip),kondarajanahalli,3739
kolar,kolar,kyalanur,channasandra,1511
kolar,kolar,kyalanur,kyalanur,3968
kolar,kolar,madanahalli,madahalli,6662
kolar,kolar,madanahalli,thotli,5754
kolar,kolar,madderi,madderi,4088
kolar,kolar,medihala,shettihalli,6476
kolar,kolar,muduvadi,jannagatta,3049
kolar,kolar,muduvadi,muduvadi,4519
kolar,kolar,muduvatti,muduvathi,4520
kolar,kolar,narasapura,bellur,1196
kolar,kolar,narasapura,narasapura,6427
kolar,kolar,sugatur,oorigili,4901
kolar,kolar,sugatur,sugutur,5520
kolar,kolar,sulur,sulur,5541
kolar,kolar,thoradevandahalli,thoradevandahalli,5746
kolar,kolar,vadagur,honnenahalli,2757
kolar,kolar,vadagur,vadagur,5933
kolar,kolar,vakkaleri,vakkaleri,5953
kolar,kolar,vemgal,seethi,5291
kolar,malur,anepura,kondashettihalli,3740
kolar,malur,araleri,araleri,765
kolar,malur,banahalli,banahalli,1004
kolar,malur,chikkakunthuru,chikkanthur,1605
kolar,malur,chikkathirupathi,chikkathirupathi,1608
kolar,malur,chikkathirupathi,jayamangala,3062
kolar,malur,d.n. doddi,baliganahalli,970
kolar,malur,d.n. doddi,d n doddi,1705
kolar,malur,dinnahalli,dinnahalli,1853
kolar,malur,doddashivara,doddashivara,1919
kolar,malur,huladenahalli,huladenahalli,2826
kolar,malur,huralagere,nosagere,4886
kolar,malur,k.g. halli,k g halli,3103
kolar,malur,kondashettihalli (urdu-2),huladenahalli,2826
kolar,malur,kondashettihalli (urdu-2),kondashettihalli,3740
kolar,malur,kondashettihalli (urdu-2),nootve,4883
kolar,malur,kudiyanur,santhehalli,5223
kolar,malur,lakkur,h hosakote,2273
kolar,malur,lakkur,lakkur,3999
kolar,malur,m.c.halli,madivala,4105
kolar,malur,m.c.halli,thornahalli,5752
kolar,malur,malur,abbenahalli,6681
kolar,malur,malur (urdu-1),kudiyanur,3833
kolar,malur,malur (urdu-1),madivala,4105
kolar,malur,masthi,hasandahalli,2501
kolar,malur,masthi,masthi,4353
kolar,malur,rajenahalli,rajenahalli,5057
kolar,malur,shivarapatna,hungenahalli,2875
kolar,malur,shivarapatna,shivarapatna,5387
kolar,malur,tekal,tekal,5657
kolar,malur,thorlakki,nootve,4883
kolar,malur,trunasi,turunisi,5840
kolar,mulbagal,agara,agara,6325
kolar,mulbagal,amblikal,amblikal,657
kolar,mulbagal,angondahalli,angondahalli,715
kolar,mulbagal,avani,avani,848
kolar,mulbagal,avani,oorukunte mittur,4904
kolar,mulbagal,bairakur,byrakur,1452
kolar,mulbagal,balla,balla,976
kolar,mulbagal,devarayasamudra,devarayasamudra,1805
kolar,mulbagal,emmenatha,emmanetha,1984
kolar,mulbagal,gudipalli,gudipalli,2207
kolar,mulbagal,gummakallu,gummakal,2234
kolar,mulbagal,h.gollahalli,h gollahalli,2271
kolar,mulbagal,hanumanahalli,hanumanahalli,2429
kolar,mulbagal,hebbani,hebbani,2536
kolar,mulbagal,kurudumale,kurudumale,3947
kolar,mulbagal,mallanayakanahalli,mallanayakanahalli,4186
kolar,mulbagal,mallanayakanahalli,sonnavadi,5478
kolar,mulbagal,mothakapalli,mothakapalli,4480
kolar,mulbagal,mudigere,mudigere,6612
kolar,mulbagal,mudiyanur,mudiyanur,4510
kolar,mulbagal,n.vaddahalli,kappalamadagu,3415
kolar,mulbagal,nangali,mustoor,6676
kolar,mulbagal,nangali,nangali,4726
kolar,mulbagal,padmaghatta (urdu-2),gummakal,2234
kolar,mulbagal,pitchaguntlahalli,pichagundlahalli,4999
kolar,mulbagal,rajendrahalli,rajendrahalli,5058
kolar,mulbagal,rayalamanadinne,alangur,606
kolar,mulbagal,thayalur,doolapalli,1947
kolar,mulbagal,thayalur,thayalur,5703
kolar,mulbagal,thimmaravuthanahalli,thimmaravuthanahalli,5726
kolar,mulbagal,uthanur,uthanur,5923
kolar,srinivasapur,addagal,addgal,525
kolar,srinivasapur,arikunte,arikunte,795
kolar,srinivasapur,byraganahalli,byraganahalli,1451
kolar,srinivasapur,chaldiganahalli,cheldiganahalli,1534
kolar,srinivasapur,dalasanur,dalasanur,1724
kolar,srinivasapur,gownipalli,gownipalli,2177
kolar,srinivasapur,gownipalli,kodihalli,3660
kolar,srinivasapur,hodali,hodali,2701
kolar,srinivasapur,j thimmasandra,j thimmasandra,2992
kolar,srinivasapur,kurigepalli,kurigepalli,3928
kolar,srinivasapur,lakshmipura,lakshmipura,6618
kolar,srinivasapur,lakshmisagara,kolathur,3697
kolar,srinivasapur,lakshmisagara,laksmisagara,4004
kolar,srinivasapur,mastenahalli,masthenahalli,4352
kolar,srinivasapur,mudimadagu,mudimadagu,4509
kolar,srinivasapur,muttakapalli,muthakapalli,4588
kolar,srinivasapur,nambihalli,nambuhalli,4701
kolar,srinivasapur,nelavanki,nelavanki,4797
kolar,srinivasapur,pulugoorkote,pulagurakote,5018
kolar,srinivasapur,rayalpadu,rayalapadu,5110
kolar,srinivasapur,ronur,ronur,5126
kolar,srinivasapur,somayajalahalli,somayajalapalli,5463
kolar,srinivasapur,thadigol,thadigol,5672
kolar,srinivasapur,yaramvaripalli,yerramvaripalli,6154
kolar,srinivasapur,yeldur,kolathur,3697
kolar,srinivasapur,yeldur,yeldur,6132
bengaluru rural,devanahalli,bidaluru,bidaluru,1309
bengaluru rural,devanahalli,bidaluru,karahalli,3430
bengaluru rural,devanahalli,bijjavara,bijjavara,1333
bengaluru rural,devanahalli,boodigere,boodigere,1395
bengaluru rural,devanahalli,boodigere,gangavara,2049
bengaluru rural,devanahalli,channahalli,bettakote,1246
bengaluru rural,devanahalli,channahalli,channahalli,6570
bengaluru rural,devanahalli,channarayapatna,channarayapatna,1510
bengaluru rural,devanahalli,channarayapatna,i basapura,6212
bengaluru rural,devanahalli,doddasanne,anneshwara,731
bengaluru rural,devanahalli,gudlumuddenahalli,gudlumuddenahalli,2209
bengaluru rural,devanahalli,jalige,jalige,3024
bengaluru rural,devanahalli,koira,koira,3682
bengaluru rural,devanahalli,kundana,aluru duddanahalli,6239
bengaluru rural,devanahalli,kundana,kundana,3888
bengaluru rural,devanahalli,nalluru,nalluru,4699
bengaluru rural,devanahalli,sadahalli,kannamangala,3386
bengaluru rural,devanahalli,venkatagirikote,avathi,854
bengaluru rural,devanahalli,venkatagirikote,venkatagirikote,5989
bengaluru rural,devanahalli,vijaypaura,koramangala,3774
bengaluru rural,devanahalli,vishwanathapura,vishwanathapura,6002
bengaluru rural,devanahalli,yeliyuru,mandibele,6198
bengaluru rural,devanahalli,yeliyuru,yaliyuru,6079
bengaluru rural,doddaballapura,anjanamurthynagara,dodda tumkuru,1874
bengaluru rural,doddaballapura,anjanamurthynagara,kadanuru,3169
bengaluru rural,doddaballapura,aralumallige,aralu mallige,771
bengaluru rural,doddaballapura,aralumallige,majara hosahalli,4133
bengaluru rural,doddaballapura,aroodi,aroodi,808
bengaluru rural,doddaballapura,aroodi,hosahalli,6275
bengaluru rural,doddaballapura,bashettihalli,majara hosahalli,4133
bengaluru rural,doddaballapura,channaveeranahalli,bhaktharahalli,6502
bengaluru rural,doddaballapura,channaveeranahalli,sasalu,5253
bengaluru rural,doddaballapura,dargajogihalli,dargajogihalli,1742
bengaluru rural,doddaballapura,dargajogihalli,kodigehalli,6640
bengaluru rural,doddaballapura,dodda belavangala,dodda belavangala,1861
bengaluru rural,doddaballapura,dodda belavangala,hadripura,2301
bengaluru rural,doddaballapura,hadonahalli,hadonahalli,6519
bengaluru rural,doddaballapura,hadonahalli,kantanakunte,3399
bengaluru rural,doddaballapura,hanabe,hanabe,2381
bengaluru rural,doddaballapura,heggadihalli,heggadihalli,2558
bengaluru rural,doddaballapura,heggadihalli,konaghatta,3722
bengaluru rural,doddaballapura,honnawara,honnavara,2753
bengaluru rural,doddaballapura,hosahalli,hosahalli,6275
bengaluru rural,doddaballapura,hulikunte,hulikunte,2839
bengaluru rural,doddaballapura,hulikunte,sakkaregollahalli,5163
bengaluru rural,doddaballapura,kadathippuru,bhaktharahalli,6502
bengaluru rural,doddaballapura,kanasavadi,kanasawadi,3349
bengaluru rural,doddaballapura,kesthuru,hanabe,2381
bengaluru rural,doddaballapura,kesthuru,kesturu,6685
bengaluru rural,doddaballapura,madhure kodihalli,channadevi agrahara,1503
bengaluru rural,doddaballapura,madhure kodihalli,kanasawadi,3349
bengaluru rural,doddaballapura,melekote,melekote,4409
bengaluru rural,doddaballapura,muthasandra,rajaghatta,5047
bengaluru rural,doddaballapura,rajaghatta,konaghatta,3722
bengaluru rural,doddaballapura,rajaghatta,rajaghatta,5047
bengaluru rural,doddaballapura,s s ghati,melinajuganahalli,4416
bengaluru rural,doddaballapura,sakkare gollahalli,sakkaregollahalli,5163
bengaluru rural,doddaballapura,sasalu,sasalu,5253
bengaluru rural,doddaballapura,thippuru,thippuru,5730
bengaluru rural,doddaballapura,tubugere,hadonahalli,6519
bengaluru rural,doddaballapura,tubugere,tubagere,5818
bengaluru rural,hosakote,alappanahalli,kumbalahalli,3869
bengaluru rural,hosakote,alappanahalli,lakkondahalli,3996
bengaluru rural,hosakote,beguru,chokkahalli,6179
bengaluru rural,hosakote,beguru,kambalipura,3320
bengaluru rural,hosakote,bendiganahalli,dodda aralagere,1859
bengaluru rural,hosakote,bendiganahalli,ittasandra,2983
bengaluru rural,hosakote,bylanarasapura,bylanarasapura,1446
bengaluru rural,hosakote,bylanarasapura,nelavagilu,6443
bengaluru rural,hosakote,devanagundi,anugondanahalli,743
bengaluru rural,hosakote,devanagundi,devanagundi,1778
bengaluru rural,hosakote,doddagattiganabbe,dodda gattiganabbe,1865
bengaluru rural,hosakote,doddagattiganabbe,vagata,5944
bengaluru rural,hosakote,doddahulluru,chokkahalli,6179
bengaluru rural,hosakote,doddahulluru,dodda hulluru,1868
bengaluru rural,hosakote,doddahulluru,kumbalahalli,3869
bengaluru rural,hosakote,doddanallala,dodda nallala,1872
bengaluru rural,hosakote,doddanallala,orohalli,4906
bengaluru rural,hosakote,jadigenahalli,jadigenahalli,3000
bengaluru rural,hosakote,jadigenahalli,khaji hosahalli,3585
bengaluru rural,hosakote,jadigenahalli,orohalli,4906
bengaluru rural,hosakote,kalkunte,ganagaluru,2038
bengaluru rural,hosakote,kalkunte,kalkunte agrahara,3265
bengaluru rural,hosakote,mugabala,dodda nallala,1872
bengaluru rural,hosakote,mugabala,mugabala,4521
bengaluru rural,hosakote,nelavagilu,ittasandra,2983
bengaluru rural,hosakote,nelavagilu,nelavagilu,6443
bengaluru rural,hosakote,samethanahalli,muthsandra,4590
bengaluru rural,hosakote,samethanahalli,samethanahalli,5185
bengaluru rural,hosakote,shivanapura,shivanapura,5381
bengaluru rural,hosakote,sulibele,giddappanahalli,2098
bengaluru rural,hosakote,sulibele,sulibele,5531
bengaluru rural,hosakote,t agrahara,dodda aralagere,1859
bengaluru rural,hosakote,t agrahara,giddappanahalli,2098
bengaluru rural,hosakote,thavarekere,hettakki,6170
bengaluru rural,hosakote,thavarekere,thavarekere,6386
bengaluru rural,hosakote,vagata,khaji hosahalli,3585
bengaluru rural,hosakote,vagata,vagata,5944
bengaluru rural,nelamangala,agalakuppe,agalakuppe,537
bengaluru rural,nelamangala,arebommanahalli,arebommanahalli,786
bengaluru rural,nelamangala,basavanahalli,gollahalli,6281
bengaluru rural,nelamangala,basavanahalli,kanegondanahall,213009346
bengaluru rural,nelamangala,bommanahalli,bhoodihal,1298
bengaluru rural,nelamangala,dodda bele,doddabele,1885
bengaluru rural,nelamangala,dodda bele,kodigenahalli,3659
bengaluru rural,nelamangala,hanumanthegowdanapalya,srinivasapura,5505
bengaluru rural,nelamangala,hasuruvalli,doddabele,1885
bengaluru rural,nelamangala,hasuruvalli,hasuravalli,2506
bengaluru rural,nelamangala,honnenahalli,honnenahalli,6470
bengaluru rural,nelamangala,kempalinganahalli,kanegondanahall,213009346
bengaluru rural,nelamangala,kempalinganahalli,srinivasapura,5505
bengaluru rural,nelamangala,kuluvanahalli,kalalaghatta,3237
bengaluru rural,nelamangala,kuluvanahalli,kuluvanahalli,3866
bengaluru rural,nelamangala,manne,kodigenahalli,3659
bengaluru rural,nelamangala,manne,manne,4268
bengaluru rural,nelamangala,maralakunte,maralakunte,4290
bengaluru rural,nelamangala,nelamangala town,yantaganahalli,6097
bengaluru rural,nelamangala,shivagange,shivagange,5375
bengaluru rural,nelamangala,soladevanahalli,soladevanahalli,5448
bengaluru rural,nelamangala,sompura,agalakuppe,537
bengaluru rural,nelamangala,sompura,sompura,5467
bengaluru rural,nelamangala,t. beguru,t. beguru,5582
bengaluru rural,nelamangala,thyamagondlu,kalalaghatta,3237
bengaluru rural,nelamangala,thyamagondlu,thyamagondlu,5767
bengaluru rural,nelamangala,urdu nelamangala,kuluvanahalli,3866
bengaluru rural,nelamangala,yantaganahalli,yantaganahalli,6097
mandya,h.d.kote,baburayana koppalu,t.m.hosuru,5588
mandya,krishnaraja pet,akki hebbalu,akkihebbalu,581
mandya,krishnaraja pet,akki hebbalu,alambadi kaval,602
mandya,krishnaraja pet,anegola,anegola,708
mandya,krishnaraja pet,anegola,madapura,4079
mandya,krishnaraja pet,balenahalli,ballena hally,213009335
mandya,krishnaraja pet,balenahalli,ichana hally,2916
mandya,krishnaraja pet,bandihole,bandihole,1024
mandya,krishnaraja pet,bandihole,makavally,4140
mandya,krishnaraja pet,beeruvally,beeruvally,1130
mandya,krishnaraja pet,bharathipura cross,aghalaya,549
mandya,krishnaraja pet,bharathipura cross,bharathipura cross,1274
mandya,krishnaraja pet,bookana kere,ballekere,213009339
mandya,krishnaraja pet,bookana kere,bookinakere,1397
mandya,krishnaraja pet,dabbeghatta,dabbeghatta,6459
mandya,krishnaraja pet,gandhinagara,chowdena hally,1683
mandya,krishnaraja pet,gandhinagara,hirekalale,2642
mandya,krishnaraja pet,ganjigere,ganjigere,2058
mandya,krishnaraja pet,haralahally,haralahally,2451
mandya,krishnaraja pet,hariharapura,hariharapura,6624
mandya,krishnaraja pet,hariharapura,maduvina kodi,4114
mandya,krishnaraja pet,harirayanahalli,agraharabachahally,554
mandya,krishnaraja pet,ikanahally,ikanahally,2932
mandya,krishnaraja pet,ikanahally,kikkeri,3604
mandya,krishnaraja pet,jagina kere,ranganathapura cross,5094
mandya,krishnaraja pet,jagina kere,sarangi,5240
mandya,krishnaraja pet,kikkeri,chowdena hally,1683
mandya,krishnaraja pet,kikkeri,kikkeri,3604
mandya,krishnaraja pet,krishnaraja pet,murukana hally,4576
mandya,krishnaraja pet,lakshmipura,lakshmipura,6619
mandya,krishnaraja pet,mandagere,mandagere,4227
mandya,krishnaraja pet,ranganathapura cross,ranganathapura cross,5094
mandya,krishnaraja pet,santhe bacha hally,aghalaya,549
mandya,krishnaraja pet,santhe bacha hally,santhebachahally,5219
mandya,krishnaraja pet,shilanere,murukana hally,4576
mandya,krishnaraja pet,shilanere,sheelanere,5319
mandya,krishnaraja pet,sindhaghatta,haralahally,2451
mandya,krishnaraja pet,sindhaghatta,sindughatta,5419
mandya,krishnaraja pet,somana hally,alambadi kaval,602
mandya,krishnaraja pet,somana hally,somana hally,213009337
mandya,krishnaraja pet,tendekere,murukana hally,4576
mandya,krishnaraja pet,tendekere,thendekere,5712
mandya,krishnaraja pet,vittalapura,ballekere,213009339
mandya,krishnaraja pet,vittalapura,vittalapura,6591
mandya,maddur,abalavadi,abalavadi,498
mandya,maddur,abalavadi,bidarakote,1319
mandya,maddur,annuru,bharathinagara,1273
mandya,maddur,annuru,bidara hally,1313
mandya,maddur,besagara hally,besagara hally,1231
mandya,maddur,besagara hally,hosakere,6491
mandya,maddur,chikkaarasinakere,chikkaarasina kere,1565
mandya,maddur,chikkaarasinakere,kyathaghatta,3977
mandya,maddur,gejjalagere,gejjalagere,2083
mandya,maddur,gejjalagere,sadolalu,5148
mandya,maddur,gejjalagere,valagere hally,5956
mandya,maddur,hebbaralu,hoothagere,2767
mandya,maddur,hemmanahally,hemmana hally,2575
mandya,maddur,hemmanahally,kadalooru,3162
mandya,maddur,k. honnalagere,alooru,6409
mandya,maddur,k. honnalagere,k.honnalagere,3121
mandya,maddur,k.bellur,k.belluru,3117
mandya,maddur,k.bellur,koolagere,3754
mandya,maddur,k.h. koppalu,bekkalale,1139
mandya,maddur,k.k. hally,k.shettahally,213009336
mandya,maddur,k.k. hally,kadukothana hally,3194
mandya,maddur,k.k. hally,yadagana hally,6038
mandya,maddur,kesthur,athagooru,824
mandya,maddur,kesthur,kesthuru,3576
mandya,maddur,koppa,koppa,6451
mandya,maddur,koppa,thaggahally,5676
mandya,maddur,kowdale,hosagavi,2783
mandya,maddur,kowdale,kowdle,3816
mandya,maddur,madarahalli,doddarasina kere,1917
mandya,maddur,madarahalli,madarahally,4080
mandya,maddur,maddur,chamana hally,1477
mandya,maddur,mallanakuppe,mallana kuppe,4185
mandya,maddur,nagarakere,goravana hally,2152
mandya,maddur,nagarakere,nagara kere,4647
mandya,maddur,niluvagilu,maraliga,4293
mandya,maddur,niluvagilu,niluvagilu,6518
mandya,maddur,somanahalli,nidaghatta,213009340
mandya,maddur,somanahalli,somana hally,5456
mandya,maddur,thorebommanahally,menasagere,4426
mandya,maddur,thorebommanahally,s.i. honnalagere,5142
mandya,maddur,thorebommanahally,thorebommana hally,5748
mandya,malavally,b g pura,boppegowdana pura,1399
mandya,malavally,bandur,bandur,1027
mandya,malavally,bandur,dugganahally,1958
mandya,malavally,belakavadi,belakavadi,1159
mandya,malavally,belakavadi,kaggalipura,3206
mandya,malavally,byadarahalli,byadara haly,1426
mandya,malavally,chottana halli,chottana hally,1676
mandya,malavally,chottana halli,marehally,4309
mandya,malavally,d.halasa halli,d.halasahally,1709
mandya,malavally,d.halasa halli,danagooru,1730
mandya,malavally,gundapura,h.basavapura,2278
mandya,malavally,gundapura,dalavayi kodi hally,1725
mandya,malavally,h. h. koppalu,chikkamulagoodu,1596
mandya,malavally,h. h. koppalu,hittana hally,2694
mandya,malavally,hadli,agasana pura,543
mandya,malavally,hadli,hadly,2299
mandya,malavally,halagur,halaguru,2323
mandya,malavally,halagur,thorekadana hally,5749
mandya,malavally,halagur,dalavayi kodi hally,1725
mandya,malavally,hosa hally,hosa hally,2774
mandya,malavally,hosa hally,pandithahally,4950
mandya,malavally,huskuru,huskuru,2899
mandya,malavally,huskuru,yathambadi,6120
mandya,malavally,kalkuni,bendaravadi,1220
mandya,malavally,kalkuni,kalkuni,3264
mandya,malavally,kirugavalu,kirugavalu,3623
mandya,malavally,kirugavalu,mikkere,4440
mandya,malavally,kyathegowdanadoddi,kandagala,3360
mandya,malavally,kyathegowdanadoddi,nidaghatta,4836
mandya,malavally,nitturu,lingapattana,4018
mandya,malavally,nitturu,nitturu,4876
mandya,malavally,purigali,nitturu,4876
mandya,malavally,purigali,purigali,5027
mandya,malavally,purigali,saragooru,5237
mandya,malavally,ragibommana hally,ragibommana hally,5041
mandya,malavally,ragibommana hally,shettahally,5324
mandya,malavally,ravani,kundooru,6556
mandya,malavally,ravani,kyathana hally,3979
mandya,malavally,sujjaloor,sujjalooru,5521
mandya,malavally,t.kagepura,nelamakana hally,4794
mandya,malavally,t.kagepura,thalagavadi,5679
mandya,mandya north,baby,baby,887
mandya,mandya north,baby,kambadahalli,3316
mandya,mandya north,basaralu,basaralu,1079
mandya,mandya north,bevkal,bevakallu,1249
mandya,mandya north,bilidegulu,b. hosuru,868
mandya,mandya north,bilidegulu,hulivana,2842
mandya,mandya north,chandagalu,chandagalu,1485
mandya,mandya north,chandagalu,hullenahalli,2852
mandya,mandya north,chandagalu,keragodu (mandya),213009022
mandya,mandya north,doddagarudanahalli,doddagarudanahalli,1893
mandya,mandya north,doddagarudanahalli,upparakanahalli,5912
mandya,mandya north,doddakottagere,shivapura,5386
mandya,mandya north,doddakottagere,uppurakana hally,5919
mandya,mandya north,dudda,dudda,1955
mandya,mandya north,dudda,mudaganduru,4486
mandya,mandya north,hallegere,hallegere,2355
mandya,mandya north,holalu,h. malligere,2277
mandya,mandya north,holalu,holalu,2712
mandya,mandya north,jodihodaghatta,hodaghatta,2699
mandya,mandya north,jodihodaghatta,maragowdanahalli,4287
mandya,mandya north,keelara,alakere,597
mandya,mandya north,keelara,keelara,3525
mandya,mandya north,keregodu,keragodu,3556
mandya,mandya north,muttegere,g. malligere,2005
mandya,mandya north,muttegere,muttegere,4600
mandya,mandya north,shivalli,ganadalu,2035
mandya,mandya north,shivalli,shivalli,5378
mandya,mandya south,gopala pura,gopalapura,2145
mandya,mandya south,gopala pura,mandya rural,4238
mandya,mandya south,gopala pura,sathanooru,5259
mandya,mandya south,hale boodanooru,boodanooru,1393
mandya,mandya south,hale boodanooru,hanakere,2388
mandya,mandya south,hale boodanooru,ummada hally,5902
mandya,mandya south,kannali,b.gowdagere,875
mandya,mandya south,kannali,belur,6456
mandya,mandya south,kannali,kannali,3385
mandya,mandya south,kothathi,bevina hally,1251
mandya,mandya south,kothathi,kothathi,3800
mandya,mandya south,kothathi,santhekasalagere,5226
mandya,mandya south,soonagahally,haluvadi,2369
mandya,mandya south,soonagahally,soonagahally,5482
mandya,mandya south,thagga hally,mangala,6255
mandya,mandya south,thagga hally,thaggahally,5675
mandya,mandya south,yeliyur,induvalu,2950
mandya,mandya south,yeliyur,thoobina kere,5744
mandya,mandya south,yeliyur,yaliyuru,6641
mandya,nagamangala,addihalli,doddabala,1879
mandya,nagamangala,anchechittanahalli,anchechittana hally,697
mandya,nagamangala,anchechittanahalli,mayagonahalli,213009338
mandya,nagamangala,arani,arani,774
mandya,nagamangala,arani,bindiganavile,1357
mandya,nagamangala,bellur,javarana hally,3058
mandya,nagamangala,bheemanahalli,bheemana hally,1282
mandya,nagamangala,bindiganavile,bindiganavile,1357
mandya,nagamangala,bogadi,bhogadhi,1292
mandya,nagamangala,brahmadevara hally,bramhadevara hally,1403
mandya,nagamangala,cheenya,cheenya,1531
mandya,nagamangala,chunchanahalli,chunchana hally,1690
mandya,nagamangala,devalapura,devalapura,6606
mandya,nagamangala,devara mallanayakanahalli,devaramallanayakana hally,1799
mandya,nagamangala,honakere,honakere,2733
mandya,nagamangala,honnavara,honnavara,6466
mandya,nagamangala,hosakki palya,kalingana hally,3258
mandya,nagamangala,kadaba hally,kadabahally,3147
mandya,nagamangala,karada hally,karada hally,3418
mandya,nagamangala,koochahalli,gondena hally,2131
mandya,nagamangala,lalanakere,lalana kere,4006
mandya,nagamangala,mannahalli,mannahally,4267
mandya,nagamangala,mayagonahalli,mayagona hally,4389
mandya,nagamangala,mayagonahalli,mayagonahalli,213009338
mandya,nagamangala,mylarapattana,haradana hally,2440
mandya,nagamangala,nagamangala,thuppadamadu,5765
mandya,nagamangala,nelligere,nelligere,4800
mandya,nagamangala,palagrahara,palagrahara,4930
mandya,nagamangala,thattekere,kanthapura,3400
mandya,pandavapura,bannangadi,bannangadi,1038
mandya,pandavapura,bannangadi,dinka,1852
mandya,pandavapura,chikkabyadarahalli,doddabyadara hally,1888
mandya,pandavapura,chikkabyadarahalli,kanagana maradi,3333
mandya,pandavapura,chinakurali,chinakurali,1635
mandya,pandavapura,haravu,haravu,2463
mandya,pandavapura,haravu,k.bettahally,3118
mandya,pandavapura,jakkana hally,jakkana hally,3013
mandya,pandavapura,katteri,aralakuppe,763
mandya,pandavapura,katteri,katteri,3497
mandya,pandavapura,kyathana hally,kennalu,3551
mandya,pandavapura,kyathana hally,kyathana hally,213009341
mandya,pandavapura,lakshmisagara,lakshmisagara,6654
mandya,pandavapura,lakshmisagara,tirumalasagara chatra,5781
mandya,pandavapura,manikyanahalli,halebeedu,2338
mandya,pandavapura,manikyanahalli,manikyana hally,4258
mandya,pandavapura,melu kote,balighatta,971
mandya,pandavapura,melu kote,melukote,4420
mandya,pandavapura,narayana pura,narayana pura,4745
mandya,pandavapura,pandava pura,chikkade,1574
mandya,pandavapura,ragimuddanahalli,gummana hally,2235
mandya,pandavapura,ragimuddanahalli,honagana hally,2731
mandya,pandavapura,sunka thonnuru,hirimarali,2683
mandya,pandavapura,sunka thonnuru,sunkathonnuru,5550
mandya,srirangapatna,arakere,arakere,6512
mandya,srirangapatna,arakere,ballekere,6656
mandya,srirangapatna,arakere,thadagavadi,5669
mandya,srirangapatna,baburayana koppalu,t.m.hosuru,5588
mandya,srirangapatna,chikkankana hally,chikkankana hally,1604
mandya,srirangapatna,chikkankana hally,melapura,4407
mandya,srirangapatna,darasaguppe,ballena hally,981
mandya,srirangapatna,darasaguppe,darasaguppe,1739
mandya,srirangapatna,ganangooru,k.shettahally,3128
mandya,srirangapatna,ganangooru,sabbanakuppe,5144
mandya,srirangapatna,k. r. sagara,hulikere,6536
mandya,srirangapatna,k. r. sagara,k.r.sagara,3126
mandya,srirangapatna,kodiyala,gamana hally,2032
mandya,srirangapatna,kodiyala,kodiyala,3664
mandya,srirangapatna,mahadevapura,mahadevapura,4124
mandya,srirangapatna,mahadevapura,mundugadore,4559
mandya,srirangapatna,pala hally,belagola,1153
mandya,srirangapatna,pala hally,hosahalli,2785
mandya,srirangapatna,pala hally,palahally,4931
mandya,srirangapatna,srirangapatna,naguvanahally,4681
hassan,alur,byrapura,byrapura,1455
hassan,alur,doddakanagalu,doddakanagalu,1903
hassan,alur,hanchuru,hanchuru,2400
hassan,alur,hanchuru,kadalu,3163
hassan,alur,hunasavally,hiunasavally,2697
hassan,alur,hunasavally,kadalu,3163
hassan,alur,k hosakote,magge,4120
hassan,alur,k hosakote,mallapura,6632
hassan,alur,kamathikudige,talur,5624
hassan,alur,kanathur,kanathur,3350
hassan,alur,kanathur,madabalu,4053
hassan,alur,kanathur,talur,5624
hassan,alur,kunduru,kundur,6479
hassan,alur,madabalu,madabalu,4053
hassan,alur,magge,karagodu,3427
hassan,alur,magge,magge,4120
hassan,alur,nalluru,abbna,504
hassan,alur,palya,palya,4941
hassan,alur,sulugodu kudige,ganjigere,2059
hassan,arakalagudu,abm halli,holalagodu,2709
hassan,arakalagudu,agrahara,agrahara,6368
hassan,arakalagudu,agrahara,koratikere,213009375
hassan,arakalagudu,agrahara,yalagathavalli,6065
hassan,arakalagudu,ark urdhu,holalagodu,2709
hassan,arakalagudu,ark urdhu,lakkur,6613
hassan,arakalagudu,bannur,bannur,6356
hassan,arakalagudu,bannur,kaduvina hosahally,213009374
hassan,arakalagudu,basavapatna,basavapatna,1088
hassan,arakalagudu,basavapatna,kalenahally,3253
hassan,arakalagudu,belavadi,belavadi,6435
hassan,arakalagudu,bychanahally,bychanahally,1442
hassan,arakalagudu,bychanahally,yalagathavalli,6065
hassan,arakalagudu,chikkarakalagud colony,vijapura forest,5996
hassan,arakalagudu,dodda bemmathi,doddabemmathi,1886
hassan,arakalagudu,doddamagge,doddamagge,1910
hassan,arakalagudu,doddamagge,koratikere,213009375
hassan,arakalagudu,doddamagge,mokali,213009621
hassan,arakalagudu,ganguru,ganguru,2054
hassan,arakalagudu,ganguru,hanyalu,213009619
hassan,arakalagudu,ganguru,lakkur,6613
hassan,arakalagudu,ganjalagud,bychanahally,1442
hassan,arakalagudu,ganjalagud,ganjalagud,2055
hassan,arakalagudu,h r p colony,hebbale,2533
hassan,arakalagudu,h r p colony,vaddarahalli,5937
hassan,arakalagudu,hallangala,hebbale,2533
hassan,arakalagudu,hallangala,honnavally,2751
hassan,arakalagudu,hallangala,santhemarur,5229
hassan,arakalagudu,handrangi,handrangi,2416
hassan,arakalagudu,handrangi,taragalale,213009378
hassan,arakalagudu,hulikal,doddamagge,1910
hassan,arakalagudu,hulikal,heggadihally,213009376
hassan,arakalagudu,hulikal,hulikal,2835
hassan,arakalagudu,hulikal,mokali,213009621
hassan,arakalagudu,kashipura,honnavally,2751
hassan,arakalagudu,kashipura,mokali,213009621
hassan,arakalagudu,kathimalenahalli,kattimallenahalli,3499
hassan,arakalagudu,keralapura,kalenahally,3253
hassan,arakalagudu,keralapura,keralapura,3557
hassan,arakalagudu,konanur,konanur,3729
hassan,arakalagudu,mallipattana,mallipattana,4199
hassan,arakalagudu,ramanathapura,kattepura,3496
hassan,arakalagudu,ramanathapura,ramanathapura,5075
hassan,arakalagudu,rudrapattana,hanyalu,213009619
hassan,arakalagudu,rudrapattana,rudrapattana,5131
hassan,arakalagudu,santhemarur,santhemarur,5229
hassan,arakalagudu,santhemarur,yalagathavalli,6065
hassan,arakalagudu,saraguru,kaduvina hosahally,213009374
hassan,arakalagudu,saraguru,saraguru,5239
hassan,arakalagudu,vg koppal,chikkahalli,1578
hassan,arasikere,aggunda,aggunda,548
hassan,arasikere,aggunda,dummena hally,1962
hassan,arasikere,ahsb colony,belagumba,6425
hassan,arasikere,ahsb colony,dummena hally,1962
hassan,arasikere,arakere,arakere,6513
hassan,arasikere,arakere,kolagunda,3690
hassan,arasikere,bageshpura,bageshpura,925
hassan,arasikere,bageshpura,habbana gatta,2284
hassan,arasikere,bageshpura,rangapura,6634
hassan,arasikere,balena halli,habbana gatta,2284
hassan,arasikere,banavara,kachigatta,3143
hassan,arasikere,banavara,nagaon (a),1011
hassan,arasikere,belagumba,belagumba,6425
hassan,arasikere,chagachagere,bagivalu,213009606
hassan,arasikere,chagachagere,chagachagere,1466
hassan,arasikere,chindenahally gate,kenkere,6664
hassan,arasikere,chindenahally gate,kondenalu,3744
hassan,arasikere,doddametikurke,d.m.kurke,1711
hassan,arasikere,doddametikurke,madalu,4066
hassan,arasikere,gandasi,gandasi,2041
hassan,arasikere,gandasi,lalanakere,4007
hassan,arasikere,gandasi,mududi,4516
hassan,arasikere,handralu,handralu,2415
hassan,arasikere,handralu,kolagunda,3690
hassan,arasikere,harana hally,harana hally,2456
hassan,arasikere,harana hally,karagunda,3429
hassan,arasikere,hiriyuru,bendekere,1222
hassan,arasikere,hiriyuru,hiriyur,6499
hassan,arasikere,hiriyuru,kuruvanka,3950
hassan,arasikere,jajur,jajur,6248
hassan,arasikere,javagal,bandur,6343
hassan,arasikere,javagal,javagal,3056
hassan,arasikere,javagal,kolagunda,3690
hassan,arasikere,jc pura,jayachamarajapura,3061
hassan,arasikere,jc pura,kamasamudra,3312
hassan,arasikere,jc pura,rampura,6267
hassan,arasikere,k. shankaranahalli,k.shankaranahally,3127
hassan,arasikere,k. shankaranahalli,madalu,4066
hassan,arasikere,kaachigatta,hiriyur,6499
hassan,arasikere,kaachigatta,kachigatta,3143
hassan,arasikere,kaachigatta,kuruvanka,3950
hassan,arasikere,kaamasamudra,kamasamudra,3312
hassan,arasikere,kaamasamudra,rampura,6267
hassan,arasikere,kanakatte,kalagundi,3234
hassan,arasikere,kanakatte,kanakatte,3343
hassan,arasikere,kondenalu,heggatta,2563
hassan,arasikere,kondenalu,kondenalu,3744
hassan,arasikere,kuruvanka,kuruvanka,3950
hassan,arasikere,laalanakere,chagachagere,1466
hassan,arasikere,laalanakere,heggatta,2563
hassan,arasikere,laalanakere,lalanakere,4007
hassan,arasikere,murundi,hiriyur,6499
hassan,arasikere,murundi,murundi,4577
hassan,arasikere,narasipura,kalagundi,3234
hassan,arasikere,narasipura,narasipura,4743
hassan,arasikere,neerlige,nerlige,6481
hassan,arasikere,purlehalli,purlehally,5028
hassan,arasikere,rangapura,karagunda,3429
hassan,arasikere,rangapura,rangapura,6634
hassan,arasikere,undiganalu,kalyadi,3301
hassan,arasikere,undiganalu,karagunda,3429
hassan,arasikere,urdhu gramanthara,harana hally,2456
hassan,arasikere,urdhu gramanthara,javagal,3056
hassan,arasikere,urdhu gramanthara,jayachamarajapura,3061
hassan,arasikere,urdhu gramanthara,kalagundi,3234
hassan,arasikere,urdhu gramanthara,kanakatte,3343
hassan,arasikere,yadavana halli,belagumba,6425
hassan,arasikere,yadavana halli,yadvana hally,6057
hassan,belur,adagur,adagur,6687
hassan,belur,adagur,gonisomanahally,2136
hassan,belur,adagur,savasihally,5277
hassan,belur,andale,andale,700
hassan,belur,andale,ibbeedu,2913
hassan,belur,andale,yalahanka,6070
hassan,belur,arehally,anughatta,742
hassan,belur,arehally,arehally,789
hassan,belur,arehally,lakkunda,3997
hassan,belur,arehally,malasavara,4163
hassan,belur,belur,chikka medur,1562
hassan,belur,belur,pattana panchayat belur,4976
hassan,belur,bikkodu,bikkodu,1336
hassan,belur,bikkodu,kesagodu,3568
hassan,belur,gangur,gangur,2053
hassan,belur,gangur,ghattadahally,2091
hassan,belur,gangur,kodihally,213009620
hassan,belur,gendehally,kalleri,3279
hassan,belur,hagare,hagare,2306
hassan,belur,halebeedu,halebeedu,6542
hassan,belur,halebeedu,rajana siriyuru,5049
hassan,belur,halebeedu,yalahanka,6070
hassan,belur,hebbalu,hebbalu,6673
hassan,belur,hebbalu,ibbeedu,2913
hassan,belur,hulugundi,hagare,2306
hassan,belur,hulugundi,hulugundi,2858
hassan,belur,hulugundi,madaghatta,4057
hassan,belur,iravally,yamasandhi,6093
hassan,belur,kachihally,kogilamane,3676
hassan,belur,kachihally,kushavara,3955
hassan,belur,kachihally,sanyasihally,5235
hassan,belur,kanayakanahally,bantena hally,1050
hassan,belur,kanayakanahally,hanike,2423
hassan,belur,kanayakanahally,narayanapura,4746
hassan,belur,karagada,narayanapura,4746
hassan,belur,kogodu,cheekanahally,1528
hassan,belur,kogodu,hunuganahally,2887
hassan,belur,kogodu,malasavara,4163
hassan,belur,lingapana koppalu,ghattadahally,2091
hassan,belur,lingapana koppalu,kodihally,3661
hassan,belur,mallapura,gonisomanahally,2136
hassan,belur,mallapura,savasihally,5277
hassan,belur,neharunagara,bantena hally,1050
hassan,belur,neharunagara,pattana panchayat belur,4976
hassan,belur,neharunagara,sanyasihally,5235
hassan,belur,norway,malasavara,4163
hassan,belur,norway,norway pete,4885
hassan,belur,norway,thumbadevanahally,5759
hassan,belur,rajanasiriyur,chatachattihally,1520
hassan,belur,rajanasiriyur,rajana siriyuru,5049
hassan,belur,sankenahally,ibbeedu,2913
hassan,belur,sankenahally,yalahanka,6070
hassan,belur,thagare,kushavara,3955
hassan,belur,thagare,madaghatta,4057
hassan,belur,tholalu,chikka medur,1562
hassan,belur,tholalu,tholalu,5740
hassan,belur,urdhu belur,arehally,789
hassan,belur,urdhu belur,bantena hally,1050
hassan,belur,urdhu belur,hunuganahally,2887
hassan,belur,urdhu belur,pattana panchayat belur,4976
hassan,channarayapatna,akkanahalli,akkanahally,577
hassan,channarayapatna,akkanahalli,belagihally,1151
hassan,channarayapatna,anekere,anekere,6472
hassan,channarayapatna,anekere,noranakki gate,4884
hassan,channarayapatna,baguru,bagur,930
hassan,channarayapatna,baguru,byadarahalli,6587
hassan,channarayapatna,baguru,tagaduru,5602
hassan,channarayapatna,baraguru,baladare,949
hassan,channarayapatna,baraguru,baraguru,1061
hassan,channarayapatna,channarayapatna,baraguru,1061
hassan,channarayapatna,dhammaningala,dammaningala,1728
hassan,channarayapatna,dhammaningala,kabbalu,213009366
hassan,channarayapatna,didaga,didaga,1844
hassan,channarayapatna,gowdagere,gowdagere,2173
hassan,channarayapatna,gowdagere,mattanavile,4369
hassan,channarayapatna,gulsindha,gulasinda,2223
hassan,channarayapatna,gulsindha,kalkere,6463
hassan,channarayapatna,guramaranahalli,dindaguru,1849
hassan,channarayapatna,guramaranahalli,gowdagere,2173
hassan,channarayapatna,hirisave,hirisave,2684
hassan,channarayapatna,jambur,jambur,3037
hassan,channarayapatna,jambur,kalkere,6463
hassan,channarayapatna,jinnenahally,balaganchi,951
hassan,channarayapatna,jinnenahally,belagihally,1151
hassan,channarayapatna,juttanahally,juttanahally,3096
hassan,channarayapatna,juttanahally,sundahally,5544
hassan,channarayapatna,kabbli,kabbali,3134
hassan,channarayapatna,kalkere,dindaguru,1849
hassan,channarayapatna,kalkere,kalkere,6463
hassan,channarayapatna,kantharajapura,kantharajapura,3401
hassan,channarayapatna,karehally,anathi,692
hassan,channarayapatna,karehally,karehally,3444
hassan,channarayapatna,kembalu,kembalu,3535
hassan,channarayapatna,kundur,baladare,949
hassan,channarayapatna,kundur,kundur mata,3895
hassan,channarayapatna,kundur,sathenahally,5263
hassan,channarayapatna,m shivra,m shivara,4040
hassan,channarayapatna,m shivra,sathenahally,5263
hassan,channarayapatna,mathighatta,hirisave,2684
hassan,channarayapatna,mathighatta,matthighatta,4370
hassan,channarayapatna,mattanavile,mattanavile,4369
hassan,channarayapatna,mudanahally,byadarahalli,6587
hassan,channarayapatna,mudanahally,sathenahally,5263
hassan,channarayapatna,nallur,kumbenahally,3874
hassan,channarayapatna,nallur,nallur,6289
hassan,channarayapatna,navile,navile,4766
hassan,channarayapatna,navile,tagaduru,5602
hassan,channarayapatna,nuggehalli,nuggehally,4887
hassan,channarayapatna,nuggehalli,tagaduru,5602
hassan,channarayapatna,paduvanahally,kumbenahally,3874
hassan,channarayapatna,paduvanahally,noranakki gate,4884
hassan,channarayapatna,rampura vidyuth colony,shanthe shivara,5309
hassan,channarayapatna,shravanabelagula,bekka,1138
hassan,channarayapatna,shravanabelagula,sravanabelagola,5497
hassan,channarayapatna,shravanabelagula,sundahally,5544
hassan,channarayapatna,shravanere,bekka,1138
hassan,channarayapatna,shravanere,d. kalenahally,1707
hassan,channarayapatna,shravanere,janivara,3047
hassan,channarayapatna,shravanere,kantharajapura,3401
hassan,channarayapatna,udayapura,baladare,949
hassan,channarayapatna,urdhu cr patna,nuggehally,4887
hassan,hassan,ankapura,ankapura,726
hassan,hassan,attavara hosahalli,attavarahosahally,833
hassan,hassan,basavagatta,basavaghatta,1082
hassan,hassan,basavagatta,honnavara,6467
hassan,hassan,bylahalli,bylahally,1444
hassan,hassan,bylahalli,hoovinahally kaval,2768
hassan,hassan,devegowdanagara,shankaranahally,5305
hassan,hassan,devegowdanagara,thattekere,5701
hassan,hassan,devihalli,jagaravally,3004
hassan,hassan,devihalli,shanthigrama,5311
hassan,hassan,dudda r.s,dudda r.s.,1954
hassan,hassan,goruru,gorur,2158
hassan,hassan,goruru,karle,3460
hassan,hassan,goruru,kattaya,3493
hassan,hassan,hanumanthapura,hanumanthapura,2433
hassan,hassan,hanumanthapura,shankaranahally,5305
hassan,hassan,haralahally,kabli,3138
hassan,hassan,haralahally,thejuru,5707
hassan,hassan,heragu,heragu,2584
hassan,hassan,hoovinahally kaval,hoovinahally kaval,2768
hassan,hassan,hoovinahally kaval,ugane,5871
hassan,hassan,kandli,kandli,3369
hassan,hassan,karle,karle,3460
hassan,hassan,kattaya,channangihally,1508
hassan,hassan,kattaya,kattaya,3493
hassan,hassan,kattaya,shettihally,5327
hassan,hassan,kenchettahalli,doddagenigere,1894
hassan,hassan,koravangala,kabli,3138
hassan,hassan,koravangala,kora vangala,3767
hassan,hassan,kowshika,channangihally,1508
hassan,hassan,kowshika,kawshika,3515
hassan,hassan,kudargundi,kabli,3138
hassan,hassan,kudargundi,kudurugundi,3846
hassan,hassan,madenuru,jagaravally,3004
hassan,hassan,madenuru,madenuru,4093
hassan,hassan,manichanahalli,manachanahally,4211
hassan,hassan,markuli,markuli,4325
hassan,hassan,melagodu,melagodu,4405
hassan,hassan,mosalehosahally,mosale hosahally,4476
hassan,hassan,nitturu,nitturu,6348
hassan,hassan,nitturu,yalagunda,6068
hassan,hassan,salagame,salagame,5164
hassan,hassan,salagame,thejuru,5707
hassan,hassan,sanenahalli,ugane,5871
hassan,hassan,seege,seege,5287
hassan,hassan,shankaranahalli,kattaya,3493
hassan,hassan,shankaranahalli,shankaranahally,5305
hassan,hassan,shankaranahalli,shettihally,5327
hassan,hassan,shanthigrama,shanthigrama,5311
hassan,hassan,tejuru,salagame,5164
hassan,hassan,tejuru,thejuru,5707
hassan,hassan,yalagunda,yalagunda,6068
hassan,holenarasipura,bidarakka,bidarakka,1318
hassan,holenarasipura,doddahally,anekannambadi,711
hassan,holenarasipura,doddahally,doddahally,1898
hassan,holenarasipura,doddakadanoor,doddakadanur,1902
hassan,holenarasipura,doddakunche,doddakunche,1905
hassan,holenarasipura,doddakunche,kodihally,213009620
hassan,holenarasipura,doddakunche,malali,6561
hassan,holenarasipura,hadavanahalli,bagivalu,929
hassan,holenarasipura,hadavanahalli,doddakunche,1905
hassan,holenarasipura,hadavanahalli,kodihally,213009620
hassan,holenarasipura,halekote,halekote,6544
hassan,holenarasipura,halekote,hangarahally,2421
hassan,holenarasipura,hallimysore,anekannambadi,711
hassan,holenarasipura,hallimysore,hallymysore,2364
hassan,holenarasipura,hallimysore,kyathanahally,3980
hassan,holenarasipura,hariharapura,hariharapura,6625
hassan,holenarasipura,hariharapura,malali,6561
hassan,holenarasipura,keragodu,doddabyagatavally,1889
hassan,holenarasipura,keragodu,keragodu,3555
hassan,holenarasipura,mallappanahalli,mallappanahally,4188
hassan,holenarasipura,mudalahippe,mudalahippe,4492
hassan,holenarasipura,mudalahippe,sravanur,5498
hassan,holenarasipura,nagaranahalli,nagaranahally,4658
hassan,holenarasipura,niduvani,niduvani,4850
hassan,holenarasipura,odanahalli,kyathanahally,3980
hassan,holenarasipura,odanahalli,odanahally,4895
hassan,holenarasipura,pete,ichanahally,2917
hassan,holenarasipura,pete - 2,bagivalu,929
hassan,holenarasipura,pete - 2,sankanahally,5211
hassan,holenarasipura,sankanahalli,margowdanahally,4312
hassan,holenarasipura,sankanahalli,sankanahally,5211
hassan,holenarasipura,sravanoor,sravanur,5498
hassan,holenarasipura,thatanahally,ichanahally,2917
hassan,holenarasipura,thatanahally,thathanahalli,213009359
hassan,holenarasipura,urdu,bagivalu,929
hassan,holenarasipura,yellesh pura,bagivalu,929
hassan,holenarasipura,yellesh pura,kattebelaguly,3495
hassan,sakaleshapura,anemahal,anemahal,713
hassan,sakaleshapura,anemahal,byakaravally,1433
hassan,sakaleshapura,anemahal,hebbasale,2537
hassan,sakaleshapura,ballupete,ballupet,986
hassan,sakaleshapura,ballupete,kuniganahalli,3900
hassan,sakaleshapura,belegodu,bage,922
hassan,sakaleshapura,belegodu,belagodu,1152
hassan,sakaleshapura,byakaravally,byakaravally,1433
hassan,sakaleshapura,byakaravally,kurubhattur,3943
hassan,sakaleshapura,c r c yeslur,igoor,2929
hassan,sakaleshapura,c r c yeslur,yeslur,6157
hassan,sakaleshapura,changadihally,changadihally,1500
hassan,sakaleshapura,changadihally,hosur,6506
hassan,sakaleshapura,changadihally,uchangi,5848
hassan,sakaleshapura,donigal,anemahal,713
hassan,sakaleshapura,donigal,hegadde,2554
hassan,sakaleshapura,donigal,kyanavally,3972
hassan,sakaleshapura,hanbalu,devaladakere,1771
hassan,sakaleshapura,hanbalu,hanbalu,2394
hassan,sakaleshapura,hethur,hethur,2602
hassan,sakaleshapura,hethur,hongadahalla,2739
hassan,sakaleshapura,hethur,igoor,2929
hassan,sakaleshapura,kelagalale,biradahalli,1361
hassan,sakaleshapura,kelagalale,udevara,5864
hassan,sakaleshapura,kollahally,bage,922
hassan,sakaleshapura,kollahally,halasulige,2331
hassan,sakaleshapura,kollahally,malali,213009171
hassan,sakaleshapura,raxidi,kyamanahally,3970
hassan,sakaleshapura,raxidi,kyanavally,3972
hassan,sakaleshapura,valalahalli,kurubhattur,3943
hassan,sakaleshapura,valalahalli,valalahally,5957
hassan,sakaleshapura,vanagur,vanagur,5962
kodagu,madikeri,bhagamandala,aiyangeri,568
kodagu,madikeri,bhagamandala,bhagamandala,1258
kodagu,madikeri,bhagamandala,kundacheri,3886
kodagu,madikeri,chayyandane,konanjageri,3726
kodagu,madikeri,chayyandane,nariandada,4751
kodagu,madikeri,cherambane,bettageri,1245
kodagu,madikeri,cherambane,cherambane,213009030
kodagu,madikeri,kadagadalu,kadagadalu,3153
kodagu,madikeri,kadagadalu,maragodu,4286
kodagu,madikeri,kadagadalu,hosakeri,213009596
kodagu,madikeri,kakkabe,kunjila,3903
kodagu,madikeri,karike,karike,3452
kodagu,madikeri,madikeri,galibeedu,2029
kodagu,madikeri,madikeri,made,4092
kodagu,madikeri,mekeri,hakathuru,2309
kodagu,madikeri,mekeri,mekeri,4103
kodagu,madikeri,mekeri,makkandur,4142
kodagu,madikeri,murnadu,hoddur,2702
kodagu,madikeri,murnadu,kanthur murnad,3403
kodagu,madikeri,napoklu,ballamavatti,978
kodagu,madikeri,napoklu,napoklu,4731
kodagu,madikeri,napoklu,yemmemaadu,6144
kodagu,madikeri,peraje,peraje,6592
kodagu,madikeri,sampaje,chembu,1539
kodagu,madikeri,sampaje,sampaje,6385
kodagu,somavarpet,bessur,bessur,1232
kodagu,somavarpet,chettalli,chettalli,1548
kodagu,somavarpet,chettalli,valnur thyagathur,5960
kodagu,somavarpet,gonimarur,alur,6413
kodagu,somavarpet,gonimarur,ganagur,2039
kodagu,somavarpet,gonimarur,nerugalale,4826
kodagu,somavarpet,gowdali,gowdalli,2175
kodagu,somavarpet,handli,handli,2414
kodagu,somavarpet,handli,nidtha,4845
kodagu,somavarpet,hebbale,hebbele,2539
kodagu,somavarpet,hebbale,sirangala,5432
kodagu,somavarpet,hebbale,thorenoor,5750
kodagu,somavarpet,kajuru,aigur,560
kodagu,somavarpet,kajuru,kirgandur,3620
kodagu,somavarpet,kajuru,beluru,5468
kodagu,somavarpet,kodlipet,byagagotta,1430
kodagu,somavarpet,kodlipet,kodlipet,3668
kodagu,somavarpet,kudige,kudige,3830
kodagu,somavarpet,kudige,kudumangalur,3844
kodagu,somavarpet,madapur,garwale,2075
kodagu,somavarpet,madapur,haradoor,2444
kodagu,somavarpet,madapur,madapura,6677
kodagu,somavarpet,mekeri,madapura,6677
kodagu,somavarpet,najrayapatana,nanjarayapattana,213009593
kodagu,somavarpet,najrayapatana,nelliahudikeri,4799
kodagu,somavarpet,najrayapatana,valnur thyagathur,5960
kodagu,somavarpet,shanivarsanthe,dundalli,1964
kodagu,somavarpet,shanivarsanthe,shanivarsanthe,5304
kodagu,somavarpet,shanthalli,bettadalli,1241
kodagu,somavarpet,shanthalli,shanthalli,5308
kodagu,somavarpet,somvarpet,chowdlu,1684
kodagu,somavarpet,somvarpet,hanagallu,2383
kodagu,somavarpet,somvarpet,beluru,5468
kodagu,somavarpet,suntikoppa,7th hosakote,2793
kodagu,somavarpet,suntikoppa,kambibane,3321
kodagu,somavarpet,suntikoppa,kodagarahalli,3641
kodagu,somavarpet,suntikoppa,nalkur sirangala,4694
kodagu,somavarpet,suntikoppa,sunticoppa,5555
kodagu,virajpet,ammathi vantiangadi,chembebellur,1538
kodagu,virajpet,ammathi vantiangadi,halugunda,2367
kodagu,virajpet,ammathi vantiangadi,kannangala,3389
kodagu,virajpet,ammatti,bilugunda,1354
kodagu,virajpet,ammatti,karmadu,3461
kodagu,virajpet,balele,balele,966
kodagu,virajpet,balele,kanur,6571
kodagu,virajpet,balele,nittur,6531
kodagu,virajpet,channenakote,chennayanakote,1545
kodagu,virajpet,channenakote,maldare,4170
kodagu,virajpet,chettalli,siddapura,6313
kodagu,virajpet,gonikoppal,arvathoklu,811
kodagu,virajpet,gonikoppal,gonikoppa,2135
kodagu,virajpet,gonikoppal,hathur,2508
kodagu,virajpet,kakotu parambu,kadanoor,3168
kodagu,virajpet,kakotu parambu,kakotuparambu,3228
kodagu,virajpet,kalthodu,aarji,213009047
kodagu,virajpet,kalthodu,b. shettigeri,870
kodagu,virajpet,kalthodu,betoli,1238
kodagu,virajpet,kalthodu,bittangala,1374
kodagu,virajpet,kutta,k. badaga,213009046
kodagu,virajpet,kutta,kutta,3965
kodagu,virajpet,kutta,nalkeri,4691
kodagu,virajpet,kutta,srimangala,5503
kodagu,virajpet,mayamudi,mayamudi,4391
kodagu,virajpet,mayamudi,ponnappasanthe,5007
kodagu,virajpet,polibetta,hosur,6507
kodagu,virajpet,polibetta,polibetta,5004
kodagu,virajpet,polibetta,siddapura,6313
kodagu,virajpet,ponnampet,ballyamandur,988
kodagu,virajpet,ponnampet,kirugur,3625
kodagu,virajpet,t. shettigeri,birunani,1363
kodagu,virajpet,t. shettigeri,hudikeri,2818
kodagu,virajpet,t. shettigeri,t. shettigeri,5585
kodagu,virajpet,thithimathi,devarapura,1801
kodagu,virajpet,thithimathi,thithimathi,5733
kodagu,virajpet,virajpet,kedamallur,3519
chamarajanagara,chamarajanagar,aluru,aluru,6270
chamarajanagara,chamarajanagar,amachavadi,amachavadi,636
chamarajanagara,chamarajanagar,amachavadi,honnahalli,6460
chamarajanagara,chamarajanagar,arakala vadi,arakalavadi,757
chamarajanagara,chamarajanagar,arakala vadi,yaraganahalli,6102
chamarajanagara,chamarajanagar,badanaguppe,badanaguppe,906
chamarajanagara,chamarajanagar,bagali,bagali,918
chamarajanagara,chamarajanagar,bagali,demahalli,1760
chamarajanagara,chamarajanagar,bagali,santhemaralli,5228
chamarajanagara,chamarajanagar,chamarajanagar - i,shivapura,5385
chamarajanagara,chamarajanagar,chamarajanagar-1v,chandhakavadi,1491
chamarajanagara,chamarajanagar,chamarajanagar-1v,kudluru,3838
chamarajanagara,chamarajanagar,chamarajanagar-1v,madhapura,4094
chamarajanagara,chamarajanagar,chandaka vadi,chandhakavadi,1491
chamarajanagara,chamarajanagar,chandaka vadi,hebbasuru,2538
chamarajanagara,chamarajanagar,haradana halli,bisalavadi,1368
chamarajanagara,chamarajanagar,haradana halli,dhoddamole,1835
chamarajanagara,chamarajanagar,haradana halli,haradhanahalli,2442
chamarajanagara,chamarajanagar,harave,govinda wadi,6213
chamarajanagara,chamarajanagar,harave,harave,2462
chamarajanagara,chamarajanagar,harave,maleyuru,4173
chamarajanagara,chamarajanagar,harave,mukkadahalli,4535
chamarajanagara,chamarajanagar,heggotara,heggotara,2566
chamarajanagara,chamarajanagar,heggotara,mukkadahalli,4535
chamarajanagara,chamarajanagar,honganuru,erasavadi,1987
chamarajanagara,chamarajanagar,honganuru,honganoor,2740
chamarajanagara,chamarajanagar,honganuru,masanapura,4344
chamarajanagara,chamarajanagar,kagalavadi,guleepura,2225
chamarajanagara,chamarajanagar,kagalavadi,kagalavadi,3201
chamarajanagara,chamarajanagar,kolipalya,punajnoor,5022
chamarajanagara,chamarajanagar,kuderu,kuderu,3829
chamarajanagara,chamarajanagar,mangala,bhogapura,1294
chamarajanagara,chamarajanagar,mangala,madhapura,4094
chamarajanagara,chamarajanagar,mangala,mangala,6264
chamarajanagara,chamarajanagar,nagavalli,jyothigowdanapura,3098
chamarajanagara,chamarajanagar,nagavalli,nagavalli,6336
chamarajanagara,chamarajanagar,nanjedevanapura,nanjedevanapura,4729
chamarajanagara,chamarajanagar,nanjedevanapura,shivapura,5385
chamarajanagara,chamarajanagar,sagade,kulagana,3857
chamarajanagara,chamarajanagar,sagade,sagade,5150
chamarajanagara,chamarajanagar,santhe marahalli,kempanapura,3538
chamarajanagara,chamarajanagar,santhe marahalli,santhemaralli,5228
chamarajanagara,chamarajanagar,udigala,kotthalavadi,3809
chamarajanagara,chamarajanagar,udigala,udigala,5865
chamarajanagara,chamarajanagar,ummatturu,bagali,918
chamarajanagara,chamarajanagar,ummatturu,navilur,4768
chamarajanagara,chamarajanagar,ummatturu,ummatthuru,5904
chamarajanagara,chamarajanagar,venkataiana chathra,attugulipura,842
chamarajanagara,chamarajanagar,venkataiana chathra,dhoddamole,1835
chamarajanagara,chamarajanagar,venkataiana chathra,venkataiahanachathra,5990
chamarajanagara,gundlupet,agathagowdanahalli,agathagowdana halli,547
chamarajanagara,gundlupet,agathagowdanahalli,alathur,608
chamarajanagara,gundlupet,baragi,baragi,1059
chamarajanagara,gundlupet,baragi,mukhahalli,4533
chamarajanagara,gundlupet,baragi,nenekatte,4811
chamarajanagara,gundlupet,begur,begur,1133
chamarajanagara,gundlupet,begur,raghavapura,5039
chamarajanagara,gundlupet,bheemanabeedu,berambadi,1230
chamarajanagara,gundlupet,bheemanabeedu,bheemana beedu,1281
chamarajanagara,gundlupet,bheemanabeedu,kannegala,3391
chamarajanagara,gundlupet,bheemanabeedu,kuthanuru,3962
chamarajanagara,gundlupet,bommalapura,bachahalli,888
chamarajanagara,gundlupet,bommalapura,bommalapura,1385
chamarajanagara,gundlupet,bommalapura,vaddagere,5936
chamarajanagara,gundlupet,chikkathuppuru,annuru,6483
chamarajanagara,gundlupet,chikkathuppuru,shindana pura,5338
chamarajanagara,gundlupet,chikkati,nitre,4871
chamarajanagara,gundlupet,hangala,hangala,2418
chamarajanagara,gundlupet,hangala,mangala,6256
chamarajanagara,gundlupet,hangala,puthanapura,5030
chamarajanagara,gundlupet,horeyala,horeyala,2771
chamarajanagara,gundlupet,horeyala,kotekere,3795
chamarajanagara,gundlupet,hundipura,hundipura,2874
chamarajanagara,gundlupet,hundipura,puthanapura,5030
chamarajanagara,gundlupet,hundipura,shivapura,6291
chamarajanagara,gundlupet,kabbahalli,kabbahalli,3132
chamarajanagara,gundlupet,kabbahalli,somahalli,5453
chamarajanagara,gundlupet,paduguru,kelasuru,3529
chamarajanagara,gundlupet,paduguru,paduguru,4917
chamarajanagara,gundlupet,terakanambi,balachavadi,948
chamarajanagara,gundlupet,terakanambi,terakanambi,5668
chamarajanagara,gundlupet,vaddagere,bommana halli,1386
chamarajanagara,gundlupet,vaddagere,kodasoge,3650
chamarajanagara,gundlupet,vaddagere,vaddagere,5936
chamarajanagara,hanur,bandahalli,bandalli,1017
chamarajanagara,hanur,bandahalli,managalli,4212
chamarajanagara,hanur,hanur,mangala,4239
chamarajanagara,hanur,kowdalli,doddalathur,1908
chamarajanagara,hanur,kowdalli,kowdalli,3815
chamarajanagara,hanur,kowdalli,kuratti hosur,3922
chamarajanagara,hanur,kowdalli,shettalli,5325
chamarajanagara,hanur,kuduluru,hugyam,2821
chamarajanagara,hanur,lokkanahalli,chikkamalapura,1591
chamarajanagara,hanur,lokkanahalli,kannuru,3397
chamarajanagara,hanur,lokkanahalli,lokkanahalli,4026
chamarajanagara,hanur,m.m.hills,gopinatham,2148
chamarajanagara,hanur,m.m.hills,m m hills,4037
chamarajanagara,hanur,maaralli,dinnalli,1854
chamarajanagara,hanur,maaralli,minyam,4444
chamarajanagara,hanur,maaralli,suleripalya,5528
chamarajanagara,hanur,martalli,martalli,4334
chamarajanagara,hanur,odakehalla,m m hills,4037
chamarajanagara,hanur,odakehalla,ponnachi,5005
chamarajanagara,hanur,odeyarapalya,bailooru,6272
chamarajanagara,hanur,odeyarapalya,hutturu,2903
chamarajanagara,hanur,p.g.palya,p g palya,4908
chamarajanagara,hanur,ramapura,ajjipura,573
chamarajanagara,hanur,ramapura,ramapura,6237
chamarajanagara,hanur,shyagyam,ellemala,1982
chamarajanagara,hanur,shyagyam,shygya,5393
chamarajanagara,kollegala,kamagere,kongarahalli,3747
chamarajanagara,kollegala,kamagere,siddaiahanapura,5394
chamarajanagara,kollegala,kamagere,singanalluru,5422
chamarajanagara,kollegala,kothanur,chikkalluru,1587
chamarajanagara,kollegala,kothanur,doddinduvadi,1926
chamarajanagara,kollegala,kothanur,thellanuru,5711
chamarajanagara,kollegala,kunthur,kunagalli,3881
chamarajanagara,kollegala,kunthur,kunthuru,3907
chamarajanagara,kollegala,madhuvanahalli,madhuvanahalli,4099
chamarajanagara,kollegala,madhuvanahalli,thimmarajapura,5725
chamarajanagara,kollegala,mulluru,harale,2453
chamarajanagara,kollegala,mulluru,mulluru,4545
chamarajanagara,kollegala,mulluru,tagarapura,5603
chamarajanagara,kollegala,palya,dhanagere,1821
chamarajanagara,kollegala,palya,palya,4942
chamarajanagara,kollegala,sathegala,sathegala,5262
chamarajanagara,yelandur,agara,agara,538
chamarajanagara,yelandur,agara,mamballi,4209
chamarajanagara,yelandur,duggahatti,ambale,6326
chamarajanagara,yelandur,duggahatti,duggahatti,1957
chamarajanagara,yelandur,gumballi,b.r hills,6303
chamarajanagara,yelandur,gumballi,gumballi,2232
chamarajanagara,yelandur,gumballi,yaragamballi,6101
chamarajanagara,yelandur,kesthur,honnur,6330
chamarajanagara,yelandur,kesthur,kesthur,3575
chamarajanagara,yelandur,maddur,gowdahalli,2174
chamarajanagara,yelandur,maddur,maddur,4090
chamarajanagara,yelandur,yelandur,yariyur,6116
chikkaballapura,bagepally,achaganapalli,joolapalya,3089
chikkaballapura,bagepally,achaganapalli,poolanaikanahalli,6178
chikkaballapura,bagepally,bagepalli rural,paragodu,4955
chikkaballapura,bagepally,bagepally,gantamvaripalli,2064
chikkaballapura,bagepally,billur,billur,1353
chikkaballapura,bagepally,billur,tholapalli,5741
chikkaballapura,bagepally,chakavelu,chakavaelur,1467
chikkaballapura,bagepally,chakavelu,pulagal,5017
chikkaballapura,bagepally,chelur,chelur,6342
chikkaballapura,bagepally,devaragudipalli,devaragudipalli,1795
chikkaballapura,bagepally,g.maddepalli,gorathapalli,2150
chikkaballapura,bagepally,g.maddepalli,thimampalli,5718
chikkaballapura,bagepally,gulur,gulur,2229
chikkaballapura,bagepally,gulur,nallappareddipalli,4697
chikkaballapura,bagepally,kanagamakalapalli,kangamakalapalli,3370
chikkaballapura,bagepally,m.nallagutapalli,chakavaelur,1467
chikkaballapura,bagepally,m.nallagutapalli,m nallagutlapalli,4039
chikkaballapura,bagepally,marganukunte,kothakote,3798
chikkaballapura,bagepally,marganukunte,maraganakunte,4285
chikkaballapura,bagepally,mittemari,joolapalya,3089
chikkaballapura,bagepally,mittemari,mittemari,4453
chikkaballapura,bagepally,palyakere,palyakere,4943
chikkaballapura,bagepally,pathapalya,pathapalya,4970
chikkaballapura,bagepally,raccheruvu,rashceravu,5102
chikkaballapura,bagepally,thimampalli,thimampalli,5718
chikkaballapura,bagepally,tollapalli,tholapalli,5741
chikkaballapura,bagepally,urdu,billur,1353
chikkaballapura,bagepally,yallampalli,yallampalli,6082
chikkaballapura,bagepally,yeragudi,naramaddepalli,4736
chikkaballapura,chikkaballapur,angarekanahalli,angarekanahalli,714
chikkaballapura,chikkaballapur,chickballapur rural,manchanabele,4220
chikkaballapura,chikkaballapur,chickballapur rural,thippanahalli,5728
chikkaballapura,chikkaballapur,dibbur,dibbur,1842
chikkaballapura,chikkaballapur,haleperasandra,addagal,523
chikkaballapura,chikkaballapur,haleperasandra,aruru,810
chikkaballapura,chikkaballapur,kammaguttahalli,kammagattahalli,3323
chikkaballapura,chikkaballapur,kondenahalli,hosahudya,2787
chikkaballapura,chikkaballapur,kondenahalli,kondenahalli,3743
chikkaballapura,chikkaballapur,mandikal,addagal,523
chikkaballapura,chikkaballapur,mandikal,mandikal,4233
chikkaballapura,chikkaballapur,marasanahalli,harobande,2481
chikkaballapura,chikkaballapur,muddenahalli,maddenahalli,4087
chikkaballapura,chikkaballapur,nandi,kuppahalli,3911
chikkaballapura,chikkaballapur,nandi,nandi,4712
chikkaballapura,chikkaballapur,nayanahalli,ajjavara,6379
chikkaballapura,chikkaballapur,nayanahalli,patrenahalli,4972
chikkaballapura,chikkaballapur,peresandra,peresandra,4991
chikkaballapura,chikkaballapur,poshettihalli,poshettihali,5009
chikkaballapura,chikkaballapur,r.g. halli,dodda pyayalagurki,1873
chikkaballapura,chikkaballapur,s.gollahalli,gollahalli,2124
chikkaballapura,chikkaballapur,srirampura,agalagurki,534
chikkaballapura,chikkaballapur,srirampura,doddamarali,1913
chikkaballapura,chikkaballapur,urdu,maddenahalli,4087
chikkaballapura,chikkaballapur,vaddrapalya,avalagurki,846
chikkaballapura,chikkaballapur,vaddrapalya,thippanahalli,5728
chikkaballapura,chintamani,amitaganahalli,upparpet,5913
chikkaballapura,chintamani,anoor,anoor,6283
chikkaballapura,chintamani,anoor,kurubur,3944
chikkaballapura,chintamani,batlahalli,batlahalli,1103
chikkaballapura,chintamani,batlahalli,raguttahalli,5043
chikkaballapura,chintamani,booragamakalahalli,kagathi,3202
chikkaballapura,chintamani,booragamakalahalli,oolavadi,4899
chikkaballapura,chintamani,buradagunte,burudagunte,1420
chikkaballapura,chintamani,buradagunte,chilakalanerpu,1623
chikkaballapura,chintamani,chilakalanerpu,chilakalanerpu,1623
chikkaballapura,chintamani,chilakalanerpu,yenigadele,6145
chikkaballapura,chintamani,chinthamani-2,chinnasandra,1647
chikkaballapura,chintamani,chinthamani-2,munagnahalli,4551
chikkaballapura,chintamani,doddaganjuru,doddaganjur,1892
chikkaballapura,chintamani,doddaganjuru,munagnahalli,4551
chikkaballapura,chintamani,hirekattigenahalli,hirekattigenahalli,2644
chikkaballapura,chintamani,hirekattigenahalli,kurubur,3944
chikkaballapura,chintamani,iragampalli,iragampalli,2963
chikkaballapura,chintamani,k raguttahalli,kotagal,3789
chikkaballapura,chintamani,kadadhanamari,kadadanamari,3151
chikkaballapura,chintamani,kaderanahalli,koralaparthi,3772
chikkaballapura,chintamani,kaderanahalli,mitahalli,4451
chikkaballapura,chintamani,kaiwara,masthenahalli,6522
chikkaballapura,chintamani,kaiwara,thalagavara,5680
chikkaballapura,chintamani,kencharalhalli,kencharlahalli,3544
chikkaballapura,chintamani,kencharalhalli,mitahalli,4451
chikkaballapura,chintamani,konapalli,kattariguppa,3492
chikkaballapura,chintamani,konapalli,konapalli,3730
chikkaballapura,chintamani,m gollahalli,m gollahalli,4035
chikkaballapura,chintamani,muragamale,muragamalla,4569
chikkaballapura,chintamani,muragamale,oolavadi,4899
chikkaballapura,chintamani,nalamachanahalli,settihalli,5294
chikkaballapura,chintamani,nandiganahalli,nandiganahalli,4716
chikkaballapura,chintamani,peramachanahalli,hirekattigenahalli,2644
chikkaballapura,chintamani,peramachanahalli,peramachanahalli,4989
chikkaballapura,chintamani,siddepalli,bommeshettihalli,1391
chikkaballapura,chintamani,siddepalli,mindigal,6253
chikkaballapura,chintamani,talagavara,santhekallahalli,5225
chikkaballapura,chintamani,talagavara,thalagavara,5680
chikkaballapura,chintamani,urdu-1,chinnasandra,1647
chikkaballapura,chintamani,urdu-2,santhekallahalli,5225
chikkaballapura,chintamani,urdu-3,konapalli,3730
chikkaballapura,chintamani,yagavakote,peddur,4985
chikkaballapura,chintamani,yagavakote,yegavakote,6127
chikkaballapura,gowribidanur,alakapura,alakapura,596
chikkaballapura,gowribidanur,alakapura,g bommasandra,1999
chikkaballapura,gowribidanur,alipura,alipura,619
chikkaballapura,gowribidanur,alipura,bevinahalli,1252
chikkaballapura,gowribidanur,alipura,tharidal,5697
chikkaballapura,gowribidanur,d palya,b bommasandra,861
chikkaballapura,gowribidanur,d palya,d palya,1706
chikkaballapura,gowribidanur,gedare,g bommasandra,1999
chikkaballapura,gowribidanur,gedare,gadare,2011
chikkaballapura,gowribidanur,gedare,hirebidanur,2624
chikkaballapura,gowribidanur,hale halli,halehalli,2339
chikkaballapura,gowribidanur,hale halli,shampura,5302
chikkaballapura,gowribidanur,herebidanur,gangasandra,2048
chikkaballapura,gowribidanur,herebidanur,hirebidanur,2624
chikkaballapura,gowribidanur,hosur,hosur,6508
chikkaballapura,gowribidanur,hosur,sonnaganahalli,5476
chikkaballapura,gowribidanur,hudaguru,bychapura,1443
chikkaballapura,gowribidanur,hudaguru,hudugur,2820
chikkaballapura,gowribidanur,hudaguru,naklahalli,4685
chikkaballapura,gowribidanur,idagur,doddakurugodu,1906
chikkaballapura,gowribidanur,idagur,halaganahalli,2316
chikkaballapura,gowribidanur,idagur,idagur,2921
chikkaballapura,gowribidanur,jarabandahalli,jarabandahalli,3051
chikkaballapura,gowribidanur,kallinayakanahalli,bevinahalli,1252
chikkaballapura,gowribidanur,kallinayakanahalli,kalinayakanahalli,3257
chikkaballapura,gowribidanur,manchenahalli,gowdagere,6420
chikkaballapura,gowribidanur,manchenahalli,halehalli,2339
chikkaballapura,gowribidanur,manchenahalli,manchenahalli,4222
chikkaballapura,gowribidanur,manchenahalli,minakanagurki,4442
chikkaballapura,gowribidanur,melya,bychapura,1443
chikkaballapura,gowribidanur,melya,melya,4424
chikkaballapura,gowribidanur,melya,muddalodu,4496
chikkaballapura,gowribidanur,mudugere,kadalaveni,3161
chikkaballapura,gowribidanur,mudugere,mudugere,4518
chikkaballapura,gowribidanur,nagaragere,g kothur,213009591
chikkaballapura,gowribidanur,nagaragere,nagaragere,4650
chikkaballapura,gowribidanur,namagondlu,b bommasandra,861
chikkaballapura,gowribidanur,namagondlu,minakanagurki,4442
chikkaballapura,gowribidanur,namagondlu,namagondlu,4700
chikkaballapura,gowribidanur,pura,gowdagere,6420
chikkaballapura,gowribidanur,pura,pura,6639
chikkaballapura,gowribidanur,ramapura,kurudi,3946
chikkaballapura,gowribidanur,ramapura,ramapura,6237
chikkaballapura,gowribidanur,thondebavi,thondebavi,5743
chikkaballapura,gowribidanur,urdu-1(south),alakapura,596
chikkaballapura,gowribidanur,vatada hosahalli,muddalodu,4496
chikkaballapura,gowribidanur,vatada hosahalli,vatadahosahalli,5982
chikkaballapura,gowribidanur,viduraswatha,chikkakurugodu,1585
chikkaballapura,gowribidanur,viduraswatha,doddakurugodu,1906
chikkaballapura,gudibanda,beechaganahalli,beechaganahalli,1115
chikkaballapura,gudibanda,beechaganahalli,dapparthy,1737
chikkaballapura,gudibanda,gudibande rural,ullodu,5894
chikkaballapura,gudibanda,hampasandra,hampasandra,2377
chikkaballapura,gudibanda,somenahalli,somenahalli,5465
chikkaballapura,gudibanda,thirumani,thiruvani,5732
chikkaballapura,gudibanda,varlkonda,varlakonda,5975
chikkaballapura,gudibanda,yallodu,hampasandra,2377
chikkaballapura,gudibanda,yallodu,yellodu,6140
chikkaballapura,sidlaghatta,abloodu,abloodu,505
chikkaballapura,sidlaghatta,abloodu,pallicherlu,4940
chikkaballapura,sidlaghatta,basettyhalli,basettihalli,1090
chikkaballapura,sidlaghatta,bhaktharahalli,anur,744
chikkaballapura,sidlaghatta,bhaktharahalli,baktharahalli,946
chikkaballapura,sidlaghatta,bhaktharahalli,malamachanahalli,4158
chikkaballapura,sidlaghatta,bhaktharahalli,nagamangala,4641
chikkaballapura,sidlaghatta,cheemangala,chemangala,1537
chikkaballapura,sidlaghatta,devaramalluru,devamallur,1777
chikkaballapura,sidlaghatta,devaramalluru,kottanoor,3808
chikkaballapura,sidlaghatta,devaramalluru,pallicherlu,4940
chikkaballapura,sidlaghatta,dibburahalli,dibburahalli,1843
chikkaballapura,sidlaghatta,dibburahalli,thalakayalabetta,6372
chikkaballapura,sidlaghatta,e thimmasandra,e thimmasandra,1974
chikkaballapura,sidlaghatta,e thimmasandra,thalakayalabetta,6372
chikkaballapura,sidlaghatta,gambiranahalli,jangamakote,3045
chikkaballapura,sidlaghatta,gambiranahalli,kumbiganahalli,3876
chikkaballapura,sidlaghatta,ganjigunte,ganjigunte,2060
chikkaballapura,sidlaghatta,irgappanahalli,s devaganahalli,5139
chikkaballapura,sidlaghatta,jangamakote,hosapet,2798
chikkaballapura,sidlaghatta,jangamakote,j venkatapura,2993
chikkaballapura,sidlaghatta,melur,handiganala,2407
chikkaballapura,sidlaghatta,melur,malluru,4203
chikkaballapura,sidlaghatta,melur,melur,4422
chikkaballapura,sidlaghatta,palicherlu,dodathekahalli,1856
chikkaballapura,sidlaghatta,palicherlu,pallicherlu,4940
chikkaballapura,sidlaghatta,sadali,sadali,5146
chikkaballapura,sidlaghatta,sidlaghatta,devamallur,1777
chikkaballapura,sidlaghatta,sidlaghatta,handiganala,2407
chikkaballapura,sidlaghatta,thimmanayakanahalli,thimmanayakanahalli,5722
chikkaballapura,sidlaghatta,thummanahalli,malamachanahalli,4158
chikkaballapura,sidlaghatta,thummanahalli,thumanahalli,5758
chikkaballapura,sidlaghatta,ullurupate(city-2),anur,744
chikkaballapura,sidlaghatta,ullurupate(city-2),devamallur,1777
chikkaballapura,sidlaghatta,ullurupate(city-2),handiganala,2407
chikkaballapura,sidlaghatta,y.hunasenahalli,kottanoor,3808
chikkaballapura,sidlaghatta,y.hunasenahalli,kundlagurki,3892
chikkaballapura,sidlaghatta,y.hunasenahalli,yaramallina hunasehalli,6106
belagavi chikkodi,athani,adahalli,adahalli,513
belagavi chikkodi,athani,adahalli,yalihadalgi,6077
belagavi chikkodi,athani,aigali,aigali,559
belagavi chikkodi,athani,aigali,kohalli,6611
belagavi chikkodi,athani,aigali,telsang,5664
belagavi chikkodi,athani,anantpur,anantapur,687
belagavi chikkodi,athani,anantpur,khilegaon,3599
belagavi chikkodi,athani,aralihatti,jakkaratti,3016
belagavi chikkodi,athani,balligeri,balligeri,984
belagavi chikkodi,athani,balligeri,chamakeri,1476
belagavi chikkodi,athani,balligeri,malabad,4146
belagavi chikkodi,athani,darur,darur,1743
belagavi chikkodi,athani,darur,nadi-ingalagaon,4629
belagavi chikkodi,athani,darur,saptasagar,5236
belagavi chikkodi,athani,gundewadi,gundewadi,2246
belagavi chikkodi,athani,gundewadi,parthanhalli,4964
belagavi chikkodi,athani,halyal,halyal,6567
belagavi chikkodi,athani,halyal,hulagabali,2827
belagavi chikkodi,athani,jambagi,jambagi,3031
belagavi chikkodi,athani,jambagi,madabhavi,6658
belagavi chikkodi,athani,jambagi,parthanhalli,4964
belagavi chikkodi,athani,kakamari,kakamari,3219
belagavi chikkodi,athani,kakamari,kannal,6559
belagavi chikkodi,athani,kakamari,kottalagi,3807
belagavi chikkodi,athani,kokatnoor,badachi,895
belagavi chikkodi,athani,kokatnoor,katageri,6602
belagavi chikkodi,athani,kokatnoor,kokatanur,6401
belagavi chikkodi,athani,madabhavi,jambagi,3031
belagavi chikkodi,athani,madabhavi,madabhavi,6658
belagavi chikkodi,athani,madabhavi,siddewadi,5405
belagavi chikkodi,athani,murgundi,muragundi,4570
belagavi chikkodi,athani,murgundi,sankonatti,5215
belagavi chikkodi,athani,nandgaon,badachi,895
belagavi chikkodi,athani,nandgaon,katageri,6602
belagavi chikkodi,athani,nandgaon,nandagaon,6638
belagavi chikkodi,athani,raderahatti,naganur p.k.,4646
belagavi chikkodi,athani,raderahatti,nandagaon,6638
belagavi chikkodi,athani,raderahatti,radderahatti,5037
belagavi chikkodi,athani,raderahatti,sankonatti,5215
belagavi chikkodi,athani,sambaragi,jambagi,3031
belagavi chikkodi,athani,sambaragi,sambaragi,5182
belagavi chikkodi,athani,sankonatti,sankonatti,5215
belagavi chikkodi,athani,satti,mahishawadagi,4127
belagavi chikkodi,athani,satti,nandeshwar,4709
belagavi chikkodi,athani,satti,satti,5266
belagavi chikkodi,athani,shankarhatti,sankratti,5216
belagavi chikkodi,athani,shankarhatti,saptasagar,5236
belagavi chikkodi,athani,shankarhatti,segunashi,5293
belagavi chikkodi,athani,shirahatti,savadi,6439
belagavi chikkodi,athani,shirahatti,shirahatti,6597
belagavi chikkodi,athani,suttati,junjarawad,3095
belagavi chikkodi,athani,suttati,kokatanur,6401
belagavi chikkodi,athani,suttati,suttatti,5567
belagavi chikkodi,athani,telsang,artal,809
belagavi chikkodi,athani,telsang,telsang,5664
belagavi chikkodi,chikodi,ankali,ankali,723
belagavi chikkodi,chikodi,ankali,kadapur,3171
belagavi chikkodi,chikodi,chikodi marathi,malikwad,4177
belagavi chikkodi,chikodi,examba,kallol,3284
belagavi chikkodi,chikodi,examba,malikwad,4177
belagavi chikkodi,chikodi,hirekodi,hirekodi,2649
belagavi chikkodi,chikodi,hirekodi,nagaral,6370
belagavi chikkodi,chikodi,hirekodi,nanadi,4702
belagavi chikkodi,chikodi,jaganoor,jagnur,3007
belagavi chikkodi,chikodi,jainapur,hattarwat,2511
belagavi chikkodi,chikodi,jainapur,jainapur,6644
belagavi chikkodi,chikodi,jodakurli,jodakurli,3079
belagavi chikkodi,chikodi,jodakurli,kerur,3563
belagavi chikkodi,chikodi,karoshi,bambalwad,999
belagavi chikkodi,chikodi,karoshi,karoshi,3463
belagavi chikkodi,chikodi,kerur,kerur,3563
belagavi chikkodi,chikodi,khadaklat,chikkalwal,1588
belagavi chikkodi,chikodi,khadaklat,nainglaj,4683
belagavi chikkodi,chikodi,kothali,chinchani,1638
belagavi chikkodi,chikodi,kothali,khadaklat,3583
belagavi chikkodi,chikodi,kothali,kothali,3799
belagavi chikkodi,chikodi,majalatti,mugali,6627
belagavi chikkodi,chikodi,majalatti,wadaral,6010
belagavi chikkodi,chikodi,nagar munoli,belkud,1185
belagavi chikkodi,chikodi,nagar munoli,nagarmunoli,4661
belagavi chikkodi,chikodi,navalihal,khadaklat,3583
belagavi chikkodi,chikodi,navalihal,nainglaj,4683
belagavi chikkodi,chikodi,navalihal,navalihal,4762
belagavi chikkodi,chikodi,shiraguppi,chikkalwal,1588
belagavi chikkodi,chikodi,shiraguppi,pattankodi,4981
belagavi chikkodi,chikodi,umarani,karagaon,3426
belagavi chikkodi,chikodi,umarani,umarani,6532
belagavi chikkodi,chikodi,walaki,pattankodi,4981
belagavi chikkodi,chikodi,walaki,walki,6018
belagavi chikkodi,chikodi,yadur,chandur,1499
belagavi chikkodi,chikodi,yadur,manjari,4263
belagavi chikkodi,chikodi,yadur,yedur,6126
belagavi chikkodi,chikodi,yadur marathi,ankali,723
belagavi chikkodi,chikodi,yadur marathi,ingali,2957
belagavi chikkodi,gokak,ankalagi,kundargi,3891
belagavi chikkodi,gokak,dhupadal,dhupadal,1840
belagavi chikkodi,gokak,gokak(urdu),kundargi,3891
belagavi chikkodi,gokak,gokak(urdu),suldhal,5524
belagavi chikkodi,gokak,hirenandi,hirenandi,2671
belagavi chikkodi,gokak,khanagaon,khangaon,3593
belagavi chikkodi,gokak,khanagaon,midakanatti,213009368
belagavi chikkodi,gokak,kolavi,kolavi,3699
belagavi chikkodi,gokak,konnur,konnur,6446
belagavi chikkodi,gokak,madawal,madwal,4115
belagavi chikkodi,gokak,makkalgeri,makkalageri,4141
belagavi chikkodi,gokak,makkalgeri,shiltibhavi,5337
belagavi chikkodi,gokak,maladinni,benachinamaradi k,213009367
belagavi chikkodi,gokak,maladinni,maladinni,4148
belagavi chikkodi,gokak,mamadapur,mamadapur,6408
belagavi chikkodi,gokak,muchandi,khangaon,3593
belagavi chikkodi,gokak,neralur,khangaon,3593
belagavi chikkodi,gokak,shivapur k,melmanahatti,4419
belagavi chikkodi,gokak,shivapur k,nandgaon,6403
belagavi chikkodi,gokak,suldhal,gujanal,2217
belagavi chikkodi,gokak,suldhal,suldhal,5524
belagavi chikkodi,gokak,tavag,tavag,5645
belagavi chikkodi,hukkeri,bassapur,bassapur,1095
belagavi chikkodi,hukkeri,bassapur,kuraguppi,3918
belagavi chikkodi,hukkeri,bellad bagewadi,bellad bagewadi,1188
belagavi chikkodi,hukkeri,bellad bagewadi,hulloli,2854
belagavi chikkodi,hukkeri,bellad bagewadi,sarapur,5242
belagavi chikkodi,hukkeri,daddi,daddi,1720
belagavi chikkodi,hukkeri,daddi,khot,3602
belagavi chikkodi,hukkeri,h-mastiholi,mangutti,4251
belagavi chikkodi,hukkeri,h-mastiholi,nagnur k.d.,4675
belagavi chikkodi,hukkeri,hargapur gad,haragapur,2447
belagavi chikkodi,hukkeri,hargapur gad,sollapur,5449
belagavi chikkodi,hukkeri,hattargi,hattargi,2510
belagavi chikkodi,hukkeri,hattargi,yamkanmardi,6094
belagavi chikkodi,hukkeri,hebbal,hebbal,6670
belagavi chikkodi,hukkeri,hebbal,kochari,3635
belagavi chikkodi,hukkeri,hidakal dam,godageri,2107
belagavi chikkodi,hukkeri,hidakal dam,hospet,2803
belagavi chikkodi,hukkeri,hidakal dam,rustampur,5137
belagavi chikkodi,hukkeri,hosur,badakundri,903
belagavi chikkodi,hukkeri,hosur,hosur,6509
belagavi chikkodi,hukkeri,islampur,islampur,2972
belagavi chikkodi,hukkeri,kanagala,bad,893
belagavi chikkodi,hukkeri,kanagala,hitni,2692
belagavi chikkodi,hukkeri,kanagala,kanagala,3332
belagavi chikkodi,hukkeri,kanagala,konankeri,6434
belagavi chikkodi,hukkeri,kurni,hanchinal,6579
belagavi chikkodi,hukkeri,kurni,kurni,3936
belagavi chikkodi,hukkeri,kurni,ullagaddi khanapur,5891
belagavi chikkodi,hukkeri,nerli,ammangi,664
belagavi chikkodi,hukkeri,nerli,kamatnur,3315
belagavi chikkodi,hukkeri,nerli,nerli,4823
belagavi chikkodi,hukkeri,nidasoshi,ankale,720
belagavi chikkodi,hukkeri,nidasoshi,borgal,1400
belagavi chikkodi,hukkeri,nidasoshi,kesti,3577
belagavi chikkodi,hukkeri,nidasoshi,nidasoshi,4839
belagavi chikkodi,hukkeri,pachapur,mavanur,4380
belagavi chikkodi,hukkeri,pachapur,pachapur,4911
belagavi chikkodi,hukkeri,pachapur,rustampur,5137
belagavi chikkodi,hukkeri,shahabandar,bassapur,1095
belagavi chikkodi,hukkeri,shahabandar,shah bandar,5297
belagavi chikkodi,hukkeri,shirgaon,gudas,2189
belagavi chikkodi,hukkeri,shirgaon,kotabagi,6335
belagavi chikkodi,hukkeri,shirgaon,madihalli,6346
belagavi chikkodi,hukkeri,shirgaon,shiradhan,213009361
belagavi chikkodi,hukkeri,sultanpur,baniwad,1034
belagavi chikkodi,hukkeri,sultanpur,bastwad,6389
belagavi chikkodi,hukkeri,sultanpur,sultanpur,5540
belagavi chikkodi,hukkeri,yadgud,belavi,1175
belagavi chikkodi,hukkeri,yadgud,yadagud,6039
belagavi chikkodi,hukkeri,yadgud,yelimunoli,6137
belagavi chikkodi,kagwad,ainapur,krishnakittur,3818
belagavi chikkodi,kagwad,kempwad,kepmwad,3552
belagavi chikkodi,kagwad,mangasuli(marathi),mangsuli,4249
belagavi chikkodi,kagwad,mole,mole,4464
belagavi chikkodi,kagwad,shiraguppi,jugul,3091
belagavi chikkodi,kagwad,shiraguppi,shiraguppi,6387
belagavi chikkodi,kagwad,tangadi,tangadi,5634
belagavi chikkodi,kagwad,ugar bk,kusanal,3953
belagavi chikkodi,kagwad,ugar bk,ugar bk,5872
belagavi chikkodi,mudalgi,betageri,betageri,6478
belagavi chikkodi,mudalgi,betageri,gosabal,2159
belagavi chikkodi,mudalgi,betageri,tapshi,213009650
belagavi chikkodi,mudalgi,ghataprabha,pamaldinni,4944
belagavi chikkodi,mudalgi,hallur,hallur,6563
belagavi chikkodi,mudalgi,kalloli,tukkanatti,5822
belagavi chikkodi,mudalgi,kaujalgi,kalligud,3281
belagavi chikkodi,mudalgi,kaujalgi,kaujalgi,3501
belagavi chikkodi,mudalgi,kaujalgi,kulagod,3859
belagavi chikkodi,mudalgi,kulgod,dhavaleshwar,6551
belagavi chikkodi,mudalgi,kulgod,hunshyal py,2883
belagavi chikkodi,mudalgi,kulgod,kulagod,3859
belagavi chikkodi,mudalgi,masaguppi,dharmatti,1830
belagavi chikkodi,mudalgi,masaguppi,gujanatti,213009641
belagavi chikkodi,mudalgi,masaguppi,musaguppi,4579
belagavi chikkodi,mudalgi,masaguppi,patagundi,213009647
belagavi chikkodi,mudalgi,melavanki,melavanki,4408
belagavi chikkodi,mudalgi,melavanki,udagatti,5852
belagavi chikkodi,mudalgi,mudalgi (urdu),hunshyal pg,2882
belagavi chikkodi,mudalgi,nallanatti,balobal,990
belagavi chikkodi,mudalgi,nallanatti,lolasur,213009652
belagavi chikkodi,mudalgi,nallanatti,nallanatti,4696
belagavi chikkodi,mudalgi,rajapur,badigwad,914
belagavi chikkodi,mudalgi,rajapur,dandapur,213009638
belagavi chikkodi,mudalgi,rajapur,rajapur,6473
belagavi chikkodi,mudalgi,shindikurbet,durdundi,1966
belagavi chikkodi,mudalgi,shindikurbet,shindikurbet,5339
belagavi chikkodi,mudalgi,shivapur,khanatti,213009646
belagavi chikkodi,mudalgi,shivapur,muniyal,4563
belagavi chikkodi,mudalgi,shivapur,shivapur (h),5384
belagavi chikkodi,mudalgi,sundholi,sunadholi,5542
belagavi chikkodi,mudalgi,sundholi,talakatnal,5610
belagavi chikkodi,mudalgi,sundholi,thigadi,213009651
belagavi chikkodi,mudalgi,waderatti,hunshyal pg,2882
belagavi chikkodi,mudalgi,waderatti,waderatti,6013
belagavi chikkodi,mudalgi,yadwad,awaradi,6575
belagavi chikkodi,mudalgi,yadwad,kamanakatti,213009642
belagavi chikkodi,mudalgi,yadwad,yadawad,6047
belagavi chikkodi,nippani,bedakihal,bedkihal,1114
belagavi chikkodi,nippani,bedakihal,shaemanewadi,5296
belagavi chikkodi,nippani,benadi,benadi,1209
belagavi chikkodi,nippani,bhoj,bhoj,1297
belagavi chikkodi,nippani,borgaon,borgaon,1401
belagavi chikkodi,nippani,borgaon,janawad,3043
belagavi chikkodi,nippani,galatga,galataga,2028
belagavi chikkodi,nippani,karadga,dhonewadi,213009363
belagavi chikkodi,nippani,karadga,karadga,3420
belagavi chikkodi,nippani,karadga,shiradawad,5344
belagavi chikkodi,nippani,kognoli,koganoli,3673
belagavi chikkodi,nippani,kurli,kurli,3934
belagavi chikkodi,nippani,manakapur,manakapur,4215
belagavi chikkodi,nippani,mangur,mangur,4250
belagavi chikkodi,nippani,nej,nej,4791
belagavi chikkodi,nippani,pattankudi,yaranal,6107
belagavi chikkodi,nippani,shiragaon,shiragaon,5346
belagavi chikkodi,nippani,shiraguppi,gayakanawadi,213009640
belagavi chikkodi,nippani,shiraguppi,yaranal,6107
belagavi chikkodi,nippani,shirpewadi,jatrat,3053
belagavi chikkodi,nippani,shirpewadi,lakhanapur,3989
belagavi chikkodi,nippani,soundalga,adi,526
belagavi chikkodi,nippani,soundalga,soundalga,5493
belagavi chikkodi,nippani,yamagarni,yamagarni,6090
belagavi chikkodi,raibag,alagawadi,alagawadi,591
belagavi chikkodi,raibag,balligeri,handigund,2411
belagavi chikkodi,raibag,bhendawad,bhendwad,1287
belagavi chikkodi,raibag,bhendawad,katakabhavi,3480
belagavi chikkodi,raibag,bhendawad,mantur,213009355
belagavi chikkodi,raibag,diggewadi,bhiradi,1290
belagavi chikkodi,raibag,diggewadi,diggewadi,1847
belagavi chikkodi,raibag,diggewadi,jalalpur,213009354
belagavi chikkodi,raibag,diggewadi,yadrav,213009353
belagavi chikkodi,raibag,handigund,handigund,2411
belagavi chikkodi,raibag,handigund,kappalaguddi,3414
belagavi chikkodi,raibag,hidakal,hidakal,2603
belagavi chikkodi,raibag,hubbarwadi,hubbarwadi,2812
belagavi chikkodi,raibag,hubbarwadi,mekali,4404
belagavi chikkodi,raibag,khemlapur,khemlapur,3596
belagavi chikkodi,raibag,khemlapur,siddapur,213009648
belagavi chikkodi,raibag,khemlapur,yalparatti,213009352
belagavi chikkodi,raibag,kuligodd,ebaratti,213009639
belagavi chikkodi,raibag,kuligodd,koligudda,3700
belagavi chikkodi,raibag,nagral,bekkeri,1140
belagavi chikkodi,raibag,nagral,byakud,1435
belagavi chikkodi,raibag,nagral,khanadal,213009645
belagavi chikkodi,raibag,nandikurali,kempatti,213009644
belagavi chikkodi,raibag,nandikurali,nandikurli,4722
belagavi chikkodi,raibag,naslapur,nasalapur,4758
belagavi chikkodi,raibag,naslapur,soundatti,5494
belagavi chikkodi,raibag,nidagundi,morab,6590
belagavi chikkodi,raibag,nidagundi,nidagundi,6489
belagavi chikkodi,raibag,nilaji,alaknur,598
belagavi chikkodi,raibag,nilaji,nilji,4856
belagavi chikkodi,raibag,nilaji,suttatti,213009649
belagavi chikkodi,raibag,nipanal,katakabhavi,3480
belagavi chikkodi,raibag,nipanal,nipnal,4865
belagavi chikkodi,raibag,palbhavi,kappalaguddi,213009643
belagavi chikkodi,raibag,palbhavi,palbhavi,4935
belagavi chikkodi,raibag,paramanandwadi,paramanandwadi,4957
belagavi chikkodi,raibag,paramanandwadi,shiragur,5348
belagavi chikkodi,raibag,savsuddi,itanal,2978
belagavi chikkodi,raibag,savsuddi,khanadal,213009645
belagavi chikkodi,raibag,savsuddi,savasuddi,5278
tumakuru madhugiri,koratagere,akkirampura,akkirampura,582
tumakuru madhugiri,koratagere,akkirampura,bychapura,6623
tumakuru madhugiri,koratagere,b d pura,b d pura,862
tumakuru madhugiri,koratagere,boodagavi,budhagavi,1408
tumakuru madhugiri,koratagere,bukkapatna,bukkapatna,213009350
tumakuru madhugiri,koratagere,bukkapatna,hanchihalli,2396
tumakuru madhugiri,koratagere,byrenahalli,arasapura,778
tumakuru madhugiri,koratagere,chinnahalli,chinnahalli,1643
tumakuru madhugiri,koratagere,chinnahalli,doddasaggere,1918
tumakuru madhugiri,koratagere,holavanahalli,holavanahalli,2715
tumakuru madhugiri,koratagere,holavanahalli,kyamenahalli,3971
tumakuru madhugiri,koratagere,hulikunte,hulikunte,6432
tumakuru madhugiri,koratagere,i k colony,neelagondanahalli,4777
tumakuru madhugiri,koratagere,jatti agrahara,jatti agrahara,3054
tumakuru madhugiri,koratagere,kolala,kolala,3692
tumakuru madhugiri,koratagere,koratagere pattana,thumbadi,5760
tumakuru madhugiri,koratagere,kuramkote,bukkapatna,213009350
tumakuru madhugiri,koratagere,kuramkote,kuramkote,3921
tumakuru madhugiri,koratagere,mavathur,doddasaggere,1918
tumakuru madhugiri,koratagere,mavathur,mavatturu,4382
tumakuru madhugiri,koratagere,pathaganahalli,mavatturu,4382
tumakuru madhugiri,koratagere,pathaganahalli,pathaganahally,4969
tumakuru madhugiri,koratagere,pathaganahalli,vajjanakurike,5948
tumakuru madhugiri,koratagere,theetha,doddasaggere,1918
tumakuru madhugiri,koratagere,theetha,hanchihalli,2396
tumakuru madhugiri,koratagere,theetha,thetha,5716
tumakuru madhugiri,koratagere,thovinakere,thovinakere,5756
tumakuru madhugiri,koratagere,vaddagere,bychapura,6623
tumakuru madhugiri,koratagere,vaddagere,vaddagere,6554
tumakuru madhugiri,koratagere,yelerampura,yelerampura,6134
tumakuru madhugiri,madhugiri,badavanahally,rangapura,6635
tumakuru madhugiri,madhugiri,bijavara,bijavara,1331
tumakuru madhugiri,madhugiri,bijavara,maruvekere,4339
tumakuru madhugiri,madhugiri,byalya,byalya,1438
tumakuru madhugiri,madhugiri,byalya,kodagadhala,3639
tumakuru madhugiri,madhugiri,chandragiri,badavanahalli,912
tumakuru madhugiri,madhugiri,chandragiri,chandragiri,1496
tumakuru madhugiri,madhugiri,chikkamalur,chikkamaluru,1593
tumakuru madhugiri,madhugiri,chikkamalur,doddamaluru,1912
tumakuru madhugiri,madhugiri,chinaka vajra,chinakavajra,1634
tumakuru madhugiri,madhugiri,chinaka vajra,d.v. halli,1714
tumakuru madhugiri,madhugiri,chinnenahally,chinnenahalli,213009173
tumakuru madhugiri,madhugiri,dabbegatta,d.v. halli,1714
tumakuru madhugiri,madhugiri,dabbegatta,dabbegatta,1716
tumakuru madhugiri,madhugiri,dabbegatta,kotagarlahalli,3790
tumakuru madhugiri,madhugiri,dodderi,dodderi,6599
tumakuru madhugiri,madhugiri,ganjala gunte,ganjalagunte,2056
tumakuru madhugiri,madhugiri,garani,brahmasamudra,1402
tumakuru madhugiri,madhugiri,garani,garani,2071
tumakuru madhugiri,madhugiri,hosakere,hosakere,6492
tumakuru madhugiri,madhugiri,hosakere,neralekere,4816
tumakuru madhugiri,madhugiri,i.d.hally,chikkadalavatta,1572
tumakuru madhugiri,madhugiri,i.d.hally,i.d. halli,2912
tumakuru madhugiri,madhugiri,kavanadala,kavanadala,3507
tumakuru madhugiri,madhugiri,kodigenahally,kalidevapura,3256
tumakuru madhugiri,madhugiri,kodigenahally,kodigenahalli,6645
tumakuru madhugiri,madhugiri,kodlapura,kodlapura,3666
tumakuru madhugiri,madhugiri,kondavadi,kodagadhala,3639
tumakuru madhugiri,madhugiri,kondavadi,kondavadi,3741
tumakuru madhugiri,madhugiri,madhugiri(urdu),badavanahalli,912
tumakuru madhugiri,madhugiri,medigesi,bedathuru,1112
tumakuru madhugiri,madhugiri,medigesi,midigeshi,4439
tumakuru madhugiri,madhugiri,puravara,gondihalli,2133
tumakuru madhugiri,madhugiri,puravara,puravara,5026
tumakuru madhugiri,madhugiri,rantavalalu,kotagarlahalli,3790
tumakuru madhugiri,madhugiri,rantavalalu,rantavalalu,5100
tumakuru madhugiri,madhugiri,reddyhally,reddihalli,5114
tumakuru madhugiri,madhugiri,sajjehosahally,chandragiri,1496
tumakuru madhugiri,madhugiri,sajjehosahally,sajjehosahalli,5160
tumakuru madhugiri,madhugiri,siddapura,d.v. halli,1714
tumakuru madhugiri,madhugiri,siddapura,siddapura,6314
tumakuru madhugiri,madhugiri,singanahally,muddenahalli,6595
tumakuru madhugiri,madhugiri,singanahally,singanahalli,5421
tumakuru madhugiri,madhugiri,theriyur,kadagathuru,3154
tumakuru madhugiri,madhugiri,theriyur,muddenahalli,6595
tumakuru madhugiri,madhugiri,yalkur,brahmasamudra,1402
tumakuru madhugiri,madhugiri,yalkur,doddayalaku,1922
tumakuru madhugiri,pavagada,c.k.pura,c.k.pura,1460
tumakuru madhugiri,pavagada,c.k.pura,gujjanadu,2219
tumakuru madhugiri,pavagada,doddahalli,chikkahalli,6369
tumakuru madhugiri,pavagada,doddahalli,pothaganahalli,5011
tumakuru madhugiri,pavagada,dommathamari,dommatahmari,1934
tumakuru madhugiri,pavagada,dommathamari,virupasamundra,6000
tumakuru madhugiri,pavagada,gundralahalli,byadanuru,1425
tumakuru madhugiri,pavagada,gundralahalli,naliganahalli,4690
tumakuru madhugiri,pavagada,k t hally,gujjanadu,2219
tumakuru madhugiri,pavagada,k t hally,k.t.halli,3130
tumakuru madhugiri,pavagada,kannamedi,kannamedi,3388
tumakuru madhugiri,pavagada,kannamedi,rajavanthi,5056
tumakuru madhugiri,pavagada,kotagudda,kottagudda,3806
tumakuru madhugiri,pavagada,kotagudda,naliganahalli,4690
tumakuru madhugiri,pavagada,kotagudda,rangasamudra,5096
tumakuru madhugiri,pavagada,lingdahalli,sasalakunte,5251
tumakuru madhugiri,pavagada,lingdahalli,vadanakallu,5934
tumakuru madhugiri,pavagada,magalawada,arasikere,6533
tumakuru madhugiri,pavagada,magalawada,mangalavada,4241
tumakuru madhugiri,pavagada,maridasanahally,j achammana halli,2987
tumakuru madhugiri,pavagada,maridasanahally,maridasanahalli,4314
tumakuru madhugiri,pavagada,nagala madike,b k halli,863
tumakuru madhugiri,pavagada,nagala madike,nagalamadike,4638
tumakuru madhugiri,pavagada,nagala madike,ryapte,5138
tumakuru madhugiri,pavagada,neelamannahally,b k halli,863
tumakuru madhugiri,pavagada,neelamannahally,kamanadurga,6495
tumakuru madhugiri,pavagada,nyayadagunte,nyayadagunte,4893
tumakuru madhugiri,pavagada,nyayadagunte,vadanakallu,5934
tumakuru madhugiri,pavagada,palavalli,b k halli,863
tumakuru madhugiri,pavagada,palavalli,palavalli,4933
tumakuru madhugiri,pavagada,pavagada rural,kodamadagu,3645
tumakuru madhugiri,pavagada,pavagada rural,roppa,5127
tumakuru madhugiri,pavagada,ponnasamundra,ponnasamudra,5008
tumakuru madhugiri,pavagada,thirumani,tirumani,5782
tumakuru madhugiri,pavagada,thirumani,valluru,5959
tumakuru madhugiri,pavagada,venkatapura,rajavanthi,5056
tumakuru madhugiri,pavagada,venkatapura,venkatapura,5991
tumakuru madhugiri,pavagada,y.n.hosakote rural,siddapura,213009622
tumakuru madhugiri,pavagada,y.n.hosakote rural,y n hosakote,6033
tumakuru madhugiri,sira,baragooru,baraguru,6365
tumakuru madhugiri,sira,baragooru,hosahalli,6276
tumakuru madhugiri,sira,benche,gopaladevarahalli,2144
tumakuru madhugiri,sira,bevinahalli,bevinahalli,6576
tumakuru madhugiri,sira,bevinahalli,changavara,1501
tumakuru madhugiri,sira,bevinahalli,hemdore,2571
tumakuru madhugiri,sira,bhoovanahally,bhuvanahalli,1305
tumakuru madhugiri,sira,bhoovanahally,lakshmisagara,6655
tumakuru madhugiri,sira,brahmasandra,chinnenahalli,1648
tumakuru madhugiri,sira,brahmasandra,seebi agrahara,5286
tumakuru madhugiri,sira,brahmasandra,yaladabagi,6064
tumakuru madhugiri,sira,bukkapattana,bukkapatna,1416
tumakuru madhugiri,sira,bukkapattana,kurubarahalli,6251
tumakuru madhugiri,sira,chikkabanagere,doddabanagere,1882
tumakuru madhugiri,sira,dodda hulikunte,doddahulikunte,1900
tumakuru madhugiri,sira,dodda hulikunte,hosahalli,6276
tumakuru madhugiri,sira,doddaagrahara,doddaagrahara,1877
tumakuru madhugiri,sira,doddaagrahara,huildore,2823
tumakuru madhugiri,sira,dwaranakunte,changavara,1501
tumakuru madhugiri,sira,dwaranakunte,dwaranakunte,1970
tumakuru madhugiri,sira,gowdagere,bandakunte,1014
tumakuru madhugiri,sira,gowdagere,gowadagere,2172
tumakuru madhugiri,sira,haldodderi,chinnenahalli,1648
tumakuru madhugiri,sira,haldodderi,seebi,5285
tumakuru madhugiri,sira,honnagondanahally,honnagondanahalli,2746
tumakuru madhugiri,sira,honnagondanahally,magodu,4122
tumakuru madhugiri,sira,huildore,huildore,2823
tumakuru madhugiri,sira,huildore,kurubarahalli,6251
tumakuru madhugiri,sira,kallambella,chikkanahalli,1599
tumakuru madhugiri,sira,kallambella,halenahalli,2342
tumakuru madhugiri,sira,kallambella,kallambella,3272
tumakuru madhugiri,sira,karekyathanahalli,handikunte,2412
tumakuru madhugiri,sira,kotta,kotta,3803
tumakuru madhugiri,sira,lakkanahalli,thadakaluru,5670
tumakuru madhugiri,sira,madalooru,madaluru,4067
tumakuru madhugiri,sira,magodu,magodu,4122
tumakuru madhugiri,sira,magodu,rathnasandra,5104
tumakuru madhugiri,sira,neralagudda,neralagudda,4812
tumakuru madhugiri,sira,pattanayakanahalli,hemdore,2571
tumakuru madhugiri,sira,pattanayakanahalli,hosahalli,6276
tumakuru madhugiri,sira,pattanayakanahalli,naduru,4634
tumakuru madhugiri,sira,ratnasandra,halenahalli,2342
tumakuru madhugiri,sira,ratnasandra,rathnasandra,5104
tumakuru madhugiri,sira,sakshihalli,ramalingapura,5070
tumakuru madhugiri,sira,seebi agrahara,seebi,5285
tumakuru madhugiri,sira,seebi agrahara,seebi agrahara,5286
tumakuru madhugiri,sira,seebi agrahara,yaladabagi,6064
tumakuru madhugiri,sira,tavarekere,hosuru,6516
tumakuru madhugiri,sira,tavarekere,lakshmisagara,6655
tumakuru madhugiri,sira,tavarekere,tavarekere,6352
tumakuru madhugiri,sira,thalagunda,bupasandra,1419
tumakuru madhugiri,sira,thalagunda,thalagunda,6371
tumakuru madhugiri,sira,tharooru,tharuru,5698
tumakuru madhugiri,sira,tharooru,yaladabagi,6064
tumakuru madhugiri,sira,thogarugunte,bandakunte,1014
tumakuru madhugiri,sira,thogarugunte,melukunte,4421
tumakuru madhugiri,sira,yaravarahalli,hosuru,6516
tumakuru madhugiri,sira,yaravarahalli,hunasehalli,2869
tumakuru madhugiri,sira,yeliyuuru,chikkanahalli,1599
tumakuru madhugiri,sira,yeliyuuru,yaliyuru,6642
ramanagara,channapatna,abburudoddi,bevooru,1255
ramanagara,channapatna,abburudoddi,nagavara,4669
ramanagara,channapatna,abburudoddi,rampura,6268
ramanagara,channapatna,akkuru,akkuru,213009356
ramanagara,channapatna,akkuru,kudluru,6338
ramanagara,channapatna,akkuru,baruan (b),1003
ramanagara,channapatna,bevooru,bevooru,1255
ramanagara,channapatna,bevooru,mandya bommanayakanahalli,4237
ramanagara,channapatna,chakkere,chakkere,1468
ramanagara,channapatna,chakkere,maluru patna,4206
ramanagara,channapatna,chakkere,sulleri,5537
ramanagara,channapatna,channapatna kannada town2,rampura,6268
ramanagara,channapatna,dashavara,dashavara,1752
ramanagara,channapatna,dashavara,makali,4134
ramanagara,channapatna,harakoppa,harokoppa,2489
ramanagara,channapatna,harakoppa,iggaluru,2928
ramanagara,channapatna,harakoppa,sogala,5444
ramanagara,channapatna,honganuru,bhoohalli,1299
ramanagara,channapatna,honganuru,honganuru,2741
ramanagara,channapatna,honganuru,virupakshipura,5998
ramanagara,channapatna,kanchugaranahalli,banduru varagerehalli,1028
ramanagara,channapatna,kodamballi,byadarahalli,6588
ramanagara,channapatna,kodamballi,kodamballi,3647
ramanagara,channapatna,kodamballi,virupakshipura,5998
ramanagara,channapatna,mankunda,h b hally,2269
ramanagara,channapatna,mylanayakanahosahalli,mylanayakanahalli,4610
ramanagara,channapatna,mylanayakanahosahalli,nagavara,4669
ramanagara,channapatna,mylanayakanahosahalli,thittamaranahalli,5734
ramanagara,channapatna,shettihalli,maluru,4205
ramanagara,channapatna,shettihalli,mattikere,4372
ramanagara,channapatna,shettihalli,mudagere,4487
ramanagara,channapatna,singarajipura,banduru varagerehalli,1028
ramanagara,channapatna,singarajipura,bhoohalli,1299
ramanagara,channapatna,singarajipura,singarajapura,5427
ramanagara,channapatna,sulleri,harokoppa,2489
ramanagara,channapatna,sulleri,kudluru,6338
ramanagara,channapatna,sulleri,maluru patna,4206
ramanagara,channapatna,sulleri,sulleri,5537
ramanagara,channapatna,thagachagere,neelasandra,4781
ramanagara,channapatna,thagachagere,thagachagere,5673
ramanagara,channapatna,thagachagere,vandaraguppe,5965
ramanagara,channapatna,vandaraguppe,thagachagere,5673
ramanagara,channapatna,vandaraguppe,vandaraguppe,5965
ramanagara,channapatna,y.t. halli,byadarahalli,6588
ramanagara,channapatna,y.t. halli,y.t. halli,6035
ramanagara,kanakapura,anedoddi,kolliganahalli,3707
ramanagara,kanakapura,attihalli,arekattedoddi,790
ramanagara,kanakapura,attihalli,choodahalli,1673
ramanagara,kanakapura,bannimukodlu,bannimukkodlu,1046
ramanagara,kanakapura,chakanahalli,chowkanahalli,1685
ramanagara,kanakapura,cheeluru,cheeluru,6663
ramanagara,kanakapura,cheeluru,t. hosahalli,5584
ramanagara,kanakapura,chikka muduvadi,alli maranahalli,624
ramanagara,kanakapura,chikka muduvadi,chikkamuduvadi,1595
ramanagara,kanakapura,dodda allahalli,dodda alahalli,1858
ramanagara,kanakapura,dodda maralavadi,dodda maralavadi,1870
ramanagara,kanakapura,dodda maralavadi,thokasandra,5738
ramanagara,kanakapura,dodda muduvadi,dodda muduvadi,1871
ramanagara,kanakapura,dyvasandra,dyavasandra,1973
ramanagara,kanakapura,harohalli,harohalli,6633
ramanagara,kanakapura,hegganuru,uyyamballi,5928
ramanagara,kanakapura,herindyapanahalli,arekere,6537
ramanagara,kanakapura,herindyapanahalli,herindyapanahalli,2591
ramanagara,kanakapura,hosadurga,hosadurga,2782
ramanagara,kanakapura,hukunda,hukunda,2825
ramanagara,kanakapura,hukunda,mullahalli,4543
ramanagara,kanakapura,hunasanahalli,hunasanahalli,213009349
ramanagara,kanakapura,i gollahalli,i. gollahalli,2911
ramanagara,kanakapura,kabbal,kabbalu,3135
ramanagara,kanakapura,kaggalahalli,kaggalahalli,3205
ramanagara,kanakapura,kallahalli,kallahalli,6469
ramanagara,kanakapura,kodihalli,kodihalli,6393
ramanagara,kanakapura,kolagondanahalli,kolagondahalli,3689
ramanagara,kanakapura,kottagalu,kottagalu,3805
ramanagara,kanakapura,maralebekuppe,maralebekuppe,4291
ramanagara,kanakapura,maralebekuppe,narayanapura,6431
ramanagara,kanakapura,narayanapura,narayanapura,6431
ramanagara,kanakapura,shivanahalli,shivanahalli,5380
ramanagara,kanakapura,shivanahalli,t. bekuppe,5583
ramanagara,kanakapura,somedypanahalli,choodahalli,1673
ramanagara,kanakapura,somedypanahalli,somedyapanahalli,5464
ramanagara,kanakapura,sugganahalli,kaggalahalli,3205
ramanagara,kanakapura,tungani,t. hosahalli,5584
ramanagara,kanakapura,tungani,tungani,5833
ramanagara,kanakapura,urdu town cluster,kottagalu,3805
ramanagara,magadi,agalkote,agalakote,536
ramanagara,magadi,agalkote,mattikere,213009357
ramanagara,magadi,ajjanahalli,ajjanahalli,570
ramanagara,magadi,bachenahatti,bachenahatti,891
ramanagara,magadi,banavadi,banavadi,1010
ramanagara,magadi,belagumba,belagumba,6426
ramanagara,magadi,biskuru,biskuru,1370
ramanagara,magadi,bittasandra,bittasadnra,1375
ramanagara,magadi,byalakere,thaggikuppe,5677
ramanagara,magadi,chakrabavi,sathanuru,5261
ramanagara,magadi,chakrabavi,seegekuppe,5288
ramanagara,magadi,chikenudigera,chikka mudigere,1563
ramanagara,magadi,chikkahalli,chikkanahalli,6382
ramanagara,magadi,guddemaranahalli,gudemaranahalli,2202
ramanagara,magadi,guddemaranahalli,lakkenahalli,3994
ramanagara,magadi,hosapalya,kalari kawal,3244
ramanagara,magadi,hulikal,hulikal,6534
ramanagara,magadi,hulikal,kannuru,6569
ramanagara,magadi,hullenahalli,hullenahalli,2851
ramanagara,magadi,kalya,kalya,6487
ramanagara,magadi,kuduru,adarangi,517
ramanagara,magadi,kuduru,kuduru,3845
ramanagara,magadi,madabal,madbal,4084
ramanagara,magadi,madigundanahalli,madigondanahalli,4101
ramanagara,magadi,motaganahalli,motagondanahalli,4477
ramanagara,magadi,narasandra,narasandra,4739
ramanagara,magadi,nethanahalli,nethenahalli,4829
ramanagara,magadi,sankighatta,sankighatta,5214
ramanagara,magadi,sankighatta,thippasandra,5729
ramanagara,magadi,soluru,lakkenahalli,3994
ramanagara,magadi,soluru,soluru,5451
ramanagara,magadi,sri giripura,srigiripura,5501
ramanagara,magadi,urdu,agalakote,536
ramanagara,magadi,v.g.doddi,hanchikuppe,2397
ramanagara,ramanagara,annahalli,gopahalli,2142
ramanagara,ramanagara,avverahalli,hulikere gunnur,2838
ramanagara,ramanagara,bannikuppe(b),bannikuppe,1045
ramanagara,ramanagara,bilagumba,bilagumba,1338
ramanagara,ramanagara,byramangala,bhyramangala,1307
ramanagara,ramanagara,harisandra,harisandra,2471
ramanagara,ramanagara,hunasanahalli,hunasanahalli,2866
ramanagara,ramanagara,jalamangala,akkuru,584
ramanagara,ramanagara,jalamangala,dodda gangawadi,1864
ramanagara,ramanagara,kailancha,bannikuppe k,213009373
ramanagara,ramanagara,kailancha,kylancha,3982
ramanagara,ramanagara,kanchugaranahalli,kanchugaranahalli,3358
ramanagara,ramanagara,kenchanakuppe,bannikuppe,1045
ramanagara,ramanagara,kootagal,kootagal,3757
ramanagara,ramanagara,manchanayakanahalli,manchanayakanahalli,4221
ramanagara,ramanagara,mayaganahalli,mayaganahalli,4388
ramanagara,ramanagara,shanuboganahalli,shyanubhoganahalli,5392
ramanagara,ramanagara,sugganahalli,sugganahalli,5516
ramanagara,ramanagara,vibhutikere,vibhuthikere,5994
yadagiri,shahapur,b.gudi,hothpeth,2810
yadagiri,shahapur,bendebembali,bendebembali,1221
yadagiri,shahapur,bendebembali,tumakur,5825
yadagiri,shahapur,bilhar,bilhar,1342
yadagiri,shahapur,bilhar,gonal,2128
yadagiri,shahapur,chatnalli,chatnalli,6679
yadagiri,shahapur,chatnalli,hurasagundagi,2894
yadagiri,shahapur,chatnalli,ibrahimpur (y),2914
yadagiri,shahapur,darshanapur,chamanal,1478
yadagiri,shahapur,doranahalli,doranahalli,1949
yadagiri,shahapur,doranahalli,khanapur,6498
yadagiri,shahapur,gogi,gogi (k),2113
yadagiri,shahapur,gogi,hosakera,2789
yadagiri,shahapur,halgera,halagera,2320
yadagiri,shahapur,halgera,ullesugur,5893
yadagiri,shahapur,hattigudur,aikur,563
yadagiri,shahapur,hattigudur,beeranoor,1125
yadagiri,shahapur,hayyal (b),aikur,563
yadagiri,shahapur,hayyal (b),hayyal (b),2525
yadagiri,shahapur,hayyal (b),konkal,3749
yadagiri,shahapur,kannekolur,gundagurti,2241
yadagiri,shahapur,kannekolur,kannekolur,3392
yadagiri,shahapur,kurkunda,aikur,563
yadagiri,shahapur,kurkunda,kadamgera (b),3165
yadagiri,shahapur,kurkunda,kurkunda,3932
yadagiri,shahapur,maddarki,maddarki,4086
yadagiri,shahapur,maddarki,mudabool,4485
yadagiri,shahapur,naganatagi,gogi (p),2114
yadagiri,shahapur,naganatagi,naganatagi,4644
yadagiri,shahapur,naykal,gulsaram,2228
yadagiri,shahapur,naykal,naykal,4775
yadagiri,shahapur,sagar,rastapur,5103
yadagiri,shahapur,sagar,sagar,5152
yadagiri,shahapur,shirwal,anabi,675
yadagiri,shahapur,shirwal,hurasagundagi,2894
yadagiri,shahapur,shirwal,shirwal,5370
yadagiri,shahapur,tadibidi,gundagurti,2241
yadagiri,shahapur,tadibidi,t. wadagera,5586
yadagiri,shahapur,tadibidi,tadibidi,5599
yadagiri,shahapur,ukkinal,ukkinal,5884
yadagiri,shahapur,wadagera,wadagera,6009
yadagiri,shahapur,wanadurga,kakkasgera,3224
yadagiri,shahapur,wanadurga,wanadurga,6019
yadagiri,shorapur,balashettihal,kamanatagi,3310
yadagiri,shorapur,balashettihal,malanoor,4161
yadagiri,shorapur,balichakra,malgatti,4174
yadagiri,shorapur,banadoddi,geddalmari,2080
yadagiri,shorapur,devapur,aldal,610
yadagiri,shorapur,devapur,devapur,1786
yadagiri,shorapur,devapur,khanapur .s.h,3589
yadagiri,shorapur,devargonal,badyapur,917
yadagiri,shorapur,devargonal,devargonal,1806
yadagiri,shorapur,devargonal,peth ammapur,4997
yadagiri,shorapur,devargonal,waganageri,6192
yadagiri,shorapur,devatkal,devatkal,1811
yadagiri,shorapur,devatkal,hebbal (b),2530
yadagiri,shorapur,devatkal,kachaknoor,3140
yadagiri,shorapur,geddalmari,bailakunti,938
yadagiri,shorapur,geddalmari,geddalmari,2080
yadagiri,shorapur,geddalmari,jogundbhavi,3082
yadagiri,shorapur,gundalgera,arkera (j),803
yadagiri,shorapur,gundalgera,kolihal,3701
yadagiri,shorapur,hunasagi,kamanatagi,3310
yadagiri,shorapur,hunasagi,malanoor,4161
yadagiri,shorapur,kannelli,baichbal,935
yadagiri,shorapur,kannelli,kachaknoor,3140
yadagiri,shorapur,kannelli,peth ammapur,4997
yadagiri,shorapur,kardakal,hegganadoddi,2559
yadagiri,shorapur,kardakal,karadkal,3424
yadagiri,shorapur,kardakal,malgatti,4174
yadagiri,shorapur,kembhavi,kiradalli,6204
yadagiri,shorapur,kembhavi,mudnoor (k),4512
yadagiri,shorapur,kodekal,baradevnal,1056
yadagiri,shorapur,kodekal,hagaratagi,2305
yadagiri,shorapur,kodekal,kodekal,3653
yadagiri,shorapur,laxmipur,arkera (k),6215
yadagiri,shorapur,laxmipur,devikera,1816
yadagiri,shorapur,laxmipur,hemnoor,2578
yadagiri,shorapur,laxmipur,sugoor,5519
yadagiri,shorapur,malla (b),evoor,1992
yadagiri,shorapur,malla (b),malla (b),4182
yadagiri,shorapur,malla (b),yalagi,6066
yadagiri,shorapur,maranal,jogundbhavi,3082
yadagiri,shorapur,maranal,maranal,4296
yadagiri,shorapur,mudanoor,agni,550
yadagiri,shorapur,mudanoor,arkera (j),803
yadagiri,shorapur,mudanoor,mudnoor (k),4512
yadagiri,shorapur,naganur,kiradalli,6204
yadagiri,shorapur,naganur,nagnoor,4673
yadagiri,shorapur,narayanpur,jogundbhavi,3082
yadagiri,shorapur,narayanpur,narayanpur,6417
yadagiri,shorapur,pethammapur,aldal,610
yadagiri,shorapur,pethammapur,kachaknoor,3140
yadagiri,shorapur,pethammapur,peth ammapur,4997
yadagiri,shorapur,pethammapur,waganageri,6192
yadagiri,shorapur,rajankolur,bailakunti,938
yadagiri,shorapur,rajankolur,kodekal,3653
yadagiri,shorapur,rajankolur,rajankollur,5051
yadagiri,shorapur,rukmapur,khanapur .s.h,3589
yadagiri,shorapur,rukmapur,sugoor,5519
yadagiri,shorapur,tinthani,tinthani,5777
yadagiri,shorapur,vajjal,hebbal (b),2530
yadagiri,shorapur,vajjal,vajjal,5947
yadagiri,shorapur,yaktapur,agni,550
yadagiri,shorapur,yaktapur,yaktapur,6062
yadagiri,yadgir,allipur,allipur,625
yadagiri,yadgir,anpur,anapur,690
yadagiri,yadgir,anpur,minasapur,4443
yadagiri,yadgir,arakera(k),arkera (k),804
yadagiri,yadgir,arakera(k),halligera,2356
yadagiri,yadgir,arakera(k),kawloor,3514
yadagiri,yadgir,azalapur,ajlapur,574
yadagiri,yadgir,azalapur,jaigram,3008
yadagiri,yadgir,azalapur,yalsatti,6085
yadagiri,yadgir,badiyal,badiyal,915
yadagiri,yadgir,badiyal,saidapur,6361
yadagiri,yadgir,balichakra,balichakra,969
yadagiri,yadgir,balichakra,killankera,3606
yadagiri,yadgir,chapetla,chepetla,1546
yadagiri,yadgir,chapetla,kakalwar,3218
yadagiri,yadgir,gajarkot,gajarkot,2023
yadagiri,yadgir,gajarkot,motnalli,4481
yadagiri,yadgir,hattikuni,hattikuni,2516
yadagiri,yadgir,hedgimadra,arkera (b),802
yadagiri,yadgir,hedgimadra,thanagundi,5688
yadagiri,yadgir,honagera,bandalli,6263
yadagiri,yadgir,honagera,hongera,2742
yadagiri,yadgir,kadechur,ajlapur,574
yadagiri,yadgir,kadechur,kadechur,3178
yadagiri,yadgir,kandakoor,kandkur,3368
yadagiri,yadgir,kandakoor,paspool,4967
yadagiri,yadgir,kandakoor,yempad,6220
yadagiri,yadgir,konkal,chinnakar,1644
yadagiri,yadgir,konkal,konkal,6309
yadagiri,yadgir,konkal,minasapur,4443
yadagiri,yadgir,madhawar,kalebelgunda,3252
yadagiri,yadgir,madhawar,killankera,3606
yadagiri,yadgir,madhawar,madhwar,4100
yadagiri,yadgir,madhawar,yalsatti,6085
yadagiri,yadgir,malhar,kawloor,3514
yadagiri,yadgir,malhar,malhar,4176
yadagiri,yadgir,putpak,chandarki,1489
yadagiri,yadgir,putpak,putpak,5032
yadagiri,yadgir,ramsamudra,mundaragi,6650
yadagiri,yadgir,ramsamudra,ramsamudra,5089
yadagiri,yadgir,saidapur,belguda,1179
yadagiri,yadgir,saidapur,saidapur,6361
yadagiri,yadgir,yadgir rural,warknalli,6031
yadagiri,yadgir,yadgir station,mudnal,4511
yadagiri,yadgir,yelheri,kalebelgunda,3252
yadagiri,yadgir,yelheri,paspool,4967
yadagiri,yadgir,yelheri,yalleheri,6083
yadagiri,yadgir,yergole,allipur,625
yadagiri,yadgir,yergole,arkera (b),802
yadagiri,yadgir,yergole,yargole,6114
mysuru,h.d.kote,alanahalli,alana halli,213009607
mysuru,h.d.kote,alanahalli,g b saragur,1998
mysuru,h.d.kote,annuru,annuru,6484
mysuru,h.d.kote,annuru,beemana halli,1120
mysuru,h.d.kote,antharasanthe,anthara santhe,740
mysuru,h.d.kote,antharasanthe,hosaholalu,2786
mysuru,h.d.kote,antharasanthe,n belathur,4615
mysuru,h.d.kote,b.matakere,b matakere,865
mysuru,h.d.kote,beechana halli,beechana halli,1116
mysuru,h.d.kote,beechana halli,noorala kuppe,4882
mysuru,h.d.kote,db kuppe,doddabyrana kuppe,1890
mysuru,h.d.kote,db kuppe,n belathur,4615
mysuru,h.d.kote,gandhinagara,chikkereyuru,1614
mysuru,h.d.kote,gandhinagara,padukote kaval,4918
mysuru,h.d.kote,h.d.kote,chakkodana halli,1469
mysuru,h.d.kote,hampapura-hdk,hampapura,213009609
mysuru,h.d.kote,hampapura-hdk,hommaragalli,2730
mysuru,h.d.kote,hampapura-hdk,kanchamalli,3352
mysuru,h.d.kote,hebbalaguppe,hebbala guppe,2531
mysuru,h.d.kote,hebbalaguppe,ittna,213009608
mysuru,h.d.kote,hebbalaguppe,thumbasoge,5762
mysuru,h.d.kote,hegganur colony,hegganuru colony,2561
mysuru,h.d.kote,hegganur colony,sagare,5153
mysuru,h.d.kote,k.belthuru,k belthuru,3100
mysuru,h.d.kote,k.belthuru,manugana halli,4279
mysuru,h.d.kote,katte manuganahalli,hire halli,2615
mysuru,h.d.kote,katte manuganahalli,nagana halli,4643
mysuru,h.d.kote,kyathanahalli,bachegowdanahalli,890
mysuru,h.d.kote,kyathanahalli,chikkereyuru,1614
mysuru,h.d.kote,kyathanahalli,hommaragalli,2730
mysuru,h.d.kote,kyathanahalli,kyathana halli,3978
mysuru,h.d.kote,m c thalalu,hadanooru,2292
mysuru,h.d.kote,m c thalalu,m c thalalu,4034
mysuru,h.d.kote,madapura-hdk,bidara halli,1311
mysuru,h.d.kote,madapura-hdk,hyrige,2909
mysuru,h.d.kote,madapura-hdk,madapura,6678
mysuru,h.d.kote,mseehalli,kothegala,3801
mysuru,h.d.kote,mulluru,kallambalu,3271
mysuru,h.d.kote,mulluru,kothegala,3801
mysuru,h.d.kote,mulluru,mulluru,6327
mysuru,h.d.kote,n.begur,bidara halli,1311
mysuru,h.d.kote,n.begur,n begur,4614
mysuru,h.d.kote,saragur,hanchipura,2399
mysuru,h.d.kote,savve,padukote kaval,4918
mysuru,h.d.kote,savve,savve mala,5279
mysuru,hunsur,bannikuppe,bannikuppe,6354
mysuru,hunsur,beejaganahalli,beejaganahalli,1118
mysuru,hunsur,beejaganahalli,mookanahalli,4469
mysuru,hunsur,beejaganahalli,uddhuru,5861
mysuru,hunsur,beejaganahalli,uddur kaval,5862
mysuru,hunsur,bilikere,bilikere,1347
mysuru,hunsur,bilikere,chikka beechanahalli,1561
mysuru,hunsur,bilikere,manugana halli,213009610
mysuru,hunsur,bolanahalli,bolana halli,1381
mysuru,hunsur,bolanahalli,husenpura,2897
mysuru,hunsur,challahalli,challa halli,1472
mysuru,hunsur,challahalli,gagenahalli,2021
mysuru,hunsur,chikkahunsur,govindana halli,2171
mysuru,hunsur,chikkahunsur,mookanahalli,4469
mysuru,hunsur,chilkunda,chilkunda,1626
mysuru,hunsur,chilkunda,kalla halli,3266
mysuru,hunsur,chilkunda,kothegala,213009406
mysuru,hunsur,doddahejjuru,dodda hejjur,1867
mysuru,hunsur,doddahejjuru,kiranguru,3618
mysuru,hunsur,gavadagere,biligere,6565
mysuru,hunsur,gavadagere,gavadagere,2079
mysuru,hunsur,gavadagere,jabagere,2998
mysuru,hunsur,gurupura,gurupura,6480
mysuru,hunsur,gurupura,ummathuru,5903
mysuru,hunsur,hagaranahalli,maradur,4284
mysuru,hunsur,hagaranahalli,mookanahalli,4469
mysuru,hunsur,halebeedu,halebeedu,6543
mysuru,hunsur,halebeedu,husenpura,2897
mysuru,hunsur,halebeedu,manugana halli,213009610
mysuru,hunsur,hanagodu,hanagodu,2387
mysuru,hunsur,hanagodu,hegganduru,2560
mysuru,hunsur,hanagodu,kiranguru,3618
mysuru,hunsur,hanagodu,neralakuppe,4814
mysuru,hunsur,hirikyathanahalli,biligere,6565
mysuru,hunsur,hirikyathanahalli,harave,6261
mysuru,hunsur,hirikyathanahalli,hirikythana halli,2682
mysuru,hunsur,hundimala,uyigondanahalli,5927
mysuru,hunsur,k.m.vadi,harave,6261
mysuru,hunsur,k.m.vadi,katte malala vadi,3494
mysuru,hunsur,k.m.vadi,mooduru,4467
mysuru,hunsur,k.m.vadi,mookanahalli,4469
mysuru,hunsur,karimuddana halli,dharma pura,1827
mysuru,hunsur,karimuddana halli,kari muddana halli,3447
mysuru,hunsur,karnakuppe,kademanuganahalli,3181
mysuru,hunsur,karnakuppe,karanakuppe,3437
mysuru,hunsur,kothegala,kalla halli,3266
mysuru,hunsur,kothegala,kothegala,213009406
mysuru,hunsur,mulluru,gavadagere,2079
mysuru,hunsur,mulluru,mulluru,6328
mysuru,hunsur,neralakuppe,kademanuganahalli,3181
mysuru,hunsur,neralakuppe,neralakuppe,4814
mysuru,hunsur,rathnapuri colony,aspathre kaval,818
mysuru,hunsur,rathnapuri colony,uddur kaval,5862
mysuru,hunsur,singaramaranahalli,kari muddana halli,3447
mysuru,hunsur,singaramaranahalli,singara marana halli,5426
mysuru,hunsur,thattekere,govindana halli,2171
mysuru,hunsur,thattekere,hegganduru,2560
mysuru,hunsur,thattekere,thattakere,5700
mysuru,krishnarajanagara,arakere koppalu,dornahalli,1951
mysuru,krishnarajanagara,arakere koppalu,lalandevanahalli,4008
mysuru,krishnarajanagara,bherya,munjanahalli,4565
mysuru,krishnarajanagara,byadarahalli,byadarahalli,6589
mysuru,krishnarajanagara,byadarahalli,dornahalli,1951
mysuru,krishnarajanagara,byadarahalli,siddapura,6315
mysuru,krishnarajanagara,hampapura,adaguru,512
mysuru,krishnarajanagara,hampapura,arjunahalli,800
mysuru,krishnarajanagara,hampapura,hampapura,2375
mysuru,krishnarajanagara,hampapura,hampapura,213009609
mysuru,krishnarajanagara,hanasoge,chanamgere,1483
mysuru,krishnarajanagara,hanasoge,hanasoge,2392
mysuru,krishnarajanagara,haradanahalli,haradanahalli,2441
mysuru,krishnarajanagara,haradanahalli,honnenahalli,6471
mysuru,krishnarajanagara,haradanahalli,sheegavalu,5317
mysuru,krishnarajanagara,hebbalu,chandagalu,1484
mysuru,krishnarajanagara,hebbalu,hebbalu,6674
mysuru,krishnarajanagara,hebbalu,siddapura,6315
mysuru,krishnarajanagara,honnenahalli,haradanahalli,2441
mysuru,krishnarajanagara,honnenahalli,honnenahalli,6471
mysuru,krishnarajanagara,hosa agrahara,arjunahalli,800
mysuru,krishnarajanagara,hosa agrahara,hosa agrahara,2773
mysuru,krishnarajanagara,hosakote,hosakote,213009405
mysuru,krishnarajanagara,hosakote,kuppe,3913
mysuru,krishnarajanagara,hosuru,haliyuru,2351
mysuru,krishnarajanagara,hosuru,kuppe,3913
mysuru,krishnarajanagara,kaggere,kaggere,6430
mysuru,krishnarajanagara,kaggere,lalandevanahalli,4008
mysuru,krishnarajanagara,kaggere,tippuru,5778
mysuru,krishnarajanagara,kuppahalli,munjanahalli,4565
mysuru,krishnarajanagara,kuppahalli,tandre,5632
mysuru,krishnarajanagara,mavathuru,kesthuru,6684
mysuru,krishnarajanagara,mavathuru,mavathuru,4381
mysuru,krishnarajanagara,mayigowdanahalli,mayigowdanahalli,4393
mysuru,krishnarajanagara,meluru,ankanahalli,725
mysuru,krishnarajanagara,meluru,meluru,4423
mysuru,krishnarajanagara,mirle,mirle,4448
mysuru,krishnarajanagara,mirle,narachanahalli,4732
mysuru,krishnarajanagara,saligrama,karpuravalli,3465
mysuru,krishnarajanagara,saligrama,lakshmipura,6621
mysuru,krishnarajanagara,saligrama,saligrama,5175
mysuru,krishnarajanagara,tandre,karpuravalli,3465
mysuru,krishnarajanagara,tandre,sheegavalu,5317
mysuru,krishnarajanagara,tandre,tandre,5632
mysuru,mysore rural,alanahalli,alana halli,603
mysuru,mysore rural,alanahalli,chamundi betta,1481
mysuru,mysore rural,alanahalli,varuna,5976
mysuru,mysore rural,beeri hundi,beerihundi,1129
mysuru,mysore rural,bogadi,d m g halli,1704
mysuru,mysore rural,d.salundi,dhanagalli,1820
mysuru,mysore rural,d.salundi,gopalapura,6399
mysuru,mysore rural,devala pura,devalapura,6607
mysuru,mysore rural,devala pura,m b halli,4032
mysuru,mysore rural,hanchya,vaja mangala,5946
mysuru,mysore rural,harohalli,harohalli,2487
mysuru,mysore rural,harohalli,marballi,4304
mysuru,mysore rural,jaya pura,jayapura,6683
mysuru,mysore rural,k.r.mills colony,nagana halli,213009611
mysuru,mysore rural,k.r.mills colony,siddalingapura,5395
mysuru,mysore rural,kadakola,sinduvalli,5420
mysuru,mysore rural,kalluru nagana halli,ananduru,686
mysuru,mysore rural,kalluru nagana halli,gungral chathra,2252
mysuru,mysore rural,keelanapura,keelanapura,3524
mysuru,mysore rural,mellahalli,harohalli,2488
mysuru,mysore rural,mellahalli,vaja mangala,5946
mysuru,mysore rural,mellahalli,varakodu,5972
mysuru,mysore rural,ratnahalli,ananduru,686
mysuru,mysore rural,ratnahalli,gungral chathra,2252
mysuru,mysore rural,udbur,doora,1948
mysuru,mysore rural,udbur,marballi,4304
mysuru,mysore rural,udbur,udburu,5860
mysuru,mysore rural,uthanahalli,somaswarapura,5462
mysuru,mysore rural,varuna,varuna,5976
mysuru,mysore rural,varuna,yadakola,6042
mysuru,mysore rural,yelwala,nagavala,4667
mysuru,mysore rural,yelwala,yelavala,6130
mysuru,nanjanagud,badanavalu,badanavalu,908
mysuru,nanjanagud,badanavalu,devarasana halli,1803
mysuru,nanjanagud,bidaragudu,maraluru,4294
mysuru,nanjanagud,bidaragudu,rampura,6269
mysuru,nanjanagud,biligere,biligere,213009613
mysuru,nanjanagud,dasanur,dasanur,1747
mysuru,nanjanagud,dasanur,konanur,6437
mysuru,nanjanagud,debur,debur,1756
mysuru,nanjanagud,debur,deveerammana halli,1813
mysuru,nanjanagud,devanuru,devanuru,1785
mysuru,nanjanagud,devanuru,mallupura,4200
mysuru,nanjanagud,devarayashettipura,devaraya shetty pura,1804
mysuru,nanjanagud,dodda kavalande,doddakavalande,1904
mysuru,nanjanagud,dodda kavalande,nerale,4815
mysuru,nanjanagud,hadya,hadya,2302
mysuru,nanjanagud,hediyala,hediyala,2552
mysuru,nanjanagud,heggadahalli,heggada halli,2557
mysuru,nanjanagud,heggadahalli,shirmalli,5361
mysuru,nanjanagud,hemmaragala,hedathale,2546
mysuru,nanjanagud,hemmaragala,hemmaragala,2576
mysuru,nanjanagud,hosa kote,hosakote,213009383
mysuru,nanjanagud,hosa kote,thummanerale,5764
mysuru,nanjanagud,hulimavu,hadinaru,2298
mysuru,nanjanagud,hulimavu,hulimavu,2841
mysuru,nanjanagud,hullahalli,dugga halli,1956
mysuru,nanjanagud,hullahalli,haginavalu,2308
mysuru,nanjanagud,hullahalli,hulla halli,2847
mysuru,nanjanagud,hura,hallare,2354
mysuru,nanjanagud,hura,hura,2891
mysuru,nanjanagud,kalale,kalale,3238
mysuru,nanjanagud,kalale,naviluru,4769
mysuru,nanjanagud,kanenuru,haradana halli,2439
mysuru,nanjanagud,kanenuru,kuri hundi,3927
mysuru,nanjanagud,kappasoge,nellithala pura,4804
mysuru,nanjanagud,kasuvina halli,kasuvinahalli,3478
mysuru,nanjanagud,kudlapura,kudlapura,3834
mysuru,nanjanagud,kudlapura,sinduvalli,213009612
mysuru,nanjanagud,nagarle,horalavadi,2769
mysuru,nanjanagud,nagarle,nagarle,4660
mysuru,nanjanagud,sutturu,sutturu,5568
mysuru,nanjanagud,sutturu,thayur,5704
mysuru,nanjanagud,thagadur,karya,3472
mysuru,nanjanagud,thagadur,thagadur,5674
mysuru,nanjanagud,thandava pura,kempi siddana hundi,3539
mysuru,nanjanagud,thandava pura,thandava pura,5690
mysuru,periya patna,attigodu,attigodu,837
mysuru,periya patna,attigodu,haraduru,2445
mysuru,periya patna,attigodu,kitturu,3634
mysuru,periya patna,bailukuppe,bylakuppe,1445
mysuru,periya patna,bailukuppe,koppa,6452
mysuru,periya patna,bailukuppe,navilur,6441
mysuru,periya patna,benagalu,avarthi,853
mysuru,periya patna,benagalu,bylakuppe,1445
mysuru,periya patna,benagalu,channkal kaval,1514
mysuru,periya patna,bettada pura,bettadathunga,1242
mysuru,periya patna,bettada pura,bettdapura,1248
mysuru,periya patna,bettada pura,halagana halli,2315
mysuru,periya patna,bettada pura,haraduru,2445
mysuru,periya patna,bhuvana halli,bhuvana halli,1304
mysuru,periya patna,chapparada halli,chapparada halli,1517
mysuru,periya patna,chapparada halli,haranahalli,6383
mysuru,periya patna,chikkanerale,channkal kaval,1514
mysuru,periya patna,chikkanerale,chikka nerale,1564
mysuru,periya patna,chittenahalli,chittena halli,1666
mysuru,periya patna,dodda belalu,dodda belalu,1860
mysuru,periya patna,dodda belalu,ramanathathunga,5076
mysuru,periya patna,doddakamaravalli,avarthi,853
mysuru,periya patna,doddakamaravalli,channkal kaval,1514
mysuru,periya patna,doddakamaravalli,dodda kamaravalli,1869
mysuru,periya patna,handithavalli,handithavalli,2413
mysuru,periya patna,hitnehebbagilu,bhuvana halli,1304
mysuru,periya patna,hitnehebbagilu,hitne hebbagilu,2691
mysuru,periya patna,hunasa vadi,hunasavadi,2867
mysuru,periya patna,hunasa vadi,punadahalli,5021
mysuru,periya patna,kamplapura,kampalapura,3326
mysuru,periya patna,kamplapura,kirnalli,3622
mysuru,periya patna,kamplapura,ramanathathunga,5076
mysuru,periya patna,kanagalu,halagana halli,2315
mysuru,periya patna,kanagalu,kanagal,3331
mysuru,periya patna,kittur,attigodu,837
mysuru,periya patna,kittur,kitturu,3634
mysuru,periya patna,komalapura,komalapura,3716
mysuru,periya patna,komalapura,punadahalli,5021
mysuru,periya patna,makodu,makodu,4143
mysuru,periya patna,malangi,malangi,4160
mysuru,periya patna,muthuru,chowthi,1688
mysuru,periya patna,muthuru,muthuru,4593
mysuru,periya patna,panchavalli,panchavalli,4948
mysuru,periya patna,periyapatna,ramanathathunga,5076
mysuru,periya patna,ravandur,n shettahalli,4620
mysuru,periya patna,ravandur,ravandur,5107
mysuru,t.n.pura,bannur,beedana halli,1117
mysuru,t.n.pura,bilagerehundi,kiragasuru,3616
mysuru,t.n.pura,c b hundi,hemmige,2577
mysuru,t.n.pura,c b hundi,t doddapura,5574
mysuru,t.n.pura,chidaravalli,chidara halli,1552
mysuru,t.n.pura,chidaravalli,dodda hebbagilu,1866
mysuru,t.n.pura,chidaravalli,kolathuru,3698
mysuru,t.n.pura,halekempayyanahundi,hosakote,6494
mysuru,t.n.pura,halekempayyanahundi,thumbala,5761
mysuru,t.n.pura,hosakukkur 1,b shetta halli,867
mysuru,t.n.pura,hosakukkur 1,holesalu,2720
mysuru,t.n.pura,kethupura,atta halli,830
mysuru,t.n.pura,kethupura,khethupura,3598
mysuru,t.n.pura,kethupura,maliyuru,4179
mysuru,t.n.pura,kodagahalli,b see halli,866
mysuru,t.n.pura,kodagahalli,hanumanalu,2431
mysuru,t.n.pura,kodagahalli,kodaga halli,3638
mysuru,t.n.pura,kodagahalli,thuraganuru,5766
mysuru,t.n.pura,madhapura,karu hatti,3467
mysuru,t.n.pura,madhapura,madapura,213009407
mysuru,t.n.pura,madhapura,t doddapura,5574
mysuru,t.n.pura,maliyur,ankana halli,724
mysuru,t.n.pura,maliyur,hegguru,2569
mysuru,t.n.pura,maliyur,maliyuru,4179
mysuru,t.n.pura,menasi kyathanahalli,ankana halli,724
mysuru,t.n.pura,menasi kyathanahalli,beedana halli,1117
mysuru,t.n.pura,menasi kyathanahalli,thuraganuru,5766
mysuru,t.n.pura,menasi kyathanahalli,yachenahalli,6036
mysuru,t.n.pura,mseehalli,kaliyuru,3260
mysuru,t.n.pura,mseehalli,kothegala,213009614
mysuru,t.n.pura,mseehalli,t doddapura,5574
mysuru,t.n.pura,muguru,kothegala,213009614
mysuru,t.n.pura,muguru,muguru,4531
mysuru,t.n.pura,muguru,vatal,5983
mysuru,t.n.pura,musuvina koppalu,benakana halli,1211
mysuru,t.n.pura,musuvina koppalu,muttala vadi,4596
mysuru,t.n.pura,nergyathanahalli,kolathuru,3698
mysuru,t.n.pura,nergyathanahalli,ukkalagere,5882
mysuru,t.n.pura,rangasamudra,kupya,3917
mysuru,t.n.pura,rangasamudra,rangasamudra,6675
mysuru,t.n.pura,saragur,kothegala,213009614
mysuru,t.n.pura,sosale,somanathapura,6305
mysuru,t.n.pura,sosale,sosale,5492
mysuru,t.n.pura,t. narasipura,karu hatti,3467
mysuru,t.n.pura,talakadu,b shetta halli,867
mysuru,t.n.pura,talakadu,thala kadu,5678
mysuru,t.n.pura,yadadore,benakana halli,1211
mysuru,t.n.pura,yadadore,gargeswari,2072
vijayanagar,hadagali,hadagali gramina,kombali,3718
vijayanagar,hadagali,hadagali gramina,navali,4761
vijayanagar,hadagali,hagaranooru,devagondanahalli,1769
vijayanagar,hadagali,hagaranooru,hagaranoor,2304
vijayanagar,hadagali,hagaranooru,k ayyanahalli,3113
vijayanagar,hadagali,hire hadagali,beerabbi,1122
vijayanagar,hadagali,hire hadagali,herehadagali,2587
vijayanagar,hadagali,hire hadagali,magala,4118
vijayanagar,hadagali,hire mallanakeri,hiremallanakere,2662
vijayanagar,hadagali,hire mallanakeri,holagundhi,2708
vijayanagar,hadagali,hire mallanakeri,kalwiwest,3299
vijayanagar,hadagali,holalu,dasanahalli,1745
vijayanagar,hadagali,holalu,holalu,2711
vijayanagar,hadagali,ittigi,ittigi,2985
vijayanagar,hadagali,ittigi,mahajanadhahalli,4126
vijayanagar,hadagali,ittigi,uthangi,5922
vijayanagar,hadagali,kathe bennur,kaththebennur,3488
vijayanagar,hadagali,kathe bennur,makarabbi,4138
vijayanagar,hadagali,mylara,hyarada,2908
vijayanagar,hadagali,mylara,kuruvaththi,3951
vijayanagar,hadagali,mylara,mylara,4611
vijayanagar,hadagali,nagathi basapura,devagondanahalli,1769
vijayanagar,hadagali,nagathi basapura,manyaramasalawada,4281
vijayanagar,hadagali,nagathi basapura,nagathibasapura,4665
vijayanagar,hadagali,sogi,nandihalli,6406
vijayanagar,hadagali,sogi,sogi,5446
vijayanagar,hadagali,sovena halli,kalwiwest,3299
vijayanagar,hadagali,sovena halli,sovenahalli,6318
vijayanagar,hagaribommanahalli,bachigondana halli,bachigondanahalli,892
vijayanagar,hagaribommanahalli,bachigondana halli,kadalabalu,3160
vijayanagar,hagaribommanahalli,bannikal,bannikallu,1042
vijayanagar,hagaribommanahalli,bannikal,gaddikeri,2014
vijayanagar,hagaribommanahalli,dashamapura,dasamapura,1744
vijayanagar,hagaribommanahalli,dashamapura,madur,4113
vijayanagar,hagaribommanahalli,dashamapura,vallabhapura,6205
vijayanagar,hagaribommanahalli,h.b. halli,byasigadere,1440
vijayanagar,hagaribommanahalli,h.b. halli,kadalabalu,3160
vijayanagar,hagaribommanahalli,h.b. halli,malavi,4167
vijayanagar,hagaribommanahalli,hampapattana,halagapura,2318
vijayanagar,hagaribommanahalli,hampapattana,hampapattana,2374
vijayanagar,hagaribommanahalli,hampapattana,vallabhapura,6205
vijayanagar,hagaribommanahalli,hampasagara,hampasagara,2376
vijayanagar,hagaribommanahalli,hansi,bennekallu,1227
vijayanagar,hagaribommanahalli,hansi,dasamapura,1744
vijayanagar,hagaribommanahalli,hansi,hanasi,2391
vijayanagar,hagaribommanahalli,kogali,alabooru,586
vijayanagar,hagaribommanahalli,kogali,ambali,651
vijayanagar,hagaribommanahalli,kogali,kogali,3672
vijayanagar,hagaribommanahalli,kogali,nelkuderi,4798
vijayanagar,hagaribommanahalli,"kottur, lbs badavane",hyalya,2907
vijayanagar,hagaribommanahalli,marabbihal,hampapattana,2374
vijayanagar,hagaribommanahalli,marabbihal,marabbihal,4282
vijayanagar,hagaribommanahalli,morigeri,malavi,4167
vijayanagar,hagaribommanahalli,morigeri,morigeri,4474
vijayanagar,hagaribommanahalli,morigeri,nelkuderi,4798
vijayanagar,hagaribommanahalli,morigeri,sonna,6581
vijayanagar,hagaribommanahalli,nagaraja kottur,hyalya,2907
vijayanagar,hagaribommanahalli,nandipura,bachigondanahalli,892
vijayanagar,hagaribommanahalli,nandipura,byasigadere,1440
vijayanagar,hagaribommanahalli,rama nagara,vallabhapura,6205
vijayanagar,hagaribommanahalli,thambra halli,bannigola,1040
vijayanagar,hagaribommanahalli,thambra halli,muthkur,4589
vijayanagar,hagaribommanahalli,thambra halli,thambrahalli,5685
vijayanagar,harapanahalli,arasikere,arasikere,780
vijayanagar,harapanahalli,arasikere,hosakote,2792
vijayanagar,harapanahalli,arasikere,thouduru,5755
vijayanagar,harapanahalli,bagali,bagali,6329
vijayanagar,harapanahalli,bagali,koolahalli,3755
vijayanagar,harapanahalli,bagali,nandibevooru,4714
vijayanagar,harapanahalli,bennehalli,adavihalli,521
vijayanagar,harapanahalli,bennehalli,bennehalli,1226
vijayanagar,harapanahalli,chatnihalli,chatnihalli,1523
vijayanagar,harapanahalli,chigateri,chigateri,1554
vijayanagar,harapanahalli,chigateri,maiduru,4128
vijayanagar,harapanahalli,chigateri,nandibevooru,4714
vijayanagar,harapanahalli,chirasthahalli,chirasthahalli,1656
vijayanagar,harapanahalli,chirasthahalli,neelagunda,4779
vijayanagar,harapanahalli,chirasthahalli,nittooru,4873
vijayanagar,harapanahalli,goverahalli,harkanalu,2474
vijayanagar,harapanahalli,goverahalli,thogarikatte,5736
vijayanagar,harapanahalli,gundagaththi,gundagarthi,2239
vijayanagar,harapanahalli,gundagaththi,yadihalli,6050
vijayanagar,harapanahalli,haluvagilu,haluvagalu,2370
vijayanagar,harapanahalli,haluvagilu,kadathi,3174
vijayanagar,harapanahalli,haluvagilu,nittooru,4873
vijayanagar,harapanahalli,harapanahalli-north,adavihalli,521
vijayanagar,harapanahalli,hiremegalagere,hiremegalagere,2666
vijayanagar,harapanahalli,hiremegalagere,lakshmipura,4002
vijayanagar,harapanahalli,kadabagere,kadabagere,3146
vijayanagar,harapanahalli,kadabagere,nichchavvanahalli,4834
vijayanagar,harapanahalli,kammathahalli,punabhaghatta,5019
vijayanagar,harapanahalli,kanchikere,kanchikere,3355
vijayanagar,harapanahalli,kanchikere,thouduru,5755
vijayanagar,harapanahalli,kunchuru,haluvagalu,2370
vijayanagar,harapanahalli,kunchuru,kunchooru,3884
vijayanagar,harapanahalli,madalagere,koolahalli,3755
vijayanagar,harapanahalli,madalagere,madalagere,4063
vijayanagar,harapanahalli,madalagere,thogarikatte,5736
vijayanagar,harapanahalli,madihalli,anajigere,683
vijayanagar,harapanahalli,madihalli,hosakote,2792
vijayanagar,harapanahalli,mathihalli,maththihalli,4365
vijayanagar,harapanahalli,mathihalli,sasvehalli,5256
vijayanagar,harapanahalli,neelagunda,k.kallahalli,3124
vijayanagar,harapanahalli,neelagunda,neelagunda,4779
vijayanagar,harapanahalli,sasvehalli,sasvehalli,5256
vijayanagar,harapanahalli,singrihalli,kanchikere,3355
vijayanagar,harapanahalli,singrihalli,lakshmipura,4002
vijayanagar,harapanahalli,singrihalli,ragimasalavada,5042
vijayanagar,harapanahalli,singrihalli,singrihalli,5430
vijayanagar,harapanahalli,theligi,duggavathi,1959
vijayanagar,harapanahalli,theligi,kadathi,3174
vijayanagar,harapanahalli,theligi,teligi,5661
vijayanagar,harapanahalli,uchchangidurga,chatnihalli,1523
vijayanagar,harapanahalli,uchchangidurga,k.kallahalli,3124
vijayanagar,harapanahalli,uchchangidurga,uchchangidurga,5849
vijayanagar,harapanahalli,urdu-harapanahalli,adavihalli,521
vijayanagar,harapanahalli,urdu-harapanahalli,arasikere,780
vijayanagar,hosapete,"15th ward, hospet",kallahallli,3269
vijayanagar,hosapete,"8th ward, kampli",no.10muddapura,4878
vijayanagar,hosapete,"8th ward, kampli",ramasagara,5079
vijayanagar,hosapete,ananthasayana gudi,nagenahalli,4671
vijayanagar,hosapete,chilakana hatti,chilakanahatti,1624
vijayanagar,hosapete,deva samudra,devasamudhra,1808
vijayanagar,hosapete,deva samudra,hampadevanahalli,2373
vijayanagar,hosapete,g.nagalapura,dananayakanakere,1731
vijayanagar,hosapete,g.nagalapura,nagalapura,4640
vijayanagar,hosapete,hanumanahalli,danapura,1733
vijayanagar,hosapete,kariganur,papinayakanahalli,4954
vijayanagar,hosapete,malapana gudi,hampi,2378
vijayanagar,hosapete,malapana gudi,malapanagudi,4162
vijayanagar,hosapete,mariyammana halli,dananayakanakere,1731
vijayanagar,hosapete,mariyammana halli,nagalapura,4640
vijayanagar,hosapete,metri,devalapura,1774
vijayanagar,hosapete,metri,hampadevanahalli,2373
vijayanagar,hosapete,metri,metri,4435
vijayanagar,hosapete,papinayakana hall,byluvaddigeri,1448
vijayanagar,hosapete,papinayakana hall,gadiganuru,2017
vijayanagar,hosapete,papinayakana hall,papinayakanahalli,4954
vijayanagar,hosapete,"s.n.pet, kampli",sanapura,5193
vijayanagar,hosapete,s.s.kamalapura,seetharamtanda,213009344
vijayanagar,hosapete,suggenahalli,devalapura,1774
vijayanagar,hosapete,suggenahalli,hampadevanahalli,2373
vijayanagar,hosapete,suggenahalli,suggenahalli,5517
vijayanagar,hosapete,t.c.kamalapura,bukkasagara,1417
vijayanagar,hosapete,"vinobha,chithawadgi hpt",hosuru,2807
vijayanagar,kudligi,alur,aluru,634
vijayanagar,kudligi,alur,herekumbalakunte,2589
vijayanagar,kudligi,chandrasekhara pura,belligatti,1194
vijayanagar,kudligi,chandrasekhara pura,ramadurga,6647
vijayanagar,kudligi,chikka jogi halli,gundamunagu,2243
vijayanagar,kudligi,chikka jogi halli,makanadaku,4135
vijayanagar,kudligi,chirathagundu,chirathagundu,1657
vijayanagar,kudligi,chirathagundu,gandabommanahalli,2040
vijayanagar,kudligi,chiribi,badeladaku,913
vijayanagar,kudligi,chiribi,chiribi,1658
vijayanagar,kudligi,chiribi,rampura,5088
vijayanagar,kudligi,chiribi,suladahalli,5522
vijayanagar,kudligi,chowdapura,badeladaku,913
vijayanagar,kudligi,chowdapura,chowdapura,1682
vijayanagar,kudligi,chowdapura,moraba,4471
vijayanagar,kudligi,gajapura,badeladaku,913
vijayanagar,kudligi,gajapura,kandagallu,3361
vijayanagar,kudligi,hosa halli,herekumbalakunte,2589
vijayanagar,kudligi,hosa halli,hosahalli,2784
vijayanagar,kudligi,hudem,hudem,2816
vijayanagar,kudligi,hudem,jummobanahalli,3094
vijayanagar,kudligi,hurlihal,belligatti,1194
vijayanagar,kudligi,hurlihal,gandabommanahalli,2040
vijayanagar,kudligi,hurlihal,hurulihal,2895
vijayanagar,kudligi,jagatagere,kalapura,3243
vijayanagar,kudligi,k.iyana halli,k.ayyenahalli,3114
vijayanagar,kudligi,k.iyana halli,rampura,5088
vijayanagar,kudligi,"kottur, lbs badavane",rampura,5088
vijayanagar,kudligi,"kudligi, for boys",jarmali,3052
vijayanagar,kudligi,"kudligi, for boys",kakkuppi,3226
vijayanagar,kudligi,"kudligi, for boys",moraba,4471
vijayanagar,kudligi,"kudligi, for girls",herehegdal,2588
vijayanagar,kudligi,"kudligi, for girls",sivapura,5443
vijayanagar,kudligi,kulumehatti,hosahalli,2784
vijayanagar,kudligi,kulumehatti,pujarahalli,5016
vijayanagar,kudligi,m.b. iyyana halli,banavikallu,1013
vijayanagar,kudligi,m.b. iyyana halli,harakabavi,2449
vijayanagar,kudligi,m.b. iyyana halli,suladahalli,5522
vijayanagar,kudligi,mahadevapura,appayyanahalli,749
vijayanagar,kudligi,mahadevapura,gudekote,2201
vijayanagar,kudligi,nagaraja kottur,dupadahalli,1965
vijayanagar,kudligi,nagarakatte,nagarakatte,4653
vijayanagar,kudligi,nagarakatte,thulahalli,5757
vijayanagar,kudligi,"ujjini, for girls",nimbalagere,4862
vijayanagar,kudligi,"ujjini, for girls",ujjini,5880
