state,division,revenue_district,district,block,gram_panchayat,n_schools_4_6,n_schools_govt,enrolment_govt
KARNATAKA,Belagavi,Bagalkote,BAGALKOT,BADAMI,ADAGAL,3,3,888.0
KARNATAKA,Belagavi,Bagalkote,BAGALKOT,BADAMI,ALUR-SK,5,5,644.0
KARNATAKA,Belagavi,Bagalkote,BAGALKOT,BADAMI,ANAWAL,5,5,683.0
KARNATAKA,Belagavi,Bagalkote,BAGALKOT,BADAMI,BELUR,4,4,810.0
KARNATAKA,Belagavi,Bagalkote,BAGALKOT,BADAMI,CHOLACHAGUD,11,10,1186.0
KARNATAKA,Belagavi,Bagalkote,BAGALKOT,BADAMI,FAKIRBHUDIHAL,8,8,835.0
KARNATAKA,Belagavi,Bagalkote,BAGALKOT,BADAMI,HALDUR,5,5,741.0
KARNATAKA,Belagavi,Bagalkote,BAGALKOT,BADAMI,HALIGERI,2,2,358.0
KARNATAKA,Belagavi,Bagalkote,BAGALKOT,BADAMI,HALKURKI,8,7,1657.0
KARNATAKA,Belagavi,Bagalkote,BAGALKOT,BADAMI,HANAPUR-SP,4,4,586.0
KARNATAKA,Belagavi,Bagalkote,BAGALKOT,BADAMI,HANGARAGI,4,4,674.0
KARNATAKA,Belagavi,Bagalkote,BAGALKOT,BADAMI,HANSANUR,4,4,525.0
KARNATAKA,Belagavi,Bagalkote,BAGALKOT,BADAMI,HEBBALI,7,6,519.0
KARNATAKA,Belagavi,Bagalkote,BAGALKOT,BADAMI,HOSUR,7,7,859.0
KARNATAKA,Belagavi,Bagalkote,BAGALKOT,BADAMI,HULIGERI,8,7,582.0
KARNATAKA,Belagavi,Bagalkote,BAGALKOT,BADAMI,HULLIKERI,7,7,773.0
KARNATAKA,Belagavi,Bagalkote,BAGALKOT,BADAMI,JALIHAL,5,4,425.0
KARNATAKA,Belagavi,Bagalkote,BAGALKOT,BADAMI,JAMANKATTI,3,3,420.0
KARNATAKA,Belagavi,Bagalkote,BAGALKOT,BADAMI,KAINAKATTI,7,7,703.0
KARNATAKA,Belagavi,Bagalkote,BAGALKOT,BADAMI,KAKNUR,5,5,691.0
KARNATAKA,Belagavi,Bagalkote,BAGALKOT,BADAMI,KATAGERI,7,5,730.0
KARNATAKA,Belagavi,Bagalkote,BAGALKOT,BADAMI,KATARAKI,7,6,435.0
KARNATAKA,Belagavi,Bagalkote,BAGALKOT,BADAMI,KELAVADI,5,5,527.0
KARNATAKA,Belagavi,Bagalkote,BAGALKOT,BADAMI,KENDURU,5,4,530.0
KARNATAKA,Belagavi,Bagalkote,BAGALKOT,BADAMI,KITTALI,4,4,391.0
KARNATAKA,Belagavi,Bagalkote,BAGALKOT,BADAMI,KOTIKAL,7,4,706.0
KARNATAKA,Belagavi,Bagalkote,BAGALKOT,BADAMI,KULAGERI CROSS,12,9,1750.0
KARNATAKA,Belagavi,Bagalkote,BAGALKOT,BADAMI,LAYADGUNDI,5,4,563.0
KARNATAKA,Belagavi,Bagalkote,BAGALKOT,BADAMI,MAMTAGERI,5,5,1232.0
KARNATAKA,Belagavi,Bagalkote,BAGALKOT,BADAMI,MANGALAGUDDA,3,3,456.0
KARNATAKA,Belagavi,Bagalkote,BAGALKOT,BADAMI,MANGALORE,5,5,643.0
KARNATAKA,Belagavi,Bagalkote,BAGALKOT,BADAMI,MUSTIGERI,3,3,1351.0
KARNATAKA,Belagavi,Bagalkote,BAGALKOT,BADAMI,MUTALGERI,6,6,1365.0
KARNATAKA,Belagavi,Bagalkote,BAGALKOT,BADAMI,NAGARAL S.P.,2,2,410.0
KARNATAKA,Belagavi,Bagalkote,BAGALKOT,BADAMI,NANDIKESHWAR,6,5,1099.0
KARNATAKA,Belagavi,Bagalkote,BAGALKOT,BADAMI,NARASAPUR,4,4,617.0
KARNATAKA,Belagavi,Bagalkote,BAGALKOT,BADAMI,NEELGUND,3,2,427.0
KARNATAKA,Belagavi,Bagalkote,BAGALKOT,BADAMI,NEERALKERI,5,5,528.0
KARNATAKA,Belagavi,Bagalkote,BAGALKOT,BADAMI,NEERBHUDIHAL,12,10,1281.0
KARNATAKA,Belagavi,Bagalkote,BAGALKOT,BADAMI,PARVATI,3,3,814.0
KARNATAKA,Belagavi,Bagalkote,BAGALKOT,BADAMI,PATTADKAL,5,5,576.0
KARNATAKA,Belagavi,Bagalkote,BAGALKOT,BADAMI,SULIKERI,8,6,906.0
KARNATAKA,Belagavi,Bagalkote,BAGALKOT,BAGALKOT,BAGAVATI,4,4,480.0
KARNATAKA,Belagavi,Bagalkote,BAGALKOT,BAGALKOT,BEL-KERUR,6,5,519.0
KARNATAKA,Belagavi,Bagalkote,BAGALKOT,BAGALKOT,BENAKATTI,6,6,555.0
KARNATAKA,Belagavi,Bagalkote,BAGALKOT,BAGALKOT,BENNUR,6,5,1199.0
KARNATAKA,Belagavi,Bagalkote,BAGALKOT,BAGALKOT,BEVINAMATTI-S.H,4,4,485.0
KARNATAKA,Belagavi,Bagalkote,BAGALKOT,BAGALKOT,BEVOOR,7,4,663.0
KARNATAKA,Belagavi,Bagalkote,BAGALKOT,BAGALKOT,CHIKKA- SHELLIKERI,5,5,798.0
KARNATAKA,Belagavi,Bagalkote,BAGALKOT,BAGALKOT,CHIKKAMYAGERI,5,5,615.0
KARNATAKA,Belagavi,Bagalkote,BAGALKOT,BAGALKOT,DEVANAL,10,10,443.0
KARNATAKA,Belagavi,Bagalkote,BAGALKOT,BAGALKOT,GADDANKERI,8,4,402.0
KARNATAKA,Belagavi,Bagalkote,BAGALKOT,BAGALKOT,HALLUR,4,3,299.0
KARNATAKA,Belagavi,Bagalkote,BAGALKOT,BAGALKOT,HIRE - GULBAL,6,6,362.0
KARNATAKA,Belagavi,Bagalkote,BAGALKOT,BAGALKOT,HOSUR,8,8,553.0
KARNATAKA,Belagavi,Bagalkote,BAGALKOT,BAGALKOT,KADALIMATTI,6,5,500.0
KARNATAKA,Belagavi,Bagalkote,BAGALKOT,BAGALKOT,KADAMPUR,11,10,1217.0
KARNATAKA,Belagavi,Bagalkote,BAGALKOT,BAGALKOT,KALADAGI,13,10,1581.0
KARNATAKA,Belagavi,Bagalkote,BAGALKOT,BAGALKOT,KHAJIDONI,6,5,450.0
KARNATAKA,Belagavi,Bagalkote,BAGALKOT,BAGALKOT,MUGALOLLI,7,7,612.0
KARNATAKA,Belagavi,Bagalkote,BAGALKOT,BAGALKOT,MURNAL,6,6,579.0
KARNATAKA,Belagavi,Bagalkote,BAGALKOT,BAGALKOT,NAINEGALLI,6,6,588.0
KARNATAKA,Belagavi,Bagalkote,BAGALKOT,BAGALKOT,NEERALKERI,7,5,700.0
KARNATAKA,Belagavi,Bagalkote,BAGALKOT,BAGALKOT,RAMPUR,8,6,589.0
KARNATAKA,Belagavi,Bagalkote,BAGALKOT,BAGALKOT,SEEMIKERI,4,1,229.0
KARNATAKA,Belagavi,Bagalkote,BAGALKOT,BAGALKOT,SHEEGIKERI,5,1,116.0
KARNATAKA,Belagavi,Bagalkote,BAGALKOT,BAGALKOT,SUTAGUNDAR,4,4,555.0
KARNATAKA,Belagavi,Bagalkote,BAGALKOT,BAGALKOT,TIMMAPUR,4,4,398.0
KARNATAKA,Belagavi,Bagalkote,BAGALKOT,BAGALKOT,TULASIGERI,3,2,423.0
KARNATAKA,Belagavi,Bagalkote,BAGALKOT,BAGALKOT,YADAHALLI,9,5,414.0
KARNATAKA,Belagavi,Bagalkote,BAGALKOT,BILAGI,ANAGWADI,8,6,793.0
KARNATAKA,Belagavi,Bagalkote,BAGALKOT,BILAGI,ARAKERI,7,5,524.0
KARNATAKA,Belagavi,Bagalkote,BAGALKOT,BILAGI,BADAGANDI,6,4,696.0
KARNATAKA,Belagavi,Bagalkote,BAGALKOT,BILAGI,BADAGI,7,5,243.0
KARNATAKA,Belagavi,Bagalkote,BAGALKOT,BILAGI,BUDIHAL-SH,10,9,984.0
KARNATAKA,Belagavi,Bagalkote,BAGALKOT,BILAGI,CHIKKALAGUNDI,3,3,370.0
KARNATAKA,Belagavi,Bagalkote,BAGALKOT,BILAGI,GALGALLI,11,5,608.0
KARNATAKA,Belagavi,Bagalkote,BAGALKOT,BILAGI,GIRISAGAR,4,3,422.0
KARNATAKA,Belagavi,Bagalkote,BAGALKOT,BILAGI,HEGGURA,10,9,962.0
KARNATAKA,Belagavi,Bagalkote,BAGALKOT,BILAGI,HERKAL,4,3,495.0
KARNATAKA,Belagavi,Bagalkote,BAGALKOT,BILAGI,HONNIHAL,8,7,732.0
KARNATAKA,Belagavi,Bagalkote,BAGALKOT,BILAGI,INAM - HANCHINAL,4,3,110.0
KARNATAKA,Belagavi,Bagalkote,BAGALKOT,BILAGI,JANAMATTI,4,3,325.0
KARNATAKA,Belagavi,Bagalkote,BAGALKOT,BILAGI,KANDAGAL,4,4,361.0
KARNATAKA,Belagavi,Bagalkote,BAGALKOT,BILAGI,KATARAKI,8,7,758.0
KARNATAKA,Belagavi,Bagalkote,BAGALKOT,BILAGI,KOLLUR,9,8,776.0
KARNATAKA,Belagavi,Bagalkote,BAGALKOT,BILAGI,KORTI,14,10,607.0
KARNATAKA,Belagavi,Bagalkote,BAGALKOT,BILAGI,KUNDARGI,6,5,1615.0
KARNATAKA,Belagavi,Bagalkote,BAGALKOT,BILAGI,NAGARALA,9,5,522.0
KARNATAKA,Belagavi,Bagalkote,BAGALKOT,BILAGI,SIDDAPUR,6,6,657.0
KARNATAKA,Belagavi,Bagalkote,BAGALKOT,BILAGI,SONNA,3,3,473.0
KARNATAKA,Belagavi,Bagalkote,BAGALKOT,BILAGI,SUNAG,6,6,888.0
KARNATAKA,Belagavi,Bagalkote,BAGALKOT,BILAGI,TEGGI,9,9,1331.0
KARNATAKA,Belagavi,Bagalkote,BAGALKOT,BILAGI,YADAHALLI,6,5,497.0
KARNATAKA,Belagavi,Bagalkote,BAGALKOT,HUNAGUND,AMARAWATI,4,3,393.0
KARNATAKA,Belagavi,Bagalkote,BAGALKOT,HUNAGUND,BALKUNDI,3,3,839.0
KARNATAKA,Belagavi,Bagalkote,BAGALKOT,HUNAGUND,BELGAL,7,6,483.0
KARNATAKA,Belagavi,Bagalkote,BAGALKOT,HUNAGUND,BINJAWADGI,8,8,515.0
KARNATAKA,Belagavi,Bagalkote,BAGALKOT,HUNAGUND,BISALADINNI,5,5,561.0
KARNATAKA,Belagavi,Bagalkote,BAGALKOT,HUNAGUND,BUDIHAL S.K.,8,8,370.0
KARNATAKA,Belagavi,Bagalkote,BAGALKOT,HUNAGUND,CHIKKA KODAGALI,6,6,803.0
KARNATAKA,Belagavi,Bagalkote,BAGALKOT,HUNAGUND,CHIKKANAL,8,8,1106.0
KARNATAKA,Belagavi,Bagalkote,BAGALKOT,HUNAGUND,CHITTARGI,3,3,658.0
KARNATAKA,Belagavi,Bagalkote,BAGALKOT,HUNAGUND,DHANNUR,10,8,624.0
KARNATAKA,Belagavi,Bagalkote,BAGALKOT,HUNAGUND,GANJIHAL,3,3,454.0
KARNATAKA,Belagavi,Bagalkote,BAGALKOT,HUNAGUND,GORABAL,6,5,502.0
KARNATAKA,Belagavi,Bagalkote,BAGALKOT,HUNAGUND,GUDUR S.C.,11,7,1288.0
KARNATAKA,Belagavi,Bagalkote,BAGALKOT,HUNAGUND,HAVARAGI,8,7,334.0
KARNATAKA,Belagavi,Bagalkote,BAGALKOT,HUNAGUND,HIRE BADAWADAGI,5,5,317.0
KARNATAKA,Belagavi,Bagalkote,BAGALKOT,HUNAGUND,HIRE-KODAGALLI,5,5,675.0
KARNATAKA,Belagavi,Bagalkote,BAGALKOT,HUNAGUND,HIRE-MAGI,5,5,582.0
KARNATAKA,Belagavi,Bagalkote,BAGALKOT,HUNAGUND,HIRE-OATGERI,8,6,759.0
KARNATAKA,Belagavi,Bagalkote,BAGALKOT,HUNAGUND,HIRE-SHINGANGUTTI,7,7,596.0
KARNATAKA,Belagavi,Bagalkote,BAGALKOT,HUNAGUND,HIREMALAGAVI,5,5,428.0
KARNATAKA,Belagavi,Bagalkote,BAGALKOT,HUNAGUND,HUVINAHALLI,3,3,701.0
KARNATAKA,Belagavi,Bagalkote,BAGALKOT,HUNAGUND,IAHOLE,7,5,423.0
KARNATAKA,Belagavi,Bagalkote,BAGALKOT,HUNAGUND,JAMBALDINNI,12,10,785.0
KARNATAKA,Belagavi,Bagalkote,BAGALKOT,HUNAGUND,KANDAGAL,10,7,1127.0
KARNATAKA,Belagavi,Bagalkote,BAGALKOT,HUNAGUND,KARADI,13,9,824.0
KARNATAKA,Belagavi,Bagalkote,BAGALKOT,HUNAGUND,KELUR,3,3,620.0
KARNATAKA,Belagavi,Bagalkote,BAGALKOT,HUNAGUND,KODAL-SANGAM,13,7,253.0
KARNATAKA,Belagavi,Bagalkote,BAGALKOT,HUNAGUND,MAROL,4,4,443.0
KARNATAKA,Belagavi,Bagalkote,BAGALKOT,HUNAGUND,MUGNOOR,8,7,528.0
KARNATAKA,Belagavi,Bagalkote,BAGALKOT,HUNAGUND,MURADI,3,3,458.0
KARNATAKA,Belagavi,Bagalkote,BAGALKOT,HUNAGUND,NAGUR,2,2,228.0
KARNATAKA,Belagavi,Bagalkote,BAGALKOT,HUNAGUND,NANDWADGI,12,9,753.0
KARNATAKA,Belagavi,Bagalkote,BAGALKOT,HUNAGUND,RAKKASAGI,7,7,639.0
KARNATAKA,Belagavi,Bagalkote,BAGALKOT,HUNAGUND,SULIBAVI,9,6,1310.0
KARNATAKA,Belagavi,Bagalkote,BAGALKOT,HUNAGUND,VADGERI,4,4,858.0
KARNATAKA,Belagavi,Bagalkote,BAGALKOT,JAMAKHANDI,ADIHUDI,7,7,797.0
KARNATAKA,Belagavi,Bagalkote,BAGALKOT,JAMAKHANDI,ALGUR,5,2,416.0
KARNATAKA,Belagavi,Bagalkote,BAGALKOT,JAMAKHANDI,ASANGI,7,6,944.0
KARNATAKA,Belagavi,Bagalkote,BAGALKOT,JAMAKHANDI,BIDARI,12,10,1162.0
KARNATAKA,Belagavi,Bagalkote,BAGALKOT,JAMAKHANDI,CHIKKA-PADSALGI,7,2,351.0
KARNATAKA,Belagavi,Bagalkote,BAGALKOT,JAMAKHANDI,CHIMMAD,14,12,1540.0
KARNATAKA,Belagavi,Bagalkote,BAGALKOT,JAMAKHANDI,GOLABAVI,7,6,864.0
KARNATAKA,Belagavi,Bagalkote,BAGALKOT,JAMAKHANDI,GOTE,9,8,874.0
KARNATAKA,Belagavi,Bagalkote,BAGALKOT,JAMAKHANDI,HALINGALI,7,4,678.0
KARNATAKA,Belagavi,Bagalkote,BAGALKOT,JAMAKHANDI,HANGANDI,12,10,1743.0
KARNATAKA,Belagavi,Bagalkote,BAGALKOT,JAMAKHANDI,HIPPARAGI,12,9,863.0
KARNATAKA,Belagavi,Bagalkote,BAGALKOT,JAMAKHANDI,HIRE-PADSALGI,8,6,717.0
KARNATAKA,Belagavi,Bagalkote,BAGALKOT,JAMAKHANDI,HULYAL,6,4,466.0
KARNATAKA,Belagavi,Bagalkote,BAGALKOT,JAMAKHANDI,HUNNUR,8,5,1165.0
KARNATAKA,Belagavi,Bagalkote,BAGALKOT,JAMAKHANDI,JAGDAL,9,5,696.0
KARNATAKA,Belagavi,Bagalkote,BAGALKOT,JAMAKHANDI,JAMBAGI B.K.,8,7,1131.0
KARNATAKA,Belagavi,Bagalkote,BAGALKOT,JAMAKHANDI,KADAPATTI,1,1,213.0
KARNATAKA,Belagavi,Bagalkote,BAGALKOT,JAMAKHANDI,KANKANWADI,2,2,405.0
KARNATAKA,Belagavi,Bagalkote,BAGALKOT,JAMAKHANDI,KANNOLLI,11,9,1012.0
KARNATAKA,Belagavi,Bagalkote,BAGALKOT,JAMAKHANDI,KHAJIBILAGI,3,2,551.0
KARNATAKA,Belagavi,Bagalkote,BAGALKOT,JAMAKHANDI,KOLAHALLI,11,8,850.0
KARNATAKA,Belagavi,Bagalkote,BAGALKOT,JAMAKHANDI,KONNUR,9,8,1005.0
KARNATAKA,Belagavi,Bagalkote,BAGALKOT,JAMAKHANDI,KUMBAR- HALL,6,4,1036.0
KARNATAKA,Belagavi,Bagalkote,BAGALKOT,JAMAKHANDI,KUNCHANOOR,6,5,715.0
KARNATAKA,Belagavi,Bagalkote,BAGALKOT,JAMAKHANDI,LINAGNOOR,5,4,429.0
KARNATAKA,Belagavi,Bagalkote,BAGALKOT,JAMAKHANDI,MADARKHANDI,10,6,1132.0
KARNATAKA,Belagavi,Bagalkote,BAGALKOT,JAMAKHANDI,MAIGUR,7,5,788.0
KARNATAKA,Belagavi,Bagalkote,BAGALKOT,JAMAKHANDI,MAREGUDDHI,7,4,444.0
KARNATAKA,Belagavi,Bagalkote,BAGALKOT,JAMAKHANDI,MUTTUR,4,3,672.0
KARNATAKA,Belagavi,Bagalkote,BAGALKOT,JAMAKHANDI,NAVALAGI,6,4,1068.0
KARNATAKA,Belagavi,Bagalkote,BAGALKOT,JAMAKHANDI,SASLATTI,9,6,568.0
KARNATAKA,Belagavi,Bagalkote,BAGALKOT,JAMAKHANDI,SAVALAGI,19,14,1599.0
KARNATAKA,Belagavi,Bagalkote,BAGALKOT,JAMAKHANDI,SIDDAPURA,8,3,538.0
KARNATAKA,Belagavi,Bagalkote,BAGALKOT,JAMAKHANDI,SURAPALLI,9,6,639.0
KARNATAKA,Belagavi,Bagalkote,BAGALKOT,JAMAKHANDI,TAMADADDI,1,1,252.0
KARNATAKA,Belagavi,Bagalkote,BAGALKOT,JAMAKHANDI,TODALBAGI,12,9,686.0
KARNATAKA,Belagavi,Bagalkote,BAGALKOT,JAMAKHANDI,TUNGAL,8,8,923.0
KARNATAKA,Belagavi,Bagalkote,BAGALKOT,JAMAKHANDI,YALLATTI,8,4,674.0
KARNATAKA,Belagavi,Bagalkote,BAGALKOT,MUDHOL,BANTNUR,9,8,566.0
KARNATAKA,Belagavi,Bagalkote,BAGALKOT,MUDHOL,BARAGI,8,7,449.0
KARNATAKA,Belagavi,Bagalkote,BAGALKOT,MUDHOL,CHINCHAKHANDI K.D.,6,5,660.0
KARNATAKA,Belagavi,Bagalkote,BAGALKOT,MUDHOL,DADNATTI,5,5,410.0
KARNATAKA,Belagavi,Bagalkote,BAGALKOT,MUDHOL,DHAVALESHWAR,7,6,715.0
KARNATAKA,Belagavi,Bagalkote,BAGALKOT,MUDHOL,GULAGAL-JAMBAGI,5,4,494.0
KARNATAKA,Belagavi,Bagalkote,BAGALKOT,MUDHOL,HALGALI,6,5,1016.0
KARNATAKA,Belagavi,Bagalkote,BAGALKOT,MUDHOL,HEBBAL,6,6,1053.0
KARNATAKA,Belagavi,Bagalkote,BAGALKOT,MUDHOL,INGALAGI,7,3,840.0
KARNATAKA,Belagavi,Bagalkote,BAGALKOT,MUDHOL,KASABA-JAMBAGI,8,6,730.0
KARNATAKA,Belagavi,Bagalkote,BAGALKOT,MUDHOL,KESARKOPPA,8,6,484.0
KARNATAKA,Belagavi,Bagalkote,BAGALKOT,MUDHOL,KULALLI,9,8,1062.0
KARNATAKA,Belagavi,Bagalkote,BAGALKOT,MUDHOL,LAXANATTI,13,11,913.0
KARNATAKA,Belagavi,Bagalkote,BAGALKOT,MUDHOL,MACHAKNUR,10,8,955.0
KARNATAKA,Belagavi,Bagalkote,BAGALKOT,MUDHOL,MADHABAVI,13,11,1209.0
KARNATAKA,Belagavi,Bagalkote,BAGALKOT,MUDHOL,MALALI,5,5,820.0
KARNATAKA,Belagavi,Bagalkote,BAGALKOT,MUDHOL,MANTUR,12,7,1177.0
KARNATAKA,Belagavi,Bagalkote,BAGALKOT,MUDHOL,MELLIGERI,4,3,536.0
KARNATAKA,Belagavi,Bagalkote,BAGALKOT,MUDHOL,METAGUD,8,7,838.0
KARNATAKA,Belagavi,Bagalkote,BAGALKOT,MUDHOL,MUGALKHODA,9,8,869.0
KARNATAKA,Belagavi,Bagalkote,BAGALKOT,MUDHOL,NAGARAL,6,6,1217.0
KARNATAKA,Belagavi,Bagalkote,BAGALKOT,MUDHOL,NANDAGAV,4,4,229.0
KARNATAKA,Belagavi,Bagalkote,BAGALKOT,MUDHOL,SAIDAPUR,8,6,618.0
KARNATAKA,Belagavi,Bagalkote,BAGALKOT,MUDHOL,SHIROL,19,16,1261.0
KARNATAKA,Belagavi,Bagalkote,BAGALKOT,MUDHOL,SORAGAVI,8,6,765.0
KARNATAKA,Belagavi,Bagalkote,BAGALKOT,MUDHOL,UTTUR,7,5,682.0
KARNATAKA,Belagavi,Bagalkote,BAGALKOT,MUDHOL,VAJARMATTI,5,5,302.0
KARNATAKA,Belagavi,Bagalkote,BAGALKOT,MUDHOL,VANTGODI,9,7,511.0
KARNATAKA,Belagavi,Belagavi,BELAGAVI,BAILHONGAL,AMATUR,4,3,622.0
KARNATAKA,Belagavi,Belagavi,BELAGAVI,BAILHONGAL,ANIGOL,1,1,323.0
KARNATAKA,Belagavi,Belagavi,BELAGAVI,BAILHONGAL,BAILWAD,7,3,250.0
KARNATAKA,Belagavi,Belagavi,BELAGAVI,BAILHONGAL,BELAVADI,10,7,1369.0
KARNATAKA,Belagavi,Belagavi,BELAGAVI,BAILHONGAL,BHAVIHAL,4,4,642.0
KARNATAKA,Belagavi,Belagavi,BELAGAVI,BAILHONGAL,BUDARKATTI,3,2,478.0
KARNATAKA,Belagavi,Belagavi,BELAGAVI,BAILHONGAL,CHIKKABAGEWADI,5,4,534.0
KARNATAKA,Belagavi,Belagavi,BELAGAVI,BAILHONGAL,CHIVATGUNDI,2,2,214.0
KARNATAKA,Belagavi,Belagavi,BELAGAVI,BAILHONGAL,DESHANUR,11,10,898.0
KARNATAKA,Belagavi,Belagavi,BELAGAVI,BAILHONGAL,DEVALAPUR,5,3,313.0
KARNATAKA,Belagavi,Belagavi,BELAGAVI,BAILHONGAL,DODAVAD,6,5,830.0
KARNATAKA,Belagavi,Belagavi,BELAGAVI,BAILHONGAL,GOVANKOPPA,3,3,486.0
KARNATAKA,Belagavi,Belagavi,BELAGAVI,BAILHONGAL,H.NAGALAPUR,2,2,421.0
KARNATAKA,Belagavi,Belagavi,BELAGAVI,BAILHONGAL,HANABARATTI,7,7,1333.0
KARNATAKA,Belagavi,Belagavi,BELAGAVI,BAILHONGAL,HANNNIKERI,4,4,420.0
KARNATAKA,Belagavi,Belagavi,BELAGAVI,BAILHONGAL,HOLIHOSUR,5,5,568.0
KARNATAKA,Belagavi,Belagavi,BELAGAVI,BAILHONGAL,KENGANUR,4,4,489.0
KARNATAKA,Belagavi,Belagavi,BELAGAVI,BAILHONGAL,M. NAGALAPUR,4,3,579.0
KARNATAKA,Belagavi,Belagavi,BELAGAVI,BAILHONGAL,MALLAPUR K.N,3,2,217.0
KARNATAKA,Belagavi,Belagavi,BELAGAVI,BAILHONGAL,MARIKATTI,6,6,687.0
KARNATAKA,Belagavi,Belagavi,BELAGAVI,BAILHONGAL,MEKALAMARDI,5,4,468.0
KARNATAKA,Belagavi,Belagavi,BELAGAVI,BAILHONGAL,MURAKIBHAVI,4,3,584.0
KARNATAKA,Belagavi,Belagavi,BELAGAVI,BAILHONGAL,NAGANUR,6,5,326.0
KARNATAKA,Belagavi,Belagavi,BELAGAVI,BAILHONGAL,NEGINHAL,6,5,624.0
KARNATAKA,Belagavi,Belagavi,BELAGAVI,BAILHONGAL,NESARGI,4,4,762.0
KARNATAKA,Belagavi,Belagavi,BELAGAVI,BAILHONGAL,PATTIHAL K.B,6,4,458.0
KARNATAKA,Belagavi,Belagavi,BELAGAVI,BAILHONGAL,SAMPGAON,8,6,747.0
KARNATAKA,Belagavi,Belagavi,BELAGAVI,BAILHONGAL,SANGOLLI,6,5,866.0
KARNATAKA,Belagavi,Belagavi,BELAGAVI,BAILHONGAL,SUTAGATTI,3,3,459.0
KARNATAKA,Belagavi,Belagavi,BELAGAVI,BAILHONGAL,TIGADI,5,4,511.0
KARNATAKA,Belagavi,Belagavi,BELAGAVI,BAILHONGAL,UDAKERI,4,3,630.0
KARNATAKA,Belagavi,Belagavi,BELAGAVI,BAILHONGAL,VAKKUND,7,7,1065.0
KARNATAKA,Belagavi,Belagavi,BELAGAVI,BAILHONGAL,VANNUR,7,5,846.0
KARNATAKA,Belagavi,Belagavi,BELAGAVI,BELGAUM CITY,HINDALGA,1,1,19.0
KARNATAKA,Belagavi,Belagavi,BELAGAVI,BELGAUM RURAL.,AGASAGE,5,5,430.0
KARNATAKA,Belagavi,Belagavi,BELAGAVI,BELGAUM RURAL.,AMBEWADI,6,6,775.0
KARNATAKA,Belagavi,Belagavi,BELAGAVI,BELGAUM RURAL.,ANKALAGI,2,2,416.0
KARNATAKA,Belagavi,Belagavi,BELAGAVI,BELGAUM RURAL.,ARALIKATTI,3,3,308.0
KARNATAKA,Belagavi,Belagavi,BELAGAVI,BELGAUM RURAL.,ASTE,8,7,634.0
KARNATAKA,Belagavi,Belagavi,BELAGAVI,BELGAUM RURAL.,BADAS K H,2,2,519.0
KARNATAKA,Belagavi,Belagavi,BELAGAVI,BELGAUM RURAL.,BALEKUNDIR K H,5,4,325.0
KARNATAKA,Belagavi,Belagavi,BELAGAVI,BELGAUM RURAL.,BALIKUNDIR B K,6,4,480.0
KARNATAKA,Belagavi,Belagavi,BELAGAVI,BELGAUM RURAL.,BAMBARGA,13,12,692.0
KARNATAKA,Belagavi,Belagavi,BELAGAVI,BELGAUM RURAL.,BASTAWADA,6,5,862.0
KARNATAKA,Belagavi,Belagavi,BELAGAVI,BELGAUM RURAL.,BEKKINKERI,3,3,479.0
KARNATAKA,Belagavi,Belagavi,BELAGAVI,BELGAUM RURAL.,BELAWATTI,5,5,449.0
KARNATAKA,Belagavi,Belagavi,BELAGAVI,BELGAUM RURAL.,BELGUNDHI,7,5,632.0
KARNATAKA,Belagavi,Belagavi,BELAGAVI,BELGAUM RURAL.,BENAKANHALLI,2,1,204.0
KARNATAKA,Belagavi,Belagavi,BELAGAVI,BELGAUM RURAL.,BENDUGERI,2,1,230.0
KARNATAKA,Belagavi,Belagavi,BELAGAVI,BELGAUM RURAL.,BIJAGARNI,5,5,463.0
KARNATAKA,Belagavi,Belagavi,BELAGAVI,BELGAUM RURAL.,DESUR,4,4,592.0
KARNATAKA,Belagavi,Belagavi,BELAGAVI,BELGAUM RURAL.,DHAMANE S,10,10,495.0
KARNATAKA,Belagavi,Belagavi,BELAGAVI,BELGAUM RURAL.,HALAGA,5,2,489.0
KARNATAKA,Belagavi,Belagavi,BELAGAVI,BELGAUM RURAL.,HANDIGANUR,7,6,319.0
KARNATAKA,Belagavi,Belagavi,BELAGAVI,BELGAUM RURAL.,HINDALGA,9,6,557.0
KARNATAKA,Belagavi,Belagavi,BELAGAVI,BELGAUM RURAL.,HIRE BAGEWADI,13,7,1098.0
KARNATAKA,Belagavi,Belagavi,BELAGAVI,BELGAUM RURAL.,HONGA,13,10,1046.0
KARNATAKA,Belagavi,Belagavi,BELAGAVI,BELGAUM RURAL.,HOSA VANTAMARI,14,12,1826.0
KARNATAKA,Belagavi,Belagavi,BELAGAVI,BELGAUM RURAL.,HUDALI,7,6,870.0
KARNATAKA,Belagavi,Belagavi,BELAGAVI,BELGAUM RURAL.,K K KOPPA,2,2,207.0
KARNATAKA,Belagavi,Belagavi,BELAGAVI,BELGAUM RURAL.,KADOLI,8,6,826.0
KARNATAKA,Belagavi,Belagavi,BELAGAVI,BELGAUM RURAL.,KAKTI,1,1,154.0
KARNATAKA,Belagavi,Belagavi,BELAGAVI,BELGAUM RURAL.,KALAKHAMBA,3,3,377.0
KARNATAKA,Belagavi,Belagavi,BELAGAVI,BELGAUM RURAL.,KANGRALI B.K,5,4,916.0
KARNATAKA,Belagavi,Belagavi,BELAGAVI,BELGAUM RURAL.,KANGRALI K.H,4,4,900.0
KARNATAKA,Belagavi,Belagavi,BELAGAVI,BELGAUM RURAL.,KARDIGUDDI,1,1,266.0
KARNATAKA,Belagavi,Belagavi,BELAGAVI,BELGAUM RURAL.,KEDHANUR,4,4,534.0
KARNATAKA,Belagavi,Belagavi,BELAGAVI,BELGAUM RURAL.,KINYE,11,10,790.0
KARNATAKA,Belagavi,Belagavi,BELAGAVI,BELGAUM RURAL.,KUDRAMANI,2,2,356.0
KARNATAKA,Belagavi,Belagavi,BELAGAVI,BELGAUM RURAL.,KUKADOLLI,1,1,286.0
KARNATAKA,Belagavi,Belagavi,BELAGAVI,BELGAUM RURAL.,MANDOLI,5,4,713.0
KARNATAKA,Belagavi,Belagavi,BELAGAVI,BELGAUM RURAL.,MARIHAL,3,2,320.0
KARNATAKA,Belagavi,Belagavi,BELAGAVI,BELGAUM RURAL.,MASTMARDI,4,4,616.0
KARNATAKA,Belagavi,Belagavi,BELAGAVI,BELGAUM RURAL.,MODAGA,6,5,914.0
KARNATAKA,Belagavi,Belagavi,BELAGAVI,BELGAUM RURAL.,MUCHHANDI,2,2,663.0
KARNATAKA,Belagavi,Belagavi,BELAGAVI,BELGAUM RURAL.,MUTAGA,4,3,370.0
KARNATAKA,Belagavi,Belagavi,BELAGAVI,BELGAUM RURAL.,MUTHNAL,3,2,212.0
KARNATAKA,Belagavi,Belagavi,BELAGAVI,BELGAUM RURAL.,NANDHIHALLI,3,3,270.0
KARNATAKA,Belagavi,Belagavi,BELAGAVI,BELGAUM RURAL.,NILAJI,8,5,570.0
KARNATAKA,Belagavi,Belagavi,BELAGAVI,BELGAUM RURAL.,RANGADOLHI,6,6,504.0
KARNATAKA,Belagavi,Belagavi,BELAGAVI,BELGAUM RURAL.,SAMBRA,3,3,1733.0
KARNATAKA,Belagavi,Belagavi,BELAGAVI,BELGAUM RURAL.,SANTIBASTWAD,6,5,714.0
KARNATAKA,Belagavi,Belagavi,BELAGAVI,BELGAUM RURAL.,SULAGE Y,4,4,330.0
KARNATAKA,Belagavi,Belagavi,BELAGAVI,BELGAUM RURAL.,SULAGE(U),3,3,609.0
KARNATAKA,Belagavi,Belagavi,BELAGAVI,BELGAUM RURAL.,SULEBHAVI,6,6,1369.0
KARNATAKA,Belagavi,Belagavi,BELAGAVI,BELGAUM RURAL.,TARIHAL,4,4,643.0
KARNATAKA,Belagavi,Belagavi,BELAGAVI,BELGAUM RURAL.,THUMERGUDI,18,16,1519.0
KARNATAKA,Belagavi,Belagavi,BELAGAVI,BELGAUM RURAL.,TURMARI,3,3,329.0
KARNATAKA,Belagavi,Belagavi,BELAGAVI,BELGAUM RURAL.,UCHANGAON,6,5,543.0
KARNATAKA,Belagavi,Belagavi,BELAGAVI,BELGAUM RURAL.,WAGHAWADE,6,6,614.0
KARNATAKA,Belagavi,Belagavi,BELAGAVI,BELGAUM RURAL.,YALLUR,9,7,1009.0
KARNATAKA,Belagavi,Belagavi,BELAGAVI,KHANAPUR,AMATE,6,6,429.0
KARNATAKA,Belagavi,Belagavi,BELAGAVI,KHANAPUR,BAILUR,10,10,716.0
KARNATAKA,Belagavi,Belagavi,BELAGAVI,KHANAPUR,BARAGAON,5,4,279.0
KARNATAKA,Belagavi,Belagavi,BELAGAVI,KHANAPUR,BEEDI,13,10,1052.0
KARNATAKA,Belagavi,Belagavi,BELAGAVI,KHANAPUR,BEKAWAD,5,5,368.0
KARNATAKA,Belagavi,Belagavi,BELAGAVI,KHANAPUR,BHURUNAKI,13,13,856.0
KARNATAKA,Belagavi,Belagavi,BELAGAVI,KHANAPUR,BIJAGARNI,5,5,104.0
KARNATAKA,Belagavi,Belagavi,BELAGAVI,KHANAPUR,CHAPAGAON,5,5,274.0
KARNATAKA,Belagavi,Belagavi,BELAGAVI,KHANAPUR,DEVALATTI,3,3,646.0
KARNATAKA,Belagavi,Belagavi,BELAGAVI,KHANAPUR,GANDIGAWAD,6,5,675.0
KARNATAKA,Belagavi,Belagavi,BELAGAVI,KHANAPUR,GODOLI,5,5,265.0
KARNATAKA,Belagavi,Belagavi,BELAGAVI,KHANAPUR,GOLALLI,4,4,345.0
KARNATAKA,Belagavi,Belagavi,BELAGAVI,KHANAPUR,GOTAGALI,8,8,97.0
KARNATAKA,Belagavi,Belagavi,BELAGAVI,KHANAPUR,GUNJI,10,9,336.0
KARNATAKA,Belagavi,Belagavi,BELAGAVI,KHANAPUR,GURLAGUNJI,2,2,280.0
KARNATAKA,Belagavi,Belagavi,BELAGAVI,KHANAPUR,HALAGA,6,6,141.0
KARNATAKA,Belagavi,Belagavi,BELAGAVI,KHANAPUR,HALAKARNI,7,6,260.0
KARNATAKA,Belagavi,Belagavi,BELAGAVI,KHANAPUR,HALASI,6,6,496.0
KARNATAKA,Belagavi,Belagavi,BELAGAVI,KHANAPUR,HEBBAL,4,4,234.0
KARNATAKA,Belagavi,Belagavi,BELAGAVI,KHANAPUR,HIREHATTIHOLI,4,4,413.0
KARNATAKA,Belagavi,Belagavi,BELAGAVI,KHANAPUR,HIREMUNOLLI,3,3,438.0
KARNATAKA,Belagavi,Belagavi,BELAGAVI,KHANAPUR,IDDALAHONDA,6,6,294.0
KARNATAKA,Belagavi,Belagavi,BELAGAVI,KHANAPUR,ITAGI,8,6,1242.0
KARNATAKA,Belagavi,Belagavi,BELAGAVI,KHANAPUR,JAMBOTI,8,8,735.0
KARNATAKA,Belagavi,Belagavi,BELAGAVI,KHANAPUR,KADATANABAGEWADI,3,3,719.0
KARNATAKA,Belagavi,Belagavi,BELAGAVI,KHANAPUR,KAKKERI,5,3,554.0
KARNATAKA,Belagavi,Belagavi,BELAGAVI,KHANAPUR,KANAKUMBI,4,4,250.0
KARNATAKA,Belagavi,Belagavi,BELAGAVI,KHANAPUR,KAPOLI KG,6,6,107.0
KARNATAKA,Belagavi,Belagavi,BELAGAVI,KHANAPUR,KARMBLA,5,5,272.0
KARNATAKA,Belagavi,Belagavi,BELAGAVI,KHANAPUR,KASABA NANDAGAD,8,8,265.0
KARNATAKA,Belagavi,Belagavi,BELAGAVI,KHANAPUR,KHERAWAD,4,4,365.0
KARNATAKA,Belagavi,Belagavi,BELAGAVI,KHANAPUR,KODACAWAD,7,6,472.0
KARNATAKA,Belagavi,Belagavi,BELAGAVI,KHANAPUR,LINGANAMATH,9,9,320.0
KARNATAKA,Belagavi,Belagavi,BELAGAVI,KHANAPUR,LOKOLI,6,6,433.0
KARNATAKA,Belagavi,Belagavi,BELAGAVI,KHANAPUR,LONDA,5,4,648.0
KARNATAKA,Belagavi,Belagavi,BELAGAVI,KHANAPUR,MANGENKOPP,2,2,289.0
KARNATAKA,Belagavi,Belagavi,BELAGAVI,KHANAPUR,MANTURGA,5,5,248.0
KARNATAKA,Belagavi,Belagavi,BELAGAVI,KHANAPUR,MOHISETT,14,14,218.0
KARNATAKA,Belagavi,Belagavi,BELAGAVI,KHANAPUR,NAGARGALI,10,10,170.0
KARNATAKA,Belagavi,Belagavi,BELAGAVI,KHANAPUR,NAGURDA,7,7,458.0
KARNATAKA,Belagavi,Belagavi,BELAGAVI,KHANAPUR,NANDAGAD,11,9,1070.0
KARNATAKA,Belagavi,Belagavi,BELAGAVI,KHANAPUR,NANJANAKODAL,6,6,136.0
KARNATAKA,Belagavi,Belagavi,BELAGAVI,KHANAPUR,NERASE,10,10,357.0
KARNATAKA,Belagavi,Belagavi,BELAGAVI,KHANAPUR,NILAWADE,12,12,336.0
KARNATAKA,Belagavi,Belagavi,BELAGAVI,KHANAPUR,NITTUR,3,3,393.0
KARNATAKA,Belagavi,Belagavi,BELAGAVI,KHANAPUR,PARAWAD,5,5,183.0
KARNATAKA,Belagavi,Belagavi,BELAGAVI,KHANAPUR,PARISAWAD,6,3,359.0
KARNATAKA,Belagavi,Belagavi,BELAGAVI,KHANAPUR,RAMAGURWADI,9,7,189.0
KARNATAKA,Belagavi,Belagavi,BELAGAVI,KHANAPUR,SHINDOLLI,6,6,200.0
KARNATAKA,Belagavi,Belagavi,BELAGAVI,KHANAPUR,SHIROLI,9,9,357.0
KARNATAKA,Belagavi,Belagavi,BELAGAVI,KHANAPUR,TOPINAKATTI,3,3,284.0
KARNATAKA,Belagavi,Belagavi,BELAGAVI,KITTUR,AMBADGATTI,6,6,1187.0
KARNATAKA,Belagavi,Belagavi,BELAGAVI,KITTUR,AVARADI,4,4,750.0
KARNATAKA,Belagavi,Belagavi,BELAGAVI,KITTUR,BAILUR,3,2,443.0
KARNATAKA,Belagavi,Belagavi,BELAGAVI,KITTUR,D.SHIGIHALLI,3,3,409.0
KARNATAKA,Belagavi,Belagavi,BELAGAVI,KITTUR,DASTIKOPPA,3,3,261.0
KARNATAKA,Belagavi,Belagavi,BELAGAVI,KITTUR,DEGAON,7,6,624.0
KARNATAKA,Belagavi,Belagavi,BELAGAVI,KITTUR,HIRENANDIHALLI,3,3,479.0
KARNATAKA,Belagavi,Belagavi,BELAGAVI,KITTUR,HUNASIKATTI,4,3,490.0
KARNATAKA,Belagavi,Belagavi,BELAGAVI,KITTUR,KADROLLI,5,3,402.0
KARNATAKA,Belagavi,Belagavi,BELAGAVI,KITTUR,KALABHAVI,4,3,550.0
KARNATAKA,Belagavi,Belagavi,BELAGAVI,KITTUR,KHODANPUR,4,3,482.0
KARNATAKA,Belagavi,Belagavi,BELAGAVI,KITTUR,KULAVALLI,8,8,685.0
KARNATAKA,Belagavi,Belagavi,BELAGAVI,KITTUR,NICHANAKI,7,7,845.0
KARNATAKA,Belagavi,Belagavi,BELAGAVI,KITTUR,TIGADOLLI,4,3,315.0
KARNATAKA,Belagavi,Belagavi,BELAGAVI,KITTUR,TURMARI,4,3,272.0
KARNATAKA,Belagavi,Belagavi,BELAGAVI,KITTUR,UGARKHOD,7,7,622.0
KARNATAKA,Belagavi,Belagavi,BELAGAVI,KITTUR,VEERAPURA,2,2,288.0
KARNATAKA,Belagavi,Belagavi,BELAGAVI,RAMDURG,AWARDHI,7,6,660.0
KARNATAKA,Belagavi,Belagavi,BELAGAVI,RAMDURG,BANNUR,3,3,453.0
KARNATAKA,Belagavi,Belagavi,BELAGAVI,RAMDURG,BATAKURKI,8,7,1063.0
KARNATAKA,Belagavi,Belagavi,BELAGAVI,RAMDURG,CHIPALKATTI,3,3,527.0
KARNATAKA,Belagavi,Belagavi,BELAGAVI,RAMDURG,CHUNCHUNUR,7,5,962.0
KARNATAKA,Belagavi,Belagavi,BELAGAVI,RAMDURG,D SALAPUR,5,4,516.0
KARNATAKA,Belagavi,Belagavi,BELAGAVI,RAMDURG,GHATAKANUR,4,4,448.0
KARNATAKA,Belagavi,Belagavi,BELAGAVI,RAMDURG,GODACHI,9,6,475.0
KARNATAKA,Belagavi,Belagavi,BELAGAVI,RAMDURG,GONNAGAR,4,4,457.0
KARNATAKA,Belagavi,Belagavi,BELAGAVI,RAMDURG,HALAGATHI,3,2,465.0
KARNATAKA,Belagavi,Belagavi,BELAGAVI,RAMDURG,HALETORGAL,11,11,1317.0
KARNATAKA,Belagavi,Belagavi,BELAGAVI,RAMDURG,HANAMAPUR,6,6,601.0
KARNATAKA,Belagavi,Belagavi,BELAGAVI,RAMDURG,HANAMASAGAR,5,4,458.0
KARNATAKA,Belagavi,Belagavi,BELAGAVI,RAMDURG,HIREKOP K S,10,7,572.0
KARNATAKA,Belagavi,Belagavi,BELAGAVI,RAMDURG,HOSAKERI,5,5,390.0
KARNATAKA,Belagavi,Belagavi,BELAGAVI,RAMDURG,HOSAKOTI,5,4,469.0
KARNATAKA,Belagavi,Belagavi,BELAGAVI,RAMDURG,HULAKUND,5,3,351.0
KARNATAKA,Belagavi,Belagavi,BELAGAVI,RAMDURG,IDAGAL,4,4,634.0
KARNATAKA,Belagavi,Belagavi,BELAGAVI,RAMDURG,K CHANDARGI,13,9,1168.0
KARNATAKA,Belagavi,Belagavi,BELAGAVI,RAMDURG,K JUNIPETH,7,6,938.0
KARNATAKA,Belagavi,Belagavi,BELAGAVI,RAMDURG,KANDHAPUR,13,8,1193.0
KARNATAKA,Belagavi,Belagavi,BELAGAVI,RAMDURG,KATAKOL,13,11,2076.0
KARNATAKA,Belagavi,Belagavi,BELAGAVI,RAMDURG,KITHUR,4,3,778.0
KARNATAKA,Belagavi,Belagavi,BELAGAVI,RAMDURG,MANIHAL,4,3,425.0
KARNATAKA,Belagavi,Belagavi,BELAGAVI,RAMDURG,MUDHAKAVI,7,6,600.0
KARNATAKA,Belagavi,Belagavi,BELAGAVI,RAMDURG,MUDHINUR,2,2,318.0
KARNATAKA,Belagavi,Belagavi,BELAGAVI,RAMDURG,MULLUR,5,4,603.0
KARNATAKA,Belagavi,Belagavi,BELAGAVI,RAMDURG,NANDHIHAL,6,6,580.0
KARNATAKA,Belagavi,Belagavi,BELAGAVI,RAMDURG,NARASAPUR,9,8,1337.0
KARNATAKA,Belagavi,Belagavi,BELAGAVI,RAMDURG,OBALAPURA,6,5,412.0
KARNATAKA,Belagavi,Belagavi,BELAGAVI,RAMDURG,SANGAL,3,3,529.0
KARNATAKA,Belagavi,Belagavi,BELAGAVI,RAMDURG,SUNNAHAL,9,9,920.0
KARNATAKA,Belagavi,Belagavi,BELAGAVI,RAMDURG,SUREBHAN,9,7,1356.0
KARNATAKA,Belagavi,Belagavi,BELAGAVI,RAMDURG,THONDIKATTI,4,3,471.0
KARNATAKA,Belagavi,Belagavi,BELAGAVI,RAMDURG,THORANGATTI,3,2,299.0
KARNATAKA,Belagavi,Belagavi,BELAGAVI,RAMDURG,TURANUR,3,3,427.0
KARNATAKA,Belagavi,Belagavi,BELAGAVI,RAMDURG,UDHAPUDI,6,5,440.0
KARNATAKA,Belagavi,Belagavi,BELAGAVI,SOUNDATTI,AKKISAGAR,4,4,499.0
KARNATAKA,Belagavi,Belagavi,BELAGAVI,SOUNDATTI,ALADAKATTI K.M,2,2,346.0
KARNATAKA,Belagavi,Belagavi,BELAGAVI,SOUNDATTI,ARATAGAL,5,4,889.0
KARNATAKA,Belagavi,Belagavi,BELAGAVI,SOUNDATTI,ASUNDI,3,2,470.0
KARNATAKA,Belagavi,Belagavi,BELAGAVI,SOUNDATTI,BADLI,2,2,332.0
KARNATAKA,Belagavi,Belagavi,BELAGAVI,SOUNDATTI,BETASUR,3,3,1065.0
KARNATAKA,Belagavi,Belagavi,BELAGAVI,SOUNDATTI,BHANDARAHALLI,7,6,1086.0
KARNATAKA,Belagavi,Belagavi,BELAGAVI,SOUNDATTI,CHACHADI,2,2,558.0
KARNATAKA,Belagavi,Belagavi,BELAGAVI,SOUNDATTI,CHULAKI,5,4,633.0
KARNATAKA,Belagavi,Belagavi,BELAGAVI,SOUNDATTI,GORABAL,4,4,700.0
KARNATAKA,Belagavi,Belagavi,BELAGAVI,SOUNDATTI,GORAVANAKOLLA,7,5,415.0
KARNATAKA,Belagavi,Belagavi,BELAGAVI,SOUNDATTI,HANCHINAL,4,4,710.0
KARNATAKA,Belagavi,Belagavi,BELAGAVI,SOUNDATTI,HAROGOPPA,2,2,313.0
KARNATAKA,Belagavi,Belagavi,BELAGAVI,SOUNDATTI,HIREBUDNUR,3,3,759.0
KARNATAKA,Belagavi,Belagavi,BELAGAVI,SOUNDATTI,HIREKUMBI,5,4,700.0
KARNATAKA,Belagavi,Belagavi,BELAGAVI,SOUNDATTI,HOOLI,5,3,661.0
KARNATAKA,Belagavi,Belagavi,BELAGAVI,SOUNDATTI,HOOLIKATTI,5,3,485.0
KARNATAKA,Belagavi,Belagavi,BELAGAVI,SOUNDATTI,HOSUR,6,5,770.0
KARNATAKA,Belagavi,Belagavi,BELAGAVI,SOUNDATTI,INAMAHONGAL,7,5,568.0
KARNATAKA,Belagavi,Belagavi,BELAGAVI,SOUNDATTI,INCHAL,7,7,899.0
KARNATAKA,Belagavi,Belagavi,BELAGAVI,SOUNDATTI,KADABI,5,5,699.0
KARNATAKA,Belagavi,Belagavi,BELAGAVI,SOUNDATTI,KAGADAL,4,4,597.0
KARNATAKA,Belagavi,Belagavi,BELAGAVI,SOUNDATTI,KARIKATTI,2,2,427.0
KARNATAKA,Belagavi,Belagavi,BELAGAVI,SOUNDATTI,KOTUR - SHIVAPUR,7,7,1338.0
KARNATAKA,Belagavi,Belagavi,BELAGAVI,SOUNDATTI,MABANUR,4,3,560.0
KARNATAKA,Belagavi,Belagavi,BELAGAVI,SOUNDATTI,MADAMAGERI,8,8,1215.0
KARNATAKA,Belagavi,Belagavi,BELAGAVI,SOUNDATTI,MADLUR,5,4,1037.0
KARNATAKA,Belagavi,Belagavi,BELAGAVI,SOUNDATTI,MALLUR,5,5,677.0
KARNATAKA,Belagavi,Belagavi,BELAGAVI,SOUNDATTI,MARAKUMBI,5,3,443.0
KARNATAKA,Belagavi,Belagavi,BELAGAVI,SOUNDATTI,MUGALIHAL,7,6,826.0
KARNATAKA,Belagavi,Belagavi,BELAGAVI,SOUNDATTI,MURGOD,12,9,1138.0
KARNATAKA,Belagavi,Belagavi,BELAGAVI,SOUNDATTI,RUDRAPUR,4,4,245.0
KARNATAKA,Belagavi,Belagavi,BELAGAVI,SOUNDATTI,SANGRESHKOP,5,4,399.0
KARNATAKA,Belagavi,Belagavi,BELAGAVI,SOUNDATTI,SATTIGERI,11,8,1134.0
KARNATAKA,Belagavi,Belagavi,BELAGAVI,SOUNDATTI,SHINDOGI,6,5,490.0
KARNATAKA,Belagavi,Belagavi,BELAGAVI,SOUNDATTI,SIRASANGI,6,4,924.0
KARNATAKA,Belagavi,Belagavi,BELAGAVI,SOUNDATTI,SOPPADLA,3,3,396.0
KARNATAKA,Belagavi,Belagavi,BELAGAVI,SOUNDATTI,SUTAGATTI,3,3,539.0
KARNATAKA,Belagavi,Belagavi,BELAGAVI,SOUNDATTI,TADASALUR,6,5,606.0
KARNATAKA,Belagavi,Belagavi,BELAGAVI,SOUNDATTI,TALLUR,6,5,748.0
KARNATAKA,Belagavi,Belagavi,BELAGAVI,SOUNDATTI,TEGGIHAL,6,6,730.0
KARNATAKA,Belagavi,Belagavi,BELAGAVI,SOUNDATTI,UGARAGOL,9,8,1216.0
KARNATAKA,Belagavi,Belagavi,BELAGAVI,SOUNDATTI,YAKKUNDI,7,7,1081.0
KARNATAKA,Belagavi,Belagavi,BELAGAVI,SOUNDATTI,YARAZARVI,7,6,1145.0
KARNATAKA,Belagavi,Belagavi,BELAGAVI CHIKKODI,ATHANI,ADAHALLI,9,8,928.0
KARNATAKA,Belagavi,Belagavi,BELAGAVI CHIKKODI,ATHANI,AIGALI,18,13,865.0
KARNATAKA,Belagavi,Belagavi,BELAGAVI CHIKKODI,ATHANI,ANANTHPUR,13,11,781.0
KARNATAKA,Belagavi,Belagavi,BELAGAVI CHIKKODI,ATHANI,ARALIHATTI,7,7,429.0
KARNATAKA,Belagavi,Belagavi,BELAGAVI CHIKKODI,ATHANI,ARATAL,11,10,1125.0
KARNATAKA,Belagavi,Belagavi,BELAGAVI CHIKKODI,ATHANI,ATHANI (GRAMEEN),39,31,2646.0
KARNATAKA,Belagavi,Belagavi,BELAGAVI CHIKKODI,ATHANI,BADACHI,8,7,699.0
KARNATAKA,Belagavi,Belagavi,BELAGAVI CHIKKODI,ATHANI,BALLIGERI,10,9,561.0
KARNATAKA,Belagavi,Belagavi,BELAGAVI CHIKKODI,ATHANI,CHAMKERI,7,6,601.0
KARNATAKA,Belagavi,Belagavi,BELAGAVI CHIKKODI,ATHANI,DARUR,3,2,575.0
KARNATAKA,Belagavi,Belagavi,BELAGAVI CHIKKODI,ATHANI,GUNDEWADI,10,9,1137.0
KARNATAKA,Belagavi,Belagavi,BELAGAVI CHIKKODI,ATHANI,HALYAL,6,4,479.0
KARNATAKA,Belagavi,Belagavi,BELAGAVI CHIKKODI,ATHANI,HULAGABALI,6,6,679.0
KARNATAKA,Belagavi,Belagavi,BELAGAVI CHIKKODI,ATHANI,JAKKARATTI,9,9,291.0
KARNATAKA,Belagavi,Belagavi,BELAGAVI CHIKKODI,ATHANI,JAMBAGI,10,9,1242.0
KARNATAKA,Belagavi,Belagavi,BELAGAVI CHIKKODI,ATHANI,JUNJARWADI,5,4,256.0
KARNATAKA,Belagavi,Belagavi,BELAGAVI CHIKKODI,ATHANI,KAKAMARI,6,3,256.0
KARNATAKA,Belagavi,Belagavi,BELAGAVI CHIKKODI,ATHANI,KANNALA,5,5,820.0
KARNATAKA,Belagavi,Belagavi,BELAGAVI CHIKKODI,ATHANI,KATAGERI,8,7,901.0
KARNATAKA,Belagavi,Belagavi,BELAGAVI CHIKKODI,ATHANI,KHELEGAON,7,6,568.0
KARNATAKA,Belagavi,Belagavi,BELAGAVI CHIKKODI,ATHANI,KOHALLI,9,7,503.0
KARNATAKA,Belagavi,Belagavi,BELAGAVI CHIKKODI,ATHANI,KOKATANUR,16,13,881.0
KARNATAKA,Belagavi,Belagavi,BELAGAVI CHIKKODI,ATHANI,KOTTALAGI,9,6,510.0
KARNATAKA,Belagavi,Belagavi,BELAGAVI CHIKKODI,ATHANI,MADHABHAVI,17,13,1686.0
KARNATAKA,Belagavi,Belagavi,BELAGAVI CHIKKODI,ATHANI,MAHESHWADI,8,4,504.0
KARNATAKA,Belagavi,Belagavi,BELAGAVI CHIKKODI,ATHANI,MALABAD,10,9,591.0
KARNATAKA,Belagavi,Belagavi,BELAGAVI CHIKKODI,ATHANI,MURAGUNDI,9,7,874.0
KARNATAKA,Belagavi,Belagavi,BELAGAVI CHIKKODI,ATHANI,NADI INGALAGAON,5,5,625.0
KARNATAKA,Belagavi,Belagavi,BELAGAVI CHIKKODI,ATHANI,NAGANUR P K,7,5,612.0
KARNATAKA,Belagavi,Belagavi,BELAGAVI CHIKKODI,ATHANI,NANDAGAON,9,6,932.0
KARNATAKA,Belagavi,Belagavi,BELAGAVI CHIKKODI,ATHANI,NANDESHWAR,5,2,286.0
KARNATAKA,Belagavi,Belagavi,BELAGAVI CHIKKODI,ATHANI,PARTHANAHALLI,9,8,780.0
KARNATAKA,Belagavi,Belagavi,BELAGAVI CHIKKODI,ATHANI,RADDERAHATTI,4,3,762.0
KARNATAKA,Belagavi,Belagavi,BELAGAVI CHIKKODI,ATHANI,SAMBARAGI,10,9,812.0
KARNATAKA,Belagavi,Belagavi,BELAGAVI CHIKKODI,ATHANI,SAPTASAGAR,7,6,637.0
KARNATAKA,Belagavi,Belagavi,BELAGAVI CHIKKODI,ATHANI,SATTI,9,8,905.0
KARNATAKA,Belagavi,Belagavi,BELAGAVI CHIKKODI,ATHANI,SAVADI,9,8,347.0
KARNATAKA,Belagavi,Belagavi,BELAGAVI CHIKKODI,ATHANI,SHANKARATTI,2,2,310.0
KARNATAKA,Belagavi,Belagavi,BELAGAVI CHIKKODI,ATHANI,SHEGUNASHI,4,4,579.0
KARNATAKA,Belagavi,Belagavi,BELAGAVI CHIKKODI,ATHANI,SHIRAHATTI,9,9,900.0
KARNATAKA,Belagavi,Belagavi,BELAGAVI CHIKKODI,ATHANI,SHIRUR,5,5,247.0
KARNATAKA,Belagavi,Belagavi,BELAGAVI CHIKKODI,ATHANI,SIDDEWADI,7,7,551.0
KARNATAKA,Belagavi,Belagavi,BELAGAVI CHIKKODI,ATHANI,SUTTATTI,6,4,322.0
KARNATAKA,Belagavi,Belagavi,BELAGAVI CHIKKODI,ATHANI,TELSANG,15,12,1134.0
KARNATAKA,Belagavi,Belagavi,BELAGAVI CHIKKODI,ATHANI,YELI HADAGALI,10,8,1218.0
KARNATAKA,Belagavi,Belagavi,BELAGAVI CHIKKODI,CHIKODI,ANKALI,13,9,1329.0
KARNATAKA,Belagavi,Belagavi,BELAGAVI CHIKKODI,CHIKODI,BAMBALAWAD,7,7,690.0
KARNATAKA,Belagavi,Belagavi,BELAGAVI CHIKKODI,CHIKODI,BELAKUD,4,4,504.0
KARNATAKA,Belagavi,Belagavi,BELAGAVI CHIKKODI,CHIKODI,CHANDUR,5,4,169.0
KARNATAKA,Belagavi,Belagavi,BELAGAVI CHIKKODI,CHIKODI,CHIKKALAWAL,6,6,380.0
KARNATAKA,Belagavi,Belagavi,BELAGAVI CHIKKODI,CHIKODI,CHINCHANI,7,4,538.0
KARNATAKA,Belagavi,Belagavi,BELAGAVI CHIKKODI,CHIKODI,HATTARAWAT,4,4,450.0
KARNATAKA,Belagavi,Belagavi,BELAGAVI CHIKKODI,CHIKODI,HIREKODI,13,11,1264.0
KARNATAKA,Belagavi,Belagavi,BELAGAVI CHIKKODI,CHIKODI,INGALI,8,6,359.0
KARNATAKA,Belagavi,Belagavi,BELAGAVI CHIKKODI,CHIKODI,JAGNUR,11,9,1404.0
KARNATAKA,Belagavi,Belagavi,BELAGAVI CHIKKODI,CHIKODI,JAINAPUR,4,4,898.0
KARNATAKA,Belagavi,Belagavi,BELAGAVI CHIKKODI,CHIKODI,JANWAD,3,2,209.0
KARNATAKA,Belagavi,Belagavi,BELAGAVI CHIKKODI,CHIKODI,JODAKURALI,7,6,1339.0
KARNATAKA,Belagavi,Belagavi,BELAGAVI CHIKKODI,CHIKODI,KADAPUR,4,4,557.0
KARNATAKA,Belagavi,Belagavi,BELAGAVI CHIKKODI,CHIKODI,KALLOL,4,4,469.0
KARNATAKA,Belagavi,Belagavi,BELAGAVI CHIKKODI,CHIKODI,KARAGAON,7,7,670.0
KARNATAKA,Belagavi,Belagavi,BELAGAVI CHIKKODI,CHIKODI,KAROSHI,7,6,576.0
KARNATAKA,Belagavi,Belagavi,BELAGAVI CHIKKODI,CHIKODI,KERUR,14,12,1948.0
KARNATAKA,Belagavi,Belagavi,BELAGAVI CHIKKODI,CHIKODI,KHADAKLAT,17,15,1875.0
KARNATAKA,Belagavi,Belagavi,BELAGAVI CHIKKODI,CHIKODI,KOTHALI,6,5,782.0
KARNATAKA,Belagavi,Belagavi,BELAGAVI CHIKKODI,CHIKODI,MALIKAWAD,3,2,124.0
KARNATAKA,Belagavi,Belagavi,BELAGAVI CHIKKODI,CHIKODI,MANJARI,9,6,621.0
KARNATAKA,Belagavi,Belagavi,BELAGAVI CHIKKODI,CHIKODI,MUGALI,6,6,648.0
KARNATAKA,Belagavi,Belagavi,BELAGAVI CHIKKODI,CHIKODI,NAGARAL,2,2,411.0
KARNATAKA,Belagavi,Belagavi,BELAGAVI CHIKKODI,CHIKODI,NAGARMUNOLI,9,8,1131.0
KARNATAKA,Belagavi,Belagavi,BELAGAVI CHIKKODI,CHIKODI,NAINGLAJ,6,6,843.0
KARNATAKA,Belagavi,Belagavi,BELAGAVI CHIKKODI,CHIKODI,NANADI,10,7,451.0
KARNATAKA,Belagavi,Belagavi,BELAGAVI CHIKKODI,CHIKODI,NAVALIHAL,6,4,450.0
KARNATAKA,Belagavi,Belagavi,BELAGAVI CHIKKODI,CHIKODI,NEJ,8,8,418.0
KARNATAKA,Belagavi,Belagavi,BELAGAVI CHIKKODI,CHIKODI,PATTANKUDI,11,9,914.0
KARNATAKA,Belagavi,Belagavi,BELAGAVI CHIKKODI,CHIKODI,SHAMANEWADI,4,2,339.0
KARNATAKA,Belagavi,Belagavi,BELAGAVI CHIKKODI,CHIKODI,SHIRAGOAN,7,7,1001.0
KARNATAKA,Belagavi,Belagavi,BELAGAVI CHIKKODI,CHIKODI,UMARANI,7,7,884.0
KARNATAKA,Belagavi,Belagavi,BELAGAVI CHIKKODI,CHIKODI,VADRAL,5,4,1007.0
KARNATAKA,Belagavi,Belagavi,BELAGAVI CHIKKODI,CHIKODI,WALAKI,2,2,433.0
KARNATAKA,Belagavi,Belagavi,BELAGAVI CHIKKODI,CHIKODI,YADOOR,5,5,210.0
KARNATAKA,Belagavi,Belagavi,BELAGAVI CHIKKODI,GOKAK,BENACHINAMARADI,1,0,
KARNATAKA,Belagavi,Belagavi,BELAGAVI CHIKKODI,GOKAK,BENACHINAMARDI,7,7,2068.0
KARNATAKA,Belagavi,Belagavi,BELAGAVI CHIKKODI,GOKAK,GUJANAL,6,6,480.0
KARNATAKA,Belagavi,Belagavi,BELAGAVI CHIKKODI,GOKAK,HIRENANDI,11,9,1484.0
KARNATAKA,Belagavi,Belagavi,BELAGAVI CHIKKODI,GOKAK,KHANAGAON,12,9,1948.0
KARNATAKA,Belagavi,Belagavi,BELAGAVI CHIKKODI,GOKAK,KOLAVI,9,8,1084.0
KARNATAKA,Belagavi,Belagavi,BELAGAVI CHIKKODI,GOKAK,KONNUR (RURAL),7,6,771.0
KARNATAKA,Belagavi,Belagavi,BELAGAVI CHIKKODI,GOKAK,KUNDARAGI,7,6,916.0
KARNATAKA,Belagavi,Belagavi,BELAGAVI CHIKKODI,GOKAK,LOLASUR,7,6,368.0
KARNATAKA,Belagavi,Belagavi,BELAGAVI CHIKKODI,GOKAK,MADAVAL,6,6,1046.0
KARNATAKA,Belagavi,Belagavi,BELAGAVI CHIKKODI,GOKAK,MAKKALAGERI,7,6,938.0
KARNATAKA,Belagavi,Belagavi,BELAGAVI CHIKKODI,GOKAK,MALADINNI,11,8,1728.0
KARNATAKA,Belagavi,Belagavi,BELAGAVI CHIKKODI,GOKAK,MAMADAPUR,14,13,2185.0
KARNATAKA,Belagavi,Belagavi,BELAGAVI CHIKKODI,GOKAK,MIDAKANATTI,3,3,448.0
KARNATAKA,Belagavi,Belagavi,BELAGAVI CHIKKODI,GOKAK,NANDAGAON,5,5,718.0
KARNATAKA,Belagavi,Belagavi,BELAGAVI CHIKKODI,GOKAK,SHILTIBHAVI,4,4,656.0
KARNATAKA,Belagavi,Belagavi,BELAGAVI CHIKKODI,GOKAK,SULADHALA,5,4,476.0
KARNATAKA,Belagavi,Belagavi,BELAGAVI CHIKKODI,GOKAK,SUNADHOLI,1,1,92.0
KARNATAKA,Belagavi,Belagavi,BELAGAVI CHIKKODI,GOKAK,TAWAGA,10,9,1657.0
KARNATAKA,Belagavi,Belagavi,BELAGAVI CHIKKODI,HUKKERI,AMMANGI,6,5,621.0
KARNATAKA,Belagavi,Belagavi,BELAGAVI CHIKKODI,HUKKERI,ANKALI,3,2,169.0
KARNATAKA,Belagavi,Belagavi,BELAGAVI CHIKKODI,HUKKERI,B ALUR,3,3,242.0
KARNATAKA,Belagavi,Belagavi,BELAGAVI CHIKKODI,HUKKERI,B BAGEWADI,16,14,1943.0
KARNATAKA,Belagavi,Belagavi,BELAGAVI CHIKKODI,HUKKERI,BAD,5,4,615.0
KARNATAKA,Belagavi,Belagavi,BELAGAVI CHIKKODI,HUKKERI,BADAKUNDHRI,5,5,1056.0
KARNATAKA,Belagavi,Belagavi,BELAGAVI CHIKKODI,HUKKERI,BASAPUR,11,10,1242.0
KARNATAKA,Belagavi,Belagavi,BELAGAVI CHIKKODI,HUKKERI,BASTWAD,2,2,249.0
KARNATAKA,Belagavi,Belagavi,BELAGAVI CHIKKODI,HUKKERI,BELAVI,8,6,464.0
KARNATAKA,Belagavi,Belagavi,BELAGAVI CHIKKODI,HUKKERI,BENAWAD,3,3,342.0
KARNATAKA,Belagavi,Belagavi,BELAGAVI CHIKKODI,HUKKERI,BORGAL,3,3,281.0
KARNATAKA,Belagavi,Belagavi,BELAGAVI CHIKKODI,HUKKERI,DADDI,4,4,390.0
KARNATAKA,Belagavi,Belagavi,BELAGAVI CHIKKODI,HUKKERI,GOTAGERI,6,4,422.0
KARNATAKA,Belagavi,Belagavi,BELAGAVI CHIKKODI,HUKKERI,GOTUR,3,2,302.0
KARNATAKA,Belagavi,Belagavi,BELAGAVI CHIKKODI,HUKKERI,GUDAS,3,3,660.0
KARNATAKA,Belagavi,Belagavi,BELAGAVI CHIKKODI,HUKKERI,HANCHINAL,4,3,436.0
KARNATAKA,Belagavi,Belagavi,BELAGAVI CHIKKODI,HUKKERI,HARAGAPUR,5,5,562.0
KARNATAKA,Belagavi,Belagavi,BELAGAVI CHIKKODI,HUKKERI,HEBBAL,5,5,611.0
KARNATAKA,Belagavi,Belagavi,BELAGAVI CHIKKODI,HUKKERI,HITTANI,3,3,276.0
KARNATAKA,Belagavi,Belagavi,BELAGAVI CHIKKODI,HUKKERI,HOSPET,10,8,1120.0
KARNATAKA,Belagavi,Belagavi,BELAGAVI CHIKKODI,HUKKERI,HOSUR,12,11,1072.0
KARNATAKA,Belagavi,Belagavi,BELAGAVI CHIKKODI,HUKKERI,HULLOLI,3,2,453.0
KARNATAKA,Belagavi,Belagavi,BELAGAVI CHIKKODI,HUKKERI,ISLAMPUR,8,8,1371.0
KARNATAKA,Belagavi,Belagavi,BELAGAVI CHIKKODI,HUKKERI,KAMATNUR,3,2,413.0
KARNATAKA,Belagavi,Belagavi,BELAGAVI CHIKKODI,HUKKERI,KANAGALA,3,2,284.0
KARNATAKA,Belagavi,Belagavi,BELAGAVI CHIKKODI,HUKKERI,KARAGUPPI,3,3,848.0
KARNATAKA,Belagavi,Belagavi,BELAGAVI CHIKKODI,HUKKERI,KESTHI,4,4,347.0
KARNATAKA,Belagavi,Belagavi,BELAGAVI CHIKKODI,HUKKERI,KOCHERI,4,3,495.0
KARNATAKA,Belagavi,Belagavi,BELAGAVI CHIKKODI,HUKKERI,KONANKERI,3,3,448.0
KARNATAKA,Belagavi,Belagavi,BELAGAVI CHIKKODI,HUKKERI,KOT,5,5,177.0
KARNATAKA,Belagavi,Belagavi,BELAGAVI CHIKKODI,HUKKERI,KOTABAGI,4,3,573.0
KARNATAKA,Belagavi,Belagavi,BELAGAVI CHIKKODI,HUKKERI,KURANI,6,4,498.0
KARNATAKA,Belagavi,Belagavi,BELAGAVI CHIKKODI,HUKKERI,MADHIHALLI,4,3,661.0
KARNATAKA,Belagavi,Belagavi,BELAGAVI CHIKKODI,HUKKERI,MANAGUTHI,8,8,1421.0
KARNATAKA,Belagavi,Belagavi,BELAGAVI CHIKKODI,HUKKERI,MATHIWADE,4,3,206.0
KARNATAKA,Belagavi,Belagavi,BELAGAVI CHIKKODI,HUKKERI,MAVANUR,4,4,680.0
KARNATAKA,Belagavi,Belagavi,BELAGAVI CHIKKODI,HUKKERI,NAGANUR K D,6,6,794.0
KARNATAKA,Belagavi,Belagavi,BELAGAVI CHIKKODI,HUKKERI,NEDASOSI,8,7,1333.0
KARNATAKA,Belagavi,Belagavi,BELAGAVI CHIKKODI,HUKKERI,NERALI,9,6,342.0
KARNATAKA,Belagavi,Belagavi,BELAGAVI CHIKKODI,HUKKERI,PACHAPUR,6,6,885.0
KARNATAKA,Belagavi,Belagavi,BELAGAVI CHIKKODI,HUKKERI,RUSTAMPUR,7,6,542.0
KARNATAKA,Belagavi,Belagavi,BELAGAVI CHIKKODI,HUKKERI,SALAMWADI,4,4,241.0
KARNATAKA,Belagavi,Belagavi,BELAGAVI CHIKKODI,HUKKERI,SARAPUR,6,6,652.0
KARNATAKA,Belagavi,Belagavi,BELAGAVI CHIKKODI,HUKKERI,SHABANDAR,10,10,1630.0
KARNATAKA,Belagavi,Belagavi,BELAGAVI CHIKKODI,HUKKERI,SHIRADAANA,4,3,297.0
KARNATAKA,Belagavi,Belagavi,BELAGAVI CHIKKODI,HUKKERI,SOLAPUR,4,4,620.0
KARNATAKA,Belagavi,Belagavi,BELAGAVI CHIKKODI,HUKKERI,SULTHANAPUT,6,6,843.0
KARNATAKA,Belagavi,Belagavi,BELAGAVI CHIKKODI,HUKKERI,THANA HATERGI,6,5,377.0
KARNATAKA,Belagavi,Belagavi,BELAGAVI CHIKKODI,HUKKERI,U KHANAPUR,5,4,560.0
KARNATAKA,Belagavi,Belagavi,BELAGAVI CHIKKODI,HUKKERI,YADAGUD,3,3,364.0
KARNATAKA,Belagavi,Belagavi,BELAGAVI CHIKKODI,HUKKERI,YAMAKANMARDI,11,8,1652.0
KARNATAKA,Belagavi,Belagavi,BELAGAVI CHIKKODI,HUKKERI,YELIMUNALLI,9,8,633.0
KARNATAKA,Belagavi,Belagavi,BELAGAVI CHIKKODI,KAGWAD,JUGUL,6,6,751.0
KARNATAKA,Belagavi,Belagavi,BELAGAVI CHIKKODI,KAGWAD,KEMPAWAD,9,7,626.0
KARNATAKA,Belagavi,Belagavi,BELAGAVI CHIKKODI,KAGWAD,KRISHNA KITTUR,5,4,579.0
KARNATAKA,Belagavi,Belagavi,BELAGAVI CHIKKODI,KAGWAD,KUSNAL,5,5,390.0
KARNATAKA,Belagavi,Belagavi,BELAGAVI CHIKKODI,KAGWAD,MANGASULI,20,18,1244.0
KARNATAKA,Belagavi,Belagavi,BELAGAVI CHIKKODI,KAGWAD,MOLE,16,12,816.0
KARNATAKA,Belagavi,Belagavi,BELAGAVI CHIKKODI,KAGWAD,SHIRAGUPPI,7,5,1263.0
KARNATAKA,Belagavi,Belagavi,BELAGAVI CHIKKODI,KAGWAD,TANGADI,7,7,602.0
KARNATAKA,Belagavi,Belagavi,BELAGAVI CHIKKODI,KAGWAD,UGAR B K,8,7,736.0
KARNATAKA,Belagavi,Belagavi,BELAGAVI CHIKKODI,MUDALGI,AVARADI,8,6,810.0
KARNATAKA,Belagavi,Belagavi,BELAGAVI CHIKKODI,MUDALGI,BADIGAVAD,2,2,299.0
KARNATAKA,Belagavi,Belagavi,BELAGAVI CHIKKODI,MUDALGI,BALOBAL,8,6,907.0
KARNATAKA,Belagavi,Belagavi,BELAGAVI CHIKKODI,MUDALGI,BETAGERI,8,6,977.0
KARNATAKA,Belagavi,Belagavi,BELAGAVI CHIKKODI,MUDALGI,DANDAPURA,6,5,804.0
KARNATAKA,Belagavi,Belagavi,BELAGAVI CHIKKODI,MUDALGI,DHARMATTI,5,4,704.0
KARNATAKA,Belagavi,Belagavi,BELAGAVI CHIKKODI,MUDALGI,DHAVALESHWAR,5,4,674.0
KARNATAKA,Belagavi,Belagavi,BELAGAVI CHIKKODI,MUDALGI,DURADUNDI,3,3,1149.0
KARNATAKA,Belagavi,Belagavi,BELAGAVI CHIKKODI,MUDALGI,GOSABAL,7,6,1237.0
KARNATAKA,Belagavi,Belagavi,BELAGAVI CHIKKODI,MUDALGI,GUJANATTI,9,8,887.0
KARNATAKA,Belagavi,Belagavi,BELAGAVI CHIKKODI,MUDALGI,HALLUR,9,9,1640.0
KARNATAKA,Belagavi,Belagavi,BELAGAVI CHIKKODI,MUDALGI,HUNASHYAL P Y,8,6,822.0
KARNATAKA,Belagavi,Belagavi,BELAGAVI CHIKKODI,MUDALGI,HUNASHYALA P G,8,6,767.0
KARNATAKA,Belagavi,Belagavi,BELAGAVI CHIKKODI,MUDALGI,KALLIGUDDI,6,6,1340.0
KARNATAKA,Belagavi,Belagavi,BELAGAVI CHIKKODI,MUDALGI,KAMANAKATTI,4,4,663.0
KARNATAKA,Belagavi,Belagavi,BELAGAVI CHIKKODI,MUDALGI,KHANATTI,3,1,236.0
KARNATAKA,Belagavi,Belagavi,BELAGAVI CHIKKODI,MUDALGI,KOUJALAGI,13,8,1230.0
KARNATAKA,Belagavi,Belagavi,BELAGAVI CHIKKODI,MUDALGI,KULAGOD,9,5,642.0
KARNATAKA,Belagavi,Belagavi,BELAGAVI CHIKKODI,MUDALGI,LOLASUR,3,3,328.0
KARNATAKA,Belagavi,Belagavi,BELAGAVI CHIKKODI,MUDALGI,MASAGUPPI,5,4,555.0
KARNATAKA,Belagavi,Belagavi,BELAGAVI CHIKKODI,MUDALGI,MELAWANKI,7,6,2012.0
KARNATAKA,Belagavi,Belagavi,BELAGAVI CHIKKODI,MUDALGI,MUNYAL,10,8,1267.0
KARNATAKA,Belagavi,Belagavi,BELAGAVI CHIKKODI,MUDALGI,NALLANATTI,3,3,1301.0
KARNATAKA,Belagavi,Belagavi,BELAGAVI CHIKKODI,MUDALGI,PATAGUNDI,7,5,450.0
KARNATAKA,Belagavi,Belagavi,BELAGAVI CHIKKODI,MUDALGI,PHAMALADINNI,10,8,1011.0
KARNATAKA,Belagavi,Belagavi,BELAGAVI CHIKKODI,MUDALGI,RAJAPUR,11,8,850.0
KARNATAKA,Belagavi,Belagavi,BELAGAVI CHIKKODI,MUDALGI,SHIVAPUR (H),6,4,573.0
KARNATAKA,Belagavi,Belagavi,BELAGAVI CHIKKODI,MUDALGI,SIDHIKURABET,10,7,1068.0
KARNATAKA,Belagavi,Belagavi,BELAGAVI CHIKKODI,MUDALGI,SUNADHOLI,9,7,960.0
KARNATAKA,Belagavi,Belagavi,BELAGAVI CHIKKODI,MUDALGI,TALAKATNAL,6,6,1172.0
KARNATAKA,Belagavi,Belagavi,BELAGAVI CHIKKODI,MUDALGI,TAPASI,8,7,1522.0
KARNATAKA,Belagavi,Belagavi,BELAGAVI CHIKKODI,MUDALGI,TIGADI,5,4,797.0
KARNATAKA,Belagavi,Belagavi,BELAGAVI CHIKKODI,MUDALGI,TUKKANATTI,11,8,1511.0
KARNATAKA,Belagavi,Belagavi,BELAGAVI CHIKKODI,MUDALGI,UDAGATTI,7,6,1224.0
KARNATAKA,Belagavi,Belagavi,BELAGAVI CHIKKODI,MUDALGI,VADERAHATTI,7,5,737.0
KARNATAKA,Belagavi,Belagavi,BELAGAVI CHIKKODI,MUDALGI,YADAWAD,12,8,1166.0
KARNATAKA,Belagavi,Belagavi,BELAGAVI CHIKKODI,NIPPANI,ADI,6,6,790.0
KARNATAKA,Belagavi,Belagavi,BELAGAVI CHIKKODI,NIPPANI,AKKOL,7,4,555.0
KARNATAKA,Belagavi,Belagavi,BELAGAVI CHIKKODI,NIPPANI,APPACHIWADI,4,4,920.0
KARNATAKA,Belagavi,Belagavi,BELAGAVI CHIKKODI,NIPPANI,BARWAD,2,2,174.0
KARNATAKA,Belagavi,Belagavi,BELAGAVI CHIKKODI,NIPPANI,BEDKIHAL,10,9,933.0
KARNATAKA,Belagavi,Belagavi,BELAGAVI CHIKKODI,NIPPANI,BENADI,9,7,701.0
KARNATAKA,Belagavi,Belagavi,BELAGAVI CHIKKODI,NIPPANI,BHOJ,9,8,651.0
KARNATAKA,Belagavi,Belagavi,BELAGAVI CHIKKODI,NIPPANI,DONIWADI,5,5,420.0
KARNATAKA,Belagavi,Belagavi,BELAGAVI CHIKKODI,NIPPANI,GALATAGA,10,8,632.0
KARNATAKA,Belagavi,Belagavi,BELAGAVI CHIKKODI,NIPPANI,HUNNARAGI,3,3,326.0
KARNATAKA,Belagavi,Belagavi,BELAGAVI CHIKKODI,NIPPANI,JATHRAT,5,5,725.0
KARNATAKA,Belagavi,Belagavi,BELAGAVI CHIKKODI,NIPPANI,KARDAGA,6,5,643.0
KARNATAKA,Belagavi,Belagavi,BELAGAVI CHIKKODI,NIPPANI,KODANI,7,6,375.0
KARNATAKA,Belagavi,Belagavi,BELAGAVI CHIKKODI,NIPPANI,KOGANOLLI,11,8,825.0
KARNATAKA,Belagavi,Belagavi,BELAGAVI CHIKKODI,NIPPANI,KUNNUR,5,5,590.0
KARNATAKA,Belagavi,Belagavi,BELAGAVI CHIKKODI,NIPPANI,KURLI,5,4,539.0
KARNATAKA,Belagavi,Belagavi,BELAGAVI CHIKKODI,NIPPANI,LAKHANAPUR,3,3,254.0
KARNATAKA,Belagavi,Belagavi,BELAGAVI CHIKKODI,NIPPANI,MAMADAPUR,3,3,141.0
KARNATAKA,Belagavi,Belagavi,BELAGAVI CHIKKODI,NIPPANI,MANAKAPUR,6,6,848.0
KARNATAKA,Belagavi,Belagavi,BELAGAVI CHIKKODI,NIPPANI,MANGUR,5,3,387.0
KARNATAKA,Belagavi,Belagavi,BELAGAVI CHIKKODI,NIPPANI,SHENDUR,3,3,293.0
KARNATAKA,Belagavi,Belagavi,BELAGAVI CHIKKODI,NIPPANI,SHIRADAWAD,3,3,220.0
KARNATAKA,Belagavi,Belagavi,BELAGAVI CHIKKODI,NIPPANI,SHIRAGUPPI,4,4,463.0
KARNATAKA,Belagavi,Belagavi,BELAGAVI CHIKKODI,NIPPANI,SIDNAL,3,3,112.0
KARNATAKA,Belagavi,Belagavi,BELAGAVI CHIKKODI,NIPPANI,SOUNDALGA,5,5,904.0
KARNATAKA,Belagavi,Belagavi,BELAGAVI CHIKKODI,NIPPANI,YAMAGARANI,10,8,721.0
KARNATAKA,Belagavi,Belagavi,BELAGAVI CHIKKODI,NIPPANI,YARNAL,9,8,849.0
KARNATAKA,Belagavi,Belagavi,BELAGAVI CHIKKODI,RAIBAG,ALAGWADI,16,13,1638.0
KARNATAKA,Belagavi,Belagavi,BELAGAVI CHIKKODI,RAIBAG,ALAKNOOR,12,9,706.0
KARNATAKA,Belagavi,Belagavi,BELAGAVI CHIKKODI,RAIBAG,BEKKERI,5,5,601.0
KARNATAKA,Belagavi,Belagavi,BELAGAVI CHIKKODI,RAIBAG,BENDWAD,14,9,1028.0
KARNATAKA,Belagavi,Belagavi,BELAGAVI CHIKKODI,RAIBAG,BHIRDI,5,5,876.0
KARNATAKA,Belagavi,Belagavi,BELAGAVI CHIKKODI,RAIBAG,BYAKUD,11,10,1151.0
KARNATAKA,Belagavi,Belagavi,BELAGAVI CHIKKODI,RAIBAG,DIGGEWADI,3,3,389.0
KARNATAKA,Belagavi,Belagavi,BELAGAVI CHIKKODI,RAIBAG,HANDIGUND,10,8,1037.0
KARNATAKA,Belagavi,Belagavi,BELAGAVI CHIKKODI,RAIBAG,HIDKAL,16,13,1546.0
KARNATAKA,Belagavi,Belagavi,BELAGAVI CHIKKODI,RAIBAG,HUBBARWADI,6,6,1121.0
KARNATAKA,Belagavi,Belagavi,BELAGAVI CHIKKODI,RAIBAG,ITNAL,10,8,541.0
KARNATAKA,Belagavi,Belagavi,BELAGAVI CHIKKODI,RAIBAG,JALALPUR,5,3,394.0
KARNATAKA,Belagavi,Belagavi,BELAGAVI CHIKKODI,RAIBAG,KAPPALGUDI,11,10,1092.0
KARNATAKA,Belagavi,Belagavi,BELAGAVI CHIKKODI,RAIBAG,KATAKBHAVI,7,6,919.0
KARNATAKA,Belagavi,Belagavi,BELAGAVI CHIKKODI,RAIBAG,KEMPATTI,3,2,434.0
KARNATAKA,Belagavi,Belagavi,BELAGAVI CHIKKODI,RAIBAG,KHANADAL,6,3,676.0
KARNATAKA,Belagavi,Belagavi,BELAGAVI CHIKKODI,RAIBAG,KHEMLAPUR,3,3,372.0
KARNATAKA,Belagavi,Belagavi,BELAGAVI CHIKKODI,RAIBAG,KOLIGUDDA,6,5,511.0
KARNATAKA,Belagavi,Belagavi,BELAGAVI CHIKKODI,RAIBAG,KUDACHI(R),23,19,1589.0
KARNATAKA,Belagavi,Belagavi,BELAGAVI CHIKKODI,RAIBAG,MANTUR,5,4,550.0
KARNATAKA,Belagavi,Belagavi,BELAGAVI CHIKKODI,RAIBAG,MEKHALI,10,10,2121.0
KARNATAKA,Belagavi,Belagavi,BELAGAVI CHIKKODI,RAIBAG,MORAB,10,6,553.0
KARNATAKA,Belagavi,Belagavi,BELAGAVI CHIKKODI,RAIBAG,NANDIKURLI,9,8,892.0
KARNATAKA,Belagavi,Belagavi,BELAGAVI CHIKKODI,RAIBAG,NASALAPUR,4,4,545.0
KARNATAKA,Belagavi,Belagavi,BELAGAVI CHIKKODI,RAIBAG,NIDGUNDI,10,8,1353.0
KARNATAKA,Belagavi,Belagavi,BELAGAVI CHIKKODI,RAIBAG,NILIJI,5,4,1135.0
KARNATAKA,Belagavi,Belagavi,BELAGAVI CHIKKODI,RAIBAG,NIPNAL,10,8,1037.0
KARNATAKA,Belagavi,Belagavi,BELAGAVI CHIKKODI,RAIBAG,PALBHAVI,7,6,472.0
KARNATAKA,Belagavi,Belagavi,BELAGAVI CHIKKODI,RAIBAG,PARMANANDWADI,5,4,666.0
KARNATAKA,Belagavi,Belagavi,BELAGAVI CHIKKODI,RAIBAG,RAIBAG(R),19,14,923.0
KARNATAKA,Belagavi,Belagavi,BELAGAVI CHIKKODI,RAIBAG,SAVADATTI,6,6,789.0
KARNATAKA,Belagavi,Belagavi,BELAGAVI CHIKKODI,RAIBAG,SAVSUDDI,12,8,972.0
KARNATAKA,Belagavi,Belagavi,BELAGAVI CHIKKODI,RAIBAG,SIDDAPURA,3,3,225.0
KARNATAKA,Belagavi,Belagavi,BELAGAVI CHIKKODI,RAIBAG,SIRGUR,9,8,646.0
KARNATAKA,Belagavi,Belagavi,BELAGAVI CHIKKODI,RAIBAG,SUTATTI,5,4,875.0
KARNATAKA,Belagavi,Belagavi,BELAGAVI CHIKKODI,RAIBAG,YABARATTI,2,2,223.0
KARNATAKA,Belagavi,Belagavi,BELAGAVI CHIKKODI,RAIBAG,YADRAV,3,2,193.0
KARNATAKA,Belagavi,Belagavi,BELAGAVI CHIKKODI,RAIBAG,YALPARATTI,3,2,230.0
KARNATAKA,Belagavi,Dharwad,DHARWAD,DHARWAD,AMMINBHAVI,8,6,2036.0
KARNATAKA,Belagavi,Dharwad,DHARWAD,DHARWAD,ARWATAGI,6,6,465.0
KARNATAKA,Belagavi,Dharwad,DHARWAD,DHARWAD,BELUR,4,3,524.0
KARNATAKA,Belagavi,Dharwad,DHARWAD,DHARWAD,BENACHI,5,5,481.0
KARNATAKA,Belagavi,Dharwad,DHARWAD,DHARWAD,CHIKKAMALLIGAWADA,2,2,564.0
KARNATAKA,Belagavi,Dharwad,DHARWAD,DHARWAD,DEVARHUBBALI,3,2,374.0
KARNATAKA,Belagavi,Dharwad,DHARWAD,DHARWAD,GARAG,8,6,1051.0
KARNATAKA,Belagavi,Dharwad,DHARWAD,DHARWAD,HALLIGERI,8,8,893.0
KARNATAKA,Belagavi,Dharwad,DHARWAD,DHARWAD,HANGARKI,3,2,305.0
KARNATAKA,Belagavi,Dharwad,DHARWAD,DHARWAD,HAROBELAWADI,2,2,346.0
KARNATAKA,Belagavi,Dharwad,DHARWAD,DHARWAD,HEBBALLI,7,7,2072.0
KARNATAKA,Belagavi,Dharwad,DHARWAD,DHARWAD,HONNAPUR,7,7,564.0
KARNATAKA,Belagavi,Dharwad,DHARWAD,DHARWAD,KADABAGATTI,5,5,540.0
KARNATAKA,Belagavi,Dharwad,DHARWAD,DHARWAD,KALAKERI,6,5,469.0
KARNATAKA,Belagavi,Dharwad,DHARWAD,DHARWAD,KANAKUR,9,8,906.0
KARNATAKA,Belagavi,Dharwad,DHARWAD,DHARWAD,KARADIGUDDA,2,2,543.0
KARNATAKA,Belagavi,Dharwad,DHARWAD,DHARWAD,KOTABAGI,4,4,600.0
KARNATAKA,Belagavi,Dharwad,DHARWAD,DHARWAD,KOTUR,7,5,1431.0
KARNATAKA,Belagavi,Dharwad,DHARWAD,DHARWAD,KURBAGATTI,3,3,765.0
KARNATAKA,Belagavi,Dharwad,DHARWAD,DHARWAD,KYARAKOPPA,4,4,1377.0
KARNATAKA,Belagavi,Dharwad,DHARWAD,DHARWAD,LOKUR,2,2,701.0
KARNATAKA,Belagavi,Dharwad,DHARWAD,DHARWAD,MADHANBHAVI,3,3,346.0
KARNATAKA,Belagavi,Dharwad,DHARWAD,DHARWAD,MANAGUNDI,3,3,546.0
KARNATAKA,Belagavi,Dharwad,DHARWAD,DHARWAD,MANASURA,2,1,280.0
KARNATAKA,Belagavi,Dharwad,DHARWAD,DHARWAD,MANDIHAL,5,5,447.0
KARNATAKA,Belagavi,Dharwad,DHARWAD,DHARWAD,MARADAGI,6,5,651.0
KARNATAKA,Belagavi,Dharwad,DHARWAD,DHARWAD,MAREWAD,6,5,1014.0
KARNATAKA,Belagavi,Dharwad,DHARWAD,DHARWAD,MUGAD,4,3,496.0
KARNATAKA,Belagavi,Dharwad,DHARWAD,DHARWAD,MUMMIGATTI,5,3,734.0
KARNATAKA,Belagavi,Dharwad,DHARWAD,DHARWAD,NARENDRA,9,8,964.0
KARNATAKA,Belagavi,Dharwad,DHARWAD,DHARWAD,NIGADI,5,4,586.0
KARNATAKA,Belagavi,Dharwad,DHARWAD,DHARWAD,PUDKALAKATTI,2,2,369.0
KARNATAKA,Belagavi,Dharwad,DHARWAD,DHARWAD,RAMAPUR,4,4,604.0
KARNATAKA,Belagavi,Dharwad,DHARWAD,DHARWAD,SHIVALLI,2,1,344.0
KARNATAKA,Belagavi,Dharwad,DHARWAD,DHARWAD,TADAKODA,5,4,718.0
KARNATAKA,Belagavi,Dharwad,DHARWAD,DHARWAD,TEGUR,11,10,1239.0
KARNATAKA,Belagavi,Dharwad,DHARWAD,DHARWAD,UPPIN BETAGERI,9,8,1107.0
KARNATAKA,Belagavi,Dharwad,DHARWAD,DHARWAD,YADAWAD,5,4,567.0
KARNATAKA,Belagavi,Dharwad,DHARWAD,DHARWAD,YERIKOPPA,3,3,530.0
KARNATAKA,Belagavi,Dharwad,DHARWAD,HUBLI,ADARGUNCHI,8,4,664.0
KARNATAKA,Belagavi,Dharwad,DHARWAD,HUBLI,AGADI,4,4,434.0
KARNATAKA,Belagavi,Dharwad,DHARWAD,HUBLI,ANCHATGERI,7,5,1240.0
KARNATAKA,Belagavi,Dharwad,DHARWAD,HUBLI,B.ARALIKATTI,6,4,398.0
KARNATAKA,Belagavi,Dharwad,DHARWAD,HUBLI,BELAGALI,5,4,622.0
KARNATAKA,Belagavi,Dharwad,DHARWAD,HUBLI,BHANDIWADA,3,2,300.0
KARNATAKA,Belagavi,Dharwad,DHARWAD,HUBLI,BYAHATTI,8,6,864.0
KARNATAKA,Belagavi,Dharwad,DHARWAD,HUBLI,CHABBI,4,4,826.0
KARNATAKA,Belagavi,Dharwad,DHARWAD,HUBLI,CHANNAPURA,4,4,480.0
KARNATAKA,Belagavi,Dharwad,DHARWAD,HUBLI,DEVARAGUDIHAL,4,4,771.0
KARNATAKA,Belagavi,Dharwad,DHARWAD,HUBLI,HALLYAL,3,3,277.0
KARNATAKA,Belagavi,Dharwad,DHARWAD,HUBLI,HEBSUR,4,3,466.0
KARNATAKA,Belagavi,Dharwad,DHARWAD,HUBLI,INGALHALLI,3,2,298.0
KARNATAKA,Belagavi,Dharwad,DHARWAD,HUBLI,KARDIKOPPA,2,2,758.0
KARNATAKA,Belagavi,Dharwad,DHARWAD,HUBLI,KATNUR,5,4,438.0
KARNATAKA,Belagavi,Dharwad,DHARWAD,HUBLI,KIRESUR,1,1,242.0
KARNATAKA,Belagavi,Dharwad,DHARWAD,HUBLI,KOLIWAD,5,4,336.0
KARNATAKA,Belagavi,Dharwad,DHARWAD,HUBLI,KUSUGAL,8,5,939.0
KARNATAKA,Belagavi,Dharwad,DHARWAD,HUBLI,MANTUR,7,5,426.0
KARNATAKA,Belagavi,Dharwad,DHARWAD,HUBLI,NULAVI,7,4,624.0
KARNATAKA,Belagavi,Dharwad,DHARWAD,HUBLI,RAYANAL,5,3,532.0
KARNATAKA,Belagavi,Dharwad,DHARWAD,HUBLI,SHAREWADA,4,4,455.0
KARNATAKA,Belagavi,Dharwad,DHARWAD,HUBLI,SHIRAGUPPI,6,4,380.0
KARNATAKA,Belagavi,Dharwad,DHARWAD,HUBLI,SULLA,3,2,545.0
KARNATAKA,Belagavi,Dharwad,DHARWAD,HUBLI,UMACHAGI,2,2,251.0
KARNATAKA,Belagavi,Dharwad,DHARWAD,HUBLI,VARUR,5,3,333.0
KARNATAKA,Belagavi,Dharwad,DHARWAD,KALGHATAGI,BAMMIGATTI,6,6,704.0
KARNATAKA,Belagavi,Dharwad,DHARWAD,KALGHATAGI,BEERAVALLI,4,4,873.0
KARNATAKA,Belagavi,Dharwad,DHARWAD,KALGHATAGI,BEGUR,6,6,841.0
KARNATAKA,Belagavi,Dharwad,DHARWAD,KALGHATAGI,BELAVANTAR,5,5,824.0
KARNATAKA,Belagavi,Dharwad,DHARWAD,KALGHATAGI,BHOGENAGARAKOPPA,2,2,506.0
KARNATAKA,Belagavi,Dharwad,DHARWAD,KALGHATAGI,DASTIKOPPA,3,3,834.0
KARNATAKA,Belagavi,Dharwad,DHARWAD,KALGHATAGI,DEVALINGEKOPPA,3,3,347.0
KARNATAKA,Belagavi,Dharwad,DHARWAD,KALGHATAGI,DEVIKOPPA,7,6,675.0
KARNATAKA,Belagavi,Dharwad,DHARWAD,KALGHATAGI,DUMMAWAD,3,2,403.0
KARNATAKA,Belagavi,Dharwad,DHARWAD,KALGHATAGI,G.BASAVANKOPPA,6,6,461.0
KARNATAKA,Belagavi,Dharwad,DHARWAD,KALGHATAGI,GALAGI,5,5,979.0
KARNATAKA,Belagavi,Dharwad,DHARWAD,KALGHATAGI,GAMBYAPUR,3,3,448.0
KARNATAKA,Belagavi,Dharwad,DHARWAD,KALGHATAGI,GANJIGATTI,6,5,810.0
KARNATAKA,Belagavi,Dharwad,DHARWAD,KALGHATAGI,GUDDADAHULIKATI,4,4,455.0
KARNATAKA,Belagavi,Dharwad,DHARWAD,KALGHATAGI,HIREHONNIHALLI,4,4,798.0
KARNATAKA,Belagavi,Dharwad,DHARWAD,KALGHATAGI,JINNUR,3,3,638.0
KARNATAKA,Belagavi,Dharwad,DHARWAD,KALGHATAGI,KURUVINAKOPPA,3,3,781.0
KARNATAKA,Belagavi,Dharwad,DHARWAD,KALGHATAGI,MADAKIHONNAHALLI,4,3,366.0
KARNATAKA,Belagavi,Dharwad,DHARWAD,KALGHATAGI,MISHRIKOTI,9,5,742.0
KARNATAKA,Belagavi,Dharwad,DHARWAD,KALGHATAGI,MUKKAL,3,3,427.0
KARNATAKA,Belagavi,Dharwad,DHARWAD,KALGHATAGI,MUTTAGI,4,3,536.0
KARNATAKA,Belagavi,Dharwad,DHARWAD,KALGHATAGI,SANGAMESHWAR,3,3,294.0
KARNATAKA,Belagavi,Dharwad,DHARWAD,KALGHATAGI,SULIKATTI,8,8,317.0
KARNATAKA,Belagavi,Dharwad,DHARWAD,KALGHATAGI,SURASHETTIKOPPA,3,3,333.0
KARNATAKA,Belagavi,Dharwad,DHARWAD,KALGHATAGI,TABAKADAHONNIHALLI,1,1,361.0
KARNATAKA,Belagavi,Dharwad,DHARWAD,KALGHATAGI,TAMBUR,8,8,584.0
KARNATAKA,Belagavi,Dharwad,DHARWAD,KALGHATAGI,TAVARGERI,4,4,485.0
KARNATAKA,Belagavi,Dharwad,DHARWAD,KALGHATAGI,UGGINAKERI,7,6,800.0
KARNATAKA,Belagavi,Dharwad,DHARWAD,KUNDAGOL,BETADUR,6,5,833.0
KARNATAKA,Belagavi,Dharwad,DHARWAD,KUNDAGOL,BHU.TARLAGATTA,6,6,774.0
KARNATAKA,Belagavi,Dharwad,DHARWAD,KUNDAGOL,CHAKALABBI,4,4,450.0
KARNATAKA,Belagavi,Dharwad,DHARWAD,KUNDAGOL,DEVANUR,3,3,305.0
KARNATAKA,Belagavi,Dharwad,DHARWAD,KUNDAGOL,GOUDAGERI,4,4,637.0
KARNATAKA,Belagavi,Dharwad,DHARWAD,KUNDAGOL,GUDAGERI,8,6,1057.0
KARNATAKA,Belagavi,Dharwad,DHARWAD,KUNDAGOL,GUDENAKATTI,4,4,576.0
KARNATAKA,Belagavi,Dharwad,DHARWAD,KUNDAGOL,GURUVINAHALLI,2,2,202.0
KARNATAKA,Belagavi,Dharwad,DHARWAD,KUNDAGOL,HARLAPUR,3,3,396.0
KARNATAKA,Belagavi,Dharwad,DHARWAD,KUNDAGOL,HIREGUNJAL,4,3,245.0
KARNATAKA,Belagavi,Dharwad,DHARWAD,KUNDAGOL,HIREHARKUNI,4,4,285.0
KARNATAKA,Belagavi,Dharwad,DHARWAD,KUNDAGOL,HIRENARTI,3,3,339.0
KARNATAKA,Belagavi,Dharwad,DHARWAD,KUNDAGOL,INGALAGI,6,5,479.0
KARNATAKA,Belagavi,Dharwad,DHARWAD,KUNDAGOL,KALAS,4,4,913.0
KARNATAKA,Belagavi,Dharwad,DHARWAD,KUNDAGOL,KAMADOLLI,6,4,618.0
KARNATAKA,Belagavi,Dharwad,DHARWAD,KUNDAGOL,KUBIHAL,5,4,460.0
KARNATAKA,Belagavi,Dharwad,DHARWAD,KUNDAGOL,MALALI,4,3,382.0
KARNATAKA,Belagavi,Dharwad,DHARWAD,KUNDAGOL,MATTIGATTI,5,5,577.0
KARNATAKA,Belagavi,Dharwad,DHARWAD,KUNDAGOL,PASHUPATHIHALA,2,2,288.0
KARNATAKA,Belagavi,Dharwad,DHARWAD,KUNDAGOL,RAMANAKOPPA,4,4,407.0
KARNATAKA,Belagavi,Dharwad,DHARWAD,KUNDAGOL,ROTTIGAWAD,4,3,328.0
KARNATAKA,Belagavi,Dharwad,DHARWAD,KUNDAGOL,SAUNSI,10,7,1111.0
KARNATAKA,Belagavi,Dharwad,DHARWAD,KUNDAGOL,SHIRUR,2,2,216.0
KARNATAKA,Belagavi,Dharwad,DHARWAD,KUNDAGOL,YAREBUDIHAL,2,2,337.0
KARNATAKA,Belagavi,Dharwad,DHARWAD,KUNDAGOL,YELIWAL,4,3,345.0
KARNATAKA,Belagavi,Dharwad,DHARWAD,KUNDAGOL,YERAGUPPI,6,5,336.0
KARNATAKA,Belagavi,Dharwad,DHARWAD,NAVALGUND,ALAGAWADI,3,2,278.0
KARNATAKA,Belagavi,Dharwad,DHARWAD,NAVALGUND,BELAHAR(CHILAKAWAD),2,2,196.0
KARNATAKA,Belagavi,Dharwad,DHARWAD,NAVALGUND,BELAVATAGI,6,5,1025.0
KARNATAKA,Belagavi,Dharwad,DHARWAD,NAVALGUND,BHADRAPUR,4,4,551.0
KARNATAKA,Belagavi,Dharwad,DHARWAD,NAVALGUND,GUDISAGAR,6,5,454.0
KARNATAKA,Belagavi,Dharwad,DHARWAD,NAVALGUND,GUMMAGOLA,1,1,164.0
KARNATAKA,Belagavi,Dharwad,DHARWAD,NAVALGUND,HALAKUSUGAL,4,4,392.0
KARNATAKA,Belagavi,Dharwad,DHARWAD,NAVALGUND,HALLIKERI,4,3,346.0
KARNATAKA,Belagavi,Dharwad,DHARWAD,NAVALGUND,HEBBAL,4,3,513.0
KARNATAKA,Belagavi,Dharwad,DHARWAD,NAVALGUND,IBRAHIMPUR,1,1,264.0
KARNATAKA,Belagavi,Dharwad,DHARWAD,NAVALGUND,JAVUR,2,2,434.0
KARNATAKA,Belagavi,Dharwad,DHARWAD,NAVALGUND,KALAWAD,2,2,309.0
KARNATAKA,Belagavi,Dharwad,DHARWAD,NAVALGUND,MORAB,9,7,1177.0
KARNATAKA,Belagavi,Dharwad,DHARWAD,NAVALGUND,NALAWADI,6,3,379.0
KARNATAKA,Belagavi,Dharwad,DHARWAD,NAVALGUND,NAVALLI,4,3,271.0
KARNATAKA,Belagavi,Dharwad,DHARWAD,NAVALGUND,NAYAKANUR,5,5,477.0
KARNATAKA,Belagavi,Dharwad,DHARWAD,NAVALGUND,SASWIHALLI,4,4,281.0
KARNATAKA,Belagavi,Dharwad,DHARWAD,NAVALGUND,SHALAWADI,6,5,539.0
KARNATAKA,Belagavi,Dharwad,DHARWAD,NAVALGUND,SHIRAKOL,4,4,444.0
KARNATAKA,Belagavi,Dharwad,DHARWAD,NAVALGUND,SHIRUR,3,3,465.0
KARNATAKA,Belagavi,Dharwad,DHARWAD,NAVALGUND,SHISUVINAHALLI,5,5,434.0
KARNATAKA,Belagavi,Dharwad,DHARWAD,NAVALGUND,TADAHALA,3,3,407.0
KARNATAKA,Belagavi,Dharwad,DHARWAD,NAVALGUND,TIRLAPUR,3,2,386.0
KARNATAKA,Belagavi,Dharwad,DHARWAD,NAVALGUND,TUPPADAKURAHATTI,3,3,227.0
KARNATAKA,Belagavi,Dharwad,DHARWAD,NAVALGUND,YEMANUR,6,5,575.0
KARNATAKA,Belagavi,Gadag,GADAG,GADAG RURAL,ADAVISOMAPUR,8,5,889.0
KARNATAKA,Belagavi,Gadag,GADAG,GADAG RURAL,ANTUR,4,3,320.0
KARNATAKA,Belagavi,Gadag,GADAG,GADAG RURAL,ASUNDI,6,3,667.0
KARNATAKA,Belagavi,Gadag,GADAG,GADAG RURAL,BALAGANUR,3,2,151.0
KARNATAKA,Belagavi,Gadag,GADAG,GADAG RURAL,BELADHADI,4,4,448.0
KARNATAKA,Belagavi,Gadag,GADAG,GADAG RURAL,BELAHOODA,5,4,320.0
KARNATAKA,Belagavi,Gadag,GADAG,GADAG RURAL,BINKADAKATTI,4,3,268.0
KARNATAKA,Belagavi,Gadag,GADAG,GADAG RURAL,CHIKKAHANDIGOL,4,4,584.0
KARNATAKA,Belagavi,Gadag,GADAG,GADAG RURAL,CHINCHALI,6,5,719.0
KARNATAKA,Belagavi,Gadag,GADAG,GADAG RURAL,HARALAPUR,2,2,541.0
KARNATAKA,Belagavi,Gadag,GADAG,GADAG RURAL,HARTI,6,5,563.0
KARNATAKA,Belagavi,Gadag,GADAG,GADAG RURAL,HATALAGERI,4,4,995.0
KARNATAKA,Belagavi,Gadag,GADAG,GADAG RURAL,HOMBALA,7,5,669.0
KARNATAKA,Belagavi,Gadag,GADAG,GADAG RURAL,HULAKOTI,9,6,540.0
KARNATAKA,Belagavi,Gadag,GADAG,GADAG RURAL,HUYELAGOLA,6,5,641.0
KARNATAKA,Belagavi,Gadag,GADAG,GADAG RURAL,KADHADI,3,3,385.0
KARNATAKA,Belagavi,Gadag,GADAG,GADAG RURAL,KALASAPUR,6,3,249.0
KARNATAKA,Belagavi,Gadag,GADAG,GADAG RURAL,KANAGINAHAL,4,4,576.0
KARNATAKA,Belagavi,Gadag,GADAG,GADAG RURAL,KOTAMACHAGI,6,5,624.0
KARNATAKA,Belagavi,Gadag,GADAG,GADAG RURAL,KURTAKOTI,7,5,742.0
KARNATAKA,Belagavi,Gadag,GADAG,GADAG RURAL,LAKKUNDI,8,7,1344.0
KARNATAKA,Belagavi,Gadag,GADAG,GADAG RURAL,LINGADAL,2,2,236.0
KARNATAKA,Belagavi,Gadag,GADAG,GADAG RURAL,NAGAVI,3,3,507.0
KARNATAKA,Belagavi,Gadag,GADAG,GADAG RURAL,NEERALAGI,4,4,436.0
KARNATAKA,Belagavi,Gadag,GADAG,GADAG RURAL,SORATUR,6,6,821.0
KARNATAKA,Belagavi,Gadag,GADAG,GADAG RURAL,TIMMAPUR,2,1,214.0
KARNATAKA,Belagavi,Gadag,GADAG,GADAG RURAL,YELISHIRUR,7,7,686.0
KARNATAKA,Belagavi,Gadag,GADAG,MUNDARAGI,ALUR,5,5,402.0
KARNATAKA,Belagavi,Gadag,GADAG,MUNDARAGI,BAGEWADI,5,4,444.0
KARNATAKA,Belagavi,Gadag,GADAG,MUNDARAGI,BIDANALA,5,4,547.0
KARNATAKA,Belagavi,Gadag,GADAG,MUNDARAGI,BIDARHALLI,4,3,454.0
KARNATAKA,Belagavi,Gadag,GADAG,MUNDARAGI,DAMBAL,10,9,1398.0
KARNATAKA,Belagavi,Gadag,GADAG,MUNDARAGI,DONI,4,4,702.0
KARNATAKA,Belagavi,Gadag,GADAG,MUNDARAGI,HALLIKERI,5,5,600.0
KARNATAKA,Belagavi,Gadag,GADAG,MUNDARAGI,HAMMAGI,6,5,434.0
KARNATAKA,Belagavi,Gadag,GADAG,MUNDARAGI,HAROGERI,6,6,652.0
KARNATAKA,Belagavi,Gadag,GADAG,MUNDARAGI,HESARUR,5,4,698.0
KARNATAKA,Belagavi,Gadag,GADAG,MUNDARAGI,HIREWADDATTI,7,6,935.0
KARNATAKA,Belagavi,Gadag,GADAG,MUNDARAGI,JANTLI SHIRURA,3,2,345.0
KARNATAKA,Belagavi,Gadag,GADAG,MUNDARAGI,KALKERI,7,6,462.0
KARNATAKA,Belagavi,Gadag,GADAG,MUNDARAGI,KORLAHALLI,7,7,1673.0
KARNATAKA,Belagavi,Gadag,GADAG,MUNDARAGI,MEUNDI,7,6,1047.0
KARNATAKA,Belagavi,Gadag,GADAG,MUNDARAGI,MURADI,5,4,754.0
KARNATAKA,Belagavi,Gadag,GADAG,MUNDARAGI,SHINGATALUR,6,5,606.0
KARNATAKA,Belagavi,Gadag,GADAG,MUNDARAGI,SHINGATARAYANKERE,3,3,442.0
KARNATAKA,Belagavi,Gadag,GADAG,MUNDARAGI,SHIVAJINAGAR,4,4,700.0
KARNATAKA,Belagavi,Gadag,GADAG,NARAGUND,BANAHATTI,4,3,470.0
KARNATAKA,Belagavi,Gadag,GADAG,NARAGUND,BENAKANAKOPPA,4,4,645.0
KARNATAKA,Belagavi,Gadag,GADAG,NARAGUND,BHIRANAHATTI,2,2,444.0
KARNATAKA,Belagavi,Gadag,GADAG,NARAGUND,CHIKKANARAGUND,4,3,356.0
KARNATAKA,Belagavi,Gadag,GADAG,NARAGUND,HADLI,3,2,319.0
KARNATAKA,Belagavi,Gadag,GADAG,NARAGUND,HIREKOPPA,5,4,517.0
KARNATAKA,Belagavi,Gadag,GADAG,NARAGUND,HUNSIKATTI,4,4,568.0
KARNATAKA,Belagavi,Gadag,GADAG,NARAGUND,KANAKIKOPPA,4,3,299.0
KARNATAKA,Belagavi,Gadag,GADAG,NARAGUND,KONNUR,8,6,863.0
KARNATAKA,Belagavi,Gadag,GADAG,NARAGUND,RADDER-NAGANUR,3,3,252.0
KARNATAKA,Belagavi,Gadag,GADAG,NARAGUND,SHIROL,10,8,888.0
KARNATAKA,Belagavi,Gadag,GADAG,NARAGUND,SURKOD,2,2,264.0
KARNATAKA,Belagavi,Gadag,GADAG,NARAGUND,VASAN,3,3,357.0
KARNATAKA,Belagavi,Gadag,GADAG,RON,ABBIGERI,3,3,702.0
KARNATAKA,Belagavi,Gadag,GADAG,RON,AMARAGOL,5,5,352.0
KARNATAKA,Belagavi,Gadag,GADAG,RON,ASUTI,6,6,560.0
KARNATAKA,Belagavi,Gadag,GADAG,RON,BELAVANAKI,6,5,809.0
KARNATAKA,Belagavi,Gadag,GADAG,RON,CHIKKAMANNUR,3,3,512.0
KARNATAKA,Belagavi,Gadag,GADAG,RON,D.S.HADAGALI,2,2,400.0
KARNATAKA,Belagavi,Gadag,GADAG,RON,GOGERI,6,6,794.0
KARNATAKA,Belagavi,Gadag,GADAG,RON,GULAGULI,5,5,476.0
KARNATAKA,Belagavi,Gadag,GADAG,RON,HALAKERI,2,2,368.0
KARNATAKA,Belagavi,Gadag,GADAG,RON,HIREHAL,5,4,491.0
KARNATAKA,Belagavi,Gadag,GADAG,RON,HOLE-ALUR,12,7,894.0
KARNATAKA,Belagavi,Gadag,GADAG,RON,HOLEMANNUR,2,2,438.0
KARNATAKA,Belagavi,Gadag,GADAG,RON,HOSALLI,3,3,651.0
KARNATAKA,Belagavi,Gadag,GADAG,RON,HULLUR,2,2,357.0
KARNATAKA,Belagavi,Gadag,GADAG,RON,HUNAGUNDI,2,2,349.0
KARNATAKA,Belagavi,Gadag,GADAG,RON,ITAGI,6,5,886.0
KARNATAKA,Belagavi,Gadag,GADAG,RON,JAKKALI,3,3,251.0
KARNATAKA,Belagavi,Gadag,GADAG,RON,KOTHABAL,4,4,710.0
KARNATAKA,Belagavi,Gadag,GADAG,RON,KOUJAGERI,2,2,325.0
KARNATAKA,Belagavi,Gadag,GADAG,RON,KUNTOJI,6,6,749.0
KARNATAKA,Belagavi,Gadag,GADAG,RON,KURADAGI,4,4,431.0
KARNATAKA,Belagavi,Gadag,GADAG,RON,KURAHATTI,2,2,474.0
KARNATAKA,Belagavi,Gadag,GADAG,RON,LAKKALAKATTI,3,3,782.0
KARNATAKA,Belagavi,Gadag,GADAG,RON,MADALAGERI,3,3,371.0
KARNATAKA,Belagavi,Gadag,GADAG,RON,MALLAPUR,3,3,586.0
KARNATAKA,Belagavi,Gadag,GADAG,RON,MARANABASARI,3,3,463.0
KARNATAKA,Belagavi,Gadag,GADAG,RON,MENASGI,6,5,666.0
KARNATAKA,Belagavi,Gadag,GADAG,RON,MUSHIGERI,5,4,693.0
KARNATAKA,Belagavi,Gadag,GADAG,RON,NIDAGUNDI,4,3,346.0
KARNATAKA,Belagavi,Gadag,GADAG,RON,RAJURU,8,7,1384.0
KARNATAKA,Belagavi,Gadag,GADAG,RON,RAMPUR,10,7,986.0
KARNATAKA,Belagavi,Gadag,GADAG,RON,SAVADI,5,5,631.0
KARNATAKA,Belagavi,Gadag,GADAG,RON,SHANTHAGERI,4,4,1021.0
KARNATAKA,Belagavi,Gadag,GADAG,RON,SUDI,6,5,609.0
KARNATAKA,Belagavi,Gadag,GADAG,RON,YAVAGAL,4,4,529.0
KARNATAKA,Belagavi,Gadag,GADAG,SHIRHATTI,ADARAKATTI,3,3,377.0
KARNATAKA,Belagavi,Gadag,GADAG,SHIRHATTI,ADHARAHALLI,5,5,794.0
KARNATAKA,Belagavi,Gadag,GADAG,SHIRHATTI,BALEHOSURU,5,4,784.0
KARNATAKA,Belagavi,Gadag,GADAG,SHIRHATTI,BANNIKOPPA,5,4,447.0
KARNATAKA,Belagavi,Gadag,GADAG,SHIRHATTI,BATTURU,4,4,501.0
KARNATAKA,Belagavi,Gadag,GADAG,SHIRHATTI,BELLATTI,9,6,885.0
KARNATAKA,Belagavi,Gadag,GADAG,SHIRHATTI,CHEBBI,4,4,568.0
KARNATAKA,Belagavi,Gadag,GADAG,SHIRHATTI,DODDURU,8,7,407.0
KARNATAKA,Belagavi,Gadag,GADAG,SHIRHATTI,GOJNURU,6,5,660.0
KARNATAKA,Belagavi,Gadag,GADAG,SHIRHATTI,GOVANALA,4,4,426.0
KARNATAKA,Belagavi,Gadag,GADAG,SHIRHATTI,HEBBAL,7,6,679.0
KARNATAKA,Belagavi,Gadag,GADAG,SHIRHATTI,HULLURA,4,4,518.0
KARNATAKA,Belagavi,Gadag,GADAG,SHIRHATTI,ITAGI,4,3,406.0
KARNATAKA,Belagavi,Gadag,GADAG,SHIRHATTI,KADAKOL,5,4,637.0
KARNATAKA,Belagavi,Gadag,GADAG,SHIRHATTI,KOGANUR,5,5,680.0
KARNATAKA,Belagavi,Gadag,GADAG,SHIRHATTI,KONCHIGERI,4,4,535.0
KARNATAKA,Belagavi,Gadag,GADAG,SHIRHATTI,MACHENHALLI,5,5,609.0
KARNATAKA,Belagavi,Gadag,GADAG,SHIRHATTI,MADALLI,2,2,213.0
KARNATAKA,Belagavi,Gadag,GADAG,SHIRHATTI,MAGADI,8,6,394.0
KARNATAKA,Belagavi,Gadag,GADAG,SHIRHATTI,MAJJOORU,4,4,572.0
KARNATAKA,Belagavi,Gadag,GADAG,SHIRHATTI,P-BADNI,2,2,327.0
KARNATAKA,Belagavi,Gadag,GADAG,SHIRHATTI,RAMAGIRI,2,2,271.0
KARNATAKA,Belagavi,Gadag,GADAG,SHIRHATTI,RANATHURA,3,3,654.0
KARNATAKA,Belagavi,Gadag,GADAG,SHIRHATTI,SHIGLI,11,7,1042.0
KARNATAKA,Belagavi,Gadag,GADAG,SHIRHATTI,SURANAGII,7,6,661.0
KARNATAKA,Belagavi,Gadag,GADAG,SHIRHATTI,TARIKOPPA,3,3,439.0
KARNATAKA,Belagavi,Gadag,GADAG,SHIRHATTI,VADAVI,4,4,583.0
KARNATAKA,Belagavi,Gadag,GADAG,SHIRHATTI,YALAVATTI,4,2,209.0
KARNATAKA,Belagavi,Haveri,HAVERI,BYADAGI,BANNIHATTI,4,4,348.0
KARNATAKA,Belagavi,Haveri,HAVERI,BYADAGI,BISALAHALLI,4,4,580.0
KARNATAKA,Belagavi,Haveri,HAVERI,BYADAGI,BUDAPANAHALLI,4,4,637.0
KARNATAKA,Belagavi,Haveri,HAVERI,BYADAGI,CHIKKABASUR,5,4,497.0
KARNATAKA,Belagavi,Haveri,HAVERI,BYADAGI,GHALAPOOJI,4,4,318.0
KARNATAKA,Belagavi,Haveri,HAVERI,BYADAGI,GUNDENAHALLI,3,3,361.0
KARNATAKA,Belagavi,Haveri,HAVERI,BYADAGI,HEDIKONDA,4,4,235.0
KARNATAKA,Belagavi,Haveri,HAVERI,BYADAGI,HIREANAJI,6,6,503.0
KARNATAKA,Belagavi,Haveri,HAVERI,BYADAGI,HIREHALLI,5,4,403.0
KARNATAKA,Belagavi,Haveri,HAVERI,BYADAGI,KADARAMANDALAGI,5,3,343.0
KARNATAKA,Belagavi,Haveri,HAVERI,BYADAGI,KAGINELE,10,8,1240.0
KARNATAKA,Belagavi,Haveri,HAVERI,BYADAGI,KALLEDEVARA,3,3,571.0
KARNATAKA,Belagavi,Haveri,HAVERI,BYADAGI,KERAVADI,5,5,652.0
KARNATAKA,Belagavi,Haveri,HAVERI,BYADAGI,KUMMUR,6,5,412.0
KARNATAKA,Belagavi,Haveri,HAVERI,BYADAGI,MALLUR,7,6,478.0
KARNATAKA,Belagavi,Haveri,HAVERI,BYADAGI,MASANAGI,3,3,469.0
KARNATAKA,Belagavi,Haveri,HAVERI,BYADAGI,MATTURA,4,4,295.0
KARNATAKA,Belagavi,Haveri,HAVERI,BYADAGI,MOTEBENNUR,7,5,719.0
KARNATAKA,Belagavi,Haveri,HAVERI,BYADAGI,SHIDENUR,9,7,545.0
KARNATAKA,Belagavi,Haveri,HAVERI,BYADAGI,SUDAMBI,4,4,207.0
KARNATAKA,Belagavi,Haveri,HAVERI,BYADAGI,TADASA,4,4,252.0
KARNATAKA,Belagavi,Haveri,HAVERI,HANAGAL,ADUR,4,2,504.0
KARNATAKA,Belagavi,Haveri,HAVERI,HANAGAL,AKKIALUR,18,11,2365.0
KARNATAKA,Belagavi,Haveri,HAVERI,HANAGAL,ALADAKATTI,2,2,385.0
KARNATAKA,Belagavi,Haveri,HAVERI,HANAGAL,ARALESWARA,4,4,507.0
KARNATAKA,Belagavi,Haveri,HAVERI,HANAGAL,BAICHAVALLI,6,6,523.0
KARNATAKA,Belagavi,Haveri,HAVERI,HANAGAL,BALABEEDA,5,5,373.0
KARNATAKA,Belagavi,Haveri,HAVERI,HANAGAL,BAMMANAHALLI,6,4,643.0
KARNATAKA,Belagavi,Haveri,HAVERI,HANAGAL,BELAGALAPETE,5,3,597.0
KARNATAKA,Belagavi,Haveri,HAVERI,HANAGAL,CHIKKANSHIHOSUR,7,6,417.0
KARNATAKA,Belagavi,Haveri,HAVERI,HANAGAL,DOLLESHWAR,4,4,465.0
KARNATAKA,Belagavi,Haveri,HAVERI,HANAGAL,GEJJEHALLI,4,4,289.0
KARNATAKA,Belagavi,Haveri,HAVERI,HANAGAL,GONDI,5,4,497.0
KARNATAKA,Belagavi,Haveri,HAVERI,HANAGAL,HAVANAGI,5,5,322.0
KARNATAKA,Belagavi,Haveri,HAVERI,HANAGAL,HERUR,5,5,707.0
KARNATAKA,Belagavi,Haveri,HAVERI,HANAGAL,HIREHULLALA,4,4,351.0
KARNATAKA,Belagavi,Haveri,HAVERI,HANAGAL,HIREKANAGI,9,9,595.0
KARNATAKA,Belagavi,Haveri,HAVERI,HANAGAL,HIRUR,6,5,394.0
KARNATAKA,Belagavi,Haveri,HAVERI,HANAGAL,HONKANA,4,3,296.0
KARNATAKA,Belagavi,Haveri,HAVERI,HANAGAL,HULLATTI,8,8,739.0
KARNATAKA,Belagavi,Haveri,HAVERI,HANAGAL,KALAVARKOPPA,5,5,517.0
KARNATAKA,Belagavi,Haveri,HAVERI,HANAGAL,KALLAPURA,5,5,295.0
KARNATAKA,Belagavi,Haveri,HAVERI,HANAGAL,KANCHINEGALUR,4,3,514.0
KARNATAKA,Belagavi,Haveri,HAVERI,HANAGAL,KARGUDARI,9,9,1136.0
KARNATAKA,Belagavi,Haveri,HAVERI,HANAGAL,KIRAWADI,6,6,793.0
KARNATAKA,Belagavi,Haveri,HAVERI,HANAGAL,KOODALA,6,6,452.0
KARNATAKA,Belagavi,Haveri,HAVERI,HANAGAL,KOOSANUR,6,5,507.0
KARNATAKA,Belagavi,Haveri,HAVERI,HANAGAL,KOPPARASIKOPPA,6,5,496.0
KARNATAKA,Belagavi,Haveri,HAVERI,HANAGAL,MALGUND,2,2,249.0
KARNATAKA,Belagavi,Haveri,HAVERI,HANAGAL,MANTHAGI,8,8,644.0
KARNATAKA,Belagavi,Haveri,HAVERI,HANAGAL,MARANABEEDA,8,6,846.0
KARNATAKA,Belagavi,Haveri,HAVERI,HANAGAL,MASANAKATTI,7,6,627.0
KARNATAKA,Belagavi,Haveri,HAVERI,HANAGAL,NAREGAL,5,4,1043.0
KARNATAKA,Belagavi,Haveri,HAVERI,HANAGAL,SAMMASAGI,9,9,531.0
KARNATAKA,Belagavi,Haveri,HAVERI,HANAGAL,SANWASAGI,6,6,429.0
KARNATAKA,Belagavi,Haveri,HAVERI,HANAGAL,SEEGEHALLISINGAPURPLOT,5,5,346.0
KARNATAKA,Belagavi,Haveri,HAVERI,HANAGAL,SHIRAGODA,8,7,714.0
KARNATAKA,Belagavi,Haveri,HAVERI,HANAGAL,SHYADAGUPPI,4,4,442.0
KARNATAKA,Belagavi,Haveri,HAVERI,HANAGAL,SOMASAGARA,7,7,483.0
KARNATAKA,Belagavi,Haveri,HAVERI,HANAGAL,SURALESWARA,2,2,115.0
KARNATAKA,Belagavi,Haveri,HAVERI,HANAGAL,TILAVALLI,12,8,789.0
KARNATAKA,Belagavi,Haveri,HAVERI,HANAGAL,UPPUNASI,5,5,568.0
KARNATAKA,Belagavi,Haveri,HAVERI,HANAGAL,YALAVATTI,7,7,916.0
KARNATAKA,Belagavi,Haveri,HAVERI,HAVERI,AGADI,11,9,942.0
KARNATAKA,Belagavi,Haveri,HAVERI,HAVERI,ALADAKATTI,6,5,599.0
KARNATAKA,Belagavi,Haveri,HAVERI,HAVERI,BASAPURA,4,3,892.0
KARNATAKA,Belagavi,Haveri,HAVERI,HAVERI,BELAVIGI,4,3,403.0
KARNATAKA,Belagavi,Haveri,HAVERI,HAVERI,BUDAGATTI,4,4,353.0
KARNATAKA,Belagavi,Haveri,HAVERI,HAVERI,DEVAGIRI,7,4,651.0
KARNATAKA,Belagavi,Haveri,HAVERI,HAVERI,DEVIHOSUR,6,6,874.0
KARNATAKA,Belagavi,Haveri,HAVERI,HAVERI,HALAGI,4,4,375.0
KARNATAKA,Belagavi,Haveri,HAVERI,HAVERI,HANDIGANUR,5,4,270.0
KARNATAKA,Belagavi,Haveri,HAVERI,HAVERI,HANVASI,2,2,292.0
KARNATAKA,Belagavi,Haveri,HAVERI,HAVERI,HAVANUR,6,5,872.0
KARNATAKA,Belagavi,Haveri,HAVERI,HAVERI,HOMBARADI,2,2,185.0
KARNATAKA,Belagavi,Haveri,HAVERI,HAVERI,HOSAKITTURA,4,4,324.0
KARNATAKA,Belagavi,Haveri,HAVERI,HAVERI,HOSARITTI,13,9,1483.0
KARNATAKA,Belagavi,Haveri,HAVERI,HAVERI,KABBUR,6,5,662.0
KARNATAKA,Belagavi,Haveri,HAVERI,HAVERI,KALLIHALA,4,3,335.0
KARNATAKA,Belagavi,Haveri,HAVERI,HAVERI,KANAKAPURA,4,4,564.0
KARNATAKA,Belagavi,Haveri,HAVERI,HAVERI,KANAVALLI,5,4,1035.0
KARNATAKA,Belagavi,Haveri,HAVERI,HAVERI,KANCHARAGATTI,7,6,547.0
KARNATAKA,Belagavi,Haveri,HAVERI,HAVERI,KARJAGI,12,11,2540.0
KARNATAKA,Belagavi,Haveri,HAVERI,HAVERI,KATENAHALLI,3,2,286.0
KARNATAKA,Belagavi,Haveri,HAVERI,HAVERI,KOLUR,4,4,325.0
KARNATAKA,Belagavi,Haveri,HAVERI,HAVERI,KONANATAMBIGI,5,4,386.0
KARNATAKA,Belagavi,Haveri,HAVERI,HAVERI,KULENUR,6,5,375.0
KARNATAKA,Belagavi,Haveri,HAVERI,HAVERI,KURGUNDA,2,2,871.0
KARNATAKA,Belagavi,Haveri,HAVERI,HAVERI,KURUBAGONDA,5,5,614.0
KARNATAKA,Belagavi,Haveri,HAVERI,HAVERI,MAROLA,4,3,556.0
KARNATAKA,Belagavi,Haveri,HAVERI,HAVERI,MEUNDI,5,4,580.0
KARNATAKA,Belagavi,Haveri,HAVERI,HAVERI,NAGANUR,5,4,497.0
KARNATAKA,Belagavi,Haveri,HAVERI,HAVERI,NEGALUR,6,5,773.0
KARNATAKA,Belagavi,Haveri,HAVERI,HAVERI,NELOGALL,3,3,324.0
KARNATAKA,Belagavi,Haveri,HAVERI,HAVERI,SANGUR,8,7,505.0
KARNATAKA,Belagavi,Haveri,HAVERI,HAVERI,YALAGACHA,8,7,544.0
KARNATAKA,Belagavi,Haveri,HAVERI,HIREKERUR,ABALUR,3,3,475.0
KARNATAKA,Belagavi,Haveri,HAVERI,HIREKERUR,ALADAGERI,6,6,473.0
KARNATAKA,Belagavi,Haveri,HAVERI,HIREKERUR,ANAJI,3,3,288.0
KARNATAKA,Belagavi,Haveri,HAVERI,HIREKERUR,ARALIKATTI,3,3,340.0
KARNATAKA,Belagavi,Haveri,HAVERI,HIREKERUR,BETAKERUR,3,3,229.0
KARNATAKA,Belagavi,Haveri,HAVERI,HIREKERUR,BHOGAVI,4,4,114.0
KARNATAKA,Belagavi,Haveri,HAVERI,HIREKERUR,BURADIKATTI,7,4,236.0
KARNATAKA,Belagavi,Haveri,HAVERI,HIREKERUR,CHANNALLI,8,8,1154.0
KARNATAKA,Belagavi,Haveri,HAVERI,HIREKERUR,CHIKKA YADACHI,4,4,215.0
KARNATAKA,Belagavi,Haveri,HAVERI,HIREKERUR,CHIKKERUR,16,12,1133.0
KARNATAKA,Belagavi,Haveri,HAVERI,HIREKERUR,CHIKKONATHI,5,5,309.0
KARNATAKA,Belagavi,Haveri,HAVERI,HIREKERUR,CHINNAMULAGUNDA,4,4,399.0
KARNATAKA,Belagavi,Haveri,HAVERI,HIREKERUR,HALLUR,9,9,610.0
KARNATAKA,Belagavi,Haveri,HAVERI,HIREKERUR,HAMSABHAVI,12,7,891.0
KARNATAKA,Belagavi,Haveri,HAVERI,HIREKERUR,HIREKABBAR,4,4,419.0
KARNATAKA,Belagavi,Haveri,HAVERI,HIREKERUR,HIREMORABA,9,9,996.0
KARNATAKA,Belagavi,Haveri,HAVERI,HIREKERUR,HULLATTI,2,2,340.0
KARNATAKA,Belagavi,Haveri,HAVERI,HIREKERUR,INGALAGONDI,3,3,368.0
KARNATAKA,Belagavi,Haveri,HAVERI,HIREKERUR,KACHAVI,5,5,317.0
KARNATAKA,Belagavi,Haveri,HAVERI,HIREKERUR,KADUR,5,5,587.0
KARNATAKA,Belagavi,Haveri,HAVERI,HIREKERUR,KANAVISIDDAGERI,8,8,418.0
KARNATAKA,Belagavi,Haveri,HAVERI,HIREKERUR,KODA,11,10,791.0
KARNATAKA,Belagavi,Haveri,HAVERI,HIREKERUR,KODAMAGGI,6,6,313.0
KARNATAKA,Belagavi,Haveri,HAVERI,HIREKERUR,KUDAPALI,7,7,678.0
KARNATAKA,Belagavi,Haveri,HAVERI,HIREKERUR,KUNCHURA,4,4,443.0
KARNATAKA,Belagavi,Haveri,HAVERI,HIREKERUR,MADLUR,5,4,230.0
KARNATAKA,Belagavi,Haveri,HAVERI,HIREKERUR,MAKARI,5,5,446.0
KARNATAKA,Belagavi,Haveri,HAVERI,HIREKERUR,MASUR,8,6,917.0
KARNATAKA,Belagavi,Haveri,HAVERI,HIREKERUR,MEDUR,4,4,328.0
KARNATAKA,Belagavi,Haveri,HAVERI,HIREKERUR,NAGAVANDA,4,4,477.0
KARNATAKA,Belagavi,Haveri,HAVERI,HIREKERUR,NESWI,5,5,241.0
KARNATAKA,Belagavi,Haveri,HAVERI,HIREKERUR,NIDANEGILU,7,7,424.0
KARNATAKA,Belagavi,Haveri,HAVERI,HIREKERUR,SATENAHALI,5,5,226.0
KARNATAKA,Belagavi,Haveri,HAVERI,HIREKERUR,SHIRAGAMBI,2,2,164.0
KARNATAKA,Belagavi,Haveri,HAVERI,HIREKERUR,SUTTKOTI,3,3,282.0
KARNATAKA,Belagavi,Haveri,HAVERI,HIREKERUR,TADAKANAHALLI,6,6,155.0
KARNATAKA,Belagavi,Haveri,HAVERI,HIREKERUR,TAVARAGI,4,4,165.0
KARNATAKA,Belagavi,Haveri,HAVERI,HIREKERUR,YATTINAHALLIMK,5,5,309.0
KARNATAKA,Belagavi,Haveri,HAVERI,RANNEBENNUR,ANTARAVALLI,6,5,318.0
KARNATAKA,Belagavi,Haveri,HAVERI,RANNEBENNUR,AREMALLAPURA,3,2,526.0
KARNATAKA,Belagavi,Haveri,HAVERI,RANNEBENNUR,ASUNDI,7,4,514.0
KARNATAKA,Belagavi,Haveri,HAVERI,RANNEBENNUR,BELUR,5,4,727.0
KARNATAKA,Belagavi,Haveri,HAVERI,RANNEBENNUR,BENAKANAKONDA,5,4,300.0
KARNATAKA,Belagavi,Haveri,HAVERI,RANNEBENNUR,BIILLALLI,7,7,487.0
KARNATAKA,Belagavi,Haveri,HAVERI,RANNEBENNUR,CHALAGERI,7,5,603.0
KARNATAKA,Belagavi,Haveri,HAVERI,RANNEBENNUR,CHIKKAKURAVATTI,5,5,480.0
KARNATAKA,Belagavi,Haveri,HAVERI,RANNEBENNUR,GUDAGUR,7,6,530.0
KARNATAKA,Belagavi,Haveri,HAVERI,RANNEBENNUR,GUDDADANVERI,4,4,316.0
KARNATAKA,Belagavi,Haveri,HAVERI,RANNEBENNUR,GUUDAGUDDAPURA,4,3,685.0
KARNATAKA,Belagavi,Haveri,HAVERI,RANNEBENNUR,HALAGERI,6,5,427.0
KARNATAKA,Belagavi,Haveri,HAVERI,RANNEBENNUR,HANUMAPURA,3,2,247.0
KARNATAKA,Belagavi,Haveri,HAVERI,RANNEBENNUR,HARANAGIRI,3,2,603.0
KARNATAKA,Belagavi,Haveri,HAVERI,RANNEBENNUR,HEDIYAL,3,3,233.0
KARNATAKA,Belagavi,Haveri,HAVERI,RANNEBENNUR,HIREBIDARI,3,3,644.0
KARNATAKA,Belagavi,Haveri,HAVERI,RANNEBENNUR,HONNATTI,7,5,399.0
KARNATAKA,Belagavi,Haveri,HAVERI,RANNEBENNUR,IRANI,4,4,271.0
KARNATAKA,Belagavi,Haveri,HAVERI,RANNEBENNUR,ITAGI,4,3,435.0
KARNATAKA,Belagavi,Haveri,HAVERI,RANNEBENNUR,JOISARAHARALAHALLI,3,2,159.0
KARNATAKA,Belagavi,Haveri,HAVERI,RANNEBENNUR,KAJJARI,4,4,323.0
KARNATAKA,Belagavi,Haveri,HAVERI,RANNEBENNUR,KAKOLA,4,2,751.0
KARNATAKA,Belagavi,Haveri,HAVERI,RANNEBENNUR,KAMADOD,7,4,404.0
KARNATAKA,Belagavi,Haveri,HAVERI,RANNEBENNUR,KARUR,4,3,683.0
KARNATAKA,Belagavi,Haveri,HAVERI,RANNEBENNUR,KAVALETTU,7,2,185.0
KARNATAKA,Belagavi,Haveri,HAVERI,RANNEBENNUR,KODIYALA,1,1,100.0
KARNATAKA,Belagavi,Haveri,HAVERI,RANNEBENNUR,KUPPELUR,4,4,460.0
KARNATAKA,Belagavi,Haveri,HAVERI,RANNEBENNUR,LINGADAHALLI,5,4,392.0
KARNATAKA,Belagavi,Haveri,HAVERI,RANNEBENNUR,MAKANUR,5,5,752.0
KARNATAKA,Belagavi,Haveri,HAVERI,RANNEBENNUR,MALANAYAKANAHALLI,8,8,343.0
KARNATAKA,Belagavi,Haveri,HAVERI,RANNEBENNUR,MEDLERI,6,6,1050.0
KARNATAKA,Belagavi,Haveri,HAVERI,RANNEBENNUR,MUDENUR,5,5,456.0
KARNATAKA,Belagavi,Haveri,HAVERI,RANNEBENNUR,NADIHARALAHALLI,3,3,365.0
KARNATAKA,Belagavi,Haveri,HAVERI,RANNEBENNUR,NITTUR,4,4,304.0
KARNATAKA,Belagavi,Haveri,HAVERI,RANNEBENNUR,RAHUTANAKATTI,7,7,1166.0
KARNATAKA,Belagavi,Haveri,HAVERI,RANNEBENNUR,SOMALAPUR,7,6,473.0
KARNATAKA,Belagavi,Haveri,HAVERI,RANNEBENNUR,SUNAKALBIDARI,5,4,591.0
KARNATAKA,Belagavi,Haveri,HAVERI,RANNEBENNUR,TUMMINAKATTI,8,6,709.0
KARNATAKA,Belagavi,Haveri,HAVERI,RANNEBENNUR,UKKUNDA,5,5,369.0
KARNATAKA,Belagavi,Haveri,HAVERI,RANNEBENNUR,Y.T.HONNATHI,7,7,608.0
KARNATAKA,Belagavi,Haveri,HAVERI,SAVANUR,CHILLURBADNI,8,8,1447.0
KARNATAKA,Belagavi,Haveri,HAVERI,SAVANUR,DAMBARAMATTUR,4,4,390.0
KARNATAKA,Belagavi,Haveri,HAVERI,SAVANUR,HATTIMATTUR,6,6,837.0
KARNATAKA,Belagavi,Haveri,HAVERI,SAVANUR,HESARUR,5,5,833.0
KARNATAKA,Belagavi,Haveri,HAVERI,SAVANUR,HIREMAGADUR,6,5,440.0
KARNATAKA,Belagavi,Haveri,HAVERI,SAVANUR,HIREMARALIHALLI,4,4,645.0
KARNATAKA,Belagavi,Haveri,HAVERI,SAVANUR,HOOVINASHIGLI,5,4,431.0
KARNATAKA,Belagavi,Haveri,HAVERI,SAVANUR,HURALIKUPPI,3,3,527.0
KARNATAKA,Belagavi,Haveri,HAVERI,SAVANUR,ICHANGI,4,3,439.0
KARNATAKA,Belagavi,Haveri,HAVERI,SAVANUR,JALLAPUR,5,4,587.0
KARNATAKA,Belagavi,Haveri,HAVERI,SAVANUR,KADAKOLA,6,6,689.0
KARNATAKA,Belagavi,Haveri,HAVERI,SAVANUR,KALASUR,3,3,482.0
KARNATAKA,Belagavi,Haveri,HAVERI,SAVANUR,KARADAGI,5,5,1288.0
KARNATAKA,Belagavi,Haveri,HAVERI,SAVANUR,KUNIMELLIHALLI,7,6,438.0
KARNATAKA,Belagavi,Haveri,HAVERI,SAVANUR,KURUBARAMALLUR,7,7,571.0
KARNATAKA,Belagavi,Haveri,HAVERI,SAVANUR,MANTRODI,4,3,553.0
KARNATAKA,Belagavi,Haveri,HAVERI,SAVANUR,SHIRABADAGI,5,5,938.0
KARNATAKA,Belagavi,Haveri,HAVERI,SAVANUR,TEGGIHALLI,11,10,659.0
KARNATAKA,Belagavi,Haveri,HAVERI,SAVANUR,TEVARAMELLIHALLI,7,5,402.0
KARNATAKA,Belagavi,Haveri,HAVERI,SAVANUR,TONDUR,4,4,396.0
KARNATAKA,Belagavi,Haveri,HAVERI,SAVANUR,YALAVIGI,7,5,665.0
KARNATAKA,Belagavi,Haveri,HAVERI,SHIGGOAN,ANDALAGI,3,3,449.0
KARNATAKA,Belagavi,Haveri,HAVERI,SHIGGOAN,ATTIGERI,3,2,282.0
KARNATAKA,Belagavi,Haveri,HAVERI,SHIGGOAN,BADA,8,7,950.0
KARNATAKA,Belagavi,Haveri,HAVERI,SHIGGOAN,BANNUR,5,5,694.0
KARNATAKA,Belagavi,Haveri,HAVERI,SHIGGOAN,BASAVANAL,1,1,218.0
KARNATAKA,Belagavi,Haveri,HAVERI,SHIGGOAN,CHANDAPURA,10,9,662.0
KARNATAKA,Belagavi,Haveri,HAVERI,SHIGGOAN,DUNDSI,9,9,806.0
KARNATAKA,Belagavi,Haveri,HAVERI,SHIGGOAN,GUDDADACHANNAPUR,3,3,311.0
KARNATAKA,Belagavi,Haveri,HAVERI,SHIGGOAN,HALEBANKAPUR,4,4,353.0
KARNATAKA,Belagavi,Haveri,HAVERI,SHIGGOAN,HANUMARAHALLI,6,5,417.0
KARNATAKA,Belagavi,Haveri,HAVERI,SHIGGOAN,HIREBENDIGERI,5,5,445.0
KARNATAKA,Belagavi,Haveri,HAVERI,SHIGGOAN,HIREMALLUR,7,7,841.0
KARNATAKA,Belagavi,Haveri,HAVERI,SHIGGOAN,HIREMANAKATTI,4,4,572.0
KARNATAKA,Belagavi,Haveri,HAVERI,SHIGGOAN,HOSUR,8,6,431.0
KARNATAKA,Belagavi,Haveri,HAVERI,SHIGGOAN,HOTANAHALLI,5,5,554.0
KARNATAKA,Belagavi,Haveri,HAVERI,SHIGGOAN,HULGUR,7,5,1173.0
KARNATAKA,Belagavi,Haveri,HAVERI,SHIGGOAN,HUNAGUND,6,6,384.0
KARNATAKA,Belagavi,Haveri,HAVERI,SHIGGOAN,KABANOOR,4,4,315.0
KARNATAKA,Belagavi,Haveri,HAVERI,SHIGGOAN,KONANAKERI,13,12,1192.0
KARNATAKA,Belagavi,Haveri,HAVERI,SHIGGOAN,KUNDUR,5,4,354.0
KARNATAKA,Belagavi,Haveri,HAVERI,SHIGGOAN,KUNNOOR,8,8,828.0
KARNATAKA,Belagavi,Haveri,HAVERI,SHIGGOAN,KYALAKONDA,5,5,632.0
KARNATAKA,Belagavi,Haveri,HAVERI,SHIGGOAN,MADLI,3,2,345.0
KARNATAKA,Belagavi,Haveri,HAVERI,SHIGGOAN,NARAYANAPURA,4,4,723.0
KARNATAKA,Belagavi,Haveri,HAVERI,SHIGGOAN,NMTADASA,3,3,477.0
KARNATAKA,Belagavi,Haveri,HAVERI,SHIGGOAN,SHISHUVINAHALA,1,1,213.0
KARNATAKA,Belagavi,Haveri,HAVERI,SHIGGOAN,TADASA,10,7,1224.0
KARNATAKA,Belagavi,Haveri,HAVERI,SHIGGOAN,VANAHALLI,6,6,416.0
KARNATAKA,Belagavi,Uttara Kannada,UTTARA KANNADA,ANKOLA,ACHVE,14,14,249.0
KARNATAKA,Belagavi,Uttara Kannada,UTTARA KANNADA,ANKOLA,AGRAGONE,5,5,278.0
KARNATAKA,Belagavi,Uttara Kannada,UTTARA KANNADA,ANKOLA,AGSUR,8,8,364.0
KARNATAKA,Belagavi,Uttara Kannada,UTTARA KANNADA,ANKOLA,ALAGERI,5,5,175.0
KARNATAKA,Belagavi,Uttara Kannada,UTTARA KANNADA,ANKOLA,AVERSA,4,4,281.0
KARNATAKA,Belagavi,Uttara Kannada,UTTARA KANNADA,ANKOLA,BAVIKERI,4,4,265.0
KARNATAKA,Belagavi,Uttara Kannada,UTTARA KANNADA,ANKOLA,BELAMBAR,5,4,368.0
KARNATAKA,Belagavi,Uttara Kannada,UTTARA KANNADA,ANKOLA,BELEKERI,3,3,276.0
KARNATAKA,Belagavi,Uttara Kannada,UTTARA KANNADA,ANKOLA,BELSE,7,7,346.0
KARNATAKA,Belagavi,Uttara Kannada,UTTARA KANNADA,ANKOLA,BOBRUWADA,6,6,306.0
KARNATAKA,Belagavi,Uttara Kannada,UTTARA KANNADA,ANKOLA,DONGRI,13,13,292.0
KARNATAKA,Belagavi,Uttara Kannada,UTTARA KANNADA,ANKOLA,HARWADA,5,5,280.0
KARNATAKA,Belagavi,Uttara Kannada,UTTARA KANNADA,ANKOLA,HATTIKERI,5,4,199.0
KARNATAKA,Belagavi,Uttara Kannada,UTTARA KANNADA,ANKOLA,HILLUR,10,10,308.0
KARNATAKA,Belagavi,Uttara Kannada,UTTARA KANNADA,ANKOLA,HONNEBAILU,6,6,183.0
KARNATAKA,Belagavi,Uttara Kannada,UTTARA KANNADA,ANKOLA,MOGTA,9,9,182.0
KARNATAKA,Belagavi,Uttara Kannada,UTTARA KANNADA,ANKOLA,SAGADGERI,8,7,196.0
KARNATAKA,Belagavi,Uttara Kannada,UTTARA KANNADA,ANKOLA,SHETGERI,8,7,233.0
KARNATAKA,Belagavi,Uttara Kannada,UTTARA KANNADA,ANKOLA,SUNKASAL,8,8,160.0
KARNATAKA,Belagavi,Uttara Kannada,UTTARA KANNADA,ANKOLA,VANDIGE,4,4,79.0
KARNATAKA,Belagavi,Uttara Kannada,UTTARA KANNADA,ANKOLA,VASARAKUDRIGE,6,6,140.0
KARNATAKA,Belagavi,Uttara Kannada,UTTARA KANNADA,BHATKAL,BAILUR,14,12,712.0
KARNATAKA,Belagavi,Uttara Kannada,UTTARA KANNADA,BHATKAL,BELAKE,10,10,738.0
KARNATAKA,Belagavi,Uttara Kannada,UTTARA KANNADA,BHATKAL,BENGRE,13,13,660.0
KARNATAKA,Belagavi,Uttara Kannada,UTTARA KANNADA,BHATKAL,HADAVALLI,16,16,431.0
KARNATAKA,Belagavi,Uttara Kannada,UTTARA KANNADA,BHATKAL,HEBLE,16,12,1217.0
KARNATAKA,Belagavi,Uttara Kannada,UTTARA KANNADA,BHATKAL,KAIKINI,12,12,1358.0
KARNATAKA,Belagavi,Uttara Kannada,UTTARA KANNADA,BHATKAL,KONAR,10,10,183.0
KARNATAKA,Belagavi,Uttara Kannada,UTTARA KANNADA,BHATKAL,KOPPA,18,18,371.0
KARNATAKA,Belagavi,Uttara Kannada,UTTARA KANNADA,BHATKAL,MARUKERI,5,5,147.0
KARNATAKA,Belagavi,Uttara Kannada,UTTARA KANNADA,BHATKAL,MAVALLI,2,0,
KARNATAKA,Belagavi,Uttara Kannada,UTTARA KANNADA,BHATKAL,MAVALLI-2,16,14,978.0
KARNATAKA,Belagavi,Uttara Kannada,UTTARA KANNADA,BHATKAL,MAVINAKURVE,6,6,334.0
KARNATAKA,Belagavi,Uttara Kannada,UTTARA KANNADA,BHATKAL,MUNDALLI,5,5,271.0
KARNATAKA,Belagavi,Uttara Kannada,UTTARA KANNADA,BHATKAL,MUTALLI,5,5,306.0
KARNATAKA,Belagavi,Uttara Kannada,UTTARA KANNADA,BHATKAL,SHIRALI,15,12,1052.0
KARNATAKA,Belagavi,Uttara Kannada,UTTARA KANNADA,BHATKAL,YELAVADIKAVOOR,9,9,581.0
KARNATAKA,Belagavi,Uttara Kannada,UTTARA KANNADA,HONNAVAR,BALKOOR,11,11,334.0
KARNATAKA,Belagavi,Uttara Kannada,UTTARA KANNADA,HONNAVAR,CHANDAVAR,10,10,473.0
KARNATAKA,Belagavi,Uttara Kannada,UTTARA KANNADA,HONNAVAR,CHIKKANKOD,17,17,425.0
KARNATAKA,Belagavi,Uttara Kannada,UTTARA KANNADA,HONNAVAR,HADINBAL,6,6,163.0
KARNATAKA,Belagavi,Uttara Kannada,UTTARA KANNADA,HONNAVAR,HALDIPUR,16,15,669.0
KARNATAKA,Belagavi,Uttara Kannada,UTTARA KANNADA,HONNAVAR,HEREANGADI,13,12,579.0
KARNATAKA,Belagavi,Uttara Kannada,UTTARA KANNADA,HONNAVAR,HOSAKULI,6,5,146.0
KARNATAKA,Belagavi,Uttara Kannada,UTTARA KANNADA,HONNAVAR,JALVALLI,9,9,397.0
KARNATAKA,Belagavi,Uttara Kannada,UTTARA KANNADA,HONNAVAR,KADATOKA,7,7,222.0
KARNATAKA,Belagavi,Uttara Kannada,UTTARA KANNADA,HONNAVAR,KADLE,5,5,192.0
KARNATAKA,Belagavi,Uttara Kannada,UTTARA KANNADA,HONNAVAR,KARKI,12,10,341.0
KARNATAKA,Belagavi,Uttara Kannada,UTTARA KANNADA,HONNAVAR,KASARKOD,10,10,848.0
KARNATAKA,Belagavi,Uttara Kannada,UTTARA KANNADA,HONNAVAR,KELGINOR,9,8,324.0
KARNATAKA,Belagavi,Uttara Kannada,UTTARA KANNADA,HONNAVAR,KHARWA,11,9,256.0
KARNATAKA,Belagavi,Uttara Kannada,UTTARA KANNADA,HONNAVAR,KODANI,8,7,347.0
KARNATAKA,Belagavi,Uttara Kannada,UTTARA KANNADA,HONNAVAR,KUDRIGI,7,7,224.0
KARNATAKA,Belagavi,Uttara Kannada,UTTARA KANNADA,HONNAVAR,MAGODA,5,5,171.0
KARNATAKA,Belagavi,Uttara Kannada,UTTARA KANNADA,HONNAVAR,MANKI B (ANANTHAWADI),4,4,71.0
KARNATAKA,Belagavi,Uttara Kannada,UTTARA KANNADA,HONNAVAR,MANKI C (CHITHARA),9,9,177.0
KARNATAKA,Belagavi,Uttara Kannada,UTTARA KANNADA,HONNAVAR,MAVINKURVE,5,5,536.0
KARNATAKA,Belagavi,Uttara Kannada,UTTARA KANNADA,HONNAVAR,MELIN IDGUNJI,9,9,265.0
KARNATAKA,Belagavi,Uttara Kannada,UTTARA KANNADA,HONNAVAR,MUGWA,10,9,220.0
KARNATAKA,Belagavi,Uttara Kannada,UTTARA KANNADA,HONNAVAR,NAGARBASTIKERI,11,9,276.0
KARNATAKA,Belagavi,Uttara Kannada,UTTARA KANNADA,HONNAVAR,NAVILGONE,6,6,183.0
KARNATAKA,Belagavi,Uttara Kannada,UTTARA KANNADA,HONNAVAR,SALKOD,11,11,193.0
KARNATAKA,Belagavi,Uttara Kannada,UTTARA KANNADA,HONNAVAR,UPPONI,15,15,489.0
KARNATAKA,Belagavi,Uttara Kannada,UTTARA KANNADA,KARWAR,AMDALLI,8,7,461.0
KARNATAKA,Belagavi,Uttara Kannada,UTTARA KANNADA,KARWAR,ASNOTI,5,4,38.0
KARNATAKA,Belagavi,Uttara Kannada,UTTARA KANNADA,KARWAR,CHENDIYA,6,6,1758.0
KARNATAKA,Belagavi,Uttara Kannada,UTTARA KANNADA,KARWAR,CHITTAKULA,8,8,240.0
KARNATAKA,Belagavi,Uttara Kannada,UTTARA KANNADA,KARWAR,DEVALMAKKI,8,8,270.0
KARNATAKA,Belagavi,Uttara Kannada,UTTARA KANNADA,KARWAR,GHADSAI,6,4,64.0
KARNATAKA,Belagavi,Uttara Kannada,UTTARA KANNADA,KARWAR,GOTEGALI,9,8,135.0
KARNATAKA,Belagavi,Uttara Kannada,UTTARA KANNADA,KARWAR,HANKON,5,5,51.0
KARNATAKA,Belagavi,Uttara Kannada,UTTARA KANNADA,KARWAR,KADRA,5,3,42.0
KARNATAKA,Belagavi,Uttara Kannada,UTTARA KANNADA,KARWAR,KADWAD,5,5,95.0
KARNATAKA,Belagavi,Uttara Kannada,UTTARA KANNADA,KARWAR,KERWADI,2,2,45.0
KARNATAKA,Belagavi,Uttara Kannada,UTTARA KANNADA,KARWAR,KINNER,4,4,73.0
KARNATAKA,Belagavi,Uttara Kannada,UTTARA KANNADA,KARWAR,MAJALI,10,10,211.0
KARNATAKA,Belagavi,Uttara Kannada,UTTARA KANNADA,KARWAR,MALLAPUR,11,10,1118.0
KARNATAKA,Belagavi,Uttara Kannada,UTTARA KANNADA,KARWAR,MUDGERI,3,3,54.0
KARNATAKA,Belagavi,Uttara Kannada,UTTARA KANNADA,KARWAR,SHIRWAD,7,6,358.0
KARNATAKA,Belagavi,Uttara Kannada,UTTARA KANNADA,KARWAR,THODURU,2,2,173.0
KARNATAKA,Belagavi,Uttara Kannada,UTTARA KANNADA,KARWAR,WAILWADA,7,6,62.0
KARNATAKA,Belagavi,Uttara Kannada,UTTARA KANNADA,KUMTA,ALAKOD,16,16,443.0
KARNATAKA,Belagavi,Uttara Kannada,UTTARA KANNADA,KUMTA,BAAD,5,5,376.0
KARNATAKA,Belagavi,Uttara Kannada,UTTARA KANNADA,KUMTA,BARGI,11,11,682.0
KARNATAKA,Belagavi,Uttara Kannada,UTTARA KANNADA,KUMTA,DEEVGI,11,11,368.0
KARNATAKA,Belagavi,Uttara Kannada,UTTARA KANNADA,KUMTA,DEVAGIRI,11,10,485.0
KARNATAKA,Belagavi,Uttara Kannada,UTTARA KANNADA,KUMTA,GOKARNA,18,14,796.0
KARNATAKA,Belagavi,Uttara Kannada,UTTARA KANNADA,KUMTA,HANEHALLI,5,5,367.0
KARNATAKA,Belagavi,Uttara Kannada,UTTARA KANNADA,KUMTA,HEGDE,12,12,925.0
KARNATAKA,Belagavi,Uttara Kannada,UTTARA KANNADA,KUMTA,HIREGUTTI,9,8,336.0
KARNATAKA,Belagavi,Uttara Kannada,UTTARA KANNADA,KUMTA,HOLANGADDE,9,9,444.0
KARNATAKA,Belagavi,Uttara Kannada,UTTARA KANNADA,KUMTA,KAGAL,9,9,714.0
KARNATAKA,Belagavi,Uttara Kannada,UTTARA KANNADA,KUMTA,KALBHAG,1,1,52.0
KARNATAKA,Belagavi,Uttara Kannada,UTTARA KANNADA,KUMTA,KALLABBE,7,7,124.0
KARNATAKA,Belagavi,Uttara Kannada,UTTARA KANNADA,KUMTA,KODAKANI,2,2,164.0
KARNATAKA,Belagavi,Uttara Kannada,UTTARA KANNADA,KUMTA,KOOJALI,7,7,476.0
KARNATAKA,Belagavi,Uttara Kannada,UTTARA KANNADA,KUMTA,MIRJAN,14,13,572.0
KARNATAKA,Belagavi,Uttara Kannada,UTTARA KANNADA,KUMTA,MURUR,7,6,249.0
KARNATAKA,Belagavi,Uttara Kannada,UTTARA KANNADA,KUMTA,NADUMASKERI,9,9,720.0
KARNATAKA,Belagavi,Uttara Kannada,UTTARA KANNADA,KUMTA,SANTEGULI,9,9,651.0
KARNATAKA,Belagavi,Uttara Kannada,UTTARA KANNADA,KUMTA,SOPPINAHOSALLI,9,9,252.0
KARNATAKA,Belagavi,Uttara Kannada,UTTARA KANNADA,KUMTA,TORKE,7,7,323.0
KARNATAKA,Belagavi,Uttara Kannada,UTTARA KANNADA,KUMTA,WALGALLI,9,9,270.0
KARNATAKA,Belagavi,Uttara Kannada,UTTARA KANNADA SIRSI,HALIYAL,ALUR,10,10,287.0
KARNATAKA,Belagavi,Uttara Kannada,UTTARA KANNADA SIRSI,HALIYAL,AMBEWADI,5,5,294.0
KARNATAKA,Belagavi,Uttara Kannada,UTTARA KANNADA SIRSI,HALIYAL,AMBIKANAGAR,5,4,263.0
KARNATAKA,Belagavi,Uttara Kannada,UTTARA KANNADA SIRSI,HALIYAL,ARALWAD,4,4,581.0
KARNATAKA,Belagavi,Uttara Kannada,UTTARA KANNADA SIRSI,HALIYAL,BADAKANASHIRADA,4,4,278.0
KARNATAKA,Belagavi,Uttara Kannada,UTTARA KANNADA SIRSI,HALIYAL,BELWATGI,4,4,333.0
KARNATAKA,Belagavi,Uttara Kannada,UTTARA KANNADA SIRSI,HALIYAL,BHAGVATI,11,11,620.0
KARNATAKA,Belagavi,Uttara Kannada,UTTARA KANNADA SIRSI,HALIYAL,BUZURKANCHANALLI,4,4,919.0
KARNATAKA,Belagavi,Uttara Kannada,UTTARA KANNADA SIRSI,HALIYAL,CHIBBALGERI`,4,4,302.0
KARNATAKA,Belagavi,Uttara Kannada,UTTARA KANNADA SIRSI,HALIYAL,GUNDOLLI,6,6,542.0
KARNATAKA,Belagavi,Uttara Kannada,UTTARA KANNADA SIRSI,HALIYAL,HAVAGI,6,6,476.0
KARNATAKA,Belagavi,Uttara Kannada,UTTARA KANNADA SIRSI,HALIYAL,JANAGA,8,8,671.0
KARNATAKA,Belagavi,Uttara Kannada,UTTARA KANNADA SIRSI,HALIYAL,KAVALWAD,3,3,360.0
KARNATAKA,Belagavi,Uttara Kannada,UTTARA KANNADA SIRSI,HALIYAL,KESAROLLI,10,10,402.0
KARNATAKA,Belagavi,Uttara Kannada,UTTARA KANNADA SIRSI,HALIYAL,MADNALLI,7,7,917.0
KARNATAKA,Belagavi,Uttara Kannada,UTTARA KANNADA SIRSI,HALIYAL,MANGALWAD,2,2,422.0
KARNATAKA,Belagavi,Uttara Kannada,UTTARA KANNADA SIRSI,HALIYAL,MODALAGERA,4,4,269.0
KARNATAKA,Belagavi,Uttara Kannada,UTTARA KANNADA SIRSI,HALIYAL,MURUKWAD,8,6,851.0
KARNATAKA,Belagavi,Uttara Kannada,UTTARA KANNADA SIRSI,HALIYAL,NAGASHETTIKOPPA,4,4,346.0
KARNATAKA,Belagavi,Uttara Kannada,UTTARA KANNADA SIRSI,HALIYAL,SAMBRANI,7,7,499.0
KARNATAKA,Belagavi,Uttara Kannada,UTTARA KANNADA SIRSI,HALIYAL,TATTIGERI,9,9,429.0
KARNATAKA,Belagavi,Uttara Kannada,UTTARA KANNADA SIRSI,HALIYAL,TATWANAGI,8,8,487.0
KARNATAKA,Belagavi,Uttara Kannada,UTTARA KANNADA SIRSI,HALIYAL,TERGAON,2,2,681.0
KARNATAKA,Belagavi,Uttara Kannada,UTTARA KANNADA SIRSI,HALIYAL,YADOGA,3,3,318.0
KARNATAKA,Belagavi,Uttara Kannada,UTTARA KANNADA SIRSI,JOIDA,AKHETI,15,15,408.0
KARNATAKA,Belagavi,Uttara Kannada,UTTARA KANNADA SIRSI,JOIDA,ANSHI,12,12,155.0
KARNATAKA,Belagavi,Uttara Kannada,UTTARA KANNADA SIRSI,JOIDA,ASU,13,13,327.0
KARNATAKA,Belagavi,Uttara Kannada,UTTARA KANNADA SIRSI,JOIDA,AVEDA,7,5,134.0
KARNATAKA,Belagavi,Uttara Kannada,UTTARA KANNADA SIRSI,JOIDA,BAZAAR KULANG,12,12,113.0
KARNATAKA,Belagavi,Uttara Kannada,UTTARA KANNADA SIRSI,JOIDA,CASTLE ROCK (KALAMBOLI),2,1,43.0
KARNATAKA,Belagavi,Uttara Kannada,UTTARA KANNADA SIRSI,JOIDA,GANGODA,6,6,100.0
KARNATAKA,Belagavi,Uttara Kannada,UTTARA KANNADA SIRSI,JOIDA,JAGALBATE,6,6,347.0
KARNATAKA,Belagavi,Uttara Kannada,UTTARA KANNADA SIRSI,JOIDA,JOIDA,12,11,815.0
KARNATAKA,Belagavi,Uttara Kannada,UTTARA KANNADA SIRSI,JOIDA,KATELI,17,17,396.0
KARNATAKA,Belagavi,Uttara Kannada,UTTARA KANNADA SIRSI,JOIDA,NAGODA,11,11,224.0
KARNATAKA,Belagavi,Uttara Kannada,UTTARA KANNADA SIRSI,JOIDA,NANDIGADDE,6,6,132.0
KARNATAKA,Belagavi,Uttara Kannada,UTTARA KANNADA SIRSI,JOIDA,PRADHANI,14,14,389.0
KARNATAKA,Belagavi,Uttara Kannada,UTTARA KANNADA SIRSI,JOIDA,RAMNAGAR,9,7,998.0
KARNATAKA,Belagavi,Uttara Kannada,UTTARA KANNADA SIRSI,JOIDA,SHINGARAGAON,6,6,181.0
KARNATAKA,Belagavi,Uttara Kannada,UTTARA KANNADA SIRSI,JOIDA,ULVI,9,9,223.0
KARNATAKA,Belagavi,Uttara Kannada,UTTARA KANNADA SIRSI,MUNDAGOD,BACHANKI,8,8,520.0
KARNATAKA,Belagavi,Uttara Kannada,UTTARA KANNADA SIRSI,MUNDAGOD,BEDASGAON,8,8,281.0
KARNATAKA,Belagavi,Uttara Kannada,UTTARA KANNADA SIRSI,MUNDAGOD,CHAWDALLI,10,10,633.0
KARNATAKA,Belagavi,Uttara Kannada,UTTARA KANNADA SIRSI,MUNDAGOD,CHIGALLI,7,6,522.0
KARNATAKA,Belagavi,Uttara Kannada,UTTARA KANNADA SIRSI,MUNDAGOD,GUNJAVATI,9,8,949.0
KARNATAKA,Belagavi,Uttara Kannada,UTTARA KANNADA SIRSI,MUNDAGOD,HUNGUND,7,7,580.0
KARNATAKA,Belagavi,Uttara Kannada,UTTARA KANNADA SIRSI,MUNDAGOD,INDOOR,6,5,580.0
KARNATAKA,Belagavi,Uttara Kannada,UTTARA KANNADA SIRSI,MUNDAGOD,KATTUR,12,11,494.0
KARNATAKA,Belagavi,Uttara Kannada,UTTARA KANNADA SIRSI,MUNDAGOD,KODAMBI,8,8,441.0
KARNATAKA,Belagavi,Uttara Kannada,UTTARA KANNADA SIRSI,MUNDAGOD,MAINALLI,8,8,551.0
KARNATAKA,Belagavi,Uttara Kannada,UTTARA KANNADA SIRSI,MUNDAGOD,MALAGI,14,13,1172.0
KARNATAKA,Belagavi,Uttara Kannada,UTTARA KANNADA SIRSI,MUNDAGOD,NAGANURU,12,12,747.0
KARNATAKA,Belagavi,Uttara Kannada,UTTARA KANNADA SIRSI,MUNDAGOD,NANDIKATTA,6,6,372.0
KARNATAKA,Belagavi,Uttara Kannada,UTTARA KANNADA SIRSI,MUNDAGOD,ONIKERI,3,3,270.0
KARNATAKA,Belagavi,Uttara Kannada,UTTARA KANNADA SIRSI,MUNDAGOD,PALA,7,6,654.0
KARNATAKA,Belagavi,Uttara Kannada,UTTARA KANNADA SIRSI,MUNDAGOD,SALGAON,10,9,756.0
KARNATAKA,Belagavi,Uttara Kannada,UTTARA KANNADA SIRSI,SIDDAPUR,ANALEBAIL,10,10,390.0
KARNATAKA,Belagavi,Uttara Kannada,UTTARA KANNADA SIRSI,SIDDAPUR,BEDKANI,6,6,332.0
KARNATAKA,Belagavi,Uttara Kannada,UTTARA KANNADA SIRSI,SIDDAPUR,BIDRAKAN,10,10,270.0
KARNATAKA,Belagavi,Uttara Kannada,UTTARA KANNADA SIRSI,SIDDAPUR,BILGI,4,4,246.0
KARNATAKA,Belagavi,Uttara Kannada,UTTARA KANNADA SIRSI,SIDDAPUR,DODMANE,9,9,335.0
KARNATAKA,Belagavi,Uttara Kannada,UTTARA KANNADA SIRSI,SIDDAPUR,HAARSIKATTA,12,12,516.0
KARNATAKA,Belagavi,Uttara Kannada,UTTARA KANNADA SIRSI,SIDDAPUR,HALGERI,14,14,386.0
KARNATAKA,Belagavi,Uttara Kannada,UTTARA KANNADA SIRSI,SIDDAPUR,HASARAGOD,5,5,140.0
KARNATAKA,Belagavi,Uttara Kannada,UTTARA KANNADA SIRSI,SIDDAPUR,HEGGARANI,9,9,256.0
KARNATAKA,Belagavi,Uttara Kannada,UTTARA KANNADA SIRSI,SIDDAPUR,ITGI,9,9,192.0
KARNATAKA,Belagavi,Uttara Kannada,UTTARA KANNADA SIRSI,SIDDAPUR,KANGOD,8,8,356.0
KARNATAKA,Belagavi,Uttara Kannada,UTTARA KANNADA SIRSI,SIDDAPUR,KAVANCHOOR,15,15,779.0
KARNATAKA,Belagavi,Uttara Kannada,UTTARA KANNADA SIRSI,SIDDAPUR,KOLSIRSI,8,8,340.0
KARNATAKA,Belagavi,Uttara Kannada,UTTARA KANNADA SIRSI,SIDDAPUR,KORLAKAI(ADUKATTA),6,6,152.0
KARNATAKA,Belagavi,Uttara Kannada,UTTARA KANNADA SIRSI,SIDDAPUR,KYADAGI,11,10,211.0
KARNATAKA,Belagavi,Uttara Kannada,UTTARA KANNADA SIRSI,SIDDAPUR,MANMANE,5,5,204.0
KARNATAKA,Belagavi,Uttara Kannada,UTTARA KANNADA SIRSI,SIDDAPUR,NILKUND,9,9,234.0
KARNATAKA,Belagavi,Uttara Kannada,UTTARA KANNADA SIRSI,SIDDAPUR,SHIRALGI,8,8,241.0
KARNATAKA,Belagavi,Uttara Kannada,UTTARA KANNADA SIRSI,SIDDAPUR,SOVINKOPPA,7,7,158.0
KARNATAKA,Belagavi,Uttara Kannada,UTTARA KANNADA SIRSI,SIDDAPUR,TANDAGUNDI,5,5,152.0
KARNATAKA,Belagavi,Uttara Kannada,UTTARA KANNADA SIRSI,SIDDAPUR,TAREHALLI - KANSUR,9,8,227.0
KARNATAKA,Belagavi,Uttara Kannada,UTTARA KANNADA SIRSI,SIDDAPUR,TYAGALI,8,8,177.0
KARNATAKA,Belagavi,Uttara Kannada,UTTARA KANNADA SIRSI,SIDDAPUR,WAJGOD,14,14,256.0
KARNATAKA,Belagavi,Uttara Kannada,UTTARA KANNADA SIRSI,SIRSI,ANDAGI,7,7,243.0
KARNATAKA,Belagavi,Uttara Kannada,UTTARA KANNADA SIRSI,SIRSI,BADANGOD,15,14,697.0
KARNATAKA,Belagavi,Uttara Kannada,UTTARA KANNADA SIRSI,SIRSI,BANAVASI,8,5,704.0
KARNATAKA,Belagavi,Uttara Kannada,UTTARA KANNADA SIRSI,SIRSI,BANDAL,10,10,218.0
KARNATAKA,Belagavi,Uttara Kannada,UTTARA KANNADA SIRSI,SIRSI,BANKANAAL,10,9,471.0
KARNATAKA,Belagavi,Uttara Kannada,UTTARA KANNADA SIRSI,SIRSI,BHAIRUMBE,7,7,221.0
KARNATAKA,Belagavi,Uttara Kannada,UTTARA KANNADA SIRSI,SIRSI,BHASI,9,9,351.0
KARNATAKA,Belagavi,Uttara Kannada,UTTARA KANNADA SIRSI,SIRSI,BISALKOPPA,13,13,392.0
KARNATAKA,Belagavi,Uttara Kannada,UTTARA KANNADA SIRSI,SIRSI,DEVANALLI,10,10,314.0
KARNATAKA,Belagavi,Uttara Kannada,UTTARA KANNADA SIRSI,SIRSI,DODNALLI,15,13,354.0
KARNATAKA,Belagavi,Uttara Kannada,UTTARA KANNADA SIRSI,SIRSI,GUADNAPUR,10,10,300.0
KARNATAKA,Belagavi,Uttara Kannada,UTTARA KANNADA SIRSI,SIRSI,HALGADDE,6,6,200.0
KARNATAKA,Belagavi,Uttara Kannada,UTTARA KANNADA SIRSI,SIRSI,HULEKAL,7,7,408.0
KARNATAKA,Belagavi,Uttara Kannada,UTTARA KANNADA SIRSI,SIRSI,HUNASEKOPPA,9,9,222.0
KARNATAKA,Belagavi,Uttara Kannada,UTTARA KANNADA SIRSI,SIRSI,HUTTAGAAR,3,3,79.0
KARNATAKA,Belagavi,Uttara Kannada,UTTARA KANNADA SIRSI,SIRSI,ISALOORU,12,10,496.0
KARNATAKA,Belagavi,Uttara Kannada,UTTARA KANNADA SIRSI,SIRSI,ITGULI,5,5,187.0
KARNATAKA,Belagavi,Uttara Kannada,UTTARA KANNADA SIRSI,SIRSI,JANMANE,10,10,237.0
KARNATAKA,Belagavi,Uttara Kannada,UTTARA KANNADA SIRSI,SIRSI,KANGOD,8,8,298.0
KARNATAKA,Belagavi,Uttara Kannada,UTTARA KANNADA SIRSI,SIRSI,KODNAGADDE,8,8,268.0
KARNATAKA,Belagavi,Uttara Kannada,UTTARA KANNADA SIRSI,SIRSI,KULAVE,8,8,164.0
KARNATAKA,Belagavi,Uttara Kannada,UTTARA KANNADA SIRSI,SIRSI,MALINA ONIKERI,4,4,156.0
KARNATAKA,Belagavi,Uttara Kannada,UTTARA KANNADA SIRSI,SIRSI,MANJAGUNI,4,4,134.0
KARNATAKA,Belagavi,Uttara Kannada,UTTARA KANNADA SIRSI,SIRSI,NEGGU,14,14,258.0
KARNATAKA,Belagavi,Uttara Kannada,UTTARA KANNADA SIRSI,SIRSI,SADASHIVALLI,6,6,136.0
KARNATAKA,Belagavi,Uttara Kannada,UTTARA KANNADA SIRSI,SIRSI,SALKANI,6,6,165.0
KARNATAKA,Belagavi,Uttara Kannada,UTTARA KANNADA SIRSI,SIRSI,SHIVALLI,8,8,177.0
KARNATAKA,Belagavi,Uttara Kannada,UTTARA KANNADA SIRSI,SIRSI,SONDHA,7,7,210.0
KARNATAKA,Belagavi,Uttara Kannada,UTTARA KANNADA SIRSI,SIRSI,SUGAVI,5,5,223.0
KARNATAKA,Belagavi,Uttara Kannada,UTTARA KANNADA SIRSI,SIRSI,UNCHALLI,14,14,613.0
KARNATAKA,Belagavi,Uttara Kannada,UTTARA KANNADA SIRSI,SIRSI,VANALLI,11,11,222.0
KARNATAKA,Belagavi,Uttara Kannada,UTTARA KANNADA SIRSI,SIRSI,YADALLI,5,5,118.0
KARNATAKA,Belagavi,Uttara Kannada,UTTARA KANNADA SIRSI,YELLAPUR,ANGOD,7,7,176.0
KARNATAKA,Belagavi,Uttara Kannada,UTTARA KANNADA SIRSI,YELLAPUR,CHANDHAGULI,8,8,183.0
KARNATAKA,Belagavi,Uttara Kannada,UTTARA KANNADA SIRSI,YELLAPUR,DEHALLI,4,4,124.0
KARNATAKA,Belagavi,Uttara Kannada,UTTARA KANNADA SIRSI,YELLAPUR,HASANGI,6,6,211.0
KARNATAKA,Belagavi,Uttara Kannada,UTTARA KANNADA SIRSI,YELLAPUR,HITHALLI,5,5,195.0
KARNATAKA,Belagavi,Uttara Kannada,UTTARA KANNADA SIRSI,YELLAPUR,IDGUNDI,15,14,373.0
KARNATAKA,Belagavi,Uttara Kannada,UTTARA KANNADA SIRSI,YELLAPUR,KAMPLI,8,8,430.0
KARNATAKA,Belagavi,Uttara Kannada,UTTARA KANNADA SIRSI,YELLAPUR,KANNIGERI,14,14,401.0
KARNATAKA,Belagavi,Uttara Kannada,UTTARA KANNADA SIRSI,YELLAPUR,KIRWATTI,24,23,1474.0
KARNATAKA,Belagavi,Uttara Kannada,UTTARA KANNADA SIRSI,YELLAPUR,KUNDARGI,10,10,419.0
KARNATAKA,Belagavi,Uttara Kannada,UTTARA KANNADA SIRSI,YELLAPUR,MADNUR,12,12,590.0
KARNATAKA,Belagavi,Uttara Kannada,UTTARA KANNADA SIRSI,YELLAPUR,MAVINMANE,7,7,245.0
KARNATAKA,Belagavi,Uttara Kannada,UTTARA KANNADA SIRSI,YELLAPUR,NANDOLLI,10,10,320.0
KARNATAKA,Belagavi,Uttara Kannada,UTTARA KANNADA SIRSI,YELLAPUR,UMMACHAGI,10,9,272.0
KARNATAKA,Belagavi,Uttara Kannada,UTTARA KANNADA SIRSI,YELLAPUR,VAJRALLI,11,11,257.0
KARNATAKA,Belagavi,Vijayapura,VIJAYAPURA,BASAVAN  BAGEWADI,ALAMATTI,13,9,1211.0
KARNATAKA,Belagavi,Vijayapura,VIJAYAPURA,BASAVAN  BAGEWADI,ARASHANAGI,5,4,538.0
KARNATAKA,Belagavi,Vijayapura,VIJAYAPURA,BASAVAN  BAGEWADI,BEERALADINNI,7,6,867.0
KARNATAKA,Belagavi,Vijayapura,VIJAYAPURA,BASAVAN  BAGEWADI,BENALA R.C,4,4,570.0
KARNATAKA,Belagavi,Vijayapura,VIJAYAPURA,BASAVAN  BAGEWADI,BYAKOD,5,5,614.0
KARNATAKA,Belagavi,Vijayapura,VIJAYAPURA,BASAVAN  BAGEWADI,CHIMMALAGI,6,5,603.0
KARNATAKA,Belagavi,Vijayapura,VIJAYAPURA,BASAVAN  BAGEWADI,DINDAWAR,14,13,1665.0
KARNATAKA,Belagavi,Vijayapura,VIJAYAPURA,BASAVAN  BAGEWADI,DONUR,8,7,909.0
KARNATAKA,Belagavi,Vijayapura,VIJAYAPURA,BASAVAN  BAGEWADI,GANI R.C,7,7,553.0
KARNATAKA,Belagavi,Vijayapura,VIJAYAPURA,BASAVAN  BAGEWADI,GOLASANGI,9,5,731.0
KARNATAKA,Belagavi,Vijayapura,VIJAYAPURA,BASAVAN  BAGEWADI,H.HIPPARAGI,16,7,1497.0
KARNATAKA,Belagavi,Vijayapura,VIJAYAPURA,BASAVAN  BAGEWADI,HANAMAPUR,6,5,809.0
KARNATAKA,Belagavi,Vijayapura,VIJAYAPURA,BASAVAN  BAGEWADI,HEBBAL,4,3,442.0
KARNATAKA,Belagavi,Vijayapura,VIJAYAPURA,BASAVAN  BAGEWADI,HUNSHYAL. PB,11,10,1033.0
KARNATAKA,Belagavi,Vijayapura,VIJAYAPURA,BASAVAN  BAGEWADI,INGALESHWAR,16,11,1179.0
KARNATAKA,Belagavi,Vijayapura,VIJAYAPURA,BASAVAN  BAGEWADI,ITAGI,17,14,1294.0
KARNATAKA,Belagavi,Vijayapura,VIJAYAPURA,BASAVAN  BAGEWADI,K.SALAWADAGI,8,5,826.0
KARNATAKA,Belagavi,Vijayapura,VIJAYAPURA,BASAVAN  BAGEWADI,KANAKAL,7,6,567.0
KARNATAKA,Belagavi,Vijayapura,VIJAYAPURA,BASAVAN  BAGEWADI,KUDAGI,8,5,931.0
KARNATAKA,Belagavi,Vijayapura,VIJAYAPURA,BASAVAN  BAGEWADI,MALAGHAN,6,4,657.0
KARNATAKA,Belagavi,Vijayapura,VIJAYAPURA,BASAVAN  BAGEWADI,MANNUR,15,13,1164.0
KARNATAKA,Belagavi,Vijayapura,VIJAYAPURA,BASAVAN  BAGEWADI,MARKABBINAHALLI,2,2,281.0
KARNATAKA,Belagavi,Vijayapura,VIJAYAPURA,BASAVAN  BAGEWADI,MASABINAL,8,7,687.0
KARNATAKA,Belagavi,Vijayapura,VIJAYAPURA,BASAVAN  BAGEWADI,MASUTI,7,6,650.0
KARNATAKA,Belagavi,Vijayapura,VIJAYAPURA,BASAVAN  BAGEWADI,MULAWAD,11,8,783.0
KARNATAKA,Belagavi,Vijayapura,VIJAYAPURA,BASAVAN  BAGEWADI,MUTTAGI,9,8,1148.0
KARNATAKA,Belagavi,Vijayapura,VIJAYAPURA,BASAVAN  BAGEWADI,NARASALAGI,14,12,1117.0
KARNATAKA,Belagavi,Vijayapura,VIJAYAPURA,BASAVAN  BAGEWADI,RONIHAL,12,8,985.0
KARNATAKA,Belagavi,Vijayapura,VIJAYAPURA,BASAVAN  BAGEWADI,SASANUR,6,4,552.0
KARNATAKA,Belagavi,Vijayapura,VIJAYAPURA,BASAVAN  BAGEWADI,SATHIHAL,7,6,869.0
KARNATAKA,Belagavi,Vijayapura,VIJAYAPURA,BASAVAN  BAGEWADI,SIDDANATHA R.C,5,5,707.0
KARNATAKA,Belagavi,Vijayapura,VIJAYAPURA,BASAVAN  BAGEWADI,TALEWAD,6,5,1332.0
KARNATAKA,Belagavi,Vijayapura,VIJAYAPURA,BASAVAN  BAGEWADI,TELAGI,6,5,577.0
KARNATAKA,Belagavi,Vijayapura,VIJAYAPURA,BASAVAN  BAGEWADI,UKKALI,8,5,1115.0
KARNATAKA,Belagavi,Vijayapura,VIJAYAPURA,BASAVAN  BAGEWADI,VADAVADAGI,12,9,1095.0
KARNATAKA,Belagavi,Vijayapura,VIJAYAPURA,BASAVAN  BAGEWADI,VANDAL,9,6,597.0
KARNATAKA,Belagavi,Vijayapura,VIJAYAPURA,BASAVAN  BAGEWADI,YALAWAR,7,5,613.0
KARNATAKA,Belagavi,Vijayapura,VIJAYAPURA,BASAVAN  BAGEWADI,YARANAL,8,7,903.0
KARNATAKA,Belagavi,Vijayapura,VIJAYAPURA,BIJAPUR  RURAL,AHERI,12,11,1429.0
KARNATAKA,Belagavi,Vijayapura,VIJAYAPURA,BIJAPUR  RURAL,AINAPUR,11,6,1422.0
KARNATAKA,Belagavi,Vijayapura,VIJAYAPURA,BIJAPUR  RURAL,ALIYABAD,17,14,1631.0
KARNATAKA,Belagavi,Vijayapura,VIJAYAPURA,BIJAPUR  RURAL,ARAKERI,28,25,2627.0
KARNATAKA,Belagavi,Vijayapura,VIJAYAPURA,BIJAPUR  RURAL,ARJUNGI,12,9,1089.0
KARNATAKA,Belagavi,Vijayapura,VIJAYAPURA,BIJAPUR  RURAL,BABANAGAR,9,7,750.0
KARNATAKA,Belagavi,Vijayapura,VIJAYAPURA,BIJAPUR  RURAL,BARATAGI,16,12,1350.0
KARNATAKA,Belagavi,Vijayapura,VIJAYAPURA,BIJAPUR  RURAL,BIJJARAGI,10,7,404.0
KARNATAKA,Belagavi,Vijayapura,VIJAYAPURA,BIJAPUR  RURAL,BOLACHIKKALAKI,8,7,774.0
KARNATAKA,Belagavi,Vijayapura,VIJAYAPURA,BIJAPUR  RURAL,DEVAR GENNUR,7,7,603.0
KARNATAKA,Belagavi,Vijayapura,VIJAYAPURA,BIJAPUR  RURAL,GHONASAGI,10,8,568.0
KARNATAKA,Belagavi,Vijayapura,VIJAYAPURA,BIJAPUR  RURAL,GUNADAL,10,7,587.0
KARNATAKA,Belagavi,Vijayapura,VIJAYAPURA,BIJAPUR  RURAL,GUNAKI,15,12,919.0
KARNATAKA,Belagavi,Vijayapura,VIJAYAPURA,BIJAPUR  RURAL,HADAGALI,8,6,1009.0
KARNATAKA,Belagavi,Vijayapura,VIJAYAPURA,BIJAPUR  RURAL,HALAGANI,11,7,722.0
KARNATAKA,Belagavi,Vijayapura,VIJAYAPURA,BIJAPUR  RURAL,HEGADIHAL,7,5,770.0
KARNATAKA,Belagavi,Vijayapura,VIJAYAPURA,BIJAPUR  RURAL,HITTANAHALLI,11,8,702.0
KARNATAKA,Belagavi,Vijayapura,VIJAYAPURA,BIJAPUR  RURAL,HONAGANHALLI,8,5,519.0
KARNATAKA,Belagavi,Vijayapura,VIJAYAPURA,BIJAPUR  RURAL,HONAWAD,8,6,797.0
KARNATAKA,Belagavi,Vijayapura,VIJAYAPURA,BIJAPUR  RURAL,HONNUTAGI,6,4,492.0
KARNATAKA,Belagavi,Vijayapura,VIJAYAPURA,BIJAPUR  RURAL,HOSUR,9,7,583.0
KARNATAKA,Belagavi,Vijayapura,VIJAYAPURA,BIJAPUR  RURAL,JAINAPUR,15,10,641.0
KARNATAKA,Belagavi,Vijayapura,VIJAYAPURA,BIJAPUR  RURAL,JALAGERI,20,18,1198.0
KARNATAKA,Belagavi,Vijayapura,VIJAYAPURA,BIJAPUR  RURAL,JAMBAGI (A),16,12,1064.0
KARNATAKA,Belagavi,Vijayapura,VIJAYAPURA,BIJAPUR  RURAL,JUMANAL,11,9,753.0
KARNATAKA,Belagavi,Vijayapura,VIJAYAPURA,BIJAPUR  RURAL,KAKHANDAKI,14,11,1205.0
KARNATAKA,Belagavi,Vijayapura,VIJAYAPURA,BIJAPUR  RURAL,KAMBAGI,10,9,893.0
KARNATAKA,Belagavi,Vijayapura,VIJAYAPURA,BIJAPUR  RURAL,KANMADI,16,11,395.0
KARNATAKA,Belagavi,Vijayapura,VIJAYAPURA,BIJAPUR  RURAL,KANNUR,14,12,997.0
KARNATAKA,Belagavi,Vijayapura,VIJAYAPURA,BIJAPUR  RURAL,KARAJOL,7,5,792.0
KARNATAKA,Belagavi,Vijayapura,VIJAYAPURA,BIJAPUR  RURAL,KOTYAL,3,3,303.0
KARNATAKA,Belagavi,Vijayapura,VIJAYAPURA,BIJAPUR  RURAL,KUMATAGI,8,4,1007.0
KARNATAKA,Belagavi,Vijayapura,VIJAYAPURA,BIJAPUR  RURAL,KUMATHE,5,4,621.0
KARNATAKA,Belagavi,Vijayapura,VIJAYAPURA,BIJAPUR  RURAL,LOHAGA0N,20,14,1132.0
KARNATAKA,Belagavi,Vijayapura,VIJAYAPURA,BIJAPUR  RURAL,MADABHAVI,10,8,1241.0
KARNATAKA,Belagavi,Vijayapura,VIJAYAPURA,BIJAPUR  RURAL,MAKHANAPUR,8,7,795.0
KARNATAKA,Belagavi,Vijayapura,VIJAYAPURA,BIJAPUR  RURAL,MAMADAPUR,12,10,1276.0
KARNATAKA,Belagavi,Vijayapura,VIJAYAPURA,BIJAPUR  RURAL,NAGATHAN,13,10,1292.0
KARNATAKA,Belagavi,Vijayapura,VIJAYAPURA,BIJAPUR  RURAL,NIDONI,13,10,1216.0
KARNATAKA,Belagavi,Vijayapura,VIJAYAPURA,BIJAPUR  RURAL,SARAWAD,7,6,937.0
KARNATAKA,Belagavi,Vijayapura,VIJAYAPURA,BIJAPUR  RURAL,SHIVANAGI,15,10,1082.0
KARNATAKA,Belagavi,Vijayapura,VIJAYAPURA,BIJAPUR  RURAL,SIDDAPUR-K,13,11,1178.0
KARNATAKA,Belagavi,Vijayapura,VIJAYAPURA,BIJAPUR  RURAL,TAJAPUR .H,10,8,575.0
KARNATAKA,Belagavi,Vijayapura,VIJAYAPURA,BIJAPUR  RURAL,TAKKALAKI,12,11,888.0
KARNATAKA,Belagavi,Vijayapura,VIJAYAPURA,BIJAPUR  RURAL,TIDAGUNDI,11,9,826.0
KARNATAKA,Belagavi,Vijayapura,VIJAYAPURA,BIJAPUR  RURAL,TORVI,18,11,1406.0
KARNATAKA,Belagavi,Vijayapura,VIJAYAPURA,CHADACHAN,BALLOLLI,12,7,651.0
KARNATAKA,Belagavi,Vijayapura,VIJAYAPURA,CHADACHAN,BARADOL,16,13,1003.0
KARNATAKA,Belagavi,Vijayapura,VIJAYAPURA,CHADACHAN,BASANAL,14,13,1003.0
KARNATAKA,Belagavi,Vijayapura,VIJAYAPURA,CHADACHAN,DEVARNIMBARAGI,10,7,857.0
KARNATAKA,Belagavi,Vijayapura,VIJAYAPURA,CHADACHAN,DHULKHED,19,14,1886.0
KARNATAKA,Belagavi,Vijayapura,VIJAYAPURA,CHADACHAN,HADALASANG,10,9,809.0
KARNATAKA,Belagavi,Vijayapura,VIJAYAPURA,CHADACHAN,HALASANGI,13,8,1153.0
KARNATAKA,Belagavi,Vijayapura,VIJAYAPURA,CHADACHAN,HATTALLI,9,8,929.0
KARNATAKA,Belagavi,Vijayapura,VIJAYAPURA,CHADACHAN,HINGANI,5,5,400.0
KARNATAKA,Belagavi,Vijayapura,VIJAYAPURA,CHADACHAN,HORTI,17,11,1614.0
KARNATAKA,Belagavi,Vijayapura,VIJAYAPURA,CHADACHAN,INCHAGERI,13,11,877.0
KARNATAKA,Belagavi,Vijayapura,VIJAYAPURA,CHADACHAN,JIGAJIVANI,23,19,1934.0
KARNATAKA,Belagavi,Vijayapura,VIJAYAPURA,CHADACHAN,KAPANIMBARAGI,5,5,674.0
KARNATAKA,Belagavi,Vijayapura,VIJAYAPURA,CHADACHAN,KOLURAGI,6,6,616.0
KARNATAKA,Belagavi,Vijayapura,VIJAYAPURA,CHADACHAN,LONI.BK,12,8,1473.0
KARNATAKA,Belagavi,Vijayapura,VIJAYAPURA,CHADACHAN,NANDARAGI,8,7,653.0
KARNATAKA,Belagavi,Vijayapura,VIJAYAPURA,CHADACHAN,NIVARAGI,9,8,497.0
KARNATAKA,Belagavi,Vijayapura,VIJAYAPURA,CHADACHAN,REVATAGAON,8,8,1631.0
KARNATAKA,Belagavi,Vijayapura,VIJAYAPURA,CHADACHAN,UMARAJA,5,5,555.0
KARNATAKA,Belagavi,Vijayapura,VIJAYAPURA,CHADACHAN,UMARANI,11,10,1255.0
KARNATAKA,Belagavi,Vijayapura,VIJAYAPURA,CHADACHAN,ZALAKI,10,6,735.0
KARNATAKA,Belagavi,Vijayapura,VIJAYAPURA,INDI,AGARAKHED,8,6,739.0
KARNATAKA,Belagavi,Vijayapura,VIJAYAPURA,INDI,AHIRASANG,8,7,742.0
KARNATAKA,Belagavi,Vijayapura,VIJAYAPURA,INDI,ALUR,6,6,682.0
KARNATAKA,Belagavi,Vijayapura,VIJAYAPURA,INDI,ANJUTAGI,13,12,1100.0
KARNATAKA,Belagavi,Vijayapura,VIJAYAPURA,INDI,ARJUNAGI B K,12,10,1152.0
KARNATAKA,Belagavi,Vijayapura,VIJAYAPURA,INDI,ATHARGA,13,10,1282.0
KARNATAKA,Belagavi,Vijayapura,VIJAYAPURA,INDI,BABALAD,7,4,623.0
KARNATAKA,Belagavi,Vijayapura,VIJAYAPURA,INDI,BENAKANHALLI,8,7,688.0
KARNATAKA,Belagavi,Vijayapura,VIJAYAPURA,INDI,BHATAGUNKI,11,11,1071.0
KARNATAKA,Belagavi,Vijayapura,VIJAYAPURA,INDI,CHAVADIHAL,8,5,428.0
KARNATAKA,Belagavi,Vijayapura,VIJAYAPURA,INDI,CHIKKABEVANUR,8,7,311.0
KARNATAKA,Belagavi,Vijayapura,VIJAYAPURA,INDI,GUBBEWADA,5,5,311.0
KARNATAKA,Belagavi,Vijayapura,VIJAYAPURA,INDI,HALASANGI,1,1,197.0
KARNATAKA,Belagavi,Vijayapura,VIJAYAPURA,INDI,HANJAGI,13,11,1033.0
KARNATAKA,Belagavi,Vijayapura,VIJAYAPURA,INDI,HINGANI,3,2,529.0
KARNATAKA,Belagavi,Vijayapura,VIJAYAPURA,INDI,HIREBEVANUR,14,11,820.0
KARNATAKA,Belagavi,Vijayapura,VIJAYAPURA,INDI,INGALAGI,9,8,728.0
KARNATAKA,Belagavi,Vijayapura,VIJAYAPURA,INDI,KAPANIMBARAGI,2,2,161.0
KARNATAKA,Belagavi,Vijayapura,VIJAYAPURA,INDI,KHYADAGI,6,5,766.0
KARNATAKA,Belagavi,Vijayapura,VIJAYAPURA,INDI,LACHYAN,10,7,1060.0
KARNATAKA,Belagavi,Vijayapura,VIJAYAPURA,INDI,LALASANGI,8,7,789.0
KARNATAKA,Belagavi,Vijayapura,VIJAYAPURA,INDI,MASALI.BK,7,6,883.0
KARNATAKA,Belagavi,Vijayapura,VIJAYAPURA,INDI,MIRAGI,7,3,630.0
KARNATAKA,Belagavi,Vijayapura,VIJAYAPURA,INDI,NADA. KD,8,7,1450.0
KARNATAKA,Belagavi,Vijayapura,VIJAYAPURA,INDI,NIMBAL. KD,16,15,1125.0
KARNATAKA,Belagavi,Vijayapura,VIJAYAPURA,INDI,PADANUR,5,4,481.0
KARNATAKA,Belagavi,Vijayapura,VIJAYAPURA,INDI,RUGI,14,12,1088.0
KARNATAKA,Belagavi,Vijayapura,VIJAYAPURA,INDI,SALOTAGI,21,17,1078.0
KARNATAKA,Belagavi,Vijayapura,VIJAYAPURA,INDI,SANGOGI,5,5,877.0
KARNATAKA,Belagavi,Vijayapura,VIJAYAPURA,INDI,SHIRASHYAD,3,2,527.0
KARNATAKA,Belagavi,Vijayapura,VIJAYAPURA,INDI,TADAVALAGA,19,17,1702.0
KARNATAKA,Belagavi,Vijayapura,VIJAYAPURA,INDI,TAMBA,25,19,2524.0
KARNATAKA,Belagavi,Vijayapura,VIJAYAPURA,INDI,TENAHALLI,6,6,929.0
KARNATAKA,Belagavi,Vijayapura,VIJAYAPURA,INDI,ZALAKI,2,2,131.0
KARNATAKA,Belagavi,Vijayapura,VIJAYAPURA,MUDDEBIHAL,ADAVI SOMANAL,9,7,1252.0
KARNATAKA,Belagavi,Vijayapura,VIJAYAPURA,MUDDEBIHAL,ALUR,10,8,835.0
KARNATAKA,Belagavi,Vijayapura,VIJAYAPURA,MUDDEBIHAL,B.SALAWADAGI,8,7,848.0
KARNATAKA,Belagavi,Vijayapura,VIJAYAPURA,MUDDEBIHAL,BALABATTI,3,3,508.0
KARNATAKA,Belagavi,Vijayapura,VIJAYAPURA,MUDDEBIHAL,BASARAKOD,4,4,696.0
KARNATAKA,Belagavi,Vijayapura,VIJAYAPURA,MUDDEBIHAL,BAVUR,7,6,698.0
KARNATAKA,Belagavi,Vijayapura,VIJAYAPURA,MUDDEBIHAL,BEKINAL,1,1,21.0
KARNATAKA,Belagavi,Vijayapura,VIJAYAPURA,MUDDEBIHAL,BHANTANUR,8,7,1075.0
KARNATAKA,Belagavi,Vijayapura,VIJAYAPURA,MUDDEBIHAL,BIDARAKUNDI,8,5,1384.0
KARNATAKA,Belagavi,Vijayapura,VIJAYAPURA,MUDDEBIHAL,BIJJUR,7,7,1164.0
KARNATAKA,Belagavi,Vijayapura,VIJAYAPURA,MUDDEBIHAL,BOMMANAHALLI,10,5,472.0
KARNATAKA,Belagavi,Vijayapura,VIJAYAPURA,MUDDEBIHAL,DHAVALAGI,9,9,1099.0
KARNATAKA,Belagavi,Vijayapura,VIJAYAPURA,MUDDEBIHAL,HADALAGERI,7,6,839.0
KARNATAKA,Belagavi,Vijayapura,VIJAYAPURA,MUDDEBIHAL,HIREMURAL,9,7,575.0
KARNATAKA,Belagavi,Vijayapura,VIJAYAPURA,MUDDEBIHAL,HIRUR,8,6,820.0
KARNATAKA,Belagavi,Vijayapura,VIJAYAPURA,MUDDEBIHAL,HULLUR,12,10,723.0
KARNATAKA,Belagavi,Vijayapura,VIJAYAPURA,MUDDEBIHAL,INGALAGERI,7,7,861.0
KARNATAKA,Belagavi,Vijayapura,VIJAYAPURA,MUDDEBIHAL,KALAGI,5,5,495.0
KARNATAKA,Belagavi,Vijayapura,VIJAYAPURA,MUDDEBIHAL,KAVADIMATTI,9,6,708.0
KARNATAKA,Belagavi,Vijayapura,VIJAYAPURA,MUDDEBIHAL,KODAGANUR,13,10,942.0
KARNATAKA,Belagavi,Vijayapura,VIJAYAPURA,MUDDEBIHAL,KOLUR,13,8,839.0
KARNATAKA,Belagavi,Vijayapura,VIJAYAPURA,MUDDEBIHAL,KONNUR,4,4,705.0
KARNATAKA,Belagavi,Vijayapura,VIJAYAPURA,MUDDEBIHAL,KUNTOJI,10,7,1102.0
KARNATAKA,Belagavi,Vijayapura,VIJAYAPURA,MUDDEBIHAL,MADIKESHWAR,12,8,936.0
KARNATAKA,Belagavi,Vijayapura,VIJAYAPURA,MUDDEBIHAL,MINAJAGI,10,6,646.0
KARNATAKA,Belagavi,Vijayapura,VIJAYAPURA,MUDDEBIHAL,MUKIHAL,11,9,1363.0
KARNATAKA,Belagavi,Vijayapura,VIJAYAPURA,MUDDEBIHAL,NAGABENAL,3,3,407.0
KARNATAKA,Belagavi,Vijayapura,VIJAYAPURA,MUDDEBIHAL,NAGARABETTA,10,5,571.0
KARNATAKA,Belagavi,Vijayapura,VIJAYAPURA,MUDDEBIHAL,RAKKASAGI,5,5,499.0
KARNATAKA,Belagavi,Vijayapura,VIJAYAPURA,MUDDEBIHAL,RUDAGI,7,6,1116.0
KARNATAKA,Belagavi,Vijayapura,VIJAYAPURA,MUDDEBIHAL,TANGADAGI,6,6,688.0
KARNATAKA,Belagavi,Vijayapura,VIJAYAPURA,MUDDEBIHAL,TUMBAGI,7,6,429.0
KARNATAKA,Belagavi,Vijayapura,VIJAYAPURA,MUDDEBIHAL,YALAGUR,7,5,732.0
KARNATAKA,Belagavi,Vijayapura,VIJAYAPURA,MUDDEBIHAL,YARAZARI,10,10,889.0
KARNATAKA,Belagavi,Vijayapura,VIJAYAPURA,SINDAGI,ASKI,9,4,628.0
KARNATAKA,Belagavi,Vijayapura,VIJAYAPURA,SINDAGI,BAGALUR,4,3,525.0
KARNATAKA,Belagavi,Vijayapura,VIJAYAPURA,SINDAGI,BALAGANUR,8,6,1177.0
KARNATAKA,Belagavi,Vijayapura,VIJAYAPURA,SINDAGI,BANDAL,16,11,1641.0
KARNATAKA,Belagavi,Vijayapura,VIJAYAPURA,SINDAGI,BEKINAL,8,7,674.0
KARNATAKA,Belagavi,Vijayapura,VIJAYAPURA,SINDAGI,BOMMANAHALLI,6,2,833.0
KARNATAKA,Belagavi,Vijayapura,VIJAYAPURA,SINDAGI,BYAKOD,9,8,1425.0
KARNATAKA,Belagavi,Vijayapura,VIJAYAPURA,SINDAGI,CHANDAKAVATE,13,12,1696.0
KARNATAKA,Belagavi,Vijayapura,VIJAYAPURA,SINDAGI,CHATTARAKI,8,7,957.0
KARNATAKA,Belagavi,Vijayapura,VIJAYAPURA,SINDAGI,CHIKK RUGI,7,5,826.0
KARNATAKA,Belagavi,Vijayapura,VIJAYAPURA,SINDAGI,DEVANGAON,16,14,1537.0
KARNATAKA,Belagavi,Vijayapura,VIJAYAPURA,SINDAGI,DEVAR NAVADAGI,9,6,1063.0
KARNATAKA,Belagavi,Vijayapura,VIJAYAPURA,SINDAGI,GABBASAVALAGI,7,7,1164.0
KARNATAKA,Belagavi,Vijayapura,VIJAYAPURA,SINDAGI,GOLAGERI,16,12,1520.0
KARNATAKA,Belagavi,Vijayapura,VIJAYAPURA,SINDAGI,GUBBEWAD,11,9,1665.0
KARNATAKA,Belagavi,Vijayapura,VIJAYAPURA,SINDAGI,GUTTARAGI,5,5,767.0
KARNATAKA,Belagavi,Vijayapura,VIJAYAPURA,SINDAGI,HANDIGANUR,10,8,807.0
KARNATAKA,Belagavi,Vijayapura,VIJAYAPURA,SINDAGI,HARANAL,4,3,478.0
KARNATAKA,Belagavi,Vijayapura,VIJAYAPURA,SINDAGI,HIKKANAGUTTI,5,4,846.0
KARNATAKA,Belagavi,Vijayapura,VIJAYAPURA,SINDAGI,HITNALLI,6,6,916.0
KARNATAKA,Belagavi,Vijayapura,VIJAYAPURA,SINDAGI,HONNALLI,7,6,623.0
KARNATAKA,Belagavi,Vijayapura,VIJAYAPURA,SINDAGI,HUNASHYAL,12,8,1366.0
KARNATAKA,Belagavi,Vijayapura,VIJAYAPURA,SINDAGI,HUNSHYAL. PB,1,1,158.0
KARNATAKA,Belagavi,Vijayapura,VIJAYAPURA,SINDAGI,JALAWAD,12,11,1298.0
KARNATAKA,Belagavi,Vijayapura,VIJAYAPURA,SINDAGI,KADANI,10,8,837.0
KARNATAKA,Belagavi,Vijayapura,VIJAYAPURA,SINDAGI,KAKKALAMELI,6,6,967.0
KARNATAKA,Belagavi,Vijayapura,VIJAYAPURA,SINDAGI,KALAKERI,24,12,1235.0
KARNATAKA,Belagavi,Vijayapura,VIJAYAPURA,SINDAGI,KANNOLLI,9,5,469.0
KARNATAKA,Belagavi,Vijayapura,VIJAYAPURA,SINDAGI,KERUTAGI,7,6,1137.0
KARNATAKA,Belagavi,Vijayapura,VIJAYAPURA,SINDAGI,KOKATANUR,7,6,1323.0
KARNATAKA,Belagavi,Vijayapura,VIJAYAPURA,SINDAGI,KONDAGULI,15,9,865.0
KARNATAKA,Belagavi,Vijayapura,VIJAYAPURA,SINDAGI,KORAHALLI,9,7,944.0
KARNATAKA,Belagavi,Vijayapura,VIJAYAPURA,SINDAGI,KORAWAR,12,9,1164.0
KARNATAKA,Belagavi,Vijayapura,VIJAYAPURA,SINDAGI,MALAGHAN,13,8,1357.0
KARNATAKA,Belagavi,Vijayapura,VIJAYAPURA,SINDAGI,MANNUR,13,11,1413.0
KARNATAKA,Belagavi,Vijayapura,VIJAYAPURA,SINDAGI,MORATAGI,10,5,870.0
KARNATAKA,Belagavi,Vijayapura,VIJAYAPURA,SINDAGI,MULASAVALAGI,13,9,1341.0
KARNATAKA,Belagavi,Vijayapura,VIJAYAPURA,SINDAGI,NAGAVI B.K,9,6,520.0
KARNATAKA,Belagavi,Vijayapura,VIJAYAPURA,SINDAGI,RAMANALLI,7,7,823.0
KARNATAKA,Belagavi,Vijayapura,VIJAYAPURA,SINDAGI,RAMPUR .PA,13,11,2161.0
KARNATAKA,Belagavi,Vijayapura,VIJAYAPURA,SINDAGI,SUNGATHAN,4,3,564.0
KARNATAKA,Belagavi,Vijayapura,VIJAYAPURA,SINDAGI,YALGOD,6,6,841.0
KARNATAKA,Belagavi,Vijayapura,VIJAYAPURA,SINDAGI,YANKANCHI,11,8,1224.0
KARNATAKA,Belagavi,Vijayapura,VIJAYAPURA,SINDAGI,YARAGAL .BK,10,5,1113.0
KARNATAKA,Bengaluru,Bengaluru Rural,BENGALURU RURAL,DEVANAHALLI,ALOORU DUDDANAHALLI,8,7,195.0
KARNATAKA,Bengaluru,Bengaluru Rural,BENGALURU RURAL,DEVANAHALLI,ANNESHWARA,9,7,453.0
KARNATAKA,Bengaluru,Bengaluru Rural,BENGALURU RURAL,DEVANAHALLI,AVATHI,9,6,181.0
KARNATAKA,Bengaluru,Bengaluru Rural,BENGALURU RURAL,DEVANAHALLI,BETTEKOTE,3,3,283.0
KARNATAKA,Bengaluru,Bengaluru Rural,BENGALURU RURAL,DEVANAHALLI,BIDALURU,7,5,329.0
KARNATAKA,Bengaluru,Bengaluru Rural,BENGALURU RURAL,DEVANAHALLI,BIJJAWARA,7,7,130.0
KARNATAKA,Bengaluru,Bengaluru Rural,BENGALURU RURAL,DEVANAHALLI,BUDIGERE,13,6,480.0
KARNATAKA,Bengaluru,Bengaluru Rural,BENGALURU RURAL,DEVANAHALLI,CHANNARAYAPATNA,10,6,89.0
KARNATAKA,Bengaluru,Bengaluru Rural,BENGALURU RURAL,DEVANAHALLI,CHENNAHALLI,7,7,134.0
KARNATAKA,Bengaluru,Bengaluru Rural,BENGALURU RURAL,DEVANAHALLI,GANGAVARA CHOWDAPPANAHALLI,8,7,192.0
KARNATAKA,Bengaluru,Bengaluru Rural,BENGALURU RURAL,DEVANAHALLI,GODLUMUDDENA HALLI,15,11,215.0
KARNATAKA,Bengaluru,Bengaluru Rural,BENGALURU RURAL,DEVANAHALLI,HAROHALLI,5,5,109.0
KARNATAKA,Bengaluru,Bengaluru Rural,BENGALURU RURAL,DEVANAHALLI,I.BASAPURA,4,4,76.0
KARNATAKA,Bengaluru,Bengaluru Rural,BENGALURU RURAL,DEVANAHALLI,JALIGE,15,13,801.0
KARNATAKA,Bengaluru,Bengaluru Rural,BENGALURU RURAL,DEVANAHALLI,KANNAMANGALA,21,13,398.0
KARNATAKA,Bengaluru,Bengaluru Rural,BENGALURU RURAL,DEVANAHALLI,KARAHALLI,8,8,416.0
KARNATAKA,Bengaluru,Bengaluru Rural,BENGALURU RURAL,DEVANAHALLI,KOIRA,12,12,257.0
KARNATAKA,Bengaluru,Bengaluru Rural,BENGALURU RURAL,DEVANAHALLI,KORAMANGALA,5,5,333.0
KARNATAKA,Bengaluru,Bengaluru Rural,BENGALURU RURAL,DEVANAHALLI,KUNDANA,14,13,662.0
KARNATAKA,Bengaluru,Bengaluru Rural,BENGALURU RURAL,DEVANAHALLI,MANDIBELE,8,7,121.0
KARNATAKA,Bengaluru,Bengaluru Rural,BENGALURU RURAL,DEVANAHALLI,NALLURU,11,9,167.0
KARNATAKA,Bengaluru,Bengaluru Rural,BENGALURU RURAL,DEVANAHALLI,VENKATAGTIRIKOTE,7,6,202.0
KARNATAKA,Bengaluru,Bengaluru Rural,BENGALURU RURAL,DEVANAHALLI,VISHWANATHPURA,14,11,924.0
KARNATAKA,Bengaluru,Bengaluru Rural,BENGALURU RURAL,DEVANAHALLI,YALIYURU,8,6,194.0
KARNATAKA,Bengaluru,Bengaluru Rural,BENGALURU RURAL,DODDABALLAPURA,ARALUMALLIGE,5,5,172.0
KARNATAKA,Bengaluru,Bengaluru Rural,BENGALURU RURAL,DODDABALLAPURA,ARUDI,15,14,365.0
KARNATAKA,Bengaluru,Bengaluru Rural,BENGALURU RURAL,DODDABALLAPURA,BHAKTARAHALLI,10,10,163.0
KARNATAKA,Bengaluru,Bengaluru Rural,BENGALURU RURAL,DODDABALLAPURA,CHANNADEVI AGRAHARA,10,10,236.0
KARNATAKA,Bengaluru,Bengaluru Rural,BENGALURU RURAL,DODDABALLAPURA,DARGAJOGIHALLI,1,1,12.0
KARNATAKA,Bengaluru,Bengaluru Rural,BENGALURU RURAL,DODDABALLAPURA,DODDA TUMAKURU,7,7,104.0
KARNATAKA,Bengaluru,Bengaluru Rural,BENGALURU RURAL,DODDABALLAPURA,DODDABELAVANGALA,12,9,554.0
KARNATAKA,Bengaluru,Bengaluru Rural,BENGALURU RURAL,DODDABALLAPURA,HADONAHALLI,11,10,222.0
KARNATAKA,Bengaluru,Bengaluru Rural,BENGALURU RURAL,DODDABALLAPURA,HADRIPURA,7,7,195.0
KARNATAKA,Bengaluru,Bengaluru Rural,BENGALURU RURAL,DODDABALLAPURA,HANABE,11,11,335.0
KARNATAKA,Bengaluru,Bengaluru Rural,BENGALURU RURAL,DODDABALLAPURA,HEGGADIHALLI,12,11,191.0
KARNATAKA,Bengaluru,Bengaluru Rural,BENGALURU RURAL,DODDABALLAPURA,HONNAVARA,10,10,173.0
KARNATAKA,Bengaluru,Bengaluru Rural,BENGALURU RURAL,DODDABALLAPURA,HOSAHALLI,14,13,604.0
KARNATAKA,Bengaluru,Bengaluru Rural,BENGALURU RURAL,DODDABALLAPURA,HULIKUNTE,11,11,309.0
KARNATAKA,Bengaluru,Bengaluru Rural,BENGALURU RURAL,DODDABALLAPURA,KADANURU,6,4,59.0
KARNATAKA,Bengaluru,Bengaluru Rural,BENGALURU RURAL,DODDABALLAPURA,KANASAVADI,17,14,283.0
KARNATAKA,Bengaluru,Bengaluru Rural,BENGALURU RURAL,DODDABALLAPURA,KANTANAKUNTE,13,12,696.0
KARNATAKA,Bengaluru,Bengaluru Rural,BENGALURU RURAL,DODDABALLAPURA,KESTHURU,12,12,383.0
KARNATAKA,Bengaluru,Bengaluru Rural,BENGALURU RURAL,DODDABALLAPURA,KODIGEHALLI,17,10,791.0
KARNATAKA,Bengaluru,Bengaluru Rural,BENGALURU RURAL,DODDABALLAPURA,KONAGHATTA,9,7,471.0
KARNATAKA,Bengaluru,Bengaluru Rural,BENGALURU RURAL,DODDABALLAPURA,MAJARA HOSAHALLI,10,8,397.0
KARNATAKA,Bengaluru,Bengaluru Rural,BENGALURU RURAL,DODDABALLAPURA,MELEKOTE,15,13,322.0
KARNATAKA,Bengaluru,Bengaluru Rural,BENGALURU RURAL,DODDABALLAPURA,MELINA JOGANAHALLI ( S.S.GHATI),13,13,456.0
KARNATAKA,Bengaluru,Bengaluru Rural,BENGALURU RURAL,DODDABALLAPURA,RAJAGHATTA,13,8,294.0
KARNATAKA,Bengaluru,Bengaluru Rural,BENGALURU RURAL,DODDABALLAPURA,SAKKARE GOLLAHALLI,13,13,269.0
KARNATAKA,Bengaluru,Bengaluru Rural,BENGALURU RURAL,DODDABALLAPURA,SASALU,18,18,455.0
KARNATAKA,Bengaluru,Bengaluru Rural,BENGALURU RURAL,DODDABALLAPURA,THIPPURU,12,12,233.0
KARNATAKA,Bengaluru,Bengaluru Rural,BENGALURU RURAL,DODDABALLAPURA,THUBUGERE,13,11,403.0
KARNATAKA,Bengaluru,Bengaluru Rural,BENGALURU RURAL,HOSAKOTE,ANUGONDANAHALLI,9,6,231.0
KARNATAKA,Bengaluru,Bengaluru Rural,BENGALURU RURAL,HOSAKOTE,BYLANARASAPURA,4,4,288.0
KARNATAKA,Bengaluru,Bengaluru Rural,BENGALURU RURAL,HOSAKOTE,CHOKKAHALLI,12,9,528.0
KARNATAKA,Bengaluru,Bengaluru Rural,BENGALURU RURAL,HOSAKOTE,DEVANAGUNDI,12,8,568.0
KARNATAKA,Bengaluru,Bengaluru Rural,BENGALURU RURAL,HOSAKOTE,DODDAGATTIGANABBE,13,9,368.0
KARNATAKA,Bengaluru,Bengaluru Rural,BENGALURU RURAL,HOSAKOTE,DODDAHULLURU,3,3,305.0
KARNATAKA,Bengaluru,Bengaluru Rural,BENGALURU RURAL,HOSAKOTE,DODDANALLALA,14,12,238.0
KARNATAKA,Bengaluru,Bengaluru Rural,BENGALURU RURAL,HOSAKOTE,DODDARALAGERE,14,13,248.0
KARNATAKA,Bengaluru,Bengaluru Rural,BENGALURU RURAL,HOSAKOTE,GANAGALURU,8,7,320.0
KARNATAKA,Bengaluru,Bengaluru Rural,BENGALURU RURAL,HOSAKOTE,GIDDAPPANAHALLI,12,11,346.0
KARNATAKA,Bengaluru,Bengaluru Rural,BENGALURU RURAL,HOSAKOTE,HETTAKKI,9,9,219.0
KARNATAKA,Bengaluru,Bengaluru Rural,BENGALURU RURAL,HOSAKOTE,ITTASANDRA,11,9,314.0
KARNATAKA,Bengaluru,Bengaluru Rural,BENGALURU RURAL,HOSAKOTE,JADIGENAHALLI,9,6,196.0
KARNATAKA,Bengaluru,Bengaluru Rural,BENGALURU RURAL,HOSAKOTE,KALKUNTE AGRAHARA,4,4,398.0
KARNATAKA,Bengaluru,Bengaluru Rural,BENGALURU RURAL,HOSAKOTE,KAMBALIPURA,13,11,494.0
KARNATAKA,Bengaluru,Bengaluru Rural,BENGALURU RURAL,HOSAKOTE,KHAJIHOSAHALLI,12,9,359.0
KARNATAKA,Bengaluru,Bengaluru Rural,BENGALURU RURAL,HOSAKOTE,KUMBALAHALLI,8,7,375.0
KARNATAKA,Bengaluru,Bengaluru Rural,BENGALURU RURAL,HOSAKOTE,LAKKONDAHALLI,10,8,175.0
KARNATAKA,Bengaluru,Bengaluru Rural,BENGALURU RURAL,HOSAKOTE,MUGABALA,13,12,401.0
KARNATAKA,Bengaluru,Bengaluru Rural,BENGALURU RURAL,HOSAKOTE,MUTHSANDRA,14,6,279.0
KARNATAKA,Bengaluru,Bengaluru Rural,BENGALURU RURAL,HOSAKOTE,NANDAGUDI,19,13,860.0
KARNATAKA,Bengaluru,Bengaluru Rural,BENGALURU RURAL,HOSAKOTE,NELAVAGILU,9,8,206.0
KARNATAKA,Bengaluru,Bengaluru Rural,BENGALURU RURAL,HOSAKOTE,OROHALLI,10,10,249.0
KARNATAKA,Bengaluru,Bengaluru Rural,BENGALURU RURAL,HOSAKOTE,SAMETHANAHALLI,16,5,676.0
KARNATAKA,Bengaluru,Bengaluru Rural,BENGALURU RURAL,HOSAKOTE,SHIVANAPURA,10,9,170.0
KARNATAKA,Bengaluru,Bengaluru Rural,BENGALURU RURAL,HOSAKOTE,SULIBELE,13,8,1135.0
KARNATAKA,Bengaluru,Bengaluru Rural,BENGALURU RURAL,HOSAKOTE,THAVAREKERE,10,7,324.0
KARNATAKA,Bengaluru,Bengaluru Rural,BENGALURU RURAL,HOSAKOTE,VAGATA,13,11,279.0
KARNATAKA,Bengaluru,Bengaluru Rural,BENGALURU RURAL,NELAMANGALA,AGALAKUPPE,16,15,470.0
KARNATAKA,Bengaluru,Bengaluru Rural,BENGALURU RURAL,NELAMANGALA,AREBOMMANAHALLI,15,15,370.0
KARNATAKA,Bengaluru,Bengaluru Rural,BENGALURU RURAL,NELAMANGALA,BHODIHAL,10,10,401.0
KARNATAKA,Bengaluru,Bengaluru Rural,BENGALURU RURAL,NELAMANGALA,DODDABELE,8,8,181.0
KARNATAKA,Bengaluru,Bengaluru Rural,BENGALURU RURAL,NELAMANGALA,GOLLAHALLI,9,9,285.0
KARNATAKA,Bengaluru,Bengaluru Rural,BENGALURU RURAL,NELAMANGALA,HASURUVALLI,8,8,395.0
KARNATAKA,Bengaluru,Bengaluru Rural,BENGALURU RURAL,NELAMANGALA,HONNENAHALLI,9,9,234.0
KARNATAKA,Bengaluru,Bengaluru Rural,BENGALURU RURAL,NELAMANGALA,KALALAGHATTA,11,11,228.0
KARNATAKA,Bengaluru,Bengaluru Rural,BENGALURU RURAL,NELAMANGALA,KANNEGOWDANAHALLI,12,12,777.0
KARNATAKA,Bengaluru,Bengaluru Rural,BENGALURU RURAL,NELAMANGALA,KODIGEHALLI,13,13,386.0
KARNATAKA,Bengaluru,Bengaluru Rural,BENGALURU RURAL,NELAMANGALA,KULUVANAHALLI,13,13,322.0
KARNATAKA,Bengaluru,Bengaluru Rural,BENGALURU RURAL,NELAMANGALA,MANNE,15,13,243.0
KARNATAKA,Bengaluru,Bengaluru Rural,BENGALURU RURAL,NELAMANGALA,MARALAKUNTE,9,9,293.0
KARNATAKA,Bengaluru,Bengaluru Rural,BENGALURU RURAL,NELAMANGALA,NARASIPURA,16,15,349.0
KARNATAKA,Bengaluru,Bengaluru Rural,BENGALURU RURAL,NELAMANGALA,SHIVAGANGE,16,14,607.0
KARNATAKA,Bengaluru,Bengaluru Rural,BENGALURU RURAL,NELAMANGALA,SOLADEVANAHALLI,17,17,366.0
KARNATAKA,Bengaluru,Bengaluru Rural,BENGALURU RURAL,NELAMANGALA,SOMPURA,19,13,763.0
KARNATAKA,Bengaluru,Bengaluru Rural,BENGALURU RURAL,NELAMANGALA,SRINIVASAPURA,10,10,330.0
KARNATAKA,Bengaluru,Bengaluru Rural,BENGALURU RURAL,NELAMANGALA,T.BEGUR,12,9,396.0
KARNATAKA,Bengaluru,Bengaluru Rural,BENGALURU RURAL,NELAMANGALA,THYAMAGONDLU,11,9,824.0
KARNATAKA,Bengaluru,Bengaluru Rural,BENGALURU RURAL,NELAMANGALA,YENTAGANAHALLI,23,22,686.0
KARNATAKA,Bengaluru,Bengaluru Urban,BENGALURU U NORTH,NORTH1,KACHOHALLI,10,3,620.0
KARNATAKA,Bengaluru,Bengaluru Urban,BENGALURU U NORTH,NORTH1,KADABAGERE,7,4,377.0
KARNATAKA,Bengaluru,Bengaluru Urban,BENGALURU U NORTH,NORTH1,KITTANAHALLI,12,8,525.0
KARNATAKA,Bengaluru,Bengaluru Urban,BENGALURU U NORTH,NORTH1,KODIGEHALLI,15,7,676.0
KARNATAKA,Bengaluru,Bengaluru Urban,BENGALURU U NORTH,NORTH1,MACHOHALLI,13,5,463.0
KARNATAKA,Bengaluru,Bengaluru Urban,BENGALURU U NORTH,NORTH1,SONDEKOPPA,10,8,480.0
KARNATAKA,Bengaluru,Bengaluru Urban,BENGALURU U NORTH,NORTH4,ADAKAMAARANA HALLI,10,4,645.0
KARNATAKA,Bengaluru,Bengaluru Urban,BENGALURU U NORTH,NORTH4,ALUR,11,7,667.0
KARNATAKA,Bengaluru,Bengaluru Urban,BENGALURU U NORTH,NORTH4,AREKERE,9,8,140.0
KARNATAKA,Bengaluru,Bengaluru Urban,BENGALURU U NORTH,NORTH4,AVALAHALLI,1,1,98.0
KARNATAKA,Bengaluru,Bengaluru Urban,BENGALURU U NORTH,NORTH4,BAGALUR,15,8,1543.0
KARNATAKA,Bengaluru,Bengaluru Urban,BENGALURU U NORTH,NORTH4,BANDIKODAGEHALLI,9,8,315.0
KARNATAKA,Bengaluru,Bengaluru Urban,BENGALURU U NORTH,NORTH4,BETTAHALASOORU,11,5,468.0
KARNATAKA,Bengaluru,Bengaluru Urban,BENGALURU U NORTH,NORTH4,CHIKKAJALA,5,3,289.0
KARNATAKA,Bengaluru,Bengaluru Urban,BENGALURU U NORTH,NORTH4,DASANAPURA,11,5,351.0
KARNATAKA,Bengaluru,Bengaluru Urban,BENGALURU U NORTH,NORTH4,DODDAJALA,8,8,320.0
KARNATAKA,Bengaluru,Bengaluru Urban,BENGALURU U NORTH,NORTH4,GANTIGANAHALLI,6,4,143.0
KARNATAKA,Bengaluru,Bengaluru Urban,BENGALURU U NORTH,NORTH4,GOPALAPURA,3,3,81.0
KARNATAKA,Bengaluru,Bengaluru Urban,BENGALURU U NORTH,NORTH4,HESARUGHATTA,22,5,592.0
KARNATAKA,Bengaluru,Bengaluru Urban,BENGALURU U NORTH,NORTH4,HURULICHIKKANAHALLI,6,5,166.0
KARNATAKA,Bengaluru,Bengaluru Urban,BENGALURU U NORTH,NORTH4,HUSKURU,14,9,2388.0
KARNATAKA,Bengaluru,Bengaluru Urban,BENGALURU U NORTH,NORTH4,KANNURU,1,0,
KARNATAKA,Bengaluru,Bengaluru Urban,BENGALURU U NORTH,NORTH4,KASAGATTAPURA,8,5,577.0
KARNATAKA,Bengaluru,Bengaluru Urban,BENGALURU U NORTH,NORTH4,MANDURU,4,3,208.0
KARNATAKA,Bengaluru,Bengaluru Urban,BENGALURU U NORTH,NORTH4,MARENAHALLI,21,8,422.0
KARNATAKA,Bengaluru,Bengaluru Urban,BENGALURU U NORTH,NORTH4,MEENUKUNTE,9,7,382.0
KARNATAKA,Bengaluru,Bengaluru Urban,BENGALURU U NORTH,NORTH4,RAJANUKUNTE,12,6,444.0
KARNATAKA,Bengaluru,Bengaluru Urban,BENGALURU U NORTH,NORTH4,SATHANOORU,10,4,237.0
KARNATAKA,Bengaluru,Bengaluru Urban,BENGALURU U NORTH,NORTH4,SHIVAKOTTE,11,8,162.0
KARNATAKA,Bengaluru,Bengaluru Urban,BENGALURU U NORTH,NORTH4,SINGANAYAKANAHALLI,15,5,443.0
KARNATAKA,Bengaluru,Bengaluru Urban,BENGALURU U NORTH,NORTH4,SONDEKOPPA,1,0,
KARNATAKA,Bengaluru,Bengaluru Urban,BENGALURU U NORTH,NORTH4,SONNENAHALLI,8,6,302.0
KARNATAKA,Bengaluru,Bengaluru Urban,BENGALURU U NORTH,NORTH4,VADERAHALLI,4,4,179.0
KARNATAKA,Bengaluru,Bengaluru Urban,BENGALURU U SOUTH,ANEKAL,AVALAHALLI,1,1,2.0
KARNATAKA,Bengaluru,Bengaluru Urban,BENGALURU U SOUTH,ANEKAL,BALLUR,8,6,439.0
KARNATAKA,Bengaluru,Bengaluru Urban,BENGALURU U SOUTH,ANEKAL,BANNERUGATTA,28,12,1303.0
KARNATAKA,Bengaluru,Bengaluru Urban,BENGALURU U SOUTH,ANEKAL,BIDARAGUPPE,13,7,344.0
KARNATAKA,Bengaluru,Bengaluru Urban,BENGALURU U SOUTH,ANEKAL,BIDARAHALLI,1,1,14.0
KARNATAKA,Bengaluru,Bengaluru Urban,BENGALURU U SOUTH,ANEKAL,BILLAPURA,8,3,244.0
KARNATAKA,Bengaluru,Bengaluru Urban,BENGALURU U SOUTH,ANEKAL,BYAGADADENAHALLI,14,9,291.0
KARNATAKA,Bengaluru,Bengaluru Urban,BENGALURU U SOUTH,ANEKAL,DODDABANAHALLI,2,1,12.0
KARNATAKA,Bengaluru,Bengaluru Urban,BENGALURU U SOUTH,ANEKAL,DOMMASANDRA,16,7,823.0
KARNATAKA,Bengaluru,Bengaluru Urban,BENGALURU U SOUTH,ANEKAL,HANDENAHALLI,7,5,157.0
KARNATAKA,Bengaluru,Bengaluru Urban,BENGALURU U SOUTH,ANEKAL,HARAGADDE,15,10,804.0
KARNATAKA,Bengaluru,Bengaluru Urban,BENGALURU U SOUTH,ANEKAL,HENNAGARA,21,9,1075.0
KARNATAKA,Bengaluru,Bengaluru Urban,BENGALURU U SOUTH,ANEKAL,HULIMANGALA,16,8,746.0
KARNATAKA,Bengaluru,Bengaluru Urban,BENGALURU U SOUTH,ANEKAL,HUSKUR,14,5,534.0
KARNATAKA,Bengaluru,Bengaluru Urban,BENGALURU U SOUTH,ANEKAL,HUSKURU,3,1,27.0
KARNATAKA,Bengaluru,Bengaluru Urban,BENGALURU U SOUTH,ANEKAL,INDLAVADI,16,11,310.0
KARNATAKA,Bengaluru,Bengaluru Urban,BENGALURU U SOUTH,ANEKAL,KADABAGERE,1,0,
KARNATAKA,Bengaluru,Bengaluru Urban,BENGALURU U SOUTH,ANEKAL,KAGGLIPURA,3,1,17.0
KARNATAKA,Bengaluru,Bengaluru Urban,BENGALURU U SOUTH,ANEKAL,KALLUBALU,21,16,1021.0
KARNATAKA,Bengaluru,Bengaluru Urban,BENGALURU U SOUTH,ANEKAL,KARPUR,6,5,117.0
KARNATAKA,Bengaluru,Bengaluru Urban,BENGALURU U SOUTH,ANEKAL,MANDURU,1,0,
KARNATAKA,Bengaluru,Bengaluru Urban,BENGALURU U SOUTH,ANEKAL,MANTAPA,20,7,482.0
KARNATAKA,Bengaluru,Bengaluru Urban,BENGALURU U SOUTH,ANEKAL,MARASUR,7,3,255.0
KARNATAKA,Bengaluru,Bengaluru Urban,BENGALURU U SOUTH,ANEKAL,MAYASANDRA,10,6,424.0
KARNATAKA,Bengaluru,Bengaluru Urban,BENGALURU U SOUTH,ANEKAL,MUGALURU,21,11,351.0
KARNATAKA,Bengaluru,Bengaluru Urban,BENGALURU U SOUTH,ANEKAL,MUTTANALLURU,12,6,211.0
KARNATAKA,Bengaluru,Bengaluru Urban,BENGALURU U SOUTH,ANEKAL,NERALURU,17,9,1038.0
KARNATAKA,Bengaluru,Bengaluru Urban,BENGALURU U SOUTH,ANEKAL,NERIGA,20,9,264.0
KARNATAKA,Bengaluru,Bengaluru Urban,BENGALURU U SOUTH,ANEKAL,RAGIHALLI,5,4,109.0
KARNATAKA,Bengaluru,Bengaluru Urban,BENGALURU U SOUTH,ANEKAL,SAMANDUR,17,11,354.0
KARNATAKA,Bengaluru,Bengaluru Urban,BENGALURU U SOUTH,ANEKAL,SARJAPURA,9,4,463.0
KARNATAKA,Bengaluru,Bengaluru Urban,BENGALURU U SOUTH,ANEKAL,SHANTHIPURA,14,6,673.0
KARNATAKA,Bengaluru,Bengaluru Urban,BENGALURU U SOUTH,ANEKAL,SINGANAYAKANAHALLI,2,1,48.0
KARNATAKA,Bengaluru,Bengaluru Urban,BENGALURU U SOUTH,ANEKAL,SURAGAJAKKANAHALLI,9,8,427.0
KARNATAKA,Bengaluru,Bengaluru Urban,BENGALURU U SOUTH,ANEKAL,VANAKANAHALLI,15,13,474.0
KARNATAKA,Bengaluru,Bengaluru Urban,BENGALURU U SOUTH,ANEKAL,YAMARE,9,6,148.0
KARNATAKA,Bengaluru,Bengaluru Urban,BENGALURU U SOUTH,SOUTH1,AGARA,20,9,796.0
KARNATAKA,Bengaluru,Bengaluru Urban,BENGALURU U SOUTH,SOUTH1,AJJANAHALLI,8,7,285.0
KARNATAKA,Bengaluru,Bengaluru Urban,BENGALURU U SOUTH,SOUTH1,CHANNENA HALLI,10,7,981.0
KARNATAKA,Bengaluru,Bengaluru Urban,BENGALURU U SOUTH,SOUTH1,CHIKKANAHALLI,8,6,106.0
KARNATAKA,Bengaluru,Bengaluru Urban,BENGALURU U SOUTH,SOUTH1,CHOOLANAYAKANAHALLI,13,12,335.0
KARNATAKA,Bengaluru,Bengaluru Urban,BENGALURU U SOUTH,SOUTH1,CHUNCHANAKUPPE,17,14,469.0
KARNATAKA,Bengaluru,Bengaluru Urban,BENGALURU U SOUTH,SOUTH1,H.GOLLAHALLI,2,2,120.0
KARNATAKA,Bengaluru,Bengaluru Urban,BENGALURU U SOUTH,SOUTH1,K.GOLLAHALLI,16,8,354.0
KARNATAKA,Bengaluru,Bengaluru Urban,BENGALURU U SOUTH,SOUTH1,KAGGLIPURA,11,6,1131.0
KARNATAKA,Bengaluru,Bengaluru Urban,BENGALURU U SOUTH,SOUTH1,KUMBALAGODU,11,4,543.0
KARNATAKA,Bengaluru,Bengaluru Urban,BENGALURU U SOUTH,SOUTH1,NELAGULI,6,4,49.0
KARNATAKA,Bengaluru,Bengaluru Urban,BENGALURU U SOUTH,SOUTH1,RAMOHALLI,11,7,364.0
KARNATAKA,Bengaluru,Bengaluru Urban,BENGALURU U SOUTH,SOUTH1,SOMANAHALLI,13,6,475.0
KARNATAKA,Bengaluru,Bengaluru Urban,BENGALURU U SOUTH,SOUTH1,SULIKERE,9,5,468.0
KARNATAKA,Bengaluru,Bengaluru Urban,BENGALURU U SOUTH,SOUTH1,TARALU,5,3,271.0
KARNATAKA,Bengaluru,Bengaluru Urban,BENGALURU U SOUTH,SOUTH1,THAVEREKERE,15,7,652.0
KARNATAKA,Bengaluru,Bengaluru Urban,BENGALURU U SOUTH,SOUTH3,DODDATHOGURU,26,5,931.0
KARNATAKA,Bengaluru,Bengaluru Urban,BENGALURU U SOUTH,SOUTH3,KONAPPANAAGRAHARA,9,3,859.0
KARNATAKA,Bengaluru,Bengaluru Urban,BENGALURU U SOUTH,SOUTH4,AGARA,1,0,
KARNATAKA,Bengaluru,Bengaluru Urban,BENGALURU U SOUTH,SOUTH4,AJJANAHALLI,1,0,
KARNATAKA,Bengaluru,Bengaluru Urban,BENGALURU U SOUTH,SOUTH4,K.GOLLAHALLI,9,7,698.0
KARNATAKA,Bengaluru,Bengaluru Urban,BENGALURU U SOUTH,SOUTH4,RAMOHALLI,28,17,2587.0
KARNATAKA,Bengaluru,Bengaluru Urban,BENGALURU U SOUTH,SOUTH4,SULIKERE,1,0,
KARNATAKA,Bengaluru,Chikkaballapura,CHIKKABALLAPURA,BAGEPALLY,BILLUR,7,6,257.0
KARNATAKA,Bengaluru,Chikkaballapura,CHIKKABALLAPURA,BAGEPALLY,CHAKAVELU,9,7,333.0
KARNATAKA,Bengaluru,Chikkaballapura,CHIKKABALLAPURA,BAGEPALLY,CHELUR,9,6,368.0
KARNATAKA,Bengaluru,Chikkaballapura,CHIKKABALLAPURA,BAGEPALLY,DEVARAGUDIPALLI,14,13,804.0
KARNATAKA,Bengaluru,Chikkaballapura,CHIKKABALLAPURA,BAGEPALLY,GHANTUMVARIPALLI,14,13,265.0
KARNATAKA,Bengaluru,Chikkaballapura,CHIKKABALLAPURA,BAGEPALLY,GORTHAPALLI,7,7,185.0
KARNATAKA,Bengaluru,Chikkaballapura,CHIKKABALLAPURA,BAGEPALLY,GULUR,11,8,338.0
KARNATAKA,Bengaluru,Chikkaballapura,CHIKKABALLAPURA,BAGEPALLY,JOOLAPALYA,7,7,256.0
KARNATAKA,Bengaluru,Chikkaballapura,CHIKKABALLAPURA,BAGEPALLY,KANAGAMAKALA PALLI,19,19,347.0
KARNATAKA,Bengaluru,Chikkaballapura,CHIKKABALLAPURA,BAGEPALLY,KOTHAKOTE,5,5,67.0
KARNATAKA,Bengaluru,Chikkaballapura,CHIKKABALLAPURA,BAGEPALLY,MARGANUKUNTE,10,9,311.0
KARNATAKA,Bengaluru,Chikkaballapura,CHIKKABALLAPURA,BAGEPALLY,MITTEMARI,9,8,560.0
KARNATAKA,Bengaluru,Chikkaballapura,CHIKKABALLAPURA,BAGEPALLY,NALLAGUTLAPALLI,12,12,207.0
KARNATAKA,Bengaluru,Chikkaballapura,CHIKKABALLAPURA,BAGEPALLY,NALLAPPAREDDY PALLI,7,7,209.0
KARNATAKA,Bengaluru,Chikkaballapura,CHIKKABALLAPURA,BAGEPALLY,NAREMUDDEPALLI,9,8,259.0
KARNATAKA,Bengaluru,Chikkaballapura,CHIKKABALLAPURA,BAGEPALLY,PALYAKERE,11,11,171.0
KARNATAKA,Bengaluru,Chikkaballapura,CHIKKABALLAPURA,BAGEPALLY,PARAGODU,17,14,860.0
KARNATAKA,Bengaluru,Chikkaballapura,CHIKKABALLAPURA,BAGEPALLY,PATHAPALYA,11,8,379.0
KARNATAKA,Bengaluru,Chikkaballapura,CHIKKABALLAPURA,BAGEPALLY,POLINAYAKANAPALLI,8,8,168.0
KARNATAKA,Bengaluru,Chikkaballapura,CHIKKABALLAPURA,BAGEPALLY,PULIGALLU,7,7,349.0
KARNATAKA,Bengaluru,Chikkaballapura,CHIKKABALLAPURA,BAGEPALLY,RACHERAVU,10,10,120.0
KARNATAKA,Bengaluru,Chikkaballapura,CHIKKABALLAPURA,BAGEPALLY,SOMANATHAPURA,9,9,314.0
KARNATAKA,Bengaluru,Chikkaballapura,CHIKKABALLAPURA,BAGEPALLY,THIMAMAPALLI,16,16,430.0
KARNATAKA,Bengaluru,Chikkaballapura,CHIKKABALLAPURA,BAGEPALLY,THOLLAPALLI,9,9,192.0
KARNATAKA,Bengaluru,Chikkaballapura,CHIKKABALLAPURA,BAGEPALLY,YELLAMPALLI,14,12,377.0
KARNATAKA,Bengaluru,Chikkaballapura,CHIKKABALLAPURA,CHIKKABALLAPUR,ADDAGALLU,8,8,220.0
KARNATAKA,Bengaluru,Chikkaballapura,CHIKKABALLAPURA,CHIKKABALLAPUR,AGALAGURKI,10,6,164.0
KARNATAKA,Bengaluru,Chikkaballapura,CHIKKABALLAPURA,CHIKKABALLAPUR,AJJIWARA,9,8,273.0
KARNATAKA,Bengaluru,Chikkaballapura,CHIKKABALLAPURA,CHIKKABALLAPUR,ANGAREKHANAHALLI,12,12,455.0
KARNATAKA,Bengaluru,Chikkaballapura,CHIKKABALLAPURA,CHIKKABALLAPUR,ARUURU,7,7,119.0
KARNATAKA,Bengaluru,Chikkaballapura,CHIKKABALLAPURA,CHIKKABALLAPUR,AVAGURKI,12,11,501.0
KARNATAKA,Bengaluru,Chikkaballapura,CHIKKABALLAPURA,CHIKKABALLAPUR,DIBBURU,13,12,715.0
KARNATAKA,Bengaluru,Chikkaballapura,CHIKKABALLAPURA,CHIKKABALLAPUR,DODDAMARALI,7,7,200.0
KARNATAKA,Bengaluru,Chikkaballapura,CHIKKABALLAPURA,CHIKKABALLAPUR,DODDAPAYALAGURKI,15,14,360.0
KARNATAKA,Bengaluru,Chikkaballapura,CHIKKABALLAPURA,CHIKKABALLAPUR,GOLLAHALLI,12,11,228.0
KARNATAKA,Bengaluru,Chikkaballapura,CHIKKABALLAPURA,CHIKKABALLAPUR,HAROBANDE,10,10,289.0
KARNATAKA,Bengaluru,Chikkaballapura,CHIKKABALLAPURA,CHIKKABALLAPUR,HOSA HUDYA,9,8,200.0
KARNATAKA,Bengaluru,Chikkaballapura,CHIKKABALLAPURA,CHIKKABALLAPUR,KAMMAGUTTAHALLI,16,16,231.0
KARNATAKA,Bengaluru,Chikkaballapura,CHIKKABALLAPURA,CHIKKABALLAPUR,KONDENAHALLI,10,8,207.0
KARNATAKA,Bengaluru,Chikkaballapura,CHIKKABALLAPURA,CHIKKABALLAPUR,KUPPA HALLI,9,8,280.0
KARNATAKA,Bengaluru,Chikkaballapura,CHIKKABALLAPURA,CHIKKABALLAPUR,MANCHANA BELE,8,7,293.0
KARNATAKA,Bengaluru,Chikkaballapura,CHIKKABALLAPURA,CHIKKABALLAPUR,MANDIKAL,10,8,481.0
KARNATAKA,Bengaluru,Chikkaballapura,CHIKKABALLAPURA,CHIKKABALLAPUR,MITTA HALLI,1,1,15.0
KARNATAKA,Bengaluru,Chikkaballapura,CHIKKABALLAPURA,CHIKKABALLAPUR,MUDDENA HALLI,19,16,456.0
KARNATAKA,Bengaluru,Chikkaballapura,CHIKKABALLAPURA,CHIKKABALLAPUR,NANDI,7,7,333.0
KARNATAKA,Bengaluru,Chikkaballapura,CHIKKABALLAPURA,CHIKKABALLAPUR,PATRENA HALLI,6,6,164.0
KARNATAKA,Bengaluru,Chikkaballapura,CHIKKABALLAPURA,CHIKKABALLAPUR,PERESANDRA,14,11,707.0
KARNATAKA,Bengaluru,Chikkaballapura,CHIKKABALLAPURA,CHIKKABALLAPUR,POSHOTTAHALLI,14,12,742.0
KARNATAKA,Bengaluru,Chikkaballapura,CHIKKABALLAPURA,CHIKKABALLAPUR,THIPPANAHALLI,6,5,273.0
KARNATAKA,Bengaluru,Chikkaballapura,CHIKKABALLAPURA,CHINTAMANI,ANUR,10,9,200.0
KARNATAKA,Bengaluru,Chikkaballapura,CHIKKABALLAPURA,CHINTAMANI,BATLAHALLI,5,4,334.0
KARNATAKA,Bengaluru,Chikkaballapura,CHIKKABALLAPURA,CHINTAMANI,BHOMMISETTIHALLI,10,10,529.0
KARNATAKA,Bengaluru,Chikkaballapura,CHIKKABALLAPURA,CHINTAMANI,BURADAGUNTE,8,8,534.0
KARNATAKA,Bengaluru,Chikkaballapura,CHIKKABALLAPURA,CHINTAMANI,CHILAKALANERPU,9,8,216.0
KARNATAKA,Bengaluru,Chikkaballapura,CHIKKABALLAPURA,CHINTAMANI,CHINNASANDRA,4,4,440.0
KARNATAKA,Bengaluru,Chikkaballapura,CHIKKABALLAPURA,CHINTAMANI,DODDAGANJUR,8,8,244.0
KARNATAKA,Bengaluru,Chikkaballapura,CHIKKABALLAPURA,CHINTAMANI,HIREKATTIGENAHALLI,12,11,293.0
KARNATAKA,Bengaluru,Chikkaballapura,CHIKKABALLAPURA,CHINTAMANI,IRAGAMPALLI,7,6,235.0
KARNATAKA,Bengaluru,Chikkaballapura,CHIKKABALLAPURA,CHINTAMANI,KADADANAMARI,10,9,155.0
KARNATAKA,Bengaluru,Chikkaballapura,CHIKKABALLAPURA,CHINTAMANI,KAGATHI,9,8,178.0
KARNATAKA,Bengaluru,Chikkaballapura,CHIKKABALLAPURA,CHINTAMANI,KAIWARA,10,5,523.0
KARNATAKA,Bengaluru,Chikkaballapura,CHIKKABALLAPURA,CHINTAMANI,KATTARIGUPPA,10,10,406.0
KARNATAKA,Bengaluru,Chikkaballapura,CHIKKABALLAPURA,CHINTAMANI,KENCHARLAHALLI,9,7,134.0
KARNATAKA,Bengaluru,Chikkaballapura,CHIKKABALLAPURA,CHINTAMANI,KONAPALLI,12,8,273.0
KARNATAKA,Bengaluru,Chikkaballapura,CHIKKABALLAPURA,CHINTAMANI,KORLAPARTHI,13,13,239.0
KARNATAKA,Bengaluru,Chikkaballapura,CHIKKABALLAPURA,CHINTAMANI,KOTAGAL,14,13,711.0
KARNATAKA,Bengaluru,Chikkaballapura,CHIKKABALLAPURA,CHINTAMANI,KURUBUR,8,7,259.0
KARNATAKA,Bengaluru,Chikkaballapura,CHIKKABALLAPURA,CHINTAMANI,MASTENAHALLI,5,5,354.0
KARNATAKA,Bengaluru,Chikkaballapura,CHIKKABALLAPURA,CHINTAMANI,MINDIGAL,8,8,230.0
KARNATAKA,Bengaluru,Chikkaballapura,CHIKKABALLAPURA,CHINTAMANI,MITTA HALLI,7,7,147.0
KARNATAKA,Bengaluru,Chikkaballapura,CHIKKABALLAPURA,CHINTAMANI,MOODLAGOLLAHALLI,10,10,134.0
KARNATAKA,Bengaluru,Chikkaballapura,CHIKKABALLAPURA,CHINTAMANI,MUNAGANAHALLI,15,12,369.0
KARNATAKA,Bengaluru,Chikkaballapura,CHIKKABALLAPURA,CHINTAMANI,MURAGAMALLA,11,11,681.0
KARNATAKA,Bengaluru,Chikkaballapura,CHIKKABALLAPURA,CHINTAMANI,NANDIGANAHALLI,11,11,200.0
KARNATAKA,Bengaluru,Chikkaballapura,CHIKKABALLAPURA,CHINTAMANI,OOLAVADI,11,7,213.0
KARNATAKA,Bengaluru,Chikkaballapura,CHIKKABALLAPURA,CHINTAMANI,PEDDUR,9,9,126.0
KARNATAKA,Bengaluru,Chikkaballapura,CHIKKABALLAPURA,CHINTAMANI,PERUMACHANA HALLI,10,10,290.0
KARNATAKA,Bengaluru,Chikkaballapura,CHIKKABALLAPURA,CHINTAMANI,RAGUTTAHALLI,12,11,144.0
KARNATAKA,Bengaluru,Chikkaballapura,CHIKKABALLAPURA,CHINTAMANI,SANTEKALLA HALLI,9,9,377.0
KARNATAKA,Bengaluru,Chikkaballapura,CHIKKABALLAPURA,CHINTAMANI,SETTYHALLI,13,13,273.0
KARNATAKA,Bengaluru,Chikkaballapura,CHIKKABALLAPURA,CHINTAMANI,TALAGAWARA,7,7,198.0
KARNATAKA,Bengaluru,Chikkaballapura,CHIKKABALLAPURA,CHINTAMANI,UPPARAPET,15,14,276.0
KARNATAKA,Bengaluru,Chikkaballapura,CHIKKABALLAPURA,CHINTAMANI,YAGAVAKOTE,12,12,301.0
KARNATAKA,Bengaluru,Chikkaballapura,CHIKKABALLAPURA,CHINTAMANI,YENIGADELE,10,9,723.0
KARNATAKA,Bengaluru,Chikkaballapura,CHIKKABALLAPURA,GOWRIBIDANUR,ALAKAPURA,12,10,296.0
KARNATAKA,Bengaluru,Chikkaballapura,CHIKKABALLAPURA,GOWRIBIDANUR,ALIPURA,10,6,299.0
KARNATAKA,Bengaluru,Chikkaballapura,CHIKKABALLAPURA,GOWRIBIDANUR,B.BOMMASANDRA,5,5,224.0
KARNATAKA,Bengaluru,Chikkaballapura,CHIKKABALLAPURA,GOWRIBIDANUR,BEVINAHALLI,6,5,181.0
KARNATAKA,Bengaluru,Chikkaballapura,CHIKKABALLAPURA,GOWRIBIDANUR,BYCHAPURA,7,7,389.0
KARNATAKA,Bengaluru,Chikkaballapura,CHIKKABALLAPURA,GOWRIBIDANUR,CHIKKAKURUGODU,4,4,209.0
KARNATAKA,Bengaluru,Chikkaballapura,CHIKKABALLAPURA,GOWRIBIDANUR,DARINAYAKANAPALYA,8,7,144.0
KARNATAKA,Bengaluru,Chikkaballapura,CHIKKABALLAPURA,GOWRIBIDANUR,DODDAKURUGODU,8,8,544.0
KARNATAKA,Bengaluru,Chikkaballapura,CHIKKABALLAPURA,GOWRIBIDANUR,G. BOMMSANDRA,4,4,277.0
KARNATAKA,Bengaluru,Chikkaballapura,CHIKKABALLAPURA,GOWRIBIDANUR,G. KOTHUR,8,7,148.0
KARNATAKA,Bengaluru,Chikkaballapura,CHIKKABALLAPURA,GOWRIBIDANUR,GANGASANDRA,12,9,811.0
KARNATAKA,Bengaluru,Chikkaballapura,CHIKKABALLAPURA,GOWRIBIDANUR,GEDARE,11,11,407.0
KARNATAKA,Bengaluru,Chikkaballapura,CHIKKABALLAPURA,GOWRIBIDANUR,GOWDAGERE,7,7,232.0
KARNATAKA,Bengaluru,Chikkaballapura,CHIKKABALLAPURA,GOWRIBIDANUR,HALAGANAHALLI,5,5,137.0
KARNATAKA,Bengaluru,Chikkaballapura,CHIKKABALLAPURA,GOWRIBIDANUR,HALEHALLI,7,7,247.0
KARNATAKA,Bengaluru,Chikkaballapura,CHIKKABALLAPURA,GOWRIBIDANUR,HOSUR,5,4,1473.0
KARNATAKA,Bengaluru,Chikkaballapura,CHIKKABALLAPURA,GOWRIBIDANUR,HUDAGUR,7,6,414.0
KARNATAKA,Bengaluru,Chikkaballapura,CHIKKABALLAPURA,GOWRIBIDANUR,IDAGUR,5,5,188.0
KARNATAKA,Bengaluru,Chikkaballapura,CHIKKABALLAPURA,GOWRIBIDANUR,JARABANDANAHALLI,10,10,135.0
KARNATAKA,Bengaluru,Chikkaballapura,CHIKKABALLAPURA,GOWRIBIDANUR,KADALAVENI,8,8,360.0
KARNATAKA,Bengaluru,Chikkaballapura,CHIKKABALLAPURA,GOWRIBIDANUR,KALLINAYAKANAHALLI,11,9,322.0
KARNATAKA,Bengaluru,Chikkaballapura,CHIKKABALLAPURA,GOWRIBIDANUR,KURUBARAHALLY,9,7,636.0
KARNATAKA,Bengaluru,Chikkaballapura,CHIKKABALLAPURA,GOWRIBIDANUR,KURUDI,6,6,264.0
KARNATAKA,Bengaluru,Chikkaballapura,CHIKKABALLAPURA,GOWRIBIDANUR,MANCHENAHALLI,9,5,652.0
KARNATAKA,Bengaluru,Chikkaballapura,CHIKKABALLAPURA,GOWRIBIDANUR,MELYA,8,8,276.0
KARNATAKA,Bengaluru,Chikkaballapura,CHIKKABALLAPURA,GOWRIBIDANUR,MINAKANAGURKI,8,8,801.0
KARNATAKA,Bengaluru,Chikkaballapura,CHIKKABALLAPURA,GOWRIBIDANUR,MUDAGERE,6,6,218.0
KARNATAKA,Bengaluru,Chikkaballapura,CHIKKABALLAPURA,GOWRIBIDANUR,MUDDALODU,5,4,127.0
KARNATAKA,Bengaluru,Chikkaballapura,CHIKKABALLAPURA,GOWRIBIDANUR,NAGARAGERE,6,5,360.0
KARNATAKA,Bengaluru,Chikkaballapura,CHIKKABALLAPURA,GOWRIBIDANUR,NAKKALAHALLI,7,7,268.0
KARNATAKA,Bengaluru,Chikkaballapura,CHIKKABALLAPURA,GOWRIBIDANUR,NAMAGONDLU,6,6,421.0
KARNATAKA,Bengaluru,Chikkaballapura,CHIKKABALLAPURA,GOWRIBIDANUR,PURA,11,10,323.0
KARNATAKA,Bengaluru,Chikkaballapura,CHIKKABALLAPURA,GOWRIBIDANUR,RAMAPURA,7,7,298.0
KARNATAKA,Bengaluru,Chikkaballapura,CHIKKABALLAPURA,GOWRIBIDANUR,SHYAMPURA,4,4,135.0
KARNATAKA,Bengaluru,Chikkaballapura,CHIKKABALLAPURA,GOWRIBIDANUR,SONAGANAHALLI,12,12,577.0
KARNATAKA,Bengaluru,Chikkaballapura,CHIKKABALLAPURA,GOWRIBIDANUR,TARIDALU,5,5,204.0
KARNATAKA,Bengaluru,Chikkaballapura,CHIKKABALLAPURA,GOWRIBIDANUR,THONDEBAVI,14,13,436.0
KARNATAKA,Bengaluru,Chikkaballapura,CHIKKABALLAPURA,GOWRIBIDANUR,VATADAHOSAHALLI,14,13,897.0
KARNATAKA,Bengaluru,Chikkaballapura,CHIKKABALLAPURA,GUDIBANDA,BEECHAGANAHALLY,10,10,272.0
KARNATAKA,Bengaluru,Chikkaballapura,CHIKKABALLAPURA,GUDIBANDA,DAPPARTI,5,5,144.0
KARNATAKA,Bengaluru,Chikkaballapura,CHIKKABALLAPURA,GUDIBANDA,HAMPASANDRA,14,12,576.0
KARNATAKA,Bengaluru,Chikkaballapura,CHIKKABALLAPURA,GUDIBANDA,SOMENAHALLI,15,14,748.0
KARNATAKA,Bengaluru,Chikkaballapura,CHIKKABALLAPURA,GUDIBANDA,TIRUMANI,17,17,850.0
KARNATAKA,Bengaluru,Chikkaballapura,CHIKKABALLAPURA,GUDIBANDA,ULLODU,13,12,238.0
KARNATAKA,Bengaluru,Chikkaballapura,CHIKKABALLAPURA,GUDIBANDA,VARLAKONDA,12,12,309.0
KARNATAKA,Bengaluru,Chikkaballapura,CHIKKABALLAPURA,GUDIBANDA,YELLOD,8,8,162.0
KARNATAKA,Bengaluru,Chikkaballapura,CHIKKABALLAPURA,SIDLAGHATTA,ABLODU,7,7,201.0
KARNATAKA,Bengaluru,Chikkaballapura,CHIKKABALLAPURA,SIDLAGHATTA,ANUR,8,8,193.0
KARNATAKA,Bengaluru,Chikkaballapura,CHIKKABALLAPURA,SIDLAGHATTA,BASETTYHALLI,9,8,498.0
KARNATAKA,Bengaluru,Chikkaballapura,CHIKKABALLAPURA,SIDLAGHATTA,BHAKTHARA HALLI,4,4,207.0
KARNATAKA,Bengaluru,Chikkaballapura,CHIKKABALLAPURA,SIDLAGHATTA,CHEEMANGALA,11,10,460.0
KARNATAKA,Bengaluru,Chikkaballapura,CHIKKABALLAPURA,SIDLAGHATTA,DEVARAMALLUR,8,7,241.0
KARNATAKA,Bengaluru,Chikkaballapura,CHIKKABALLAPURA,SIDLAGHATTA,DIBBURAHALLI,14,13,767.0
KARNATAKA,Bengaluru,Chikkaballapura,CHIKKABALLAPURA,SIDLAGHATTA,DODDATEKA HALLI,9,9,383.0
KARNATAKA,Bengaluru,Chikkaballapura,CHIKKABALLAPURA,SIDLAGHATTA,GANJIGUNTE,17,17,718.0
KARNATAKA,Bengaluru,Chikkaballapura,CHIKKABALLAPURA,SIDLAGHATTA,HANDIGANALA,11,9,271.0
KARNATAKA,Bengaluru,Chikkaballapura,CHIKKABALLAPURA,SIDLAGHATTA,HOSAPETE,10,10,484.0
KARNATAKA,Bengaluru,Chikkaballapura,CHIKKABALLAPURA,SIDLAGHATTA,JANGAMAKOTE,7,3,282.0
KARNATAKA,Bengaluru,Chikkaballapura,CHIKKABALLAPURA,SIDLAGHATTA,KOTHANUR,6,5,377.0
KARNATAKA,Bengaluru,Chikkaballapura,CHIKKABALLAPURA,SIDLAGHATTA,KUMBIGANA HALLI,17,10,518.0
KARNATAKA,Bengaluru,Chikkaballapura,CHIKKABALLAPURA,SIDLAGHATTA,KUNDALAGURKI,9,9,229.0
KARNATAKA,Bengaluru,Chikkaballapura,CHIKKABALLAPURA,SIDLAGHATTA,MALAMACHANA HALLI,6,5,280.0
KARNATAKA,Bengaluru,Chikkaballapura,CHIKKABALLAPURA,SIDLAGHATTA,MALLUR,6,4,308.0
KARNATAKA,Bengaluru,Chikkaballapura,CHIKKABALLAPURA,SIDLAGHATTA,MELUR,5,3,90.0
KARNATAKA,Bengaluru,Chikkaballapura,CHIKKABALLAPURA,SIDLAGHATTA,NAGAMANGALA,3,2,46.0
KARNATAKA,Bengaluru,Chikkaballapura,CHIKKABALLAPURA,SIDLAGHATTA,PALICHERLU,7,7,256.0
KARNATAKA,Bengaluru,Chikkaballapura,CHIKKABALLAPURA,SIDLAGHATTA,S. DEVAGANAHALLI,10,10,201.0
KARNATAKA,Bengaluru,Chikkaballapura,CHIKKABALLAPURA,SIDLAGHATTA,SADALI,11,10,596.0
KARNATAKA,Bengaluru,Chikkaballapura,CHIKKABALLAPURA,SIDLAGHATTA,TALAKAYALABETTA,11,11,214.0
KARNATAKA,Bengaluru,Chikkaballapura,CHIKKABALLAPURA,SIDLAGHATTA,THIMMANAYAKANA HALLI,15,15,262.0
KARNATAKA,Bengaluru,Chikkaballapura,CHIKKABALLAPURA,SIDLAGHATTA,THIMMSANDRA,11,11,318.0
KARNATAKA,Bengaluru,Chikkaballapura,CHIKKABALLAPURA,SIDLAGHATTA,THUMMANAHALLI,12,11,352.0
KARNATAKA,Bengaluru,Chikkaballapura,CHIKKABALLAPURA,SIDLAGHATTA,VENKATAPURA,8,5,224.0
KARNATAKA,Bengaluru,Chikkaballapura,CHIKKABALLAPURA,SIDLAGHATTA,Y. HUNASENAHALLI,9,9,238.0
KARNATAKA,Bengaluru,Chitradurga,CHITRADURGA,CHALLAKERE,ABBENAHALLI,10,10,801.0
KARNATAKA,Bengaluru,Chitradurga,CHITRADURGA,CHALLAKERE,BEDAREDDIHALLI,5,4,546.0
KARNATAKA,Bengaluru,Chitradurga,CHITRADURGA,CHALLAKERE,BELAGERE,14,14,609.0
KARNATAKA,Bengaluru,Chitradurga,CHITRADURGA,CHALLAKERE,BUDNAHATTI,12,12,417.0
KARNATAKA,Bengaluru,Chitradurga,CHITRADURGA,CHALLAKERE,CHENNAMANAGATHIHALLI,7,7,373.0
KARNATAKA,Bengaluru,Chitradurga,CHITRADURGA,CHALLAKERE,CHOWLUR,8,8,424.0
KARNATAKA,Bengaluru,Chitradurga,CHITRADURGA,CHALLAKERE,DEVARAMARIKUNTE,7,7,477.0
KARNATAKA,Bengaluru,Chitradurga,CHITRADURGA,CHALLAKERE,DEVAREDDIHALLI,8,8,918.0
KARNATAKA,Bengaluru,Chitradurga,CHITRADURGA,CHALLAKERE,DODDACHELLUR,7,7,345.0
KARNATAKA,Bengaluru,Chitradurga,CHITRADURGA,CHALLAKERE,DODDAULLARTHI,5,3,433.0
KARNATAKA,Bengaluru,Chitradurga,CHITRADURGA,CHALLAKERE,DODDERI,10,10,885.0
KARNATAKA,Bengaluru,Chitradurga,CHITRADURGA,CHALLAKERE,GHATAPARTHI,8,8,579.0
KARNATAKA,Bengaluru,Chitradurga,CHITRADURGA,CHALLAKERE,GOPANAHALLI,8,8,341.0
KARNATAKA,Bengaluru,Chitradurga,CHITRADURGA,CHALLAKERE,GOWDAGERE,5,5,455.0
KARNATAKA,Bengaluru,Chitradurga,CHITRADURGA,CHALLAKERE,GOWRASAMUDRA,12,12,938.0
KARNATAKA,Bengaluru,Chitradurga,CHITRADURGA,CHALLAKERE,HIREHALLI,12,10,732.0
KARNATAKA,Bengaluru,Chitradurga,CHITRADURGA,CHALLAKERE,JAJUR,5,5,725.0
KARNATAKA,Bengaluru,Chitradurga,CHITRADURGA,CHALLAKERE,KALUVEHALLI,8,7,436.0
KARNATAKA,Bengaluru,Chitradurga,CHITRADURGA,CHALLAKERE,MAILANAHALLI,4,4,581.0
KARNATAKA,Bengaluru,Chitradurga,CHITRADURGA,CHALLAKERE,MALLURAHALLI,14,13,825.0
KARNATAKA,Bengaluru,Chitradurga,CHITRADURGA,CHALLAKERE,MANNEKOTE,5,5,418.0
KARNATAKA,Bengaluru,Chitradurga,CHITRADURGA,CHALLAKERE,MEERASAABIHALLI,6,6,490.0
KARNATAKA,Bengaluru,Chitradurga,CHITRADURGA,CHALLAKERE,N.DEVARAHALLY,7,7,354.0
KARNATAKA,Bengaluru,Chitradurga,CHITRADURGA,CHALLAKERE,NAGARAMGERE,13,9,358.0
KARNATAKA,Bengaluru,Chitradurga,CHITRADURGA,CHALLAKERE,NANNIVALA,20,20,840.0
KARNATAKA,Bengaluru,Chitradurga,CHITRADURGA,CHALLAKERE,NELAGETHANAHATTI,9,9,612.0
KARNATAKA,Bengaluru,Chitradurga,CHITRADURGA,CHALLAKERE,NERALAGUNTE,9,8,458.0
KARNATAKA,Bengaluru,Chitradurga,CHITRADURGA,CHALLAKERE,OBALAPURA,9,9,485.0
KARNATAKA,Bengaluru,Chitradurga,CHITRADURGA,CHALLAKERE,P.MAHADEVAPURA,7,7,610.0
KARNATAKA,Bengaluru,Chitradurga,CHITRADURGA,CHALLAKERE,PAGADALABANDE,12,12,686.0
KARNATAKA,Bengaluru,Chitradurga,CHITRADURGA,CHALLAKERE,PARASHURAMAPURA,12,8,944.0
KARNATAKA,Bengaluru,Chitradurga,CHITRADURGA,CHALLAKERE,RAMAJOGIHALLI,10,10,621.0
KARNATAKA,Bengaluru,Chitradurga,CHITRADURGA,CHALLAKERE,RENUKAPURA,9,8,777.0
KARNATAKA,Bengaluru,Chitradurga,CHITRADURGA,CHALLAKERE,S.MAHADEVAPURA,8,7,519.0
KARNATAKA,Bengaluru,Chitradurga,CHITRADURGA,CHALLAKERE,SANIKERE,11,10,469.0
KARNATAKA,Bengaluru,Chitradurga,CHITRADURGA,CHALLAKERE,SIDDESHVARANADURGA,6,6,411.0
KARNATAKA,Bengaluru,Chitradurga,CHITRADURGA,CHALLAKERE,SOMAGUDDU,7,7,406.0
KARNATAKA,Bengaluru,Chitradurga,CHITRADURGA,CHALLAKERE,T.N.KOTE,8,8,385.0
KARNATAKA,Bengaluru,Chitradurga,CHITRADURGA,CHALLAKERE,TALAKU,13,12,839.0
KARNATAKA,Bengaluru,Chitradurga,CHITRADURGA,CHALLAKERE,THIMMAPPAIYANAHALLI,10,9,539.0
KARNATAKA,Bengaluru,Chitradurga,CHITRADURGA,CHITRADURGA,ALAGAVADI,10,9,466.0
KARNATAKA,Bengaluru,Chitradurga,CHITRADURGA,CHITRADURGA,ALAGHATTA,9,9,379.0
KARNATAKA,Bengaluru,Chitradurga,CHITRADURGA,CHITRADURGA,ANNEHAL,6,6,448.0
KARNATAKA,Bengaluru,Chitradurga,CHITRADURGA,CHITRADURGA,BELAGHATTA,9,9,689.0
KARNATAKA,Bengaluru,Chitradurga,CHITRADURGA,CHITRADURGA,BHARAMASAGARA,11,8,1476.0
KARNATAKA,Bengaluru,Chitradurga,CHITRADURGA,CHITRADURGA,BHEEMASAMUDRA,7,6,474.0
KARNATAKA,Bengaluru,Chitradurga,CHITRADURGA,CHITRADURGA,BOMMENAHALLI,5,4,460.0
KARNATAKA,Bengaluru,Chitradurga,CHITRADURGA,CHITRADURGA,BYALAHAL,3,3,241.0
KARNATAKA,Bengaluru,Chitradurga,CHITRADURGA,CHITRADURGA,CHIKKABENNUR,11,10,379.0
KARNATAKA,Bengaluru,Chitradurga,CHITRADURGA,CHITRADURGA,CHIKKAGONDANAHALLI,7,6,610.0
KARNATAKA,Bengaluru,Chitradurga,CHITRADURGA,CHITRADURGA,CHOLAGHATTA,4,3,270.0
KARNATAKA,Bengaluru,Chitradurga,CHITRADURGA,CHITRADURGA,DODDASIDDAVVANAHALLI,7,6,427.0
KARNATAKA,Bengaluru,Chitradurga,CHITRADURGA,CHITRADURGA,DYAMAVVANAHALLI,14,14,647.0
KARNATAKA,Bengaluru,Chitradurga,CHITRADURGA,CHITRADURGA,GODABANAHAL,6,5,205.0
KARNATAKA,Bengaluru,Chitradurga,CHITRADURGA,CHITRADURGA,GONUR,8,8,681.0
KARNATAKA,Bengaluru,Chitradurga,CHITRADURGA,CHITRADURGA,GUDDADARANGAVVANAHALLI,4,4,557.0
KARNATAKA,Bengaluru,Chitradurga,CHITRADURGA,CHITRADURGA,HIREGUNTANUR,15,14,720.0
KARNATAKA,Bengaluru,Chitradurga,CHITRADURGA,CHITRADURGA,HULLUR,9,7,582.0
KARNATAKA,Bengaluru,Chitradurga,CHITRADURGA,CHITRADURGA,INGALADALU,7,7,433.0
KARNATAKA,Bengaluru,Chitradurga,CHITRADURGA,CHITRADURGA,ISSAMUDRA,5,5,447.0
KARNATAKA,Bengaluru,Chitradurga,CHITRADURGA,CHITRADURGA,IYYANAHALLI,10,10,610.0
KARNATAKA,Bengaluru,Chitradurga,CHITRADURGA,CHITRADURGA,J.N. KOTE,8,8,592.0
KARNATAKA,Bengaluru,Chitradurga,CHITRADURGA,CHITRADURGA,JANUKONDA,7,6,319.0
KARNATAKA,Bengaluru,Chitradurga,CHITRADURGA,CHITRADURGA,KALAGERE,11,11,690.0
KARNATAKA,Bengaluru,Chitradurga,CHITRADURGA,CHITRADURGA,KOGUNDE,8,7,426.0
KARNATAKA,Bengaluru,Chitradurga,CHITRADURGA,CHITRADURGA,KOLAHAL,8,8,488.0
KARNATAKA,Bengaluru,Chitradurga,CHITRADURGA,CHITRADURGA,KUNUBEVU,7,7,418.0
KARNATAKA,Bengaluru,Chitradurga,CHITRADURGA,CHITRADURGA,LAKSHMISAGARA,13,12,1054.0
KARNATAKA,Bengaluru,Chitradurga,CHITRADURGA,CHITRADURGA,MADAKARIPURA,11,5,542.0
KARNATAKA,Bengaluru,Chitradurga,CHITRADURGA,CHITRADURGA,MADANAYAKANAHALLI,7,7,569.0
KARNATAKA,Bengaluru,Chitradurga,CHITRADURGA,CHITRADURGA,MATADAKURUBARAHATTI,14,7,833.0
KARNATAKA,Bengaluru,Chitradurga,CHITRADURGA,CHITRADURGA,MEDEHALLI,3,2,576.0
KARNATAKA,Bengaluru,Chitradurga,CHITRADURGA,CHITRADURGA,MUDDAPURA,12,12,676.0
KARNATAKA,Bengaluru,Chitradurga,CHITRADURGA,CHITRADURGA,SIDDAPURA,8,5,195.0
KARNATAKA,Bengaluru,Chitradurga,CHITRADURGA,CHITRADURGA,SIRIGERE,10,8,431.0
KARNATAKA,Bengaluru,Chitradurga,CHITRADURGA,CHITRADURGA,SONDEKOLA,6,6,339.0
KARNATAKA,Bengaluru,Chitradurga,CHITRADURGA,CHITRADURGA,TURUVANUR,12,11,1066.0
KARNATAKA,Bengaluru,Chitradurga,CHITRADURGA,CHITRADURGA,YELAGODU,6,6,758.0
KARNATAKA,Bengaluru,Chitradurga,CHITRADURGA,HIRIYUR,ABBENAHOLE,16,16,1713.0
KARNATAKA,Bengaluru,Chitradurga,CHITRADURGA,HIRIYUR,ADIVALA,10,9,607.0
KARNATAKA,Bengaluru,Chitradurga,CHITRADURGA,HIRIYUR,BABBUR,6,5,230.0
KARNATAKA,Bengaluru,Chitradurga,CHITRADURGA,HIRIYUR,BURUGINAROLPPA,8,8,418.0
KARNATAKA,Bengaluru,Chitradurga,CHITRADURGA,HIRIYUR,BYADARAHALLI,7,6,327.0
KARNATAKA,Bengaluru,Chitradurga,CHITRADURGA,HIRIYUR,DHARAMPURA,11,9,404.0
KARNATAKA,Bengaluru,Chitradurga,CHITRADURGA,HIRIYUR,DINDAVARA,15,15,758.0
KARNATAKA,Bengaluru,Chitradurga,CHITRADURGA,HIRIYUR,ESHWARAGERE,7,7,456.0
KARNATAKA,Bengaluru,Chitradurga,CHITRADURGA,HIRIYUR,GANANAIKANAHALLY,6,6,289.0
KARNATAKA,Bengaluru,Chitradurga,CHITRADURGA,HIRIYUR,GOWDANAHALLY,10,10,524.0
KARNATAKA,Bengaluru,Chitradurga,CHITRADURGA,HIRIYUR,HARIYEBBE,10,8,442.0
KARNATAKA,Bengaluru,Chitradurga,CHITRADURGA,HIRIYUR,HARTHIKOTE,7,7,256.0
KARNATAKA,Bengaluru,Chitradurga,CHITRADURGA,HIRIYUR,HOSAYELANADU,4,4,598.0
KARNATAKA,Bengaluru,Chitradurga,CHITRADURGA,HIRIYUR,IKKANUR,12,12,451.0
KARNATAKA,Bengaluru,Chitradurga,CHITRADURGA,HIRIYUR,IMANGALA,10,8,728.0
KARNATAKA,Bengaluru,Chitradurga,CHITRADURGA,HIRIYUR,JAVANAGONDANAHALLY,15,14,808.0
KARNATAKA,Bengaluru,Chitradurga,CHITRADURGA,HIRIYUR,K R HALLY,7,7,166.0
KARNATAKA,Bengaluru,Chitradurga,CHITRADURGA,HIRIYUR,KANAJANAHALLI,8,8,418.0
KARNATAKA,Bengaluru,Chitradurga,CHITRADURGA,HIRIYUR,KARIYALA,10,10,422.0
KARNATAKA,Bengaluru,Chitradurga,CHITRADURGA,HIRIYUR,KHANDENAHALLY,6,6,268.0
KARNATAKA,Bengaluru,Chitradurga,CHITRADURGA,HIRIYUR,KUNIKERE,14,14,492.0
KARNATAKA,Bengaluru,Chitradurga,CHITRADURGA,HIRIYUR,M.D.KOTE,7,7,474.0
KARNATAKA,Bengaluru,Chitradurga,CHITRADURGA,HIRIYUR,MARADIHALLY,4,4,374.0
KARNATAKA,Bengaluru,Chitradurga,CHITRADURGA,HIRIYUR,MASKAL,8,7,286.0
KARNATAKA,Bengaluru,Chitradurga,CHITRADURGA,HIRIYUR,METIKURKE,11,10,333.0
KARNATAKA,Bengaluru,Chitradurga,CHITRADURGA,HIRIYUR,P.D.KOTE,5,5,182.0
KARNATAKA,Bengaluru,Chitradurga,CHITRADURGA,HIRIYUR,RANGANATHAPURA,7,7,521.0
KARNATAKA,Bengaluru,Chitradurga,CHITRADURGA,HIRIYUR,RANGENAHALLY,8,8,296.0
KARNATAKA,Bengaluru,Chitradurga,CHITRADURGA,HIRIYUR,SURAGONDANAHALLY,13,13,581.0
KARNATAKA,Bengaluru,Chitradurga,CHITRADURGA,HIRIYUR,UDUVALLY,14,14,988.0
KARNATAKA,Bengaluru,Chitradurga,CHITRADURGA,HIRIYUR,V.V.PURA,13,13,833.0
KARNATAKA,Bengaluru,Chitradurga,CHITRADURGA,HIRIYUR,YELLADAKERE,21,20,767.0
KARNATAKA,Bengaluru,Chitradurga,CHITRADURGA,HIRIYUR,YERABALLI,6,6,415.0
KARNATAKA,Bengaluru,Chitradurga,CHITRADURGA,HOLALKERE,ADANUR,9,9,419.0
KARNATAKA,Bengaluru,Chitradurga,CHITRADURGA,HOLALKERE,ANDANUR,11,11,323.0
KARNATAKA,Bengaluru,Chitradurga,CHITRADURGA,HOLALKERE,AREHALLI,12,9,293.0
KARNATAKA,Bengaluru,Chitradurga,CHITRADURGA,HOLALKERE,B.DURGA,6,6,584.0
KARNATAKA,Bengaluru,Chitradurga,CHITRADURGA,HOLALKERE,BIDARAKERE,9,9,220.0
KARNATAKA,Bengaluru,Chitradurga,CHITRADURGA,HOLALKERE,CHIKKA YEMMIGANUR,7,7,274.0
KARNATAKA,Bengaluru,Chitradurga,CHITRADURGA,HOLALKERE,CHIKKAJAJUR,9,7,421.0
KARNATAKA,Bengaluru,Chitradurga,CHITRADURGA,HOLALKERE,CHITHRAHALLI,14,14,1206.0
KARNATAKA,Bengaluru,Chitradurga,CHITRADURGA,HOLALKERE,DUMMI,6,6,352.0
KARNATAKA,Bengaluru,Chitradurga,CHITRADURGA,HOLALKERE,GANGASAMUDRA,2,2,134.0
KARNATAKA,Bengaluru,Chitradurga,CHITRADURGA,HOLALKERE,GUNDERI,8,8,883.0
KARNATAKA,Bengaluru,Chitradurga,CHITRADURGA,HOLALKERE,GUNGIGANUR,7,7,249.0
KARNATAKA,Bengaluru,Chitradurga,CHITRADURGA,HOLALKERE,H.D.PURA,9,8,594.0
KARNATAKA,Bengaluru,Chitradurga,CHITRADURGA,HOLALKERE,HIRE YEMMIGANUR,7,7,291.0
KARNATAKA,Bengaluru,Chitradurga,CHITRADURGA,HOLALKERE,MADDERU,9,9,387.0
KARNATAKA,Bengaluru,Chitradurga,CHITRADURGA,HOLALKERE,MALLADIHALLI,6,4,214.0
KARNATAKA,Bengaluru,Chitradurga,CHITRADURGA,HOLALKERE,MUTHUGADUR,14,13,476.0
KARNATAKA,Bengaluru,Chitradurga,CHITRADURGA,HOLALKERE,N.G.HALLI,9,9,253.0
KARNATAKA,Bengaluru,Chitradurga,CHITRADURGA,HOLALKERE,R.NULENUR,7,6,195.0
KARNATAKA,Bengaluru,Chitradurga,CHITRADURGA,HOLALKERE,RAMAGIRI,6,5,510.0
KARNATAKA,Bengaluru,Chitradurga,CHITRADURGA,HOLALKERE,SHIVAGANGA,7,5,158.0
KARNATAKA,Bengaluru,Chitradurga,CHITRADURGA,HOLALKERE,SHIVAPURA,10,9,230.0
KARNATAKA,Bengaluru,Chitradurga,CHITRADURGA,HOLALKERE,T.NULENUR,6,5,207.0
KARNATAKA,Bengaluru,Chitradurga,CHITRADURGA,HOLALKERE,TALIKATTE,5,4,360.0
KARNATAKA,Bengaluru,Chitradurga,CHITRADURGA,HOLALKERE,TALYA,10,9,557.0
KARNATAKA,Bengaluru,Chitradurga,CHITRADURGA,HOLALKERE,TEKALAVATTI,11,10,447.0
KARNATAKA,Bengaluru,Chitradurga,CHITRADURGA,HOLALKERE,TUPPADAHALLI,6,6,232.0
KARNATAKA,Bengaluru,Chitradurga,CHITRADURGA,HOLALKERE,UPPARIGENAHALLI,12,11,516.0
KARNATAKA,Bengaluru,Chitradurga,CHITRADURGA,HOLALKERE,VISWANATHANAHALLI,6,6,266.0
KARNATAKA,Bengaluru,Chitradurga,CHITRADURGA,HOSADURGA,ANIVALA,5,5,83.0
KARNATAKA,Bengaluru,Chitradurga,CHITRADURGA,HOSADURGA,ATTIMAGGE,14,14,408.0
KARNATAKA,Bengaluru,Chitradurga,CHITRADURGA,HOSADURGA,BAGURU,9,8,244.0
KARNATAKA,Bengaluru,Chitradurga,CHITRADURGA,HOSADURGA,BALLALASAMUDRA,8,8,230.0
KARNATAKA,Bengaluru,Chitradurga,CHITRADURGA,HOSADURGA,BELAGURU,11,8,288.0
KARNATAKA,Bengaluru,Chitradurga,CHITRADURGA,HOSADURGA,BOKIKERE,13,9,283.0
KARNATAKA,Bengaluru,Chitradurga,CHITRADURGA,HOSADURGA,CHIKKABYLADAKERE,7,7,261.0
KARNATAKA,Bengaluru,Chitradurga,CHITRADURGA,HOSADURGA,DEVAPURA,12,12,406.0
KARNATAKA,Bengaluru,Chitradurga,CHITRADURGA,HOSADURGA,DEVIGERE,12,12,370.0
KARNATAKA,Bengaluru,Chitradurga,CHITRADURGA,HOSADURGA,DODDAGATTA,10,10,412.0
KARNATAKA,Bengaluru,Chitradurga,CHITRADURGA,HOSADURGA,DODDAKITTADAHALLI,4,4,351.0
KARNATAKA,Bengaluru,Chitradurga,CHITRADURGA,HOSADURGA,DODDATHEKALAVATTI,8,7,292.0
KARNATAKA,Bengaluru,Chitradurga,CHITRADURGA,HOSADURGA,GUDDADANERLAKERE,16,16,910.0
KARNATAKA,Bengaluru,Chitradurga,CHITRADURGA,HOSADURGA,HEBBALLI,12,12,279.0
KARNATAKA,Bengaluru,Chitradurga,CHITRADURGA,HOSADURGA,HEGGERE,7,7,276.0
KARNATAKA,Bengaluru,Chitradurga,CHITRADURGA,HOSADURGA,HUNUVINADU,14,11,522.0
KARNATAKA,Bengaluru,Chitradurga,CHITRADURGA,HOSADURGA,JANKAL,12,11,585.0
KARNATAKA,Bengaluru,Chitradurga,CHITRADURGA,HOSADURGA,KABBALA,5,5,177.0
KARNATAKA,Bengaluru,Chitradurga,CHITRADURGA,HOSADURGA,KAINADU,11,11,634.0
KARNATAKA,Bengaluru,Chitradurga,CHITRADURGA,HOSADURGA,KANCHIPURA,8,8,520.0
KARNATAKA,Bengaluru,Chitradurga,CHITRADURGA,HOSADURGA,KANGUVALLI,8,8,299.0
KARNATAKA,Bengaluru,Chitradurga,CHITRADURGA,HOSADURGA,KAREHALLI,9,9,376.0
KARNATAKA,Bengaluru,Chitradurga,CHITRADURGA,HOSADURGA,KELLODU,14,12,402.0
KARNATAKA,Bengaluru,Chitradurga,CHITRADURGA,HOSADURGA,KURUBARAHALLI,8,8,309.0
KARNATAKA,Bengaluru,Chitradurga,CHITRADURGA,HOSADURGA,LAKKIHALLI,8,8,540.0
KARNATAKA,Bengaluru,Chitradurga,CHITRADURGA,HOSADURGA,MADADAKERE,7,7,630.0
KARNATAKA,Bengaluru,Chitradurga,CHITRADURGA,HOSADURGA,MADHURE,13,11,536.0
KARNATAKA,Bengaluru,Chitradurga,CHITRADURGA,HOSADURGA,MALLAPPANAHALLI,6,5,315.0
KARNATAKA,Bengaluru,Chitradurga,CHITRADURGA,HOSADURGA,MATHODU,9,8,435.0
KARNATAKA,Bengaluru,Chitradurga,CHITRADURGA,HOSADURGA,S NERLAKERE,13,13,573.0
KARNATAKA,Bengaluru,Chitradurga,CHITRADURGA,HOSADURGA,SANIHALLI,12,11,618.0
KARNATAKA,Bengaluru,Chitradurga,CHITRADURGA,HOSADURGA,SRIRAMPURA,8,6,542.0
KARNATAKA,Bengaluru,Chitradurga,CHITRADURGA,HOSADURGA,THANDAGA,13,13,432.0
KARNATAKA,Bengaluru,Chitradurga,CHITRADURGA,MOLAKALMUR,ASHOKASIDDAPURA,15,14,1130.0
KARNATAKA,Bengaluru,Chitradurga,CHITRADURGA,MOLAKALMUR,B.G.KERE,10,10,1019.0
KARNATAKA,Bengaluru,Chitradurga,CHITRADURGA,MOLAKALMUR,CHIKKIRAHALLI,6,4,639.0
KARNATAKA,Bengaluru,Chitradurga,CHITRADURGA,MOLAKALMUR,DHEVASAMUDRA,8,7,1096.0
KARNATAKA,Bengaluru,Chitradurga,CHITRADURGA,MOLAKALMUR,HANGAL,10,10,852.0
KARNATAKA,Bengaluru,Chitradurga,CHITRADURGA,MOLAKALMUR,HEREKEREHALLI,3,3,406.0
KARNATAKA,Bengaluru,Chitradurga,CHITRADURGA,MOLAKALMUR,J.B.HALLI,9,9,700.0
KARNATAKA,Bengaluru,Chitradurga,CHITRADURGA,MOLAKALMUR,KONASAGARA,12,11,945.0
KARNATAKA,Bengaluru,Chitradurga,CHITRADURGA,MOLAKALMUR,KONDLAHALLI,6,3,709.0
KARNATAKA,Bengaluru,Chitradurga,CHITRADURGA,MOLAKALMUR,NAGASAMUDRA,4,4,925.0
KARNATAKA,Bengaluru,Chitradurga,CHITRADURGA,MOLAKALMUR,NERLAHALLI,10,10,579.0
KARNATAKA,Bengaluru,Chitradurga,CHITRADURGA,MOLAKALMUR,RAMPURA,18,9,1231.0
KARNATAKA,Bengaluru,Chitradurga,CHITRADURGA,MOLAKALMUR,RAYAPURA,13,12,1262.0
KARNATAKA,Bengaluru,Chitradurga,CHITRADURGA,MOLAKALMUR,SANTHEGUDDA,7,7,831.0
KARNATAKA,Bengaluru,Chitradurga,CHITRADURGA,MOLAKALMUR,THAMMENAHALLI,10,9,1464.0
KARNATAKA,Bengaluru,Chitradurga,CHITRADURGA,MOLAKALMUR,THUMKURLAHALLI,8,7,955.0
KARNATAKA,Bengaluru,Davanagere,DAVANAGERE,CHANNAGIRI,AGARABANNIHATTI,2,2,256.0
KARNATAKA,Bengaluru,Davanagere,DAVANAGERE,CHANNAGIRI,AJJIHALLI,7,3,197.0
KARNATAKA,Bengaluru,Davanagere,DAVANAGERE,CHANNAGIRI,BASAVAPATTANA,9,7,579.0
KARNATAKA,Bengaluru,Davanagere,DAVANAGERE,CHANNAGIRI,BELALAGERE,5,3,228.0
KARNATAKA,Bengaluru,Davanagere,DAVANAGERE,CHANNAGIRI,BELLIGANADU,3,3,83.0
KARNATAKA,Bengaluru,Davanagere,DAVANAGERE,CHANNAGIRI,BULASAGARA,6,5,141.0
KARNATAKA,Bengaluru,Davanagere,DAVANAGERE,CHANNAGIRI,CHANNESHAPURA,6,6,240.0
KARNATAKA,Bengaluru,Davanagere,DAVANAGERE,CHANNAGIRI,CHIKKAGANGANUR,3,3,150.0
KARNATAKA,Bengaluru,Davanagere,DAVANAGERE,CHANNAGIRI,DAGINAKATTE,3,3,436.0
KARNATAKA,Bengaluru,Davanagere,DAVANAGERE,CHANNAGIRI,DEVARAHALLI,8,6,641.0
KARNATAKA,Bengaluru,Davanagere,DAVANAGERE,CHANNAGIRI,DODDABBIGERE,4,3,157.0
KARNATAKA,Bengaluru,Davanagere,DAVANAGERE,CHANNAGIRI,DURAVIGERE,11,11,264.0
KARNATAKA,Bengaluru,Davanagere,DAVANAGERE,CHANNAGIRI,GARAGA,4,4,201.0
KARNATAKA,Bengaluru,Davanagere,DAVANAGERE,CHANNAGIRI,GOPPENAHALLI,4,3,119.0
KARNATAKA,Bengaluru,Davanagere,DAVANAGERE,CHANNAGIRI,GUDDADA KUMARANA HALLI,5,5,222.0
KARNATAKA,Bengaluru,Davanagere,DAVANAGERE,CHANNAGIRI,HARONAHALLI,7,7,384.0
KARNATAKA,Bengaluru,Davanagere,DAVANAGERE,CHANNAGIRI,HEBBALAGERE,5,4,268.0
KARNATAKA,Bengaluru,Davanagere,DAVANAGERE,CHANNAGIRI,HIREMALALI,15,13,994.0
KARNATAKA,Bengaluru,Davanagere,DAVANAGERE,CHANNAGIRI,HODIGERE,3,2,173.0
KARNATAKA,Bengaluru,Davanagere,DAVANAGERE,CHANNAGIRI,HONNEBAGI,12,4,275.0
KARNATAKA,Bengaluru,Davanagere,DAVANAGERE,CHANNAGIRI,ITTIGI,3,3,130.0
KARNATAKA,Bengaluru,Davanagere,DAVANAGERE,CHANNAGIRI,JOLDAL,5,5,330.0
KARNATAKA,Bengaluru,Davanagere,DAVANAGERE,CHANNAGIRI,KABBALA,6,5,157.0
KARNATAKA,Bengaluru,Davanagere,DAVANAGERE,CHANNAGIRI,KAGATHOORU,4,4,189.0
KARNATAKA,Bengaluru,Davanagere,DAVANAGERE,CHANNAGIRI,KAKANUR,7,7,577.0
KARNATAKA,Bengaluru,Davanagere,DAVANAGERE,CHANNAGIRI,KAMSAGARA,4,4,147.0
KARNATAKA,Bengaluru,Davanagere,DAVANAGERE,CHANNAGIRI,KANCHIGANAL,3,3,185.0
KARNATAKA,Bengaluru,Davanagere,DAVANAGERE,CHANNAGIRI,KANIVEBILACHI,4,3,281.0
KARNATAKA,Bengaluru,Davanagere,DAVANAGERE,CHANNAGIRI,KAREKATTE,5,4,368.0
KARNATAKA,Bengaluru,Davanagere,DAVANAGERE,CHANNAGIRI,KARIGANUR,8,6,931.0
KARNATAKA,Bengaluru,Davanagere,DAVANAGERE,CHANNAGIRI,KATTALAGERE,6,5,278.0
KARNATAKA,Bengaluru,Davanagere,DAVANAGERE,CHANNAGIRI,KEMPANAHALLI,5,4,154.0
KARNATAKA,Bengaluru,Davanagere,DAVANAGERE,CHANNAGIRI,KEREBILACHI,13,10,1192.0
KARNATAKA,Bengaluru,Davanagere,DAVANAGERE,CHANNAGIRI,KOGALURU,5,4,200.0
KARNATAKA,Bengaluru,Davanagere,DAVANAGERE,CHANNAGIRI,KONDADAHALLI,3,3,163.0
KARNATAKA,Bengaluru,Davanagere,DAVANAGERE,CHANNAGIRI,KORATIKERE,3,3,82.0
KARNATAKA,Bengaluru,Davanagere,DAVANAGERE,CHANNAGIRI,KOTEHAL,8,6,321.0
KARNATAKA,Bengaluru,Davanagere,DAVANAGERE,CHANNAGIRI,LINGADAHALLI,5,5,200.0
KARNATAKA,Bengaluru,Davanagere,DAVANAGERE,CHANNAGIRI,MALAHALU,2,2,99.0
KARNATAKA,Bengaluru,Davanagere,DAVANAGERE,CHANNAGIRI,MALLAPURA,2,2,121.0
KARNATAKA,Bengaluru,Davanagere,DAVANAGERE,CHANNAGIRI,MARAVANJI,8,8,249.0
KARNATAKA,Bengaluru,Davanagere,DAVANAGERE,CHANNAGIRI,MEDIKERE,5,5,178.0
KARNATAKA,Bengaluru,Davanagere,DAVANAGERE,CHANNAGIRI,MUDIGERE,5,5,155.0
KARNATAKA,Bengaluru,Davanagere,DAVANAGERE,CHANNAGIRI,NALKUDURE,5,5,176.0
KARNATAKA,Bengaluru,Davanagere,DAVANAGERE,CHANNAGIRI,NALLIHANKALU,6,6,188.0
KARNATAKA,Bengaluru,Davanagere,DAVANAGERE,CHANNAGIRI,NALLURU,12,6,827.0
KARNATAKA,Bengaluru,Davanagere,DAVANAGERE,CHANNAGIRI,NAVILEHAL,9,6,266.0
KARNATAKA,Bengaluru,Davanagere,DAVANAGERE,CHANNAGIRI,NILLOGAL,2,2,180.0
KARNATAKA,Bengaluru,Davanagere,DAVANAGERE,CHANNAGIRI,NUGGEHALLI,5,4,106.0
KARNATAKA,Bengaluru,Davanagere,DAVANAGERE,CHANNAGIRI,PANDOMATTI,3,3,263.0
KARNATAKA,Bengaluru,Davanagere,DAVANAGERE,CHANNAGIRI,RAJAGONDANAHALLI,6,6,281.0
KARNATAKA,Bengaluru,Davanagere,DAVANAGERE,CHANNAGIRI,RUDRAPURA,5,4,138.0
KARNATAKA,Bengaluru,Davanagere,DAVANAGERE,CHANNAGIRI,SANTHEBENNUR,13,8,945.0
KARNATAKA,Bengaluru,Davanagere,DAVANAGERE,CHANNAGIRI,SIDDANAMATHA,3,3,132.0
KARNATAKA,Bengaluru,Davanagere,DAVANAGERE,CHANNAGIRI,SOMLAPURA,4,4,126.0
KARNATAKA,Bengaluru,Davanagere,DAVANAGERE,CHANNAGIRI,TANIGERE,5,3,202.0
KARNATAKA,Bengaluru,Davanagere,DAVANAGERE,CHANNAGIRI,TAVAREKERE,7,6,501.0
KARNATAKA,Bengaluru,Davanagere,DAVANAGERE,CHANNAGIRI,THIPPAGONDANAHALLI,6,6,166.0
KARNATAKA,Bengaluru,Davanagere,DAVANAGERE,CHANNAGIRI,TYAVANAGI,6,4,338.0
KARNATAKA,Bengaluru,Davanagere,DAVANAGERE,CHANNAGIRI,VADDANAL,2,2,177.0
KARNATAKA,Bengaluru,Davanagere,DAVANAGERE,DAVANAGERE(N),ALURU,7,5,333.0
KARNATAKA,Bengaluru,Davanagere,DAVANAGERE,DAVANAGERE(N),ANAGODU,8,6,492.0
KARNATAKA,Bengaluru,Davanagere,DAVANAGERE,DAVANAGERE(N),ANAJI,9,6,611.0
KARNATAKA,Bengaluru,Davanagere,DAVANAGERE,DAVANAGERE(N),AVARAGOLLA,7,5,1146.0
KARNATAKA,Bengaluru,Davanagere,DAVANAGERE,DAVANAGERE(N),BASAVANALU,5,5,191.0
KARNATAKA,Bengaluru,Davanagere,DAVANAGERE,DAVANAGERE(N),BETURU,7,3,322.0
KARNATAKA,Bengaluru,Davanagere,DAVANAGERE,DAVANAGERE(N),DODDABATI,7,4,593.0
KARNATAKA,Bengaluru,Davanagere,DAVANAGERE,DAVANAGERE(N),GUDALU,8,7,247.0
KARNATAKA,Bengaluru,Davanagere,DAVANAGERE,DAVANAGERE(N),HALEBATHI,5,3,284.0
KARNATAKA,Bengaluru,Davanagere,DAVANAGERE,DAVANAGERE(N),HEBBALU,10,9,447.0
KARNATAKA,Bengaluru,Davanagere,DAVANAGERE,DAVANAGERE(N),HEMMANABETUR,5,5,205.0
KARNATAKA,Bengaluru,Davanagere,DAVANAGERE,DAVANAGERE(N),HUCHCHAVANAHALLY,2,2,111.0
KARNATAKA,Bengaluru,Davanagere,DAVANAGERE,DAVANAGERE(N),HULIKATTE,3,3,210.0
KARNATAKA,Bengaluru,Davanagere,DAVANAGERE,DAVANAGERE(N),HUNNURU,8,6,254.0
KARNATAKA,Bengaluru,Davanagere,DAVANAGERE,DAVANAGERE(N),IGURU,7,6,237.0
KARNATAKA,Bengaluru,Davanagere,DAVANAGERE,DAVANAGERE(N),KADAJJI,6,4,404.0
KARNATAKA,Bengaluru,Davanagere,DAVANAGERE,DAVANAGERE(N),KADLEBALU,8,8,934.0
KARNATAKA,Bengaluru,Davanagere,DAVANAGERE,DAVANAGERE(N),KAKKARAGOLLA,5,3,420.0
KARNATAKA,Bengaluru,Davanagere,DAVANAGERE,DAVANAGERE(N),KANDAVAKOVI,11,9,160.0
KARNATAKA,Bengaluru,Davanagere,DAVANAGERE,DAVANAGERE(N),NARAGANAHALLI,7,7,369.0
KARNATAKA,Bengaluru,Davanagere,DAVANAGERE,DAVANAGERE(S),ANBERU,6,4,285.0
KARNATAKA,Bengaluru,Davanagere,DAVANAGERE,DAVANAGERE(S),ATTIGERE,6,5,251.0
KARNATAKA,Bengaluru,Davanagere,DAVANAGERE,DAVANAGERE(S),BADA,6,6,362.0
KARNATAKA,Bengaluru,Davanagere,DAVANAGERE,DAVANAGERE(S),BELAVANURU,15,9,649.0
KARNATAKA,Bengaluru,Davanagere,DAVANAGERE,DAVANAGERE(S),GOPNALU,6,5,271.0
KARNATAKA,Bengaluru,Davanagere,DAVANAGERE,DAVANAGERE(S),HADADI,6,4,457.0
KARNATAKA,Bengaluru,Davanagere,DAVANAGERE,DAVANAGERE(S),HUCHCHAVANAHALLY,12,11,342.0
KARNATAKA,Bengaluru,Davanagere,DAVANAGERE,DAVANAGERE(S),KAIDALE,10,8,402.0
KARNATAKA,Bengaluru,Davanagere,DAVANAGERE,DAVANAGERE(S),KANAGONDANAHALLI,10,10,772.0
KARNATAKA,Bengaluru,Davanagere,DAVANAGERE,DAVANAGERE(S),KANDAGALLU,3,2,249.0
KARNATAKA,Bengaluru,Davanagere,DAVANAGERE,DAVANAGERE(S),KUDAGANURU,8,7,336.0
KARNATAKA,Bengaluru,Davanagere,DAVANAGERE,DAVANAGERE(S),KUKKAVADA,9,7,418.0
KARNATAKA,Bengaluru,Davanagere,DAVANAGERE,DAVANAGERE(S),KURKI,10,8,379.0
KARNATAKA,Bengaluru,Davanagere,DAVANAGERE,DAVANAGERE(S),LOKIKERE,3,3,500.0
KARNATAKA,Bengaluru,Davanagere,DAVANAGERE,DAVANAGERE(S),MALALKERE,5,5,199.0
KARNATAKA,Bengaluru,Davanagere,DAVANAGERE,DAVANAGERE(S),MATTHI,7,5,332.0
KARNATAKA,Bengaluru,Davanagere,DAVANAGERE,DAVANAGERE(S),MAYAKONDA,5,4,671.0
KARNATAKA,Bengaluru,Davanagere,DAVANAGERE,DAVANAGERE(S),MUDAHADADI,8,6,505.0
KARNATAKA,Bengaluru,Davanagere,DAVANAGERE,DAVANAGERE(S),NERLIGE,8,7,459.0
KARNATAKA,Bengaluru,Davanagere,DAVANAGERE,DAVANAGERE(S),SHAYGALE,6,4,236.0
KARNATAKA,Bengaluru,Davanagere,DAVANAGERE,DAVANAGERE(S),SHIRAMAGONDANAHALLY,5,3,283.0
KARNATAKA,Bengaluru,Davanagere,DAVANAGERE,DAVANAGERE(S),TOLAHUNASE,10,7,286.0
KARNATAKA,Bengaluru,Davanagere,DAVANAGERE,HARIHARA,BANNIKODU,3,2,620.0
KARNATAKA,Bengaluru,Davanagere,DAVANAGERE,HARIHARA,BANUVALLI,8,5,866.0
KARNATAKA,Bengaluru,Davanagere,DAVANAGERE,HARIHARA,BELLUDI,10,8,808.0
KARNATAKA,Bengaluru,Davanagere,DAVANAGERE,HARIHARA,DEVARABELAKERE,5,4,591.0
KARNATAKA,Bengaluru,Davanagere,DAVANAGERE,HARIHARA,GUTTUR,1,1,140.0
KARNATAKA,Bengaluru,Davanagere,DAVANAGERE,HARIHARA,HALIVANA,6,5,365.0
KARNATAKA,Bengaluru,Davanagere,DAVANAGERE,HARIHARA,HANAGAVADI,5,3,393.0
KARNATAKA,Bengaluru,Davanagere,DAVANAGERE,HARIHARA,HARALAHALLI,7,5,457.0
KARNATAKA,Bengaluru,Davanagere,DAVANAGERE,HARIHARA,HOLESIRIGERE,5,5,364.0
KARNATAKA,Bengaluru,Davanagere,DAVANAGERE,HARIHARA,JIGALI,5,2,284.0
KARNATAKA,Bengaluru,Davanagere,DAVANAGERE,HARIHARA,K BEVENAHALLI,3,3,290.0
KARNATAKA,Bengaluru,Davanagere,DAVANAGERE,HARIHARA,KADARANAYAKANAHALLI,5,4,344.0
KARNATAKA,Bengaluru,Davanagere,DAVANAGERE,HARIHARA,KOKKANUR,8,7,567.0
KARNATAKA,Bengaluru,Davanagere,DAVANAGERE,HARIHARA,KONDAJJI,11,8,782.0
KARNATAKA,Bengaluru,Davanagere,DAVANAGERE,HARIHARA,KUMBALUR,8,5,437.0
KARNATAKA,Bengaluru,Davanagere,DAVANAGERE,HARIHARA,KUNIBELEKERE,8,5,328.0
KARNATAKA,Bengaluru,Davanagere,DAVANAGERE,HARIHARA,NANDIGAVI,6,4,335.0
KARNATAKA,Bengaluru,Davanagere,DAVANAGERE,HARIHARA,RAJANAHALLI,8,8,618.0
KARNATAKA,Bengaluru,Davanagere,DAVANAGERE,HARIHARA,SALKATTE,4,3,228.0
KARNATAKA,Bengaluru,Davanagere,DAVANAGERE,HARIHARA,SARATI,6,5,409.0
KARNATAKA,Bengaluru,Davanagere,DAVANAGERE,HARIHARA,UKKADAGATHRI,10,7,815.0
KARNATAKA,Bengaluru,Davanagere,DAVANAGERE,HARIHARA,VASANA,3,3,297.0
KARNATAKA,Bengaluru,Davanagere,DAVANAGERE,HARIHARA,YELAVATTI,4,4,323.0
KARNATAKA,Bengaluru,Davanagere,DAVANAGERE,HARIHARA,YELEHOLE,4,4,263.0
KARNATAKA,Bengaluru,Davanagere,DAVANAGERE,HONNALI,ARABHAGATTA,2,2,337.0
KARNATAKA,Bengaluru,Davanagere,DAVANAGERE,HONNALI,ARAKERE,4,3,105.0
KARNATAKA,Bengaluru,Davanagere,DAVANAGERE,HONNALI,BANNIKODU,3,3,346.0
KARNATAKA,Bengaluru,Davanagere,DAVANAGERE,HONNALI,BASAVANAHALLI,4,4,846.0
KARNATAKA,Bengaluru,Davanagere,DAVANAGERE,HONNALI,BELAGUTTI,5,4,390.0
KARNATAKA,Bengaluru,Davanagere,DAVANAGERE,HONNALI,BELIMALLURU,4,4,453.0
KARNATAKA,Bengaluru,Davanagere,DAVANAGERE,HONNALI,BENAKANAHALLI,4,3,192.0
KARNATAKA,Bengaluru,Davanagere,DAVANAGERE,HONNALI,BIRAGONDANAHALLI,4,4,140.0
KARNATAKA,Bengaluru,Davanagere,DAVANAGERE,HONNALI,CHATNIHALLI,3,3,167.0
KARNATAKA,Bengaluru,Davanagere,DAVANAGERE,HONNALI,CHI. KADADAKATTE,4,4,191.0
KARNATAKA,Bengaluru,Davanagere,DAVANAGERE,HONNALI,CHILURU,6,4,428.0
KARNATAKA,Bengaluru,Davanagere,DAVANAGERE,HONNALI,CHINNIKATTE,11,11,399.0
KARNATAKA,Bengaluru,Davanagere,DAVANAGERE,HONNALI,GANGANAKOTE,10,9,111.0
KARNATAKA,Bengaluru,Davanagere,DAVANAGERE,HONNALI,GOVINAKOVI,4,4,279.0
KARNATAKA,Bengaluru,Davanagere,DAVANAGERE,HONNALI,GUDDEHALLI,4,4,230.0
KARNATAKA,Bengaluru,Davanagere,DAVANAGERE,HONNALI,H.GOPAGUNDANAHALLI,4,4,264.0
KARNATAKA,Bengaluru,Davanagere,DAVANAGERE,HONNALI,H.KADADAKATTE,7,6,605.0
KARNATAKA,Bengaluru,Davanagere,DAVANAGERE,HONNALI,HANUMASAGARA,7,7,313.0
KARNATAKA,Bengaluru,Davanagere,DAVANAGERE,HONNALI,HARALAHALLI,3,3,217.0
KARNATAKA,Bengaluru,Davanagere,DAVANAGERE,HONNALI,HATHUR,4,4,177.0
KARNATAKA,Bengaluru,Davanagere,DAVANAGERE,HONNALI,HIREGONIGERE,7,7,546.0
KARNATAKA,Bengaluru,Davanagere,DAVANAGERE,HONNALI,HOSAHALLI,7,6,160.0
KARNATAKA,Bengaluru,Davanagere,DAVANAGERE,HONNALI,HUNSAGATTA,8,8,464.0
KARNATAKA,Bengaluru,Davanagere,DAVANAGERE,HONNALI,KAMMARAGATTA,4,3,212.0
KARNATAKA,Bengaluru,Davanagere,DAVANAGERE,HONNALI,KATHIGE,3,2,120.0
KARNATAKA,Bengaluru,Davanagere,DAVANAGERE,HONNALI,KENCHIKOPPA,2,2,206.0
KARNATAKA,Bengaluru,Davanagere,DAVANAGERE,HONNALI,KESANAKERE,3,3,152.0
KARNATAKA,Bengaluru,Davanagere,DAVANAGERE,HONNALI,KOLAGHATTE,4,3,156.0
KARNATAKA,Bengaluru,Davanagere,DAVANAGERE,HONNALI,KULAMBI,3,2,195.0
KARNATAKA,Bengaluru,Davanagere,DAVANAGERE,HONNALI,KUMBALUR,5,5,360.0
KARNATAKA,Bengaluru,Davanagere,DAVANAGERE,HONNALI,KUNDURU,5,3,493.0
KARNATAKA,Bengaluru,Davanagere,DAVANAGERE,HONNALI,KUNKOVA,2,2,231.0
KARNATAKA,Bengaluru,Davanagere,DAVANAGERE,HONNALI,LINGAPURA,4,3,284.0
KARNATAKA,Bengaluru,Davanagere,DAVANAGERE,HONNALI,MASADI,8,7,465.0
KARNATAKA,Bengaluru,Davanagere,DAVANAGERE,HONNALI,MUKTHENHALLI,3,3,212.0
KARNATAKA,Bengaluru,Davanagere,DAVANAGERE,HONNALI,PALAVANAHALLI,5,4,96.0
KARNATAKA,Bengaluru,Davanagere,DAVANAGERE,HONNALI,RAMPUR,4,4,295.0
KARNATAKA,Bengaluru,Davanagere,DAVANAGERE,HONNALI,SASVEHALLI,11,8,1061.0
KARNATAKA,Bengaluru,Davanagere,DAVANAGERE,HONNALI,SAVALANGA,10,9,591.0
KARNATAKA,Bengaluru,Davanagere,DAVANAGERE,HONNALI,SURAHONNE,5,3,477.0
KARNATAKA,Bengaluru,Davanagere,DAVANAGERE,HONNALI,SURATURU,3,2,226.0
KARNATAKA,Bengaluru,Davanagere,DAVANAGERE,HONNALI,T GOPAGONDANAHALLI,4,4,169.0
KARNATAKA,Bengaluru,Davanagere,DAVANAGERE,HONNALI,THIMMALAPUR,8,7,358.0
KARNATAKA,Bengaluru,Davanagere,DAVANAGERE,HONNALI,VADERAHATHURU,4,4,181.0
KARNATAKA,Bengaluru,Davanagere,DAVANAGERE,HONNALI,YAKKANAHALLI,5,5,228.0
KARNATAKA,Bengaluru,Davanagere,DAVANAGERE,HONNALI,YARAGANAHAL,3,3,151.0
KARNATAKA,Bengaluru,Davanagere,DAVANAGERE,JAGALUR,ANABUR,15,15,695.0
KARNATAKA,Bengaluru,Davanagere,DAVANAGERE,JAGALUR,ASAGODU,9,8,469.0
KARNATAKA,Bengaluru,Davanagere,DAVANAGERE,JAGALUR,BASAVANAKOTE,7,6,432.0
KARNATAKA,Bengaluru,Davanagere,DAVANAGERE,JAGALUR,BIDERAKERE,8,8,697.0
KARNATAKA,Bengaluru,Davanagere,DAVANAGERE,JAGALUR,BILICHODU,8,7,589.0
KARNATAKA,Bengaluru,Davanagere,DAVANAGERE,JAGALUR,BISTUVALLI,11,11,661.0
KARNATAKA,Bengaluru,Davanagere,DAVANAGERE,JAGALUR,DEVIKERE,10,10,643.0
KARNATAKA,Bengaluru,Davanagere,DAVANAGERE,JAGALUR,DIDDIGE,8,6,406.0
KARNATAKA,Bengaluru,Davanagere,DAVANAGERE,JAGALUR,DONNEHALLI,11,10,697.0
KARNATAKA,Bengaluru,Davanagere,DAVANAGERE,JAGALUR,GURUSIDDAPURA,7,7,603.0
KARNATAKA,Bengaluru,Davanagere,DAVANAGERE,JAGALUR,GUTTIDURGA,15,15,671.0
KARNATAKA,Bengaluru,Davanagere,DAVANAGERE,JAGALUR,HALEKALLU,10,9,560.0
KARNATAKA,Bengaluru,Davanagere,DAVANAGERE,JAGALUR,HANUMANTHAPURA,14,13,1410.0
KARNATAKA,Bengaluru,Davanagere,DAVANAGERE,JAGALUR,HIREMALLANAHOLE,13,11,538.0
KARNATAKA,Bengaluru,Davanagere,DAVANAGERE,JAGALUR,HOSAKERE,9,9,736.0
KARNATAKA,Bengaluru,Davanagere,DAVANAGERE,JAGALUR,KALLEDEVARAPURA,5,5,401.0
KARNATAKA,Bengaluru,Davanagere,DAVANAGERE,JAGALUR,KECHHENAHALLI,8,8,732.0
KARNATAKA,Bengaluru,Davanagere,DAVANAGERE,JAGALUR,KYASENAHALLI,8,8,734.0
KARNATAKA,Bengaluru,Davanagere,DAVANAGERE,JAGALUR,MUSTUR,4,3,243.0
KARNATAKA,Bengaluru,Davanagere,DAVANAGERE,JAGALUR,PALLAGATTE,9,8,570.0
KARNATAKA,Bengaluru,Davanagere,DAVANAGERE,JAGALUR,SOKKE,7,5,551.0
KARNATAKA,Bengaluru,Davanagere,DAVANAGERE,JAGALUR,THORANAGATTE,6,6,540.0
KARNATAKA,Bengaluru,Kolar,KOLAR,BANGARAPETE,A.JOTHENA HALLI,12,12,399.0
KARNATAKA,Bengaluru,Kolar,KOLAR,BANGARAPETE,BALAMANDE,14,14,913.0
KARNATAKA,Bengaluru,Kolar,KOLAR,BANGARAPETE,BUDIKOTE,12,9,520.0
KARNATAKA,Bengaluru,Kolar,KOLAR,BANGARAPETE,CHIKKA ANKANDAHALLY,12,12,389.0
KARNATAKA,Bengaluru,Kolar,KOLAR,BANGARAPETE,CHINNA KOTA,7,5,108.0
KARNATAKA,Bengaluru,Kolar,KOLAR,BANGARAPETE,DODDAVALAGAMADI,9,9,280.0
KARNATAKA,Bengaluru,Kolar,KOLAR,BANGARAPETE,DODDUR KARAPANAHALLY,8,3,100.0
KARNATAKA,Bengaluru,Kolar,KOLAR,BANGARAPETE,DONIMADAGU,15,15,566.0
KARNATAKA,Bengaluru,Kolar,KOLAR,BANGARAPETE,GATTA KAMADENA HALLY,1,0,
KARNATAKA,Bengaluru,Kolar,KOLAR,BANGARAPETE,GULLAHALLI,14,14,461.0
KARNATAKA,Bengaluru,Kolar,KOLAR,BANGARAPETE,HULIBELE,10,6,296.0
KARNATAKA,Bengaluru,Kolar,KOLAR,BANGARAPETE,HUNKUNDA,6,6,265.0
KARNATAKA,Bengaluru,Kolar,KOLAR,BANGARAPETE,INORA HOSAHALLI,11,11,255.0
KARNATAKA,Bengaluru,Kolar,KOLAR,BANGARAPETE,KAMASAMUDRA,17,13,713.0
KARNATAKA,Bengaluru,Kolar,KOLAR,BANGARAPETE,KARAHALLI,14,10,242.0
KARNATAKA,Bengaluru,Kolar,KOLAR,BANGARAPETE,KESARANAHALLI,11,9,294.0
KARNATAKA,Bengaluru,Kolar,KOLAR,BANGARAPETE,KETAGANAHALLI,14,14,468.0
KARNATAKA,Bengaluru,Kolar,KOLAR,BANGARAPETE,MAGONDI,13,12,338.0
KARNATAKA,Bengaluru,Kolar,KOLAR,BANGARAPETE,MAVA HALLI,12,11,254.0
KARNATAKA,Bengaluru,Kolar,KOLAR,BANGARAPETE,SOOLIKUNTE,12,11,552.0
KARNATAKA,Bengaluru,Kolar,KOLAR,BANGARAPETE,SRINIVASA SANDRA,1,0,
KARNATAKA,Bengaluru,Kolar,KOLAR,BANGARAPETE,T GOLLAHALLI,1,1,5.0
KARNATAKA,Bengaluru,Kolar,KOLAR,BANGARAPETE,THOPPANAHALLI,17,16,652.0
KARNATAKA,Bengaluru,Kolar,KOLAR,BANGARAPETE,YELESANDRA,23,22,892.0
KARNATAKA,Bengaluru,Kolar,KOLAR,K G F,A.JOTHENA HALLI,1,1,79.0
KARNATAKA,Bengaluru,Kolar,KOLAR,K G F,BETHAMANGALA,8,5,424.0
KARNATAKA,Bengaluru,Kolar,KOLAR,K G F,BUDIKOTE,2,2,27.0
KARNATAKA,Bengaluru,Kolar,KOLAR,K G F,GATTA KAMADENA HALLY,3,3,43.0
KARNATAKA,Bengaluru,Kolar,KOLAR,K G F,GATTA MADAMANGALA,14,13,302.0
KARNATAKA,Bengaluru,Kolar,KOLAR,K G F,GULLAHALLI,2,1,79.0
KARNATAKA,Bengaluru,Kolar,KOLAR,K G F,HULKOORU,18,17,335.0
KARNATAKA,Bengaluru,Kolar,KOLAR,K G F,HUNKUNDA,2,2,184.0
KARNATAKA,Bengaluru,Kolar,KOLAR,K G F,INORA HOSAHALLI,1,1,10.0
KARNATAKA,Bengaluru,Kolar,KOLAR,K G F,JAKKARASAKUPPA,6,6,114.0
KARNATAKA,Bengaluru,Kolar,KOLAR,K G F,KAMASAMUDRA,1,1,6.0
KARNATAKA,Bengaluru,Kolar,KOLAR,K G F,KAMMASANDRA,14,12,214.0
KARNATAKA,Bengaluru,Kolar,KOLAR,K G F,KANGANDLAHALLI,11,11,171.0
KARNATAKA,Bengaluru,Kolar,KOLAR,K G F,KETAGANAHALLI,2,2,94.0
KARNATAKA,Bengaluru,Kolar,KOLAR,K G F,KYSAMBALLI,8,7,474.0
KARNATAKA,Bengaluru,Kolar,KOLAR,K G F,MARIKUPPAM,11,11,221.0
KARNATAKA,Bengaluru,Kolar,KOLAR,K G F,N.G.HULKOORU,10,9,240.0
KARNATAKA,Bengaluru,Kolar,KOLAR,K G F,PARANDA HALLI,11,10,237.0
KARNATAKA,Bengaluru,Kolar,KOLAR,K G F,RAMASAGARA,9,9,465.0
KARNATAKA,Bengaluru,Kolar,KOLAR,K G F,SOOLIKUNTE,1,0,
KARNATAKA,Bengaluru,Kolar,KOLAR,K G F,SRINIVASA SANDRA,14,10,291.0
KARNATAKA,Bengaluru,Kolar,KOLAR,K G F,SUNDARAPALYA,12,8,378.0
KARNATAKA,Bengaluru,Kolar,KOLAR,K G F,T GOLLAHALLI,16,13,511.0
KARNATAKA,Bengaluru,Kolar,KOLAR,K G F,VENGASANDRA,9,9,229.0
KARNATAKA,Bengaluru,Kolar,KOLAR,K G F,YELESANDRA,1,1,25.0
KARNATAKA,Bengaluru,Kolar,KOLAR,KOLAR,AMMANALLUR,10,9,158.0
KARNATAKA,Bengaluru,Kolar,KOLAR,KOLAR,ANNENAHALLI,12,12,249.0
KARNATAKA,Bengaluru,Kolar,KOLAR,KOLAR,ARABILKOTHANUR,16,13,342.0
KARNATAKA,Bengaluru,Kolar,KOLAR,KOLAR,ARAHALLI,12,10,383.0
KARNATAKA,Bengaluru,Kolar,KOLAR,KOLAR,BEGLIHOSAHALLI,9,8,187.0
KARNATAKA,Bengaluru,Kolar,KOLAR,KOLAR,BELAMARANAHALLI,7,7,274.0
KARNATAKA,Bengaluru,Kolar,KOLAR,KOLAR,BELLUR,12,12,450.0
KARNATAKA,Bengaluru,Kolar,KOLAR,KOLAR,CHANNASANDRA,9,9,172.0
KARNATAKA,Bengaluru,Kolar,KOLAR,KOLAR,CHOWDADENAHALLI,4,4,104.0
KARNATAKA,Bengaluru,Kolar,KOLAR,KOLAR,DOODAHASALA,13,10,280.0
KARNATAKA,Bengaluru,Kolar,KOLAR,KOLAR,HARATI,16,13,312.0
KARNATAKA,Bengaluru,Kolar,KOLAR,KOLAR,HOLUR,8,7,186.0
KARNATAKA,Bengaluru,Kolar,KOLAR,KOLAR,HONNENAHALLI,11,7,188.0
KARNATAKA,Bengaluru,Kolar,KOLAR,KOLAR,HUTTUR,10,10,202.0
KARNATAKA,Bengaluru,Kolar,KOLAR,KOLAR,ITHARASANAHALLI,14,13,270.0
KARNATAKA,Bengaluru,Kolar,KOLAR,KOLAR,JANNA GHATTA,6,6,96.0
KARNATAKA,Bengaluru,Kolar,KOLAR,KOLAR,KONDARAJANAHALLI,10,9,299.0
KARNATAKA,Bengaluru,Kolar,KOLAR,KOLAR,KYALANUR,5,2,354.0
KARNATAKA,Bengaluru,Kolar,KOLAR,KOLAR,MADANAHALLI,11,9,491.0
KARNATAKA,Bengaluru,Kolar,KOLAR,KOLAR,MADDERI,14,14,332.0
KARNATAKA,Bengaluru,Kolar,KOLAR,KOLAR,MARJENAHALLI,9,9,215.0
KARNATAKA,Bengaluru,Kolar,KOLAR,KOLAR,MUDUVADI,7,6,181.0
KARNATAKA,Bengaluru,Kolar,KOLAR,KOLAR,MUDUVATHI,12,11,289.0
KARNATAKA,Bengaluru,Kolar,KOLAR,KOLAR,NARASAPURA,7,4,498.0
KARNATAKA,Bengaluru,Kolar,KOLAR,KOLAR,SEETI,10,9,271.0
KARNATAKA,Bengaluru,Kolar,KOLAR,KOLAR,SETTIHALLI,6,6,219.0
KARNATAKA,Bengaluru,Kolar,KOLAR,KOLAR,SHAPUR,11,11,295.0
KARNATAKA,Bengaluru,Kolar,KOLAR,KOLAR,SUGATUR,8,7,678.0
KARNATAKA,Bengaluru,Kolar,KOLAR,KOLAR,SULUR,20,16,443.0
KARNATAKA,Bengaluru,Kolar,KOLAR,KOLAR,THORADEVANDA HALLI,10,10,217.0
KARNATAKA,Bengaluru,Kolar,KOLAR,KOLAR,THOTLI,11,9,181.0
KARNATAKA,Bengaluru,Kolar,KOLAR,KOLAR,URAGILI,10,10,181.0
KARNATAKA,Bengaluru,Kolar,KOLAR,KOLAR,VADAGUR,18,14,554.0
KARNATAKA,Bengaluru,Kolar,KOLAR,KOLAR,VOKKALERI,17,14,845.0
KARNATAKA,Bengaluru,Kolar,KOLAR,MALUR,ABBENAHALLI,13,11,278.0
KARNATAKA,Bengaluru,Kolar,KOLAR,MALUR,ARALERI,12,11,420.0
KARNATAKA,Bengaluru,Kolar,KOLAR,MALUR,BALIGANAHALLI,8,8,210.0
KARNATAKA,Bengaluru,Kolar,KOLAR,MALUR,BANAHALLI,14,14,556.0
KARNATAKA,Bengaluru,Kolar,KOLAR,MALUR,CHICKKAKUNTUR,13,10,308.0
KARNATAKA,Bengaluru,Kolar,KOLAR,MALUR,CHIKKATHIRUPATHI,14,9,365.0
KARNATAKA,Bengaluru,Kolar,KOLAR,MALUR,CHOKKANDAHALLI,11,9,323.0
KARNATAKA,Bengaluru,Kolar,KOLAR,MALUR,DADINAIKANAHALLIDODDI,7,7,242.0
KARNATAKA,Bengaluru,Kolar,KOLAR,MALUR,DINNAHALLI,18,18,502.0
KARNATAKA,Bengaluru,Kolar,KOLAR,MALUR,DODDASHIVARA,10,10,230.0
KARNATAKA,Bengaluru,Kolar,KOLAR,MALUR,HASANDAHALLI,13,12,415.0
KARNATAKA,Bengaluru,Kolar,KOLAR,MALUR,HULADENAHALLI,11,11,305.0
KARNATAKA,Bengaluru,Kolar,KOLAR,MALUR,HULIMANGALA HOSAKOTE (H.HOSAKOTE),11,11,324.0
KARNATAKA,Bengaluru,Kolar,KOLAR,MALUR,HUNGENAHALLI,8,8,269.0
KARNATAKA,Bengaluru,Kolar,KOLAR,MALUR,JAYAMANGALA,8,6,183.0
KARNATAKA,Bengaluru,Kolar,KOLAR,MALUR,KAVALA GIRIYANA HALLI (K.G. HALLI),20,16,391.0
KARNATAKA,Bengaluru,Kolar,KOLAR,MALUR,KONDASETTIHALLI,14,13,321.0
KARNATAKA,Bengaluru,Kolar,KOLAR,MALUR,KUDIYANUR,13,12,311.0
KARNATAKA,Bengaluru,Kolar,KOLAR,MALUR,LAKKUR,7,6,568.0
KARNATAKA,Bengaluru,Kolar,KOLAR,MALUR,MASTHI,13,11,1281.0
KARNATAKA,Bengaluru,Kolar,KOLAR,MALUR,NOSAGERE,10,9,313.0
KARNATAKA,Bengaluru,Kolar,KOLAR,MALUR,NUTUVE,18,17,749.0
KARNATAKA,Bengaluru,Kolar,KOLAR,MALUR,RAJENAHALLI,13,13,751.0
KARNATAKA,Bengaluru,Kolar,KOLAR,MALUR,SANTEHALLI,9,9,356.0
KARNATAKA,Bengaluru,Kolar,KOLAR,MALUR,SHIVARAPATNA,10,10,335.0
KARNATAKA,Bengaluru,Kolar,KOLAR,MALUR,TEKAL,14,14,169.0
KARNATAKA,Bengaluru,Kolar,KOLAR,MALUR,THORNAHALLI,8,7,345.0
KARNATAKA,Bengaluru,Kolar,KOLAR,MALUR,THRUNASI,12,12,307.0
KARNATAKA,Bengaluru,Kolar,KOLAR,MULBAGAL,AGARA,6,6,221.0
KARNATAKA,Bengaluru,Kolar,KOLAR,MULBAGAL,ALANGUR,11,11,655.0
KARNATAKA,Bengaluru,Kolar,KOLAR,MULBAGAL,AMBLIKAL,16,14,804.0
KARNATAKA,Bengaluru,Kolar,KOLAR,MULBAGAL,ANGONDAHALLI,12,11,257.0
KARNATAKA,Bengaluru,Kolar,KOLAR,MULBAGAL,AVANI,10,8,490.0
KARNATAKA,Bengaluru,Kolar,KOLAR,MULBAGAL,BALLA,15,13,396.0
KARNATAKA,Bengaluru,Kolar,KOLAR,MULBAGAL,BYRAKUR,17,16,327.0
KARNATAKA,Bengaluru,Kolar,KOLAR,MULBAGAL,DEVARAYASAMUDRA,15,15,696.0
KARNATAKA,Bengaluru,Kolar,KOLAR,MULBAGAL,DHOOLAPPALLI,6,6,119.0
KARNATAKA,Bengaluru,Kolar,KOLAR,MULBAGAL,EMMENATHA,14,14,276.0
KARNATAKA,Bengaluru,Kolar,KOLAR,MULBAGAL,GUDIPALLI,10,10,342.0
KARNATAKA,Bengaluru,Kolar,KOLAR,MULBAGAL,GUMMAKAL,20,20,467.0
KARNATAKA,Bengaluru,Kolar,KOLAR,MULBAGAL,H.GOLLAHALLI,15,13,526.0
KARNATAKA,Bengaluru,Kolar,KOLAR,MULBAGAL,HANUMANAHALLI,12,11,349.0
KARNATAKA,Bengaluru,Kolar,KOLAR,MULBAGAL,HEBBANI,11,10,329.0
KARNATAKA,Bengaluru,Kolar,KOLAR,MULBAGAL,KAPPALAMADUGU,9,7,427.0
KARNATAKA,Bengaluru,Kolar,KOLAR,MULBAGAL,KURUDAMALE,14,13,625.0
KARNATAKA,Bengaluru,Kolar,KOLAR,MULBAGAL,MALLANAYAKANAHALLI,12,10,446.0
KARNATAKA,Bengaluru,Kolar,KOLAR,MULBAGAL,MOTHAKAPALLI,13,13,163.0
KARNATAKA,Bengaluru,Kolar,KOLAR,MULBAGAL,MUDIGERE,23,20,640.0
KARNATAKA,Bengaluru,Kolar,KOLAR,MULBAGAL,MUDIYANUR,14,14,548.0
KARNATAKA,Bengaluru,Kolar,KOLAR,MULBAGAL,MUSTUR,9,9,525.0
KARNATAKA,Bengaluru,Kolar,KOLAR,MULBAGAL,NANGLI,8,6,657.0
KARNATAKA,Bengaluru,Kolar,KOLAR,MULBAGAL,PICHAGUNTLAHALLI,19,19,363.0
KARNATAKA,Bengaluru,Kolar,KOLAR,MULBAGAL,RAJENDRAHALLI,8,8,106.0
KARNATAKA,Bengaluru,Kolar,KOLAR,MULBAGAL,SONNAVADI,13,10,239.0
KARNATAKA,Bengaluru,Kolar,KOLAR,MULBAGAL,TAYALUR,11,10,387.0
KARNATAKA,Bengaluru,Kolar,KOLAR,MULBAGAL,THIMMARAVUTHANAHALLI,20,20,408.0
KARNATAKA,Bengaluru,Kolar,KOLAR,MULBAGAL,URUKUNTEMITTUR,12,11,178.0
KARNATAKA,Bengaluru,Kolar,KOLAR,MULBAGAL,UTTANUR,12,12,299.0
KARNATAKA,Bengaluru,Kolar,KOLAR,SRINIVASAPUR,ADDAGAL,12,12,306.0
KARNATAKA,Bengaluru,Kolar,KOLAR,SRINIVASAPUR,ARIKUNTE,14,12,211.0
KARNATAKA,Bengaluru,Kolar,KOLAR,SRINIVASAPUR,BYRAGANAHALLI,6,6,137.0
KARNATAKA,Bengaluru,Kolar,KOLAR,SRINIVASAPUR,CHALDIGANAHALLI,22,14,530.0
KARNATAKA,Bengaluru,Kolar,KOLAR,SRINIVASAPUR,DALASANUR,10,9,153.0
KARNATAKA,Bengaluru,Kolar,KOLAR,SRINIVASAPUR,GOWNIPALLI,11,9,1081.0
KARNATAKA,Bengaluru,Kolar,KOLAR,SRINIVASAPUR,HODALI,11,11,222.0
KARNATAKA,Bengaluru,Kolar,KOLAR,SRINIVASAPUR,J. THIMMASANDRA,12,11,448.0
KARNATAKA,Bengaluru,Kolar,KOLAR,SRINIVASAPUR,KODIPALLI,9,9,131.0
KARNATAKA,Bengaluru,Kolar,KOLAR,SRINIVASAPUR,KOLATHUR,7,7,125.0
KARNATAKA,Bengaluru,Kolar,KOLAR,SRINIVASAPUR,KURIGEPALLI,12,12,144.0
KARNATAKA,Bengaluru,Kolar,KOLAR,SRINIVASAPUR,LAKSHMIPURA,15,11,472.0
KARNATAKA,Bengaluru,Kolar,KOLAR,SRINIVASAPUR,LAKSHMISAGARA,12,11,237.0
KARNATAKA,Bengaluru,Kolar,KOLAR,SRINIVASAPUR,MASTENAHALLI,9,9,235.0
KARNATAKA,Bengaluru,Kolar,KOLAR,SRINIVASAPUR,MUDINADAGU,10,9,185.0
KARNATAKA,Bengaluru,Kolar,KOLAR,SRINIVASAPUR,MUTTAKAPALI,17,17,459.0
KARNATAKA,Bengaluru,Kolar,KOLAR,SRINIVASAPUR,NANBIHALLI,13,11,223.0
KARNATAKA,Bengaluru,Kolar,KOLAR,SRINIVASAPUR,NELAVANKI,16,16,325.0
KARNATAKA,Bengaluru,Kolar,KOLAR,SRINIVASAPUR,PULAGURKOTA,16,16,705.0
KARNATAKA,Bengaluru,Kolar,KOLAR,SRINIVASAPUR,RAYALPAD,10,8,220.0
KARNATAKA,Bengaluru,Kolar,KOLAR,SRINIVASAPUR,RONUR,14,13,399.0
KARNATAKA,Bengaluru,Kolar,KOLAR,SRINIVASAPUR,SOMAYAJALAPALLI,17,15,787.0
KARNATAKA,Bengaluru,Kolar,KOLAR,SRINIVASAPUR,THADIGOL,14,11,275.0
KARNATAKA,Bengaluru,Kolar,KOLAR,SRINIVASAPUR,YELDUR,14,9,213.0
KARNATAKA,Bengaluru,Kolar,KOLAR,SRINIVASAPUR,YERRAMVARIAPALLI,9,8,106.0
KARNATAKA,Bengaluru,Ramanagara,RAMANAGARA,CHANNAPATNA,AKKUR,7,5,225.0
KARNATAKA,Bengaluru,Ramanagara,RAMANAGARA,CHANNAPATNA,B.V.HALLY,5,5,778.0
KARNATAKA,Bengaluru,Ramanagara,RAMANAGARA,CHANNAPATNA,BANAGAHALLY,5,5,274.0
KARNATAKA,Bengaluru,Ramanagara,RAMANAGARA,CHANNAPATNA,BEVOOR,8,7,185.0
KARNATAKA,Bengaluru,Ramanagara,RAMANAGARA,CHANNAPATNA,BHOOHALLY,5,5,216.0
KARNATAKA,Bengaluru,Ramanagara,RAMANAGARA,CHANNAPATNA,CHEKKERE,5,5,575.0
KARNATAKA,Bengaluru,Ramanagara,RAMANAGARA,CHANNAPATNA,DASAVARA,4,4,91.0
KARNATAKA,Bengaluru,Ramanagara,RAMANAGARA,CHANNAPATNA,H.BYADARAHALLI,5,5,150.0
KARNATAKA,Bengaluru,Ramanagara,RAMANAGARA,CHANNAPATNA,HAROKOPPA,4,4,140.0
KARNATAKA,Bengaluru,Ramanagara,RAMANAGARA,CHANNAPATNA,HONGANOOR,5,4,487.0
KARNATAKA,Bengaluru,Ramanagara,RAMANAGARA,CHANNAPATNA,IGGALUR,5,4,335.0
KARNATAKA,Bengaluru,Ramanagara,RAMANAGARA,CHANNAPATNA,J.BYADARAHALLY,12,11,329.0
KARNATAKA,Bengaluru,Ramanagara,RAMANAGARA,CHANNAPATNA,KODAMBALLI,7,5,488.0
KARNATAKA,Bengaluru,Ramanagara,RAMANAGARA,CHANNAPATNA,KUDLUR,3,3,158.0
KARNATAKA,Bengaluru,Ramanagara,RAMANAGARA,CHANNAPATNA,MAKALI,4,4,210.0
KARNATAKA,Bengaluru,Ramanagara,RAMANAGARA,CHANNAPATNA,MALUR,6,5,171.0
KARNATAKA,Bengaluru,Ramanagara,RAMANAGARA,CHANNAPATNA,MALURPATNA,4,4,92.0
KARNATAKA,Bengaluru,Ramanagara,RAMANAGARA,CHANNAPATNA,MANDYA BOMMANAYAKANAHALLY,14,14,733.0
KARNATAKA,Bengaluru,Ramanagara,RAMANAGARA,CHANNAPATNA,MATHIKERE,6,6,609.0
KARNATAKA,Bengaluru,Ramanagara,RAMANAGARA,CHANNAPATNA,MUDAGERE,7,7,167.0
KARNATAKA,Bengaluru,Ramanagara,RAMANAGARA,CHANNAPATNA,MYLANAYAKANAHALLY,5,5,261.0
KARNATAKA,Bengaluru,Ramanagara,RAMANAGARA,CHANNAPATNA,NAGAVARA,4,3,280.0
KARNATAKA,Bengaluru,Ramanagara,RAMANAGARA,CHANNAPATNA,NEELASANDRA,8,7,309.0
KARNATAKA,Bengaluru,Ramanagara,RAMANAGARA,CHANNAPATNA,RAMPURA,10,8,165.0
KARNATAKA,Bengaluru,Ramanagara,RAMANAGARA,CHANNAPATNA,SINGARAJAPURA,5,4,103.0
KARNATAKA,Bengaluru,Ramanagara,RAMANAGARA,CHANNAPATNA,SOGALA,4,4,123.0
KARNATAKA,Bengaluru,Ramanagara,RAMANAGARA,CHANNAPATNA,SULLERI,7,7,140.0
KARNATAKA,Bengaluru,Ramanagara,RAMANAGARA,CHANNAPATNA,TAGACHAGERE,8,8,286.0
KARNATAKA,Bengaluru,Ramanagara,RAMANAGARA,CHANNAPATNA,THITTAMARANAHALLY,4,4,111.0
KARNATAKA,Bengaluru,Ramanagara,RAMANAGARA,CHANNAPATNA,VANDARAGUPPE,14,9,1013.0
KARNATAKA,Bengaluru,Ramanagara,RAMANAGARA,CHANNAPATNA,VIRUPAKSHIPURA,6,6,146.0
KARNATAKA,Bengaluru,Ramanagara,RAMANAGARA,CHANNAPATNA,YELETHOTADAHALLI,10,10,215.0
KARNATAKA,Bengaluru,Ramanagara,RAMANAGARA,KANAKAPURA,ACCHALU,7,7,267.0
KARNATAKA,Bengaluru,Ramanagara,RAMANAGARA,KANAKAPURA,ALLIMARANAHALLI,7,7,190.0
KARNATAKA,Bengaluru,Ramanagara,RAMANAGARA,KANAKAPURA,ARAKERE,11,10,137.0
KARNATAKA,Bengaluru,Ramanagara,RAMANAGARA,KANAKAPURA,AREKATTEDODDI(KACHUVANAHALLI),6,6,123.0
KARNATAKA,Bengaluru,Ramanagara,RAMANAGARA,KANAKAPURA,BANAVASI,11,11,213.0
KARNATAKA,Bengaluru,Ramanagara,RAMANAGARA,KANAKAPURA,BANNIMUKKODLU,11,11,174.0
KARNATAKA,Bengaluru,Ramanagara,RAMANAGARA,KANAKAPURA,BUDIGUPPE,2,1,20.0
KARNATAKA,Bengaluru,Ramanagara,RAMANAGARA,KANAKAPURA,CHAKANAHALLI,10,10,253.0
KARNATAKA,Bengaluru,Ramanagara,RAMANAGARA,KANAKAPURA,CHEELUR,13,9,315.0
KARNATAKA,Bengaluru,Ramanagara,RAMANAGARA,KANAKAPURA,CHIKKAMUDAVADI,11,10,440.0
KARNATAKA,Bengaluru,Ramanagara,RAMANAGARA,KANAKAPURA,CHOODAHALLI,7,7,231.0
KARNATAKA,Bengaluru,Ramanagara,RAMANAGARA,KANAKAPURA,DODDA MUDAVADI,11,11,203.0
KARNATAKA,Bengaluru,Ramanagara,RAMANAGARA,KANAKAPURA,DODDAALAHALLI,2,2,45.0
KARNATAKA,Bengaluru,Ramanagara,RAMANAGARA,KANAKAPURA,DODDAMARALAVADI,14,10,1054.0
KARNATAKA,Bengaluru,Ramanagara,RAMANAGARA,KANAKAPURA,DYVASANDRA,4,4,108.0
KARNATAKA,Bengaluru,Ramanagara,RAMANAGARA,KANAKAPURA,HERANDYAPANAHALLI,10,9,135.0
KARNATAKA,Bengaluru,Ramanagara,RAMANAGARA,KANAKAPURA,HONNIGANAHALLI,8,7,155.0
KARNATAKA,Bengaluru,Ramanagara,RAMANAGARA,KANAKAPURA,HOSADURGA,9,9,226.0
KARNATAKA,Bengaluru,Ramanagara,RAMANAGARA,KANAKAPURA,HUKUNDA,6,5,93.0
KARNATAKA,Bengaluru,Ramanagara,RAMANAGARA,KANAKAPURA,HUNASANAHALLI,10,9,295.0
KARNATAKA,Bengaluru,Ramanagara,RAMANAGARA,KANAKAPURA,I. GOLLA HALLI,7,7,144.0
KARNATAKA,Bengaluru,Ramanagara,RAMANAGARA,KANAKAPURA,KABBALU,9,8,431.0
KARNATAKA,Bengaluru,Ramanagara,RAMANAGARA,KANAKAPURA,KADAHALLI,4,4,95.0
KARNATAKA,Bengaluru,Ramanagara,RAMANAGARA,KANAKAPURA,KAGGALAHALLI,15,12,304.0
KARNATAKA,Bengaluru,Ramanagara,RAMANAGARA,KANAKAPURA,KALLAHALLI,11,9,373.0
KARNATAKA,Bengaluru,Ramanagara,RAMANAGARA,KANAKAPURA,KODIHALLI,12,10,1404.0
KARNATAKA,Bengaluru,Ramanagara,RAMANAGARA,KANAKAPURA,KOLAGONDANAHALLI,13,12,371.0
KARNATAKA,Bengaluru,Ramanagara,RAMANAGARA,KANAKAPURA,KOLLIGANAHALLI,6,6,307.0
KARNATAKA,Bengaluru,Ramanagara,RAMANAGARA,KANAKAPURA,KOTTAGALU,8,8,469.0
KARNATAKA,Bengaluru,Ramanagara,RAMANAGARA,KANAKAPURA,MARALE BEKUPPE,10,9,184.0
KARNATAKA,Bengaluru,Ramanagara,RAMANAGARA,KANAKAPURA,MULLAHALLI,8,8,396.0
KARNATAKA,Bengaluru,Ramanagara,RAMANAGARA,KANAKAPURA,NALLAHALLI,3,2,229.0
KARNATAKA,Bengaluru,Ramanagara,RAMANAGARA,KANAKAPURA,NARAYANAPURA,11,10,192.0
KARNATAKA,Bengaluru,Ramanagara,RAMANAGARA,KANAKAPURA,SATHANUR,12,10,755.0
KARNATAKA,Bengaluru,Ramanagara,RAMANAGARA,KANAKAPURA,SHIVANAHALLI,15,13,778.0
KARNATAKA,Bengaluru,Ramanagara,RAMANAGARA,KANAKAPURA,SOMEDYAPANAHALLI,14,14,222.0
KARNATAKA,Bengaluru,Ramanagara,RAMANAGARA,KANAKAPURA,T. HOSAHALLI,6,5,116.0
KARNATAKA,Bengaluru,Ramanagara,RAMANAGARA,KANAKAPURA,T.BEKKUPPE,10,10,246.0
KARNATAKA,Bengaluru,Ramanagara,RAMANAGARA,KANAKAPURA,THOKASANDRA,12,12,291.0
KARNATAKA,Bengaluru,Ramanagara,RAMANAGARA,KANAKAPURA,TUNGANI,8,8,150.0
KARNATAKA,Bengaluru,Ramanagara,RAMANAGARA,KANAKAPURA,UYYAMBALLI,13,13,191.0
KARNATAKA,Bengaluru,Ramanagara,RAMANAGARA,KANAKAPURA,YALACHAVADI,10,10,220.0
KARNATAKA,Bengaluru,Ramanagara,RAMANAGARA,MAGADI,ADARANGI,7,7,177.0
KARNATAKA,Bengaluru,Ramanagara,RAMANAGARA,MAGADI,AGALAKOTE,12,11,800.0
KARNATAKA,Bengaluru,Ramanagara,RAMANAGARA,MAGADI,AJJANAHALLI,8,8,235.0
KARNATAKA,Bengaluru,Ramanagara,RAMANAGARA,MAGADI,BACHENAHATTI,19,19,308.0
KARNATAKA,Bengaluru,Ramanagara,RAMANAGARA,MAGADI,BANAVADI,10,10,150.0
KARNATAKA,Bengaluru,Ramanagara,RAMANAGARA,MAGADI,BELAGUMBA,14,13,170.0
KARNATAKA,Bengaluru,Ramanagara,RAMANAGARA,MAGADI,BISKUR,7,7,135.0
KARNATAKA,Bengaluru,Ramanagara,RAMANAGARA,MAGADI,BITTASANDRA,18,16,348.0
KARNATAKA,Bengaluru,Ramanagara,RAMANAGARA,MAGADI,CHIKKA MUDIGERE,11,11,130.0
KARNATAKA,Bengaluru,Ramanagara,RAMANAGARA,MAGADI,CHIKKAHALLI,10,10,311.0
KARNATAKA,Bengaluru,Ramanagara,RAMANAGARA,MAGADI,GUDEMARANAHALLI,9,7,247.0
KARNATAKA,Bengaluru,Ramanagara,RAMANAGARA,MAGADI,HANCHIKUPPE,13,13,291.0
KARNATAKA,Bengaluru,Ramanagara,RAMANAGARA,MAGADI,HULIKAL.,7,6,236.0
KARNATAKA,Bengaluru,Ramanagara,RAMANAGARA,MAGADI,HULLENAHALLI,8,8,168.0
KARNATAKA,Bengaluru,Ramanagara,RAMANAGARA,MAGADI,KALARIKAVAL,12,12,230.0
KARNATAKA,Bengaluru,Ramanagara,RAMANAGARA,MAGADI,KALYA,8,8,159.0
KARNATAKA,Bengaluru,Ramanagara,RAMANAGARA,MAGADI,KANNUR,8,8,146.0
KARNATAKA,Bengaluru,Ramanagara,RAMANAGARA,MAGADI,KUDUR,13,9,1039.0
KARNATAKA,Bengaluru,Ramanagara,RAMANAGARA,MAGADI,LAKKENAHALLI,11,11,232.0
KARNATAKA,Bengaluru,Ramanagara,RAMANAGARA,MAGADI,MADABAL,10,10,208.0
KARNATAKA,Bengaluru,Ramanagara,RAMANAGARA,MAGADI,MADIGONDANAHALLI,7,6,125.0
KARNATAKA,Bengaluru,Ramanagara,RAMANAGARA,MAGADI,MATHIKERE,6,6,135.0
KARNATAKA,Bengaluru,Ramanagara,RAMANAGARA,MAGADI,MOTAGONDANAHALLLI,16,15,393.0
KARNATAKA,Bengaluru,Ramanagara,RAMANAGARA,MAGADI,NARASANDRA,10,10,177.0
KARNATAKA,Bengaluru,Ramanagara,RAMANAGARA,MAGADI,NETHENAHALLI,12,11,226.0
KARNATAKA,Bengaluru,Ramanagara,RAMANAGARA,MAGADI,SANKIGHATTA,10,10,250.0
KARNATAKA,Bengaluru,Ramanagara,RAMANAGARA,MAGADI,SATHANUR,9,8,197.0
KARNATAKA,Bengaluru,Ramanagara,RAMANAGARA,MAGADI,SEEGEKUPPE,8,8,155.0
KARNATAKA,Bengaluru,Ramanagara,RAMANAGARA,MAGADI,SOLUR,14,11,573.0
KARNATAKA,Bengaluru,Ramanagara,RAMANAGARA,MAGADI,SRIGIRIPURA,7,7,164.0
KARNATAKA,Bengaluru,Ramanagara,RAMANAGARA,MAGADI,THAGGIKUPPE,13,13,286.0
KARNATAKA,Bengaluru,Ramanagara,RAMANAGARA,MAGADI,THJPPASANDRA,9,9,474.0
KARNATAKA,Bengaluru,Ramanagara,RAMANAGARA,RAMANAGARA,AKKUR,4,4,76.0
KARNATAKA,Bengaluru,Ramanagara,RAMANAGARA,RAMANAGARA,BANNIKUPPE,13,12,301.0
KARNATAKA,Bengaluru,Ramanagara,RAMANAGARA,RAMANAGARA,BANNIKUPPE2,7,6,165.0
KARNATAKA,Bengaluru,Ramanagara,RAMANAGARA,RAMANAGARA,BELUGUMBA,11,8,236.0
KARNATAKA,Bengaluru,Ramanagara,RAMANAGARA,RAMANAGARA,BYARAMANGAL,13,11,654.0
KARNATAKA,Bengaluru,Ramanagara,RAMANAGARA,RAMANAGARA,DODDAGANGAVADI,2,2,131.0
KARNATAKA,Bengaluru,Ramanagara,RAMANAGARA,RAMANAGARA,GOPAHALLI,13,11,290.0
KARNATAKA,Bengaluru,Ramanagara,RAMANAGARA,RAMANAGARA,HARISANDRA,15,14,402.0
KARNATAKA,Bengaluru,Ramanagara,RAMANAGARA,RAMANAGARA,HULIKEREGUNNUR(AVERHALLI),12,11,426.0
KARNATAKA,Bengaluru,Ramanagara,RAMANAGARA,RAMANAGARA,HUNASANAHALLI,13,13,372.0
KARNATAKA,Bengaluru,Ramanagara,RAMANAGARA,RAMANAGARA,JALAMAGAL,3,2,277.0
KARNATAKA,Bengaluru,Ramanagara,RAMANAGARA,RAMANAGARA,KAILANCHA,10,9,608.0
KARNATAKA,Bengaluru,Ramanagara,RAMANAGARA,RAMANAGARA,KOOTAGAL,8,8,244.0
KARNATAKA,Bengaluru,Ramanagara,RAMANAGARA,RAMANAGARA,KUNCHUGARANAHALLI,13,11,197.0
KARNATAKA,Bengaluru,Ramanagara,RAMANAGARA,RAMANAGARA,LAKSHMIPURA,12,12,285.0
KARNATAKA,Bengaluru,Ramanagara,RAMANAGARA,RAMANAGARA,MANCHANAYAKANAHALLI,22,17,821.0
KARNATAKA,Bengaluru,Ramanagara,RAMANAGARA,RAMANAGARA,MAYAGANAHALLI,13,12,578.0
KARNATAKA,Bengaluru,Ramanagara,RAMANAGARA,RAMANAGARA,SHANABOGANAHALLI,9,9,593.0
KARNATAKA,Bengaluru,Ramanagara,RAMANAGARA,RAMANAGARA,SUGGANAHALLI,14,12,219.0
KARNATAKA,Bengaluru,Ramanagara,RAMANAGARA,RAMANAGARA,VIBUTHI KERE,13,11,401.0
KARNATAKA,Bengaluru,Shivamogga,SHIVAMOGGA,BHADRAVATI,AGARADAHALLI,7,7,724.0
KARNATAKA,Bengaluru,Shivamogga,SHIVAMOGGA,BHADRAVATI,ANAVERI,9,8,776.0
KARNATAKA,Bengaluru,Shivamogga,SHIVAMOGGA,BHADRAVATI,ANTHARAGANGE,11,10,716.0
KARNATAKA,Bengaluru,Shivamogga,SHIVAMOGGA,BHADRAVATI,ARAHATHOLALU,5,4,190.0
KARNATAKA,Bengaluru,Shivamogga,SHIVAMOGGA,BHADRAVATI,ARAKERE,4,3,199.0
KARNATAKA,Bengaluru,Shivamogga,SHIVAMOGGA,BHADRAVATI,ARALAHALLI,7,7,656.0
KARNATAKA,Bengaluru,Shivamogga,SHIVAMOGGA,BHADRAVATI,ARALIKOPPA,9,9,204.0
KARNATAKA,Bengaluru,Shivamogga,SHIVAMOGGA,BHADRAVATI,AREBILACHI,7,7,317.0
KARNATAKA,Bengaluru,Shivamogga,SHIVAMOGGA,BHADRAVATI,ATTIGUNDA,7,7,195.0
KARNATAKA,Bengaluru,Shivamogga,SHIVAMOGGA,BHADRAVATI,BARANDURU,4,3,129.0
KARNATAKA,Bengaluru,Shivamogga,SHIVAMOGGA,BHADRAVATI,BILAKI,12,8,249.0
KARNATAKA,Bengaluru,Shivamogga,SHIVAMOGGA,BHADRAVATI,DASARAKALLAHALLI,5,4,227.0
KARNATAKA,Bengaluru,Shivamogga,SHIVAMOGGA,BHADRAVATI,DODDERI,10,10,508.0
KARNATAKA,Bengaluru,Shivamogga,SHIVAMOGGA,BHADRAVATI,DONABAGATTA,8,6,1019.0
KARNATAKA,Bengaluru,Shivamogga,SHIVAMOGGA,BHADRAVATI,GUDUMAGATTA,6,5,420.0
KARNATAKA,Bengaluru,Shivamogga,SHIVAMOGGA,BHADRAVATI,HANUMANTHAPURA,4,4,168.0
KARNATAKA,Bengaluru,Shivamogga,SHIVAMOGGA,BHADRAVATI,HIRIYURU,5,5,243.0
KARNATAKA,Bengaluru,Shivamogga,SHIVAMOGGA,BHADRAVATI,KAGEKODAMAGGI,6,6,246.0
KARNATAKA,Bengaluru,Shivamogga,SHIVAMOGGA,BHADRAVATI,KALLAHAL,7,7,326.0
KARNATAKA,Bengaluru,Shivamogga,SHIVAMOGGA,BHADRAVATI,KALLAHALLI,9,9,364.0
KARNATAKA,Bengaluru,Shivamogga,SHIVAMOGGA,BHADRAVATI,KAMBADALU HOSURU,11,10,678.0
KARNATAKA,Bengaluru,Shivamogga,SHIVAMOGGA,BHADRAVATI,KAREHALLI,6,4,95.0
KARNATAKA,Bengaluru,Shivamogga,SHIVAMOGGA,BHADRAVATI,KUDLIGERE,8,8,300.0
KARNATAKA,Bengaluru,Shivamogga,SHIVAMOGGA,BHADRAVATI,KUMMARANAHALLI,7,7,209.0
KARNATAKA,Bengaluru,Shivamogga,SHIVAMOGGA,BHADRAVATI,MANGOTE,4,3,93.0
KARNATAKA,Bengaluru,Shivamogga,SHIVAMOGGA,BHADRAVATI,MARASHETTYHALLI,7,5,394.0
KARNATAKA,Bengaluru,Shivamogga,SHIVAMOGGA,BHADRAVATI,MAVINAKERE,6,6,101.0
KARNATAKA,Bengaluru,Shivamogga,SHIVAMOGGA,BHADRAVATI,MYDOLALU,4,4,289.0
KARNATAKA,Bengaluru,Shivamogga,SHIVAMOGGA,BHADRAVATI,NAGATHIBELAGALU,4,4,131.0
KARNATAKA,Bengaluru,Shivamogga,SHIVAMOGGA,BHADRAVATI,NIMBEGONDI,7,6,167.0
KARNATAKA,Bengaluru,Shivamogga,SHIVAMOGGA,BHADRAVATI,SANYASIKODAMAGGE,3,3,130.0
KARNATAKA,Bengaluru,Shivamogga,SHIVAMOGGA,BHADRAVATI,SIDLIPURA,4,4,145.0
KARNATAKA,Bengaluru,Shivamogga,SHIVAMOGGA,BHADRAVATI,SINGANAMANE,3,2,201.0
KARNATAKA,Bengaluru,Shivamogga,SHIVAMOGGA,BHADRAVATI,SYDARAKALLAHALLI,4,4,277.0
KARNATAKA,Bengaluru,Shivamogga,SHIVAMOGGA,BHADRAVATI,TAVARAGATTA,5,3,278.0
KARNATAKA,Bengaluru,Shivamogga,SHIVAMOGGA,BHADRAVATI,THADASA,2,2,40.0
KARNATAKA,Bengaluru,Shivamogga,SHIVAMOGGA,BHADRAVATI,VEERAPURA,2,1,71.0
KARNATAKA,Bengaluru,Shivamogga,SHIVAMOGGA,BHADRAVATI,YEDEHALLI,8,7,392.0
KARNATAKA,Bengaluru,Shivamogga,SHIVAMOGGA,BHADRAVATI,YEREHALLI,6,6,219.0
KARNATAKA,Bengaluru,Shivamogga,SHIVAMOGGA,HOSANAGAR,AMRUTHA,8,7,411.0
KARNATAKA,Bengaluru,Shivamogga,SHIVAMOGGA,HOSANAGAR,ANDAGADHUDHURU,5,5,154.0
KARNATAKA,Bengaluru,Shivamogga,SHIVAMOGGA,HOSANAGAR,ARAMANEKOPPA,5,5,151.0
KARNATAKA,Bengaluru,Shivamogga,SHIVAMOGGA,HOSANAGAR,ARASALU,7,7,162.0
KARNATAKA,Bengaluru,Shivamogga,SHIVAMOGGA,HOSANAGAR,BALURU,7,7,307.0
KARNATAKA,Bengaluru,Shivamogga,SHIVAMOGGA,HOSANAGAR,BELLURU,10,10,259.0
KARNATAKA,Bengaluru,Shivamogga,SHIVAMOGGA,HOSANAGAR,CHIKKAJENI,6,6,214.0
KARNATAKA,Bengaluru,Shivamogga,SHIVAMOGGA,HOSANAGAR,HARATHALU,7,7,114.0
KARNATAKA,Bengaluru,Shivamogga,SHIVAMOGGA,HOSANAGAR,HARIDRAVATHI,8,6,221.0
KARNATAKA,Bengaluru,Shivamogga,SHIVAMOGGA,HOSANAGAR,HEDDHARIPURA,16,15,268.0
KARNATAKA,Bengaluru,Shivamogga,SHIVAMOGGA,HOSANAGAR,HOSURU(SAMPEKATTE),6,6,267.0
KARNATAKA,Bengaluru,Shivamogga,SHIVAMOGGA,HOSANAGAR,HUMCHA,13,12,524.0
KARNATAKA,Bengaluru,Shivamogga,SHIVAMOGGA,HOSANAGAR,JENI,9,9,253.0
KARNATAKA,Bengaluru,Shivamogga,SHIVAMOGGA,HOSANAGAR,KAIRAGUNDA,4,3,40.0
KARNATAKA,Bengaluru,Shivamogga,SHIVAMOGGA,HOSANAGAR,KARIMANE,5,5,220.0
KARNATAKA,Bengaluru,Shivamogga,SHIVAMOGGA,HOSANAGAR,KENCHANALA,7,7,197.0
KARNATAKA,Bengaluru,Shivamogga,SHIVAMOGGA,HOSANAGAR,KODURU,16,15,358.0
KARNATAKA,Bengaluru,Shivamogga,SHIVAMOGGA,HOSANAGAR,M.GUDDEKOPPA,8,7,760.0
KARNATAKA,Bengaluru,Shivamogga,SHIVAMOGGA,HOSANAGAR,MARUTHIPURA,13,12,379.0
KARNATAKA,Bengaluru,Shivamogga,SHIVAMOGGA,HOSANAGAR,MELINABESIGE,8,8,307.0
KARNATAKA,Bengaluru,Shivamogga,SHIVAMOGGA,HOSANAGAR,MUDUGOPPA-NAGARA,8,7,184.0
KARNATAKA,Bengaluru,Shivamogga,SHIVAMOGGA,HOSANAGAR,MUMBARU,5,5,167.0
KARNATAKA,Bengaluru,Shivamogga,SHIVAMOGGA,HOSANAGAR,NITTURU,12,11,289.0
KARNATAKA,Bengaluru,Shivamogga,SHIVAMOGGA,HOSANAGAR,PURAPPEMANE,4,4,176.0
KARNATAKA,Bengaluru,Shivamogga,SHIVAMOGGA,HOSANAGAR,RAMACHANDRAPURA,3,3,51.0
KARNATAKA,Bengaluru,Shivamogga,SHIVAMOGGA,HOSANAGAR,REPPANPETE,13,10,1107.0
KARNATAKA,Bengaluru,Shivamogga,SHIVAMOGGA,HOSANAGAR,SONALE,6,6,207.0
KARNATAKA,Bengaluru,Shivamogga,SHIVAMOGGA,HOSANAGAR,SULAGODU,4,4,150.0
KARNATAKA,Bengaluru,Shivamogga,SHIVAMOGGA,HOSANAGAR,TRINIVE,3,3,122.0
KARNATAKA,Bengaluru,Shivamogga,SHIVAMOGGA,HOSANAGAR,YADURU,3,3,37.0
KARNATAKA,Bengaluru,Shivamogga,SHIVAMOGGA,SAGAR,ACHAPURA,12,11,344.0
KARNATAKA,Bengaluru,Shivamogga,SHIVAMOGGA,SAGAR,ANANDAPURA,8,7,771.0
KARNATAKA,Bengaluru,Shivamogga,SHIVAMOGGA,SAGAR,ARALAGODU,10,10,137.0
KARNATAKA,Bengaluru,Shivamogga,SHIVAMOGGA,SAGAR,AVINAHALLI,8,8,991.0
KARNATAKA,Bengaluru,Shivamogga,SHIVAMOGGA,SAGAR,BANUKULI,13,13,248.0
KARNATAKA,Bengaluru,Shivamogga,SHIVAMOGGA,SAGAR,BARURU,11,11,323.0
KARNATAKA,Bengaluru,Shivamogga,SHIVAMOGGA,SAGAR,BHIMANAKONE,7,7,337.0
KARNATAKA,Bengaluru,Shivamogga,SHIVAMOGGA,SAGAR,BHIMANERI,5,5,185.0
KARNATAKA,Bengaluru,Shivamogga,SHIVAMOGGA,SAGAR,CHANNAGONDA,9,9,204.0
KARNATAKA,Bengaluru,Shivamogga,SHIVAMOGGA,SAGAR,GOWTHAMAPURA,13,12,395.0
KARNATAKA,Bengaluru,Shivamogga,SHIVAMOGGA,SAGAR,HEGGODU,11,10,362.0
KARNATAKA,Bengaluru,Shivamogga,SHIVAMOGGA,SAGAR,HERENELLURU,7,7,344.0
KARNATAKA,Bengaluru,Shivamogga,SHIVAMOGGA,SAGAR,HIREBILAGUNJI,8,8,202.0
KARNATAKA,Bengaluru,Shivamogga,SHIVAMOGGA,SAGAR,HOSURU,7,7,166.0
KARNATAKA,Bengaluru,Shivamogga,SHIVAMOGGA,SAGAR,KALMANE,10,9,262.0
KARNATAKA,Bengaluru,Shivamogga,SHIVAMOGGA,SAGAR,KANDIKA,6,6,167.0
KARNATAKA,Bengaluru,Shivamogga,SHIVAMOGGA,SAGAR,KANLE,5,5,162.0
KARNATAKA,Bengaluru,Shivamogga,SHIVAMOGGA,SAGAR,KELADI,6,5,413.0
KARNATAKA,Bengaluru,Shivamogga,SHIVAMOGGA,SAGAR,KOLURU,7,6,250.0
KARNATAKA,Bengaluru,Shivamogga,SHIVAMOGGA,SAGAR,KUDARURU,14,13,264.0
KARNATAKA,Bengaluru,Shivamogga,SHIVAMOGGA,SAGAR,MALVE,8,6,177.0
KARNATAKA,Bengaluru,Shivamogga,SHIVAMOGGA,SAGAR,MARATTURU,5,4,111.0
KARNATAKA,Bengaluru,Shivamogga,SHIVAMOGGA,SAGAR,MASURU,6,6,140.0
KARNATAKA,Bengaluru,Shivamogga,SHIVAMOGGA,SAGAR,NADAKALASI,5,5,127.0
KARNATAKA,Bengaluru,Shivamogga,SHIVAMOGGA,SAGAR,PADAVAGODU,8,8,279.0
KARNATAKA,Bengaluru,Shivamogga,SHIVAMOGGA,SAGAR,SANNASHANUBHOG,10,10,167.0
KARNATAKA,Bengaluru,Shivamogga,SHIVAMOGGA,SAGAR,SHIRAVANTHE,6,6,243.0
KARNATAKA,Bengaluru,Shivamogga,SHIVAMOGGA,SAGAR,SYDURU,8,8,386.0
KARNATAKA,Bengaluru,Shivamogga,SHIVAMOGGA,SAGAR,TALAGUPPA,6,5,501.0
KARNATAKA,Bengaluru,Shivamogga,SHIVAMOGGA,SAGAR,TALAVATA,8,8,224.0
KARNATAKA,Bengaluru,Shivamogga,SHIVAMOGGA,SAGAR,TUMARI,11,11,487.0
KARNATAKA,Bengaluru,Shivamogga,SHIVAMOGGA,SAGAR,TYAGARTHI,11,9,361.0
KARNATAKA,Bengaluru,Shivamogga,SHIVAMOGGA,SAGAR,ULLURU,15,13,362.0
KARNATAKA,Bengaluru,Shivamogga,SHIVAMOGGA,SAGAR,YADAJIGALEMANE,10,7,225.0
KARNATAKA,Bengaluru,Shivamogga,SHIVAMOGGA,SAGAR,YADEHALLI,6,6,399.0
KARNATAKA,Bengaluru,Shivamogga,SHIVAMOGGA,SHIKARIPUR,AMATEKOPPA,4,4,316.0
KARNATAKA,Bengaluru,Shivamogga,SHIVAMOGGA,SHIKARIPUR,AMBARAGOPPA,7,7,734.0
KARNATAKA,Bengaluru,Shivamogga,SHIVAMOGGA,SHIKARIPUR,ARASINAGERE,4,4,163.0
KARNATAKA,Bengaluru,Shivamogga,SHIVAMOGGA,SHIKARIPUR,BAGANAKATTE,8,8,551.0
KARNATAKA,Bengaluru,Shivamogga,SHIVAMOGGA,SHIKARIPUR,BEGURU,10,10,706.0
KARNATAKA,Bengaluru,Shivamogga,SHIVAMOGGA,SHIKARIPUR,BELAGAVI,6,6,732.0
KARNATAKA,Bengaluru,Shivamogga,SHIVAMOGGA,SHIKARIPUR,BILAKI,4,4,259.0
KARNATAKA,Bengaluru,Shivamogga,SHIVAMOGGA,SHIKARIPUR,CHIKKAJAMBURU,4,3,310.0
KARNATAKA,Bengaluru,Shivamogga,SHIVAMOGGA,SHIKARIPUR,CHIKKAMAGADI,3,3,195.0
KARNATAKA,Bengaluru,Shivamogga,SHIVAMOGGA,SHIKARIPUR,CHURCHUGUNDI,5,4,410.0
KARNATAKA,Bengaluru,Shivamogga,SHIVAMOGGA,SHIKARIPUR,ESURU,4,4,402.0
KARNATAKA,Bengaluru,Shivamogga,SHIVAMOGGA,SHIKARIPUR,GAMA,4,4,169.0
KARNATAKA,Bengaluru,Shivamogga,SHIVAMOGGA,SHIKARIPUR,GODDANAKOPPA,2,2,127.0
KARNATAKA,Bengaluru,Shivamogga,SHIVAMOGGA,SHIKARIPUR,GOGGA,2,2,209.0
KARNATAKA,Bengaluru,Shivamogga,SHIVAMOGGA,SHIKARIPUR,GUDDADATHUMMENAKATTE,5,4,401.0
KARNATAKA,Bengaluru,Shivamogga,SHIVAMOGGA,SHIKARIPUR,HARIGI,7,7,250.0
KARNATAKA,Bengaluru,Shivamogga,SHIVAMOGGA,SHIKARIPUR,HAROGOPPA,12,11,360.0
KARNATAKA,Bengaluru,Shivamogga,SHIVAMOGGA,SHIKARIPUR,HEREJAMBURU,9,9,660.0
KARNATAKA,Bengaluru,Shivamogga,SHIVAMOGGA,SHIKARIPUR,HITTALA,5,5,523.0
KARNATAKA,Bengaluru,Shivamogga,SHIVAMOGGA,SHIKARIPUR,HOSURU,6,5,619.0
KARNATAKA,Bengaluru,Shivamogga,SHIVAMOGGA,SHIKARIPUR,HOTHANA KATTE,2,2,158.0
KARNATAKA,Bengaluru,Shivamogga,SHIVAMOGGA,SHIKARIPUR,INAM AGRAHARAMUCHADI,4,4,144.0
KARNATAKA,Bengaluru,Shivamogga,SHIVAMOGGA,SHIKARIPUR,JAKKANAHALLI,5,5,311.0
KARNATAKA,Bengaluru,Shivamogga,SHIVAMOGGA,SHIKARIPUR,JAKKINAKOPPA,3,3,219.0
KARNATAKA,Bengaluru,Shivamogga,SHIVAMOGGA,SHIKARIPUR,KAGINALLI,3,3,122.0
KARNATAKA,Bengaluru,Shivamogga,SHIVAMOGGA,SHIKARIPUR,KALMANE,1,1,98.0
KARNATAKA,Bengaluru,Shivamogga,SHIVAMOGGA,SHIKARIPUR,KAPPANAHALLI,9,8,294.0
KARNATAKA,Bengaluru,Shivamogga,SHIVAMOGGA,SHIKARIPUR,KITTADAHALLI,7,7,566.0
KARNATAKA,Bengaluru,Shivamogga,SHIVAMOGGA,SHIKARIPUR,KORATIGERE,8,8,271.0
KARNATAKA,Bengaluru,Shivamogga,SHIVAMOGGA,SHIKARIPUR,MALAVALLI,4,4,299.0
KARNATAKA,Bengaluru,Shivamogga,SHIVAMOGGA,SHIKARIPUR,MANCHIKOPPA,7,7,712.0
KARNATAKA,Bengaluru,Shivamogga,SHIVAMOGGA,SHIKARIPUR,MARAVALLI,5,5,237.0
KARNATAKA,Bengaluru,Shivamogga,SHIVAMOGGA,SHIKARIPUR,MATTIKOTE,4,3,288.0
KARNATAKA,Bengaluru,Shivamogga,SHIVAMOGGA,SHIKARIPUR,MUDDANAHALLI,5,5,248.0
KARNATAKA,Bengaluru,Shivamogga,SHIVAMOGGA,SHIKARIPUR,MUDUBASIDDAPURA,5,5,283.0
KARNATAKA,Bengaluru,Shivamogga,SHIVAMOGGA,SHIKARIPUR,NARASAPURA,4,4,269.0
KARNATAKA,Bengaluru,Shivamogga,SHIVAMOGGA,SHIKARIPUR,NELAVAGILU,4,3,186.0
KARNATAKA,Bengaluru,Shivamogga,SHIVAMOGGA,SHIKARIPUR,SALURU,6,5,390.0
KARNATAKA,Bengaluru,Shivamogga,SHIVAMOGGA,SHIKARIPUR,SUNNADAKOPPA,5,4,302.0
KARNATAKA,Bengaluru,Shivamogga,SHIVAMOGGA,SHIKARIPUR,THALAGUNDA,5,4,258.0
KARNATAKA,Bengaluru,Shivamogga,SHIVAMOGGA,SHIKARIPUR,THARALAGATTA,10,8,414.0
KARNATAKA,Bengaluru,Shivamogga,SHIVAMOGGA,SHIKARIPUR,THOGARSI,8,7,316.0
KARNATAKA,Bengaluru,Shivamogga,SHIVAMOGGA,SHIKARIPUR,UDAGANI,6,5,467.0
KARNATAKA,Bengaluru,Shivamogga,SHIVAMOGGA,SHIMOGA,ABBALAGERE,11,9,451.0
KARNATAKA,Bengaluru,Shivamogga,SHIVAMOGGA,SHIMOGA,AGASAVALLI,10,9,401.0
KARNATAKA,Bengaluru,Shivamogga,SHIVAMOGGA,SHIMOGA,AYANURU-I,10,8,542.0
KARNATAKA,Bengaluru,Shivamogga,SHIVAMOGGA,SHIMOGA,B.BEERANAHALLI,2,2,158.0
KARNATAKA,Bengaluru,Shivamogga,SHIVAMOGGA,SHIMOGA,BALEKOPPA,6,6,231.0
KARNATAKA,Bengaluru,Shivamogga,SHIVAMOGGA,SHIMOGA,BEDARA HOSAHALLI,6,5,186.0
KARNATAKA,Bengaluru,Shivamogga,SHIVAMOGGA,SHIMOGA,BIDARE,3,3,137.0
KARNATAKA,Bengaluru,Shivamogga,SHIVAMOGGA,SHIMOGA,CHORADI,11,9,275.0
KARNATAKA,Bengaluru,Shivamogga,SHIVAMOGGA,SHIMOGA,GAJANURU,13,11,1671.0
KARNATAKA,Bengaluru,Shivamogga,SHIVAMOGGA,SHIMOGA,HADONAHALLI,4,4,115.0
KARNATAKA,Bengaluru,Shivamogga,SHIVAMOGGA,SHIMOGA,HARAMAGATTA,3,2,201.0
KARNATAKA,Bengaluru,Shivamogga,SHIVAMOGGA,SHIMOGA,HARANAHALLI,6,5,363.0
KARNATAKA,Bengaluru,Shivamogga,SHIVAMOGGA,SHIMOGA,HASUDI,4,4,333.0
KARNATAKA,Bengaluru,Shivamogga,SHIVAMOGGA,SHIMOGA,HOLALURU,5,4,362.0
KARNATAKA,Bengaluru,Shivamogga,SHIVAMOGGA,SHIMOGA,HOLEBENAVALLI,7,5,387.0
KARNATAKA,Bengaluru,Shivamogga,SHIVAMOGGA,SHIMOGA,HOSAHALLI,5,4,285.0
KARNATAKA,Bengaluru,Shivamogga,SHIVAMOGGA,SHIMOGA,KADEKALLU,6,6,289.0
KARNATAKA,Bengaluru,Shivamogga,SHIVAMOGGA,SHIMOGA,KOHALLI,2,2,39.0
KARNATAKA,Bengaluru,Shivamogga,SHIVAMOGGA,SHIMOGA,KOMMANALU,6,5,231.0
KARNATAKA,Bengaluru,Shivamogga,SHIVAMOGGA,SHIMOGA,KONAGAVALLI,13,12,472.0
KARNATAKA,Bengaluru,Shivamogga,SHIVAMOGGA,SHIMOGA,KORALAHALLI,7,6,321.0
KARNATAKA,Bengaluru,Shivamogga,SHIVAMOGGA,SHIMOGA,KOTEGANGURU,5,3,236.0
KARNATAKA,Bengaluru,Shivamogga,SHIVAMOGGA,SHIMOGA,KUDLI,5,4,189.0
KARNATAKA,Bengaluru,Shivamogga,SHIVAMOGGA,SHIMOGA,KUMSI,7,6,673.0
KARNATAKA,Bengaluru,Shivamogga,SHIVAMOGGA,SHIMOGA,KUNCHENAHALLI,4,4,271.0
KARNATAKA,Bengaluru,Shivamogga,SHIVAMOGGA,SHIMOGA,MALLAPURA,5,5,292.0
KARNATAKA,Bengaluru,Shivamogga,SHIVAMOGGA,SHIMOGA,MANDAGATTA,10,9,377.0
KARNATAKA,Bengaluru,Shivamogga,SHIVAMOGGA,SHIMOGA,MATTURU,2,2,140.0
KARNATAKA,Bengaluru,Shivamogga,SHIVAMOGGA,SHIMOGA,MELINAHANASAVADI,8,7,1004.0
KARNATAKA,Bengaluru,Shivamogga,SHIVAMOGGA,SHIMOGA,MUDDINAKOPPA,6,6,240.0
KARNATAKA,Bengaluru,Shivamogga,SHIVAMOGGA,SHIMOGA,NIDIGE-I,6,4,267.0
KARNATAKA,Bengaluru,Shivamogga,SHIVAMOGGA,SHIMOGA,PILLANGERE,6,4,254.0
KARNATAKA,Bengaluru,Shivamogga,SHIVAMOGGA,SHIMOGA,PURADALU,13,8,228.0
KARNATAKA,Bengaluru,Shivamogga,SHIVAMOGGA,SHIMOGA,RAMANAGARA,7,7,267.0
KARNATAKA,Bengaluru,Shivamogga,SHIVAMOGGA,SHIMOGA,SANTHEKADURU,3,3,1053.0
KARNATAKA,Bengaluru,Shivamogga,SHIVAMOGGA,SHIMOGA,SHETTYHALLI,7,7,378.0
KARNATAKA,Bengaluru,Shivamogga,SHIVAMOGGA,SHIMOGA,SIRIGERE,7,7,346.0
KARNATAKA,Bengaluru,Shivamogga,SHIVAMOGGA,SHIMOGA,SOGANE,4,4,140.0
KARNATAKA,Bengaluru,Shivamogga,SHIVAMOGGA,SHIMOGA,SUGURU,8,6,240.0
KARNATAKA,Bengaluru,Shivamogga,SHIVAMOGGA,SHIMOGA,THAMMADIHALLI,9,8,309.0
KARNATAKA,Bengaluru,Shivamogga,SHIVAMOGGA,SHIMOGA,TUPPURU,7,7,142.0
KARNATAKA,Bengaluru,Shivamogga,SHIVAMOGGA,SHIMOGA,UMBLEBILU,7,7,234.0
KARNATAKA,Bengaluru,Shivamogga,SHIVAMOGGA,SORAB,AGASANAHALLI,8,7,478.0
KARNATAKA,Bengaluru,Shivamogga,SHIVAMOGGA,SORAB,ANDIGE,10,8,217.0
KARNATAKA,Bengaluru,Shivamogga,SHIVAMOGGA,SORAB,BARANGI,7,6,230.0
KARNATAKA,Bengaluru,Shivamogga,SHIVAMOGGA,SORAB,BENNUR,7,6,540.0
KARNATAKA,Bengaluru,Shivamogga,SHIVAMOGGA,SORAB,BILAVALNI,13,12,580.0
KARNATAKA,Bengaluru,Shivamogga,SHIVAMOGGA,SORAB,CHANDRAGUTTI,15,15,653.0
KARNATAKA,Bengaluru,Shivamogga,SHIVAMOGGA,SORAB,CHITTURU,7,7,374.0
KARNATAKA,Bengaluru,Shivamogga,SHIVAMOGGA,SORAB,DUGURU,7,7,104.0
KARNATAKA,Bengaluru,Shivamogga,SHIVAMOGGA,SORAB,DYAVANAHALLI,8,8,224.0
KARNATAKA,Bengaluru,Shivamogga,SHIVAMOGGA,SORAB,ENNEKOPPA,12,11,684.0
KARNATAKA,Bengaluru,Shivamogga,SHIVAMOGGA,SORAB,GENDLA,10,10,429.0
KARNATAKA,Bengaluru,Shivamogga,SHIVAMOGGA,SORAB,GUDUVI,15,15,357.0
KARNATAKA,Bengaluru,Shivamogga,SHIVAMOGGA,SORAB,HANCHI,14,13,527.0
KARNATAKA,Bengaluru,Shivamogga,SHIVAMOGGA,SORAB,HARISHI,16,16,533.0
KARNATAKA,Bengaluru,Shivamogga,SHIVAMOGGA,SORAB,HECHE,9,9,390.0
KARNATAKA,Bengaluru,Shivamogga,SHIVAMOGGA,SORAB,HEGGODU,9,9,199.0
KARNATAKA,Bengaluru,Shivamogga,SHIVAMOGGA,SORAB,HOSABALE,8,7,181.0
KARNATAKA,Bengaluru,Shivamogga,SHIVAMOGGA,SORAB,HURALI,7,7,267.0
KARNATAKA,Bengaluru,Shivamogga,SHIVAMOGGA,SORAB,INDUVALLI,8,8,578.0
KARNATAKA,Bengaluru,Shivamogga,SHIVAMOGGA,SORAB,JADE,11,11,899.0
KARNATAKA,Bengaluru,Shivamogga,SHIVAMOGGA,SORAB,KATUVALLI,7,7,362.0
KARNATAKA,Bengaluru,Shivamogga,SHIVAMOGGA,SORAB,KUPPAGADDE,7,6,509.0
KARNATAKA,Bengaluru,Shivamogga,SHIVAMOGGA,SORAB,MAVALI,11,11,402.0
KARNATAKA,Bengaluru,Shivamogga,SHIVAMOGGA,SORAB,MUDI--DODDIKOPPA,2,2,150.0
KARNATAKA,Bengaluru,Shivamogga,SHIVAMOGGA,SORAB,MUTUGUPPE,7,7,246.0
KARNATAKA,Bengaluru,Shivamogga,SHIVAMOGGA,SORAB,NISARANI,9,8,745.0
KARNATAKA,Bengaluru,Shivamogga,SHIVAMOGGA,SORAB,NYARSI,6,6,312.0
KARNATAKA,Bengaluru,Shivamogga,SHIVAMOGGA,SORAB,SHAKUNAVALLI,7,7,548.0
KARNATAKA,Bengaluru,Shivamogga,SHIVAMOGGA,SORAB,SHIGGA,6,6,267.0
KARNATAKA,Bengaluru,Shivamogga,SHIVAMOGGA,SORAB,TALAGADDI,6,6,336.0
KARNATAKA,Bengaluru,Shivamogga,SHIVAMOGGA,SORAB,TATTURU,11,11,516.0
KARNATAKA,Bengaluru,Shivamogga,SHIVAMOGGA,SORAB,TAVANANDI,8,8,344.0
KARNATAKA,Bengaluru,Shivamogga,SHIVAMOGGA,SORAB,THELAGUNDA,10,9,276.0
KARNATAKA,Bengaluru,Shivamogga,SHIVAMOGGA,SORAB,UDRI,11,10,442.0
KARNATAKA,Bengaluru,Shivamogga,SHIVAMOGGA,SORAB,ULAVI,8,8,325.0
KARNATAKA,Bengaluru,Shivamogga,SHIVAMOGGA,THIRTHAHALLI,AGUMBE,6,6,214.0
KARNATAKA,Bengaluru,Shivamogga,SHIVAMOGGA,THIRTHAHALLI,ARAGA,5,5,247.0
KARNATAKA,Bengaluru,Shivamogga,SHIVAMOGGA,THIRTHAHALLI,ARALASURALI,3,3,108.0
KARNATAKA,Bengaluru,Shivamogga,SHIVAMOGGA,THIRTHAHALLI,AREHALLI,7,6,104.0
KARNATAKA,Bengaluru,Shivamogga,SHIVAMOGGA,THIRTHAHALLI,BANDYA,5,5,95.0
KARNATAKA,Bengaluru,Shivamogga,SHIVAMOGGA,THIRTHAHALLI,BASAVANI,4,4,96.0
KARNATAKA,Bengaluru,Shivamogga,SHIVAMOGGA,THIRTHAHALLI,BEJJAVALLI,13,12,358.0
KARNATAKA,Bengaluru,Shivamogga,SHIVAMOGGA,THIRTHAHALLI,BIDARAGODU,4,4,79.0
KARNATAKA,Bengaluru,Shivamogga,SHIVAMOGGA,THIRTHAHALLI,DEMLAPURA,5,5,362.0
KARNATAKA,Bengaluru,Shivamogga,SHIVAMOGGA,THIRTHAHALLI,DEVANGI,6,5,79.0
KARNATAKA,Bengaluru,Shivamogga,SHIVAMOGGA,THIRTHAHALLI,GUDDEKOPPA,3,3,30.0
KARNATAKA,Bengaluru,Shivamogga,SHIVAMOGGA,THIRTHAHALLI,HADIGALLU,6,6,165.0
KARNATAKA,Bengaluru,Shivamogga,SHIVAMOGGA,THIRTHAHALLI,HANAGERE,4,4,54.0
KARNATAKA,Bengaluru,Shivamogga,SHIVAMOGGA,THIRTHAHALLI,HAROGULIGE,2,2,55.0
KARNATAKA,Bengaluru,Shivamogga,SHIVAMOGGA,THIRTHAHALLI,HEDDURU,2,2,117.0
KARNATAKA,Bengaluru,Shivamogga,SHIVAMOGGA,THIRTHAHALLI,HEGGODU,6,6,239.0
KARNATAKA,Bengaluru,Shivamogga,SHIVAMOGGA,THIRTHAHALLI,HODALA-ARALAPURA,7,6,283.0
KARNATAKA,Bengaluru,Shivamogga,SHIVAMOGGA,THIRTHAHALLI,HONNETALU,5,5,132.0
KARNATAKA,Bengaluru,Shivamogga,SHIVAMOGGA,THIRTHAHALLI,HOSAHALLI,3,3,106.0
KARNATAKA,Bengaluru,Shivamogga,SHIVAMOGGA,THIRTHAHALLI,HUNCHADAKATTE,4,4,91.0
KARNATAKA,Bengaluru,Shivamogga,SHIVAMOGGA,THIRTHAHALLI,KANNANGI,7,7,228.0
KARNATAKA,Bengaluru,Shivamogga,SHIVAMOGGA,THIRTHAHALLI,KONANDURU,8,5,413.0
KARNATAKA,Bengaluru,Shivamogga,SHIVAMOGGA,THIRTHAHALLI,KUDUMALLIGE,8,8,183.0
KARNATAKA,Bengaluru,Shivamogga,SHIVAMOGGA,THIRTHAHALLI,MANDAGADDE,4,3,71.0
KARNATAKA,Bengaluru,Shivamogga,SHIVAMOGGA,THIRTHAHALLI,MEGARAVALLI,3,2,152.0
KARNATAKA,Bengaluru,Shivamogga,SHIVAMOGGA,THIRTHAHALLI,MELIGE,3,3,73.0
KARNATAKA,Bengaluru,Shivamogga,SHIVAMOGGA,THIRTHAHALLI,MELINAKURUVALLI,8,8,374.0
KARNATAKA,Bengaluru,Shivamogga,SHIVAMOGGA,THIRTHAHALLI,MULUBAGILU,6,4,208.0
KARNATAKA,Bengaluru,Shivamogga,SHIVAMOGGA,THIRTHAHALLI,NAALUR KOLIGE,3,3,58.0
KARNATAKA,Bengaluru,Shivamogga,SHIVAMOGGA,THIRTHAHALLI,NERATURU,3,3,28.0
KARNATAKA,Bengaluru,Shivamogga,SHIVAMOGGA,THIRTHAHALLI,NONABURU,5,5,146.0
KARNATAKA,Bengaluru,Shivamogga,SHIVAMOGGA,THIRTHAHALLI,SALGADI,4,4,178.0
KARNATAKA,Bengaluru,Shivamogga,SHIVAMOGGA,THIRTHAHALLI,SALURU,8,7,116.0
KARNATAKA,Bengaluru,Shivamogga,SHIVAMOGGA,THIRTHAHALLI,SHEDGARU,4,4,128.0
KARNATAKA,Bengaluru,Shivamogga,SHIVAMOGGA,THIRTHAHALLI,SINGINABIDRE,8,8,149.0
KARNATAKA,Bengaluru,Shivamogga,SHIVAMOGGA,THIRTHAHALLI,THIRTHAMATTURU,5,5,95.0
KARNATAKA,Bengaluru,Shivamogga,SHIVAMOGGA,THIRTHAHALLI,TRIAMBAKAPURA,6,6,116.0
KARNATAKA,Bengaluru,Shivamogga,SHIVAMOGGA,THIRTHAHALLI,TUDUR,9,9,282.0
KARNATAKA,Bengaluru,Tumakuru,TUMAKURU,CHIKNAYAKANHALLI,BARAGURU,14,14,350.0
KARNATAKA,Bengaluru,Tumakuru,TUMAKURU,CHIKNAYAKANHALLI,BARAKANALLU,8,8,244.0
KARNATAKA,Bengaluru,Tumakuru,TUMAKURU,CHIKNAYAKANHALLI,BELLAGULLA,11,11,335.0
KARNATAKA,Bengaluru,Tumakuru,TUMAKURU,CHIKNAYAKANHALLI,CHOWLAKATTE,11,11,267.0
KARNATAKA,Bengaluru,Tumakuru,TUMAKURU,CHIKNAYAKANHALLI,DASODI,10,10,737.0
KARNATAKA,Bengaluru,Tumakuru,TUMAKURU,CHIKNAYAKANHALLI,DODDABIDRE,14,13,408.0
KARNATAKA,Bengaluru,Tumakuru,TUMAKURU,CHIKNAYAKANHALLI,DODDAYENEGERE,13,12,352.0
KARNATAKA,Bengaluru,Tumakuru,TUMAKURU,CHIKNAYAKANHALLI,DUGUDIHALLI,11,10,175.0
KARNATAKA,Bengaluru,Tumakuru,TUMAKURU,CHIKNAYAKANHALLI,GANADALLU,13,13,432.0
KARNATAKA,Bengaluru,Tumakuru,TUMAKURU,CHIKNAYAKANHALLI,GODEKERE,11,10,386.0
KARNATAKA,Bengaluru,Tumakuru,TUMAKURU,CHIKNAYAKANHALLI,HANDANAKERE,11,10,524.0
KARNATAKA,Bengaluru,Tumakuru,TUMAKURU,CHIKNAYAKANHALLI,HONNEBAGI,10,10,671.0
KARNATAKA,Bengaluru,Tumakuru,TUMAKURU,CHIKNAYAKANHALLI,HOYSALAKATTE,12,11,624.0
KARNATAKA,Bengaluru,Tumakuru,TUMAKURU,CHIKNAYAKANHALLI,J.C.PURA,12,11,364.0
KARNATAKA,Bengaluru,Tumakuru,TUMAKURU,CHIKNAYAKANHALLI,KANDIKERE,9,9,329.0
KARNATAKA,Bengaluru,Tumakuru,TUMAKURU,CHIKNAYAKANHALLI,KENKERE,7,7,289.0
KARNATAKA,Bengaluru,Tumakuru,TUMAKURU,CHIKNAYAKANHALLI,KORAGERE,9,9,218.0
KARNATAKA,Bengaluru,Tumakuru,TUMAKURU,CHIKNAYAKANHALLI,KUPPUR,15,15,330.0
KARNATAKA,Bengaluru,Tumakuru,TUMAKURU,CHIKNAYAKANHALLI,MALLIGERE,11,11,199.0
KARNATAKA,Bengaluru,Tumakuru,TUMAKURU,CHIKNAYAKANHALLI,MATHIGHATTA,13,13,270.0
KARNATAKA,Bengaluru,Tumakuru,TUMAKURU,CHIKNAYAKANHALLI,MUDDENAHALLI,16,16,290.0
KARNATAKA,Bengaluru,Tumakuru,TUMAKURU,CHIKNAYAKANHALLI,RAMANAHALLI,10,10,269.0
KARNATAKA,Bengaluru,Tumakuru,TUMAKURU,CHIKNAYAKANHALLI,SHETTIKERE,11,10,423.0
KARNATAKA,Bengaluru,Tumakuru,TUMAKURU,CHIKNAYAKANHALLI,TIMMALAAPURA,8,7,271.0
KARNATAKA,Bengaluru,Tumakuru,TUMAKURU,CHIKNAYAKANHALLI,TIMMANAHALLI,11,10,500.0
KARNATAKA,Bengaluru,Tumakuru,TUMAKURU,CHIKNAYAKANHALLI,TIRTHAPURA,12,11,714.0
KARNATAKA,Bengaluru,Tumakuru,TUMAKURU,CHIKNAYAKANHALLI,YALANADU,8,7,704.0
KARNATAKA,Bengaluru,Tumakuru,TUMAKURU,GUBBI,ADAGUR,8,8,368.0
KARNATAKA,Bengaluru,Tumakuru,TUMAKURU,GUBBI,ALLILUGHATTA,10,10,385.0
KARNATAKA,Bengaluru,Tumakuru,TUMAKURU,GUBBI,AMMANAGHATTA,14,14,298.0
KARNATAKA,Bengaluru,Tumakuru,TUMAKURU,GUBBI,ANKASANDRA,21,21,1127.0
KARNATAKA,Bengaluru,Tumakuru,TUMAKURU,GUBBI,BELAVATHA,8,8,149.0
KARNATAKA,Bengaluru,Tumakuru,TUMAKURU,GUBBI,BIDIRE,13,13,353.0
KARNATAKA,Bengaluru,Tumakuru,TUMAKURU,GUBBI,BYADIGERE,10,10,348.0
KARNATAKA,Bengaluru,Tumakuru,TUMAKURU,GUBBI,CHANDRASHEKARAPURA,12,11,662.0
KARNATAKA,Bengaluru,Tumakuru,TUMAKURU,GUBBI,CHELLUR,13,9,587.0
KARNATAKA,Bengaluru,Tumakuru,TUMAKURU,GUBBI,CHENGAVI,8,8,173.0
KARNATAKA,Bengaluru,Tumakuru,TUMAKURU,GUBBI,DODDAGUNNI,13,13,278.0
KARNATAKA,Bengaluru,Tumakuru,TUMAKURU,GUBBI,G.HOSAHALLI,13,13,527.0
KARNATAKA,Bengaluru,Tumakuru,TUMAKURU,GUBBI,HAGALAVADI,8,8,462.0
KARNATAKA,Bengaluru,Tumakuru,TUMAKURU,GUBBI,HERUR,9,7,370.0
KARNATAKA,Bengaluru,Tumakuru,TUMAKURU,GUBBI,HINDSAGERE,11,11,289.0
KARNATAKA,Bengaluru,Tumakuru,TUMAKURU,GUBBI,HOSAKERE,17,16,315.0
KARNATAKA,Bengaluru,Tumakuru,TUMAKURU,GUBBI,IDAGUR,9,9,240.0
KARNATAKA,Bengaluru,Tumakuru,TUMAKURU,GUBBI,IRAKASANDRA,16,15,299.0
KARNATAKA,Bengaluru,Tumakuru,TUMAKURU,GUBBI,KADABA,6,5,617.0
KARNATAKA,Bengaluru,Tumakuru,TUMAKURU,GUBBI,KALLUR,12,10,419.0
KARNATAKA,Bengaluru,Tumakuru,TUMAKURU,GUBBI,KONDLI,14,13,327.0
KARNATAKA,Bengaluru,Tumakuru,TUMAKURU,GUBBI,KOPPA,12,12,288.0
KARNATAKA,Bengaluru,Tumakuru,TUMAKURU,GUBBI,KUNNALA,12,12,844.0
KARNATAKA,Bengaluru,Tumakuru,TUMAKURU,GUBBI,MANCHALADORE,13,13,436.0
KARNATAKA,Bengaluru,Tumakuru,TUMAKURU,GUBBI,MARASHETTYHALLI,16,16,308.0
KARNATAKA,Bengaluru,Tumakuru,TUMAKURU,GUBBI,MAVINAHALLI,5,5,235.0
KARNATAKA,Bengaluru,Tumakuru,TUMAKURU,GUBBI,MUGANAYANAKOTE,11,11,312.0
KARNATAKA,Bengaluru,Tumakuru,TUMAKURU,GUBBI,MUKANAHALLI PATANA,19,18,588.0
KARNATAKA,Bengaluru,Tumakuru,TUMAKURU,GUBBI,NALLUR,14,14,512.0
KARNATAKA,Bengaluru,Tumakuru,TUMAKURU,GUBBI,NITTUR,11,7,482.0
KARNATAKA,Bengaluru,Tumakuru,TUMAKURU,GUBBI,PEDDANAHALLI,11,11,230.0
KARNATAKA,Bengaluru,Tumakuru,TUMAKURU,GUBBI,S.KODDAGIHALLI,15,13,387.0
KARNATAKA,Bengaluru,Tumakuru,TUMAKURU,GUBBI,SHIVAPURA,11,11,320.0
KARNATAKA,Bengaluru,Tumakuru,TUMAKURU,GUBBI,THYAGATTUR,8,8,351.0
KARNATAKA,Bengaluru,Tumakuru,TUMAKURU,KUNIGAL,AMRUTHUR,5,2,373.0
KARNATAKA,Bengaluru,Tumakuru,TUMAKURU,KUNIGAL,BAAGENAHALLI,6,6,115.0
KARNATAKA,Bengaluru,Tumakuru,TUMAKURU,KUNIGAL,BAKTHARAHALLI,12,12,439.0
KARNATAKA,Bengaluru,Tumakuru,TUMAKURU,KUNIGAL,BEGUR,8,7,66.0
KARNATAKA,Bengaluru,Tumakuru,TUMAKURU,KUNIGAL,BILIDEVALAYA,8,8,129.0
KARNATAKA,Bengaluru,Tumakuru,TUMAKURU,KUNIGAL,CHOWDANAKUPPE,16,16,359.0
KARNATAKA,Bengaluru,Tumakuru,TUMAKURU,KUNIGAL,D.HOSAHALLI,13,12,189.0
KARNATAKA,Bengaluru,Tumakuru,TUMAKURU,KUNIGAL,H.DURGA,11,8,787.0
KARNATAKA,Bengaluru,Tumakuru,TUMAKURU,KUNIGAL,HALLEVUR,9,9,167.0
KARNATAKA,Bengaluru,Tumakuru,TUMAKURU,KUNIGAL,HERUR,9,9,295.0
KARNATAKA,Bengaluru,Tumakuru,TUMAKURU,KUNIGAL,HOSAHALLI,9,8,106.0
KARNATAKA,Bengaluru,Tumakuru,TUMAKURU,KUNIGAL,IPPADI,7,7,218.0
KARNATAKA,Bengaluru,Tumakuru,TUMAKURU,KUNIGAL,JINNAGARA,7,7,133.0
KARNATAKA,Bengaluru,Tumakuru,TUMAKURU,KUNIGAL,JODDIHOSSAHALLI,8,8,146.0
KARNATAKA,Bengaluru,Tumakuru,TUMAKURU,KUNIGAL,K.HONAMAACHANA HALLI,8,8,113.0
KARNATAKA,Bengaluru,Tumakuru,TUMAKURU,KUNIGAL,KAGGERE,5,5,76.0
KARNATAKA,Bengaluru,Tumakuru,TUMAKURU,KUNIGAL,KEMPANAHALLI,10,9,211.0
KARNATAKA,Bengaluru,Tumakuru,TUMAKURU,KUNIGAL,KITHANAMANGALA,11,11,182.0
KARNATAKA,Bengaluru,Tumakuru,TUMAKURU,KUNIGAL,KODAVATHI,13,13,173.0
KARNATAKA,Bengaluru,Tumakuru,TUMAKURU,KUNIGAL,KODIGEHALLI,10,10,119.0
KARNATAKA,Bengaluru,Tumakuru,TUMAKURU,KUNIGAL,KOPPA,12,12,445.0
KARNATAKA,Bengaluru,Tumakuru,TUMAKURU,KUNIGAL,KOTHAGERE,9,9,381.0
KARNATAKA,Bengaluru,Tumakuru,TUMAKURU,KUNIGAL,MADIKEHALLI,13,13,257.0
KARNATAKA,Bengaluru,Tumakuru,TUMAKURU,KUNIGAL,MARKONAHALLI,10,10,223.0
KARNATAKA,Bengaluru,Tumakuru,TUMAKURU,KUNIGAL,NADEMAVINAPURA,11,11,196.0
KARNATAKA,Bengaluru,Tumakuru,TUMAKURU,KUNIGAL,NAGASANDRA,17,17,335.0
KARNATAKA,Bengaluru,Tumakuru,TUMAKURU,KUNIGAL,NIDASALE,8,7,157.0
KARNATAKA,Bengaluru,Tumakuru,TUMAKURU,KUNIGAL,PADUVAGERE,9,9,365.0
KARNATAKA,Bengaluru,Tumakuru,TUMAKURU,KUNIGAL,SANTEMAVATHUR,11,10,161.0
KARNATAKA,Bengaluru,Tumakuru,TUMAKURU,KUNIGAL,TAREDKUPPA,13,13,208.0
KARNATAKA,Bengaluru,Tumakuru,TUMAKURU,KUNIGAL,TAVAREKERE,8,8,195.0
KARNATAKA,Bengaluru,Tumakuru,TUMAKURU,KUNIGAL,UJJANNI,7,7,198.0
KARNATAKA,Bengaluru,Tumakuru,TUMAKURU,KUNIGAL,UTHARIDURGA,11,10,384.0
KARNATAKA,Bengaluru,Tumakuru,TUMAKURU,KUNIGAL,YEDAVANI,8,7,150.0
KARNATAKA,Bengaluru,Tumakuru,TUMAKURU,KUNIGAL,YEDIYUR,18,15,382.0
KARNATAKA,Bengaluru,Tumakuru,TUMAKURU,KUNIGAL,YELEYUR,10,10,176.0
KARNATAKA,Bengaluru,Tumakuru,TUMAKURU,TIPTUR,ARALUGUPPE,7,6,200.0
KARNATAKA,Bengaluru,Tumakuru,TUMAKURU,TIPTUR,BAJAGURU,3,3,98.0
KARNATAKA,Bengaluru,Tumakuru,TUMAKURU,TIPTUR,BALUVANERALU,18,17,401.0
KARNATAKA,Bengaluru,Tumakuru,TUMAKURU,TIPTUR,BILIGERE,10,8,404.0
KARNATAKA,Bengaluru,Tumakuru,TUMAKURU,TIPTUR,DASARIGHATTA,9,7,156.0
KARNATAKA,Bengaluru,Tumakuru,TUMAKURU,TIPTUR,ECHANURU,5,5,110.0
KARNATAKA,Bengaluru,Tumakuru,TUMAKURU,TIPTUR,GUDIGONDANAHALLI (B.G. KAVAL),13,13,266.0
KARNATAKA,Bengaluru,Tumakuru,TUMAKURU,TIPTUR,GUNGURMALLE,8,8,103.0
KARNATAKA,Bengaluru,Tumakuru,TUMAKURU,TIPTUR,GURUGADAHALLI,7,7,142.0
KARNATAKA,Bengaluru,Tumakuru,TUMAKURU,TIPTUR,GYARAGATTA,10,10,233.0
KARNATAKA,Bengaluru,Tumakuru,TUMAKURU,TIPTUR,HALUKURIKE,13,11,288.0
KARNATAKA,Bengaluru,Tumakuru,TUMAKURU,TIPTUR,HINDISKERE,9,9,191.0
KARNATAKA,Bengaluru,Tumakuru,TUMAKURU,TIPTUR,HONNAVALLI,7,7,390.0
KARNATAKA,Bengaluru,Tumakuru,TUMAKURU,TIPTUR,HUCHHAGONDANAHALLI,14,12,512.0
KARNATAKA,Bengaluru,Tumakuru,TUMAKURU,TIPTUR,HUNASEGHATTA,9,9,129.0
KARNATAKA,Bengaluru,Tumakuru,TUMAKURU,TIPTUR,KARADI,9,9,172.0
KARNATAKA,Bengaluru,Tumakuru,TUMAKURU,TIPTUR,KUPPALLU,14,14,277.0
KARNATAKA,Bengaluru,Tumakuru,TUMAKURU,TIPTUR,MANAKIKERE,10,10,289.0
KARNATAKA,Bengaluru,Tumakuru,TUMAKURU,TIPTUR,MASAVANAGHATTA,9,8,114.0
KARNATAKA,Bengaluru,Tumakuru,TUMAKURU,TIPTUR,MATHIHALLI,19,16,555.0
KARNATAKA,Bengaluru,Tumakuru,TUMAKURU,TIPTUR,NAGARAGHATTA,11,11,235.0
KARNATAKA,Bengaluru,Tumakuru,TUMAKURU,TIPTUR,NALLIGERE,11,10,187.0
KARNATAKA,Bengaluru,Tumakuru,TUMAKURU,TIPTUR,NONAVINAKERE,8,7,1152.0
KARNATAKA,Bengaluru,Tumakuru,TUMAKURU,TIPTUR,RANGAPURA,12,10,327.0
KARNATAKA,Bengaluru,Tumakuru,TUMAKURU,TIPTUR,SARTHAVALLI,12,12,330.0
KARNATAKA,Bengaluru,Tumakuru,TUMAKURU,TIPTUR,TADASUR,10,10,223.0
KARNATAKA,Bengaluru,Tumakuru,TUMAKURU,TUMKUR,ARAKERE,10,10,459.0
KARNATAKA,Bengaluru,Tumakuru,TUMAKURU,TUMKUR,AREGUJJANAHALLI,7,7,295.0
KARNATAKA,Bengaluru,Tumakuru,TUMAKURU,TUMKUR,ARIYURU,17,16,881.0
KARNATAKA,Bengaluru,Tumakuru,TUMAKURU,TUMKUR,BALLAGERE,11,11,240.0
KARNATAKA,Bengaluru,Tumakuru,TUMAKURU,TUMKUR,BELADARA,11,11,465.0
KARNATAKA,Bengaluru,Tumakuru,TUMAKURU,TUMKUR,BELAGUMBA,7,4,558.0
KARNATAKA,Bengaluru,Tumakuru,TUMAKURU,TUMKUR,BELLAVI,9,7,937.0
KARNATAKA,Bengaluru,Tumakuru,TUMAKURU,TUMKUR,BUGUDANAHALLI,10,9,354.0
KARNATAKA,Bengaluru,Tumakuru,TUMAKURU,TUMKUR,CHIKKATOTLAKERE,9,8,428.0
KARNATAKA,Bengaluru,Tumakuru,TUMAKURU,TUMKUR,DEVALAAPURA,15,15,376.0
KARNATAKA,Bengaluru,Tumakuru,TUMAKURU,TUMKUR,DODDANARAVANGALA,9,9,193.0
KARNATAKA,Bengaluru,Tumakuru,TUMAKURU,TUMKUR,GALIGENAHALLI,11,10,213.0
KARNATAKA,Bengaluru,Tumakuru,TUMAKURU,TUMKUR,GANGONAHALLI,12,11,335.0
KARNATAKA,Bengaluru,Tumakuru,TUMAKURU,TUMKUR,GULUR,10,6,647.0
KARNATAKA,Bengaluru,Tumakuru,TUMAKURU,TUMKUR,HARALURU,10,9,202.0
KARNATAKA,Bengaluru,Tumakuru,TUMAKURU,TUMKUR,HEBBUR,8,5,541.0
KARNATAKA,Bengaluru,Tumakuru,TUMAKURU,TUMKUR,HEGERE,10,7,616.0
KARNATAKA,Bengaluru,Tumakuru,TUMAKURU,TUMKUR,HETHANAHALLI,10,9,311.0
KARNATAKA,Bengaluru,Tumakuru,TUMAKURU,TUMKUR,HIREHALLI,14,12,486.0
KARNATAKA,Bengaluru,Tumakuru,TUMAKURU,TUMKUR,HOLAKAL,9,9,423.0
KARNATAKA,Bengaluru,Tumakuru,TUMAKURU,TUMKUR,HONASIGERE,8,8,270.0
KARNATAKA,Bengaluru,Tumakuru,TUMAKURU,TUMKUR,HONNUDIKE,9,7,320.0
KARNATAKA,Bengaluru,Tumakuru,TUMAKURU,TUMKUR,K.PALASANDRA,7,7,279.0
KARNATAKA,Bengaluru,Tumakuru,TUMAKURU,TUMKUR,KANAKOPPA,17,17,277.0
KARNATAKA,Bengaluru,Tumakuru,TUMAKURU,TUMKUR,KESARAMADU,9,7,278.0
KARNATAKA,Bengaluru,Tumakuru,TUMAKURU,TUMKUR,KESTUR,8,8,378.0
KARNATAKA,Bengaluru,Tumakuru,TUMAKURU,TUMKUR,KORA,13,13,748.0
KARNATAKA,Bengaluru,Tumakuru,TUMAKURU,TUMKUR,MAIDALA,18,13,2724.0
KARNATAKA,Bengaluru,Tumakuru,TUMAKURU,TUMKUR,MALASANDRA,12,10,446.0
KARNATAKA,Bengaluru,Tumakuru,TUMAKURU,TUMKUR,MASKAL,9,8,285.0
KARNATAKA,Bengaluru,Tumakuru,TUMAKURU,TUMKUR,NAGAVALLI,14,11,488.0
KARNATAKA,Bengaluru,Tumakuru,TUMAKURU,TUMKUR,NELAHAL,13,13,322.0
KARNATAKA,Bengaluru,Tumakuru,TUMAKURU,TUMKUR,NIDAVALLALU,12,12,273.0
KARNATAKA,Bengaluru,Tumakuru,TUMAKURU,TUMKUR,OBLAPURA,10,10,347.0
KARNATAKA,Bengaluru,Tumakuru,TUMAKURU,TUMKUR,SIRAVARA,14,14,569.0
KARNATAKA,Bengaluru,Tumakuru,TUMAKURU,TUMKUR,SITAKALLU,15,14,407.0
KARNATAKA,Bengaluru,Tumakuru,TUMAKURU,TUMKUR,SOREKUNTE,4,4,134.0
KARNATAKA,Bengaluru,Tumakuru,TUMAKURU,TUMKUR,SWANDENAHALLI,11,9,604.0
KARNATAKA,Bengaluru,Tumakuru,TUMAKURU,TUMKUR,THIMMARAJANAHALLI,12,12,354.0
KARNATAKA,Bengaluru,Tumakuru,TUMAKURU,TUMKUR,URDIGERE,13,13,543.0
KARNATAKA,Bengaluru,Tumakuru,TUMAKURU,TUMKUR,URUKERE,11,8,1419.0
KARNATAKA,Bengaluru,Tumakuru,TUMAKURU,TURUVEKERE,AMMASANDRA,4,3,114.0
KARNATAKA,Bengaluru,Tumakuru,TUMAKURU,TURUVEKERE,ANEKERE,11,11,453.0
KARNATAKA,Bengaluru,Tumakuru,TUMAKURU,TURUVEKERE,AREMALLENAHALLI,10,10,396.0
KARNATAKA,Bengaluru,Tumakuru,TUMAKURU,TURUVEKERE,BANASANDRA,15,15,222.0
KARNATAKA,Bengaluru,Tumakuru,TUMAKURU,TURUVEKERE,BITARAHOSSALLI,15,15,168.0
KARNATAKA,Bengaluru,Tumakuru,TUMAKURU,TURUVEKERE,DABBEGHATTA,11,11,280.0
KARNATAKA,Bengaluru,Tumakuru,TUMAKURU,TURUVEKERE,DANDINASHIVARA,5,5,408.0
KARNATAKA,Bengaluru,Tumakuru,TUMAKURU,TURUVEKERE,GONI TUMKUR,6,6,165.0
KARNATAKA,Bengaluru,Tumakuru,TUMAKURU,TURUVEKERE,HADAVANAHALLI,8,7,217.0
KARNATAKA,Bengaluru,Tumakuru,TUMAKURU,TURUVEKERE,HULLEKERE,12,12,243.0
KARNATAKA,Bengaluru,Tumakuru,TUMAKURU,TURUVEKERE,KANATHUR,9,9,159.0
KARNATAKA,Bengaluru,Tumakuru,TUMAKURU,TURUVEKERE,KODIGEHALLI,10,9,266.0
KARNATAKA,Bengaluru,Tumakuru,TUMAKURU,TURUVEKERE,KONDAJJI,11,10,198.0
KARNATAKA,Bengaluru,Tumakuru,TUMAKURU,TURUVEKERE,LOKAMMANAHALLI,13,13,178.0
KARNATAKA,Bengaluru,Tumakuru,TUMAKURU,TURUVEKERE,MADIHALLI,13,12,154.0
KARNATAKA,Bengaluru,Tumakuru,TUMAKURU,TURUVEKERE,MANICHENDUR,17,17,659.0
KARNATAKA,Bengaluru,Tumakuru,TUMAKURU,TURUVEKERE,MAVINAKERE,5,5,89.0
KARNATAKA,Bengaluru,Tumakuru,TUMAKURU,TURUVEKERE,MAYASANDRA,9,7,208.0
KARNATAKA,Bengaluru,Tumakuru,TUMAKURU,TURUVEKERE,MUNIYUR,7,6,182.0
KARNATAKA,Bengaluru,Tumakuru,TUMAKURU,TURUVEKERE,MUTHUGADAHALLI,9,9,113.0
KARNATAKA,Bengaluru,Tumakuru,TUMAKURU,TURUVEKERE,SAMPIGE,7,7,195.0
KARNATAKA,Bengaluru,Tumakuru,TUMAKURU,TURUVEKERE,SAMPIGE HOSSAHALLI,8,8,250.0
KARNATAKA,Bengaluru,Tumakuru,TUMAKURU,TURUVEKERE,SETTIGONDANAHALLI,14,14,346.0
KARNATAKA,Bengaluru,Tumakuru,TUMAKURU,TURUVEKERE,SORAVANAHALLI,13,12,235.0
KARNATAKA,Bengaluru,Tumakuru,TUMAKURU,TURUVEKERE,TALAKERE,9,9,145.0
KARNATAKA,Bengaluru,Tumakuru,TUMAKURU,TURUVEKERE,TANDAGA,8,8,111.0
KARNATAKA,Bengaluru,Tumakuru,TUMAKURU,TURUVEKERE,VADAVANAGHATA,12,12,271.0
KARNATAKA,Bengaluru,Tumakuru,TUMAKURU MADHUGIRI,KORATAGERE,AGRAHAARA,9,9,319.0
KARNATAKA,Bengaluru,Tumakuru,TUMAKURU MADHUGIRI,KORATAGERE,AKKIRAMPURA,8,7,423.0
KARNATAKA,Bengaluru,Tumakuru,TUMAKURU MADHUGIRI,KORATAGERE,ARASAPURA,15,15,600.0
KARNATAKA,Bengaluru,Tumakuru,TUMAKURU MADHUGIRI,KORATAGERE,BICHAPURA,12,11,715.0
KARNATAKA,Bengaluru,Tumakuru,TUMAKURU MADHUGIRI,KORATAGERE,BOMMALADEVIPURA,13,13,324.0
KARNATAKA,Bengaluru,Tumakuru,TUMAKURU MADHUGIRI,KORATAGERE,BUDAGAVI,12,12,569.0
KARNATAKA,Bengaluru,Tumakuru,TUMAKURU MADHUGIRI,KORATAGERE,BUKKAPATANNA,13,13,394.0
KARNATAKA,Bengaluru,Tumakuru,TUMAKURU MADHUGIRI,KORATAGERE,CHINNAHALLI,13,13,260.0
KARNATAKA,Bengaluru,Tumakuru,TUMAKURU MADHUGIRI,KORATAGERE,DODDASAAGERE,10,10,216.0
KARNATAKA,Bengaluru,Tumakuru,TUMAKURU MADHUGIRI,KORATAGERE,HANCHIHALLI,11,9,572.0
KARNATAKA,Bengaluru,Tumakuru,TUMAKURU MADHUGIRI,KORATAGERE,HOLLAVANNAHALLI,9,6,620.0
KARNATAKA,Bengaluru,Tumakuru,TUMAKURU MADHUGIRI,KORATAGERE,HULLIKUNTE,13,12,491.0
KARNATAKA,Bengaluru,Tumakuru,TUMAKURU MADHUGIRI,KORATAGERE,KOLLALA,13,11,540.0
KARNATAKA,Bengaluru,Tumakuru,TUMAKURU MADHUGIRI,KORATAGERE,KURAMKOTTE,10,9,286.0
KARNATAKA,Bengaluru,Tumakuru,TUMAKURU MADHUGIRI,KORATAGERE,KYAMENAHALLI,10,10,326.0
KARNATAKA,Bengaluru,Tumakuru,TUMAKURU MADHUGIRI,KORATAGERE,MAVATHURU,8,8,219.0
KARNATAKA,Bengaluru,Tumakuru,TUMAKURU MADHUGIRI,KORATAGERE,NILAGONDANAHALLI,13,12,598.0
KARNATAKA,Bengaluru,Tumakuru,TUMAKURU MADHUGIRI,KORATAGERE,PATHAGANAHALLI,8,8,124.0
KARNATAKA,Bengaluru,Tumakuru,TUMAKURU MADHUGIRI,KORATAGERE,TEETA,12,11,178.0
KARNATAKA,Bengaluru,Tumakuru,TUMAKURU MADHUGIRI,KORATAGERE,THOVINAKERE,17,16,703.0
KARNATAKA,Bengaluru,Tumakuru,TUMAKURU MADHUGIRI,KORATAGERE,TUMBADI,7,7,277.0
KARNATAKA,Bengaluru,Tumakuru,TUMAKURU MADHUGIRI,KORATAGERE,VADDAGERE,15,14,366.0
KARNATAKA,Bengaluru,Tumakuru,TUMAKURU MADHUGIRI,KORATAGERE,VAJJANAKURIKE,8,8,175.0
KARNATAKA,Bengaluru,Tumakuru,TUMAKURU MADHUGIRI,KORATAGERE,YELERAMPURA,10,9,331.0
KARNATAKA,Bengaluru,Tumakuru,TUMAKURU MADHUGIRI,MADHUGIRI,BADAVANAHALLI,14,11,712.0
KARNATAKA,Bengaluru,Tumakuru,TUMAKURU MADHUGIRI,MADHUGIRI,BEDATHURU,9,9,439.0
KARNATAKA,Bengaluru,Tumakuru,TUMAKURU MADHUGIRI,MADHUGIRI,BIJAVARA,9,9,244.0
KARNATAKA,Bengaluru,Tumakuru,TUMAKURU MADHUGIRI,MADHUGIRI,BRAMHASAMUDRA,10,10,378.0
KARNATAKA,Bengaluru,Tumakuru,TUMAKURU MADHUGIRI,MADHUGIRI,BYALYA,10,8,263.0
KARNATAKA,Bengaluru,Tumakuru,TUMAKURU MADHUGIRI,MADHUGIRI,CHANDRAGIRI,8,8,270.0
KARNATAKA,Bengaluru,Tumakuru,TUMAKURU MADHUGIRI,MADHUGIRI,CHANNENAHALLI,10,10,344.0
KARNATAKA,Bengaluru,Tumakuru,TUMAKURU MADHUGIRI,MADHUGIRI,CHIKKADAALAVATTA,9,9,457.0
KARNATAKA,Bengaluru,Tumakuru,TUMAKURU MADHUGIRI,MADHUGIRI,CHIKKAMAALUR,5,5,219.0
KARNATAKA,Bengaluru,Tumakuru,TUMAKURU MADHUGIRI,MADHUGIRI,CHINAKAVAJRA,10,8,272.0
KARNATAKA,Bengaluru,Tumakuru,TUMAKURU MADHUGIRI,MADHUGIRI,D.V.HALLI,14,14,659.0
KARNATAKA,Bengaluru,Tumakuru,TUMAKURU MADHUGIRI,MADHUGIRI,DABBEGHATTA,9,9,363.0
KARNATAKA,Bengaluru,Tumakuru,TUMAKURU MADHUGIRI,MADHUGIRI,DODDAMAALUR,8,7,757.0
KARNATAKA,Bengaluru,Tumakuru,TUMAKURU MADHUGIRI,MADHUGIRI,DODDAYALKURU,11,11,572.0
KARNATAKA,Bengaluru,Tumakuru,TUMAKURU MADHUGIRI,MADHUGIRI,DODDERI,10,9,588.0
KARNATAKA,Bengaluru,Tumakuru,TUMAKURU MADHUGIRI,MADHUGIRI,GANJALAGUNTE,10,10,360.0
KARNATAKA,Bengaluru,Tumakuru,TUMAKURU MADHUGIRI,MADHUGIRI,GARANI,9,9,417.0
KARNATAKA,Bengaluru,Tumakuru,TUMAKURU MADHUGIRI,MADHUGIRI,GONDIHALLI,11,11,244.0
KARNATAKA,Bengaluru,Tumakuru,TUMAKURU MADHUGIRI,MADHUGIRI,HOSAKERE,12,10,328.0
KARNATAKA,Bengaluru,Tumakuru,TUMAKURU MADHUGIRI,MADHUGIRI,I.D.HALLI,6,5,360.0
KARNATAKA,Bengaluru,Tumakuru,TUMAKURU MADHUGIRI,MADHUGIRI,KADAGATHURU,10,9,255.0
KARNATAKA,Bengaluru,Tumakuru,TUMAKURU MADHUGIRI,MADHUGIRI,KALIDEVAPURA,6,6,181.0
KARNATAKA,Bengaluru,Tumakuru,TUMAKURU MADHUGIRI,MADHUGIRI,KAVANADALA,14,13,375.0
KARNATAKA,Bengaluru,Tumakuru,TUMAKURU MADHUGIRI,MADHUGIRI,KODAGADAALA,8,8,258.0
KARNATAKA,Bengaluru,Tumakuru,TUMAKURU MADHUGIRI,MADHUGIRI,KODIGENAHALLI,11,8,441.0
KARNATAKA,Bengaluru,Tumakuru,TUMAKURU MADHUGIRI,MADHUGIRI,KODLAPURA,6,6,209.0
KARNATAKA,Bengaluru,Tumakuru,TUMAKURU MADHUGIRI,MADHUGIRI,KONDAVAADI,8,8,327.0
KARNATAKA,Bengaluru,Tumakuru,TUMAKURU MADHUGIRI,MADHUGIRI,KOTAGARLAHALLI,7,7,211.0
KARNATAKA,Bengaluru,Tumakuru,TUMAKURU MADHUGIRI,MADHUGIRI,MARUVEKERE,8,8,199.0
KARNATAKA,Bengaluru,Tumakuru,TUMAKURU MADHUGIRI,MADHUGIRI,MIDIGESHI,10,8,674.0
KARNATAKA,Bengaluru,Tumakuru,TUMAKURU MADHUGIRI,MADHUGIRI,MUDDENAHALLI,7,7,396.0
KARNATAKA,Bengaluru,Tumakuru,TUMAKURU MADHUGIRI,MADHUGIRI,NERELEKERE,12,12,328.0
KARNATAKA,Bengaluru,Tumakuru,TUMAKURU MADHUGIRI,MADHUGIRI,PURAVARA,10,8,258.0
KARNATAKA,Bengaluru,Tumakuru,TUMAKURU MADHUGIRI,MADHUGIRI,RANGAPURA,11,11,520.0
KARNATAKA,Bengaluru,Tumakuru,TUMAKURU MADHUGIRI,MADHUGIRI,RANTAVALALU,8,7,157.0
KARNATAKA,Bengaluru,Tumakuru,TUMAKURU MADHUGIRI,MADHUGIRI,REDDYHALLI,10,10,274.0
KARNATAKA,Bengaluru,Tumakuru,TUMAKURU MADHUGIRI,MADHUGIRI,SAJJEHOSSAHALLI,7,7,321.0
KARNATAKA,Bengaluru,Tumakuru,TUMAKURU MADHUGIRI,MADHUGIRI,SIDDAPURA,7,7,274.0
KARNATAKA,Bengaluru,Tumakuru,TUMAKURU MADHUGIRI,MADHUGIRI,SINGANAHALLI,7,7,230.0
KARNATAKA,Bengaluru,Tumakuru,TUMAKURU MADHUGIRI,PAVAGADA,ACHAMANAHALLI,5,5,309.0
KARNATAKA,Bengaluru,Tumakuru,TUMAKURU MADHUGIRI,PAVAGADA,ARASIKERE,9,8,312.0
KARNATAKA,Bengaluru,Tumakuru,TUMAKURU MADHUGIRI,PAVAGADA,B.K.HALLI,4,4,287.0
KARNATAKA,Bengaluru,Tumakuru,TUMAKURU MADHUGIRI,PAVAGADA,BUDIBETTA,2,2,70.0
KARNATAKA,Bengaluru,Tumakuru,TUMAKURU MADHUGIRI,PAVAGADA,BYADANOOR,7,6,272.0
KARNATAKA,Bengaluru,Tumakuru,TUMAKURU MADHUGIRI,PAVAGADA,C.K.PURA,11,9,356.0
KARNATAKA,Bengaluru,Tumakuru,TUMAKURU MADHUGIRI,PAVAGADA,CHIKKAHALLI,10,10,1369.0
KARNATAKA,Bengaluru,Tumakuru,TUMAKURU MADHUGIRI,PAVAGADA,DOMMATHAMARI,8,6,263.0
KARNATAKA,Bengaluru,Tumakuru,TUMAKURU MADHUGIRI,PAVAGADA,GUJJANADU,7,7,410.0
KARNATAKA,Bengaluru,Tumakuru,TUMAKURU MADHUGIRI,PAVAGADA,K.T.HALLI,8,6,270.0
KARNATAKA,Bengaluru,Tumakuru,TUMAKURU MADHUGIRI,PAVAGADA,KAMANADURGA,10,10,372.0
KARNATAKA,Bengaluru,Tumakuru,TUMAKURU MADHUGIRI,PAVAGADA,KANNAMEEDI,11,10,380.0
KARNATAKA,Bengaluru,Tumakuru,TUMAKURU MADHUGIRI,PAVAGADA,KODAMADAGU,7,7,342.0
KARNATAKA,Bengaluru,Tumakuru,TUMAKURU MADHUGIRI,PAVAGADA,KOTAGUDDA,4,3,323.0
KARNATAKA,Bengaluru,Tumakuru,TUMAKURU MADHUGIRI,PAVAGADA,MANGASAVADA,8,7,385.0
KARNATAKA,Bengaluru,Tumakuru,TUMAKURU MADHUGIRI,PAVAGADA,MARIDASANAHALLI,7,7,496.0
KARNATAKA,Bengaluru,Tumakuru,TUMAKURU MADHUGIRI,PAVAGADA,NAGALAMADIKE,9,9,361.0
KARNATAKA,Bengaluru,Tumakuru,TUMAKURU MADHUGIRI,PAVAGADA,NALIGAANAHALLI,8,8,327.0
KARNATAKA,Bengaluru,Tumakuru,TUMAKURU MADHUGIRI,PAVAGADA,NALLUR,5,5,199.0
KARNATAKA,Bengaluru,Tumakuru,TUMAKURU MADHUGIRI,PAVAGADA,NYAYADAGUNTE,10,10,641.0
KARNATAKA,Bengaluru,Tumakuru,TUMAKURU MADHUGIRI,PAVAGADA,PALAVALLI,11,11,553.0
KARNATAKA,Bengaluru,Tumakuru,TUMAKURU MADHUGIRI,PAVAGADA,PAVAGADA GRAMANTARA,10,8,366.0
KARNATAKA,Bengaluru,Tumakuru,TUMAKURU MADHUGIRI,PAVAGADA,PONNASAMUDRA,7,7,414.0
KARNATAKA,Bengaluru,Tumakuru,TUMAKURU MADHUGIRI,PAVAGADA,POTAGANAHALLI,5,5,176.0
KARNATAKA,Bengaluru,Tumakuru,TUMAKURU MADHUGIRI,PAVAGADA,RAJAVANTHI,7,6,229.0
KARNATAKA,Bengaluru,Tumakuru,TUMAKURU MADHUGIRI,PAVAGADA,RANGASAMUDRA,8,7,591.0
KARNATAKA,Bengaluru,Tumakuru,TUMAKURU MADHUGIRI,PAVAGADA,RYAPA,7,7,136.0
KARNATAKA,Bengaluru,Tumakuru,TUMAKURU MADHUGIRI,PAVAGADA,SAASALUKUNTE,7,7,447.0
KARNATAKA,Bengaluru,Tumakuru,TUMAKURU MADHUGIRI,PAVAGADA,SIDDAPURA,5,5,265.0
KARNATAKA,Bengaluru,Tumakuru,TUMAKURU MADHUGIRI,PAVAGADA,THIRUMANI,4,3,379.0
KARNATAKA,Bengaluru,Tumakuru,TUMAKURU MADHUGIRI,PAVAGADA,VADANAKALLU,10,6,316.0
KARNATAKA,Bengaluru,Tumakuru,TUMAKURU MADHUGIRI,PAVAGADA,VENKATAPURA,8,8,468.0
KARNATAKA,Bengaluru,Tumakuru,TUMAKURU MADHUGIRI,PAVAGADA,VIRUPASAMUDRA,7,7,195.0
KARNATAKA,Bengaluru,Tumakuru,TUMAKURU MADHUGIRI,PAVAGADA,Y.N HOSAKOTE,9,6,829.0
KARNATAKA,Bengaluru,Tumakuru,TUMAKURU MADHUGIRI,SIRA,BANDAKUNTE,8,8,359.0
KARNATAKA,Bengaluru,Tumakuru,TUMAKURU MADHUGIRI,SIRA,BARAGUR,13,10,394.0
KARNATAKA,Bengaluru,Tumakuru,TUMAKURU MADHUGIRI,SIRA,BEVINAHALLI,7,7,398.0
KARNATAKA,Bengaluru,Tumakuru,TUMAKURU MADHUGIRI,SIRA,BHUVANAHALLI,14,13,1630.0
KARNATAKA,Bengaluru,Tumakuru,TUMAKURU MADHUGIRI,SIRA,BUKKAPATNA,12,10,724.0
KARNATAKA,Bengaluru,Tumakuru,TUMAKURU MADHUGIRI,SIRA,BUPPASANDRA,9,9,264.0
KARNATAKA,Bengaluru,Tumakuru,TUMAKURU MADHUGIRI,SIRA,CHANGAVARA,9,9,346.0
KARNATAKA,Bengaluru,Tumakuru,TUMAKURU MADHUGIRI,SIRA,CHIKKANAHALLI,9,9,809.0
KARNATAKA,Bengaluru,Tumakuru,TUMAKURU MADHUGIRI,SIRA,CHINNENAHALLI,10,10,346.0
KARNATAKA,Bengaluru,Tumakuru,TUMAKURU MADHUGIRI,SIRA,DODDA AGRAHARA,10,10,419.0
KARNATAKA,Bengaluru,Tumakuru,TUMAKURU MADHUGIRI,SIRA,DODDABANAGERE,9,9,367.0
KARNATAKA,Bengaluru,Tumakuru,TUMAKURU MADHUGIRI,SIRA,DVARANAKUNTE,8,8,278.0
KARNATAKA,Bengaluru,Tumakuru,TUMAKURU MADHUGIRI,SIRA,GOPALADEVARAHALLI,11,11,424.0
KARNATAKA,Bengaluru,Tumakuru,TUMAKURU MADHUGIRI,SIRA,GOWDAGERE,10,10,536.0
KARNATAKA,Bengaluru,Tumakuru,TUMAKURU MADHUGIRI,SIRA,HALENAHALLI,5,5,134.0
KARNATAKA,Bengaluru,Tumakuru,TUMAKURU MADHUGIRI,SIRA,HANDIKUNTE,9,9,341.0
KARNATAKA,Bengaluru,Tumakuru,TUMAKURU MADHUGIRI,SIRA,HONNAGONDANAHALLI,11,10,502.0
KARNATAKA,Bengaluru,Tumakuru,TUMAKURU MADHUGIRI,SIRA,HOSUR,8,8,500.0
KARNATAKA,Bengaluru,Tumakuru,TUMAKURU MADHUGIRI,SIRA,HULLIKUNTE,8,7,241.0
KARNATAKA,Bengaluru,Tumakuru,TUMAKURU MADHUGIRI,SIRA,HUNASIHALLI,8,8,344.0
KARNATAKA,Bengaluru,Tumakuru,TUMAKURU MADHUGIRI,SIRA,HUYILDORE,18,16,544.0
KARNATAKA,Bengaluru,Tumakuru,TUMAKURU MADHUGIRI,SIRA,KALLAMBELLA,6,6,441.0
KARNATAKA,Bengaluru,Tumakuru,TUMAKURU MADHUGIRI,SIRA,KOTTA,12,12,311.0
KARNATAKA,Bengaluru,Tumakuru,TUMAKURU MADHUGIRI,SIRA,KURUBARAHALLI,7,7,371.0
KARNATAKA,Bengaluru,Tumakuru,TUMAKURU MADHUGIRI,SIRA,LAKSHMISAGARA,11,11,442.0
KARNATAKA,Bengaluru,Tumakuru,TUMAKURU MADHUGIRI,SIRA,MAAGODU,13,12,568.0
KARNATAKA,Bengaluru,Tumakuru,TUMAKURU MADHUGIRI,SIRA,MADALUR,12,12,387.0
KARNATAKA,Bengaluru,Tumakuru,TUMAKURU MADHUGIRI,SIRA,MELUKUNTE,9,9,320.0
KARNATAKA,Bengaluru,Tumakuru,TUMAKURU MADHUGIRI,SIRA,NADUR,13,12,547.0
KARNATAKA,Bengaluru,Tumakuru,TUMAKURU MADHUGIRI,SIRA,NERALAGUDDA,11,11,374.0
KARNATAKA,Bengaluru,Tumakuru,TUMAKURU MADHUGIRI,SIRA,RAMALINGAPURA,12,11,532.0
KARNATAKA,Bengaluru,Tumakuru,TUMAKURU MADHUGIRI,SIRA,RATNASANDRA,14,14,466.0
KARNATAKA,Bengaluru,Tumakuru,TUMAKURU MADHUGIRI,SIRA,SIBI,9,9,343.0
KARNATAKA,Bengaluru,Tumakuru,TUMAKURU MADHUGIRI,SIRA,SIBI AGRAHARA,9,8,315.0
KARNATAKA,Bengaluru,Tumakuru,TUMAKURU MADHUGIRI,SIRA,TADAKALLUR,11,10,304.0
KARNATAKA,Bengaluru,Tumakuru,TUMAKURU MADHUGIRI,SIRA,TALAGUNDA,7,7,284.0
KARNATAKA,Bengaluru,Tumakuru,TUMAKURU MADHUGIRI,SIRA,TARUR,9,8,283.0
KARNATAKA,Bengaluru,Tumakuru,TUMAKURU MADHUGIRI,SIRA,TAVAREKERE,11,9,514.0
KARNATAKA,Bengaluru,Tumakuru,TUMAKURU MADHUGIRI,SIRA,YADALAKUKU (HOSAHALLI),8,8,228.0
KARNATAKA,Bengaluru,Tumakuru,TUMAKURU MADHUGIRI,SIRA,YALADABAGI,10,10,254.0
KARNATAKA,Bengaluru,Tumakuru,TUMAKURU MADHUGIRI,SIRA,YALIYUR,11,9,358.0
KARNATAKA,Bengaluru,Tumakuru,TUMAKURU MADHUGIRI,SIRA,YENDORE,7,7,354.0
KARNATAKA,Kalaburagi,Ballari,BALLARI,BELLARY EAST,AMARAPURA,10,7,916.0
KARNATAKA,Kalaburagi,Ballari,BALLARI,BELLARY EAST,B.D.HALLI,4,3,759.0
KARNATAKA,Kalaburagi,Ballari,BALLARI,BELLARY EAST,BASARAKOD,5,3,965.0
KARNATAKA,Kalaburagi,Ballari,BALLARI,BELLARY EAST,CHALAGURKI,8,7,969.0
KARNATAKA,Kalaburagi,Ballari,BALLARI,BELLARY EAST,CHANALU,17,12,2886.0
KARNATAKA,Kalaburagi,Ballari,BALLARI,BELLARY EAST,HALAKUNDI,7,4,849.0
KARNATAKA,Kalaburagi,Ballari,BALLARI,BELLARY EAST,HANDIHAL,4,3,695.0
KARNATAKA,Kalaburagi,Ballari,BALLARI,BELLARY EAST,KAPPAGAL,5,4,1082.0
KARNATAKA,Kalaburagi,Ballari,BALLARI,BELLARY EAST,KAREKAL,6,5,674.0
KARNATAKA,Kalaburagi,Ballari,BALLARI,BELLARY EAST,KORALGUNDHI,5,3,1268.0
KARNATAKA,Kalaburagi,Ballari,BALLARI,BELLARY EAST,M.GONAL,6,5,1320.0
KARNATAKA,Kalaburagi,Ballari,BALLARI,BELLARY EAST,MOKA,12,6,1589.0
KARNATAKA,Kalaburagi,Ballari,BALLARI,BELLARY EAST,P.D.HALLI,5,3,538.0
KARNATAKA,Kalaburagi,Ballari,BALLARI,BELLARY EAST,RUPANAGUDI,6,4,1622.0
KARNATAKA,Kalaburagi,Ballari,BALLARI,BELLARY EAST,SANGANAKAL,9,2,448.0
KARNATAKA,Kalaburagi,Ballari,BALLARI,BELLARY EAST,SANJEEVARAYANAKOTE,4,3,1276.0
KARNATAKA,Kalaburagi,Ballari,BALLARI,BELLARY EAST,SHANKARABANDA,10,8,855.0
KARNATAKA,Kalaburagi,Ballari,BALLARI,BELLARY EAST,SIDIGINAMOLA,4,4,1211.0
KARNATAKA,Kalaburagi,Ballari,BALLARI,BELLARY EAST,SIRIVAR,3,1,795.0
KARNATAKA,Kalaburagi,Ballari,BALLARI,BELLARY EAST,SRIDHARAGADDA,7,4,737.0
KARNATAKA,Kalaburagi,Ballari,BALLARI,BELLARY EAST,VANENOOR,6,6,841.0
KARNATAKA,Kalaburagi,Ballari,BALLARI,BELLARY EAST,YATHENABUDIHAL,7,5,1133.0
KARNATAKA,Kalaburagi,Ballari,BALLARI,BELLARY EAST,YERRAGUDI,8,6,1770.0
KARNATAKA,Kalaburagi,Ballari,BALLARI,BELLARY WEST,BADANAHATTI,8,3,1204.0
KARNATAKA,Kalaburagi,Ballari,BALLARI,BELLARY WEST,BELAGALLU,9,5,1192.0
KARNATAKA,Kalaburagi,Ballari,BALLARI,BELLARY WEST,DEVALAPURA,4,3,983.0
KARNATAKA,Kalaburagi,Ballari,BALLARI,BELLARY WEST,DEVASAMUDRA,6,5,810.0
KARNATAKA,Kalaburagi,Ballari,BALLARI,BELLARY WEST,GANAKIHAL,6,5,730.0
KARNATAKA,Kalaburagi,Ballari,BALLARI,BELLARY WEST,H.VEERAPURA,6,4,1021.0
KARNATAKA,Kalaburagi,Ballari,BALLARI,BELLARY WEST,HAMPADEVANAHALLI,7,7,920.0
KARNATAKA,Kalaburagi,Ballari,BALLARI,BELLARY WEST,KALLUKAMBA,9,7,1007.0
KARNATAKA,Kalaburagi,Ballari,BALLARI,BELLARY WEST,KOLAGALLU,10,8,1731.0
KARNATAKA,Kalaburagi,Ballari,BALLARI,BELLARY WEST,KOLUR,8,5,907.0
KARNATAKA,Kalaburagi,Ballari,BALLARI,BELLARY WEST,METRI,6,4,1203.0
KARNATAKA,Kalaburagi,Ballari,BALLARI,BELLARY WEST,NELLUDI,3,3,454.0
KARNATAKA,Kalaburagi,Ballari,BALLARI,BELLARY WEST,NO.10 MUDDAPURA,6,5,940.0
KARNATAKA,Kalaburagi,Ballari,BALLARI,BELLARY WEST,ORVAI,5,4,761.0
KARNATAKA,Kalaburagi,Ballari,BALLARI,BELLARY WEST,RAMASAGARA,3,1,579.0
KARNATAKA,Kalaburagi,Ballari,BALLARI,BELLARY WEST,SANAPURA,5,5,755.0
KARNATAKA,Kalaburagi,Ballari,BALLARI,BELLARY WEST,SIDDAMMANAHALLI,6,5,762.0
KARNATAKA,Kalaburagi,Ballari,BALLARI,BELLARY WEST,SOMASAMUDRA,4,1,760.0
KARNATAKA,Kalaburagi,Ballari,BALLARI,BELLARY WEST,SUGGENAHALLI,7,6,569.0
KARNATAKA,Kalaburagi,Ballari,BALLARI,BELLARY WEST,YELABENCHI,7,5,966.0
KARNATAKA,Kalaburagi,Ballari,BALLARI,BELLARY WEST,YEMMIGANUR,14,10,1552.0
KARNATAKA,Kalaburagi,Ballari,BALLARI,BELLARY WEST,YERANGALIGI,10,7,1375.0
KARNATAKA,Kalaburagi,Ballari,BALLARI,SANDUR,AGRAHARA,7,7,694.0
KARNATAKA,Kalaburagi,Ballari,BALLARI,SANDUR,ANTHAPURA,7,6,1358.0
KARNATAKA,Kalaburagi,Ballari,BALLARI,SANDUR,BANDRI,8,5,1356.0
KARNATAKA,Kalaburagi,Ballari,BALLARI,SANDUR,BANNIHATTI,5,4,810.0
KARNATAKA,Kalaburagi,Ballari,BALLARI,SANDUR,BHUJANGANAGAR,4,2,586.0
KARNATAKA,Kalaburagi,Ballari,BALLARI,SANDUR,BOMMAGATTA,13,10,1552.0
KARNATAKA,Kalaburagi,Ballari,BALLARI,SANDUR,CHORNUR,10,10,1815.0
KARNATAKA,Kalaburagi,Ballari,BALLARI,SANDUR,DAROJI,8,7,1182.0
KARNATAKA,Kalaburagi,Ballari,BALLARI,SANDUR,DEVAGIRI,5,3,141.0
KARNATAKA,Kalaburagi,Ballari,BALLARI,SANDUR,GOLLALINGAMANAHALLI,9,8,911.0
KARNATAKA,Kalaburagi,Ballari,BALLARI,SANDUR,H.K.HALLI,6,6,913.0
KARNATAKA,Kalaburagi,Ballari,BALLARI,SANDUR,KALINGERI,6,6,1146.0
KARNATAKA,Kalaburagi,Ballari,BALLARI,SANDUR,KRISHNANAGAR,10,7,1108.0
KARNATAKA,Kalaburagi,Ballari,BALLARI,SANDUR,METRIKI,7,6,1047.0
KARNATAKA,Kalaburagi,Ballari,BALLARI,SANDUR,NARASINGAPURA,7,6,1510.0
KARNATAKA,Kalaburagi,Ballari,BALLARI,SANDUR,NIDAGURTHI,8,7,1151.0
KARNATAKA,Kalaburagi,Ballari,BALLARI,SANDUR,RAJAPURA,4,3,581.0
KARNATAKA,Kalaburagi,Ballari,BALLARI,SANDUR,SHUSILANAGAR,7,6,1281.0
KARNATAKA,Kalaburagi,Ballari,BALLARI,SANDUR,SOVENAHALLI,4,3,463.0
KARNATAKA,Kalaburagi,Ballari,BALLARI,SANDUR,TARANAGAR,8,4,505.0
KARNATAKA,Kalaburagi,Ballari,BALLARI,SANDUR,THALURU,2,2,792.0
KARNATAKA,Kalaburagi,Ballari,BALLARI,SANDUR,TORANGAL,8,4,1294.0
KARNATAKA,Kalaburagi,Ballari,BALLARI,SANDUR,VADDU,4,2,976.0
KARNATAKA,Kalaburagi,Ballari,BALLARI,SANDUR,VITTALAPURA,9,9,1080.0
KARNATAKA,Kalaburagi,Ballari,BALLARI,SANDUR,YERRAYYANAHALLI,5,5,620.0
KARNATAKA,Kalaburagi,Ballari,BALLARI,SANDUR,YESHWANTHANAGAR,10,7,932.0
KARNATAKA,Kalaburagi,Ballari,BALLARI,SIRUGUPPA,B.M.SUGUR,7,7,858.0
KARNATAKA,Kalaburagi,Ballari,BALLARI,SIRUGUPPA,BAGEWADI,8,6,570.0
KARNATAKA,Kalaburagi,Ballari,BALLARI,SIRUGUPPA,BALAKUNDHI,8,7,967.0
KARNATAKA,Kalaburagi,Ballari,BALLARI,SIRUGUPPA,BEERAHALLI,6,6,736.0
KARNATAKA,Kalaburagi,Ballari,BALLARI,SIRUGUPPA,BOGGUR,7,6,736.0
KARNATAKA,Kalaburagi,Ballari,BALLARI,SIRUGUPPA,BYRAPURA,3,2,617.0
KARNATAKA,Kalaburagi,Ballari,BALLARI,SIRUGUPPA,DESHANUR,7,5,308.0
KARNATAKA,Kalaburagi,Ballari,BALLARI,SIRUGUPPA,H. HOSAHALLI,3,3,1001.0
KARNATAKA,Kalaburagi,Ballari,BALLARI,SIRUGUPPA,HALEKOTE,10,7,1274.0
KARNATAKA,Kalaburagi,Ballari,BALLARI,SIRUGUPPA,HATCHOLLI,12,10,1620.0
KARNATAKA,Kalaburagi,Ballari,BALLARI,SIRUGUPPA,K.BELALGAL,3,3,820.0
KARNATAKA,Kalaburagi,Ballari,BALLARI,SIRUGUPPA,K.SUGUR,10,9,1610.0
KARNATAKA,Kalaburagi,Ballari,BALLARI,SIRUGUPPA,KARUR,8,5,760.0
KARNATAKA,Kalaburagi,Ballari,BALLARI,SIRUGUPPA,KENCHANAGUDDA,8,7,1599.0
KARNATAKA,Kalaburagi,Ballari,BALLARI,SIRUGUPPA,KONCHIGERI,4,3,825.0
KARNATAKA,Kalaburagi,Ballari,BALLARI,SIRUGUPPA,KUDUDARAHAL,6,4,849.0
KARNATAKA,Kalaburagi,Ballari,BALLARI,SIRUGUPPA,KURUVALLI,3,3,559.0
KARNATAKA,Kalaburagi,Ballari,BALLARI,SIRUGUPPA,M.SUGUR,6,4,595.0
KARNATAKA,Kalaburagi,Ballari,BALLARI,SIRUGUPPA,MUDDATANUR,7,7,856.0
KARNATAKA,Kalaburagi,Ballari,BALLARI,SIRUGUPPA,NADAVI,9,7,1138.0
KARNATAKA,Kalaburagi,Ballari,BALLARI,SIRUGUPPA,RARAVI,7,6,601.0
KARNATAKA,Kalaburagi,Ballari,BALLARI,SIRUGUPPA,RAVIHAL,8,7,1285.0
KARNATAKA,Kalaburagi,Ballari,BALLARI,SIRUGUPPA,SHANAVASAPURA,8,6,1034.0
KARNATAKA,Kalaburagi,Ballari,BALLARI,SIRUGUPPA,SIRIGERI,12,7,1389.0
KARNATAKA,Kalaburagi,Ballari,BALLARI,SIRUGUPPA,TALUR,4,2,1023.0
KARNATAKA,Kalaburagi,Ballari,BALLARI,SIRUGUPPA,UPPARA HOSAHALLI,8,6,824.0
KARNATAKA,Kalaburagi,Ballari,BALLARI,SIRUGUPPA,UTTANUR,9,5,871.0
KARNATAKA,Kalaburagi,Bidar,BIDAR,AURAD,BADALGAON,12,11,824.0
KARNATAKA,Kalaburagi,Bidar,BIDAR,AURAD,BALAT (B),5,5,225.0
KARNATAKA,Kalaburagi,Bidar,BIDAR,AURAD,BELKHUNI (BH),5,4,363.0
KARNATAKA,Kalaburagi,Bidar,BIDAR,AURAD,BELKUNI (CH),17,16,646.0
KARNATAKA,Kalaburagi,Bidar,BIDAR,AURAD,BHANDARKUMTA,7,7,699.0
KARNATAKA,Kalaburagi,Bidar,BIDAR,AURAD,BONTI,9,9,682.0
KARNATAKA,Kalaburagi,Bidar,BIDAR,AURAD,CHANDURI,2,2,187.0
KARNATAKA,Kalaburagi,Bidar,BIDAR,AURAD,CHIKLI J,7,7,307.0
KARNATAKA,Kalaburagi,Bidar,BIDAR,AURAD,CHIKLI U,8,8,514.0
KARNATAKA,Kalaburagi,Bidar,BIDAR,AURAD,CHIMEGAON,9,8,437.0
KARNATAKA,Kalaburagi,Bidar,BIDAR,AURAD,CHINTAKI,11,8,857.0
KARNATAKA,Kalaburagi,Bidar,BIDAR,AURAD,DABKA,14,12,1033.0
KARNATAKA,Kalaburagi,Bidar,BIDAR,AURAD,DHUPATMAGAON,7,6,334.0
KARNATAKA,Kalaburagi,Bidar,BIDAR,AURAD,DIGI,3,3,196.0
KARNATAKA,Kalaburagi,Bidar,BIDAR,AURAD,DONGAON M,7,6,231.0
KARNATAKA,Kalaburagi,Bidar,BIDAR,AURAD,EKAMABA,23,23,950.0
KARNATAKA,Kalaburagi,Bidar,BIDAR,AURAD,EKLARA,8,8,564.0
KARNATAKA,Kalaburagi,Bidar,BIDAR,AURAD,GUDAPALLI,7,7,489.0
KARNATAKA,Kalaburagi,Bidar,BIDAR,AURAD,HEDGAPUR,6,6,242.0
KARNATAKA,Kalaburagi,Bidar,BIDAR,AURAD,HOKRANA,11,10,736.0
KARNATAKA,Kalaburagi,Bidar,BIDAR,AURAD,HOLASAMUDRA,6,6,271.0
KARNATAKA,Kalaburagi,Bidar,BIDAR,AURAD,JAMBGI,17,16,830.0
KARNATAKA,Kalaburagi,Bidar,BIDAR,AURAD,JOJNA,5,5,250.0
KARNATAKA,Kalaburagi,Bidar,BIDAR,AURAD,KAMALNAGAR,19,11,1156.0
KARNATAKA,Kalaburagi,Bidar,BIDAR,AURAD,KHED,4,3,156.0
KARNATAKA,Kalaburagi,Bidar,BIDAR,AURAD,KOREKAL,6,6,271.0
KARNATAKA,Kalaburagi,Bidar,BIDAR,AURAD,KOUTA B,7,6,727.0
KARNATAKA,Kalaburagi,Bidar,BIDAR,AURAD,LADHA,8,8,349.0
KARNATAKA,Kalaburagi,Bidar,BIDAR,AURAD,MADNUR,3,3,145.0
KARNATAKA,Kalaburagi,Bidar,BIDAR,AURAD,MUDHOL (B),9,6,287.0
KARNATAKA,Kalaburagi,Bidar,BIDAR,AURAD,MURKI,10,9,542.0
KARNATAKA,Kalaburagi,Bidar,BIDAR,AURAD,NAGMARPALLI,8,7,610.0
KARNATAKA,Kalaburagi,Bidar,BIDAR,AURAD,SANTPUR,16,8,702.0
KARNATAKA,Kalaburagi,Bidar,BIDAR,AURAD,SHAMBELLI,6,6,127.0
KARNATAKA,Kalaburagi,Bidar,BIDAR,AURAD,SONAL,5,4,140.0
KARNATAKA,Kalaburagi,Bidar,BIDAR,AURAD,SUNDAL,8,8,711.0
KARNATAKA,Kalaburagi,Bidar,BIDAR,AURAD,THANA KUSHNOOR,8,4,809.0
KARNATAKA,Kalaburagi,Bidar,BIDAR,AURAD,TORNA,6,5,279.0
KARNATAKA,Kalaburagi,Bidar,BIDAR,AURAD,WADGAON (D),15,13,655.0
KARNATAKA,Kalaburagi,Bidar,BIDAR,BASAVAKALYAN,ALGUD,6,5,571.0
KARNATAKA,Kalaburagi,Bidar,BIDAR,BASAVAKALYAN,BELURA,7,4,522.0
KARNATAKA,Kalaburagi,Bidar,BIDAR,BASAVAKALYAN,BETBALKUNDA,8,6,761.0
KARNATAKA,Kalaburagi,Bidar,BIDAR,BASAVAKALYAN,BETGERA,8,7,533.0
KARNATAKA,Kalaburagi,Bidar,BIDAR,BASAVAKALYAN,BHOSGA,8,7,821.0
KARNATAKA,Kalaburagi,Bidar,BIDAR,BASAVAKALYAN,CHIKKANAGAON,10,10,547.0
KARNATAKA,Kalaburagi,Bidar,BIDAR,BASAVAKALYAN,CHNDKAPUR,5,5,514.0
KARNATAKA,Kalaburagi,Bidar,BIDAR,BASAVAKALYAN,DHANURA (K),6,5,368.0
KARNATAKA,Kalaburagi,Bidar,BIDAR,BASAVAKALYAN,EKLURA,5,5,747.0
KARNATAKA,Kalaburagi,Bidar,BIDAR,BASAVAKALYAN,GADIGUNDGAON,7,5,251.0
KARNATAKA,Kalaburagi,Bidar,BIDAR,BASAVAKALYAN,GHOTALA,10,10,847.0
KARNATAKA,Kalaburagi,Bidar,BIDAR,BASAVAKALYAN,GORTA B,2,1,323.0
KARNATAKA,Kalaburagi,Bidar,BIDAR,BASAVAKALYAN,GUNDUR,5,5,612.0
KARNATAKA,Kalaburagi,Bidar,BIDAR,BASAVAKALYAN,HARKUD,12,10,758.0
KARNATAKA,Kalaburagi,Bidar,BIDAR,BASAVAKALYAN,HULSOOR,16,10,1451.0
KARNATAKA,Kalaburagi,Bidar,BIDAR,BASAVAKALYAN,ISLAMPUR,5,5,227.0
KARNATAKA,Kalaburagi,Bidar,BIDAR,BASAVAKALYAN,KALKURA,5,5,650.0
KARNATAKA,Kalaburagi,Bidar,BIDAR,BASAVAKALYAN,KHERDA B,8,7,673.0
KARNATAKA,Kalaburagi,Bidar,BIDAR,BASAVAKALYAN,KITTA,8,6,455.0
KARNATAKA,Kalaburagi,Bidar,BIDAR,BASAVAKALYAN,KOHINOOR,9,8,954.0
KARNATAKA,Kalaburagi,Bidar,BIDAR,BASAVAKALYAN,LADWANTI,9,6,209.0
KARNATAKA,Kalaburagi,Bidar,BIDAR,BASAVAKALYAN,MATHALA,13,6,1383.0
KARNATAKA,Kalaburagi,Bidar,BIDAR,BASAVAKALYAN,MIRKAL,10,8,432.0
KARNATAKA,Kalaburagi,Bidar,BIDAR,BASAVAKALYAN,MOORKHANDI,6,5,604.0
KARNATAKA,Kalaburagi,Bidar,BIDAR,BASAVAKALYAN,MUCHLAM,6,4,259.0
KARNATAKA,Kalaburagi,Bidar,BIDAR,BASAVAKALYAN,MUDBI,14,8,1188.0
KARNATAKA,Kalaburagi,Bidar,BIDAR,BASAVAKALYAN,NARAYANPUR,12,10,914.0
KARNATAKA,Kalaburagi,Bidar,BIDAR,BASAVAKALYAN,NIRGUDI,8,7,617.0
KARNATAKA,Kalaburagi,Bidar,BIDAR,BASAVAKALYAN,PARTAPUR,11,10,943.0
KARNATAKA,Kalaburagi,Bidar,BIDAR,BASAVAKALYAN,RAJESHWAR,21,13,1751.0
KARNATAKA,Kalaburagi,Bidar,BIDAR,BASAVAKALYAN,RAJOLA,9,7,1005.0
KARNATAKA,Kalaburagi,Bidar,BIDAR,BASAVAKALYAN,SASTAPUR,9,4,472.0
KARNATAKA,Kalaburagi,Bidar,BIDAR,BASAVAKALYAN,TADOLA,9,6,357.0
KARNATAKA,Kalaburagi,Bidar,BIDAR,BASAVAKALYAN,TOGLUR,6,4,246.0
KARNATAKA,Kalaburagi,Bidar,BIDAR,BASAVAKALYAN,UJALAM,10,9,682.0
KARNATAKA,Kalaburagi,Bidar,BIDAR,BASAVAKALYAN,YERBAG,6,5,340.0
KARNATAKA,Kalaburagi,Bidar,BIDAR,BASAVAKALYAN,YERRANDI,8,7,772.0
KARNATAKA,Kalaburagi,Bidar,BIDAR,BHALKI,ALWAI,5,5,300.0
KARNATAKA,Kalaburagi,Bidar,BIDAR,BHALKI,AMBESANGVI,11,8,564.0
KARNATAKA,Kalaburagi,Bidar,BIDAR,BHALKI,ATTARGA,4,4,218.0
KARNATAKA,Kalaburagi,Bidar,BIDAR,BHALKI,BALOOR,9,9,350.0
KARNATAKA,Kalaburagi,Bidar,BIDAR,BHALKI,BEERI(B),8,8,332.0
KARNATAKA,Kalaburagi,Bidar,BIDAR,BHALKI,BEERI-K,6,6,210.0
KARNATAKA,Kalaburagi,Bidar,BIDAR,BHALKI,BHATAMBRA,7,5,839.0
KARNATAKA,Kalaburagi,Bidar,BIDAR,BHALKI,BYALHALLI(K),10,8,496.0
KARNATAKA,Kalaburagi,Bidar,BIDAR,BHALKI,CHALKAPUR,7,6,355.0
KARNATAKA,Kalaburagi,Bidar,BIDAR,BHALKI,DADGI,5,5,487.0
KARNATAKA,Kalaburagi,Bidar,BIDAR,BHALKI,DAWARGAON,6,6,360.0
KARNATAKA,Kalaburagi,Bidar,BIDAR,BHALKI,DHANOORA,7,7,338.0
KARNATAKA,Kalaburagi,Bidar,BIDAR,BHALKI,DONGAPUR,3,3,447.0
KARNATAKA,Kalaburagi,Bidar,BIDAR,BHALKI,ENIKOORA,6,6,185.0
KARNATAKA,Kalaburagi,Bidar,BIDAR,BHALKI,GORCHINCHOLLI,9,9,296.0
KARNATAKA,Kalaburagi,Bidar,BIDAR,BHALKI,HALBARGA,10,7,578.0
KARNATAKA,Kalaburagi,Bidar,BIDAR,BHALKI,INCHOOR,7,7,273.0
KARNATAKA,Kalaburagi,Bidar,BIDAR,BHALKI,JANTHI,4,4,269.0
KARNATAKA,Kalaburagi,Bidar,BIDAR,BHALKI,JOLDAPKA,4,3,313.0
KARNATAKA,Kalaburagi,Bidar,BIDAR,BHALKI,KANJI,4,4,257.0
KARNATAKA,Kalaburagi,Bidar,BIDAR,BHALKI,KHATAKCHINCHOLLI,6,5,549.0
KARNATAKA,Kalaburagi,Bidar,BIDAR,BHALKI,KONMELKUNDA,6,4,386.0
KARNATAKA,Kalaburagi,Bidar,BIDAR,BHALKI,KOSAM,4,4,258.0
KARNATAKA,Kalaburagi,Bidar,BIDAR,BHALKI,KURUBKHELGI,7,7,379.0
KARNATAKA,Kalaburagi,Bidar,BIDAR,BHALKI,LAKHANGAON,3,2,338.0
KARNATAKA,Kalaburagi,Bidar,BIDAR,BHALKI,LANJAWADA,7,7,258.0
KARNATAKA,Kalaburagi,Bidar,BIDAR,BHALKI,MADKATTI,9,7,288.0
KARNATAKA,Kalaburagi,Bidar,BIDAR,BHALKI,MALCHAPUR,8,6,463.0
KARNATAKA,Kalaburagi,Bidar,BIDAR,BHALKI,MEHKAR,12,9,765.0
KARNATAKA,Kalaburagi,Bidar,BIDAR,BHALKI,METHIMELKUNDA,7,6,381.0
KARNATAKA,Kalaburagi,Bidar,BIDAR,BHALKI,MORAMBI,8,6,294.0
KARNATAKA,Kalaburagi,Bidar,BIDAR,BHALKI,NITTUR(B),7,6,618.0
KARNATAKA,Kalaburagi,Bidar,BIDAR,BHALKI,SAIGAON,9,8,611.0
KARNATAKA,Kalaburagi,Bidar,BIDAR,BHALKI,SHIVANI,4,3,255.0
KARNATAKA,Kalaburagi,Bidar,BIDAR,BHALKI,SIDDESHWAR,7,5,328.0
KARNATAKA,Kalaburagi,Bidar,BIDAR,BHALKI,TALWAD(K),8,5,181.0
KARNATAKA,Kalaburagi,Bidar,BIDAR,BHALKI,TELGAON,10,8,420.0
KARNATAKA,Kalaburagi,Bidar,BIDAR,BHALKI,TUGAON (H),6,6,367.0
KARNATAKA,Kalaburagi,Bidar,BIDAR,BHALKI,WANJERKHED,7,7,246.0
KARNATAKA,Kalaburagi,Bidar,BIDAR,BHALKI,WARWATTI,7,6,340.0
KARNATAKA,Kalaburagi,Bidar,BIDAR,BIDAR,ALIABAD (J),5,4,107.0
KARNATAKA,Kalaburagi,Bidar,BIDAR,BIDAR,ALIAMBER,10,8,619.0
KARNATAKA,Kalaburagi,Bidar,BIDAR,BIDAR,AMALAPUR,10,5,808.0
KARNATAKA,Kalaburagi,Bidar,BIDAR,BIDAR,ANDUR,13,8,777.0
KARNATAKA,Kalaburagi,Bidar,BIDAR,BIDAR,AURAD (S),4,4,170.0
KARNATAKA,Kalaburagi,Bidar,BIDAR,BIDAR,AUSTOOR,11,7,381.0
KARNATAKA,Kalaburagi,Bidar,BIDAR,BIDAR,BAGDAL,14,11,1116.0
KARNATAKA,Kalaburagi,Bidar,BIDAR,BIDAR,BARUR,5,5,439.0
KARNATAKA,Kalaburagi,Bidar,BIDAR,BIDAR,CHAMBOL,8,7,525.0
KARNATAKA,Kalaburagi,Bidar,BIDAR,BIDAR,CHATNALLI,9,9,698.0
KARNATAKA,Kalaburagi,Bidar,BIDAR,BIDAR,CHILLARGI,7,6,411.0
KARNATAKA,Kalaburagi,Bidar,BIDAR,BIDAR,CHIMKOD,7,6,324.0
KARNATAKA,Kalaburagi,Bidar,BIDAR,BIDAR,CHITA,10,6,593.0
KARNATAKA,Kalaburagi,Bidar,BIDAR,BIDAR,GADGI,16,11,662.0
KARNATAKA,Kalaburagi,Bidar,BIDAR,BIDAR,HOKRANA B,8,7,232.0
KARNATAKA,Kalaburagi,Bidar,BIDAR,BIDAR,JANWADA,14,9,1219.0
KARNATAKA,Kalaburagi,Bidar,BIDAR,BIDAR,KADWAD,11,9,685.0
KARNATAKA,Kalaburagi,Bidar,BIDAR,BIDAR,KAMTHANA,16,8,1322.0
KARNATAKA,Kalaburagi,Bidar,BIDAR,BIDAR,KAPLAPUR (A),8,6,283.0
KARNATAKA,Kalaburagi,Bidar,BIDAR,BIDAR,KOLAR (K),15,7,473.0
KARNATAKA,Kalaburagi,Bidar,BIDAR,BIDAR,MALEGAON,12,11,829.0
KARNATAKA,Kalaburagi,Bidar,BIDAR,BIDAR,MALKAPUR,7,6,322.0
KARNATAKA,Kalaburagi,Bidar,BIDAR,BIDAR,MANDAKNALLI,7,6,536.0
KARNATAKA,Kalaburagi,Bidar,BIDAR,BIDAR,MANHALLI,13,7,851.0
KARNATAKA,Kalaburagi,Bidar,BIDAR,BIDAR,MARKAL,14,6,314.0
KARNATAKA,Kalaburagi,Bidar,BIDAR,BIDAR,MARKUNDA,14,10,775.0
KARNATAKA,Kalaburagi,Bidar,BIDAR,BIDAR,NAGUR,16,12,1371.0
KARNATAKA,Kalaburagi,Bidar,BIDAR,BIDAR,RANJOLKHENI,8,8,447.0
KARNATAKA,Kalaburagi,Bidar,BIDAR,BIDAR,REKULGI,11,10,1375.0
KARNATAKA,Kalaburagi,Bidar,BIDAR,BIDAR,SANGOLGI,11,9,534.0
KARNATAKA,Kalaburagi,Bidar,BIDAR,BIDAR,SINDHOL,11,10,860.0
KARNATAKA,Kalaburagi,Bidar,BIDAR,BIDAR,SIRSI (A),4,2,343.0
KARNATAKA,Kalaburagi,Bidar,BIDAR,BIDAR,SRIMANDAL,8,6,291.0
KARNATAKA,Kalaburagi,Bidar,BIDAR,BIDAR,YADLAPUR,11,8,791.0
KARNATAKA,Kalaburagi,Bidar,BIDAR,BIDAR,YERRNALLI,9,7,270.0
KARNATAKA,Kalaburagi,Bidar,BIDAR,HUMNABAD,BELKERA,8,8,903.0
KARNATAKA,Kalaburagi,Bidar,BIDAR,HUMNABAD,BEMALKHEDA,8,7,1313.0
KARNATAKA,Kalaburagi,Bidar,BIDAR,HUMNABAD,BENCHINCHOLI,3,3,367.0
KARNATAKA,Kalaburagi,Bidar,BIDAR,HUMNABAD,CHANDANHALLI,6,5,575.0
KARNATAKA,Kalaburagi,Bidar,BIDAR,HUMNABAD,CHANGLERA,13,12,995.0
KARNATAKA,Kalaburagi,Bidar,BIDAR,HUMNABAD,DAKULGI,11,10,517.0
KARNATAKA,Kalaburagi,Bidar,BIDAR,HUMNABAD,DHUMUNSUR,5,4,306.0
KARNATAKA,Kalaburagi,Bidar,BIDAR,HUMNABAD,DUBULGUNDI,12,5,714.0
KARNATAKA,Kalaburagi,Bidar,BIDAR,HUMNABAD,GHATBORAL,15,10,787.0
KARNATAKA,Kalaburagi,Bidar,BIDAR,HUMNABAD,GHODWADI,8,6,614.0
KARNATAKA,Kalaburagi,Bidar,BIDAR,HUMNABAD,HALLIKHED (K),10,8,1225.0
KARNATAKA,Kalaburagi,Bidar,BIDAR,HUMNABAD,HUDGI,13,8,1246.0
KARNATAKA,Kalaburagi,Bidar,BIDAR,HUMNABAD,ITGA,8,7,614.0
KARNATAKA,Kalaburagi,Bidar,BIDAR,HUMNABAD,JALASANGI,5,4,330.0
KARNATAKA,Kalaburagi,Bidar,BIDAR,HUMNABAD,KALLUR,7,5,262.0
KARNATAKA,Kalaburagi,Bidar,BIDAR,HUMNABAD,KANKATTA,5,3,574.0
KARNATAKA,Kalaburagi,Bidar,BIDAR,HUMNABAD,KODAMBAL,3,2,473.0
KARNATAKA,Kalaburagi,Bidar,BIDAR,HUMNABAD,MADARGAON,9,9,360.0
KARNATAKA,Kalaburagi,Bidar,BIDAR,HUMNABAD,MANEKHELI,15,7,1216.0
KARNATAKA,Kalaburagi,Bidar,BIDAR,HUMNABAD,MANGALGI,13,9,1145.0
KARNATAKA,Kalaburagi,Bidar,BIDAR,HUMNABAD,MANIKNAGAR,13,8,408.0
KARNATAKA,Kalaburagi,Bidar,BIDAR,HUMNABAD,MEENKERA,7,5,602.0
KARNATAKA,Kalaburagi,Bidar,BIDAR,HUMNABAD,MUSTARI,5,4,367.0
KARNATAKA,Kalaburagi,Bidar,BIDAR,HUMNABAD,MUTANGI,9,8,652.0
KARNATAKA,Kalaburagi,Bidar,BIDAR,HUMNABAD,NADGAON,8,5,428.0
KARNATAKA,Kalaburagi,Bidar,BIDAR,HUMNABAD,NIRNA,14,9,848.0
KARNATAKA,Kalaburagi,Bidar,BIDAR,HUMNABAD,SEDOL,3,3,227.0
KARNATAKA,Kalaburagi,Bidar,BIDAR,HUMNABAD,SINDANKEREA,7,4,468.0
KARNATAKA,Kalaburagi,Bidar,BIDAR,HUMNABAD,SITALGERA,12,12,649.0
KARNATAKA,Kalaburagi,Bidar,BIDAR,HUMNABAD,SULTANABAD,6,6,599.0
KARNATAKA,Kalaburagi,Bidar,BIDAR,HUMNABAD,TALMADGI,4,3,232.0
KARNATAKA,Kalaburagi,Bidar,BIDAR,HUMNABAD,UDBAL,3,3,314.0
KARNATAKA,Kalaburagi,Bidar,BIDAR,HUMNABAD,UDBANALLI,6,4,457.0
KARNATAKA,Kalaburagi,Kalaburagi,KALBURGI,AFZALPUR,ALLAGI B,3,3,670.0
KARNATAKA,Kalaburagi,Kalaburagi,KALBURGI,AFZALPUR,ANOOR,5,4,536.0
KARNATAKA,Kalaburagi,Kalaburagi,KALBURGI,AFZALPUR,ATANOOR,8,6,1155.0
KARNATAKA,Kalaburagi,Kalaburagi,KALBURGI,AFZALPUR,BADADAL,6,5,922.0
KARNATAKA,Kalaburagi,Kalaburagi,KALBURGI,AFZALPUR,BALOORGI,9,7,562.0
KARNATAKA,Kalaburagi,Kalaburagi,KALBURGI,AFZALPUR,BANDARWADA,7,5,698.0
KARNATAKA,Kalaburagi,Kalaburagi,KALBURGI,AFZALPUR,BANKALAGA,5,5,772.0
KARNATAKA,Kalaburagi,Kalaburagi,KALBURGI,AFZALPUR,BHIRAMADGI,8,7,517.0
KARNATAKA,Kalaburagi,Kalaburagi,KALBURGI,AFZALPUR,BIDANOOR,7,6,882.0
KARNATAKA,Kalaburagi,Kalaburagi,KALBURGI,AFZALPUR,CHOWDAPUR,11,7,1117.0
KARNATAKA,Kalaburagi,Kalaburagi,KALBURGI,AFZALPUR,DEVALAGANGAPUR,10,5,1051.0
KARNATAKA,Kalaburagi,Kalaburagi,KALBURGI,AFZALPUR,GHATTARGA,6,4,695.0
KARNATAKA,Kalaburagi,Kalaburagi,KALBURGI,AFZALPUR,GOBBUR B,9,5,418.0
KARNATAKA,Kalaburagi,Kalaburagi,KALBURGI,AFZALPUR,GOURA B,9,7,981.0
KARNATAKA,Kalaburagi,Kalaburagi,KALBURGI,AFZALPUR,GUDUR,10,7,710.0
KARNATAKA,Kalaburagi,Kalaburagi,KALBURGI,AFZALPUR,HASARAGUNDAGI,9,8,1173.0
KARNATAKA,Kalaburagi,Kalaburagi,KALBURGI,AFZALPUR,KALLOOR,12,10,1154.0
KARNATAKA,Kalaburagi,Kalaburagi,KALBURGI,AFZALPUR,KARJAGI,11,5,1427.0
KARNATAKA,Kalaburagi,Kalaburagi,KALBURGI,AFZALPUR,KOGANOOR,7,7,1216.0
KARNATAKA,Kalaburagi,Kalaburagi,KALBURGI,AFZALPUR,MADARA(B),6,6,814.0
KARNATAKA,Kalaburagi,Kalaburagi,KALBURGI,AFZALPUR,MALLABAD,7,3,1061.0
KARNATAKA,Kalaburagi,Kalaburagi,KALBURGI,AFZALPUR,MANNUR,15,11,2153.0
KARNATAKA,Kalaburagi,Kalaburagi,KALBURGI,AFZALPUR,MASHAL,13,11,1409.0
KARNATAKA,Kalaburagi,Kalaburagi,KALBURGI,AFZALPUR,NANDARAGA,8,7,868.0
KARNATAKA,Kalaburagi,Kalaburagi,KALBURGI,AFZALPUR,RAM NAGAR,3,3,275.0
KARNATAKA,Kalaburagi,Kalaburagi,KALBURGI,AFZALPUR,REVOOR B,10,9,579.0
KARNATAKA,Kalaburagi,Kalaburagi,KALBURGI,AFZALPUR,TELLUR,5,4,790.0
KARNATAKA,Kalaburagi,Kalaburagi,KALBURGI,AFZALPUR,UDCHANA,8,6,1693.0
KARNATAKA,Kalaburagi,Kalaburagi,KALBURGI,ALAND,ALANGA,4,4,151.0
KARNATAKA,Kalaburagi,Kalaburagi,KALBURGI,ALAND,AMBALGA,8,6,436.0
KARNATAKA,Kalaburagi,Kalaburagi,KALBURGI,ALAND,BELAMAGI,8,6,675.0
KARNATAKA,Kalaburagi,Kalaburagi,KALBURGI,ALAND,BHODHAN,4,4,437.0
KARNATAKA,Kalaburagi,Kalaburagi,KALBURGI,ALAND,BHUSNUR,8,6,569.0
KARNATAKA,Kalaburagi,Kalaburagi,KALBURGI,ALAND,CHNCHANSOOR,9,9,1067.0
KARNATAKA,Kalaburagi,Kalaburagi,KALBURGI,ALAND,DANNURU,4,4,314.0
KARNATAKA,Kalaburagi,Kalaburagi,KALBURGI,ALAND,DARGA SIRUR,5,5,592.0
KARNATAKA,Kalaburagi,Kalaburagi,KALBURGI,ALAND,DHANGAPUR,6,5,542.0
KARNATAKA,Kalaburagi,Kalaburagi,KALBURGI,ALAND,DUTTARGAON,8,6,822.0
KARNATAKA,Kalaburagi,Kalaburagi,KALBURGI,ALAND,GOLA.B.,4,3,551.0
KARNATAKA,Kalaburagi,Kalaburagi,KALBURGI,ALAND,HADALGI,5,5,886.0
KARNATAKA,Kalaburagi,Kalaburagi,KALBURGI,ALAND,HALA TADAKALA,5,5,425.0
KARNATAKA,Kalaburagi,Kalaburagi,KALBURGI,ALAND,HALLISALAGAR,9,8,417.0
KARNATAKA,Kalaburagi,Kalaburagi,KALBURGI,ALAND,HEBALI,7,7,466.0
KARNATAKA,Kalaburagi,Kalaburagi,KALBURGI,ALAND,HIROLLI,6,5,577.0
KARNATAKA,Kalaburagi,Kalaburagi,KALBURGI,ALAND,HITTALA SHIRUR,4,4,677.0
KARNATAKA,Kalaburagi,Kalaburagi,KALBURGI,ALAND,HODLOOR,10,9,882.0
KARNATAKA,Kalaburagi,Kalaburagi,KALBURGI,ALAND,JIDAGA,11,10,666.0
KARNATAKA,Kalaburagi,Kalaburagi,KALBURGI,ALAND,KADAGANCHI,7,6,676.0
KARNATAKA,Kalaburagi,Kalaburagi,KALBURGI,ALAND,KAMALANAGAR,8,7,477.0
KARNATAKA,Kalaburagi,Kalaburagi,KALBURGI,ALAND,KAVALGA,7,5,651.0
KARNATAKA,Kalaburagi,Kalaburagi,KALBURGI,ALAND,KERI AMBALAGA,7,6,349.0
KARNATAKA,Kalaburagi,Kalaburagi,KALBURGI,ALAND,KHAJURI,5,4,769.0
KARNATAKA,Kalaburagi,Kalaburagi,KALBURGI,ALAND,KINNI SULTAN,8,6,659.0
KARNATAKA,Kalaburagi,Kalaburagi,KALBURGI,ALAND,KODALHANGARGA,5,5,406.0
KARNATAKA,Kalaburagi,Kalaburagi,KALBURGI,ALAND,KORALLI,13,12,1477.0
KARNATAKA,Kalaburagi,Kalaburagi,KALBURGI,ALAND,LAD MUGALI,3,3,186.0
KARNATAKA,Kalaburagi,Kalaburagi,KALBURGI,ALAND,MADAN HIPPARGA,11,6,1129.0
KARNATAKA,Kalaburagi,Kalaburagi,KALBURGI,ALAND,MADIYAL,6,4,677.0
KARNATAKA,Kalaburagi,Kalaburagi,KALBURGI,ALAND,MOGHA (K),5,4,434.0
KARNATAKA,Kalaburagi,Kalaburagi,KALBURGI,ALAND,MUDDADAGA,7,7,604.0
KARNATAKA,Kalaburagi,Kalaburagi,KALBURGI,ALAND,MUNNALLI,3,2,552.0
KARNATAKA,Kalaburagi,Kalaburagi,KALBURGI,ALAND,NARONA,11,7,940.0
KARNATAKA,Kalaburagi,Kalaburagi,KALBURGI,ALAND,NIMBAL,5,4,675.0
KARNATAKA,Kalaburagi,Kalaburagi,KALBURGI,ALAND,NIMBARGA,10,7,974.0
KARNATAKA,Kalaburagi,Kalaburagi,KALBURGI,ALAND,NIRGUDI,6,5,899.0
KARNATAKA,Kalaburagi,Kalaburagi,KALBURGI,ALAND,PADASAVALI,5,4,552.0
KARNATAKA,Kalaburagi,Kalaburagi,KALBURGI,ALAND,RUDRAWADI,7,6,659.0
KARNATAKA,Kalaburagi,Kalaburagi,KALBURGI,ALAND,SARASAMBA,7,7,884.0
KARNATAKA,Kalaburagi,Kalaburagi,KALBURGI,ALAND,SAVALESHWAR,6,5,711.0
KARNATAKA,Kalaburagi,Kalaburagi,KALBURGI,ALAND,SIRACHAND,3,3,256.0
KARNATAKA,Kalaburagi,Kalaburagi,KALBURGI,ALAND,SUNTNOOR,5,5,405.0
KARNATAKA,Kalaburagi,Kalaburagi,KALBURGI,ALAND,TADAKAL,6,6,1004.0
KARNATAKA,Kalaburagi,Kalaburagi,KALBURGI,ALAND,TADOL,5,5,486.0
KARNATAKA,Kalaburagi,Kalaburagi,KALBURGI,ALAND,V.K.SALGAR,6,3,462.0
KARNATAKA,Kalaburagi,Kalaburagi,KALBURGI,ALAND,YALSANGI,5,5,812.0
KARNATAKA,Kalaburagi,Kalaburagi,KALBURGI,CHINCHOLI,AINAPUR,16,13,1230.0
KARNATAKA,Kalaburagi,Kalaburagi,KALBURGI,CHINCHOLI,AINOLLI,6,5,500.0
KARNATAKA,Kalaburagi,Kalaburagi,KALBURGI,CHINCHOLI,ANWAR,4,4,197.0
KARNATAKA,Kalaburagi,Kalaburagi,KALBURGI,CHINCHOLI,CHANDANKERA,10,9,974.0
KARNATAKA,Kalaburagi,Kalaburagi,KALBURGI,CHINCHOLI,CHENGTA,15,14,968.0
KARNATAKA,Kalaburagi,Kalaburagi,KALBURGI,CHINCHOLI,CHIMANCHOD,16,12,1124.0
KARNATAKA,Kalaburagi,Kalaburagi,KALBURGI,CHINCHOLI,CHIMMAIDLAI,4,3,228.0
KARNATAKA,Kalaburagi,Kalaburagi,KALBURGI,CHINCHOLI,DEGALMADI,6,5,480.0
KARNATAKA,Kalaburagi,Kalaburagi,KALBURGI,CHINCHOLI,GADIKESHWAR,8,8,712.0
KARNATAKA,Kalaburagi,Kalaburagi,KALBURGI,CHINCHOLI,GARAGAPALLI,6,5,307.0
KARNATAKA,Kalaburagi,Kalaburagi,KALBURGI,CHINCHOLI,GARAMPALLI,7,6,377.0
KARNATAKA,Kalaburagi,Kalaburagi,KALBURGI,CHINCHOLI,GIDILINGADHALLI,15,14,560.0
KARNATAKA,Kalaburagi,Kalaburagi,KALBURGI,CHINCHOLI,HALCHER,7,6,408.0
KARNATAKA,Kalaburagi,Kalaburagi,KALBURGI,CHINCHOLI,HASARGUNDAGI,8,8,653.0
KARNATAKA,Kalaburagi,Kalaburagi,KALBURGI,CHINCHOLI,HOODEBEERANALLI,8,8,579.0
KARNATAKA,Kalaburagi,Kalaburagi,KALBURGI,CHINCHOLI,JATTUR,4,4,187.0
KARNATAKA,Kalaburagi,Kalaburagi,KALBURGI,CHINCHOLI,KARAKMUKALI,4,4,305.0
KARNATAKA,Kalaburagi,Kalaburagi,KALBURGI,CHINCHOLI,KARCHKHED,7,6,683.0
KARNATAKA,Kalaburagi,Kalaburagi,KALBURGI,CHINCHOLI,KEROLLI,4,4,273.0
KARNATAKA,Kalaburagi,Kalaburagi,KALBURGI,CHINCHOLI,KODLI,17,12,1275.0
KARNATAKA,Kalaburagi,Kalaburagi,KALBURGI,CHINCHOLI,KONCHAWARM,11,9,980.0
KARNATAKA,Kalaburagi,Kalaburagi,KALBURGI,CHINCHOLI,KUPANOOR,4,4,272.0
KARNATAKA,Kalaburagi,Kalaburagi,KALBURGI,CHINCHOLI,MEERIYAN,13,11,895.0
KARNATAKA,Kalaburagi,Kalaburagi,KALBURGI,CHINCHOLI,MOGHA,3,3,308.0
KARNATAKA,Kalaburagi,Kalaburagi,KALBURGI,CHINCHOLI,NAGAIDLAI,10,9,590.0
KARNATAKA,Kalaburagi,Kalaburagi,KALBURGI,CHINCHOLI,NIDGUNDA,13,10,1249.0
KARNATAKA,Kalaburagi,Kalaburagi,KALBURGI,CHINCHOLI,PASTAPUR,10,10,783.0
KARNATAKA,Kalaburagi,Kalaburagi,KALBURGI,CHINCHOLI,POULKPALLI,7,7,787.0
KARNATAKA,Kalaburagi,Kalaburagi,KALBURGI,CHINCHOLI,RATKAL,9,8,973.0
KARNATAKA,Kalaburagi,Kalaburagi,KALBURGI,CHINCHOLI,RUMMANGOD,4,4,486.0
KARNATAKA,Kalaburagi,Kalaburagi,KALBURGI,CHINCHOLI,SALEBEERANALLI,7,6,939.0
KARNATAKA,Kalaburagi,Kalaburagi,KALBURGI,CHINCHOLI,SALGARBASANTHPUR,12,11,521.0
KARNATAKA,Kalaburagi,Kalaburagi,KALBURGI,CHINCHOLI,SHADIPUR,13,13,885.0
KARNATAKA,Kalaburagi,Kalaburagi,KALBURGI,CHINCHOLI,SHIROLLI,5,4,396.0
KARNATAKA,Kalaburagi,Kalaburagi,KALBURGI,CHINCHOLI,SULEPET,16,6,1417.0
KARNATAKA,Kalaburagi,Kalaburagi,KALBURGI,CHINCHOLI,VENKTAPUR,8,8,319.0
KARNATAKA,Kalaburagi,Kalaburagi,KALBURGI,CHITTAPUR,ALOLLI,7,6,835.0
KARNATAKA,Kalaburagi,Kalaburagi,KALBURGI,CHITTAPUR,ALOOR B,3,3,819.0
KARNATAKA,Kalaburagi,Kalaburagi,KALBURGI,CHITTAPUR,ARANKAL,12,10,1434.0
KARNATAKA,Kalaburagi,Kalaburagi,KALBURGI,CHITTAPUR,AVARAD B,1,1,155.0
KARNATAKA,Kalaburagi,Kalaburagi,KALBURGI,CHITTAPUR,BEDSUR,1,1,11.0
KARNATAKA,Kalaburagi,Kalaburagi,KALBURGI,CHITTAPUR,BHAGODI,10,7,828.0
KARNATAKA,Kalaburagi,Kalaburagi,KALBURGI,CHITTAPUR,BHANKOR,13,8,728.0
KARNATAKA,Kalaburagi,Kalaburagi,KALBURGI,CHITTAPUR,BHIMALLI,2,2,464.0
KARNATAKA,Kalaburagi,Kalaburagi,KALBURGI,CHITTAPUR,BHIMNALLI,1,1,17.0
KARNATAKA,Kalaburagi,Kalaburagi,KALBURGI,CHITTAPUR,CHINCHOLI. H.,6,6,541.0
KARNATAKA,Kalaburagi,Kalaburagi,KALBURGI,CHITTAPUR,DANDOTI,7,6,1123.0
KARNATAKA,Kalaburagi,Kalaburagi,KALBURGI,CHITTAPUR,DHONGAON,2,2,607.0
KARNATAKA,Kalaburagi,Kalaburagi,KALBURGI,CHITTAPUR,DIGGANW,3,2,535.0
KARNATAKA,Kalaburagi,Kalaburagi,KALBURGI,CHITTAPUR,GONDGORTHI,7,7,968.0
KARNATAKA,Kalaburagi,Kalaburagi,KALBURGI,CHITTAPUR,GOTOR,9,9,619.0
KARNATAKA,Kalaburagi,Kalaburagi,KALBURGI,CHITTAPUR,HALKATTA,9,7,571.0
KARNATAKA,Kalaburagi,Kalaburagi,KALBURGI,CHITTAPUR,HEBALL,9,8,850.0
KARNATAKA,Kalaburagi,Kalaburagi,KALBURGI,CHITTAPUR,HONGOUNTTA,6,5,421.0
KARNATAKA,Kalaburagi,Kalaburagi,KALBURGI,CHITTAPUR,INGADGI,7,5,549.0
KARNATAKA,Kalaburagi,Kalaburagi,KALBURGI,CHITTAPUR,IVANI,5,5,456.0
KARNATAKA,Kalaburagi,Kalaburagi,KALBURGI,CHITTAPUR,KADBOR,7,6,493.0
KARNATAKA,Kalaburagi,Kalaburagi,KALBURGI,CHITTAPUR,KAMRWADI,6,6,277.0
KARNATAKA,Kalaburagi,Kalaburagi,KALBURGI,CHITTAPUR,KANDGOLL,3,3,260.0
KARNATAKA,Kalaburagi,Kalaburagi,KALBURGI,CHITTAPUR,KARDAL,6,6,760.0
KARNATAKA,Kalaburagi,Kalaburagi,KALBURGI,CHITTAPUR,KODADOUR,9,7,669.0
KARNATAKA,Kalaburagi,Kalaburagi,KALBURGI,CHITTAPUR,KOLLUR,4,3,559.0
KARNATAKA,Kalaburagi,Kalaburagi,KALBURGI,CHITTAPUR,KORWAR,9,7,1150.0
KARNATAKA,Kalaburagi,Kalaburagi,KALBURGI,CHITTAPUR,LADLAPUR,5,4,1161.0
KARNATAKA,Kalaburagi,Kalaburagi,KALBURGI,CHITTAPUR,MADBOL,4,4,347.0
KARNATAKA,Kalaburagi,Kalaburagi,KALBURGI,CHITTAPUR,MALGATTI,4,4,758.0
KARNATAKA,Kalaburagi,Kalaburagi,KALBURGI,CHITTAPUR,MARTOR,10,9,737.0
KARNATAKA,Kalaburagi,Kalaburagi,KALBURGI,CHITTAPUR,MOGALA,1,1,136.0
KARNATAKA,Kalaburagi,Kalaburagi,KALBURGI,CHITTAPUR,MUGALANAGAON,4,4,231.0
KARNATAKA,Kalaburagi,Kalaburagi,KALBURGI,CHITTAPUR,NALWAR,20,16,1775.0
KARNATAKA,Kalaburagi,Kalaburagi,KALBURGI,CHITTAPUR,PETSHERORO,2,2,218.0
KARNATAKA,Kalaburagi,Kalaburagi,KALBURGI,CHITTAPUR,RAJAPUR,6,5,572.0
KARNATAKA,Kalaburagi,Kalaburagi,KALBURGI,CHITTAPUR,RAMPURAHALLI,5,5,769.0
KARNATAKA,Kalaburagi,Kalaburagi,KALBURGI,CHITTAPUR,RAVOR,9,9,1796.0
KARNATAKA,Kalaburagi,Kalaburagi,KALBURGI,CHITTAPUR,SANNTI,5,5,535.0
KARNATAKA,Kalaburagi,Kalaburagi,KALBURGI,CHITTAPUR,SATNOR,5,4,524.0
KARNATAKA,Kalaburagi,Kalaburagi,KALBURGI,CHITTAPUR,SHELLAGI,4,4,262.0
KARNATAKA,Kalaburagi,Kalaburagi,KALBURGI,CHITTAPUR,TENGLI,6,6,546.0
KARNATAKA,Kalaburagi,Kalaburagi,KALBURGI,CHITTAPUR,TOSANHALLI [S],8,7,661.0
KARNATAKA,Kalaburagi,Kalaburagi,KALBURGI,CHITTAPUR,YAGAPUR,10,10,818.0
KARNATAKA,Kalaburagi,Kalaburagi,KALBURGI,GULBARGA NORTH,ALGOOD,7,7,484.0
KARNATAKA,Kalaburagi,Kalaburagi,KALBURGI,GULBARGA NORTH,AVARAD B,9,5,834.0
KARNATAKA,Kalaburagi,Kalaburagi,KALBURGI,GULBARGA NORTH,BABALAD I K,4,4,487.0
KARNATAKA,Kalaburagi,Kalaburagi,KALBURGI,GULBARGA NORTH,BHOPAL TEGNUR,5,5,800.0
KARNATAKA,Kalaburagi,Kalaburagi,KALBURGI,GULBARGA NORTH,DONGARGAON,8,7,655.0
KARNATAKA,Kalaburagi,Kalaburagi,KALBURGI,GULBARGA NORTH,HARASOOR,9,6,768.0
KARNATAKA,Kalaburagi,Kalaburagi,KALBURGI,GULBARGA NORTH,HOLKUNDA,5,4,321.0
KARNATAKA,Kalaburagi,Kalaburagi,KALBURGI,GULBARGA NORTH,JEEVANAGI,8,7,383.0
KARNATAKA,Kalaburagi,Kalaburagi,KALBURGI,GULBARGA NORTH,KALAHANGARGA,8,4,719.0
KARNATAKA,Kalaburagi,Kalaburagi,KALBURGI,GULBARGA NORTH,KALAMOOD,17,17,1221.0
KARNATAKA,Kalaburagi,Kalaburagi,KALBURGI,GULBARGA NORTH,KINNI SADAK,9,7,455.0
KARNATAKA,Kalaburagi,Kalaburagi,KALBURGI,GULBARGA NORTH,KUMASI,4,4,575.0
KARNATAKA,Kalaburagi,Kalaburagi,KALBURGI,GULBARGA NORTH,KURIKOTA,10,8,436.0
KARNATAKA,Kalaburagi,Kalaburagi,KALBURGI,GULBARGA NORTH,MAHAGAON,20,13,1787.0
KARNATAKA,Kalaburagi,Kalaburagi,KALBURGI,GULBARGA NORTH,MARGUTTI,9,8,583.0
KARNATAKA,Kalaburagi,Kalaburagi,KALBURGI,GULBARGA NORTH,NAGOOR,7,7,500.0
KARNATAKA,Kalaburagi,Kalaburagi,KALBURGI,GULBARGA NORTH,OKALI,14,13,533.0
KARNATAKA,Kalaburagi,Kalaburagi,KALBURGI,GULBARGA NORTH,SONTH,9,7,354.0
KARNATAKA,Kalaburagi,Kalaburagi,KALBURGI,GULBARGA NORTH,TAJ SULTANPUR,12,7,805.0
KARNATAKA,Kalaburagi,Kalaburagi,KALBURGI,GULBARGA SOUTH,BASAVAPATTANA,4,4,732.0
KARNATAKA,Kalaburagi,Kalaburagi,KALBURGI,GULBARGA SOUTH,BHIMALLI,12,7,1663.0
KARNATAKA,Kalaburagi,Kalaburagi,KALBURGI,GULBARGA SOUTH,FARATABAD,19,12,2065.0
KARNATAKA,Kalaburagi,Kalaburagi,KALBURGI,GULBARGA SOUTH,FIROJABAD,6,5,695.0
KARNATAKA,Kalaburagi,Kalaburagi,KALBURGI,GULBARGA SOUTH,HAGARAGA,11,6,655.0
KARNATAKA,Kalaburagi,Kalaburagi,KALBURGI,GULBARGA SOUTH,HEROOR B,5,4,866.0
KARNATAKA,Kalaburagi,Kalaburagi,KALBURGI,GULBARGA SOUTH,KADANI,5,4,290.0
KARNATAKA,Kalaburagi,Kalaburagi,KALBURGI,GULBARGA SOUTH,KAVALAGA B,4,2,370.0
KARNATAKA,Kalaburagi,Kalaburagi,KALBURGI,GULBARGA SOUTH,KHANADAL,13,10,1001.0
KARNATAKA,Kalaburagi,Kalaburagi,KALBURGI,GULBARGA SOUTH,KUSNOOR,21,3,317.0
KARNATAKA,Kalaburagi,Kalaburagi,KALBURGI,GULBARGA SOUTH,MELKUNDA B,6,5,665.0
KARNATAKA,Kalaburagi,Kalaburagi,KALBURGI,GULBARGA SOUTH,MINAJAGI,7,5,610.0
KARNATAKA,Kalaburagi,Kalaburagi,KALBURGI,GULBARGA SOUTH,NANDIKOOR,15,8,1535.0
KARNATAKA,Kalaburagi,Kalaburagi,KALBURGI,GULBARGA SOUTH,NANDOOR K,14,9,792.0
KARNATAKA,Kalaburagi,Kalaburagi,KALBURGI,GULBARGA SOUTH,PATTAN,10,9,1175.0
KARNATAKA,Kalaburagi,Kalaburagi,KALBURGI,GULBARGA SOUTH,SANNUR,15,12,1581.0
KARNATAKA,Kalaburagi,Kalaburagi,KALBURGI,GULBARGA SOUTH,SARADAGI (B),7,7,566.0
KARNATAKA,Kalaburagi,Kalaburagi,KALBURGI,GULBARGA SOUTH,SAVALGI B,8,5,923.0
KARNATAKA,Kalaburagi,Kalaburagi,KALBURGI,GULBARGA SOUTH,SIRASGI,19,9,740.0
KARNATAKA,Kalaburagi,Kalaburagi,KALBURGI,GULBARGA SOUTH,SRINIVAS SARADGI,8,6,695.0
KARNATAKA,Kalaburagi,Kalaburagi,KALBURGI,JEWARGI,ALOOR,10,10,1218.0
KARNATAKA,Kalaburagi,Kalaburagi,KALBURGI,JEWARGI,ANDOLA,9,6,981.0
KARNATAKA,Kalaburagi,Kalaburagi,KALBURGI,JEWARGI,ANKALGA,10,7,1071.0
KARNATAKA,Kalaburagi,Kalaburagi,KALBURGI,JEWARGI,ARALGUNDAGI,7,6,1850.0
KARNATAKA,Kalaburagi,Kalaburagi,KALBURGI,JEWARGI,BALBATTI,7,7,967.0
KARNATAKA,Kalaburagi,Kalaburagi,KALBURGI,JEWARGI,BALUNDAGI,3,2,764.0
KARNATAKA,Kalaburagi,Kalaburagi,KALBURGI,JEWARGI,BILWAR,13,11,1412.0
KARNATAKA,Kalaburagi,Kalaburagi,KALBURGI,JEWARGI,BIRIYAL B.,10,10,1068.0
KARNATAKA,Kalaburagi,Kalaburagi,KALBURGI,JEWARGI,GANWAR,7,6,808.0
KARNATAKA,Kalaburagi,Kalaburagi,KALBURGI,JEWARGI,GUDUR S.A.,6,6,553.0
KARNATAKA,Kalaburagi,Kalaburagi,KALBURGI,JEWARGI,HARNOOR,4,4,805.0
KARNATAKA,Kalaburagi,Kalaburagi,KALBURGI,JEWARGI,HARVAL,4,3,325.0
KARNATAKA,Kalaburagi,Kalaburagi,KALBURGI,JEWARGI,HIPPARGA.S.N.,2,2,560.0
KARNATAKA,Kalaburagi,Kalaburagi,KALBURGI,JEWARGI,HULLURA,3,3,736.0
KARNATAKA,Kalaburagi,Kalaburagi,KALBURGI,JEWARGI,IJERI,8,6,1088.0
KARNATAKA,Kalaburagi,Kalaburagi,KALBURGI,JEWARGI,ITGA,7,7,748.0
KARNATAKA,Kalaburagi,Kalaburagi,KALBURGI,JEWARGI,JERATGI,9,5,928.0
KARNATAKA,Kalaburagi,Kalaburagi,KALBURGI,JEWARGI,KACHAPURA,3,3,501.0
KARNATAKA,Kalaburagi,Kalaburagi,KALBURGI,JEWARGI,KADKOL,9,8,1042.0
KARNATAKA,Kalaburagi,Kalaburagi,KALBURGI,JEWARGI,KALLAHANGARGA,5,4,647.0
KARNATAKA,Kalaburagi,Kalaburagi,KALBURGI,JEWARGI,KALLUR.K,7,6,835.0
KARNATAKA,Kalaburagi,Kalaburagi,KALBURGI,JEWARGI,KARKIHALLI,10,8,749.0
KARNATAKA,Kalaburagi,Kalaburagi,KALBURGI,JEWARGI,KELLUR,9,4,587.0
KARNATAKA,Kalaburagi,Kalaburagi,KALBURGI,JEWARGI,KOLKUR,7,5,986.0
KARNATAKA,Kalaburagi,Kalaburagi,KALBURGI,JEWARGI,KUDI,12,11,673.0
KARNATAKA,Kalaburagi,Kalaburagi,KALBURGI,JEWARGI,KUKNOOR,4,3,524.0
KARNATAKA,Kalaburagi,Kalaburagi,KALBURGI,JEWARGI,KURALGERA,5,5,1171.0
KARNATAKA,Kalaburagi,Kalaburagi,KALBURGI,JEWARGI,MADARI,4,4,656.0
KARNATAKA,Kalaburagi,Kalaburagi,KALBURGI,JEWARGI,MAGANGERA,3,3,1288.0
KARNATAKA,Kalaburagi,Kalaburagi,KALBURGI,JEWARGI,MALLI,5,3,645.0
KARNATAKA,Kalaburagi,Kalaburagi,KALBURGI,JEWARGI,MANDEVAL,8,5,1073.0
KARNATAKA,Kalaburagi,Kalaburagi,KALBURGI,JEWARGI,NARIBOL,5,5,905.0
KARNATAKA,Kalaburagi,Kalaburagi,KALBURGI,JEWARGI,NEDALAGI,6,6,1163.0
KARNATAKA,Kalaburagi,Kalaburagi,KALBURGI,JEWARGI,NELOGI,6,5,1231.0
KARNATAKA,Kalaburagi,Kalaburagi,KALBURGI,JEWARGI,RANJANGI,7,7,791.0
KARNATAKA,Kalaburagi,Kalaburagi,KALBURGI,JEWARGI,SATHKHED,2,2,353.0
KARNATAKA,Kalaburagi,Kalaburagi,KALBURGI,JEWARGI,SONN,2,2,601.0
KARNATAKA,Kalaburagi,Kalaburagi,KALBURGI,JEWARGI,SUMBAD,7,4,535.0
KARNATAKA,Kalaburagi,Kalaburagi,KALBURGI,JEWARGI,WADGERA,6,4,676.0
KARNATAKA,Kalaburagi,Kalaburagi,KALBURGI,JEWARGI,YALGOD,6,5,800.0
KARNATAKA,Kalaburagi,Kalaburagi,KALBURGI,JEWARGI,YALVAR,13,10,1300.0
KARNATAKA,Kalaburagi,Kalaburagi,KALBURGI,SEDAM,ADAKI,10,8,604.0
KARNATAKA,Kalaburagi,Kalaburagi,KALBURGI,SEDAM,BATAGERA.K,6,6,641.0
KARNATAKA,Kalaburagi,Kalaburagi,KALBURGI,SEDAM,BENAKANAHALLI,4,4,439.0
KARNATAKA,Kalaburagi,Kalaburagi,KALBURGI,SEDAM,CHANDAPUR,5,5,358.0
KARNATAKA,Kalaburagi,Kalaburagi,KALBURGI,SEDAM,DUGNOOR,5,5,782.0
KARNATAKA,Kalaburagi,Kalaburagi,KALBURGI,SEDAM,HANDARKI,5,4,654.0
KARNATAKA,Kalaburagi,Kalaburagi,KALBURGI,SEDAM,ITKAL,8,8,665.0
KARNATAKA,Kalaburagi,Kalaburagi,KALBURGI,SEDAM,JAKANPALLI,9,9,613.0
KARNATAKA,Kalaburagi,Kalaburagi,KALBURGI,SEDAM,KANAGADDA,8,6,377.0
KARNATAKA,Kalaburagi,Kalaburagi,KALBURGI,SEDAM,KODLA,8,6,1007.0
KARNATAKA,Kalaburagi,Kalaburagi,KALBURGI,SEDAM,KOLKUNDA,6,5,800.0
KARNATAKA,Kalaburagi,Kalaburagi,KALBURGI,SEDAM,KUKKUNDA,6,6,505.0
KARNATAKA,Kalaburagi,Kalaburagi,KALBURGI,SEDAM,KURKUNTA,8,7,573.0
KARNATAKA,Kalaburagi,Kalaburagi,KALBURGI,SEDAM,LINGAMPALLI,14,14,545.0
KARNATAKA,Kalaburagi,Kalaburagi,KALBURGI,SEDAM,MADANA,8,8,519.0
KARNATAKA,Kalaburagi,Kalaburagi,KALBURGI,SEDAM,MADKAL,7,7,324.0
KARNATAKA,Kalaburagi,Kalaburagi,KALBURGI,SEDAM,MALKHED,20,13,1241.0
KARNATAKA,Kalaburagi,Kalaburagi,KALBURGI,SEDAM,MEDAK,7,6,672.0
KARNATAKA,Kalaburagi,Kalaburagi,KALBURGI,SEDAM,MOTAKPALLI,11,10,505.0
KARNATAKA,Kalaburagi,Kalaburagi,KALBURGI,SEDAM,MUDHOL,11,8,1300.0
KARNATAKA,Kalaburagi,Kalaburagi,KALBURGI,SEDAM,NEELHALLI,8,8,894.0
KARNATAKA,Kalaburagi,Kalaburagi,KALBURGI,SEDAM,RANJOL,6,6,403.0
KARNATAKA,Kalaburagi,Kalaburagi,KALBURGI,SEDAM,RIBBANPALLI,8,8,641.0
KARNATAKA,Kalaburagi,Kalaburagi,KALBURGI,SEDAM,SINDANMADU,9,9,655.0
KARNATAKA,Kalaburagi,Kalaburagi,KALBURGI,SEDAM,TELKUR,7,7,449.0
KARNATAKA,Kalaburagi,Kalaburagi,KALBURGI,SEDAM,UOODGI,9,7,1080.0
KARNATAKA,Kalaburagi,Kalaburagi,KALBURGI,SEDAM,YADAGA,8,8,854.0
KARNATAKA,Kalaburagi,Koppal,KOPPAL,GANGAVATHI,AGOLI,3,3,808.0
KARNATAKA,Kalaburagi,Koppal,KOPPAL,GANGAVATHI,ANEGUNDI,9,8,594.0
KARNATAKA,Kalaburagi,Koppal,KOPPAL,GANGAVATHI,BARAGUR,5,4,582.0
KARNATAKA,Kalaburagi,Koppal,KOPPAL,GANGAVATHI,BASAPATTANA,11,9,1046.0
KARNATAKA,Kalaburagi,Koppal,KOPPAL,GANGAVATHI,BASARIHAL,4,4,843.0
KARNATAKA,Kalaburagi,Koppal,KOPPAL,GANGAVATHI,BENNUR,6,6,817.0
KARNATAKA,Kalaburagi,Koppal,KOPPAL,GANGAVATHI,BEVINAL,7,6,503.0
KARNATAKA,Kalaburagi,Koppal,KOPPAL,GANGAVATHI,BOODGUMPA,9,6,551.0
KARNATAKA,Kalaburagi,Koppal,KOPPAL,GANGAVATHI,CHALLUR,4,3,412.0
KARNATAKA,Kalaburagi,Koppal,KOPPAL,GANGAVATHI,CHIKKABENAKAL,12,12,2881.0
KARNATAKA,Kalaburagi,Koppal,KOPPAL,GANGAVATHI,CHIKKADHANAKANAKAL,6,5,587.0
KARNATAKA,Kalaburagi,Koppal,KOPPAL,GANGAVATHI,CHIKKAJANTHAKAL,12,9,910.0
KARNATAKA,Kalaburagi,Koppal,KOPPAL,GANGAVATHI,CHIKKAMADINAL,9,9,1523.0
KARNATAKA,Kalaburagi,Koppal,KOPPAL,GANGAVATHI,DHANAPUR,5,4,517.0
KARNATAKA,Kalaburagi,Koppal,KOPPAL,GANGAVATHI,GOURIPUR,5,5,1121.0
KARNATAKA,Kalaburagi,Koppal,KOPPAL,GANGAVATHI,GUNDUR,9,6,750.0
KARNATAKA,Kalaburagi,Koppal,KOPPAL,GANGAVATHI,HANAVAL,7,5,460.0
KARNATAKA,Kalaburagi,Koppal,KOPPAL,GANGAVATHI,HERUR,5,5,666.0
KARNATAKA,Kalaburagi,Koppal,KOPPAL,GANGAVATHI,HIREKHEDA,7,7,1312.0
KARNATAKA,Kalaburagi,Koppal,KOPPAL,GANGAVATHI,HOSAKERA,5,5,352.0
KARNATAKA,Kalaburagi,Koppal,KOPPAL,GANGAVATHI,HULIHAIDER,12,11,1813.0
KARNATAKA,Kalaburagi,Koppal,KOPPAL,GANGAVATHI,HULKIHAL,8,7,695.0
KARNATAKA,Kalaburagi,Koppal,KOPPAL,GANGAVATHI,JANGAMAR KALGUDI,4,2,421.0
KARNATAKA,Kalaburagi,Koppal,KOPPAL,GANGAVATHI,JIRAL,4,4,560.0
KARNATAKA,Kalaburagi,Koppal,KOPPAL,GANGAVATHI,KARADONA,8,8,1084.0
KARNATAKA,Kalaburagi,Koppal,KOPPAL,GANGAVATHI,KESARAHATTI,11,10,1302.0
KARNATAKA,Kalaburagi,Koppal,KOPPAL,GANGAVATHI,MAILAPUR,6,5,807.0
KARNATAKA,Kalaburagi,Koppal,KOPPAL,GANGAVATHI,MALLAPUR,3,3,475.0
KARNATAKA,Kalaburagi,Koppal,KOPPAL,GANGAVATHI,MARALI,7,5,808.0
KARNATAKA,Kalaburagi,Koppal,KOPPAL,GANGAVATHI,MARLANAHALLI,9,6,437.0
KARNATAKA,Kalaburagi,Koppal,KOPPAL,GANGAVATHI,MUSALAPUR,10,9,1249.0
KARNATAKA,Kalaburagi,Koppal,KOPPAL,GANGAVATHI,MUSHTUR,7,6,295.0
KARNATAKA,Kalaburagi,Koppal,KOPPAL,GANGAVATHI,NAVALI,13,10,1324.0
KARNATAKA,Kalaburagi,Koppal,KOPPAL,GANGAVATHI,SANAPUR,5,4,248.0
KARNATAKA,Kalaburagi,Koppal,KOPPAL,GANGAVATHI,SANGAPUR,9,6,735.0
KARNATAKA,Kalaburagi,Koppal,KOPPAL,GANGAVATHI,SIDDAPUR,13,9,1647.0
KARNATAKA,Kalaburagi,Koppal,KOPPAL,GANGAVATHI,SRIRAMNAGAR,13,8,670.0
KARNATAKA,Kalaburagi,Koppal,KOPPAL,GANGAVATHI,SULEKAL,5,5,1324.0
KARNATAKA,Kalaburagi,Koppal,KOPPAL,GANGAVATHI,ULENUR,5,4,757.0
KARNATAKA,Kalaburagi,Koppal,KOPPAL,GANGAVATHI,VADDARAHATTI,13,8,1048.0
KARNATAKA,Kalaburagi,Koppal,KOPPAL,GANGAVATHI,VENKATAGIRI,13,8,1442.0
KARNATAKA,Kalaburagi,Koppal,KOPPAL,GANGAVATHI,YERADONA,9,7,632.0
KARNATAKA,Kalaburagi,Koppal,KOPPAL,KOPPAL,AGALAKERA,5,4,447.0
KARNATAKA,Kalaburagi,Koppal,KOPPAL,KOPPAL,ALAVANDI,12,9,866.0
KARNATAKA,Kalaburagi,Koppal,KOPPAL,KOPPAL,BAHADDURBANDI,7,7,1394.0
KARNATAKA,Kalaburagi,Koppal,KOPPAL,KOPPAL,BANDIHARLAPUR,6,6,1120.0
KARNATAKA,Kalaburagi,Koppal,KOPPAL,KOPPAL,BETAGERI,4,4,714.0
KARNATAKA,Kalaburagi,Koppal,KOPPAL,KOPPAL,BEVINAHALLI,4,3,570.0
KARNATAKA,Kalaburagi,Koppal,KOPPAL,KOPPAL,BISARALLI,5,4,665.0
KARNATAKA,Kalaburagi,Koppal,KOPPAL,KOPPAL,BOCHANAHALLI,5,5,894.0
KARNATAKA,Kalaburagi,Koppal,KOPPAL,KOPPAL,BOODAGUMPA,10,8,1861.0
KARNATAKA,Kalaburagi,Koppal,KOPPAL,KOPPAL,CHIKKABOMMANAL,7,7,1236.0
KARNATAKA,Kalaburagi,Koppal,KOPPAL,KOPPAL,GINIGERA,12,7,985.0
KARNATAKA,Kalaburagi,Koppal,KOPPAL,KOPPAL,GONDBAL,5,3,782.0
KARNATAKA,Kalaburagi,Koppal,KOPPAL,KOPPAL,GULADALLI,4,3,725.0
KARNATAKA,Kalaburagi,Koppal,KOPPAL,KOPPAL,HALAGERI,6,5,757.0
KARNATAKA,Kalaburagi,Koppal,KOPPAL,KOPPAL,HALAVARTHI,7,4,970.0
KARNATAKA,Kalaburagi,Koppal,KOPPAL,KOPPAL,HASAGAL,10,9,1292.0
KARNATAKA,Kalaburagi,Koppal,KOPPAL,KOPPAL,HATTI,7,6,1081.0
KARNATAKA,Kalaburagi,Koppal,KOPPAL,KOPPAL,HIREBAGNAL,9,7,1821.0
KARNATAKA,Kalaburagi,Koppal,KOPPAL,KOPPAL,HIRESINDHOGI,6,6,1017.0
KARNATAKA,Kalaburagi,Koppal,KOPPAL,KOPPAL,HITNAL,6,5,933.0
KARNATAKA,Kalaburagi,Koppal,KOPPAL,KOPPAL,HOSALLI,7,6,769.0
KARNATAKA,Kalaburagi,Koppal,KOPPAL,KOPPAL,HULIGI,16,8,1295.0
KARNATAKA,Kalaburagi,Koppal,KOPPAL,KOPPAL,INDARAGI,2,1,721.0
KARNATAKA,Kalaburagi,Koppal,KOPPAL,KOPPAL,IRAKALGADA,11,8,1529.0
KARNATAKA,Kalaburagi,Koppal,KOPPAL,KOPPAL,KALAKERA,4,4,838.0
KARNATAKA,Kalaburagi,Koppal,KOPPAL,KOPPAL,KALTAVARAGERI,9,8,1720.0
KARNATAKA,Kalaburagi,Koppal,KOPPAL,KOPPAL,KATHARAKI GUDLANUR,7,6,787.0
KARNATAKA,Kalaburagi,Koppal,KOPPAL,KOPPAL,KAVALOOR,6,5,1113.0
KARNATAKA,Kalaburagi,Koppal,KOPPAL,KOPPAL,KINNAL,7,4,772.0
KARNATAKA,Kalaburagi,Koppal,KOPPAL,KOPPAL,KOLUR,11,8,1082.0
KARNATAKA,Kalaburagi,Koppal,KOPPAL,KOPPAL,KUNIKERI,4,3,867.0
KARNATAKA,Kalaburagi,Koppal,KOPPAL,KOPPAL,LEBAGERI,6,5,1028.0
KARNATAKA,Kalaburagi,Koppal,KOPPAL,KOPPAL,MADINOOR,5,5,355.0
KARNATAKA,Kalaburagi,Koppal,KOPPAL,KOPPAL,MATTUR,6,6,1627.0
KARNATAKA,Kalaburagi,Koppal,KOPPAL,KOPPAL,MUNIRABAD DAM,1,1,70.0
KARNATAKA,Kalaburagi,Koppal,KOPPAL,KOPPAL,OJANAHALLI,9,7,1588.0
KARNATAKA,Kalaburagi,Koppal,KOPPAL,KOPPAL,SHIVPUR,6,4,541.0
KARNATAKA,Kalaburagi,Koppal,KOPPAL,KOPPAL,VANABALLARI,7,7,936.0
KARNATAKA,Kalaburagi,Koppal,KOPPAL,KUSTAGI,ADAVIBHAVI,10,10,1337.0
KARNATAKA,Kalaburagi,Koppal,KOPPAL,KUSTAGI,ANTARATHANA,7,7,529.0
KARNATAKA,Kalaburagi,Koppal,KOPPAL,KUSTAGI,BENAKANAHAL,6,5,1669.0
KARNATAKA,Kalaburagi,Koppal,KOPPAL,KUSTAGI,BIJAKAL,11,11,1950.0
KARNATAKA,Kalaburagi,Koppal,KOPPAL,KUSTAGI,BILEKAL,3,3,642.0
KARNATAKA,Kalaburagi,Koppal,KOPPAL,KUSTAGI,CHALAGERA,7,6,1090.0
KARNATAKA,Kalaburagi,Koppal,KOPPAL,KUSTAGI,DOTIHAL,7,6,803.0
KARNATAKA,Kalaburagi,Koppal,KOPPAL,KUSTAGI,GUMAGERI,3,3,473.0
KARNATAKA,Kalaburagi,Koppal,KOPPAL,KUSTAGI,HABALAKATTI,3,3,613.0
KARNATAKA,Kalaburagi,Koppal,KOPPAL,KUSTAGI,HANUMANAL,7,4,690.0
KARNATAKA,Kalaburagi,Koppal,KOPPAL,KUSTAGI,HANUMASAGAR,15,9,2244.0
KARNATAKA,Kalaburagi,Koppal,KOPPAL,KUSTAGI,HIREBANNIGOL,5,4,841.0
KARNATAKA,Kalaburagi,Koppal,KOPPAL,KUSTAGI,HIREGONNAGAR,5,5,1270.0
KARNATAKA,Kalaburagi,Koppal,KOPPAL,KUSTAGI,HIREMANNAPUR,10,7,1152.0
KARNATAKA,Kalaburagi,Koppal,KOPPAL,KUSTAGI,HIRENANDIHAL,4,4,837.0
KARNATAKA,Kalaburagi,Koppal,KOPPAL,KUSTAGI,HULAGERA,4,4,732.0
KARNATAKA,Kalaburagi,Koppal,KOPPAL,KUSTAGI,JAHAGIRGUDADUR,3,3,574.0
KARNATAKA,Kalaburagi,Koppal,KOPPAL,KUSTAGI,JUMLAPUR,10,10,1647.0
KARNATAKA,Kalaburagi,Koppal,KOPPAL,KUSTAGI,KABBARAGI,4,4,1224.0
KARNATAKA,Kalaburagi,Koppal,KOPPAL,KUSTAGI,KANDAKUR,4,3,1155.0
KARNATAKA,Kalaburagi,Koppal,KOPPAL,KUSTAGI,KATAPUR,4,4,1064.0
KARNATAKA,Kalaburagi,Koppal,KOPPAL,KUSTAGI,KESUR,7,6,547.0
KARNATAKA,Kalaburagi,Koppal,KOPPAL,KUSTAGI,KILARHATTI,13,13,1704.0
KARNATAKA,Kalaburagi,Koppal,KOPPAL,KUSTAGI,KORADAKERA,4,4,1089.0
KARNATAKA,Kalaburagi,Koppal,KOPPAL,KUSTAGI,KYADIGUPPA,4,4,1068.0
KARNATAKA,Kalaburagi,Koppal,KOPPAL,KUSTAGI,LINGADAHALLI,6,6,930.0
KARNATAKA,Kalaburagi,Koppal,KOPPAL,KUSTAGI,MALAGITTI,4,3,774.0
KARNATAKA,Kalaburagi,Koppal,KOPPAL,KUSTAGI,MENEDAL,10,10,1442.0
KARNATAKA,Kalaburagi,Koppal,KOPPAL,KUSTAGI,MUDENOOR,8,6,679.0
KARNATAKA,Kalaburagi,Koppal,KOPPAL,KUSTAGI,NILOGAL,7,6,1268.0
KARNATAKA,Kalaburagi,Koppal,KOPPAL,KUSTAGI,SANGANAL,8,7,1015.0
KARNATAKA,Kalaburagi,Koppal,KOPPAL,KUSTAGI,SHIRAGUMPI,6,6,845.0
KARNATAKA,Kalaburagi,Koppal,KOPPAL,KUSTAGI,TALUVAGERA,7,5,1581.0
KARNATAKA,Kalaburagi,Koppal,KOPPAL,KUSTAGI,TUGGALADONI,5,5,900.0
KARNATAKA,Kalaburagi,Koppal,KOPPAL,KUSTAGI,TUMARIKOPPA,5,5,933.0
KARNATAKA,Kalaburagi,Koppal,KOPPAL,KUSTAGI,YERAGERA,5,5,1107.0
KARNATAKA,Kalaburagi,Koppal,KOPPAL,YELBURGA,BALIGERI,7,7,1057.0
KARNATAKA,Kalaburagi,Koppal,KOPPAL,YELBURGA,BANDI,8,7,1056.0
KARNATAKA,Kalaburagi,Koppal,KOPPAL,YELBURGA,BANNIKOPPA,5,5,626.0
KARNATAKA,Kalaburagi,Koppal,KOPPAL,YELBURGA,BELLUTAGI,8,8,1625.0
KARNATAKA,Kalaburagi,Koppal,KOPPAL,YELBURGA,BENAKAL,2,2,329.0
KARNATAKA,Kalaburagi,Koppal,KOPPAL,YELBURGA,BEVOOR,8,5,1187.0
KARNATAKA,Kalaburagi,Koppal,KOPPAL,YELBURGA,BHANAPUR,5,5,608.0
KARNATAKA,Kalaburagi,Koppal,KOPPAL,YELBURGA,BHUDURA,6,6,830.0
KARNATAKA,Kalaburagi,Koppal,KOPPAL,YELBURGA,CHIKKAMYAGERI,9,7,1228.0
KARNATAKA,Kalaburagi,Koppal,KOPPAL,YELBURGA,GADDIGERI,11,11,1560.0
KARNATAKA,Kalaburagi,Koppal,KOPPAL,YELBURGA,GANADAL,4,4,1600.0
KARNATAKA,Kalaburagi,Koppal,KOPPAL,YELBURGA,GUNNAL,7,5,1378.0
KARNATAKA,Kalaburagi,Koppal,KOPPAL,YELBURGA,HIREARALIHALLI,11,8,1653.0
KARNATAKA,Kalaburagi,Koppal,KOPPAL,YELBURGA,HIREBIDANAL,5,5,587.0
KARNATAKA,Kalaburagi,Koppal,KOPPAL,YELBURGA,HIREMYAGERI,2,2,768.0
KARNATAKA,Kalaburagi,Koppal,KOPPAL,YELBURGA,HIREVANKALAKUNTA,12,9,1538.0
KARNATAKA,Kalaburagi,Koppal,KOPPAL,YELBURGA,ITAGI,7,5,831.0
KARNATAKA,Kalaburagi,Koppal,KOPPAL,YELBURGA,KALLUR,1,1,518.0
KARNATAKA,Kalaburagi,Koppal,KOPPAL,YELBURGA,KARMUDI,4,4,842.0
KARNATAKA,Kalaburagi,Koppal,KOPPAL,YELBURGA,KUDARIMOTHI,8,5,1598.0
KARNATAKA,Kalaburagi,Koppal,KOPPAL,YELBURGA,MANDALAGERI,4,4,508.0
KARNATAKA,Kalaburagi,Koppal,KOPPAL,YELBURGA,MANGALUR,14,8,1432.0
KARNATAKA,Kalaburagi,Koppal,KOPPAL,YELBURGA,MASABAHANCHINAL,3,3,513.0
KARNATAKA,Kalaburagi,Koppal,KOPPAL,YELBURGA,MATALADINNI,7,7,1262.0
KARNATAKA,Kalaburagi,Koppal,KOPPAL,YELBURGA,MUDHOL,6,4,708.0
KARNATAKA,Kalaburagi,Koppal,KOPPAL,YELBURGA,MURADI,8,7,1585.0
KARNATAKA,Kalaburagi,Koppal,KOPPAL,YELBURGA,NELZERI,3,3,1020.0
KARNATAKA,Kalaburagi,Koppal,KOPPAL,YELBURGA,RAJOOR,4,4,589.0
KARNATAKA,Kalaburagi,Koppal,KOPPAL,YELBURGA,SANGANAHAL,3,3,326.0
KARNATAKA,Kalaburagi,Koppal,KOPPAL,YELBURGA,SANKANOORU,4,4,536.0
KARNATAKA,Kalaburagi,Koppal,KOPPAL,YELBURGA,SHIRUR,6,5,998.0
KARNATAKA,Kalaburagi,Koppal,KOPPAL,YELBURGA,TALAKAL,8,6,1182.0
KARNATAKA,Kalaburagi,Koppal,KOPPAL,YELBURGA,TALIKERI,8,7,1271.0
KARNATAKA,Kalaburagi,Koppal,KOPPAL,YELBURGA,TUMMARAGUDDHI,3,3,1139.0
KARNATAKA,Kalaburagi,Koppal,KOPPAL,YELBURGA,VAJRABANDI,6,6,1303.0
KARNATAKA,Kalaburagi,Koppal,KOPPAL,YELBURGA,VANAGERI,5,3,851.0
KARNATAKA,Kalaburagi,Koppal,KOPPAL,YELBURGA,YEREHANCHINAL,7,5,482.0
KARNATAKA,Kalaburagi,Raichur,RAICHUR,DEVADURGA,ALKOD,11,11,1546.0
KARNATAKA,Kalaburagi,Raichur,RAICHUR,DEVADURGA,AMARAPUR,8,8,832.0
KARNATAKA,Kalaburagi,Raichur,RAICHUR,DEVADURGA,ARKERA,15,12,2010.0
KARNATAKA,Kalaburagi,Raichur,RAICHUR,DEVADURGA,B.GANEKAL,13,11,1266.0
KARNATAKA,Kalaburagi,Raichur,RAICHUR,DEVADURGA,BHUMANAGUNDA,9,9,1170.0
KARNATAKA,Kalaburagi,Raichur,RAICHUR,DEVADURGA,CHINCHODI,8,7,1547.0
KARNATAKA,Kalaburagi,Raichur,RAICHUR,DEVADURGA,DONDAMBLI,10,9,1249.0
KARNATAKA,Kalaburagi,Raichur,RAICHUR,DEVADURGA,GABBUR,11,6,1233.0
KARNATAKA,Kalaburagi,Raichur,RAICHUR,DEVADURGA,GALAGA,16,14,1581.0
KARNATAKA,Kalaburagi,Raichur,RAICHUR,DEVADURGA,GANADHAL (DEODURGA),8,5,873.0
KARNATAKA,Kalaburagi,Raichur,RAICHUR,DEVADURGA,GUGAL,10,7,730.0
KARNATAKA,Kalaburagi,Raichur,RAICHUR,DEVADURGA,HEMANAL,8,8,674.0
KARNATAKA,Kalaburagi,Raichur,RAICHUR,DEVADURGA,HIREBUDUR,7,6,519.0
KARNATAKA,Kalaburagi,Raichur,RAICHUR,DEVADURGA,HOSUR SIDDAPUR,5,5,999.0
KARNATAKA,Kalaburagi,Raichur,RAICHUR,DEVADURGA,JAGIRAJADALADINNI,6,5,853.0
KARNATAKA,Kalaburagi,Raichur,RAICHUR,DEVADURGA,JALAHALLI,18,13,1815.0
KARNATAKA,Kalaburagi,Raichur,RAICHUR,DEVADURGA,JEERABANDI,11,9,644.0
KARNATAKA,Kalaburagi,Raichur,RAICHUR,DEVADURGA,K.IRABGERA,20,16,1686.0
KARNATAKA,Kalaburagi,Raichur,RAICHUR,DEVADURGA,KARADIGUDDA,6,6,880.0
KARNATAKA,Kalaburagi,Raichur,RAICHUR,DEVADURGA,KARIGUDDA,15,15,1421.0
KARNATAKA,Kalaburagi,Raichur,RAICHUR,DEVADURGA,KOPPAR,9,8,1322.0
KARNATAKA,Kalaburagi,Raichur,RAICHUR,DEVADURGA,KOTHADODDI,16,15,2100.0
KARNATAKA,Kalaburagi,Raichur,RAICHUR,DEVADURGA,KYADIGERA,18,18,1276.0
KARNATAKA,Kalaburagi,Raichur,RAICHUR,DEVADURGA,MALADAKAL,7,6,1066.0
KARNATAKA,Kalaburagi,Raichur,RAICHUR,DEVADURGA,MALLEDEVARAGUDDA,8,8,729.0
KARNATAKA,Kalaburagi,Raichur,RAICHUR,DEVADURGA,MASARKAL,11,9,1305.0
KARNATAKA,Kalaburagi,Raichur,RAICHUR,DEVADURGA,MUNDARAGI,11,10,971.0
KARNATAKA,Kalaburagi,Raichur,RAICHUR,DEVADURGA,MUSTUR,11,11,1754.0
KARNATAKA,Kalaburagi,Raichur,RAICHUR,DEVADURGA,NAGADADINNI,5,5,990.0
KARNATAKA,Kalaburagi,Raichur,RAICHUR,DEVADURGA,PALAKANAMARDI,7,7,1876.0
KARNATAKA,Kalaburagi,Raichur,RAICHUR,DEVADURGA,RAMADURGA,8,5,815.0
KARNATAKA,Kalaburagi,Raichur,RAICHUR,DEVADURGA,SHAVANTAGERA,8,8,814.0
KARNATAKA,Kalaburagi,Raichur,RAICHUR,DEVADURGA,SOMANAMARADI,7,7,917.0
KARNATAKA,Kalaburagi,Raichur,RAICHUR,LINGASUGUR,AMADIHAL,7,5,872.0
KARNATAKA,Kalaburagi,Raichur,RAICHUR,LINGASUGUR,ANAHOSUR,5,2,333.0
KARNATAKA,Kalaburagi,Raichur,RAICHUR,LINGASUGUR,ANKUSHADODDI,8,8,1031.0
KARNATAKA,Kalaburagi,Raichur,RAICHUR,LINGASUGUR,ANWARI,5,4,929.0
KARNATAKA,Kalaburagi,Raichur,RAICHUR,LINGASUGUR,BANNIGOL,6,6,835.0
KARNATAKA,Kalaburagi,Raichur,RAICHUR,LINGASUGUR,BAYYAPUR,10,10,1150.0
KARNATAKA,Kalaburagi,Raichur,RAICHUR,LINGASUGUR,CHITTAPURA,6,6,954.0
KARNATAKA,Kalaburagi,Raichur,RAICHUR,LINGASUGUR,DEVARABHUPUR,11,10,1640.0
KARNATAKA,Kalaburagi,Raichur,RAICHUR,LINGASUGUR,DIGGANAYAKANABHAVI,9,9,990.0
KARNATAKA,Kalaburagi,Raichur,RAICHUR,LINGASUGUR,EACHANAL,7,6,693.0
KARNATAKA,Kalaburagi,Raichur,RAICHUR,LINGASUGUR,GEJJALAGATTA,7,7,850.0
KARNATAKA,Kalaburagi,Raichur,RAICHUR,LINGASUGUR,GOREBAL,9,8,1568.0
KARNATAKA,Kalaburagi,Raichur,RAICHUR,LINGASUGUR,GOUDUR,8,7,1065.0
KARNATAKA,Kalaburagi,Raichur,RAICHUR,LINGASUGUR,GUNDA,1,1,47.0
KARNATAKA,Kalaburagi,Raichur,RAICHUR,LINGASUGUR,GUNTAGOL,11,11,1968.0
KARNATAKA,Kalaburagi,Raichur,RAICHUR,LINGASUGUR,GURUGUNTA,32,27,2575.0
KARNATAKA,Kalaburagi,Raichur,RAICHUR,LINGASUGUR,HALKAVATAGI,4,4,624.0
KARNATAKA,Kalaburagi,Raichur,RAICHUR,LINGASUGUR,HONNALLI,4,3,801.0
KARNATAKA,Kalaburagi,Raichur,RAICHUR,LINGASUGUR,HUNUR,10,10,933.0
KARNATAKA,Kalaburagi,Raichur,RAICHUR,LINGASUGUR,KACHAPUR,3,3,762.0
KARNATAKA,Kalaburagi,Raichur,RAICHUR,LINGASUGUR,KALAPUR,11,11,2170.0
KARNATAKA,Kalaburagi,Raichur,RAICHUR,LINGASUGUR,KANNAL,13,11,830.0
KARNATAKA,Kalaburagi,Raichur,RAICHUR,LINGASUGUR,KHAIRAWADGI,6,6,783.0
KARNATAKA,Kalaburagi,Raichur,RAICHUR,LINGASUGUR,KOTA,5,4,1139.0
KARNATAKA,Kalaburagi,Raichur,RAICHUR,LINGASUGUR,MARALADINNI,9,9,800.0
KARNATAKA,Kalaburagi,Raichur,RAICHUR,LINGASUGUR,MATTUR,9,9,983.0
KARNATAKA,Kalaburagi,Raichur,RAICHUR,LINGASUGUR,MAVINABHAI,5,5,1346.0
KARNATAKA,Kalaburagi,Raichur,RAICHUR,LINGASUGUR,MEDAKINAL,11,10,1260.0
KARNATAKA,Kalaburagi,Raichur,RAICHUR,LINGASUGUR,NAGARAL,7,3,625.0
KARNATAKA,Kalaburagi,Raichur,RAICHUR,LINGASUGUR,NAGLAPUR,15,13,1537.0
KARNATAKA,Kalaburagi,Raichur,RAICHUR,LINGASUGUR,NARAKALADINNI,7,6,674.0
KARNATAKA,Kalaburagi,Raichur,RAICHUR,LINGASUGUR,NEERANAKERA,5,5,969.0
KARNATAKA,Kalaburagi,Raichur,RAICHUR,LINGASUGUR,PAIDODDI,9,9,1528.0
KARNATAKA,Kalaburagi,Raichur,RAICHUR,LINGASUGUR,RODALABANDA,11,9,1433.0
KARNATAKA,Kalaburagi,Raichur,RAICHUR,LINGASUGUR,RODALABANDA (U.K.P.),4,4,599.0
KARNATAKA,Kalaburagi,Raichur,RAICHUR,LINGASUGUR,SANTHEKALLUR,6,5,791.0
KARNATAKA,Kalaburagi,Raichur,RAICHUR,LINGASUGUR,SARJAPUR,5,4,710.0
KARNATAKA,Kalaburagi,Raichur,RAICHUR,LINGASUGUR,TELEKHAN,11,10,961.0
KARNATAKA,Kalaburagi,Raichur,RAICHUR,LINGASUGUR,UPPARNANDIHAL,5,4,610.0
KARNATAKA,Kalaburagi,Raichur,RAICHUR,MANVI,AMEENAGADA,6,5,636.0
KARNATAKA,Kalaburagi,Raichur,RAICHUR,MANVI,AROLI,4,4,1384.0
KARNATAKA,Kalaburagi,Raichur,RAICHUR,MANVI,ATHANUR,8,6,705.0
KARNATAKA,Kalaburagi,Raichur,RAICHUR,MANVI,BAGALAWAD,15,10,1439.0
KARNATAKA,Kalaburagi,Raichur,RAICHUR,MANVI,BALLATAGI,9,6,731.0
KARNATAKA,Kalaburagi,Raichur,RAICHUR,MANVI,BAPPUR,1,1,319.0
KARNATAKA,Kalaburagi,Raichur,RAICHUR,MANVI,BHOGAVATHI,5,4,440.0
KARNATAKA,Kalaburagi,Raichur,RAICHUR,MANVI,BYAGAVATA,5,4,960.0
KARNATAKA,Kalaburagi,Raichur,RAICHUR,MANVI,CHAGABHAVI,10,9,1041.0
KARNATAKA,Kalaburagi,Raichur,RAICHUR,MANVI,CHICKKOTNEKAL,9,8,710.0
KARNATAKA,Kalaburagi,Raichur,RAICHUR,MANVI,CHINCHARAKI,3,3,309.0
KARNATAKA,Kalaburagi,Raichur,RAICHUR,MANVI,GANADINNI,5,5,833.0
KARNATAKA,Kalaburagi,Raichur,RAICHUR,MANVI,GORKAL,11,9,1505.0
KARNATAKA,Kalaburagi,Raichur,RAICHUR,MANVI,GUDADINNI .K,6,4,194.0
KARNATAKA,Kalaburagi,Raichur,RAICHUR,MANVI,GUNDA,1,1,152.0
KARNATAKA,Kalaburagi,Raichur,RAICHUR,MANVI,HALAPUR,7,7,442.0
KARNATAKA,Kalaburagi,Raichur,RAICHUR,MANVI,HARAVI,10,7,959.0
KARNATAKA,Kalaburagi,Raichur,RAICHUR,MANVI,HEERA,9,8,1074.0
KARNATAKA,Kalaburagi,Raichur,RAICHUR,MANVI,HIREHANAGI,7,7,887.0
KARNATAKA,Kalaburagi,Raichur,RAICHUR,MANVI,HIREKOTNEKAL,9,8,767.0
KARNATAKA,Kalaburagi,Raichur,RAICHUR,MANVI,JANEKAL,4,4,677.0
KARNATAKA,Kalaburagi,Raichur,RAICHUR,MANVI,KALLUR,11,9,1398.0
KARNATAKA,Kalaburagi,Raichur,RAICHUR,MANVI,KAPGAL,6,6,734.0
KARNATAKA,Kalaburagi,Raichur,RAICHUR,MANVI,KURDI,7,5,929.0
KARNATAKA,Kalaburagi,Raichur,RAICHUR,MANVI,MADAGIRI,8,6,828.0
KARNATAKA,Kalaburagi,Raichur,RAICHUR,MANVI,MADLAPUR,15,14,1853.0
KARNATAKA,Kalaburagi,Raichur,RAICHUR,MANVI,MALLADAGUDDA,1,1,557.0
KARNATAKA,Kalaburagi,Raichur,RAICHUR,MANVI,MALLAT,15,13,1586.0
KARNATAKA,Kalaburagi,Raichur,RAICHUR,MANVI,NAKKUNDI,3,2,487.0
KARNATAKA,Kalaburagi,Raichur,RAICHUR,MANVI,NAVALAKAL,9,8,1170.0
KARNATAKA,Kalaburagi,Raichur,RAICHUR,MANVI,NIRMANVI,10,7,1183.0
KARNATAKA,Kalaburagi,Raichur,RAICHUR,MANVI,PAMANAKALLUR,21,16,1708.0
KARNATAKA,Kalaburagi,Raichur,RAICHUR,MANVI,POTHNAL,19,12,1257.0
KARNATAKA,Kalaburagi,Raichur,RAICHUR,MANVI,SADAPUR,4,4,761.0
KARNATAKA,Kalaburagi,Raichur,RAICHUR,MANVI,SANGAPUR,7,7,772.0
KARNATAKA,Kalaburagi,Raichur,RAICHUR,MANVI,SUNKESHWAR,5,5,913.0
KARNATAKA,Kalaburagi,Raichur,RAICHUR,MANVI,TORANADINNI,9,6,607.0
KARNATAKA,Kalaburagi,Raichur,RAICHUR,MANVI,UTAKANUR,6,5,814.0
KARNATAKA,Kalaburagi,Raichur,RAICHUR,MANVI,VATAGAL,6,3,443.0
KARNATAKA,Kalaburagi,Raichur,RAICHUR,RAICHUR,ATHKOOR,6,6,1465.0
KARNATAKA,Kalaburagi,Raichur,RAICHUR,RAICHUR,BAIDODDI,5,5,746.0
KARNATAKA,Kalaburagi,Raichur,RAICHUR,RAICHUR,BICHALI,10,10,1656.0
KARNATAKA,Kalaburagi,Raichur,RAICHUR,RAICHUR,BIJANGERA,9,6,1315.0
KARNATAKA,Kalaburagi,Raichur,RAICHUR,RAICHUR,CHANDRABANDA,8,8,1743.0
KARNATAKA,Kalaburagi,Raichur,RAICHUR,RAICHUR,CHICKSUGUR,8,5,583.0
KARNATAKA,Kalaburagi,Raichur,RAICHUR,RAICHUR,DEVASUGUR,13,5,919.0
KARNATAKA,Kalaburagi,Raichur,RAICHUR,RAICHUR,GANADHAL,6,6,1296.0
KARNATAKA,Kalaburagi,Raichur,RAICHUR,RAICHUR,GILLESUGUR,13,11,1792.0
KARNATAKA,Kalaburagi,Raichur,RAICHUR,RAICHUR,GUNJALLI,3,3,672.0
KARNATAKA,Kalaburagi,Raichur,RAICHUR,RAICHUR,HEERAPURA,6,5,950.0
KARNATAKA,Kalaburagi,Raichur,RAICHUR,RAICHUR,IDAPANUR,7,7,1319.0
KARNATAKA,Kalaburagi,Raichur,RAICHUR,RAICHUR,JAGIR VENKATAPUR,8,7,912.0
KARNATAKA,Kalaburagi,Raichur,RAICHUR,RAICHUR,JAMBALADINNI,8,8,1241.0
KARNATAKA,Kalaburagi,Raichur,RAICHUR,RAICHUR,JEGARKAL,5,4,648.0
KARNATAKA,Kalaburagi,Raichur,RAICHUR,RAICHUR,KADLOOR,9,8,768.0
KARNATAKA,Kalaburagi,Raichur,RAICHUR,RAICHUR,KALMALA,7,6,743.0
KARNATAKA,Kalaburagi,Raichur,RAICHUR,RAICHUR,KAMLAPUR,7,7,1467.0
KARNATAKA,Kalaburagi,Raichur,RAICHUR,RAICHUR,LINGANAKHANADODI,7,6,1343.0
KARNATAKA,Kalaburagi,Raichur,RAICHUR,RAICHUR,MAMDAPUR,7,5,668.0
KARNATAKA,Kalaburagi,Raichur,RAICHUR,RAICHUR,MANCHLAPUR,6,5,1140.0
KARNATAKA,Kalaburagi,Raichur,RAICHUR,RAICHUR,MARCHATHAL,5,5,1306.0
KARNATAKA,Kalaburagi,Raichur,RAICHUR,RAICHUR,MATMARI,6,5,819.0
KARNATAKA,Kalaburagi,Raichur,RAICHUR,RAICHUR,MITTIMALKAPUR,6,4,1378.0
KARNATAKA,Kalaburagi,Raichur,RAICHUR,RAICHUR,NADIGADDI MALKAPURA,4,4,447.0
KARNATAKA,Kalaburagi,Raichur,RAICHUR,RAICHUR,PURTHIPLI,4,3,672.0
KARNATAKA,Kalaburagi,Raichur,RAICHUR,RAICHUR,SAGAMAKUNTA,5,5,1687.0
KARNATAKA,Kalaburagi,Raichur,RAICHUR,RAICHUR,SHAKWADI,4,4,722.0
KARNATAKA,Kalaburagi,Raichur,RAICHUR,RAICHUR,SINGANODI,7,6,1512.0
KARNATAKA,Kalaburagi,Raichur,RAICHUR,RAICHUR,TALMARI,3,3,672.0
KARNATAKA,Kalaburagi,Raichur,RAICHUR,RAICHUR,UDAMAGAL,8,7,697.0
KARNATAKA,Kalaburagi,Raichur,RAICHUR,RAICHUR,YADLAPUR,7,6,994.0
KARNATAKA,Kalaburagi,Raichur,RAICHUR,RAICHUR,YAPALADINNI,17,14,3107.0
KARNATAKA,Kalaburagi,Raichur,RAICHUR,RAICHUR,YERGERA,12,8,2089.0
KARNATAKA,Kalaburagi,Raichur,RAICHUR,SINDHANUR,ALABANUR,10,7,698.0
KARNATAKA,Kalaburagi,Raichur,RAICHUR,SINDHANUR,BADARLI,9,8,1033.0
KARNATAKA,Kalaburagi,Raichur,RAICHUR,SINDHANUR,BAPPUR,6,6,735.0
KARNATAKA,Kalaburagi,Raichur,RAICHUR,SINDHANUR,BASSAPUR K.,4,3,265.0
KARNATAKA,Kalaburagi,Raichur,RAICHUR,SINDHANUR,BHOOTALADINNI,8,8,581.0
KARNATAKA,Kalaburagi,Raichur,RAICHUR,SINDHANUR,CHENNALLI,6,4,639.0
KARNATAKA,Kalaburagi,Raichur,RAICHUR,SINDHANUR,DEVARAGUDI,10,7,617.0
KARNATAKA,Kalaburagi,Raichur,RAICHUR,SINDHANUR,DHADESUGUR,8,4,734.0
KARNATAKA,Kalaburagi,Raichur,RAICHUR,SINDHANUR,GANDHINAGAR,10,6,907.0
KARNATAKA,Kalaburagi,Raichur,RAICHUR,SINDHANUR,GONAWARA,7,5,600.0
KARNATAKA,Kalaburagi,Raichur,RAICHUR,SINDHANUR,GOREBAL,15,9,968.0
KARNATAKA,Kalaburagi,Raichur,RAICHUR,SINDHANUR,GOUDANABHAVI,10,9,718.0
KARNATAKA,Kalaburagi,Raichur,RAICHUR,SINDHANUR,GUDADUR,11,10,838.0
KARNATAKA,Kalaburagi,Raichur,RAICHUR,SINDHANUR,GUNDA,15,15,1460.0
KARNATAKA,Kalaburagi,Raichur,RAICHUR,SINDHANUR,GUNJALLI,9,7,901.0
KARNATAKA,Kalaburagi,Raichur,RAICHUR,SINDHANUR,HEDAGINALA,6,6,1071.0
KARNATAKA,Kalaburagi,Raichur,RAICHUR,SINDHANUR,HOSALLI E.J.,16,10,1097.0
KARNATAKA,Kalaburagi,Raichur,RAICHUR,SINDHANUR,JALIHAL,8,7,823.0
KARNATAKA,Kalaburagi,Raichur,RAICHUR,SINDHANUR,JAVALGERA,30,20,2726.0
KARNATAKA,Kalaburagi,Raichur,RAICHUR,SINDHANUR,KALMANGI,5,4,900.0
KARNATAKA,Kalaburagi,Raichur,RAICHUR,SINDHANUR,KOLBAL,9,6,593.0
KARNATAKA,Kalaburagi,Raichur,RAICHUR,SINDHANUR,MADASIRWAR,6,5,916.0
KARNATAKA,Kalaburagi,Raichur,RAICHUR,SINDHANUR,MUKKUNDA,8,7,1251.0
KARNATAKA,Kalaburagi,Raichur,RAICHUR,SINDHANUR,PAGADADINNI,12,10,1010.0
KARNATAKA,Kalaburagi,Raichur,RAICHUR,SINDHANUR,R.H.CAMP,1,0,
KARNATAKA,Kalaburagi,Raichur,RAICHUR,SINDHANUR,RAGALAPARVI,7,6,941.0
KARNATAKA,Kalaburagi,Raichur,RAICHUR,SINDHANUR,RAMATHNAL,8,7,1002.0
KARNATAKA,Kalaburagi,Raichur,RAICHUR,SINDHANUR,ROUDAKUNDA,5,5,900.0
KARNATAKA,Kalaburagi,Raichur,RAICHUR,SINDHANUR,SALAGUNDA,5,4,1088.0
KARNATAKA,Kalaburagi,Raichur,RAICHUR,SINDHANUR,SOMALAPUR,9,7,1212.0
KARNATAKA,Kalaburagi,Raichur,RAICHUR,SINDHANUR,TIDIGOL,14,10,1061.0
KARNATAKA,Kalaburagi,Raichur,RAICHUR,SINDHANUR,UDBAL (U),7,7,934.0
KARNATAKA,Kalaburagi,Raichur,RAICHUR,SINDHANUR,UMALOTI,11,10,1497.0
KARNATAKA,Kalaburagi,Raichur,RAICHUR,SINDHANUR,VALA BALLARY,6,4,899.0
KARNATAKA,Kalaburagi,Raichur,RAICHUR,SINDHANUR,VATAGAL,1,1,163.0
KARNATAKA,Kalaburagi,Raichur,RAICHUR,SINDHANUR,VIRUPAPUR,5,4,919.0
KARNATAKA,Kalaburagi,Raichur,RAICHUR,SINDHANUR,YELEKUDLAGI,8,5,425.0
KARNATAKA,Kalaburagi,Vijayanagara,VIJAYANAGARA,HADAGALI,BIRABBI,6,6,378.0
KARNATAKA,Kalaburagi,Vijayanagara,VIJAYANAGARA,HADAGALI,DASANAHALLI,5,3,348.0
KARNATAKA,Kalaburagi,Vijayanagara,VIJAYANAGARA,HADAGALI,DEVAGONDANAHALLI,7,7,844.0
KARNATAKA,Kalaburagi,Vijayanagara,VIJAYANAGARA,HADAGALI,HAGARANUR,6,6,732.0
KARNATAKA,Kalaburagi,Vijayanagara,VIJAYANAGARA,HADAGALI,HIRE HADAGALI,11,7,1091.0
KARNATAKA,Kalaburagi,Vijayanagara,VIJAYANAGARA,HADAGALI,HIREMALLANAKERI,7,6,1077.0
KARNATAKA,Kalaburagi,Vijayanagara,VIJAYANAGARA,HADAGALI,HOLAGUNDI,9,5,615.0
KARNATAKA,Kalaburagi,Vijayanagara,VIJAYANAGARA,HADAGALI,HOLALU,13,8,605.0
KARNATAKA,Kalaburagi,Vijayanagara,VIJAYANAGARA,HADAGALI,ITTIGI,8,6,867.0
KARNATAKA,Kalaburagi,Vijayanagara,VIJAYANAGARA,HADAGALI,K.AYYANAHALLI,7,6,555.0
KARNATAKA,Kalaburagi,Vijayanagara,VIJAYANAGARA,HADAGALI,KALVI,9,8,910.0
KARNATAKA,Kalaburagi,Vijayanagara,VIJAYANAGARA,HADAGALI,KATTEBENNUR,9,8,834.0
KARNATAKA,Kalaburagi,Vijayanagara,VIJAYANAGARA,HADAGALI,KOMBALI,7,7,674.0
KARNATAKA,Kalaburagi,Vijayanagara,VIJAYANAGARA,HADAGALI,KURUVATTHI,6,6,944.0
KARNATAKA,Kalaburagi,Vijayanagara,VIJAYANAGARA,HADAGALI,MAGALA,2,2,604.0
KARNATAKA,Kalaburagi,Vijayanagara,VIJAYANAGARA,HADAGALI,MAHAJANADAHALLI,7,6,719.0
KARNATAKA,Kalaburagi,Vijayanagara,VIJAYANAGARA,HADAGALI,MAKARABBI,3,3,261.0
KARNATAKA,Kalaburagi,Vijayanagara,VIJAYANAGARA,HADAGALI,MANYARAMASALAVADA,5,4,814.0
KARNATAKA,Kalaburagi,Vijayanagara,VIJAYANAGARA,HADAGALI,MYLARA,9,8,766.0
KARNATAKA,Kalaburagi,Vijayanagara,VIJAYANAGARA,HADAGALI,NAGATI BASAPURA,6,3,605.0
KARNATAKA,Kalaburagi,Vijayanagara,VIJAYANAGARA,HADAGALI,NANDIHALLI,6,5,665.0
KARNATAKA,Kalaburagi,Vijayanagara,VIJAYANAGARA,HADAGALI,NAVALI,6,6,782.0
KARNATAKA,Kalaburagi,Vijayanagara,VIJAYANAGARA,HADAGALI,SOGI,9,7,874.0
KARNATAKA,Kalaburagi,Vijayanagara,VIJAYANAGARA,HADAGALI,SOVENAHALLI,7,6,532.0
KARNATAKA,Kalaburagi,Vijayanagara,VIJAYANAGARA,HADAGALI,UTTANGI,4,2,365.0
KARNATAKA,Kalaburagi,Vijayanagara,VIJAYANAGARA,HAGARIBOMMANAHALLI,ALABUR,3,3,400.0
KARNATAKA,Kalaburagi,Vijayanagara,VIJAYANAGARA,HAGARIBOMMANAHALLI,AMBALI,6,5,535.0
KARNATAKA,Kalaburagi,Vijayanagara,VIJAYANAGARA,HAGARIBOMMANAHALLI,BACHIGUNDANAHALLI,7,6,1346.0
KARNATAKA,Kalaburagi,Vijayanagara,VIJAYANAGARA,HAGARIBOMMANAHALLI,BANNIGOLA,7,6,1018.0
KARNATAKA,Kalaburagi,Vijayanagara,VIJAYANAGARA,HAGARIBOMMANAHALLI,BANNIKALLU,6,5,577.0
KARNATAKA,Kalaburagi,Vijayanagara,VIJAYANAGARA,HAGARIBOMMANAHALLI,BASIGIDERI,14,11,1202.0
KARNATAKA,Kalaburagi,Vijayanagara,VIJAYANAGARA,HAGARIBOMMANAHALLI,BENAKAL,5,4,879.0
KARNATAKA,Kalaburagi,Vijayanagara,VIJAYANAGARA,HAGARIBOMMANAHALLI,DASAMAPURA,7,4,754.0
KARNATAKA,Kalaburagi,Vijayanagara,VIJAYANAGARA,HAGARIBOMMANAHALLI,GADDHIKERI,2,2,546.0
KARNATAKA,Kalaburagi,Vijayanagara,VIJAYANAGARA,HAGARIBOMMANAHALLI,HALAGAPURA,6,5,1111.0
KARNATAKA,Kalaburagi,Vijayanagara,VIJAYANAGARA,HAGARIBOMMANAHALLI,HAMPAPATNA,8,6,1412.0
KARNATAKA,Kalaburagi,Vijayanagara,VIJAYANAGARA,HAGARIBOMMANAHALLI,HAMPASAGAR,14,10,1504.0
KARNATAKA,Kalaburagi,Vijayanagara,VIJAYANAGARA,HAGARIBOMMANAHALLI,HANSI,6,5,777.0
KARNATAKA,Kalaburagi,Vijayanagara,VIJAYANAGARA,HAGARIBOMMANAHALLI,KADLEBALU,7,6,533.0
KARNATAKA,Kalaburagi,Vijayanagara,VIJAYANAGARA,HAGARIBOMMANAHALLI,KOGALI,4,3,872.0
KARNATAKA,Kalaburagi,Vijayanagara,VIJAYANAGARA,HAGARIBOMMANAHALLI,MADHURU,6,6,1131.0
KARNATAKA,Kalaburagi,Vijayanagara,VIJAYANAGARA,HAGARIBOMMANAHALLI,MALVI,3,2,612.0
KARNATAKA,Kalaburagi,Vijayanagara,VIJAYANAGARA,HAGARIBOMMANAHALLI,MORABBIHAL,10,8,1694.0
KARNATAKA,Kalaburagi,Vijayanagara,VIJAYANAGARA,HAGARIBOMMANAHALLI,MURAGERI,4,2,554.0
KARNATAKA,Kalaburagi,Vijayanagara,VIJAYANAGARA,HAGARIBOMMANAHALLI,MUTHKUR-KITHNUR,4,4,677.0
KARNATAKA,Kalaburagi,Vijayanagara,VIJAYANAGARA,HAGARIBOMMANAHALLI,NELKUDRI-1,7,7,669.0
KARNATAKA,Kalaburagi,Vijayanagara,VIJAYANAGARA,HAGARIBOMMANAHALLI,SONNA,4,4,1032.0
KARNATAKA,Kalaburagi,Vijayanagara,VIJAYANAGARA,HAGARIBOMMANAHALLI,THAMBRALLI,5,4,881.0
KARNATAKA,Kalaburagi,Vijayanagara,VIJAYANAGARA,HAGARIBOMMANAHALLI,VALLABHAPURA,6,6,845.0
KARNATAKA,Kalaburagi,Vijayanagara,VIJAYANAGARA,HARAPANAHALLI,ADAVIHALLI,8,6,821.0
KARNATAKA,Kalaburagi,Vijayanagara,VIJAYANAGARA,HARAPANAHALLI,ANAJIGERE,10,9,674.0
KARNATAKA,Kalaburagi,Vijayanagara,VIJAYANAGARA,HARAPANAHALLI,ARASIKERI,8,6,802.0
KARNATAKA,Kalaburagi,Vijayanagara,VIJAYANAGARA,HARAPANAHALLI,BENNEHALLI,13,12,785.0
KARNATAKA,Kalaburagi,Vijayanagara,VIJAYANAGARA,HARAPANAHALLI,BHAGALI,7,6,742.0
KARNATAKA,Kalaburagi,Vijayanagara,VIJAYANAGARA,HARAPANAHALLI,CHATNIHALLI,11,11,688.0
KARNATAKA,Kalaburagi,Vijayanagara,VIJAYANAGARA,HARAPANAHALLI,CHIGATERI,4,3,714.0
KARNATAKA,Kalaburagi,Vijayanagara,VIJAYANAGARA,HARAPANAHALLI,CHIRASTHAHALLI,5,5,526.0
KARNATAKA,Kalaburagi,Vijayanagara,VIJAYANAGARA,HARAPANAHALLI,DUGGAVATHI,2,1,419.0
KARNATAKA,Kalaburagi,Vijayanagara,VIJAYANAGARA,HARAPANAHALLI,GUNDAGATTI,5,4,466.0
KARNATAKA,Kalaburagi,Vijayanagara,VIJAYANAGARA,HARAPANAHALLI,HALAVAGALU,13,9,1753.0
KARNATAKA,Kalaburagi,Vijayanagara,VIJAYANAGARA,HARAPANAHALLI,HARAKANAHALL,10,9,1371.0
KARNATAKA,Kalaburagi,Vijayanagara,VIJAYANAGARA,HARAPANAHALLI,HIREMAGALAGERE,9,8,701.0
KARNATAKA,Kalaburagi,Vijayanagara,VIJAYANAGARA,HARAPANAHALLI,HOSAKOTE,5,5,340.0
KARNATAKA,Kalaburagi,Vijayanagara,VIJAYANAGARA,HARAPANAHALLI,HUCHHANGIDURGA,13,11,870.0
KARNATAKA,Kalaburagi,Vijayanagara,VIJAYANAGARA,HARAPANAHALLI,K.KALLAHALLI,8,8,654.0
KARNATAKA,Kalaburagi,Vijayanagara,VIJAYANAGARA,HARAPANAHALLI,KADABAGERE,5,5,400.0
KARNATAKA,Kalaburagi,Vijayanagara,VIJAYANAGARA,HARAPANAHALLI,KADATHI,7,7,441.0
KARNATAKA,Kalaburagi,Vijayanagara,VIJAYANAGARA,HARAPANAHALLI,KANCHIKERI,10,8,794.0
KARNATAKA,Kalaburagi,Vijayanagara,VIJAYANAGARA,HARAPANAHALLI,KOOLAHALLI,6,6,679.0
KARNATAKA,Kalaburagi,Vijayanagara,VIJAYANAGARA,HARAPANAHALLI,KUNACHUR,8,6,729.0
KARNATAKA,Kalaburagi,Vijayanagara,VIJAYANAGARA,HARAPANAHALLI,LAKSHMIPURA,8,8,552.0
KARNATAKA,Kalaburagi,Vijayanagara,VIJAYANAGARA,HARAPANAHALLI,MADLIGERE,6,6,440.0
KARNATAKA,Kalaburagi,Vijayanagara,VIJAYANAGARA,HARAPANAHALLI,MATHIHALLI,5,4,661.0
KARNATAKA,Kalaburagi,Vijayanagara,VIJAYANAGARA,HARAPANAHALLI,MYDUR,7,7,796.0
KARNATAKA,Kalaburagi,Vijayanagara,VIJAYANAGARA,HARAPANAHALLI,NANDIBEHURU,4,4,830.0
KARNATAKA,Kalaburagi,Vijayanagara,VIJAYANAGARA,HARAPANAHALLI,NEELAGUNDA,13,12,1595.0
KARNATAKA,Kalaburagi,Vijayanagara,VIJAYANAGARA,HARAPANAHALLI,NICHCHVVANAHALLI,9,9,813.0
KARNATAKA,Kalaburagi,Vijayanagara,VIJAYANAGARA,HARAPANAHALLI,NITTUR,6,5,576.0
KARNATAKA,Kalaburagi,Vijayanagara,VIJAYANAGARA,HARAPANAHALLI,PUNABHAGATTA,13,11,404.0
KARNATAKA,Kalaburagi,Vijayanagara,VIJAYANAGARA,HARAPANAHALLI,RAGIMASALAWADA,9,9,456.0
KARNATAKA,Kalaburagi,Vijayanagara,VIJAYANAGARA,HARAPANAHALLI,SASVIHALLI,6,5,522.0
KARNATAKA,Kalaburagi,Vijayanagara,VIJAYANAGARA,HARAPANAHALLI,SHINGRIHALLI,6,5,393.0
KARNATAKA,Kalaburagi,Vijayanagara,VIJAYANAGARA,HARAPANAHALLI,TELIGI,7,6,624.0
KARNATAKA,Kalaburagi,Vijayanagara,VIJAYANAGARA,HARAPANAHALLI,THOUDURU,12,11,888.0
KARNATAKA,Kalaburagi,Vijayanagara,VIJAYANAGARA,HARAPANAHALLI,TOGARIKATTE,11,9,934.0
KARNATAKA,Kalaburagi,Vijayanagara,VIJAYANAGARA,HARAPANAHALLI,YADIHALLI,8,8,658.0
KARNATAKA,Kalaburagi,Vijayanagara,VIJAYANAGARA,HOSPET,114.DANAPURA,12,10,1951.0
KARNATAKA,Kalaburagi,Vijayanagara,VIJAYANAGARA,HOSPET,BUKKASAGARA,5,4,954.0
KARNATAKA,Kalaburagi,Vijayanagara,VIJAYANAGARA,HOSPET,BYLUVADDIGERI,6,4,1244.0
KARNATAKA,Kalaburagi,Vijayanagara,VIJAYANAGARA,HOSPET,CHILAKANAHATTI,10,8,2108.0
KARNATAKA,Kalaburagi,Vijayanagara,VIJAYANAGARA,HOSPET,DANANAYAKANAKERE,3,3,830.0
KARNATAKA,Kalaburagi,Vijayanagara,VIJAYANAGARA,HOSPET,DEVALAPURA,1,1,300.0
KARNATAKA,Kalaburagi,Vijayanagara,VIJAYANAGARA,HOSPET,GADIGANUR,3,2,274.0
KARNATAKA,Kalaburagi,Vijayanagara,VIJAYANAGARA,HOSPET,HAMPI,6,5,651.0
KARNATAKA,Kalaburagi,Vijayanagara,VIJAYANAGARA,HOSPET,HOSUR,3,2,471.0
KARNATAKA,Kalaburagi,Vijayanagara,VIJAYANAGARA,HOSPET,KALLAHALLI,3,3,355.0
KARNATAKA,Kalaburagi,Vijayanagara,VIJAYANAGARA,HOSPET,MALAPANAGUDI,9,6,1488.0
KARNATAKA,Kalaburagi,Vijayanagara,VIJAYANAGARA,HOSPET,NAGALAPURA,8,7,1547.0
KARNATAKA,Kalaburagi,Vijayanagara,VIJAYANAGARA,HOSPET,NAGENAHALLI,6,5,1148.0
KARNATAKA,Kalaburagi,Vijayanagara,VIJAYANAGARA,HOSPET,P.K.HALLI,11,10,2042.0
KARNATAKA,Kalaburagi,Vijayanagara,VIJAYANAGARA,HOSPET,RAMASAGARA,1,1,246.0
KARNATAKA,Kalaburagi,Vijayanagara,VIJAYANAGARA,HOSPET,SEETHARAMA THANDA,5,4,474.0
KARNATAKA,Kalaburagi,Vijayanagara,VIJAYANAGARA,KUDLIGI,ALOORU,10,9,783.0
KARNATAKA,Kalaburagi,Vijayanagara,VIJAYANAGARA,KUDLIGI,APPENHALLI,9,9,903.0
KARNATAKA,Kalaburagi,Vijayanagara,VIJAYANAGARA,KUDLIGI,BADELADAKU,15,12,1615.0
KARNATAKA,Kalaburagi,Vijayanagara,VIJAYANAGARA,KUDLIGI,BANAVIKALLU,11,9,866.0
KARNATAKA,Kalaburagi,Vijayanagara,VIJAYANAGARA,KUDLIGI,BELLAGATTA,6,6,479.0
KARNATAKA,Kalaburagi,Vijayanagara,VIJAYANAGARA,KUDLIGI,CHIRABI,5,5,814.0
KARNATAKA,Kalaburagi,Vijayanagara,VIJAYANAGARA,KUDLIGI,CHIRATAGUNDU,12,11,1121.0
KARNATAKA,Kalaburagi,Vijayanagara,VIJAYANAGARA,KUDLIGI,CHOUDAPUR,11,10,1292.0
KARNATAKA,Kalaburagi,Vijayanagara,VIJAYANAGARA,KUDLIGI,DUPADAHALLI,5,5,752.0
KARNATAKA,Kalaburagi,Vijayanagara,VIJAYANAGARA,KUDLIGI,GANDABOMMANAHALLI,1,1,71.0
KARNATAKA,Kalaburagi,Vijayanagara,VIJAYANAGARA,KUDLIGI,GUDEKOTE,14,11,1421.0
KARNATAKA,Kalaburagi,Vijayanagara,VIJAYANAGARA,KUDLIGI,GUNDUMUNUGU,10,10,1096.0
KARNATAKA,Kalaburagi,Vijayanagara,VIJAYANAGARA,KUDLIGI,HARAKBHAVI,5,4,468.0
KARNATAKA,Kalaburagi,Vijayanagara,VIJAYANAGARA,KUDLIGI,HIREHEGDAL,8,5,441.0
KARNATAKA,Kalaburagi,Vijayanagara,VIJAYANAGARA,KUDLIGI,HIREKUMBALAGUNTE,9,7,624.0
KARNATAKA,Kalaburagi,Vijayanagara,VIJAYANAGARA,KUDLIGI,HOSAHALLI,17,12,951.0
KARNATAKA,Kalaburagi,Vijayanagara,VIJAYANAGARA,KUDLIGI,HUDEM,10,8,950.0
KARNATAKA,Kalaburagi,Vijayanagara,VIJAYANAGARA,KUDLIGI,HURALIHAL,12,11,854.0
KARNATAKA,Kalaburagi,Vijayanagara,VIJAYANAGARA,KUDLIGI,HYALYA,4,3,461.0
KARNATAKA,Kalaburagi,Vijayanagara,VIJAYANAGARA,KUDLIGI,JERMALI,2,2,314.0
KARNATAKA,Kalaburagi,Vijayanagara,VIJAYANAGARA,KUDLIGI,JUMBOBANAHALLI,3,3,430.0
KARNATAKA,Kalaburagi,Vijayanagara,VIJAYANAGARA,KUDLIGI,K.AYYANAHALLI,9,8,776.0
KARNATAKA,Kalaburagi,Vijayanagara,VIJAYANAGARA,KUDLIGI,KAKUPPI,5,5,629.0
KARNATAKA,Kalaburagi,Vijayanagara,VIJAYANAGARA,KUDLIGI,KALAPURA,11,9,695.0
KARNATAKA,Kalaburagi,Vijayanagara,VIJAYANAGARA,KUDLIGI,KANDAGALLU,5,4,771.0
KARNATAKA,Kalaburagi,Vijayanagara,VIJAYANAGARA,KUDLIGI,MAKANADAKU,11,10,1266.0
KARNATAKA,Kalaburagi,Vijayanagara,VIJAYANAGARA,KUDLIGI,MARABHA,7,6,725.0
KARNATAKA,Kalaburagi,Vijayanagara,VIJAYANAGARA,KUDLIGI,NAGARAKATTE,6,5,313.0
KARNATAKA,Kalaburagi,Vijayanagara,VIJAYANAGARA,KUDLIGI,NIMBALAGERI,7,6,679.0
KARNATAKA,Kalaburagi,Vijayanagara,VIJAYANAGARA,KUDLIGI,PUJARAHALLI,8,8,863.0
KARNATAKA,Kalaburagi,Vijayanagara,VIJAYANAGARA,KUDLIGI,RAMADURGA,11,10,1224.0
KARNATAKA,Kalaburagi,Vijayanagara,VIJAYANAGARA,KUDLIGI,RAMPURA,5,4,438.0
KARNATAKA,Kalaburagi,Vijayanagara,VIJAYANAGARA,KUDLIGI,SHIVAPURA,7,6,1381.0
KARNATAKA,Kalaburagi,Vijayanagara,VIJAYANAGARA,KUDLIGI,SULADAHALLI,5,4,734.0
KARNATAKA,Kalaburagi,Vijayanagara,VIJAYANAGARA,KUDLIGI,TULAHALLI,4,4,335.0
KARNATAKA,Kalaburagi,Vijayanagara,VIJAYANAGARA,KUDLIGI,UJJINI,10,8,992.0
KARNATAKA,Kalaburagi,Yadgir,YADAGIRI,SHAHAPUR,AIKUR,4,4,937.0
KARNATAKA,Kalaburagi,Yadgir,YADAGIRI,SHAHAPUR,ANABI,7,6,932.0
KARNATAKA,Kalaburagi,Yadgir,YADAGIRI,SHAHAPUR,BEERANURA,6,5,816.0
KARNATAKA,Kalaburagi,Yadgir,YADAGIRI,SHAHAPUR,BENDEBEMBALI,8,7,1048.0
KARNATAKA,Kalaburagi,Yadgir,YADAGIRI,SHAHAPUR,BILAR,5,5,645.0
KARNATAKA,Kalaburagi,Yadgir,YADAGIRI,SHAHAPUR,CHAMNAL,12,11,1697.0
KARNATAKA,Kalaburagi,Yadgir,YADAGIRI,SHAHAPUR,CHATNALLI,10,8,1013.0
KARNATAKA,Kalaburagi,Yadgir,YADAGIRI,SHAHAPUR,DORANHALLI,12,9,2436.0
KARNATAKA,Kalaburagi,Yadgir,YADAGIRI,SHAHAPUR,GOGIKONA,11,8,750.0
KARNATAKA,Kalaburagi,Yadgir,YADAGIRI,SHAHAPUR,GOGIPETH,9,4,573.0
KARNATAKA,Kalaburagi,Yadgir,YADAGIRI,SHAHAPUR,GONAL,8,8,811.0
KARNATAKA,Kalaburagi,Yadgir,YADAGIRI,SHAHAPUR,GULSARAM,8,6,788.0
KARNATAKA,Kalaburagi,Yadgir,YADAGIRI,SHAHAPUR,GUNDAGARTHI,8,8,862.0
KARNATAKA,Kalaburagi,Yadgir,YADAGIRI,SHAHAPUR,HAIYYAL.B.,4,3,693.0
KARNATAKA,Kalaburagi,Yadgir,YADAGIRI,SHAHAPUR,HALGERA,8,6,1019.0
KARNATAKA,Kalaburagi,Yadgir,YADAGIRI,SHAHAPUR,HATTIGUDUR,7,5,938.0
KARNATAKA,Kalaburagi,Yadgir,YADAGIRI,SHAHAPUR,HOSKERA,8,7,1342.0
KARNATAKA,Kalaburagi,Yadgir,YADAGIRI,SHAHAPUR,HOTPET,16,15,2107.0
KARNATAKA,Kalaburagi,Yadgir,YADAGIRI,SHAHAPUR,HURASAGUNDAGI,5,4,631.0
KARNATAKA,Kalaburagi,Yadgir,YADAGIRI,SHAHAPUR,IBRAHIMPUR,4,4,801.0
KARNATAKA,Kalaburagi,Yadgir,YADAGIRI,SHAHAPUR,KADAMGERA,4,4,1122.0
KARNATAKA,Kalaburagi,Yadgir,YADAGIRI,SHAHAPUR,KAKKASGERA,6,6,1089.0
KARNATAKA,Kalaburagi,Yadgir,YADAGIRI,SHAHAPUR,KANNEKOLLUR,9,8,927.0
KARNATAKA,Kalaburagi,Yadgir,YADAGIRI,SHAHAPUR,KHANAPUR,7,6,1074.0
KARNATAKA,Kalaburagi,Yadgir,YADAGIRI,SHAHAPUR,KOLLUR,4,4,859.0
KARNATAKA,Kalaburagi,Yadgir,YADAGIRI,SHAHAPUR,KONKAL,5,5,720.0
KARNATAKA,Kalaburagi,Yadgir,YADAGIRI,SHAHAPUR,KURKUNDA,3,3,654.0
KARNATAKA,Kalaburagi,Yadgir,YADAGIRI,SHAHAPUR,MUDBOOL,8,5,940.0
KARNATAKA,Kalaburagi,Yadgir,YADAGIRI,SHAHAPUR,MUDRIKI,10,8,709.0
KARNATAKA,Kalaburagi,Yadgir,YADAGIRI,SHAHAPUR,NAGANATAGI,12,11,1680.0
KARNATAKA,Kalaburagi,Yadgir,YADAGIRI,SHAHAPUR,NAIKAL,6,4,801.0
KARNATAKA,Kalaburagi,Yadgir,YADAGIRI,SHAHAPUR,RASTAPUR,9,7,1252.0
KARNATAKA,Kalaburagi,Yadgir,YADAGIRI,SHAHAPUR,SAGAR,17,13,1913.0
KARNATAKA,Kalaburagi,Yadgir,YADAGIRI,SHAHAPUR,SIRVAL,4,4,1136.0
KARNATAKA,Kalaburagi,Yadgir,YADAGIRI,SHAHAPUR,T.WADAGERA,4,4,905.0
KARNATAKA,Kalaburagi,Yadgir,YADAGIRI,SHAHAPUR,TADABIDI,4,3,762.0
KARNATAKA,Kalaburagi,Yadgir,YADAGIRI,SHAHAPUR,TUMAKURA,5,5,614.0
KARNATAKA,Kalaburagi,Yadgir,YADAGIRI,SHAHAPUR,UKKINAL,14,14,1385.0
KARNATAKA,Kalaburagi,Yadgir,YADAGIRI,SHAHAPUR,ULLE SUGOOR,8,7,950.0
KARNATAKA,Kalaburagi,Yadgir,YADAGIRI,SHAHAPUR,VADAGERA,17,12,1504.0
KARNATAKA,Kalaburagi,Yadgir,YADAGIRI,SHAHAPUR,VANADURG,9,7,700.0
KARNATAKA,Kalaburagi,Yadgir,YADAGIRI,SHORAPUR,AGNI .,6,6,599.0
KARNATAKA,Kalaburagi,Yadgir,YADAGIRI,SHORAPUR,ALDAL,7,7,1295.0
KARNATAKA,Kalaburagi,Yadgir,YADAGIRI,SHORAPUR,ARAKERA J.,9,5,1079.0
KARNATAKA,Kalaburagi,Yadgir,YADAGIRI,SHORAPUR,ARKERA.K,4,3,663.0
KARNATAKA,Kalaburagi,Yadgir,YADAGIRI,SHORAPUR,BADYAPUR,7,6,664.0
KARNATAKA,Kalaburagi,Yadgir,YADAGIRI,SHORAPUR,BAICHABAL,11,7,1349.0
KARNATAKA,Kalaburagi,Yadgir,YADAGIRI,SHORAPUR,BAILAKUNTI,7,7,1550.0
KARNATAKA,Kalaburagi,Yadgir,YADAGIRI,SHORAPUR,BARADEVANAL,10,8,1073.0
KARNATAKA,Kalaburagi,Yadgir,YADAGIRI,SHORAPUR,DEVAPUR,10,7,946.0
KARNATAKA,Kalaburagi,Yadgir,YADAGIRI,SHORAPUR,DEVAR GONAL,5,3,623.0
KARNATAKA,Kalaburagi,Yadgir,YADAGIRI,SHORAPUR,DEVATKAL,11,9,1065.0
KARNATAKA,Kalaburagi,Yadgir,YADAGIRI,SHORAPUR,DEVIKERA,2,2,898.0
KARNATAKA,Kalaburagi,Yadgir,YADAGIRI,SHORAPUR,GEDDALAMARI,13,12,1986.0
KARNATAKA,Kalaburagi,Yadgir,YADAGIRI,SHORAPUR,HAGARATAGI,3,3,762.0
KARNATAKA,Kalaburagi,Yadgir,YADAGIRI,SHORAPUR,HEBBALA B.,12,9,1071.0
KARNATAKA,Kalaburagi,Yadgir,YADAGIRI,SHORAPUR,HEGGANADODDI,4,3,592.0
KARNATAKA,Kalaburagi,Yadgir,YADAGIRI,SHORAPUR,HEMNUR,4,4,1026.0
KARNATAKA,Kalaburagi,Yadgir,YADAGIRI,SHORAPUR,JOGANDABHAVI,10,8,1106.0
KARNATAKA,Kalaburagi,Yadgir,YADAGIRI,SHORAPUR,KACHAKANOOR,5,5,796.0
KARNATAKA,Kalaburagi,Yadgir,YADAGIRI,SHORAPUR,KAMANATAGI,18,12,1643.0
KARNATAKA,Kalaburagi,Yadgir,YADAGIRI,SHORAPUR,KARADKALL,5,4,471.0
KARNATAKA,Kalaburagi,Yadgir,YADAGIRI,SHORAPUR,KHANAPUR.S.H.,9,5,510.0
KARNATAKA,Kalaburagi,Yadgir,YADAGIRI,SHORAPUR,KIRADALLI,5,5,711.0
KARNATAKA,Kalaburagi,Yadgir,YADAGIRI,SHORAPUR,KODEKALL,16,12,2023.0
KARNATAKA,Kalaburagi,Yadgir,YADAGIRI,SHORAPUR,KOLIHAL,7,5,1367.0
KARNATAKA,Kalaburagi,Yadgir,YADAGIRI,SHORAPUR,MALAGATTI,7,5,800.0
KARNATAKA,Kalaburagi,Yadgir,YADAGIRI,SHORAPUR,MALANOOR,12,9,962.0
KARNATAKA,Kalaburagi,Yadgir,YADAGIRI,SHORAPUR,MALLA B.,6,4,663.0
KARNATAKA,Kalaburagi,Yadgir,YADAGIRI,SHORAPUR,MARNAL,10,10,1361.0
KARNATAKA,Kalaburagi,Yadgir,YADAGIRI,SHORAPUR,MUDANOOR K,13,10,1134.0
KARNATAKA,Kalaburagi,Yadgir,YADAGIRI,SHORAPUR,NAGANOOR,8,4,434.0
KARNATAKA,Kalaburagi,Yadgir,YADAGIRI,SHORAPUR,NARAYANPUR,15,12,1313.0
KARNATAKA,Kalaburagi,Yadgir,YADAGIRI,SHORAPUR,PETH AMMAPUR,10,9,1472.0
KARNATAKA,Kalaburagi,Yadgir,YADAGIRI,SHORAPUR,RAJANKOLLUR,11,6,910.0
KARNATAKA,Kalaburagi,Yadgir,YADAGIRI,SHORAPUR,SUGOORU,8,8,1170.0
KARNATAKA,Kalaburagi,Yadgir,YADAGIRI,SHORAPUR,TINTHANI,10,8,1102.0
KARNATAKA,Kalaburagi,Yadgir,YADAGIRI,SHORAPUR,WAGANAGERA,7,5,870.0
KARNATAKA,Kalaburagi,Yadgir,YADAGIRI,SHORAPUR,WAJJAL,12,10,1211.0
KARNATAKA,Kalaburagi,Yadgir,YADAGIRI,SHORAPUR,YAKTAPUR,14,12,1139.0
KARNATAKA,Kalaburagi,Yadgir,YADAGIRI,SHORAPUR,YALAGI,3,3,888.0
KARNATAKA,Kalaburagi,Yadgir,YADAGIRI,SHORAPUR,YEVOOR,8,7,1138.0
KARNATAKA,Kalaburagi,Yadgir,YADAGIRI,YADGIR,AJLAPUR,8,7,1290.0
KARNATAKA,Kalaburagi,Yadgir,YADAGIRI,YADGIR,ALLIPUR,16,13,1149.0
KARNATAKA,Kalaburagi,Yadgir,YADAGIRI,YADGIR,ANAPUR,5,4,639.0
KARNATAKA,Kalaburagi,Yadgir,YADAGIRI,YADGIR,ARAKERA.K,4,4,1156.0
KARNATAKA,Kalaburagi,Yadgir,YADAGIRI,YADGIR,ARKERA.B.,12,11,999.0
KARNATAKA,Kalaburagi,Yadgir,YADAGIRI,YADGIR,BADIYAL,6,5,747.0
KARNATAKA,Kalaburagi,Yadgir,YADAGIRI,YADGIR,BALICHAKRA,10,7,867.0
KARNATAKA,Kalaburagi,Yadgir,YADAGIRI,YADGIR,BANDAHALLI,9,6,1366.0
KARNATAKA,Kalaburagi,Yadgir,YADAGIRI,YADGIR,BELAGUNDI,5,5,580.0
KARNATAKA,Kalaburagi,Yadgir,YADAGIRI,YADGIR,CHANDRAKI,7,6,538.0
KARNATAKA,Kalaburagi,Yadgir,YADAGIRI,YADGIR,CHAPATLA,6,5,605.0
KARNATAKA,Kalaburagi,Yadgir,YADAGIRI,YADGIR,CHINNAKARA,7,7,815.0
KARNATAKA,Kalaburagi,Yadgir,YADAGIRI,YADGIR,GAJARKOT,7,5,1258.0
KARNATAKA,Kalaburagi,Yadgir,YADAGIRI,YADGIR,HALIGERA,5,5,680.0
KARNATAKA,Kalaburagi,Yadgir,YADAGIRI,YADGIR,HATTIKUNI,16,14,1213.0
KARNATAKA,Kalaburagi,Yadgir,YADAGIRI,YADGIR,HONAGERI,6,5,1129.0
KARNATAKA,Kalaburagi,Yadgir,YADAGIRI,YADGIR,JAIGRAM,6,6,649.0
KARNATAKA,Kalaburagi,Yadgir,YADAGIRI,YADGIR,KADECHUR,10,9,1127.0
KARNATAKA,Kalaburagi,Yadgir,YADAGIRI,YADGIR,KAKALWAR,6,6,707.0
KARNATAKA,Kalaburagi,Yadgir,YADAGIRI,YADGIR,KALEBELGUNDA,4,4,1054.0
KARNATAKA,Kalaburagi,Yadgir,YADAGIRI,YADGIR,KANDKURU,5,4,651.0
KARNATAKA,Kalaburagi,Yadgir,YADAGIRI,YADGIR,KILLANKERA,7,6,888.0
KARNATAKA,Kalaburagi,Yadgir,YADAGIRI,YADGIR,KONKAL,7,6,922.0
KARNATAKA,Kalaburagi,Yadgir,YADAGIRI,YADGIR,KOULURU,5,5,1104.0
KARNATAKA,Kalaburagi,Yadgir,YADAGIRI,YADGIR,MADWAR,5,4,973.0
KARNATAKA,Kalaburagi,Yadgir,YADAGIRI,YADGIR,MALHAR,8,8,922.0
KARNATAKA,Kalaburagi,Yadgir,YADAGIRI,YADGIR,MINASPUR,6,6,547.0
KARNATAKA,Kalaburagi,Yadgir,YADAGIRI,YADGIR,MOTNALLI,7,7,1460.0
KARNATAKA,Kalaburagi,Yadgir,YADAGIRI,YADGIR,MUDNAL,8,7,945.0
KARNATAKA,Kalaburagi,Yadgir,YADAGIRI,YADGIR,MUNDARGI,5,5,1404.0
KARNATAKA,Kalaburagi,Yadgir,YADAGIRI,YADGIR,PASPOOL,6,6,694.0
KARNATAKA,Kalaburagi,Yadgir,YADAGIRI,YADGIR,PUTPAK,6,5,580.0
KARNATAKA,Kalaburagi,Yadgir,YADAGIRI,YADGIR,RAMSAMUDRA,8,7,1011.0
KARNATAKA,Kalaburagi,Yadgir,YADAGIRI,YADGIR,SAIDAPUR,21,11,1701.0
KARNATAKA,Kalaburagi,Yadgir,YADAGIRI,YADGIR,THANAGUNDI,7,6,749.0
KARNATAKA,Kalaburagi,Yadgir,YADAGIRI,YADGIR,VARKANALLI,10,9,1412.0
KARNATAKA,Kalaburagi,Yadgir,YADAGIRI,YADGIR,YALSATTI,7,7,773.0
KARNATAKA,Kalaburagi,Yadgir,YADAGIRI,YADGIR,YAMPADA,3,3,628.0
KARNATAKA,Kalaburagi,Yadgir,YADAGIRI,YADGIR,YARGOL,14,12,1161.0
KARNATAKA,Kalaburagi,Yadgir,YADAGIRI,YADGIR,YLERI,9,9,739.0
KARNATAKA,Mysuru,Chamarajanagara,CHAMARAJANAGARA,CHAMARAJA NAGAR,ALUR,11,10,419.0
KARNATAKA,Mysuru,Chamarajanagara,CHAMARAJANAGARA,CHAMARAJA NAGAR,AMACHAVADI,4,4,542.0
KARNATAKA,Mysuru,Chamarajanagara,CHAMARAJANAGARA,CHAMARAJA NAGAR,ARAKALAVADI,5,5,511.0
KARNATAKA,Mysuru,Chamarajanagara,CHAMARAJANAGARA,CHAMARAJA NAGAR,ATTUGULIPURA,4,4,63.0
KARNATAKA,Mysuru,Chamarajanagara,CHAMARAJANAGARA,CHAMARAJA NAGAR,BADANAGUPPE,7,5,376.0
KARNATAKA,Mysuru,Chamarajanagara,CHAMARAJANAGARA,CHAMARAJA NAGAR,BAGALI,3,3,218.0
KARNATAKA,Mysuru,Chamarajanagara,CHAMARAJANAGARA,CHAMARAJA NAGAR,BISALAVADI,6,5,213.0
KARNATAKA,Mysuru,Chamarajanagara,CHAMARAJANAGARA,CHAMARAJA NAGAR,BOGAPURA,6,6,160.0
KARNATAKA,Mysuru,Chamarajanagara,CHAMARAJANAGARA,CHAMARAJA NAGAR,CHANDAKAVADI,11,9,683.0
KARNATAKA,Mysuru,Chamarajanagara,CHAMARAJANAGARA,CHAMARAJA NAGAR,DEMAHALLI,6,6,283.0
KARNATAKA,Mysuru,Chamarajanagara,CHAMARAJANAGARA,CHAMARAJA NAGAR,DODDAMOLE,6,6,970.0
KARNATAKA,Mysuru,Chamarajanagara,CHAMARAJANAGARA,CHAMARAJA NAGAR,ERASAVADI,3,3,246.0
KARNATAKA,Mysuru,Chamarajanagara,CHAMARAJANAGARA,CHAMARAJA NAGAR,GOVINDAVADI,3,3,29.0
KARNATAKA,Mysuru,Chamarajanagara,CHAMARAJANAGARA,CHAMARAJA NAGAR,GULIPURA,6,5,292.0
KARNATAKA,Mysuru,Chamarajanagara,CHAMARAJANAGARA,CHAMARAJA NAGAR,HARADHANAHALLI,8,7,1078.0
KARNATAKA,Mysuru,Chamarajanagara,CHAMARAJANAGARA,CHAMARAJA NAGAR,HARAVE,4,3,592.0
KARNATAKA,Mysuru,Chamarajanagara,CHAMARAJANAGARA,CHAMARAJA NAGAR,HEBBASUR,7,6,198.0
KARNATAKA,Mysuru,Chamarajanagara,CHAMARAJANAGARA,CHAMARAJA NAGAR,HEGGOTARA,6,6,473.0
KARNATAKA,Mysuru,Chamarajanagara,CHAMARAJANAGARA,CHAMARAJA NAGAR,HONGANURU,6,5,373.0
KARNATAKA,Mysuru,Chamarajanagara,CHAMARAJANAGARA,CHAMARAJA NAGAR,HONNALLI,8,8,230.0
KARNATAKA,Mysuru,Chamarajanagara,CHAMARAJANAGARA,CHAMARAJA NAGAR,JYOTHIGOWDANAPURA,11,11,1065.0
KARNATAKA,Mysuru,Chamarajanagara,CHAMARAJANAGARA,CHAMARAJA NAGAR,KAGALAVADI,7,6,338.0
KARNATAKA,Mysuru,Chamarajanagara,CHAMARAJANAGARA,CHAMARAJA NAGAR,KEMPANAPURA,3,3,214.0
KARNATAKA,Mysuru,Chamarajanagara,CHAMARAJANAGARA,CHAMARAJA NAGAR,KOTHALAVADI,4,4,246.0
KARNATAKA,Mysuru,Chamarajanagara,CHAMARAJANAGARA,CHAMARAJA NAGAR,KUDERU,8,7,433.0
KARNATAKA,Mysuru,Chamarajanagara,CHAMARAJANAGARA,CHAMARAJA NAGAR,KUDLURU,7,6,188.0
KARNATAKA,Mysuru,Chamarajanagara,CHAMARAJANAGARA,CHAMARAJA NAGAR,KULAGANA,5,5,238.0
KARNATAKA,Mysuru,Chamarajanagara,CHAMARAJANAGARA,CHAMARAJA NAGAR,MADAPURA,9,8,952.0
KARNATAKA,Mysuru,Chamarajanagara,CHAMARAJANAGARA,CHAMARAJA NAGAR,MALIYURU,4,3,235.0
KARNATAKA,Mysuru,Chamarajanagara,CHAMARAJANAGARA,CHAMARAJA NAGAR,MANGALA,7,6,264.0
KARNATAKA,Mysuru,Chamarajanagara,CHAMARAJANAGARA,CHAMARAJA NAGAR,MASANAPURA,4,3,236.0
KARNATAKA,Mysuru,Chamarajanagara,CHAMARAJANAGARA,CHAMARAJA NAGAR,MUKKADAHALLI,6,6,277.0
KARNATAKA,Mysuru,Chamarajanagara,CHAMARAJANAGARA,CHAMARAJA NAGAR,NAGAVALLI,9,6,364.0
KARNATAKA,Mysuru,Chamarajanagara,CHAMARAJANAGARA,CHAMARAJA NAGAR,NANJEDEVANAPURA,5,4,413.0
KARNATAKA,Mysuru,Chamarajanagara,CHAMARAJANAGARA,CHAMARAJA NAGAR,NAVILURU,5,5,204.0
KARNATAKA,Mysuru,Chamarajanagara,CHAMARAJANAGARA,CHAMARAJA NAGAR,PUNAJANURU,12,12,453.0
KARNATAKA,Mysuru,Chamarajanagara,CHAMARAJANAGARA,CHAMARAJA NAGAR,SAGADE,4,4,316.0
KARNATAKA,Mysuru,Chamarajanagara,CHAMARAJANAGARA,CHAMARAJA NAGAR,SANTHEMARALLI,14,11,766.0
KARNATAKA,Mysuru,Chamarajanagara,CHAMARAJANAGARA,CHAMARAJA NAGAR,SHIVAPURA,7,6,864.0
KARNATAKA,Mysuru,Chamarajanagara,CHAMARAJANAGARA,CHAMARAJA NAGAR,UDIGALA,4,3,217.0
KARNATAKA,Mysuru,Chamarajanagara,CHAMARAJANAGARA,CHAMARAJA NAGAR,UMATTURU,6,5,525.0
KARNATAKA,Mysuru,Chamarajanagara,CHAMARAJANAGARA,CHAMARAJA NAGAR,VENKATAIANA CHATRA,7,6,305.0
KARNATAKA,Mysuru,Chamarajanagara,CHAMARAJANAGARA,CHAMARAJA NAGAR,YARAGANAHALLI,6,6,238.0
KARNATAKA,Mysuru,Chamarajanagara,CHAMARAJANAGARA,GUNDULPET,AGATHAGOWDANAHALLI,8,8,370.0
KARNATAKA,Mysuru,Chamarajanagara,CHAMARAJANAGARA,GUNDULPET,ALATHUR,5,5,269.0
KARNATAKA,Mysuru,Chamarajanagara,CHAMARAJANAGARA,GUNDULPET,ANNUR,2,2,333.0
KARNATAKA,Mysuru,Chamarajanagara,CHAMARAJANAGARA,GUNDULPET,BACHALLI,2,2,111.0
KARNATAKA,Mysuru,Chamarajanagara,CHAMARAJANAGARA,GUNDULPET,BANNITHALAPURA,5,5,885.0
KARNATAKA,Mysuru,Chamarajanagara,CHAMARAJANAGARA,GUNDULPET,BARAGI,8,7,504.0
KARNATAKA,Mysuru,Chamarajanagara,CHAMARAJANAGARA,GUNDULPET,BEEMANABEEDU,2,2,386.0
KARNATAKA,Mysuru,Chamarajanagara,CHAMARAJANAGARA,GUNDULPET,BEGUR,8,5,530.0
KARNATAKA,Mysuru,Chamarajanagara,CHAMARAJANAGARA,GUNDULPET,BELACHAVADI,3,3,148.0
KARNATAKA,Mysuru,Chamarajanagara,CHAMARAJANAGARA,GUNDULPET,BERAMBADI,6,6,215.0
KARNATAKA,Mysuru,Chamarajanagara,CHAMARAJANAGARA,GUNDULPET,BOMMALAPURA,3,2,215.0
KARNATAKA,Mysuru,Chamarajanagara,CHAMARAJANAGARA,GUNDULPET,BOMMANAHALLI,7,7,269.0
KARNATAKA,Mysuru,Chamarajanagara,CHAMARAJANAGARA,GUNDULPET,CHIKATI,3,3,406.0
KARNATAKA,Mysuru,Chamarajanagara,CHAMARAJANAGARA,GUNDULPET,HANGALA,4,4,714.0
KARNATAKA,Mysuru,Chamarajanagara,CHAMARAJANAGARA,GUNDULPET,HOREYALA,7,7,278.0
KARNATAKA,Mysuru,Chamarajanagara,CHAMARAJANAGARA,GUNDULPET,HUNDIPURA,7,7,191.0
KARNATAKA,Mysuru,Chamarajanagara,CHAMARAJANAGARA,GUNDULPET,KABBALLI,4,3,199.0
KARNATAKA,Mysuru,Chamarajanagara,CHAMARAJANAGARA,GUNDULPET,KANNEGALA,9,8,311.0
KARNATAKA,Mysuru,Chamarajanagara,CHAMARAJANAGARA,GUNDULPET,KELASUR,10,10,380.0
KARNATAKA,Mysuru,Chamarajanagara,CHAMARAJANAGARA,GUNDULPET,KODASOGE,6,6,256.0
KARNATAKA,Mysuru,Chamarajanagara,CHAMARAJANAGARA,GUNDULPET,KOOTHANOORU,2,2,316.0
KARNATAKA,Mysuru,Chamarajanagara,CHAMARAJANAGARA,GUNDULPET,KOTEKERE,9,9,740.0
KARNATAKA,Mysuru,Chamarajanagara,CHAMARAJANAGARA,GUNDULPET,MANGALA,6,6,168.0
KARNATAKA,Mysuru,Chamarajanagara,CHAMARAJANAGARA,GUNDULPET,MOOKHAHALLI,8,7,324.0
KARNATAKA,Mysuru,Chamarajanagara,CHAMARAJANAGARA,GUNDULPET,NENEKATTE,8,7,316.0
KARNATAKA,Mysuru,Chamarajanagara,CHAMARAJANAGARA,GUNDULPET,NITRE,5,5,485.0
KARNATAKA,Mysuru,Chamarajanagara,CHAMARAJANAGARA,GUNDULPET,PADAGURU,5,5,249.0
KARNATAKA,Mysuru,Chamarajanagara,CHAMARAJANAGARA,GUNDULPET,PUTTANAPURA,6,6,249.0
KARNATAKA,Mysuru,Chamarajanagara,CHAMARAJANAGARA,GUNDULPET,RAGHVAPURA,5,5,382.0
KARNATAKA,Mysuru,Chamarajanagara,CHAMARAJANAGARA,GUNDULPET,SHINDANAPURA,5,5,166.0
KARNATAKA,Mysuru,Chamarajanagara,CHAMARAJANAGARA,GUNDULPET,SHIVAPURA,3,3,260.0
KARNATAKA,Mysuru,Chamarajanagara,CHAMARAJANAGARA,GUNDULPET,SOMAHALLI,5,4,210.0
KARNATAKA,Mysuru,Chamarajanagara,CHAMARAJANAGARA,GUNDULPET,TERAKANAMBI,8,6,552.0
KARNATAKA,Mysuru,Chamarajanagara,CHAMARAJANAGARA,GUNDULPET,VADDAGERE,5,5,159.0
KARNATAKA,Mysuru,Chamarajanagara,CHAMARAJANAGARA,HANUR,AJJIPURA,5,4,208.0
KARNATAKA,Mysuru,Chamarajanagara,CHAMARAJANAGARA,HANUR,BAILOORU,10,10,380.0
KARNATAKA,Mysuru,Chamarajanagara,CHAMARAJANAGARA,HANUR,BANDAHALLI,8,7,378.0
KARNATAKA,Mysuru,Chamarajanagara,CHAMARAJANAGARA,HANUR,CHIKKAMALAPURA,6,6,125.0
KARNATAKA,Mysuru,Chamarajanagara,CHAMARAJANAGARA,HANUR,DHINNALLI,6,6,170.0
KARNATAKA,Mysuru,Chamarajanagara,CHAMARAJANAGARA,HANUR,DODDALATTOORU,2,2,204.0
KARNATAKA,Mysuru,Chamarajanagara,CHAMARAJANAGARA,HANUR,ELLEMALA,9,8,377.0
KARNATAKA,Mysuru,Chamarajanagara,CHAMARAJANAGARA,HANUR,GOPINATHAM,6,5,322.0
KARNATAKA,Mysuru,Chamarajanagara,CHAMARAJANAGARA,HANUR,HOOGYA,11,9,807.0
KARNATAKA,Mysuru,Chamarajanagara,CHAMARAJANAGARA,HANUR,HUTHURU,10,9,424.0
KARNATAKA,Mysuru,Chamarajanagara,CHAMARAJANAGARA,HANUR,KANNURU,5,4,277.0
KARNATAKA,Mysuru,Chamarajanagara,CHAMARAJANAGARA,HANUR,KOWDALLI,10,8,749.0
KARNATAKA,Mysuru,Chamarajanagara,CHAMARAJANAGARA,HANUR,KURATTIHOSURU,5,5,182.0
KARNATAKA,Mysuru,Chamarajanagara,CHAMARAJANAGARA,HANUR,LOKKANAHALLI,5,4,353.0
KARNATAKA,Mysuru,Chamarajanagara,CHAMARAJANAGARA,HANUR,M.M HILLS,17,16,1062.0
KARNATAKA,Mysuru,Chamarajanagara,CHAMARAJANAGARA,HANUR,MANAGALLI,7,6,232.0
KARNATAKA,Mysuru,Chamarajanagara,CHAMARAJANAGARA,HANUR,MANGALA,6,5,495.0
KARNATAKA,Mysuru,Chamarajanagara,CHAMARAJANAGARA,HANUR,MARTALLI,11,10,924.0
KARNATAKA,Mysuru,Chamarajanagara,CHAMARAJANAGARA,HANUR,MINYAM,6,6,345.0
KARNATAKA,Mysuru,Chamarajanagara,CHAMARAJANAGARA,HANUR,P.G PALYA,11,10,435.0
KARNATAKA,Mysuru,Chamarajanagara,CHAMARAJANAGARA,HANUR,PONNACHI,4,4,250.0
KARNATAKA,Mysuru,Chamarajanagara,CHAMARAJANAGARA,HANUR,RAMAPURA,11,9,1066.0
KARNATAKA,Mysuru,Chamarajanagara,CHAMARAJANAGARA,HANUR,SHAGYAM,6,6,589.0
KARNATAKA,Mysuru,Chamarajanagara,CHAMARAJANAGARA,HANUR,SHETTALLI,9,9,277.0
KARNATAKA,Mysuru,Chamarajanagara,CHAMARAJANAGARA,HANUR,SULERIPALYA,7,7,350.0
KARNATAKA,Mysuru,Chamarajanagara,CHAMARAJANAGARA,KOLLEGAL,CHIKKALLURU,8,6,233.0
KARNATAKA,Mysuru,Chamarajanagara,CHAMARAJANAGARA,KOLLEGAL,DHANAGERE,8,8,370.0
KARNATAKA,Mysuru,Chamarajanagara,CHAMARAJANAGARA,KOLLEGAL,DODDINDUVADI,4,3,390.0
KARNATAKA,Mysuru,Chamarajanagara,CHAMARAJANAGARA,KOLLEGAL,HARALE,5,5,252.0
KARNATAKA,Mysuru,Chamarajanagara,CHAMARAJANAGARA,KOLLEGAL,KONGARAHALLI,4,2,279.0
KARNATAKA,Mysuru,Chamarajanagara,CHAMARAJANAGARA,KOLLEGAL,KUNAGALLI,3,3,366.0
KARNATAKA,Mysuru,Chamarajanagara,CHAMARAJANAGARA,KOLLEGAL,KUNTHUR,8,7,334.0
KARNATAKA,Mysuru,Chamarajanagara,CHAMARAJANAGARA,KOLLEGAL,MADUVINAHALLI,5,5,367.0
KARNATAKA,Mysuru,Chamarajanagara,CHAMARAJANAGARA,KOLLEGAL,MULLURU,1,1,264.0
KARNATAKA,Mysuru,Chamarajanagara,CHAMARAJANAGARA,KOLLEGAL,PALYA,4,3,479.0
KARNATAKA,Mysuru,Chamarajanagara,CHAMARAJANAGARA,KOLLEGAL,SATHEGALA,11,11,635.0
KARNATAKA,Mysuru,Chamarajanagara,CHAMARAJANAGARA,KOLLEGAL,SIDDAIAHNAPURA,2,2,188.0
KARNATAKA,Mysuru,Chamarajanagara,CHAMARAJANAGARA,KOLLEGAL,SINGANALLURU,8,7,226.0
KARNATAKA,Mysuru,Chamarajanagara,CHAMARAJANAGARA,KOLLEGAL,TAGARAPURA,8,7,435.0
KARNATAKA,Mysuru,Chamarajanagara,CHAMARAJANAGARA,KOLLEGAL,THELLANURU,6,6,258.0
KARNATAKA,Mysuru,Chamarajanagara,CHAMARAJANAGARA,KOLLEGAL,THIMMARAAJIPURA,8,8,762.0
KARNATAKA,Mysuru,Chamarajanagara,CHAMARAJANAGARA,YELANDUR,AGARA,4,3,364.0
KARNATAKA,Mysuru,Chamarajanagara,CHAMARAJANAGARA,YELANDUR,AMBALE,6,5,251.0
KARNATAKA,Mysuru,Chamarajanagara,CHAMARAJANAGARA,YELANDUR,BILIGIRI RANGANABETTA,5,5,492.0
KARNATAKA,Mysuru,Chamarajanagara,CHAMARAJANAGARA,YELANDUR,DUGGATTI,7,6,827.0
KARNATAKA,Mysuru,Chamarajanagara,CHAMARAJANAGARA,YELANDUR,GOWDAHALLI,10,9,282.0
KARNATAKA,Mysuru,Chamarajanagara,CHAMARAJANAGARA,YELANDUR,GUMBALLI,6,5,363.0
KARNATAKA,Mysuru,Chamarajanagara,CHAMARAJANAGARA,YELANDUR,HONNURU,2,2,228.0
KARNATAKA,Mysuru,Chamarajanagara,CHAMARAJANAGARA,YELANDUR,KESTUR,6,5,476.0
KARNATAKA,Mysuru,Chamarajanagara,CHAMARAJANAGARA,YELANDUR,MADDURU,4,4,243.0
KARNATAKA,Mysuru,Chamarajanagara,CHAMARAJANAGARA,YELANDUR,MAMBALLI,6,4,153.0
KARNATAKA,Mysuru,Chamarajanagara,CHAMARAJANAGARA,YELANDUR,YARIYURU,4,4,381.0
KARNATAKA,Mysuru,Chamarajanagara,CHAMARAJANAGARA,YELANDUR,YERAGAMBALLI,4,4,228.0
KARNATAKA,Mysuru,Chikkamagaluru,CHIKKAMANGALURU,BIRURU,BALLIGANUR,6,5,152.0
KARNATAKA,Mysuru,Chikkamagaluru,CHIKKAMANGALURU,BIRURU,BANUR,5,4,193.0
KARNATAKA,Mysuru,Chikkamagaluru,CHIKKAMANGALURU,BIRURU,BISLEHALLI,8,8,373.0
KARNATAKA,Mysuru,Chikkamagaluru,CHIKKAMANGALURU,BIRURU,CHEELANAHALLI,2,2,36.0
KARNATAKA,Mysuru,Chikkamagaluru,CHIKKAMANGALURU,BIRURU,CHIKKADEVANUR,5,5,73.0
KARNATAKA,Mysuru,Chikkamagaluru,CHIKKAMANGALURU,BIRURU,CHIKKANGALA,4,4,97.0
KARNATAKA,Mysuru,Chikkamagaluru,CHIKKAMANGALURU,BIRURU,DEVANUR,11,9,229.0
KARNATAKA,Mysuru,Chikkamagaluru,CHIKKAMANGALURU,BIRURU,GULLADAMANE,3,3,56.0
KARNATAKA,Mysuru,Chikkamagaluru,CHIKKAMANGALURU,BIRURU,HALIKERE,4,4,59.0
KARNATAKA,Mysuru,Chikkamagaluru,CHIKKAMANGALURU,BIRURU,HARALAGATTA,1,1,27.0
KARNATAKA,Mysuru,Chikkamagaluru,CHIKKAMANGALURU,BIRURU,HULLEHALLI,7,5,121.0
KARNATAKA,Mysuru,Chikkamagaluru,CHIKKAMANGALURU,BIRURU,JIGANEHALLI,10,10,380.0
KARNATAKA,Mysuru,Chikkamagaluru,CHIKKAMANGALURU,BIRURU,JODIHOCHIHALLI,8,8,678.0
KARNATAKA,Mysuru,Chikkamagaluru,CHIKKAMANGALURU,BIRURU,JODITHIMMAPURA,9,8,211.0
KARNATAKA,Mysuru,Chikkamagaluru,CHIKKAMANGALURU,BIRURU,KAMANADURGA,3,3,27.0
KARNATAKA,Mysuru,Chikkamagaluru,CHIKKAMANGALURU,BIRURU,KORANAHALLI,4,4,65.0
KARNATAKA,Mysuru,Chikkamagaluru,CHIKKAMANGALURU,BIRURU,LINGADAHALLI,7,6,504.0
KARNATAKA,Mysuru,Chikkamagaluru,CHIKKAMANGALURU,BIRURU,MATHIGATTA,1,1,20.0
KARNATAKA,Mysuru,Chikkamagaluru,CHIKKAMANGALURU,BIRURU,NAGARAHAL,5,5,134.0
KARNATAKA,Mysuru,Chikkamagaluru,CHIKKAMANGALURU,BIRURU,NAGENAHALLI,5,5,117.0
KARNATAKA,Mysuru,Chikkamagaluru,CHIKKAMANGALURU,BIRURU,NANDI BATTLU,9,8,529.0
KARNATAKA,Mysuru,Chikkamagaluru,CHIKKAMANGALURU,BIRURU,NIDGHATTA,6,5,178.0
KARNATAKA,Mysuru,Chikkamagaluru,CHIKKAMANGALURU,BIRURU,PILLENAHALLI,7,7,212.0
KARNATAKA,Mysuru,Chikkamagaluru,CHIKKAMANGALURU,BIRURU,S.BIDRE,8,8,467.0
KARNATAKA,Mysuru,Chikkamagaluru,CHIKKAMANGALURU,BIRURU,SAKREPATNA,8,6,266.0
KARNATAKA,Mysuru,Chikkamagaluru,CHIKKAMANGALURU,BIRURU,SARASWATHIPURA,5,4,46.0
KARNATAKA,Mysuru,Chikkamagaluru,CHIKKAMANGALURU,BIRURU,SUNNADAHALLI,5,5,120.0
KARNATAKA,Mysuru,Chikkamagaluru,CHIKKAMANGALURU,BIRURU,THIGADA,4,4,74.0
KARNATAKA,Mysuru,Chikkamagaluru,CHIKKAMANGALURU,BIRURU,UDEVA,4,4,265.0
KARNATAKA,Mysuru,Chikkamagaluru,CHIKKAMANGALURU,BIRURU,V.YARADAKERE,1,1,9.0
KARNATAKA,Mysuru,Chikkamagaluru,CHIKKAMANGALURU,BIRURU,YEMMEDODDI,8,8,225.0
KARNATAKA,Mysuru,Chikkamagaluru,CHIKKAMANGALURU,CHIKMAGALUR,ALDUR,21,14,709.0
KARNATAKA,Mysuru,Chikkamagaluru,CHIKKAMANGALURU,CHIKMAGALUR,ALLAMPURA,6,6,250.0
KARNATAKA,Mysuru,Chikkamagaluru,CHIKKAMANGALURU,CHIKMAGALUR,AMBLE,6,6,554.0
KARNATAKA,Mysuru,Chikkamagaluru,CHIKKAMANGALURU,CHIKMAGALUR,ANOORU,9,9,189.0
KARNATAKA,Mysuru,Chikkamagaluru,CHIKKAMANGALURU,CHIKMAGALUR,AVUTHI,5,5,368.0
KARNATAKA,Mysuru,Chikkamagaluru,CHIKKAMANGALURU,CHIKMAGALUR,BASARAVALLI,4,4,67.0
KARNATAKA,Mysuru,Chikkamagaluru,CHIKKAMANGALURU,CHIKMAGALUR,BASKAL,4,4,111.0
KARNATAKA,Mysuru,Chikkamagaluru,CHIKKAMANGALURU,CHIKMAGALUR,BEEKANAHALLI,5,4,305.0
KARNATAKA,Mysuru,Chikkamagaluru,CHIKKAMANGALURU,CHIKMAGALUR,BELAVADI,6,6,200.0
KARNATAKA,Mysuru,Chikkamagaluru,CHIKKAMANGALURU,CHIKMAGALUR,BIDARE,5,5,55.0
KARNATAKA,Mysuru,Chikkamagaluru,CHIKKAMANGALURU,CHIKMAGALUR,BILEKALLAHALLI,10,10,688.0
KARNATAKA,Mysuru,Chikkamagaluru,CHIKKAMANGALURU,CHIKMAGALUR,BYARAVALLI (MALLANDURU),8,7,203.0
KARNATAKA,Mysuru,Chikkamagaluru,CHIKKAMANGALURU,CHIKMAGALUR,BYGURU,5,5,234.0
KARNATAKA,Mysuru,Chikkamagaluru,CHIKKAMANGALURU,CHIKMAGALUR,DASARAHALLI,2,2,98.0
KARNATAKA,Mysuru,Chikkamagaluru,CHIKKAMANGALURU,CHIKMAGALUR,DEVADANA,10,8,304.0
KARNATAKA,Mysuru,Chikkamagaluru,CHIKKAMANGALURU,CHIKMAGALUR,DODDAMAGARAVALLI,5,5,100.0
KARNATAKA,Mysuru,Chikkamagaluru,CHIKKAMANGALURU,CHIKMAGALUR,ENAM DATTATHREYAPEETA,3,3,32.0
KARNATAKA,Mysuru,Chikkamagaluru,CHIKKAMANGALURU,CHIKMAGALUR,ESWARAHALLI,6,6,188.0
KARNATAKA,Mysuru,Chikkamagaluru,CHIKKAMANGALURU,CHIKMAGALUR,HARIHARADAHALLI,7,7,232.0
KARNATAKA,Mysuru,Chikkamagaluru,CHIKKAMANGALURU,CHIKMAGALUR,HIREGOUJA,8,8,232.0
KARNATAKA,Mysuru,Chikkamagaluru,CHIKKAMANGALURU,CHIKMAGALUR,HIREKOLALE,4,4,146.0
KARNATAKA,Mysuru,Chikkamagaluru,CHIKKAMANGALURU,CHIKMAGALUR,HUYIGERE,7,7,73.0
KARNATAKA,Mysuru,Chikkamagaluru,CHIKKAMANGALURU,CHIKMAGALUR,INDAVARA,5,3,85.0
KARNATAKA,Mysuru,Chikkamagaluru,CHIKKAMANGALURU,CHIKMAGALUR,K.R.PETE (BIGGANAHALLIDAKALE),4,4,95.0
KARNATAKA,Mysuru,Chikkamagaluru,CHIKKAMANGALURU,CHIKMAGALUR,KADAVANTHI,5,5,128.0
KARNATAKA,Mysuru,Chikkamagaluru,CHIKKAMANGALURU,CHIKMAGALUR,KALASAPURA,3,2,407.0
KARNATAKA,Mysuru,Chikkamagaluru,CHIKKAMANGALURU,CHIKMAGALUR,KARTIKERE,8,8,236.0
KARNATAKA,Mysuru,Chikkamagaluru,CHIKKAMANGALURU,CHIKMAGALUR,KELAGOORU,10,10,301.0
KARNATAKA,Mysuru,Chikkamagaluru,CHIKKAMANGALURU,CHIKMAGALUR,KUDUVALLI,5,5,108.0
KARNATAKA,Mysuru,Chikkamagaluru,CHIKKAMANGALURU,CHIKMAGALUR,KURUBARABUDIHALU,2,2,161.0
KARNATAKA,Mysuru,Chikkamagaluru,CHIKKAMANGALURU,CHIKMAGALUR,LAKKAMMANAHALLI,7,7,128.0
KARNATAKA,Mysuru,Chikkamagaluru,CHIKKAMANGALURU,CHIKMAGALUR,LAKYA,8,7,150.0
KARNATAKA,Mysuru,Chikkamagaluru,CHIKKAMANGALURU,CHIKMAGALUR,MACHENAHALLI,2,2,102.0
KARNATAKA,Mysuru,Chikkamagaluru,CHIKKAMANGALURU,CHIKMAGALUR,MAILIMANE,8,8,193.0
KARNATAKA,Mysuru,Chikkamagaluru,CHIKKAMANGALURU,CHIKMAGALUR,MALALOOR,5,4,73.0
KARNATAKA,Mysuru,Chikkamagaluru,CHIKKAMANGALURU,CHIKMAGALUR,MALLENAHALLI (BINDIGA),13,12,575.0
KARNATAKA,Mysuru,Chikkamagaluru,CHIKKAMANGALURU,CHIKMAGALUR,MARLE,10,9,279.0
KARNATAKA,Mysuru,Chikkamagaluru,CHIKKAMANGALURU,CHIKMAGALUR,MELINA HULUVATTHI,4,4,41.0
KARNATAKA,Mysuru,Chikkamagaluru,CHIKKAMANGALURU,CHIKMAGALUR,MOOGTHIHALLI,11,5,126.0
KARNATAKA,Mysuru,Chikkamagaluru,CHIKKAMANGALURU,CHIKMAGALUR,MUGULAVALLI,6,5,164.0
KARNATAKA,Mysuru,Chikkamagaluru,CHIKKAMANGALURU,CHIKMAGALUR,SATTHIHALLI,9,7,383.0
KARNATAKA,Mysuru,Chikkamagaluru,CHIKKAMANGALURU,CHIKMAGALUR,SHIRAVASE,9,8,289.0
KARNATAKA,Mysuru,Chikkamagaluru,CHIKKAMANGALURU,CHIKMAGALUR,SINDIGERE,6,5,372.0
KARNATAKA,Mysuru,Chikkamagaluru,CHIKKAMANGALURU,CHIKMAGALUR,THALIHALLA,7,7,172.0
KARNATAKA,Mysuru,Chikkamagaluru,CHIKKAMANGALURU,CHIKMAGALUR,THEGUR,8,7,407.0
KARNATAKA,Mysuru,Chikkamagaluru,CHIKKAMANGALURU,CHIKMAGALUR,THOGARIHUNKAL,9,8,317.0
KARNATAKA,Mysuru,Chikkamagaluru,CHIKKAMANGALURU,CHIKMAGALUR,VASTHARE,5,5,104.0
KARNATAKA,Mysuru,Chikkamagaluru,CHIKKAMANGALURU,KADUR,ANIGERE,5,4,121.0
KARNATAKA,Mysuru,Chikkamagaluru,CHIKKAMANGALURU,KADUR,ANNEGERE,5,5,154.0
KARNATAKA,Mysuru,Chikkamagaluru,CHIKKAMANGALURU,KADUR,ANTHARAGATTA,10,8,264.0
KARNATAKA,Mysuru,Chikkamagaluru,CHIKKAMANGALURU,KADUR,ASANDI,2,2,103.0
KARNATAKA,Mysuru,Chikkamagaluru,CHIKKAMANGALURU,KADUR,BALLEKERE,5,5,134.0
KARNATAKA,Mysuru,Chikkamagaluru,CHIKKAMANGALURU,KADUR,BASUR,5,5,232.0
KARNATAKA,Mysuru,Chikkamagaluru,CHIKKAMANGALURU,KADUR,BILUVALA,7,7,261.0
KARNATAKA,Mysuru,Chikkamagaluru,CHIKKAMANGALURU,KADUR,BISLERE,3,3,117.0
KARNATAKA,Mysuru,Chikkamagaluru,CHIKKAMANGALURU,KADUR,CHEELANAHALLI,5,5,54.0
KARNATAKA,Mysuru,Chikkamagaluru,CHIKKAMANGALURU,KADUR,CHIKKABALLEKERE,6,6,137.0
KARNATAKA,Mysuru,Chikkamagaluru,CHIKKAMANGALURU,KADUR,CHOWLAHIRIYUR,6,6,615.0
KARNATAKA,Mysuru,Chikkamagaluru,CHIKKAMANGALURU,KADUR,GANGANAHALLI,5,5,110.0
KARNATAKA,Mysuru,Chikkamagaluru,CHIKKAMANGALURU,KADUR,GARJE,3,3,131.0
KARNATAKA,Mysuru,Chikkamagaluru,CHIKKAMANGALURU,KADUR,GIRIYAPURA,3,2,86.0
KARNATAKA,Mysuru,Chikkamagaluru,CHIKKAMANGALURU,KADUR,HARALAGATTA,1,1,9.0
KARNATAKA,Mysuru,Chikkamagaluru,CHIKKAMANGALURU,KADUR,HIRENALLUR,6,5,236.0
KARNATAKA,Mysuru,Chikkamagaluru,CHIKKAMANGALURU,KADUR,HOCHIHALLI,2,2,130.0
KARNATAKA,Mysuru,Chikkamagaluru,CHIKKAMANGALURU,KADUR,K.BIDRE,7,7,175.0
KARNATAKA,Mysuru,Chikkamagaluru,CHIKKAMANGALURU,KADUR,KADURHALLI,2,2,74.0
KARNATAKA,Mysuru,Chikkamagaluru,CHIKKAMANGALURU,KADUR,KALKERE,3,3,79.0
KARNATAKA,Mysuru,Chikkamagaluru,CHIKKAMANGALURU,KADUR,KAMANAKERE,6,6,517.0
KARNATAKA,Mysuru,Chikkamagaluru,CHIKKAMANGALURU,KADUR,KERESANTHE,9,9,201.0
KARNATAKA,Mysuru,Chikkamagaluru,CHIKKAMANGALURU,KADUR,KUNKANADU,6,6,141.0
KARNATAKA,Mysuru,Chikkamagaluru,CHIKKAMANGALURU,KADUR,MALLESHWARA,7,6,200.0
KARNATAKA,Mysuru,Chikkamagaluru,CHIKKAMANGALURU,KADUR,MATHIGATTA,11,10,477.0
KARNATAKA,Mysuru,Chikkamagaluru,CHIKKAMANGALURU,KADUR,NIDUVALLI,4,4,144.0
KARNATAKA,Mysuru,Chikkamagaluru,CHIKKAMANGALURU,KADUR,PANCHANAHALLI,6,4,377.0
KARNATAKA,Mysuru,Chikkamagaluru,CHIKKAMANGALURU,KADUR,PATNAGERE,4,3,37.0
KARNATAKA,Mysuru,Chikkamagaluru,CHIKKAMANGALURU,KADUR,PURA,9,8,168.0
KARNATAKA,Mysuru,Chikkamagaluru,CHIKKAMANGALURU,KADUR,S.MADAPURA,5,5,114.0
KARNATAKA,Mysuru,Chikkamagaluru,CHIKKAMANGALURU,KADUR,SINGATAGERE,12,10,486.0
KARNATAKA,Mysuru,Chikkamagaluru,CHIKKAMANGALURU,KADUR,SOMANAHALLI,6,6,196.0
KARNATAKA,Mysuru,Chikkamagaluru,CHIKKAMANGALURU,KADUR,TANGALI,8,6,343.0
KARNATAKA,Mysuru,Chikkamagaluru,CHIKKAMANGALURU,KADUR,THIMLAPURA,7,7,182.0
KARNATAKA,Mysuru,Chikkamagaluru,CHIKKAMANGALURU,KADUR,UDUGERE,6,6,369.0
KARNATAKA,Mysuru,Chikkamagaluru,CHIKKAMANGALURU,KADUR,ULIGERE,4,4,113.0
KARNATAKA,Mysuru,Chikkamagaluru,CHIKKAMANGALURU,KADUR,V.YARADAKERE,3,3,84.0
KARNATAKA,Mysuru,Chikkamagaluru,CHIKKAMANGALURU,KADUR,VOKKALAGERE,8,8,256.0
KARNATAKA,Mysuru,Chikkamagaluru,CHIKKAMANGALURU,KADUR,Y.MALLAPURA,5,5,178.0
KARNATAKA,Mysuru,Chikkamagaluru,CHIKKAMANGALURU,KADUR,YAGATI,7,6,193.0
KARNATAKA,Mysuru,Chikkamagaluru,CHIKKAMANGALURU,KADUR,YELLAMBALSE,5,5,204.0
KARNATAKA,Mysuru,Chikkamagaluru,CHIKKAMANGALURU,KOPPA,AGALAGANDI,4,4,273.0
KARNATAKA,Mysuru,Chikkamagaluru,CHIKKAMANGALURU,KOPPA,ASAGODU,5,5,81.0
KARNATAKA,Mysuru,Chikkamagaluru,CHIKKAMANGALURU,KOPPA,ATTHIKODIGE,11,9,519.0
KARNATAKA,Mysuru,Chikkamagaluru,CHIKKAMANGALURU,KOPPA,BHANDIGADI,4,4,108.0
KARNATAKA,Mysuru,Chikkamagaluru,CHIKKAMANGALURU,KOPPA,BHUVANAKOTE (UTTAMESWARA),3,3,118.0
KARNATAKA,Mysuru,Chikkamagaluru,CHIKKAMANGALURU,KOPPA,BINTHRAVALLI,4,4,292.0
KARNATAKA,Mysuru,Chikkamagaluru,CHIKKAMANGALURU,KOPPA,CHAVALMANE,3,3,299.0
KARNATAKA,Mysuru,Chikkamagaluru,CHIKKAMANGALURU,KOPPA,GUDDETHOTA,6,6,172.0
KARNATAKA,Mysuru,Chikkamagaluru,CHIKKAMANGALURU,KOPPA,HARANDUR (KOPPA),7,6,318.0
KARNATAKA,Mysuru,Chikkamagaluru,CHIKKAMANGALURU,KOPPA,HARIHARAPURA,4,3,158.0
KARNATAKA,Mysuru,Chikkamagaluru,CHIKKAMANGALURU,KOPPA,HERURU,10,10,716.0
KARNATAKA,Mysuru,Chikkamagaluru,CHIKKAMANGALURU,KOPPA,HIREGADDE,4,3,41.0
KARNATAKA,Mysuru,Chikkamagaluru,CHIKKAMANGALURU,KOPPA,HIREKODIGE,7,5,178.0
KARNATAKA,Mysuru,Chikkamagaluru,CHIKKAMANGALURU,KOPPA,JAYAPURA,10,7,586.0
KARNATAKA,Mysuru,Chikkamagaluru,CHIKKAMANGALURU,KOPPA,KESAVE,3,3,66.0
KARNATAKA,Mysuru,Chikkamagaluru,CHIKKAMANGALURU,KOPPA,KOPPA (RURAL),5,2,57.0
KARNATAKA,Mysuru,Chikkamagaluru,CHIKKAMANGALURU,KOPPA,MARITHOTLU (ANDHAGARU),4,4,71.0
KARNATAKA,Mysuru,Chikkamagaluru,CHIKKAMANGALURU,KOPPA,NARASIPURA (NARVE),5,4,98.0
KARNATAKA,Mysuru,Chikkamagaluru,CHIKKAMANGALURU,KOPPA,NILUVAGILU,3,2,155.0
KARNATAKA,Mysuru,Chikkamagaluru,CHIKKAMANGALURU,KOPPA,NUGGI (BAPPUNJI),5,5,66.0
KARNATAKA,Mysuru,Chikkamagaluru,CHIKKAMANGALURU,KOPPA,SHANUVALLI,1,1,30.0
KARNATAKA,Mysuru,Chikkamagaluru,CHIKKAMANGALURU,KOPPA,TULUVINAKOPPA (KALKERE),5,5,141.0
KARNATAKA,Mysuru,Chikkamagaluru,CHIKKAMANGALURU,MOODIGERE,B.BOSAHALLI (BHARATIBYLU),3,3,67.0
KARNATAKA,Mysuru,Chikkamagaluru,CHIKKAMANGALURU,MOODIGERE,BALUR,4,4,315.0
KARNATAKA,Mysuru,Chikkamagaluru,CHIKKAMANGALURU,MOODIGERE,BANAKAL,11,9,533.0
KARNATAKA,Mysuru,Chikkamagaluru,CHIKKAMANGALURU,MOODIGERE,BETTAGERE,6,6,109.0
KARNATAKA,Mysuru,Chikkamagaluru,CHIKKAMANGALURU,MOODIGERE,BIDARAHALLI,6,6,384.0
KARNATAKA,Mysuru,Chikkamagaluru,CHIKKAMANGALURU,MOODIGERE,CHINNIGA,7,5,200.0
KARNATAKA,Mysuru,Chikkamagaluru,CHIKKAMANGALURU,MOODIGERE,COOVE,7,7,207.0
KARNATAKA,Mysuru,Chikkamagaluru,CHIKKAMANGALURU,MOODIGERE,DARADAHALLI,8,8,198.0
KARNATAKA,Mysuru,Chikkamagaluru,CHIKKAMANGALURU,MOODIGERE,GONIBEEDU,13,12,600.0
KARNATAKA,Mysuru,Chikkamagaluru,CHIKKAMANGALURU,MOODIGERE,HALEMUDIGERE,7,7,664.0
KARNATAKA,Mysuru,Chikkamagaluru,CHIKKAMANGALURU,MOODIGERE,HANTHURU,9,9,157.0
KARNATAKA,Mysuru,Chikkamagaluru,CHIKKAMANGALURU,MOODIGERE,HESAGAL (BELAGOLA),9,5,235.0
KARNATAKA,Mysuru,Chikkamagaluru,CHIKKAMANGALURU,MOODIGERE,HORNADU,4,4,201.0
KARNATAKA,Mysuru,Chikkamagaluru,CHIKKAMANGALURU,MOODIGERE,IDKANI,5,5,106.0
KARNATAKA,Mysuru,Chikkamagaluru,CHIKKAMANGALURU,MOODIGERE,JAVALI,5,4,130.0
KARNATAKA,Mysuru,Chikkamagaluru,CHIKKAMANGALURU,MOODIGERE,KALASA (MAVINAKERE,13,11,833.0
KARNATAKA,Mysuru,Chikkamagaluru,CHIKKAMANGALURU,MOODIGERE,KIRUGUNDA,4,4,115.0
KARNATAKA,Mysuru,Chikkamagaluru,CHIKKAMANGALURU,MOODIGERE,KUNDUR,3,3,42.0
KARNATAKA,Mysuru,Chikkamagaluru,CHIKKAMANGALURU,MOODIGERE,MAKONAHALLI,8,8,188.0
KARNATAKA,Mysuru,Chikkamagaluru,CHIKKAMANGALURU,MOODIGERE,MARASANIGE,6,5,227.0
KARNATAKA,Mysuru,Chikkamagaluru,CHIKKAMANGALURU,MOODIGERE,NANDIPURA,3,3,53.0
KARNATAKA,Mysuru,Chikkamagaluru,CHIKKAMANGALURU,MOODIGERE,NIDUVALE,2,2,87.0
KARNATAKA,Mysuru,Chikkamagaluru,CHIKKAMANGALURU,MOODIGERE,PHALGUNI,7,7,198.0
KARNATAKA,Mysuru,Chikkamagaluru,CHIKKAMANGALURU,MOODIGERE,SAMSE,5,5,354.0
KARNATAKA,Mysuru,Chikkamagaluru,CHIKKAMANGALURU,MOODIGERE,SUNKASALE,6,6,100.0
KARNATAKA,Mysuru,Chikkamagaluru,CHIKKAMANGALURU,MOODIGERE,TARUVE,3,3,355.0
KARNATAKA,Mysuru,Chikkamagaluru,CHIKKAMANGALURU,MOODIGERE,THOTADUR,2,2,24.0
KARNATAKA,Mysuru,Chikkamagaluru,CHIKKAMANGALURU,MOODIGERE,TRIPURA,3,3,66.0
KARNATAKA,Mysuru,Chikkamagaluru,CHIKKAMANGALURU,MOODIGERE,URUBAGE,3,3,79.0
KARNATAKA,Mysuru,Chikkamagaluru,CHIKKAMANGALURU,NARASIMHARAJAPURA,ADUVALLI (GADIGESHWARA),6,6,129.0
KARNATAKA,Mysuru,Chikkamagaluru,CHIKKAMANGALURU,NARASIMHARAJAPURA,B.KANABUR ( BALEHONNUR ),14,8,818.0
KARNATAKA,Mysuru,Chikkamagaluru,CHIKKAMANGALURU,NARASIMHARAJAPURA,BALE ( MUDABAGILU ),4,4,123.0
KARNATAKA,Mysuru,Chikkamagaluru,CHIKKAMANGALURU,NARASIMHARAJAPURA,BANNUR,4,4,75.0
KARNATAKA,Mysuru,Chikkamagaluru,CHIKKAMANGALURU,NARASIMHARAJAPURA,GUBBIGA,2,2,137.0
KARNATAKA,Mysuru,Chikkamagaluru,CHIKKAMANGALURU,NARASIMHARAJAPURA,HONNEKUDIGE ( HANTHUVINE),2,2,53.0
KARNATAKA,Mysuru,Chikkamagaluru,CHIKKAMANGALURU,NARASIMHARAJAPURA,KADAHINABYLU,5,5,144.0
KARNATAKA,Mysuru,Chikkamagaluru,CHIKKAMANGALURU,NARASIMHARAJAPURA,KANUR,6,6,176.0
KARNATAKA,Mysuru,Chikkamagaluru,CHIKKAMANGALURU,NARASIMHARAJAPURA,KAREKESHWARA ( MELPAL),4,4,93.0
KARNATAKA,Mysuru,Chikkamagaluru,CHIKKAMANGALURU,NARASIMHARAJAPURA,MAGUNDI,2,2,255.0
KARNATAKA,Mysuru,Chikkamagaluru,CHIKKAMANGALURU,NARASIMHARAJAPURA,MENSUR,7,7,322.0
KARNATAKA,Mysuru,Chikkamagaluru,CHIKKAMANGALURU,NARASIMHARAJAPURA,MUTHINAKOPPA,17,16,381.0
KARNATAKA,Mysuru,Chikkamagaluru,CHIKKAMANGALURU,NARASIMHARAJAPURA,NAGALAPURA ( G.H.KAIMARA),4,2,45.0
KARNATAKA,Mysuru,Chikkamagaluru,CHIKKAMANGALURU,NARASIMHARAJAPURA,SEETHUR,8,8,147.0
KARNATAKA,Mysuru,Chikkamagaluru,CHIKKAMANGALURU,SRINGERI,ADDAGADDE,4,4,130.0
KARNATAKA,Mysuru,Chikkamagaluru,CHIKKAMANGALURU,SRINGERI,BEGARU,3,3,487.0
KARNATAKA,Mysuru,Chikkamagaluru,CHIKKAMANGALURU,SRINGERI,DHAREKOPPA,3,3,100.0
KARNATAKA,Mysuru,Chikkamagaluru,CHIKKAMANGALURU,SRINGERI,KERE,1,1,7.0
KARNATAKA,Mysuru,Chikkamagaluru,CHIKKAMANGALURU,SRINGERI,KUTHAGODU,4,4,67.0
KARNATAKA,Mysuru,Chikkamagaluru,CHIKKAMANGALURU,SRINGERI,MARKAL ( KIGGA ),6,6,182.0
KARNATAKA,Mysuru,Chikkamagaluru,CHIKKAMANGALURU,SRINGERI,MENASE,5,5,330.0
KARNATAKA,Mysuru,Chikkamagaluru,CHIKKAMANGALURU,SRINGERI,NEMMARU,4,4,238.0
KARNATAKA,Mysuru,Chikkamagaluru,CHIKKAMANGALURU,SRINGERI,VIDYARANAYAPURA,10,6,385.0
KARNATAKA,Mysuru,Chikkamagaluru,CHIKKAMANGALURU,TARIKERE,AMRUTHAPURA,8,8,332.0
KARNATAKA,Mysuru,Chikkamagaluru,CHIKKAMANGALURU,TARIKERE,ANUVANAHALLI,3,2,45.0
KARNATAKA,Mysuru,Chikkamagaluru,CHIKKAMANGALURU,TARIKERE,ATTIMOGGE,9,8,145.0
KARNATAKA,Mysuru,Chikkamagaluru,CHIKKAMANGALURU,TARIKERE,BAGGAVALLI,7,7,143.0
KARNATAKA,Mysuru,Chikkamagaluru,CHIKKAMANGALURU,TARIKERE,BARAGENAHALLI,4,4,124.0
KARNATAKA,Mysuru,Chikkamagaluru,CHIKKAMANGALURU,TARIKERE,BEGUR,8,8,199.0
KARNATAKA,Mysuru,Chikkamagaluru,CHIKKAMANGALURU,TARIKERE,BELENAHALLI,8,8,399.0
KARNATAKA,Mysuru,Chikkamagaluru,CHIKKAMANGALURU,TARIKERE,BETTADAHALLI,4,4,125.0
KARNATAKA,Mysuru,Chikkamagaluru,CHIKKAMANGALURU,TARIKERE,BHAVIKERE,6,5,505.0
KARNATAKA,Mysuru,Chikkamagaluru,CHIKKAMANGALURU,TARIKERE,BUKKAMBUDI,7,6,328.0
KARNATAKA,Mysuru,Chikkamagaluru,CHIKKAMANGALURU,TARIKERE,CHEERANAHALLI,5,5,130.0
KARNATAKA,Mysuru,Chikkamagaluru,CHIKKAMANGALURU,TARIKERE,CHIKKANAVANGALA,6,6,147.0
KARNATAKA,Mysuru,Chikkamagaluru,CHIKKAMANGALURU,TARIKERE,DORANALU,5,5,198.0
KARNATAKA,Mysuru,Chikkamagaluru,CHIKKAMANGALURU,TARIKERE,GADIHALLI,5,5,164.0
KARNATAKA,Mysuru,Chikkamagaluru,CHIKKAMANGALURU,TARIKERE,GOPALA,4,4,169.0
KARNATAKA,Mysuru,Chikkamagaluru,CHIKKAMANGALURU,TARIKERE,GOWRAPURA,3,3,48.0
KARNATAKA,Mysuru,Chikkamagaluru,CHIKKAMANGALURU,TARIKERE,HADIKERE,5,5,155.0
KARNATAKA,Mysuru,Chikkamagaluru,CHIKKAMANGALURU,TARIKERE,HALASUR,3,3,102.0
KARNATAKA,Mysuru,Chikkamagaluru,CHIKKAMANGALURU,TARIKERE,HUNASAGHATTA,5,5,236.0
KARNATAKA,Mysuru,Chikkamagaluru,CHIKKAMANGALURU,TARIKERE,JAVOOR,3,3,183.0
KARNATAKA,Mysuru,Chikkamagaluru,CHIKKAMANGALURU,TARIKERE,KALLENAHALLI,6,6,178.0
KARNATAKA,Mysuru,Chikkamagaluru,CHIKKAMANGALURU,TARIKERE,KARKUCHI,6,6,259.0
KARNATAKA,Mysuru,Chikkamagaluru,CHIKKAMANGALURU,TARIKERE,KENCHIKOPPA,5,5,96.0
KARNATAKA,Mysuru,Chikkamagaluru,CHIKKAMANGALURU,TARIKERE,KORANAHALLI,5,5,157.0
KARNATAKA,Mysuru,Chikkamagaluru,CHIKKAMANGALURU,TARIKERE,KORATIKERE,4,4,167.0
KARNATAKA,Mysuru,Chikkamagaluru,CHIKKAMANGALURU,TARIKERE,KUDLUR,6,5,121.0
KARNATAKA,Mysuru,Chikkamagaluru,CHIKKAMANGALURU,TARIKERE,LAKKAVALLI,8,5,241.0
KARNATAKA,Mysuru,Chikkamagaluru,CHIKKAMANGALURU,TARIKERE,MALALICHANNENAHALLI,8,6,509.0
KARNATAKA,Mysuru,Chikkamagaluru,CHIKKAMANGALURU,TARIKERE,MUDUGODU,5,5,428.0
KARNATAKA,Mysuru,Chikkamagaluru,CHIKKAMANGALURU,TARIKERE,MUGALI,6,5,65.0
KARNATAKA,Mysuru,Chikkamagaluru,CHIKKAMANGALURU,TARIKERE,NARANAPURA,2,2,56.0
KARNATAKA,Mysuru,Chikkamagaluru,CHIKKAMANGALURU,TARIKERE,NERLEKERE,4,3,210.0
KARNATAKA,Mysuru,Chikkamagaluru,CHIKKAMANGALURU,TARIKERE,SHIVANI,5,4,675.0
KARNATAKA,Mysuru,Chikkamagaluru,CHIKKAMANGALURU,TARIKERE,SHYANUBOGANAHALLI,5,5,110.0
KARNATAKA,Mysuru,Chikkamagaluru,CHIKKAMANGALURU,TARIKERE,SIDDARAHALLI,8,8,217.0
KARNATAKA,Mysuru,Chikkamagaluru,CHIKKAMANGALURU,TARIKERE,SOKKE,7,7,555.0
KARNATAKA,Mysuru,Chikkamagaluru,CHIKKAMANGALURU,TARIKERE,SOLLAPURA,3,3,65.0
KARNATAKA,Mysuru,Chikkamagaluru,CHIKKAMANGALURU,TARIKERE,TYAGADAKATTE,8,7,126.0
KARNATAKA,Mysuru,Dakshina Kannada,DAKSHINA KANNADA,BANTWAL,ALIKE,3,2,284.0
KARNATAKA,Mysuru,Dakshina Kannada,DAKSHINA KANNADA,BANTWAL,AMMUNJE,2,2,132.0
KARNATAKA,Mysuru,Dakshina Kannada,DAKSHINA KANNADA,BANTWAL,AMTADI,4,3,273.0
KARNATAKA,Mysuru,Dakshina Kannada,DAKSHINA KANNADA,BANTWAL,ANATHADI,2,2,176.0
KARNATAKA,Mysuru,Dakshina Kannada,DAKSHINA KANNADA,BANTWAL,ARALA,5,4,325.0
KARNATAKA,Mysuru,Dakshina Kannada,DAKSHINA KANNADA,BANTWAL,BADAGABELLURU,1,1,92.0
KARNATAKA,Mysuru,Dakshina Kannada,DAKSHINA KANNADA,BANTWAL,BADAKAJEKARU,3,3,224.0
KARNATAKA,Mysuru,Dakshina Kannada,DAKSHINA KANNADA,BANTWAL,BALEPUNI,10,6,1370.0
KARNATAKA,Mysuru,Dakshina Kannada,DAKSHINA KANNADA,BANTWAL,BALTHILA,4,3,221.0
KARNATAKA,Mysuru,Dakshina Kannada,DAKSHINA KANNADA,BANTWAL,BARIMARU,1,1,75.0
KARNATAKA,Mysuru,Dakshina Kannada,DAKSHINA KANNADA,BANTWAL,BOLANTTHURU,2,1,193.0
KARNATAKA,Mysuru,Dakshina Kannada,DAKSHINA KANNADA,BANTWAL,CHENNAITHODI,8,7,567.0
KARNATAKA,Mysuru,Dakshina Kannada,DAKSHINA KANNADA,BANTWAL,GOLTHAMAJALU,7,5,1246.0
KARNATAKA,Mysuru,Dakshina Kannada,DAKSHINA KANNADA,BANTWAL,IDKIDU,6,4,417.0
KARNATAKA,Mysuru,Dakshina Kannada,DAKSHINA KANNADA,BANTWAL,IRA,4,4,553.0
KARNATAKA,Mysuru,Dakshina Kannada,DAKSHINA KANNADA,BANTWAL,IRVATHUR,4,3,262.0
KARNATAKA,Mysuru,Dakshina Kannada,DAKSHINA KANNADA,BANTWAL,KADESHWALYA,4,4,510.0
KARNATAKA,Mysuru,Dakshina Kannada,DAKSHINA KANNADA,BANTWAL,KALLIGE,3,3,410.0
KARNATAKA,Mysuru,Dakshina Kannada,DAKSHINA KANNADA,BANTWAL,KANYANA,9,7,540.0
KARNATAKA,Mysuru,Dakshina Kannada,DAKSHINA KANNADA,BANTWAL,KARIANGALA,4,2,253.0
KARNATAKA,Mysuru,Dakshina Kannada,DAKSHINA KANNADA,BANTWAL,KAROPADI,6,5,223.0
KARNATAKA,Mysuru,Dakshina Kannada,DAKSHINA KANNADA,BANTWAL,KAVALAMUDURU,6,4,442.0
KARNATAKA,Mysuru,Dakshina Kannada,DAKSHINA KANNADA,BANTWAL,KAVALAPADURU,5,5,576.0
KARNATAKA,Mysuru,Dakshina Kannada,DAKSHINA KANNADA,BANTWAL,KEDILA,4,4,413.0
KARNATAKA,Mysuru,Dakshina Kannada,DAKSHINA KANNADA,BANTWAL,KEPU,8,7,772.0
KARNATAKA,Mysuru,Dakshina Kannada,DAKSHINA KANNADA,BANTWAL,KOLANDU,12,12,1457.0
KARNATAKA,Mysuru,Dakshina Kannada,DAKSHINA KANNADA,BANTWAL,KUKKIPADI,5,3,92.0
KARNATAKA,Mysuru,Dakshina Kannada,DAKSHINA KANNADA,BANTWAL,KURNADU,3,2,154.0
KARNATAKA,Mysuru,Dakshina Kannada,DAKSHINA KANNADA,BANTWAL,MANCHI,5,4,395.0
KARNATAKA,Mysuru,Dakshina Kannada,DAKSHINA KANNADA,BANTWAL,MANI,3,1,188.0
KARNATAKA,Mysuru,Dakshina Kannada,DAKSHINA KANNADA,BANTWAL,MANILA,4,4,147.0
KARNATAKA,Mysuru,Dakshina Kannada,DAKSHINA KANNADA,BANTWAL,MANINALKUR,5,4,345.0
KARNATAKA,Mysuru,Dakshina Kannada,DAKSHINA KANNADA,BANTWAL,MERAMAJALU,5,4,376.0
KARNATAKA,Mysuru,Dakshina Kannada,DAKSHINA KANNADA,BANTWAL,NARIKOMBU,6,6,680.0
KARNATAKA,Mysuru,Dakshina Kannada,DAKSHINA KANNADA,BANTWAL,NARINGANA,4,3,1125.0
KARNATAKA,Mysuru,Dakshina Kannada,DAKSHINA KANNADA,BANTWAL,NAVOORU,5,5,233.0
KARNATAKA,Mysuru,Dakshina Kannada,DAKSHINA KANNADA,BANTWAL,NETLAMUDNUR,3,2,143.0
KARNATAKA,Mysuru,Dakshina Kannada,DAKSHINA KANNADA,BANTWAL,PAJIRU,8,6,409.0
KARNATAKA,Mysuru,Dakshina Kannada,DAKSHINA KANNADA,BANTWAL,PANJIKALLU,4,4,1146.0
KARNATAKA,Mysuru,Dakshina Kannada,DAKSHINA KANNADA,BANTWAL,PERAJE,2,1,47.0
KARNATAKA,Mysuru,Dakshina Kannada,DAKSHINA KANNADA,BANTWAL,PERNE,5,5,246.0
KARNATAKA,Mysuru,Dakshina Kannada,DAKSHINA KANNADA,BANTWAL,PERUVAI,3,3,92.0
KARNATAKA,Mysuru,Dakshina Kannada,DAKSHINA KANNADA,BANTWAL,PILATHABETTU,4,4,276.0
KARNATAKA,Mysuru,Dakshina Kannada,DAKSHINA KANNADA,BANTWAL,PUDU,6,5,715.0
KARNATAKA,Mysuru,Dakshina Kannada,DAKSHINA KANNADA,BANTWAL,PUNACHA,8,7,301.0
KARNATAKA,Mysuru,Dakshina Kannada,DAKSHINA KANNADA,BANTWAL,RAYEE,2,2,194.0
KARNATAKA,Mysuru,Dakshina Kannada,DAKSHINA KANNADA,BANTWAL,SAJIPAMOODA,5,5,349.0
KARNATAKA,Mysuru,Dakshina Kannada,DAKSHINA KANNADA,BANTWAL,SAJIPAMUNNURU,5,4,362.0
KARNATAKA,Mysuru,Dakshina Kannada,DAKSHINA KANNADA,BANTWAL,SAJIPANADU,4,3,421.0
KARNATAKA,Mysuru,Dakshina Kannada,DAKSHINA KANNADA,BANTWAL,SAJIPAPADU,3,3,339.0
KARNATAKA,Mysuru,Dakshina Kannada,DAKSHINA KANNADA,BANTWAL,SALETHOORU,4,2,321.0
KARNATAKA,Mysuru,Dakshina Kannada,DAKSHINA KANNADA,BANTWAL,SANGABETTU,5,5,457.0
KARNATAKA,Mysuru,Dakshina Kannada,DAKSHINA KANNADA,BANTWAL,SARAPADI,6,5,297.0
KARNATAKA,Mysuru,Dakshina Kannada,DAKSHINA KANNADA,BANTWAL,THUMBE,4,2,130.0
KARNATAKA,Mysuru,Dakshina Kannada,DAKSHINA KANNADA,BANTWAL,ULI,4,3,395.0
KARNATAKA,Mysuru,Dakshina Kannada,DAKSHINA KANNADA,BANTWAL,VEERAKAMBHA,3,3,331.0
KARNATAKA,Mysuru,Dakshina Kannada,DAKSHINA KANNADA,BANTWAL,VITLAMUDNURU,4,3,110.0
KARNATAKA,Mysuru,Dakshina Kannada,DAKSHINA KANNADA,BANTWAL,VITLAPADNURU,4,4,225.0
KARNATAKA,Mysuru,Dakshina Kannada,DAKSHINA KANNADA,BELTHANGADY,ALADANGADI,5,3,344.0
KARNATAKA,Mysuru,Dakshina Kannada,DAKSHINA KANNADA,BELTHANGADY,ANDINJE,3,3,413.0
KARNATAKA,Mysuru,Dakshina Kannada,DAKSHINA KANNADA,BELTHANGADY,ARAMBODI,5,5,230.0
KARNATAKA,Mysuru,Dakshina Kannada,DAKSHINA KANNADA,BELTHANGADY,ARASINAMAKKI,4,4,240.0
KARNATAKA,Mysuru,Dakshina Kannada,DAKSHINA KANNADA,BELTHANGADY,BALANJA,6,6,430.0
KARNATAKA,Mysuru,Dakshina Kannada,DAKSHINA KANNADA,BELTHANGADY,BANDARU,8,8,544.0
KARNATAKA,Mysuru,Dakshina Kannada,DAKSHINA KANNADA,BELTHANGADY,BARYA,5,5,303.0
KARNATAKA,Mysuru,Dakshina Kannada,DAKSHINA KANNADA,BELTHANGADY,BELALU,4,4,265.0
KARNATAKA,Mysuru,Dakshina Kannada,DAKSHINA KANNADA,BELTHANGADY,CHARMADI,9,6,528.0
KARNATAKA,Mysuru,Dakshina Kannada,DAKSHINA KANNADA,BELTHANGADY,DHARMASTHALA,5,4,845.0
KARNATAKA,Mysuru,Dakshina Kannada,DAKSHINA KANNADA,BELTHANGADY,HOSANGADY,4,4,584.0
KARNATAKA,Mysuru,Dakshina Kannada,DAKSHINA KANNADA,BELTHANGADY,ILANTHILA,4,3,266.0
KARNATAKA,Mysuru,Dakshina Kannada,DAKSHINA KANNADA,BELTHANGADY,INDABETTU,4,3,277.0
KARNATAKA,Mysuru,Dakshina Kannada,DAKSHINA KANNADA,BELTHANGADY,KADIRUDYAVARA,2,2,160.0
KARNATAKA,Mysuru,Dakshina Kannada,DAKSHINA KANNADA,BELTHANGADY,KALANJA,4,3,310.0
KARNATAKA,Mysuru,Dakshina Kannada,DAKSHINA KANNADA,BELTHANGADY,KALIAYA,6,5,530.0
KARNATAKA,Mysuru,Dakshina Kannada,DAKSHINA KANNADA,BELTHANGADY,KALMANJA,3,3,209.0
KARNATAKA,Mysuru,Dakshina Kannada,DAKSHINA KANNADA,BELTHANGADY,KANIYOORU,8,7,548.0
KARNATAKA,Mysuru,Dakshina Kannada,DAKSHINA KANNADA,BELTHANGADY,KASHIPATNA,3,2,218.0
KARNATAKA,Mysuru,Dakshina Kannada,DAKSHINA KANNADA,BELTHANGADY,KOKKADA,6,5,307.0
KARNATAKA,Mysuru,Dakshina Kannada,DAKSHINA KANNADA,BELTHANGADY,KOYYURU,5,5,409.0
KARNATAKA,Mysuru,Dakshina Kannada,DAKSHINA KANNADA,BELTHANGADY,KUKKEDI,6,5,320.0
KARNATAKA,Mysuru,Dakshina Kannada,DAKSHINA KANNADA,BELTHANGADY,KUVETTU,5,5,716.0
KARNATAKA,Mysuru,Dakshina Kannada,DAKSHINA KANNADA,BELTHANGADY,LAILA,6,3,176.0
KARNATAKA,Mysuru,Dakshina Kannada,DAKSHINA KANNADA,BELTHANGADY,MACHINA,7,6,959.0
KARNATAKA,Mysuru,Dakshina Kannada,DAKSHINA KANNADA,BELTHANGADY,MADANTHYARU,4,3,1326.0
KARNATAKA,Mysuru,Dakshina Kannada,DAKSHINA KANNADA,BELTHANGADY,MALADI,2,2,129.0
KARNATAKA,Mysuru,Dakshina Kannada,DAKSHINA KANNADA,BELTHANGADY,MALAVANTHIGE,3,3,113.0
KARNATAKA,Mysuru,Dakshina Kannada,DAKSHINA KANNADA,BELTHANGADY,MARODI,3,3,300.0
KARNATAKA,Mysuru,Dakshina Kannada,DAKSHINA KANNADA,BELTHANGADY,MELANTHABETTU,4,4,207.0
KARNATAKA,Mysuru,Dakshina Kannada,DAKSHINA KANNADA,BELTHANGADY,MITHABAGILU,4,3,335.0
KARNATAKA,Mysuru,Dakshina Kannada,DAKSHINA KANNADA,BELTHANGADY,MUNDAJE,6,4,432.0
KARNATAKA,Mysuru,Dakshina Kannada,DAKSHINA KANNADA,BELTHANGADY,NADA,7,6,267.0
KARNATAKA,Mysuru,Dakshina Kannada,DAKSHINA KANNADA,BELTHANGADY,NARAVI,5,4,640.0
KARNATAKA,Mysuru,Dakshina Kannada,DAKSHINA KANNADA,BELTHANGADY,NAVOORU,2,2,254.0
KARNATAKA,Mysuru,Dakshina Kannada,DAKSHINA KANNADA,BELTHANGADY,NERIYA,5,4,433.0
KARNATAKA,Mysuru,Dakshina Kannada,DAKSHINA KANNADA,BELTHANGADY,NIDLE,3,3,262.0
KARNATAKA,Mysuru,Dakshina Kannada,DAKSHINA KANNADA,BELTHANGADY,PADANGADI,3,3,294.0
KARNATAKA,Mysuru,Dakshina Kannada,DAKSHINA KANNADA,BELTHANGADY,PATRAME,4,4,309.0
KARNATAKA,Mysuru,Dakshina Kannada,DAKSHINA KANNADA,BELTHANGADY,PUDUVETTU,4,4,220.0
KARNATAKA,Mysuru,Dakshina Kannada,DAKSHINA KANNADA,BELTHANGADY,SHIBAJE,3,3,114.0
KARNATAKA,Mysuru,Dakshina Kannada,DAKSHINA KANNADA,BELTHANGADY,SHIRLALU,2,2,161.0
KARNATAKA,Mysuru,Dakshina Kannada,DAKSHINA KANNADA,BELTHANGADY,SHISHILA,4,4,223.0
KARNATAKA,Mysuru,Dakshina Kannada,DAKSHINA KANNADA,BELTHANGADY,SULKERI,4,3,453.0
KARNATAKA,Mysuru,Dakshina Kannada,DAKSHINA KANNADA,BELTHANGADY,THANNIRUPANTHA,8,7,532.0
KARNATAKA,Mysuru,Dakshina Kannada,DAKSHINA KANNADA,BELTHANGADY,THEKKARU,4,3,488.0
KARNATAKA,Mysuru,Dakshina Kannada,DAKSHINA KANNADA,BELTHANGADY,UJIRE,12,9,1081.0
KARNATAKA,Mysuru,Dakshina Kannada,DAKSHINA KANNADA,BELTHANGADY,VENUR,8,5,675.0
KARNATAKA,Mysuru,Dakshina Kannada,DAKSHINA KANNADA,MANGALURU NORTH,AIKALA,3,3,76.0
KARNATAKA,Mysuru,Dakshina Kannada,DAKSHINA KANNADA,MANGALURU NORTH,ATHIKARI BETTU,4,3,132.0
KARNATAKA,Mysuru,Dakshina Kannada,DAKSHINA KANNADA,MANGALURU NORTH,BALA,3,2,40.0
KARNATAKA,Mysuru,Dakshina Kannada,DAKSHINA KANNADA,MANGALURU NORTH,BALKUNJE,4,4,122.0
KARNATAKA,Mysuru,Dakshina Kannada,DAKSHINA KANNADA,MANGALURU NORTH,CHELAIRU,5,4,873.0
KARNATAKA,Mysuru,Dakshina Kannada,DAKSHINA KANNADA,MANGALURU NORTH,HALEYANGADY,3,3,102.0
KARNATAKA,Mysuru,Dakshina Kannada,DAKSHINA KANNADA,MANGALURU NORTH,JOKATTE,3,2,197.0
KARNATAKA,Mysuru,Dakshina Kannada,DAKSHINA KANNADA,MANGALURU NORTH,KANDAVARA,1,0,
KARNATAKA,Mysuru,Dakshina Kannada,DAKSHINA KANNADA,MANGALURU NORTH,KEMRAL,4,3,93.0
KARNATAKA,Mysuru,Dakshina Kannada,DAKSHINA KANNADA,MANGALURU NORTH,KILPADY,5,2,26.0
KARNATAKA,Mysuru,Dakshina Kannada,DAKSHINA KANNADA,MANGALURU NORTH,PADUPANAMBUR,5,4,105.0
KARNATAKA,Mysuru,Dakshina Kannada,DAKSHINA KANNADA,MANGALURU NORTH,PERMUDE,1,1,189.0
KARNATAKA,Mysuru,Dakshina Kannada,DAKSHINA KANNADA,MANGALURU NORTH,SURINJE,3,2,42.0
KARNATAKA,Mysuru,Dakshina Kannada,DAKSHINA KANNADA,MANGALURU NORTH,YEKKARU,3,3,137.0
KARNATAKA,Mysuru,Dakshina Kannada,DAKSHINA KANNADA,MANGALURU SOUTH,ADYAR,6,2,318.0
KARNATAKA,Mysuru,Dakshina Kannada,DAKSHINA KANNADA,MANGALURU SOUTH,AMBLAMOGRU,3,2,273.0
KARNATAKA,Mysuru,Dakshina Kannada,DAKSHINA KANNADA,MANGALURU SOUTH,BADAGAYEDAPADAVU,3,3,101.0
KARNATAKA,Mysuru,Dakshina Kannada,DAKSHINA KANNADA,MANGALURU SOUTH,BELMA,7,5,1117.0
KARNATAKA,Mysuru,Dakshina Kannada,DAKSHINA KANNADA,MANGALURU SOUTH,BOLIYARU,4,4,148.0
KARNATAKA,Mysuru,Dakshina Kannada,DAKSHINA KANNADA,MANGALURU SOUTH,GANJIMATA,7,3,368.0
KARNATAKA,Mysuru,Dakshina Kannada,DAKSHINA KANNADA,MANGALURU SOUTH,GURUPURA,7,4,554.0
KARNATAKA,Mysuru,Dakshina Kannada,DAKSHINA KANNADA,MANGALURU SOUTH,HAREKALA,5,3,528.0
KARNATAKA,Mysuru,Dakshina Kannada,DAKSHINA KANNADA,MANGALURU SOUTH,KANDAVARA,6,4,309.0
KARNATAKA,Mysuru,Dakshina Kannada,DAKSHINA KANNADA,MANGALURU SOUTH,KINYA,4,4,272.0
KARNATAKA,Mysuru,Dakshina Kannada,DAKSHINA KANNADA,MANGALURU SOUTH,KONAJE,5,4,353.0
KARNATAKA,Mysuru,Dakshina Kannada,DAKSHINA KANNADA,MANGALURU SOUTH,KUPPEPADAV,4,3,200.0
KARNATAKA,Mysuru,Dakshina Kannada,DAKSHINA KANNADA,MANGALURU SOUTH,MALLOORU,2,2,215.0
KARNATAKA,Mysuru,Dakshina Kannada,DAKSHINA KANNADA,MANGALURU SOUTH,MANJANADY,8,7,817.0
KARNATAKA,Mysuru,Dakshina Kannada,DAKSHINA KANNADA,MANGALURU SOUTH,MOODUSHEDDE,3,2,206.0
KARNATAKA,Mysuru,Dakshina Kannada,DAKSHINA KANNADA,MANGALURU SOUTH,MUCHURU,3,3,605.0
KARNATAKA,Mysuru,Dakshina Kannada,DAKSHINA KANNADA,MANGALURU SOUTH,MUNNURU,3,2,325.0
KARNATAKA,Mysuru,Dakshina Kannada,DAKSHINA KANNADA,MANGALURU SOUTH,MUTHURU,2,2,249.0
KARNATAKA,Mysuru,Dakshina Kannada,DAKSHINA KANNADA,MANGALURU SOUTH,NEERMARGA,5,2,40.0
KARNATAKA,Mysuru,Dakshina Kannada,DAKSHINA KANNADA,MANGALURU SOUTH,PADUPERAR,6,6,355.0
KARNATAKA,Mysuru,Dakshina Kannada,DAKSHINA KANNADA,MANGALURU SOUTH,PAVURU,3,3,342.0
KARNATAKA,Mysuru,Dakshina Kannada,DAKSHINA KANNADA,MANGALURU SOUTH,TALAPADY,6,4,192.0
KARNATAKA,Mysuru,Dakshina Kannada,DAKSHINA KANNADA,MANGALURU SOUTH,UALIBETTU,4,3,418.0
KARNATAKA,Mysuru,Dakshina Kannada,DAKSHINA KANNADA,MANGALURU SOUTH,YEDAPADAV,4,3,147.0
KARNATAKA,Mysuru,Dakshina Kannada,DAKSHINA KANNADA,MOODABIDRE,BELUVAI,8,6,693.0
KARNATAKA,Mysuru,Dakshina Kannada,DAKSHINA KANNADA,MOODABIDRE,DAREGUDDE,3,3,134.0
KARNATAKA,Mysuru,Dakshina Kannada,DAKSHINA KANNADA,MOODABIDRE,HOSABETTU,2,2,101.0
KARNATAKA,Mysuru,Dakshina Kannada,DAKSHINA KANNADA,MOODABIDRE,IRUVAIL,4,4,217.0
KARNATAKA,Mysuru,Dakshina Kannada,DAKSHINA KANNADA,MOODABIDRE,KALLAMUNDKUR,5,3,235.0
KARNATAKA,Mysuru,Dakshina Kannada,DAKSHINA KANNADA,MOODABIDRE,NELLIKARU,5,5,359.0
KARNATAKA,Mysuru,Dakshina Kannada,DAKSHINA KANNADA,MOODABIDRE,PADUMARNAD,7,7,327.0
KARNATAKA,Mysuru,Dakshina Kannada,DAKSHINA KANNADA,MOODABIDRE,PALLADKA,7,6,269.0
KARNATAKA,Mysuru,Dakshina Kannada,DAKSHINA KANNADA,MOODABIDRE,PUTTHIGE,8,4,164.0
KARNATAKA,Mysuru,Dakshina Kannada,DAKSHINA KANNADA,MOODABIDRE,SHIRTHADY,7,5,348.0
KARNATAKA,Mysuru,Dakshina Kannada,DAKSHINA KANNADA,MOODABIDRE,TENKAMIJAR,6,5,837.0
KARNATAKA,Mysuru,Dakshina Kannada,DAKSHINA KANNADA,MOODABIDRE,VALPADI,4,4,482.0
KARNATAKA,Mysuru,Dakshina Kannada,DAKSHINA KANNADA,PUTTUR,34 NEKKILADY,2,2,100.0
KARNATAKA,Mysuru,Dakshina Kannada,DAKSHINA KANNADA,PUTTUR,AITHURU,3,2,95.0
KARNATAKA,Mysuru,Dakshina Kannada,DAKSHINA KANNADA,PUTTUR,ALANKARU,4,3,463.0
KARNATAKA,Mysuru,Dakshina Kannada,DAKSHINA KANNADA,PUTTUR,ARIYADKA,6,5,685.0
KARNATAKA,Mysuru,Dakshina Kannada,DAKSHINA KANNADA,PUTTUR,ARYAPU,4,4,254.0
KARNATAKA,Mysuru,Dakshina Kannada,DAKSHINA KANNADA,PUTTUR,BADAGANNURU,7,6,533.0
KARNATAKA,Mysuru,Dakshina Kannada,DAKSHINA KANNADA,PUTTUR,BAJATHURU,5,5,461.0
KARNATAKA,Mysuru,Dakshina Kannada,DAKSHINA KANNADA,PUTTUR,BALNADU,5,4,241.0
KARNATAKA,Mysuru,Dakshina Kannada,DAKSHINA KANNADA,PUTTUR,BANNURU,2,2,106.0
KARNATAKA,Mysuru,Dakshina Kannada,DAKSHINA KANNADA,PUTTUR,BELANDURU,7,5,416.0
KARNATAKA,Mysuru,Dakshina Kannada,DAKSHINA KANNADA,PUTTUR,BETTAMPADY,8,7,516.0
KARNATAKA,Mysuru,Dakshina Kannada,DAKSHINA KANNADA,PUTTUR,BILINELE,6,4,191.0
KARNATAKA,Mysuru,Dakshina Kannada,DAKSHINA KANNADA,PUTTUR,GOLITHOTTU,4,4,371.0
KARNATAKA,Mysuru,Dakshina Kannada,DAKSHINA KANNADA,PUTTUR,HIREBANDADY,3,3,462.0
KARNATAKA,Mysuru,Dakshina Kannada,DAKSHINA KANNADA,PUTTUR,KABAKA,3,2,182.0
KARNATAKA,Mysuru,Dakshina Kannada,DAKSHINA KANNADA,PUTTUR,KADYA KONAJE,2,2,136.0
KARNATAKA,Mysuru,Dakshina Kannada,DAKSHINA KANNADA,PUTTUR,KANIYURU,7,7,615.0
KARNATAKA,Mysuru,Dakshina Kannada,DAKSHINA KANNADA,PUTTUR,KAUKRADY,4,4,274.0
KARNATAKA,Mysuru,Dakshina Kannada,DAKSHINA KANNADA,PUTTUR,KEDAMBADY,2,2,145.0
KARNATAKA,Mysuru,Dakshina Kannada,DAKSHINA KANNADA,PUTTUR,KEYYUR,6,6,708.0
KARNATAKA,Mysuru,Dakshina Kannada,DAKSHINA KANNADA,PUTTUR,KODIMBADY,2,2,236.0
KARNATAKA,Mysuru,Dakshina Kannada,DAKSHINA KANNADA,PUTTUR,KOILA,5,4,310.0
KARNATAKA,Mysuru,Dakshina Kannada,DAKSHINA KANNADA,PUTTUR,KOLTHIGE,7,7,335.0
KARNATAKA,Mysuru,Dakshina Kannada,DAKSHINA KANNADA,PUTTUR,KOMBARU,4,4,254.0
KARNATAKA,Mysuru,Dakshina Kannada,DAKSHINA KANNADA,PUTTUR,KUDIPPADI,2,2,125.0
KARNATAKA,Mysuru,Dakshina Kannada,DAKSHINA KANNADA,PUTTUR,KUTRUPADY,8,8,204.0
KARNATAKA,Mysuru,Dakshina Kannada,DAKSHINA KANNADA,PUTTUR,MARDHALA,3,3,218.0
KARNATAKA,Mysuru,Dakshina Kannada,DAKSHINA KANNADA,PUTTUR,MUNDURU,3,3,411.0
KARNATAKA,Mysuru,Dakshina Kannada,DAKSHINA KANNADA,PUTTUR,NARIMOGARU,8,5,556.0
KARNATAKA,Mysuru,Dakshina Kannada,DAKSHINA KANNADA,PUTTUR,NELYADY,5,3,669.0
KARNATAKA,Mysuru,Dakshina Kannada,DAKSHINA KANNADA,PUTTUR,NETTANIGE MUDNURU,9,7,760.0
KARNATAKA,Mysuru,Dakshina Kannada,DAKSHINA KANNADA,PUTTUR,NIDPALLI,3,3,136.0
KARNATAKA,Mysuru,Dakshina Kannada,DAKSHINA KANNADA,PUTTUR,NOOJIBALTHILA,7,6,260.0
KARNATAKA,Mysuru,Dakshina Kannada,DAKSHINA KANNADA,PUTTUR,PANAJE,4,3,311.0
KARNATAKA,Mysuru,Dakshina Kannada,DAKSHINA KANNADA,PUTTUR,PERABE,5,4,325.0
KARNATAKA,Mysuru,Dakshina Kannada,DAKSHINA KANNADA,PUTTUR,RAMAKUNJA,6,4,520.0
KARNATAKA,Mysuru,Dakshina Kannada,DAKSHINA KANNADA,PUTTUR,SAVANURU,10,9,542.0
KARNATAKA,Mysuru,Dakshina Kannada,DAKSHINA KANNADA,PUTTUR,SHIRADY,3,2,94.0
KARNATAKA,Mysuru,Dakshina Kannada,DAKSHINA KANNADA,PUTTUR,UPPINANGADY,9,4,640.0
KARNATAKA,Mysuru,Dakshina Kannada,DAKSHINA KANNADA,PUTTUR,VOLAMOGARU,6,6,595.0
KARNATAKA,Mysuru,Dakshina Kannada,DAKSHINA KANNADA,SULLIA,AIVARNADU,5,5,183.0
KARNATAKA,Mysuru,Dakshina Kannada,DAKSHINA KANNADA,SULLIA,AJJAVARA,7,6,451.0
KARNATAKA,Mysuru,Dakshina Kannada,DAKSHINA KANNADA,SULLIA,ALETTI,7,7,445.0
KARNATAKA,Mysuru,Dakshina Kannada,DAKSHINA KANNADA,SULLIA,AMARA MUDNURU,7,5,298.0
KARNATAKA,Mysuru,Dakshina Kannada,DAKSHINA KANNADA,SULLIA,ARANTHODU,6,6,334.0
KARNATAKA,Mysuru,Dakshina Kannada,DAKSHINA KANNADA,SULLIA,BALILA,3,3,263.0
KARNATAKA,Mysuru,Dakshina Kannada,DAKSHINA KANNADA,SULLIA,BALPA,6,6,198.0
KARNATAKA,Mysuru,Dakshina Kannada,DAKSHINA KANNADA,SULLIA,BELLARE,7,4,932.0
KARNATAKA,Mysuru,Dakshina Kannada,DAKSHINA KANNADA,SULLIA,DEVACHALLA,9,8,324.0
KARNATAKA,Mysuru,Dakshina Kannada,DAKSHINA KANNADA,SULLIA,GUTHIGARU,11,10,478.0
KARNATAKA,Mysuru,Dakshina Kannada,DAKSHINA KANNADA,SULLIA,HARIHARA PALLATHADKA,3,3,128.0
KARNATAKA,Mysuru,Dakshina Kannada,DAKSHINA KANNADA,SULLIA,JALSURU,6,5,695.0
KARNATAKA,Mysuru,Dakshina Kannada,DAKSHINA KANNADA,SULLIA,KALANJA,3,3,116.0
KARNATAKA,Mysuru,Dakshina Kannada,DAKSHINA KANNADA,SULLIA,KALMADKA,5,4,187.0
KARNATAKA,Mysuru,Dakshina Kannada,DAKSHINA KANNADA,SULLIA,KANAKA MAJALU,2,2,129.0
KARNATAKA,Mysuru,Dakshina Kannada,DAKSHINA KANNADA,SULLIA,KODIYALA,3,3,43.0
KARNATAKA,Mysuru,Dakshina Kannada,DAKSHINA KANNADA,SULLIA,KOLLAMOGRU,5,5,211.0
KARNATAKA,Mysuru,Dakshina Kannada,DAKSHINA KANNADA,SULLIA,MADIPPADY,3,3,71.0
KARNATAKA,Mysuru,Dakshina Kannada,DAKSHINA KANNADA,SULLIA,MANDEKOLU,10,10,266.0
KARNATAKA,Mysuru,Dakshina Kannada,DAKSHINA KANNADA,SULLIA,MARKANJA,3,3,186.0
KARNATAKA,Mysuru,Dakshina Kannada,DAKSHINA KANNADA,SULLIA,MURULYA,4,4,320.0
KARNATAKA,Mysuru,Dakshina Kannada,DAKSHINA KANNADA,SULLIA,NELLURU KEMRAJE,3,3,69.0
KARNATAKA,Mysuru,Dakshina Kannada,DAKSHINA KANNADA,SULLIA,PANJA,6,6,611.0
KARNATAKA,Mysuru,Dakshina Kannada,DAKSHINA KANNADA,SULLIA,PERUVAJE,2,2,104.0
KARNATAKA,Mysuru,Dakshina Kannada,DAKSHINA KANNADA,SULLIA,SAMPAJE,7,4,270.0
KARNATAKA,Mysuru,Dakshina Kannada,DAKSHINA KANNADA,SULLIA,SUBRAHMANYA,8,7,478.0
KARNATAKA,Mysuru,Dakshina Kannada,DAKSHINA KANNADA,SULLIA,UBARADKA MITHURU,4,3,157.0
KARNATAKA,Mysuru,Dakshina Kannada,DAKSHINA KANNADA,SULLIA,YEDAMANGALA,6,6,231.0
KARNATAKA,Mysuru,Hassan,HASSAN,ALUR,ABBANA,4,4,135.0
KARNATAKA,Mysuru,Hassan,HASSAN,ALUR,BYARAPURA,10,8,151.0
KARNATAKA,Mysuru,Hassan,HASSAN,ALUR,DODDA KANAGAL,5,5,90.0
KARNATAKA,Mysuru,Hassan,HASSAN,ALUR,GANJIGERE,8,8,139.0
KARNATAKA,Mysuru,Hassan,HASSAN,ALUR,HANCHUR,8,8,103.0
KARNATAKA,Mysuru,Hassan,HASSAN,ALUR,HUNASAVALLI,13,11,154.0
KARNATAKA,Mysuru,Hassan,HASSAN,ALUR,KADALU,9,9,234.0
KARNATAKA,Mysuru,Hassan,HASSAN,ALUR,KANATHUR,11,10,426.0
KARNATAKA,Mysuru,Hassan,HASSAN,ALUR,KARAGODU,11,9,595.0
KARNATAKA,Mysuru,Hassan,HASSAN,ALUR,KUNDURU,4,4,25.0
KARNATAKA,Mysuru,Hassan,HASSAN,ALUR,MADABALU,14,14,312.0
KARNATAKA,Mysuru,Hassan,HASSAN,ALUR,MAGGE,9,8,189.0
KARNATAKA,Mysuru,Hassan,HASSAN,ALUR,MALLAPURA,10,10,450.0
KARNATAKA,Mysuru,Hassan,HASSAN,ALUR,PALYA,14,14,457.0
KARNATAKA,Mysuru,Hassan,HASSAN,ALUR,TALURU,19,17,323.0
KARNATAKA,Mysuru,Hassan,HASSAN,ARAKALAGUDU,AGRAHARA,6,6,207.0
KARNATAKA,Mysuru,Hassan,HASSAN,ARAKALAGUDU,ALADAHALLI,6,5,113.0
KARNATAKA,Mysuru,Hassan,HASSAN,ARAKALAGUDU,BANNUR,7,7,335.0
KARNATAKA,Mysuru,Hassan,HASSAN,ARAKALAGUDU,BASAVAPATNA,6,6,419.0
KARNATAKA,Mysuru,Hassan,HASSAN,ARAKALAGUDU,BELAVADI,14,13,335.0
KARNATAKA,Mysuru,Hassan,HASSAN,ARAKALAGUDU,BYCHANAHALLI,12,11,206.0
KARNATAKA,Mysuru,Hassan,HASSAN,ARAKALAGUDU,CHIKKANAHALLI,10,10,387.0
KARNATAKA,Mysuru,Hassan,HASSAN,ARAKALAGUDU,DODDA BEMMATHI,14,14,291.0
KARNATAKA,Mysuru,Hassan,HASSAN,ARAKALAGUDU,DODDA MAGGE,10,9,725.0
KARNATAKA,Mysuru,Hassan,HASSAN,ARAKALAGUDU,GANGOOR,5,5,169.0
KARNATAKA,Mysuru,Hassan,HASSAN,ARAKALAGUDU,GANJALAGODU,14,13,231.0
KARNATAKA,Mysuru,Hassan,HASSAN,ARAKALAGUDU,HANDRANGI,10,9,196.0
KARNATAKA,Mysuru,Hassan,HASSAN,ARAKALAGUDU,HANYALU,5,5,167.0
KARNATAKA,Mysuru,Hassan,HASSAN,ARAKALAGUDU,HEBBALE,9,9,173.0
KARNATAKA,Mysuru,Hassan,HASSAN,ARAKALAGUDU,HEGGADIHALLI,4,4,113.0
KARNATAKA,Mysuru,Hassan,HASSAN,ARAKALAGUDU,HOLALAGODU,9,9,209.0
KARNATAKA,Mysuru,Hassan,HASSAN,ARAKALAGUDU,HONNAVALLI,7,7,339.0
KARNATAKA,Mysuru,Hassan,HASSAN,ARAKALAGUDU,HULIKALLU,9,9,238.0
KARNATAKA,Mysuru,Hassan,HASSAN,ARAKALAGUDU,KADUVINAHOSAHALLI,6,6,65.0
KARNATAKA,Mysuru,Hassan,HASSAN,ARAKALAGUDU,KALENAHALLI,7,7,226.0
KARNATAKA,Mysuru,Hassan,HASSAN,ARAKALAGUDU,KATTEPURA,10,9,185.0
KARNATAKA,Mysuru,Hassan,HASSAN,ARAKALAGUDU,KATTI MALLENAHALLI,7,7,134.0
KARNATAKA,Mysuru,Hassan,HASSAN,ARAKALAGUDU,KERALAPURA,6,4,358.0
KARNATAKA,Mysuru,Hassan,HASSAN,ARAKALAGUDU,KONANUR,7,6,844.0
KARNATAKA,Mysuru,Hassan,HASSAN,ARAKALAGUDU,KORATIKERE,5,5,95.0
KARNATAKA,Mysuru,Hassan,HASSAN,ARAKALAGUDU,LAKKUR,5,5,242.0
KARNATAKA,Mysuru,Hassan,HASSAN,ARAKALAGUDU,MALLIPATNA,10,9,365.0
KARNATAKA,Mysuru,Hassan,HASSAN,ARAKALAGUDU,MOKALI,10,9,234.0
KARNATAKA,Mysuru,Hassan,HASSAN,ARAKALAGUDU,RAMANATHAPURA,12,9,337.0
KARNATAKA,Mysuru,Hassan,HASSAN,ARAKALAGUDU,RUDRAPATNA,6,6,243.0
KARNATAKA,Mysuru,Hassan,HASSAN,ARAKALAGUDU,SANTHEMARUR,10,10,403.0
KARNATAKA,Mysuru,Hassan,HASSAN,ARAKALAGUDU,SARAGOOR,5,4,96.0
KARNATAKA,Mysuru,Hassan,HASSAN,ARAKALAGUDU,TARIGALALE,7,7,108.0
KARNATAKA,Mysuru,Hassan,HASSAN,ARAKALAGUDU,VADDARAHALLI,6,6,91.0
KARNATAKA,Mysuru,Hassan,HASSAN,ARAKALAGUDU,VIJAPURA FOREST,11,11,232.0
KARNATAKA,Mysuru,Hassan,HASSAN,ARAKALAGUDU,YALAGATHAVALLI,8,8,217.0
KARNATAKA,Mysuru,Hassan,HASSAN,ARASIKERE,AGGUNDA,9,7,326.0
KARNATAKA,Mysuru,Hassan,HASSAN,ARASIKERE,ARAKERE,9,9,217.0
KARNATAKA,Mysuru,Hassan,HASSAN,ARASIKERE,BAGESHPURA,7,6,369.0
KARNATAKA,Mysuru,Hassan,HASSAN,ARASIKERE,BAGIVALU,6,5,61.0
KARNATAKA,Mysuru,Hassan,HASSAN,ARASIKERE,BANAVARA,13,9,557.0
KARNATAKA,Mysuru,Hassan,HASSAN,ARASIKERE,BANDUR,8,8,264.0
KARNATAKA,Mysuru,Hassan,HASSAN,ARASIKERE,BELAGUMBA,17,17,758.0
KARNATAKA,Mysuru,Hassan,HASSAN,ARASIKERE,BENDEKERE,8,8,226.0
KARNATAKA,Mysuru,Hassan,HASSAN,ARASIKERE,CHOGACHAGERE,6,6,134.0
KARNATAKA,Mysuru,Hassan,HASSAN,ARASIKERE,DODDAMETIKURKE,8,6,274.0
KARNATAKA,Mysuru,Hassan,HASSAN,ARASIKERE,DUMMENAHALLI,14,13,342.0
KARNATAKA,Mysuru,Hassan,HASSAN,ARASIKERE,GANDASI,9,5,250.0
KARNATAKA,Mysuru,Hassan,HASSAN,ARASIKERE,GEEJIHALLI,7,7,149.0
KARNATAKA,Mysuru,Hassan,HASSAN,ARASIKERE,HABBANAGHATTA,10,10,248.0
KARNATAKA,Mysuru,Hassan,HASSAN,ARASIKERE,HANDRALU,6,6,196.0
KARNATAKA,Mysuru,Hassan,HASSAN,ARASIKERE,HARNAHALLI,4,3,155.0
KARNATAKA,Mysuru,Hassan,HASSAN,ARASIKERE,HEGGATTA,4,4,91.0
KARNATAKA,Mysuru,Hassan,HASSAN,ARASIKERE,HIRIYUR,9,9,286.0
KARNATAKA,Mysuru,Hassan,HASSAN,ARASIKERE,JAJUR,8,8,263.0
KARNATAKA,Mysuru,Hassan,HASSAN,ARASIKERE,JAVAGAL,10,6,529.0
KARNATAKA,Mysuru,Hassan,HASSAN,ARASIKERE,JAYACHAMARAJAPURA,6,6,273.0
KARNATAKA,Mysuru,Hassan,HASSAN,ARASIKERE,KACHIGHATTA,15,14,663.0
KARNATAKA,Mysuru,Hassan,HASSAN,ARASIKERE,KALLUGUNDI,11,10,410.0
KARNATAKA,Mysuru,Hassan,HASSAN,ARASIKERE,KALYADI,5,4,102.0
KARNATAKA,Mysuru,Hassan,HASSAN,ARASIKERE,KAMASAMUDRA,11,11,511.0
KARNATAKA,Mysuru,Hassan,HASSAN,ARASIKERE,KANAKATTE,9,7,207.0
KARNATAKA,Mysuru,Hassan,HASSAN,ARASIKERE,KARAGUNDA,6,6,152.0
KARNATAKA,Mysuru,Hassan,HASSAN,ARASIKERE,KENKERE,8,8,371.0
KARNATAKA,Mysuru,Hassan,HASSAN,ARASIKERE,KOLAGUNDA,6,6,207.0
KARNATAKA,Mysuru,Hassan,HASSAN,ARASIKERE,KONDENALU,8,8,108.0
KARNATAKA,Mysuru,Hassan,HASSAN,ARASIKERE,KURUVANKA,16,14,361.0
KARNATAKA,Mysuru,Hassan,HASSAN,ARASIKERE,LALANAKERE,7,7,112.0
KARNATAKA,Mysuru,Hassan,HASSAN,ARASIKERE,MADALU,7,6,149.0
KARNATAKA,Mysuru,Hassan,HASSAN,ARASIKERE,MUDUDI,6,6,299.0
KARNATAKA,Mysuru,Hassan,HASSAN,ARASIKERE,MURUNDI,6,6,332.0
KARNATAKA,Mysuru,Hassan,HASSAN,ARASIKERE,NARASIPURA,7,7,203.0
KARNATAKA,Mysuru,Hassan,HASSAN,ARASIKERE,NERLIGE,6,5,120.0
KARNATAKA,Mysuru,Hassan,HASSAN,ARASIKERE,PURALEHALLI,13,13,329.0
KARNATAKA,Mysuru,Hassan,HASSAN,ARASIKERE,RAMPURA,7,7,182.0
KARNATAKA,Mysuru,Hassan,HASSAN,ARASIKERE,RANGAPURA,12,12,275.0
KARNATAKA,Mysuru,Hassan,HASSAN,ARASIKERE,SHANEGERE,15,15,341.0
KARNATAKA,Mysuru,Hassan,HASSAN,ARASIKERE,SHANKARANAHALLI,9,8,134.0
KARNATAKA,Mysuru,Hassan,HASSAN,ARASIKERE,THALALUR,14,14,387.0
KARNATAKA,Mysuru,Hassan,HASSAN,ARASIKERE,UNDIGANALU,6,6,162.0
KARNATAKA,Mysuru,Hassan,HASSAN,ARASIKERE,YADAVANAHALLI,8,8,86.0
KARNATAKA,Mysuru,Hassan,HASSAN,BELUR,ADAGOORU,7,7,141.0
KARNATAKA,Mysuru,Hassan,HASSAN,BELUR,ANDALE,8,8,272.0
KARNATAKA,Mysuru,Hassan,HASSAN,BELUR,ANUGHATTA,4,4,132.0
KARNATAKA,Mysuru,Hassan,HASSAN,BELUR,AREHALLI,11,6,265.0
KARNATAKA,Mysuru,Hassan,HASSAN,BELUR,BANTENAHALLI,9,9,279.0
KARNATAKA,Mysuru,Hassan,HASSAN,BELUR,BICHODU,8,7,179.0
KARNATAKA,Mysuru,Hassan,HASSAN,BELUR,CHATCHATNAHALLI,5,5,72.0
KARNATAKA,Mysuru,Hassan,HASSAN,BELUR,CHEEKANAHALLI,5,5,134.0
KARNATAKA,Mysuru,Hassan,HASSAN,BELUR,CHIKKAMEDUR,11,11,673.0
KARNATAKA,Mysuru,Hassan,HASSAN,BELUR,DABBE,3,3,31.0
KARNATAKA,Mysuru,Hassan,HASSAN,BELUR,GANGUR,4,4,85.0
KARNATAKA,Mysuru,Hassan,HASSAN,BELUR,GHATTADAHALLI,7,7,183.0
KARNATAKA,Mysuru,Hassan,HASSAN,BELUR,GONISOMENAHALLI,6,6,122.0
KARNATAKA,Mysuru,Hassan,HASSAN,BELUR,HAGARE,13,12,824.0
KARNATAKA,Mysuru,Hassan,HASSAN,BELUR,HALEBEEDU,10,7,1069.0
KARNATAKA,Mysuru,Hassan,HASSAN,BELUR,HANIKE,4,4,113.0
KARNATAKA,Mysuru,Hassan,HASSAN,BELUR,HEBBALU,14,14,259.0
KARNATAKA,Mysuru,Hassan,HASSAN,BELUR,HULUGUNDI,6,6,215.0
KARNATAKA,Mysuru,Hassan,HASSAN,BELUR,HUNUGANAHALLI,6,6,121.0
KARNATAKA,Mysuru,Hassan,HASSAN,BELUR,IBBEDU,14,13,196.0
KARNATAKA,Mysuru,Hassan,HASSAN,BELUR,KALLERI,13,12,295.0
KARNATAKA,Mysuru,Hassan,HASSAN,BELUR,KESAGODU,5,4,56.0
KARNATAKA,Mysuru,Hassan,HASSAN,BELUR,KODIHALLI,5,5,182.0
KARNATAKA,Mysuru,Hassan,HASSAN,BELUR,KOGILAMANE,5,5,103.0
KARNATAKA,Mysuru,Hassan,HASSAN,BELUR,KUSHAVARA,7,6,206.0
KARNATAKA,Mysuru,Hassan,HASSAN,BELUR,LAKKUNDA,4,4,134.0
KARNATAKA,Mysuru,Hassan,HASSAN,BELUR,MADAGHATTA,7,7,199.0
KARNATAKA,Mysuru,Hassan,HASSAN,BELUR,MALASAVARA,3,3,44.0
KARNATAKA,Mysuru,Hassan,HASSAN,BELUR,NARAYANAPURA,10,10,271.0
KARNATAKA,Mysuru,Hassan,HASSAN,BELUR,NARVEPETE,6,6,141.0
KARNATAKA,Mysuru,Hassan,HASSAN,BELUR,RAJANASIRIYUR,7,7,179.0
KARNATAKA,Mysuru,Hassan,HASSAN,BELUR,SANYASIHALLI,10,10,138.0
KARNATAKA,Mysuru,Hassan,HASSAN,BELUR,SAVASIHALLI,11,11,226.0
KARNATAKA,Mysuru,Hassan,HASSAN,BELUR,THOLALU,11,10,193.0
KARNATAKA,Mysuru,Hassan,HASSAN,BELUR,THUMBUDEVANAHALLI,3,3,51.0
KARNATAKA,Mysuru,Hassan,HASSAN,BELUR,YALAHANKA,9,9,148.0
KARNATAKA,Mysuru,Hassan,HASSAN,BELUR,YAMASANDI,5,5,62.0
KARNATAKA,Mysuru,Hassan,HASSAN,CHANNARAYAPATNA,AKKANAHALLI,10,9,332.0
KARNATAKA,Mysuru,Hassan,HASSAN,CHANNARAYAPATNA,ANATHI,6,5,134.0
KARNATAKA,Mysuru,Hassan,HASSAN,CHANNARAYAPATNA,ANEKERE,11,11,269.0
KARNATAKA,Mysuru,Hassan,HASSAN,CHANNARAYAPATNA,BAGUR,10,9,231.0
KARNATAKA,Mysuru,Hassan,HASSAN,CHANNARAYAPATNA,BALADARE,12,11,314.0
KARNATAKA,Mysuru,Hassan,HASSAN,CHANNARAYAPATNA,BALAGANCHI,5,5,69.0
KARNATAKA,Mysuru,Hassan,HASSAN,CHANNARAYAPATNA,BARAGUR,14,12,167.0
KARNATAKA,Mysuru,Hassan,HASSAN,CHANNARAYAPATNA,BEKKA,10,9,103.0
KARNATAKA,Mysuru,Hassan,HASSAN,CHANNARAYAPATNA,BELAGIHALLLI,7,6,102.0
KARNATAKA,Mysuru,Hassan,HASSAN,CHANNARAYAPATNA,BYADARAHALLI,8,8,170.0
KARNATAKA,Mysuru,Hassan,HASSAN,CHANNARAYAPATNA,D.KALENAHALLI,8,6,86.0
KARNATAKA,Mysuru,Hassan,HASSAN,CHANNARAYAPATNA,DAMMANINAGALA,8,6,100.0
KARNATAKA,Mysuru,Hassan,HASSAN,CHANNARAYAPATNA,DIDAGA,11,11,293.0
KARNATAKA,Mysuru,Hassan,HASSAN,CHANNARAYAPATNA,DINDAGUR,9,8,143.0
KARNATAKA,Mysuru,Hassan,HASSAN,CHANNARAYAPATNA,GOWDAGERE,10,9,170.0
KARNATAKA,Mysuru,Hassan,HASSAN,CHANNARAYAPATNA,GULASINDA,10,10,215.0
KARNATAKA,Mysuru,Hassan,HASSAN,CHANNARAYAPATNA,HIRISAVE,12,9,680.0
KARNATAKA,Mysuru,Hassan,HASSAN,CHANNARAYAPATNA,JAMBUR,10,9,146.0
KARNATAKA,Mysuru,Hassan,HASSAN,CHANNARAYAPATNA,JANIVARA,9,8,370.0
KARNATAKA,Mysuru,Hassan,HASSAN,CHANNARAYAPATNA,JINNENAHALLI,6,6,49.0
KARNATAKA,Mysuru,Hassan,HASSAN,CHANNARAYAPATNA,JUTTANAHALLI,10,10,254.0
KARNATAKA,Mysuru,Hassan,HASSAN,CHANNARAYAPATNA,KABBALI,8,7,119.0
KARNATAKA,Mysuru,Hassan,HASSAN,CHANNARAYAPATNA,KABBALU,4,4,89.0
KARNATAKA,Mysuru,Hassan,HASSAN,CHANNARAYAPATNA,KALKERE,13,11,240.0
KARNATAKA,Mysuru,Hassan,HASSAN,CHANNARAYAPATNA,KANTHARAJAPURA,10,8,108.0
KARNATAKA,Mysuru,Hassan,HASSAN,CHANNARAYAPATNA,KAREHALLI,7,7,125.0
KARNATAKA,Mysuru,Hassan,HASSAN,CHANNARAYAPATNA,KEMBALU,9,8,148.0
KARNATAKA,Mysuru,Hassan,HASSAN,CHANNARAYAPATNA,KUMBENAHALLI,6,6,59.0
KARNATAKA,Mysuru,Hassan,HASSAN,CHANNARAYAPATNA,KUNDUR,10,10,393.0
KARNATAKA,Mysuru,Hassan,HASSAN,CHANNARAYAPATNA,M.SHIVARA,9,9,191.0
KARNATAKA,Mysuru,Hassan,HASSAN,CHANNARAYAPATNA,MATHIGATTA,10,10,123.0
KARNATAKA,Mysuru,Hassan,HASSAN,CHANNARAYAPATNA,MATTANAVILE,11,9,159.0
KARNATAKA,Mysuru,Hassan,HASSAN,CHANNARAYAPATNA,NALLUR,7,6,96.0
KARNATAKA,Mysuru,Hassan,HASSAN,CHANNARAYAPATNA,NAVILE,7,7,164.0
KARNATAKA,Mysuru,Hassan,HASSAN,CHANNARAYAPATNA,NORANAKKI,9,8,410.0
KARNATAKA,Mysuru,Hassan,HASSAN,CHANNARAYAPATNA,NUGGEHALLI,11,8,534.0
KARNATAKA,Mysuru,Hassan,HASSAN,CHANNARAYAPATNA,S.SHIVARA,8,7,84.0
KARNATAKA,Mysuru,Hassan,HASSAN,CHANNARAYAPATNA,SATHENAHALLI,10,10,154.0
KARNATAKA,Mysuru,Hassan,HASSAN,CHANNARAYAPATNA,SRAVANABELAGOLA,10,7,776.0
KARNATAKA,Mysuru,Hassan,HASSAN,CHANNARAYAPATNA,SUNDAHALLI,7,7,95.0
KARNATAKA,Mysuru,Hassan,HASSAN,CHANNARAYAPATNA,TAGADUR,9,9,239.0
KARNATAKA,Mysuru,Hassan,HASSAN,HASSAN,A.HOSAHALLI,11,11,171.0
KARNATAKA,Mysuru,Hassan,HASSAN,HASSAN,AMBUGA,4,4,52.0
KARNATAKA,Mysuru,Hassan,HASSAN,HASSAN,ANKAPURA,11,11,246.0
KARNATAKA,Mysuru,Hassan,HASSAN,HASSAN,B.KATIHALLI,4,4,91.0
KARNATAKA,Mysuru,Hassan,HASSAN,HASSAN,BASAVAGATTA,6,6,110.0
KARNATAKA,Mysuru,Hassan,HASSAN,HASSAN,BYLAHALLI,11,11,256.0
KARNATAKA,Mysuru,Hassan,HASSAN,HASSAN,CHANNANGIHALLI,6,6,122.0
KARNATAKA,Mysuru,Hassan,HASSAN,HASSAN,DODDAGENIGERE,9,7,128.0
KARNATAKA,Mysuru,Hassan,HASSAN,HASSAN,DUDDA,10,8,703.0
KARNATAKA,Mysuru,Hassan,HASSAN,HASSAN,GADENAHALLI,3,2,10.0
KARNATAKA,Mysuru,Hassan,HASSAN,HASSAN,GORUR,6,4,122.0
KARNATAKA,Mysuru,Hassan,HASSAN,HASSAN,HANUMANTHAPURA,12,11,379.0
KARNATAKA,Mysuru,Hassan,HASSAN,HASSAN,HARALAHALLI,5,5,300.0
KARNATAKA,Mysuru,Hassan,HASSAN,HASSAN,HERAGU,4,4,118.0
KARNATAKA,Mysuru,Hassan,HASSAN,HASSAN,HONNAVARA,6,6,92.0
KARNATAKA,Mysuru,Hassan,HASSAN,HASSAN,HUVINAHALLI KAVAL,9,9,200.0
KARNATAKA,Mysuru,Hassan,HASSAN,HASSAN,JAGARAVALLI,9,9,179.0
KARNATAKA,Mysuru,Hassan,HASSAN,HASSAN,KABBALI,7,6,93.0
KARNATAKA,Mysuru,Hassan,HASSAN,HASSAN,KANDALI,13,10,563.0
KARNATAKA,Mysuru,Hassan,HASSAN,HASSAN,KARLE,12,12,166.0
KARNATAKA,Mysuru,Hassan,HASSAN,HASSAN,KATTAYA,12,12,268.0
KARNATAKA,Mysuru,Hassan,HASSAN,HASSAN,KORAVANGALA,6,6,155.0
KARNATAKA,Mysuru,Hassan,HASSAN,HASSAN,KOWSIKA,10,10,243.0
KARNATAKA,Mysuru,Hassan,HASSAN,HASSAN,KUDURAGUNDI,8,8,105.0
KARNATAKA,Mysuru,Hassan,HASSAN,HASSAN,MADENUR,7,7,89.0
KARNATAKA,Mysuru,Hassan,HASSAN,HASSAN,MANACANAHALLI,1,1,6.0
KARNATAKA,Mysuru,Hassan,HASSAN,HASSAN,MARKULI,13,13,321.0
KARNATAKA,Mysuru,Hassan,HASSAN,HASSAN,MELAGODU,6,6,95.0
KARNATAKA,Mysuru,Hassan,HASSAN,HASSAN,MOSALEHOSAHALLI,12,12,726.0
KARNATAKA,Mysuru,Hassan,HASSAN,HASSAN,NITTUR,8,7,301.0
KARNATAKA,Mysuru,Hassan,HASSAN,HASSAN,SALAGAME,11,11,141.0
KARNATAKA,Mysuru,Hassan,HASSAN,HASSAN,SEEGE,10,10,169.0
KARNATAKA,Mysuru,Hassan,HASSAN,HASSAN,SHANKARANAHALLI,10,10,322.0
KARNATAKA,Mysuru,Hassan,HASSAN,HASSAN,SHANTIGRAMA,10,10,488.0
KARNATAKA,Mysuru,Hassan,HASSAN,HASSAN,SHETTIHALLI,12,11,189.0
KARNATAKA,Mysuru,Hassan,HASSAN,HASSAN,TEJUR,9,5,198.0
KARNATAKA,Mysuru,Hassan,HASSAN,HASSAN,THATTEKERE,11,8,335.0
KARNATAKA,Mysuru,Hassan,HASSAN,HASSAN,UGANE,12,11,212.0
KARNATAKA,Mysuru,Hassan,HASSAN,HASSAN,YALAGUNDA,8,8,178.0
KARNATAKA,Mysuru,Hassan,HASSAN,HOLENARASIPURA,ANEKANNAMBADI,9,9,214.0
KARNATAKA,Mysuru,Hassan,HASSAN,HOLENARASIPURA,BAGIVALU,12,12,314.0
KARNATAKA,Mysuru,Hassan,HASSAN,HOLENARASIPURA,BIDARAKKA,10,10,275.0
KARNATAKA,Mysuru,Hassan,HASSAN,HOLENARASIPURA,DODDABYAGATHAVALLI,9,9,153.0
KARNATAKA,Mysuru,Hassan,HASSAN,HOLENARASIPURA,DODDAHALLI,7,7,308.0
KARNATAKA,Mysuru,Hassan,HASSAN,HOLENARASIPURA,DODDAKADANUR,16,15,383.0
KARNATAKA,Mysuru,Hassan,HASSAN,HOLENARASIPURA,DODDAKUNCHE,11,10,206.0
KARNATAKA,Mysuru,Hassan,HASSAN,HOLENARASIPURA,HALEKOTE,5,5,787.0
KARNATAKA,Mysuru,Hassan,HASSAN,HOLENARASIPURA,HALLI MYSORE,15,11,755.0
KARNATAKA,Mysuru,Hassan,HASSAN,HOLENARASIPURA,HANGARAHALLI,5,5,408.0
KARNATAKA,Mysuru,Hassan,HASSAN,HOLENARASIPURA,HARIHARAPURA,10,9,492.0
KARNATAKA,Mysuru,Hassan,HASSAN,HOLENARASIPURA,ICHANAHALLI,10,9,343.0
KARNATAKA,Mysuru,Hassan,HASSAN,HOLENARASIPURA,KATTEBELAGULI,8,8,103.0
KARNATAKA,Mysuru,Hassan,HASSAN,HOLENARASIPURA,KERAGODU,7,7,243.0
KARNATAKA,Mysuru,Hassan,HASSAN,HOLENARASIPURA,KODIHALLI,12,11,218.0
KARNATAKA,Mysuru,Hassan,HASSAN,HOLENARASIPURA,KYATHANAHALLI,11,11,240.0
KARNATAKA,Mysuru,Hassan,HASSAN,HOLENARASIPURA,MALALI,8,7,221.0
KARNATAKA,Mysuru,Hassan,HASSAN,HOLENARASIPURA,MALLAPPANAHALLI,11,11,436.0
KARNATAKA,Mysuru,Hassan,HASSAN,HOLENARASIPURA,MOODALAHIPPE,11,11,894.0
KARNATAKA,Mysuru,Hassan,HASSAN,HOLENARASIPURA,NAGARANAHALLI,12,12,287.0
KARNATAKA,Mysuru,Hassan,HASSAN,HOLENARASIPURA,NIDUVANI,14,12,248.0
KARNATAKA,Mysuru,Hassan,HASSAN,HOLENARASIPURA,ODANAHALLI,9,9,164.0
KARNATAKA,Mysuru,Hassan,HASSAN,HOLENARASIPURA,PADUVALAHIPPE,11,11,161.0
KARNATAKA,Mysuru,Hassan,HASSAN,HOLENARASIPURA,SANKANAHALLI,5,5,176.0
KARNATAKA,Mysuru,Hassan,HASSAN,HOLENARASIPURA,SRAVANUR,15,15,413.0
KARNATAKA,Mysuru,Hassan,HASSAN,HOLENARASIPURA,THATHANAHALLI,8,8,167.0
KARNATAKA,Mysuru,Hassan,HASSAN,SAKALESHAPURA,ANEMAHAL,6,4,115.0
KARNATAKA,Mysuru,Hassan,HASSAN,SAKALESHAPURA,BAGE,7,6,168.0
KARNATAKA,Mysuru,Hassan,HASSAN,SAKALESHAPURA,BALLU,7,5,304.0
KARNATAKA,Mysuru,Hassan,HASSAN,SAKALESHAPURA,BELAGODU,9,8,250.0
KARNATAKA,Mysuru,Hassan,HASSAN,SAKALESHAPURA,BIRADAHALLI,5,5,109.0
KARNATAKA,Mysuru,Hassan,HASSAN,SAKALESHAPURA,BYAKARAVALLI,8,8,334.0
KARNATAKA,Mysuru,Hassan,HASSAN,SAKALESHAPURA,CHANGADIHALLI,6,5,70.0
KARNATAKA,Mysuru,Hassan,HASSAN,SAKALESHAPURA,DEVALADAKERE,3,3,83.0
KARNATAKA,Mysuru,Hassan,HASSAN,SAKALESHAPURA,HALASULIGE,4,3,75.0
KARNATAKA,Mysuru,Hassan,HASSAN,SAKALESHAPURA,HANBAL,11,9,511.0
KARNATAKA,Mysuru,Hassan,HASSAN,SAKALESHAPURA,HEBBASALE,7,7,229.0
KARNATAKA,Mysuru,Hassan,HASSAN,SAKALESHAPURA,HEGGADDE,4,3,139.0
KARNATAKA,Mysuru,Hassan,HASSAN,SAKALESHAPURA,HETHUR,7,6,577.0
KARNATAKA,Mysuru,Hassan,HASSAN,SAKALESHAPURA,HONGADAHALLA,2,2,57.0
KARNATAKA,Mysuru,Hassan,HASSAN,SAKALESHAPURA,HOSUR,6,6,131.0
KARNATAKA,Mysuru,Hassan,HASSAN,SAKALESHAPURA,IGOOR,4,4,70.0
KARNATAKA,Mysuru,Hassan,HASSAN,SAKALESHAPURA,KUNIGANAHALLI,8,8,168.0
KARNATAKA,Mysuru,Hassan,HASSAN,SAKALESHAPURA,KURUBATHUR,9,8,156.0
KARNATAKA,Mysuru,Hassan,HASSAN,SAKALESHAPURA,KYAMANAHALLI,6,6,261.0
KARNATAKA,Mysuru,Hassan,HASSAN,SAKALESHAPURA,KYANAHALLI,3,3,44.0
KARNATAKA,Mysuru,Hassan,HASSAN,SAKALESHAPURA,MALALI,7,7,178.0
KARNATAKA,Mysuru,Hassan,HASSAN,SAKALESHAPURA,UCHANGI,6,6,81.0
KARNATAKA,Mysuru,Hassan,HASSAN,SAKALESHAPURA,UDEVARA,6,6,126.0
KARNATAKA,Mysuru,Hassan,HASSAN,SAKALESHAPURA,VALALAHALLI,6,5,65.0
KARNATAKA,Mysuru,Hassan,HASSAN,SAKALESHAPURA,VANAGOOR,7,7,62.0
KARNATAKA,Mysuru,Hassan,HASSAN,SAKALESHAPURA,YESLUR,9,9,414.0
KARNATAKA,Mysuru,Kodagu,KODAGU,MADIKERI,AIYAMGERI,2,2,156.0
KARNATAKA,Mysuru,Kodagu,KODAGU,MADIKERI,BALLAMAVATI,3,3,43.0
KARNATAKA,Mysuru,Kodagu,KODAGU,MADIKERI,BENGOOR CHERAMBANE,6,4,120.0
KARNATAKA,Mysuru,Kodagu,KODAGU,MADIKERI,BETTAGERI,6,4,77.0
KARNATAKA,Mysuru,Kodagu,KODAGU,MADIKERI,BHAGAMANDALA,7,6,590.0
KARNATAKA,Mysuru,Kodagu,KODAGU,MADIKERI,CHEMBU,6,6,190.0
KARNATAKA,Mysuru,Kodagu,KODAGU,MADIKERI,CHETTALLI,4,4,210.0
KARNATAKA,Mysuru,Kodagu,KODAGU,MADIKERI,GALIBEEDU,3,3,521.0
KARNATAKA,Mysuru,Kodagu,KODAGU,MADIKERI,HAKATHUR,3,3,91.0
KARNATAKA,Mysuru,Kodagu,KODAGU,MADIKERI,HODDUR,7,5,294.0
KARNATAKA,Mysuru,Kodagu,KODAGU,MADIKERI,HOSAKERI,2,2,97.0
KARNATAKA,Mysuru,Kodagu,KODAGU,MADIKERI,KADAGADALU,3,3,141.0
KARNATAKA,Mysuru,Kodagu,KODAGU,MADIKERI,KALAKERI NIDUGANE,1,1,6.0
KARNATAKA,Mysuru,Kodagu,KODAGU,MADIKERI,KANTHUR MURNAD,8,5,328.0
KARNATAKA,Mysuru,Kodagu,KODAGU,MADIKERI,KARIKE,5,4,179.0
KARNATAKA,Mysuru,Kodagu,KODAGU,MADIKERI,KONANJAGERI (PERANE),6,6,83.0
KARNATAKA,Mysuru,Kodagu,KODAGU,MADIKERI,KUNDACHERI,5,4,96.0
KARNATAKA,Mysuru,Kodagu,KODAGU,MADIKERI,KUNJILA (KAKKABBE),8,6,200.0
KARNATAKA,Mysuru,Kodagu,KODAGU,MADIKERI,MADAPURA,1,1,17.0
KARNATAKA,Mysuru,Kodagu,KODAGU,MADIKERI,MADE,9,8,94.0
KARNATAKA,Mysuru,Kodagu,KODAGU,MADIKERI,MAKKANDUR,2,2,47.0
KARNATAKA,Mysuru,Kodagu,KODAGU,MADIKERI,MARAGODU,2,2,84.0
KARNATAKA,Mysuru,Kodagu,KODAGU,MADIKERI,MEKERI,2,2,50.0
KARNATAKA,Mysuru,Kodagu,KODAGU,MADIKERI,NAPOKLU,11,7,624.0
KARNATAKA,Mysuru,Kodagu,KODAGU,MADIKERI,NARIANDADA,6,6,229.0
KARNATAKA,Mysuru,Kodagu,KODAGU,MADIKERI,PERAJE,7,7,179.0
KARNATAKA,Mysuru,Kodagu,KODAGU,MADIKERI,SAMPAJE,2,2,162.0
KARNATAKA,Mysuru,Kodagu,KODAGU,MADIKERI,SIDDAPURA,8,4,321.0
KARNATAKA,Mysuru,Kodagu,KODAGU,MADIKERI,VALNUR THYAGATHUR,1,1,30.0
KARNATAKA,Mysuru,Kodagu,KODAGU,MADIKERI,YAMMEMADU,3,3,315.0
KARNATAKA,Mysuru,Kodagu,KODAGU,SOMAVARPET,7TH HOSKOTE,2,2,225.0
KARNATAKA,Mysuru,Kodagu,KODAGU,SOMAVARPET,AIGUR,4,4,294.0
KARNATAKA,Mysuru,Kodagu,KODAGU,SOMAVARPET,ALUR,10,8,526.0
KARNATAKA,Mysuru,Kodagu,KODAGU,SOMAVARPET,BEDAGOTTA,2,2,37.0
KARNATAKA,Mysuru,Kodagu,KODAGU,SOMAVARPET,BELUR,3,2,110.0
KARNATAKA,Mysuru,Kodagu,KODAGU,SOMAVARPET,BESUR,9,9,138.0
KARNATAKA,Mysuru,Kodagu,KODAGU,SOMAVARPET,BETTADALLI,3,3,20.0
KARNATAKA,Mysuru,Kodagu,KODAGU,SOMAVARPET,CHOWDLU,8,4,691.0
KARNATAKA,Mysuru,Kodagu,KODAGU,SOMAVARPET,DODDAMOLATHE,3,3,89.0
KARNATAKA,Mysuru,Kodagu,KODAGU,SOMAVARPET,DUNDALLI,5,5,99.0
KARNATAKA,Mysuru,Kodagu,KODAGU,SOMAVARPET,GANAGUR,3,3,67.0
KARNATAKA,Mysuru,Kodagu,KODAGU,SOMAVARPET,GARUVALE,1,1,14.0
KARNATAKA,Mysuru,Kodagu,KODAGU,SOMAVARPET,GOWDALLI,4,3,77.0
KARNATAKA,Mysuru,Kodagu,KODAGU,SOMAVARPET,GUDDEHOSUR,12,8,914.0
KARNATAKA,Mysuru,Kodagu,KODAGU,SOMAVARPET,HANAGALLU,5,4,122.0
KARNATAKA,Mysuru,Kodagu,KODAGU,SOMAVARPET,HANDLI,4,4,86.0
KARNATAKA,Mysuru,Kodagu,KODAGU,SOMAVARPET,HARADUR,4,4,235.0
KARNATAKA,Mysuru,Kodagu,KODAGU,SOMAVARPET,HEBBALE,6,4,142.0
KARNATAKA,Mysuru,Kodagu,KODAGU,SOMAVARPET,KAMBIBANE,3,3,104.0
KARNATAKA,Mysuru,Kodagu,KODAGU,SOMAVARPET,KEDAKAL,5,4,34.0
KARNATAKA,Mysuru,Kodagu,KODAGU,SOMAVARPET,KIRGANDUR,1,1,29.0
KARNATAKA,Mysuru,Kodagu,KODAGU,SOMAVARPET,KODAGARALLI,2,1,26.0
KARNATAKA,Mysuru,Kodagu,KODAGU,SOMAVARPET,KODLIPET,10,7,382.0
KARNATAKA,Mysuru,Kodagu,KODAGU,SOMAVARPET,KUDIGE,10,8,1208.0
KARNATAKA,Mysuru,Kodagu,KODAGU,SOMAVARPET,KUDUMANGALORE,6,5,251.0
KARNATAKA,Mysuru,Kodagu,KODAGU,SOMAVARPET,MADAPURA,7,5,157.0
KARNATAKA,Mysuru,Kodagu,KODAGU,SOMAVARPET,NAKUR SIRANGALA,3,3,65.0
KARNATAKA,Mysuru,Kodagu,KODAGU,SOMAVARPET,NANJARAYAPATNA,3,2,137.0
KARNATAKA,Mysuru,Kodagu,KODAGU,SOMAVARPET,NELLIYAHAUDIKERI,2,1,463.0
KARNATAKA,Mysuru,Kodagu,KODAGU,SOMAVARPET,NERUGALALE,6,5,107.0
KARNATAKA,Mysuru,Kodagu,KODAGU,SOMAVARPET,NIDTA,5,5,148.0
KARNATAKA,Mysuru,Kodagu,KODAGU,SOMAVARPET,SHANIVARASANTHE,7,1,139.0
KARNATAKA,Mysuru,Kodagu,KODAGU,SOMAVARPET,SHANTHALLI,2,2,27.0
KARNATAKA,Mysuru,Kodagu,KODAGU,SOMAVARPET,SIRANGALA,4,3,105.0
KARNATAKA,Mysuru,Kodagu,KODAGU,SOMAVARPET,SUNTICOPPA,4,3,347.0
KARNATAKA,Mysuru,Kodagu,KODAGU,SOMAVARPET,THOLUR SHETTALLI,2,2,26.0
KARNATAKA,Mysuru,Kodagu,KODAGU,SOMAVARPET,TORENUR,3,3,111.0
KARNATAKA,Mysuru,Kodagu,KODAGU,SOMAVARPET,VALNUR THYAGATHUR,1,1,127.0
KARNATAKA,Mysuru,Kodagu,KODAGU,VIRAJPET,AMMATHI,2,2,8.0
KARNATAKA,Mysuru,Kodagu,KODAGU,VIRAJPET,ARJI,4,1,34.0
KARNATAKA,Mysuru,Kodagu,KODAGU,VIRAJPET,ARUVATOKLU,1,1,68.0
KARNATAKA,Mysuru,Kodagu,KODAGU,VIRAJPET,B. SHETTIGERI,2,2,56.0
KARNATAKA,Mysuru,Kodagu,KODAGU,VIRAJPET,BALELE,4,3,226.0
KARNATAKA,Mysuru,Kodagu,KODAGU,VIRAJPET,BALYAMANDUR,3,3,43.0
KARNATAKA,Mysuru,Kodagu,KODAGU,VIRAJPET,BETOLI,5,5,237.0
KARNATAKA,Mysuru,Kodagu,KODAGU,VIRAJPET,BILUGUNDA,3,3,80.0
KARNATAKA,Mysuru,Kodagu,KODAGU,VIRAJPET,BIRUNANI,6,5,146.0
KARNATAKA,Mysuru,Kodagu,KODAGU,VIRAJPET,BITTANGALA,7,6,466.0
KARNATAKA,Mysuru,Kodagu,KODAGU,VIRAJPET,CHEMBE BELLUR,7,3,88.0
KARNATAKA,Mysuru,Kodagu,KODAGU,VIRAJPET,CHENNAYANA KOTE,5,4,321.0
KARNATAKA,Mysuru,Kodagu,KODAGU,VIRAJPET,DEVARAPURA,5,4,236.0
KARNATAKA,Mysuru,Kodagu,KODAGU,VIRAJPET,GONIKOPPAL,3,1,318.0
KARNATAKA,Mysuru,Kodagu,KODAGU,VIRAJPET,HALUGUNDA,5,4,178.0
KARNATAKA,Mysuru,Kodagu,KODAGU,VIRAJPET,HATHUR,10,6,225.0
KARNATAKA,Mysuru,Kodagu,KODAGU,VIRAJPET,HOSUR,3,3,150.0
KARNATAKA,Mysuru,Kodagu,KODAGU,VIRAJPET,HUDIKERI,9,7,331.0
KARNATAKA,Mysuru,Kodagu,KODAGU,VIRAJPET,KADANUR,4,3,31.0
KARNATAKA,Mysuru,Kodagu,KODAGU,VIRAJPET,KAKOTUPARAMBU,4,3,82.0
KARNATAKA,Mysuru,Kodagu,KODAGU,VIRAJPET,KANNANGALA,2,2,86.0
KARNATAKA,Mysuru,Kodagu,KODAGU,VIRAJPET,KANUR,5,5,452.0
KARNATAKA,Mysuru,Kodagu,KODAGU,VIRAJPET,KARMADU,4,1,109.0
KARNATAKA,Mysuru,Kodagu,KODAGU,VIRAJPET,KEDAMULLUR,4,4,66.0
KARNATAKA,Mysuru,Kodagu,KODAGU,VIRAJPET,KIRGUR,3,2,36.0
KARNATAKA,Mysuru,Kodagu,KODAGU,VIRAJPET,KUTTA,5,4,315.0
KARNATAKA,Mysuru,Kodagu,KODAGU,VIRAJPET,MALDARE,4,3,139.0
KARNATAKA,Mysuru,Kodagu,KODAGU,VIRAJPET,MAYAMUDI,3,3,285.0
KARNATAKA,Mysuru,Kodagu,KODAGU,VIRAJPET,NALKERI,5,5,317.0
KARNATAKA,Mysuru,Kodagu,KODAGU,VIRAJPET,NITTUR,5,5,209.0
KARNATAKA,Mysuru,Kodagu,KODAGU,VIRAJPET,POLIBETTA,4,2,200.0
KARNATAKA,Mysuru,Kodagu,KODAGU,VIRAJPET,PONNAMPET,7,3,393.0
KARNATAKA,Mysuru,Kodagu,KODAGU,VIRAJPET,PONNAPPASANTHE,3,3,46.0
KARNATAKA,Mysuru,Kodagu,KODAGU,VIRAJPET,SIDDAPURA,2,2,76.0
KARNATAKA,Mysuru,Kodagu,KODAGU,VIRAJPET,SRIMANGALA,6,5,239.0
KARNATAKA,Mysuru,Kodagu,KODAGU,VIRAJPET,T. SHETTIGERI,4,3,190.0
KARNATAKA,Mysuru,Kodagu,KODAGU,VIRAJPET,THITHIMATHI,6,5,663.0
KARNATAKA,Mysuru,Mandya,MANDYA,KRISHNARAJA PET,AGHALAYA,8,8,111.0
KARNATAKA,Mysuru,Mandya,MANDYA,KRISHNARAJA PET,AGRAHARABACHAHALLI,10,10,223.0
KARNATAKA,Mysuru,Mandya,MANDYA,KRISHNARAJA PET,AIKANAHALLI,7,6,143.0
KARNATAKA,Mysuru,Mandya,MANDYA,KRISHNARAJA PET,AKKIHEBBALU,14,12,596.0
KARNATAKA,Mysuru,Mandya,MANDYA,KRISHNARAJA PET,ALAMBADI KAVAL,6,6,263.0
KARNATAKA,Mysuru,Mandya,MANDYA,KRISHNARAJA PET,ANAGOLA,7,6,157.0
KARNATAKA,Mysuru,Mandya,MANDYA,KRISHNARAJA PET,BALLEKERE,6,6,200.0
KARNATAKA,Mysuru,Mandya,MANDYA,KRISHNARAJA PET,BALLENAHALLI,6,6,159.0
KARNATAKA,Mysuru,Mandya,MANDYA,KRISHNARAJA PET,BANDIHOLE,8,6,195.0
KARNATAKA,Mysuru,Mandya,MANDYA,KRISHNARAJA PET,BEERUVALLI,9,9,263.0
KARNATAKA,Mysuru,Mandya,MANDYA,KRISHNARAJA PET,BHARATHIPURACROSS,12,10,192.0
KARNATAKA,Mysuru,Mandya,MANDYA,KRISHNARAJA PET,BOOKANAKERE,11,10,419.0
KARNATAKA,Mysuru,Mandya,MANDYA,KRISHNARAJA PET,CHOWDENAHALLI,11,10,306.0
KARNATAKA,Mysuru,Mandya,MANDYA,KRISHNARAJA PET,DABBEGATTA,12,11,205.0
KARNATAKA,Mysuru,Mandya,MANDYA,KRISHNARAJA PET,GANJIGERE,16,15,336.0
KARNATAKA,Mysuru,Mandya,MANDYA,KRISHNARAJA PET,HARALAHALLI,10,9,183.0
KARNATAKA,Mysuru,Mandya,MANDYA,KRISHNARAJA PET,HARIHARAPURA,9,8,276.0
KARNATAKA,Mysuru,Mandya,MANDYA,KRISHNARAJA PET,HIRIKALALE,11,10,532.0
KARNATAKA,Mysuru,Mandya,MANDYA,KRISHNARAJA PET,ICHANAHALLI,8,8,178.0
KARNATAKA,Mysuru,Mandya,MANDYA,KRISHNARAJA PET,KIKKERI,10,6,514.0
KARNATAKA,Mysuru,Mandya,MANDYA,KRISHNARAJA PET,LAKSHMI PURA,13,13,246.0
KARNATAKA,Mysuru,Mandya,MANDYA,KRISHNARAJA PET,MADAPURA,6,6,340.0
KARNATAKA,Mysuru,Mandya,MANDYA,KRISHNARAJA PET,MADUVINA KODI,4,4,148.0
KARNATAKA,Mysuru,Mandya,MANDYA,KRISHNARAJA PET,MAKAVALLI,9,8,182.0
KARNATAKA,Mysuru,Mandya,MANDYA,KRISHNARAJA PET,MANDAGERE,12,12,421.0
KARNATAKA,Mysuru,Mandya,MANDYA,KRISHNARAJA PET,MURUKANAHALLI,9,9,243.0
KARNATAKA,Mysuru,Mandya,MANDYA,KRISHNARAJA PET,RANGANATHAPURA CROSS,10,10,162.0
KARNATAKA,Mysuru,Mandya,MANDYA,KRISHNARAJA PET,SANTHEBACHAHALLI,10,9,332.0
KARNATAKA,Mysuru,Mandya,MANDYA,KRISHNARAJA PET,SARANGI,8,8,416.0
KARNATAKA,Mysuru,Mandya,MANDYA,KRISHNARAJA PET,SHILANERE,14,14,302.0
KARNATAKA,Mysuru,Mandya,MANDYA,KRISHNARAJA PET,SINDHAGATTA,7,7,411.0
KARNATAKA,Mysuru,Mandya,MANDYA,KRISHNARAJA PET,SOMANAHALLI,9,8,170.0
KARNATAKA,Mysuru,Mandya,MANDYA,KRISHNARAJA PET,TENDEKERE,13,12,391.0
KARNATAKA,Mysuru,Mandya,MANDYA,KRISHNARAJA PET,VITALAPURA,13,12,631.0
KARNATAKA,Mysuru,Mandya,MANDYA,MADDUR,ABALAVADI,3,3,60.0
KARNATAKA,Mysuru,Mandya,MANDYA,MADDUR,ALURU,3,3,112.0
KARNATAKA,Mysuru,Mandya,MANDYA,MADDUR,ANNURU,4,2,138.0
KARNATAKA,Mysuru,Mandya,MANDYA,MADDUR,ATHAGURU,7,6,170.0
KARNATAKA,Mysuru,Mandya,MANDYA,MADDUR,BEKKALALE,6,6,84.0
KARNATAKA,Mysuru,Mandya,MANDYA,MADDUR,BESAGARAHALLI,13,8,1280.0
KARNATAKA,Mysuru,Mandya,MANDYA,MADDUR,BHARATHINAGAR,16,7,322.0
KARNATAKA,Mysuru,Mandya,MANDYA,MADDUR,BIDARAHALLI,3,3,197.0
KARNATAKA,Mysuru,Mandya,MANDYA,MADDUR,BIDHARAKOTE,6,5,92.0
KARNATAKA,Mysuru,Mandya,MANDYA,MADDUR,CHAMANAHALLI,4,3,310.0
KARNATAKA,Mysuru,Mandya,MANDYA,MADDUR,CHIKKARASINAKERE,5,5,149.0
KARNATAKA,Mysuru,Mandya,MANDYA,MADDUR,DODDARASINAKARE,6,6,188.0
KARNATAKA,Mysuru,Mandya,MANDYA,MADDUR,GEJJALAGERE,5,4,400.0
KARNATAKA,Mysuru,Mandya,MANDYA,MADDUR,GORAVANAHALLI,5,4,130.0
KARNATAKA,Mysuru,Mandya,MANDYA,MADDUR,HEMMANAHALLI,5,4,108.0
KARNATAKA,Mysuru,Mandya,MANDYA,MADDUR,HOSAGAVI,6,4,175.0
KARNATAKA,Mysuru,Mandya,MANDYA,MADDUR,HOSAKERE,7,6,289.0
KARNATAKA,Mysuru,Mandya,MANDYA,MADDUR,HUTHAGERE,6,6,151.0
KARNATAKA,Mysuru,Mandya,MANDYA,MADDUR,K HONNALAGERE,11,9,702.0
KARNATAKA,Mysuru,Mandya,MANDYA,MADDUR,K. BELLUR,9,8,412.0
KARNATAKA,Mysuru,Mandya,MANDYA,MADDUR,K. SHETTAHALLI,5,5,116.0
KARNATAKA,Mysuru,Mandya,MANDYA,MADDUR,KADHALUR,5,5,172.0
KARNATAKA,Mysuru,Mandya,MANDYA,MADDUR,KADUKOTTANAHALLI,3,3,165.0
KARNATAKA,Mysuru,Mandya,MANDYA,MADDUR,KESTHURU,9,7,377.0
KARNATAKA,Mysuru,Mandya,MANDYA,MADDUR,KOOLAGERE,2,2,56.0
KARNATAKA,Mysuru,Mandya,MANDYA,MADDUR,KOPPA,9,7,553.0
KARNATAKA,Mysuru,Mandya,MANDYA,MADDUR,KOUDLE,9,7,177.0
KARNATAKA,Mysuru,Mandya,MANDYA,MADDUR,KYATHAGHATTA,4,4,128.0
KARNATAKA,Mysuru,Mandya,MANDYA,MADDUR,MADHARAHALLI,4,4,221.0
KARNATAKA,Mysuru,Mandya,MANDYA,MADDUR,MALLANA KUPPE,6,4,246.0
KARNATAKA,Mysuru,Mandya,MANDYA,MADDUR,MARALIGA,9,7,206.0
KARNATAKA,Mysuru,Mandya,MANDYA,MADDUR,MENASAGERE,6,5,227.0
KARNATAKA,Mysuru,Mandya,MANDYA,MADDUR,NAGARAKERE,8,6,304.0
KARNATAKA,Mysuru,Mandya,MANDYA,MADDUR,NIDAGHATTA,6,6,216.0
KARNATAKA,Mysuru,Mandya,MANDYA,MADDUR,NILUVAGILU,4,4,64.0
KARNATAKA,Mysuru,Mandya,MANDYA,MADDUR,S I HONNALAGERE,6,5,651.0
KARNATAKA,Mysuru,Mandya,MANDYA,MADDUR,SADOLALU,6,6,149.0
KARNATAKA,Mysuru,Mandya,MANDYA,MADDUR,SOMANAHALLI,8,6,105.0
KARNATAKA,Mysuru,Mandya,MANDYA,MADDUR,THAGGAHALLI,5,5,87.0
KARNATAKA,Mysuru,Mandya,MANDYA,MADDUR,TOREBOMMANAHALLI,3,3,169.0
KARNATAKA,Mysuru,Mandya,MANDYA,MADDUR,VALAGEREHALLI,2,2,147.0
KARNATAKA,Mysuru,Mandya,MANDYA,MADDUR,YADAGANAHALLI,5,4,267.0
KARNATAKA,Mysuru,Mandya,MANDYA,MALAVALLY,AGASNAPURA,5,5,174.0
KARNATAKA,Mysuru,Mandya,MANDYA,MALAVALLY,B.G.PURA,7,6,512.0
KARNATAKA,Mysuru,Mandya,MANDYA,MALAVALLY,BANDUR,7,7,184.0
KARNATAKA,Mysuru,Mandya,MANDYA,MALAVALLY,BELAKAVADI,4,3,242.0
KARNATAKA,Mysuru,Mandya,MANDYA,MALAVALLY,BENDARAVADI,2,2,233.0
KARNATAKA,Mysuru,Mandya,MANDYA,MALAVALLY,BYDARAHALLI,12,11,328.0
KARNATAKA,Mysuru,Mandya,MANDYA,MALAVALLY,CHIKKAMULAGUDU,9,7,294.0
KARNATAKA,Mysuru,Mandya,MANDYA,MALAVALLY,CHOTTENAHALLI,6,5,205.0
KARNATAKA,Mysuru,Mandya,MANDYA,MALAVALLY,D.HALASAHALLI,8,7,238.0
KARNATAKA,Mysuru,Mandya,MANDYA,MALAVALLY,DALAVAYIKODIHALLI,5,5,299.0
KARNATAKA,Mysuru,Mandya,MANDYA,MALAVALLY,DHANAGURU,5,5,289.0
KARNATAKA,Mysuru,Mandya,MANDYA,MALAVALLY,DUGGANAHALLI,6,5,145.0
KARNATAKA,Mysuru,Mandya,MANDYA,MALAVALLY,H BASAVAPURA,4,4,73.0
KARNATAKA,Mysuru,Mandya,MANDYA,MALAVALLY,HAADLI,11,10,302.0
KARNATAKA,Mysuru,Mandya,MANDYA,MALAVALLY,HALAGURU,8,4,560.0
KARNATAKA,Mysuru,Mandya,MANDYA,MALAVALLY,HITTANAHALLI,5,4,145.0
KARNATAKA,Mysuru,Mandya,MANDYA,MALAVALLY,HOSAHALLI,4,4,209.0
KARNATAKA,Mysuru,Mandya,MANDYA,MALAVALLY,HUSKUR,7,5,222.0
KARNATAKA,Mysuru,Mandya,MANDYA,MALAVALLY,KAGGALIPURA,5,4,103.0
KARNATAKA,Mysuru,Mandya,MANDYA,MALAVALLY,KALKUNI,10,10,764.0
KARNATAKA,Mysuru,Mandya,MANDYA,MALAVALLY,KANDEGALA,3,3,161.0
KARNATAKA,Mysuru,Mandya,MANDYA,MALAVALLY,KIRUGAVALU,10,3,165.0
KARNATAKA,Mysuru,Mandya,MANDYA,MALAVALLY,KUNDUR,7,6,277.0
KARNATAKA,Mysuru,Mandya,MANDYA,MALAVALLY,KYATHNAHALLI,4,4,251.0
KARNATAKA,Mysuru,Mandya,MANDYA,MALAVALLY,LINGAPATNA,7,5,173.0
KARNATAKA,Mysuru,Mandya,MANDYA,MALAVALLY,MAREHALLI,7,7,901.0
KARNATAKA,Mysuru,Mandya,MANDYA,MALAVALLY,MIKKERE,6,6,291.0
KARNATAKA,Mysuru,Mandya,MANDYA,MALAVALLY,NELAMAKANAHALLI,6,6,146.0
KARNATAKA,Mysuru,Mandya,MANDYA,MALAVALLY,NIDAGHATTA,5,4,215.0
KARNATAKA,Mysuru,Mandya,MANDYA,MALAVALLY,NITTURU,6,6,166.0
KARNATAKA,Mysuru,Mandya,MANDYA,MALAVALLY,PANDITHAHALLI,7,6,380.0
KARNATAKA,Mysuru,Mandya,MANDYA,MALAVALLY,PURIGALI,5,5,333.0
KARNATAKA,Mysuru,Mandya,MANDYA,MALAVALLY,RAGIBOMMANAHALLI,7,6,198.0
KARNATAKA,Mysuru,Mandya,MANDYA,MALAVALLY,SARGURU,7,7,288.0
KARNATAKA,Mysuru,Mandya,MANDYA,MALAVALLY,SETTIHALLI,6,6,142.0
KARNATAKA,Mysuru,Mandya,MANDYA,MALAVALLY,SUJJALUR,12,11,569.0
KARNATAKA,Mysuru,Mandya,MANDYA,MALAVALLY,TALAGAVADI,8,4,169.0
KARNATAKA,Mysuru,Mandya,MANDYA,MALAVALLY,THOREKADANAHALLI,5,5,254.0
KARNATAKA,Mysuru,Mandya,MANDYA,MALAVALLY,YATHAMBADI,8,8,559.0
KARNATAKA,Mysuru,Mandya,MANDYA,MANDYA NORTH,ALAKERE,5,5,187.0
KARNATAKA,Mysuru,Mandya,MANDYA,MANDYA NORTH,B.HOSUR,9,9,716.0
KARNATAKA,Mysuru,Mandya,MANDYA,MANDYA NORTH,BABY,8,8,248.0
KARNATAKA,Mysuru,Mandya,MANDYA,MANDYA NORTH,BASARALU,14,14,656.0
KARNATAKA,Mysuru,Mandya,MANDYA,MANDYA NORTH,BEVINAHALLI,1,1,34.0
KARNATAKA,Mysuru,Mandya,MANDYA,MANDYA NORTH,BEVUKAL,10,9,269.0
KARNATAKA,Mysuru,Mandya,MANDYA,MANDYA NORTH,CHANDAGALU,7,6,198.0
KARNATAKA,Mysuru,Mandya,MANDYA,MANDYA NORTH,CHANDAGALU (DUDDA),2,2,54.0
KARNATAKA,Mysuru,Mandya,MANDYA,MANDYA NORTH,DODDAGARUDANAHALLI,7,7,212.0
KARNATAKA,Mysuru,Mandya,MANDYA,MANDYA NORTH,DUDDA,8,8,468.0
KARNATAKA,Mysuru,Mandya,MANDYA,MANDYA NORTH,G.MALLIGERE,6,6,159.0
KARNATAKA,Mysuru,Mandya,MANDYA,MANDYA NORTH,GANADALU,3,3,89.0
KARNATAKA,Mysuru,Mandya,MANDYA,MANDYA NORTH,H.MALLIGERE,5,4,283.0
KARNATAKA,Mysuru,Mandya,MANDYA,MANDYA NORTH,HALLEGERE,9,9,704.0
KARNATAKA,Mysuru,Mandya,MANDYA,MANDYA NORTH,HODAGHATTA,6,6,142.0
KARNATAKA,Mysuru,Mandya,MANDYA,MANDYA NORTH,HOLALU,4,2,171.0
KARNATAKA,Mysuru,Mandya,MANDYA,MANDYA NORTH,HULIVANA,5,5,144.0
KARNATAKA,Mysuru,Mandya,MANDYA,MANDYA NORTH,HULLENAHALLI,8,8,460.0
KARNATAKA,Mysuru,Mandya,MANDYA,MANDYA NORTH,KAMBADAHALLI,3,3,42.0
KARNATAKA,Mysuru,Mandya,MANDYA,MANDYA NORTH,KEELARA,2,2,170.0
KARNATAKA,Mysuru,Mandya,MANDYA,MANDYA NORTH,KEREAGODU,10,9,227.0
KARNATAKA,Mysuru,Mandya,MANDYA,MANDYA NORTH,MARAGOWDANAHALLI,3,3,211.0
KARNATAKA,Mysuru,Mandya,MANDYA,MANDYA NORTH,MARCHAKANAHALLY,6,5,128.0
KARNATAKA,Mysuru,Mandya,MANDYA,MANDYA NORTH,MUDAGANDUR,8,8,362.0
KARNATAKA,Mysuru,Mandya,MANDYA,MANDYA NORTH,MUTHEGERE,10,10,234.0
KARNATAKA,Mysuru,Mandya,MANDYA,MANDYA NORTH,SHIVALLI,7,6,267.0
KARNATAKA,Mysuru,Mandya,MANDYA,MANDYA NORTH,SHIVAPURA,3,3,87.0
KARNATAKA,Mysuru,Mandya,MANDYA,MANDYA NORTH,UPPARAKANAHALLI,6,6,199.0
KARNATAKA,Mysuru,Mandya,MANDYA,MANDYA SOUTH,B.GOWDAGERE,2,2,85.0
KARNATAKA,Mysuru,Mandya,MANDYA,MANDYA SOUTH,BELUR,7,5,165.0
KARNATAKA,Mysuru,Mandya,MANDYA,MANDYA SOUTH,BEVINAHALLI,9,6,202.0
KARNATAKA,Mysuru,Mandya,MANDYA,MANDYA SOUTH,BOODANUR,4,3,146.0
KARNATAKA,Mysuru,Mandya,MANDYA,MANDYA SOUTH,GOPALAPURA,8,7,307.0
KARNATAKA,Mysuru,Mandya,MANDYA,MANDYA SOUTH,HALUVADI,4,3,235.0
KARNATAKA,Mysuru,Mandya,MANDYA,MANDYA SOUTH,HANAKERE,6,5,456.0
KARNATAKA,Mysuru,Mandya,MANDYA,MANDYA SOUTH,INDUVALU,7,4,197.0
KARNATAKA,Mysuru,Mandya,MANDYA,MANDYA SOUTH,KANNALI,2,2,145.0
KARNATAKA,Mysuru,Mandya,MANDYA,MANDYA SOUTH,KOTHATHI,6,5,390.0
KARNATAKA,Mysuru,Mandya,MANDYA,MANDYA SOUTH,MANDYA RURAL,2,2,45.0
KARNATAKA,Mysuru,Mandya,MANDYA,MANDYA SOUTH,MANGALA,6,5,296.0
KARNATAKA,Mysuru,Mandya,MANDYA,MANDYA SOUTH,SANTHEKASALAGERE,4,2,153.0
KARNATAKA,Mysuru,Mandya,MANDYA,MANDYA SOUTH,SATHANOOR,9,6,838.0
KARNATAKA,Mysuru,Mandya,MANDYA,MANDYA SOUTH,SOONAGAHALLI,4,4,208.0
KARNATAKA,Mysuru,Mandya,MANDYA,MANDYA SOUTH,THAGGAHALLI,6,5,332.0
KARNATAKA,Mysuru,Mandya,MANDYA,MANDYA SOUTH,TUBINAKERE (YELECHAKANAHALLI),7,5,291.0
KARNATAKA,Mysuru,Mandya,MANDYA,MANDYA SOUTH,UMMADAHALLI,5,4,224.0
KARNATAKA,Mysuru,Mandya,MANDYA,MANDYA SOUTH,YALIYUR,6,4,239.0
KARNATAKA,Mysuru,Mandya,MANDYA,NAGAMANGALA,ANCHECHITTANAHALLI,9,9,107.0
KARNATAKA,Mysuru,Mandya,MANDYA,NAGAMANGALA,ARANI,5,5,74.0
KARNATAKA,Mysuru,Mandya,MANDYA,NAGAMANGALA,BHIMANAHALLI,11,11,468.0
KARNATAKA,Mysuru,Mandya,MANDYA,NAGAMANGALA,BHRAMHADEVARAHALLI,12,11,230.0
KARNATAKA,Mysuru,Mandya,MANDYA,NAGAMANGALA,BINDIGANAVILE,10,8,130.0
KARNATAKA,Mysuru,Mandya,MANDYA,NAGAMANGALA,BOGADHI,10,10,196.0
KARNATAKA,Mysuru,Mandya,MANDYA,NAGAMANGALA,CHINYA,9,8,324.0
KARNATAKA,Mysuru,Mandya,MANDYA,NAGAMANGALA,CHUNCHANAHALLI,11,10,453.0
KARNATAKA,Mysuru,Mandya,MANDYA,NAGAMANGALA,DEVALAPURA,8,8,502.0
KARNATAKA,Mysuru,Mandya,MANDYA,NAGAMANGALA,DEVARAMALLANAYAKANAHALLI,8,8,179.0
KARNATAKA,Mysuru,Mandya,MANDYA,NAGAMANGALA,DEVIHALLI,5,5,112.0
KARNATAKA,Mysuru,Mandya,MANDYA,NAGAMANGALA,DODDABALA,3,3,34.0
KARNATAKA,Mysuru,Mandya,MANDYA,NAGAMANGALA,GONDENAHALLI,8,8,461.0
KARNATAKA,Mysuru,Mandya,MANDYA,NAGAMANGALA,HARADANAHALLI,12,12,283.0
KARNATAKA,Mysuru,Mandya,MANDYA,NAGAMANGALA,HONAKERE,9,9,149.0
KARNATAKA,Mysuru,Mandya,MANDYA,NAGAMANGALA,HONNAVARA,9,8,168.0
KARNATAKA,Mysuru,Mandya,MANDYA,NAGAMANGALA,HULIKERE,7,7,102.0
KARNATAKA,Mysuru,Mandya,MANDYA,NAGAMANGALA,KADABAHALLI,9,8,545.0
KARNATAKA,Mysuru,Mandya,MANDYA,NAGAMANGALA,KALINGANAHALLI,13,12,294.0
KARNATAKA,Mysuru,Mandya,MANDYA,NAGAMANGALA,KANTHAPURA,8,7,161.0
KARNATAKA,Mysuru,Mandya,MANDYA,NAGAMANGALA,KARADAHALLI,10,9,188.0
KARNATAKA,Mysuru,Mandya,MANDYA,NAGAMANGALA,LALANAKERE,8,8,189.0
KARNATAKA,Mysuru,Mandya,MANDYA,NAGAMANGALA,MANNAHALLI,11,11,267.0
KARNATAKA,Mysuru,Mandya,MANDYA,NAGAMANGALA,MAYIGONAHALLI,9,8,175.0
KARNATAKA,Mysuru,Mandya,MANDYA,NAGAMANGALA,NALLIGERE,17,15,566.0
KARNATAKA,Mysuru,Mandya,MANDYA,NAGAMANGALA,PALAGRAHARA,5,5,326.0
KARNATAKA,Mysuru,Mandya,MANDYA,NAGAMANGALA,TUPPADAMADU,6,5,148.0
KARNATAKA,Mysuru,Mandya,MANDYA,PANDAVAPURA,ARALAKUPPE,4,4,288.0
KARNATAKA,Mysuru,Mandya,MANDYA,PANDAVAPURA,BALAGATTA,4,4,62.0
KARNATAKA,Mysuru,Mandya,MANDYA,PANDAVAPURA,BANNANGADI,7,6,253.0
KARNATAKA,Mysuru,Mandya,MANDYA,PANDAVAPURA,CHIKKADE,5,3,142.0
KARNATAKA,Mysuru,Mandya,MANDYA,PANDAVAPURA,CHINAKURALI,12,8,598.0
KARNATAKA,Mysuru,Mandya,MANDYA,PANDAVAPURA,DINKA,5,5,174.0
KARNATAKA,Mysuru,Mandya,MANDYA,PANDAVAPURA,DODDABYADARAHALLI,8,7,202.0
KARNATAKA,Mysuru,Mandya,MANDYA,PANDAVAPURA,GUMMANAHALLI,8,7,227.0
KARNATAKA,Mysuru,Mandya,MANDYA,PANDAVAPURA,HALEBEEDU,10,10,517.0
KARNATAKA,Mysuru,Mandya,MANDYA,PANDAVAPURA,HARAVOO,7,7,647.0
KARNATAKA,Mysuru,Mandya,MANDYA,PANDAVAPURA,HIREMARALI,5,5,246.0
KARNATAKA,Mysuru,Mandya,MANDYA,PANDAVAPURA,HONAGANAHALLI,8,7,563.0
KARNATAKA,Mysuru,Mandya,MANDYA,PANDAVAPURA,JAKKANAHALLI,12,12,313.0
KARNATAKA,Mysuru,Mandya,MANDYA,PANDAVAPURA,K BETTAHALLI,10,10,339.0
KARNATAKA,Mysuru,Mandya,MANDYA,PANDAVAPURA,KANAGANA MARADI,6,6,219.0
KARNATAKA,Mysuru,Mandya,MANDYA,PANDAVAPURA,KATTERI,7,7,449.0
KARNATAKA,Mysuru,Mandya,MANDYA,PANDAVAPURA,KENNALU,5,3,158.0
KARNATAKA,Mysuru,Mandya,MANDYA,PANDAVAPURA,KYATHANAHALLI,9,7,682.0
KARNATAKA,Mysuru,Mandya,MANDYA,PANDAVAPURA,LAKSHMI SAGARA,6,6,447.0
KARNATAKA,Mysuru,Mandya,MANDYA,PANDAVAPURA,MANIKANA HALLI,7,6,480.0
KARNATAKA,Mysuru,Mandya,MANDYA,PANDAVAPURA,MELUKOTE,4,2,114.0
KARNATAKA,Mysuru,Mandya,MANDYA,PANDAVAPURA,NARAYANAPURA,10,10,482.0
KARNATAKA,Mysuru,Mandya,MANDYA,PANDAVAPURA,SUNKATONNUR,8,8,340.0
KARNATAKA,Mysuru,Mandya,MANDYA,PANDAVAPURA,T.S. CHATRA,9,9,509.0
KARNATAKA,Mysuru,Mandya,MANDYA,SRIRANGA PATNA,ARAKERE,9,7,594.0
KARNATAKA,Mysuru,Mandya,MANDYA,SRIRANGA PATNA,BALLEKERE,7,7,184.0
KARNATAKA,Mysuru,Mandya,MANDYA,SRIRANGA PATNA,BALLENAHALLI,6,5,109.0
KARNATAKA,Mysuru,Mandya,MANDYA,SRIRANGA PATNA,BELAGOLA,13,6,515.0
KARNATAKA,Mysuru,Mandya,MANDYA,SRIRANGA PATNA,CHIKKAANKANAHALLI,4,3,97.0
KARNATAKA,Mysuru,Mandya,MANDYA,SRIRANGA PATNA,DARASAGUPPE,6,5,101.0
KARNATAKA,Mysuru,Mandya,MANDYA,SRIRANGA PATNA,GAMANAHALLI,6,6,395.0
KARNATAKA,Mysuru,Mandya,MANDYA,SRIRANGA PATNA,HOSAHALLI,7,4,276.0
KARNATAKA,Mysuru,Mandya,MANDYA,SRIRANGA PATNA,HULIKERE,15,10,480.0
KARNATAKA,Mysuru,Mandya,MANDYA,SRIRANGA PATNA,K.SHETTAHALLI,8,7,171.0
KARNATAKA,Mysuru,Mandya,MANDYA,SRIRANGA PATNA,KIRANGUR,6,4,296.0
KARNATAKA,Mysuru,Mandya,MANDYA,SRIRANGA PATNA,KODIYALA,9,7,185.0
KARNATAKA,Mysuru,Mandya,MANDYA,SRIRANGA PATNA,MAHADEVAPURA,7,5,393.0
KARNATAKA,Mysuru,Mandya,MANDYA,SRIRANGA PATNA,MELAPURA,6,5,258.0
KARNATAKA,Mysuru,Mandya,MANDYA,SRIRANGA PATNA,MUNDUGADORE,10,9,248.0
KARNATAKA,Mysuru,Mandya,MANDYA,SRIRANGA PATNA,NAGUVANAHALLI,10,6,220.0
KARNATAKA,Mysuru,Mandya,MANDYA,SRIRANGA PATNA,PALAHALLI,4,2,140.0
KARNATAKA,Mysuru,Mandya,MANDYA,SRIRANGA PATNA,SABBANAKUPPE,7,7,347.0
KARNATAKA,Mysuru,Mandya,MANDYA,SRIRANGA PATNA,T.M.HOSUR,8,7,159.0
KARNATAKA,Mysuru,Mandya,MANDYA,SRIRANGA PATNA,THADAGAVADI,7,6,124.0
KARNATAKA,Mysuru,Mysuru,MYSURU,H.D.KOTE,ALANAHALLI,8,7,461.0
KARNATAKA,Mysuru,Mysuru,MYSURU,H.D.KOTE,ANNUR,11,11,546.0
KARNATAKA,Mysuru,Mysuru,MYSURU,H.D.KOTE,ANTHARASANTHE,7,6,695.0
KARNATAKA,Mysuru,Mysuru,MYSURU,H.D.KOTE,B.MATAKERE,19,18,914.0
KARNATAKA,Mysuru,Mysuru,MYSURU,H.D.KOTE,BACHEGOWDANAHALLI,5,4,230.0
KARNATAKA,Mysuru,Mysuru,MYSURU,H.D.KOTE,BEECHANAHALLI,6,6,342.0
KARNATAKA,Mysuru,Mysuru,MYSURU,H.D.KOTE,BHEEMANAHALLI,6,6,323.0
KARNATAKA,Mysuru,Mysuru,MYSURU,H.D.KOTE,BIDARAHALLI,11,10,595.0
KARNATAKA,Mysuru,Mysuru,MYSURU,H.D.KOTE,CHAKKODANAHALLI,16,16,976.0
KARNATAKA,Mysuru,Mysuru,MYSURU,H.D.KOTE,CHIKKEREYURU,7,7,364.0
KARNATAKA,Mysuru,Mysuru,MYSURU,H.D.KOTE,D.B.KUPPE,12,12,672.0
KARNATAKA,Mysuru,Mysuru,MYSURU,H.D.KOTE,G.B.SARAGUR,6,6,247.0
KARNATAKA,Mysuru,Mysuru,MYSURU,H.D.KOTE,HADANURU,5,5,229.0
KARNATAKA,Mysuru,Mysuru,MYSURU,H.D.KOTE,HAMPAPURA,13,10,373.0
KARNATAKA,Mysuru,Mysuru,MYSURU,H.D.KOTE,HANCHIPURA,7,7,203.0
KARNATAKA,Mysuru,Mysuru,MYSURU,H.D.KOTE,HEBBALAGUPPE,5,5,344.0
KARNATAKA,Mysuru,Mysuru,MYSURU,H.D.KOTE,HEGGANUR,9,9,284.0
KARNATAKA,Mysuru,Mysuru,MYSURU,H.D.KOTE,HIREHALLI,9,9,735.0
KARNATAKA,Mysuru,Mysuru,MYSURU,H.D.KOTE,HOMMARAGALLI,7,6,418.0
KARNATAKA,Mysuru,Mysuru,MYSURU,H.D.KOTE,HOSAHOLALU,7,6,385.0
KARNATAKA,Mysuru,Mysuru,MYSURU,H.D.KOTE,HYRIGE,6,5,383.0
KARNATAKA,Mysuru,Mysuru,MYSURU,H.D.KOTE,ITNA,1,1,236.0
KARNATAKA,Mysuru,Mysuru,MYSURU,H.D.KOTE,K.BELTHUR,8,8,583.0
KARNATAKA,Mysuru,Mysuru,MYSURU,H.D.KOTE,KALLAMBALU,6,6,407.0
KARNATAKA,Mysuru,Mysuru,MYSURU,H.D.KOTE,KANCHAMALLI,5,5,256.0
KARNATAKA,Mysuru,Mysuru,MYSURU,H.D.KOTE,KOTHEGALA,8,8,378.0
KARNATAKA,Mysuru,Mysuru,MYSURU,H.D.KOTE,KYATHANAHALLI,5,4,253.0
KARNATAKA,Mysuru,Mysuru,MYSURU,H.D.KOTE,M.C.THALALU,11,11,362.0
KARNATAKA,Mysuru,Mysuru,MYSURU,H.D.KOTE,MADAPURA,9,8,462.0
KARNATAKA,Mysuru,Mysuru,MYSURU,H.D.KOTE,MANUGANAHALLI,8,8,323.0
KARNATAKA,Mysuru,Mysuru,MYSURU,H.D.KOTE,MULLUR,6,6,432.0
KARNATAKA,Mysuru,Mysuru,MYSURU,H.D.KOTE,N.BEGUR,9,9,640.0
KARNATAKA,Mysuru,Mysuru,MYSURU,H.D.KOTE,N.BELTHUR,9,9,469.0
KARNATAKA,Mysuru,Mysuru,MYSURU,H.D.KOTE,NAGANAHALLI,8,8,377.0
KARNATAKA,Mysuru,Mysuru,MYSURU,H.D.KOTE,NOORALAKUPPE,11,11,343.0
KARNATAKA,Mysuru,Mysuru,MYSURU,H.D.KOTE,PADUKOTE KAVAL,11,10,294.0
KARNATAKA,Mysuru,Mysuru,MYSURU,H.D.KOTE,SAGARE,4,4,362.0
KARNATAKA,Mysuru,Mysuru,MYSURU,H.D.KOTE,SAVVE,10,10,363.0
KARNATAKA,Mysuru,Mysuru,MYSURU,H.D.KOTE,THUMBASOGE,6,6,354.0
KARNATAKA,Mysuru,Mysuru,MYSURU,HUNSUR,ASPATHREKAVAL,15,12,630.0
KARNATAKA,Mysuru,Mysuru,MYSURU,HUNSUR,BANNIKUPPE,11,10,442.0
KARNATAKA,Mysuru,Mysuru,MYSURU,HUNSUR,BEEJAGANAHALLI,4,4,194.0
KARNATAKA,Mysuru,Mysuru,MYSURU,HUNSUR,BILIGERE,4,4,338.0
KARNATAKA,Mysuru,Mysuru,MYSURU,HUNSUR,BILIKERE,10,6,500.0
KARNATAKA,Mysuru,Mysuru,MYSURU,HUNSUR,BOLANAHALLI,6,6,290.0
KARNATAKA,Mysuru,Mysuru,MYSURU,HUNSUR,CHALLAHALLI,8,7,376.0
KARNATAKA,Mysuru,Mysuru,MYSURU,HUNSUR,CHIKKABEECHANAHALLI,8,8,251.0
KARNATAKA,Mysuru,Mysuru,MYSURU,HUNSUR,CHILKUNDA,9,7,215.0
KARNATAKA,Mysuru,Mysuru,MYSURU,HUNSUR,DHARMAPURA,7,7,780.0
KARNATAKA,Mysuru,Mysuru,MYSURU,HUNSUR,DODDA HEJJUR,10,10,805.0
KARNATAKA,Mysuru,Mysuru,MYSURU,HUNSUR,GAGENAHALLI,6,6,219.0
KARNATAKA,Mysuru,Mysuru,MYSURU,HUNSUR,GAVADAGERE,4,3,524.0
KARNATAKA,Mysuru,Mysuru,MYSURU,HUNSUR,GOVINDANAHALLI,13,12,1255.0
KARNATAKA,Mysuru,Mysuru,MYSURU,HUNSUR,GURUPUR,7,7,378.0
KARNATAKA,Mysuru,Mysuru,MYSURU,HUNSUR,HALEBEEDU,10,8,445.0
KARNATAKA,Mysuru,Mysuru,MYSURU,HUNSUR,HANAGODU,9,8,470.0
KARNATAKA,Mysuru,Mysuru,MYSURU,HUNSUR,HARAVE,3,3,475.0
KARNATAKA,Mysuru,Mysuru,MYSURU,HUNSUR,HEGGANDURU,8,7,235.0
KARNATAKA,Mysuru,Mysuru,MYSURU,HUNSUR,HIRIKYATHANAHALLI,6,6,382.0
KARNATAKA,Mysuru,Mysuru,MYSURU,HUNSUR,HUSENPURA,7,7,293.0
KARNATAKA,Mysuru,Mysuru,MYSURU,HUNSUR,JABAGERE,5,5,201.0
KARNATAKA,Mysuru,Mysuru,MYSURU,HUNSUR,KADEMANUGANHALLI,7,7,377.0
KARNATAKA,Mysuru,Mysuru,MYSURU,HUNSUR,KALLAHALLI,7,7,457.0
KARNATAKA,Mysuru,Mysuru,MYSURU,HUNSUR,KARANAKUPPE,10,9,356.0
KARNATAKA,Mysuru,Mysuru,MYSURU,HUNSUR,KARIMUDDANAHALLI,11,11,284.0
KARNATAKA,Mysuru,Mysuru,MYSURU,HUNSUR,KATTEMALALAVADI,3,3,363.0
KARNATAKA,Mysuru,Mysuru,MYSURU,HUNSUR,KIRANGURU,7,7,252.0
KARNATAKA,Mysuru,Mysuru,MYSURU,HUNSUR,KOTHEGALA,8,6,314.0
KARNATAKA,Mysuru,Mysuru,MYSURU,HUNSUR,MANUGANAHALLI,6,6,208.0
KARNATAKA,Mysuru,Mysuru,MYSURU,HUNSUR,MARADUR,10,9,290.0
KARNATAKA,Mysuru,Mysuru,MYSURU,HUNSUR,MODURU,3,3,214.0
KARNATAKA,Mysuru,Mysuru,MYSURU,HUNSUR,MUKANHALLI,7,6,313.0
KARNATAKA,Mysuru,Mysuru,MYSURU,HUNSUR,MULLURU,11,10,340.0
KARNATAKA,Mysuru,Mysuru,MYSURU,HUNSUR,NERALAKUPPE,12,12,637.0
KARNATAKA,Mysuru,Mysuru,MYSURU,HUNSUR,SINGARAMARANAHALLI,7,7,282.0
KARNATAKA,Mysuru,Mysuru,MYSURU,HUNSUR,THATTEKERE,10,9,388.0
KARNATAKA,Mysuru,Mysuru,MYSURU,HUNSUR,UDDUR KAVAL,3,3,136.0
KARNATAKA,Mysuru,Mysuru,MYSURU,HUNSUR,UDDURU,4,4,221.0
KARNATAKA,Mysuru,Mysuru,MYSURU,HUNSUR,UMMATHUR,6,5,269.0
KARNATAKA,Mysuru,Mysuru,MYSURU,HUNSUR,UYYIGOWDANAHALLI,8,6,375.0
KARNATAKA,Mysuru,Mysuru,MYSURU,K.R.NAGARA,ADAGUR,3,3,158.0
KARNATAKA,Mysuru,Mysuru,MYSURU,K.R.NAGARA,ANKANAHALLY,4,3,55.0
KARNATAKA,Mysuru,Mysuru,MYSURU,K.R.NAGARA,ARJUNAHALLI,7,7,151.0
KARNATAKA,Mysuru,Mysuru,MYSURU,K.R.NAGARA,BHERIYA,14,10,414.0
KARNATAKA,Mysuru,Mysuru,MYSURU,K.R.NAGARA,BYADARAHALLY,5,5,192.0
KARNATAKA,Mysuru,Mysuru,MYSURU,K.R.NAGARA,CHANDAGALU,3,3,227.0
KARNATAKA,Mysuru,Mysuru,MYSURU,K.R.NAGARA,CHANNAMGERE,6,6,227.0
KARNATAKA,Mysuru,Mysuru,MYSURU,K.R.NAGARA,DORANAHALLY(DODDAKOPPALU),17,13,982.0
KARNATAKA,Mysuru,Mysuru,MYSURU,K.R.NAGARA,GANDHANAHALLY,3,3,285.0
KARNATAKA,Mysuru,Mysuru,MYSURU,K.R.NAGARA,HALIYUR,8,7,242.0
KARNATAKA,Mysuru,Mysuru,MYSURU,K.R.NAGARA,HANASOGE,6,6,216.0
KARNATAKA,Mysuru,Mysuru,MYSURU,K.R.NAGARA,HARADANAHALLY,5,4,137.0
KARNATAKA,Mysuru,Mysuru,MYSURU,K.R.NAGARA,HEBBALU,4,4,449.0
KARNATAKA,Mysuru,Mysuru,MYSURU,K.R.NAGARA,HOMPAPURA,7,7,252.0
KARNATAKA,Mysuru,Mysuru,MYSURU,K.R.NAGARA,HONNENAHALLY,10,10,453.0
KARNATAKA,Mysuru,Mysuru,MYSURU,K.R.NAGARA,HOSAAGRAHARA,8,6,137.0
KARNATAKA,Mysuru,Mysuru,MYSURU,K.R.NAGARA,HOSAKOTE,7,7,348.0
KARNATAKA,Mysuru,Mysuru,MYSURU,K.R.NAGARA,KAGGERE,6,6,294.0
KARNATAKA,Mysuru,Mysuru,MYSURU,K.R.NAGARA,KARPOORVALLY,13,12,458.0
KARNATAKA,Mysuru,Mysuru,MYSURU,K.R.NAGARA,KESTHUR,4,4,260.0
KARNATAKA,Mysuru,Mysuru,MYSURU,K.R.NAGARA,KUPPEHANTHA(CHUNCHANAKATTE),6,5,251.0
KARNATAKA,Mysuru,Mysuru,MYSURU,K.R.NAGARA,LAKSHMIPURA,6,5,184.0
KARNATAKA,Mysuru,Mysuru,MYSURU,K.R.NAGARA,LALANDEVANAHALLY,9,8,155.0
KARNATAKA,Mysuru,Mysuru,MYSURU,K.R.NAGARA,MAVATTUR,7,7,713.0
KARNATAKA,Mysuru,Mysuru,MYSURU,K.R.NAGARA,MAYIGOWDANAHALLY,13,13,569.0
KARNATAKA,Mysuru,Mysuru,MYSURU,K.R.NAGARA,MELUR,6,6,250.0
KARNATAKA,Mysuru,Mysuru,MYSURU,K.R.NAGARA,MIRLE,9,6,197.0
KARNATAKA,Mysuru,Mysuru,MYSURU,K.R.NAGARA,MUNJANAHALLY,10,10,479.0
KARNATAKA,Mysuru,Mysuru,MYSURU,K.R.NAGARA,NARACHANAHALLY,7,7,113.0
KARNATAKA,Mysuru,Mysuru,MYSURU,K.R.NAGARA,SALIGRAMA,8,6,658.0
KARNATAKA,Mysuru,Mysuru,MYSURU,K.R.NAGARA,SHEEGAVALU,6,6,260.0
KARNATAKA,Mysuru,Mysuru,MYSURU,K.R.NAGARA,SIDDAPURA,6,6,171.0
KARNATAKA,Mysuru,Mysuru,MYSURU,K.R.NAGARA,THANDRE,7,7,567.0
KARNATAKA,Mysuru,Mysuru,MYSURU,K.R.NAGARA,THIPPUR,7,6,227.0
KARNATAKA,Mysuru,Mysuru,MYSURU,MYSORE RURAL,ALANAHALLI,5,2,207.0
KARNATAKA,Mysuru,Mysuru,MYSURU,MYSORE RURAL,ANANDUR,8,7,155.0
KARNATAKA,Mysuru,Mysuru,MYSURU,MYSORE RURAL,BIRIHUNDI,10,4,161.0
KARNATAKA,Mysuru,Mysuru,MYSURU,MYSORE RURAL,CHAMUNDIBETTA,2,2,30.0
KARNATAKA,Mysuru,Mysuru,MYSURU,MYSORE RURAL,DEVALAPURA,9,8,407.0
KARNATAKA,Mysuru,Mysuru,MYSURU,MYSORE RURAL,DHANAGALLI,14,8,587.0
KARNATAKA,Mysuru,Mysuru,MYSURU,MYSORE RURAL,DODDAMARAGOWDANAHALLI,9,9,1080.0
KARNATAKA,Mysuru,Mysuru,MYSURU,MYSORE RURAL,DOORA,7,7,563.0
KARNATAKA,Mysuru,Mysuru,MYSURU,MYSORE RURAL,GOPALAPURA,8,7,424.0
KARNATAKA,Mysuru,Mysuru,MYSURU,MYSORE RURAL,GUNGARALACHATHRA,12,10,429.0
KARNATAKA,Mysuru,Mysuru,MYSURU,MYSORE RURAL,HAROHALLI,8,8,504.0
KARNATAKA,Mysuru,Mysuru,MYSURU,MYSORE RURAL,HAROHALLI (MALLAHALLI),9,6,575.0
KARNATAKA,Mysuru,Mysuru,MYSURU,MYSORE RURAL,JAYAPURA,12,8,386.0
KARNATAKA,Mysuru,Mysuru,MYSURU,MYSORE RURAL,KEELANAPURA,12,12,581.0
KARNATAKA,Mysuru,Mysuru,MYSURU,MYSORE RURAL,MARBALLI,5,4,665.0
KARNATAKA,Mysuru,Mysuru,MYSURU,MYSORE RURAL,MOSAMBAYANAHALLI,7,7,304.0
KARNATAKA,Mysuru,Mysuru,MYSURU,MYSORE RURAL,NAGANAHALLI,9,5,229.0
KARNATAKA,Mysuru,Mysuru,MYSURU,MYSORE RURAL,NAGAWALA,7,6,482.0
KARNATAKA,Mysuru,Mysuru,MYSURU,MYSORE RURAL,SIDDALINGAPURA,13,7,439.0
KARNATAKA,Mysuru,Mysuru,MYSURU,MYSORE RURAL,SINDHUVALLI,10,8,684.0
KARNATAKA,Mysuru,Mysuru,MYSURU,MYSORE RURAL,SOMESHWARAPURA,6,6,391.0
KARNATAKA,Mysuru,Mysuru,MYSURU,MYSORE RURAL,UDBUR,3,1,522.0
KARNATAKA,Mysuru,Mysuru,MYSURU,MYSORE RURAL,VAJAMANGALA,9,4,318.0
KARNATAKA,Mysuru,Mysuru,MYSURU,MYSORE RURAL,VARAKODU,3,3,359.0
KARNATAKA,Mysuru,Mysuru,MYSURU,MYSORE RURAL,VARUNA,7,5,523.0
KARNATAKA,Mysuru,Mysuru,MYSURU,MYSORE RURAL,YADAKOLA,9,9,706.0
KARNATAKA,Mysuru,Mysuru,MYSURU,MYSORE RURAL,YELAWALA,16,9,1099.0
KARNATAKA,Mysuru,Mysuru,MYSURU,NANJANAGUD,BADANAVALU,7,7,633.0
KARNATAKA,Mysuru,Mysuru,MYSURU,NANJANAGUD,BILIGERE,9,9,582.0
KARNATAKA,Mysuru,Mysuru,MYSURU,NANJANAGUD,DASANUR,10,10,434.0
KARNATAKA,Mysuru,Mysuru,MYSURU,NANJANAGUD,DEBURU,6,6,860.0
KARNATAKA,Mysuru,Mysuru,MYSURU,NANJANAGUD,DEVANUR,7,6,271.0
KARNATAKA,Mysuru,Mysuru,MYSURU,NANJANAGUD,DEVARASANAHALLI,4,4,322.0
KARNATAKA,Mysuru,Mysuru,MYSURU,NANJANAGUD,DEVARAYASHETTYPURA,12,12,459.0
KARNATAKA,Mysuru,Mysuru,MYSURU,NANJANAGUD,DEVIRAMANAHALLI,11,7,881.0
KARNATAKA,Mysuru,Mysuru,MYSURU,NANJANAGUD,DODDAKOWLANDE,8,7,581.0
KARNATAKA,Mysuru,Mysuru,MYSURU,NANJANAGUD,DUGGAHALLI,7,7,218.0
KARNATAKA,Mysuru,Mysuru,MYSURU,NANJANAGUD,HADINARU,4,4,577.0
KARNATAKA,Mysuru,Mysuru,MYSURU,NANJANAGUD,HADYA,6,6,176.0
KARNATAKA,Mysuru,Mysuru,MYSURU,NANJANAGUD,HAGINAVALU,4,4,527.0
KARNATAKA,Mysuru,Mysuru,MYSURU,NANJANAGUD,HALLARE,6,5,616.0
KARNATAKA,Mysuru,Mysuru,MYSURU,NANJANAGUD,HARADANAHALLI,4,4,472.0
KARNATAKA,Mysuru,Mysuru,MYSURU,NANJANAGUD,HEDATHALE,6,6,472.0
KARNATAKA,Mysuru,Mysuru,MYSURU,NANJANAGUD,HEDIYALA,14,13,764.0
KARNATAKA,Mysuru,Mysuru,MYSURU,NANJANAGUD,HEGGADAHALLI,4,4,453.0
KARNATAKA,Mysuru,Mysuru,MYSURU,NANJANAGUD,HEMMARAGALA,5,4,816.0
KARNATAKA,Mysuru,Mysuru,MYSURU,NANJANAGUD,HORALAVADI,7,6,432.0
KARNATAKA,Mysuru,Mysuru,MYSURU,NANJANAGUD,HOSAKOTE,6,6,296.0
KARNATAKA,Mysuru,Mysuru,MYSURU,NANJANAGUD,HULIMAVU,5,5,319.0
KARNATAKA,Mysuru,Mysuru,MYSURU,NANJANAGUD,HULLAHALLI,7,2,341.0
KARNATAKA,Mysuru,Mysuru,MYSURU,NANJANAGUD,HURA,7,6,587.0
KARNATAKA,Mysuru,Mysuru,MYSURU,NANJANAGUD,KALALE,4,3,332.0
KARNATAKA,Mysuru,Mysuru,MYSURU,NANJANAGUD,KARYA,8,7,455.0
KARNATAKA,Mysuru,Mysuru,MYSURU,NANJANAGUD,KASUVINAHALLI,8,7,414.0
KARNATAKA,Mysuru,Mysuru,MYSURU,NANJANAGUD,KEMPESIDDANA HUNDI,6,5,219.0
KARNATAKA,Mysuru,Mysuru,MYSURU,NANJANAGUD,KONANUR,5,5,229.0
KARNATAKA,Mysuru,Mysuru,MYSURU,NANJANAGUD,KUDALAPURA,6,4,499.0
KARNATAKA,Mysuru,Mysuru,MYSURU,NANJANAGUD,KURIHUNDI,5,4,367.0
KARNATAKA,Mysuru,Mysuru,MYSURU,NANJANAGUD,MALLUPURA,6,6,419.0
KARNATAKA,Mysuru,Mysuru,MYSURU,NANJANAGUD,MARALURU,4,4,467.0
KARNATAKA,Mysuru,Mysuru,MYSURU,NANJANAGUD,NAGARLE,8,7,376.0
KARNATAKA,Mysuru,Mysuru,MYSURU,NANJANAGUD,NALLETHALAPURA,8,8,433.0
KARNATAKA,Mysuru,Mysuru,MYSURU,NANJANAGUD,NAVILURU,4,4,364.0
KARNATAKA,Mysuru,Mysuru,MYSURU,NANJANAGUD,NERALE,3,3,324.0
KARNATAKA,Mysuru,Mysuru,MYSURU,NANJANAGUD,RAMPURA,5,5,440.0
KARNATAKA,Mysuru,Mysuru,MYSURU,NANJANAGUD,SHIRAMALLI,3,3,439.0
KARNATAKA,Mysuru,Mysuru,MYSURU,NANJANAGUD,SINDUVALLI,5,5,561.0
KARNATAKA,Mysuru,Mysuru,MYSURU,NANJANAGUD,SUTHUR,8,6,2469.0
KARNATAKA,Mysuru,Mysuru,MYSURU,NANJANAGUD,TAGADUR,6,5,854.0
KARNATAKA,Mysuru,Mysuru,MYSURU,NANJANAGUD,THANDAVAPURA,8,5,332.0
KARNATAKA,Mysuru,Mysuru,MYSURU,NANJANAGUD,THAYURU,4,4,289.0
KARNATAKA,Mysuru,Mysuru,MYSURU,NANJANAGUD,THUMNERALE,4,4,112.0
KARNATAKA,Mysuru,Mysuru,MYSURU,PERIYA PATNA,ATTIGODU,10,10,683.0
KARNATAKA,Mysuru,Mysuru,MYSURU,PERIYA PATNA,AVARTHI,6,5,204.0
KARNATAKA,Mysuru,Mysuru,MYSURU,PERIYA PATNA,BETTADAPURA,10,5,454.0
KARNATAKA,Mysuru,Mysuru,MYSURU,PERIYA PATNA,BETTADATUNGA,12,12,310.0
KARNATAKA,Mysuru,Mysuru,MYSURU,PERIYA PATNA,BHUVANAHALLI,10,10,410.0
KARNATAKA,Mysuru,Mysuru,MYSURU,PERIYA PATNA,BYLAKUPPE,15,11,579.0
KARNATAKA,Mysuru,Mysuru,MYSURU,PERIYA PATNA,CHAPPARADAHALLI,6,6,239.0
KARNATAKA,Mysuru,Mysuru,MYSURU,PERIYA PATNA,CHENNAKALKAVALU,6,6,180.0
KARNATAKA,Mysuru,Mysuru,MYSURU,PERIYA PATNA,CHIKKANERALE,12,12,480.0
KARNATAKA,Mysuru,Mysuru,MYSURU,PERIYA PATNA,CHITTENAHALLI,12,11,349.0
KARNATAKA,Mysuru,Mysuru,MYSURU,PERIYA PATNA,CHOWTHI,10,9,267.0
KARNATAKA,Mysuru,Mysuru,MYSURU,PERIYA PATNA,DODDABYLALU,10,10,377.0
KARNATAKA,Mysuru,Mysuru,MYSURU,PERIYA PATNA,DODDAKAMARAVALLI,9,8,185.0
KARNATAKA,Mysuru,Mysuru,MYSURU,PERIYA PATNA,HALAGANAHALLI,8,7,299.0
KARNATAKA,Mysuru,Mysuru,MYSURU,PERIYA PATNA,HANDITHAVALLI,10,10,444.0
KARNATAKA,Mysuru,Mysuru,MYSURU,PERIYA PATNA,HARADURU,5,5,146.0
KARNATAKA,Mysuru,Mysuru,MYSURU,PERIYA PATNA,HARANAHALLI,6,6,359.0
KARNATAKA,Mysuru,Mysuru,MYSURU,PERIYA PATNA,HITNEHEBBAGILU,7,7,713.0
KARNATAKA,Mysuru,Mysuru,MYSURU,PERIYA PATNA,HUNASAVADI,11,11,421.0
KARNATAKA,Mysuru,Mysuru,MYSURU,PERIYA PATNA,KAMPALAPURA,6,5,268.0
KARNATAKA,Mysuru,Mysuru,MYSURU,PERIYA PATNA,KANAGALU,8,8,446.0
KARNATAKA,Mysuru,Mysuru,MYSURU,PERIYA PATNA,KIRNALLI,4,4,240.0
KARNATAKA,Mysuru,Mysuru,MYSURU,PERIYA PATNA,KITTUR,9,8,325.0
KARNATAKA,Mysuru,Mysuru,MYSURU,PERIYA PATNA,KOMALAPURA,11,11,240.0
KARNATAKA,Mysuru,Mysuru,MYSURU,PERIYA PATNA,KOPPA,10,7,487.0
KARNATAKA,Mysuru,Mysuru,MYSURU,PERIYA PATNA,MAKODU,9,9,489.0
KARNATAKA,Mysuru,Mysuru,MYSURU,PERIYA PATNA,MALANGI,11,11,840.0
KARNATAKA,Mysuru,Mysuru,MYSURU,PERIYA PATNA,MUTTUR,6,5,306.0
KARNATAKA,Mysuru,Mysuru,MYSURU,PERIYA PATNA,N. SHETTIHALLI,7,7,295.0
KARNATAKA,Mysuru,Mysuru,MYSURU,PERIYA PATNA,NAVILURU,4,3,86.0
KARNATAKA,Mysuru,Mysuru,MYSURU,PERIYA PATNA,PANCHAVLLI,12,11,490.0
KARNATAKA,Mysuru,Mysuru,MYSURU,PERIYA PATNA,PUNADAHALLI,3,3,81.0
KARNATAKA,Mysuru,Mysuru,MYSURU,PERIYA PATNA,RAMANATHATUNGA,10,10,639.0
KARNATAKA,Mysuru,Mysuru,MYSURU,PERIYA PATNA,RAVANDOOR,11,9,898.0
KARNATAKA,Mysuru,Mysuru,MYSURU,T.N.PURA,ANKANAHALLI,7,7,341.0
KARNATAKA,Mysuru,Mysuru,MYSURU,T.N.PURA,ATTAHALLI,4,2,45.0
KARNATAKA,Mysuru,Mysuru,MYSURU,T.N.PURA,B.SHETTAHALLI,8,8,338.0
KARNATAKA,Mysuru,Mysuru,MYSURU,T.N.PURA,BEEDANAHALLI,3,3,115.0
KARNATAKA,Mysuru,Mysuru,MYSURU,T.N.PURA,BENAKANAHALLI,7,7,260.0
KARNATAKA,Mysuru,Mysuru,MYSURU,T.N.PURA,CHIDARAVALLI,9,9,256.0
KARNATAKA,Mysuru,Mysuru,MYSURU,T.N.PURA,DODDEBAGILU,9,9,296.0
KARNATAKA,Mysuru,Mysuru,MYSURU,T.N.PURA,GARGESHWARI,9,6,453.0
KARNATAKA,Mysuru,Mysuru,MYSURU,T.N.PURA,HANUMANALU,4,3,144.0
KARNATAKA,Mysuru,Mysuru,MYSURU,T.N.PURA,HEGGURU,6,6,231.0
KARNATAKA,Mysuru,Mysuru,MYSURU,T.N.PURA,HEMMIGE,10,10,502.0
KARNATAKA,Mysuru,Mysuru,MYSURU,T.N.PURA,HOLESALU,6,6,392.0
KARNATAKA,Mysuru,Mysuru,MYSURU,T.N.PURA,HOSAKOTE,6,6,367.0
KARNATAKA,Mysuru,Mysuru,MYSURU,T.N.PURA,KALIYURU,5,5,326.0
KARNATAKA,Mysuru,Mysuru,MYSURU,T.N.PURA,KAROHATTI,7,7,425.0
KARNATAKA,Mysuru,Mysuru,MYSURU,T.N.PURA,KETHUPURA,6,6,167.0
KARNATAKA,Mysuru,Mysuru,MYSURU,T.N.PURA,KIRAGASURU,7,7,496.0
KARNATAKA,Mysuru,Mysuru,MYSURU,T.N.PURA,KODAGAHALLI,6,5,265.0
KARNATAKA,Mysuru,Mysuru,MYSURU,T.N.PURA,KOLATHURU,8,8,368.0
KARNATAKA,Mysuru,Mysuru,MYSURU,T.N.PURA,KOTHEGALA,7,7,378.0
KARNATAKA,Mysuru,Mysuru,MYSURU,T.N.PURA,KUPYA,2,2,345.0
KARNATAKA,Mysuru,Mysuru,MYSURU,T.N.PURA,MADAPURA,7,5,400.0
KARNATAKA,Mysuru,Mysuru,MYSURU,T.N.PURA,MALIYURU,8,7,405.0
KARNATAKA,Mysuru,Mysuru,MYSURU,T.N.PURA,MUGURU,7,6,1214.0
KARNATAKA,Mysuru,Mysuru,MYSURU,T.N.PURA,MUTTALAVADI,7,7,290.0
KARNATAKA,Mysuru,Mysuru,MYSURU,T.N.PURA,RANGASAMUDRA,9,7,383.0
KARNATAKA,Mysuru,Mysuru,MYSURU,T.N.PURA,SEEHALLI,6,5,475.0
KARNATAKA,Mysuru,Mysuru,MYSURU,T.N.PURA,SOMANATHAPURA,6,5,237.0
KARNATAKA,Mysuru,Mysuru,MYSURU,T.N.PURA,SOSALE,9,8,1074.0
KARNATAKA,Mysuru,Mysuru,MYSURU,T.N.PURA,T.DODDAPURA,7,7,271.0
KARNATAKA,Mysuru,Mysuru,MYSURU,T.N.PURA,TALKAD,10,8,763.0
KARNATAKA,Mysuru,Mysuru,MYSURU,T.N.PURA,THUMBALA,4,4,317.0
KARNATAKA,Mysuru,Mysuru,MYSURU,T.N.PURA,THURAGANURU,5,3,107.0
KARNATAKA,Mysuru,Mysuru,MYSURU,T.N.PURA,UKKALAGERE,6,6,197.0
KARNATAKA,Mysuru,Mysuru,MYSURU,T.N.PURA,VATALU,6,6,471.0
KARNATAKA,Mysuru,Mysuru,MYSURU,T.N.PURA,YACHENAHALLI,2,1,97.0
KARNATAKA,Mysuru,Udupi,UDUPI,BRAHAMAVARA,38 KALATHUR,6,6,317.0
KARNATAKA,Mysuru,Udupi,UDUPI,BRAHAMAVARA,80 BADAGUBETTU,1,0,
KARNATAKA,Mysuru,Udupi,UDUPI,BRAHAMAVARA,AROOR,3,3,460.0
KARNATAKA,Mysuru,Udupi,UDUPI,BRAHAMAVARA,AVARSE,4,4,792.0
KARNATAKA,Mysuru,Udupi,UDUPI,BRAHAMAVARA,BADANIDIYUR,1,1,54.0
KARNATAKA,Mysuru,Udupi,UDUPI,BRAHAMAVARA,BAIRAMPALLI,6,6,201.0
KARNATAKA,Mysuru,Udupi,UDUPI,BRAHAMAVARA,BARKUR,4,3,120.0
KARNATAKA,Mysuru,Udupi,UDUPI,BRAHAMAVARA,BILLADI,4,4,196.0
KARNATAKA,Mysuru,Udupi,UDUPI,BRAHAMAVARA,CHANTHARU,5,3,244.0
KARNATAKA,Mysuru,Udupi,UDUPI,BRAHAMAVARA,CHERKADI,6,5,291.0
KARNATAKA,Mysuru,Udupi,UDUPI,BRAHAMAVARA,HANDADI,2,2,211.0
KARNATAKA,Mysuru,Udupi,UDUPI,BRAHAMAVARA,HANEHALLI,1,1,84.0
KARNATAKA,Mysuru,Udupi,UDUPI,BRAHAMAVARA,HARADI,4,2,199.0
KARNATAKA,Mysuru,Udupi,UDUPI,BRAHAMAVARA,HAVANJE,3,3,81.0
KARNATAKA,Mysuru,Udupi,UDUPI,BRAHAMAVARA,HEGGUNJE,4,4,282.0
KARNATAKA,Mysuru,Udupi,UDUPI,BRAHAMAVARA,IRODI,3,3,165.0
KARNATAKA,Mysuru,Udupi,UDUPI,BRAHAMAVARA,KADUR,5,4,287.0
KARNATAKA,Mysuru,Udupi,UDUPI,BRAHAMAVARA,KALYANPURA,5,3,234.0
KARNATAKA,Mysuru,Udupi,UDUPI,BRAHAMAVARA,KARJE,5,5,248.0
KARNATAKA,Mysuru,Udupi,UDUPI,BRAHAMAVARA,KEMMANNU,5,2,147.0
KARNATAKA,Mysuru,Udupi,UDUPI,BRAHAMAVARA,KODI,3,3,186.0
KARNATAKA,Mysuru,Udupi,UDUPI,BRAHAMAVARA,KOKKARNE,6,5,723.0
KARNATAKA,Mysuru,Udupi,UDUPI,BRAHAMAVARA,KOTA,3,3,867.0
KARNATAKA,Mysuru,Udupi,UDUPI,BRAHAMAVARA,KOTATHATTU,2,2,159.0
KARNATAKA,Mysuru,Udupi,UDUPI,BRAHAMAVARA,KUKKEHALLI,3,3,329.0
KARNATAKA,Mysuru,Udupi,UDUPI,BRAHAMAVARA,NALKUR,7,6,253.0
KARNATAKA,Mysuru,Udupi,UDUPI,BRAHAMAVARA,NEELAVARA,1,1,90.0
KARNATAKA,Mysuru,Udupi,UDUPI,BRAHAMAVARA,PANDESHWARA,3,2,121.0
KARNATAKA,Mysuru,Udupi,UDUPI,BRAHAMAVARA,PERDOOR,7,6,359.0
KARNATAKA,Mysuru,Udupi,UDUPI,BRAHAMAVARA,SHIRIYARA,2,2,105.0
KARNATAKA,Mysuru,Udupi,UDUPI,BRAHAMAVARA,THENKANIDIYUR,4,3,275.0
KARNATAKA,Mysuru,Udupi,UDUPI,BRAHAMAVARA,UPPOOR,4,4,144.0
KARNATAKA,Mysuru,Udupi,UDUPI,BRAHAMAVARA,VADDARSE,4,4,222.0
KARNATAKA,Mysuru,Udupi,UDUPI,BRAHAMAVARA,VARAMBALLI,4,2,684.0
KARNATAKA,Mysuru,Udupi,UDUPI,BRAHAMAVARA,YADTHADI,3,3,384.0
KARNATAKA,Mysuru,Udupi,UDUPI,BYNDOOR,AJRI,9,9,369.0
KARNATAKA,Mysuru,Udupi,UDUPI,BYNDOOR,ALURU,6,6,305.0
KARNATAKA,Mysuru,Udupi,UDUPI,BYNDOOR,BIJOORU,5,5,472.0
KARNATAKA,Mysuru,Udupi,UDUPI,BYNDOOR,CHITTURU,4,4,662.0
KARNATAKA,Mysuru,Udupi,UDUPI,BYNDOOR,GOLIHOLE,11,10,546.0
KARNATAKA,Mysuru,Udupi,UDUPI,BYNDOOR,GUJJADI,3,3,437.0
KARNATAKA,Mysuru,Udupi,UDUPI,BYNDOOR,GULWADI,5,5,259.0
KARNATAKA,Mysuru,Udupi,UDUPI,BYNDOOR,HAKLADI,6,6,357.0
KARNATAKA,Mysuru,Udupi,UDUPI,BYNDOOR,HALLIHOLE,6,6,193.0
KARNATAKA,Mysuru,Udupi,UDUPI,BYNDOOR,HATTIANGADI,7,6,144.0
KARNATAKA,Mysuru,Udupi,UDUPI,BYNDOOR,HEMMADI,3,3,97.0
KARNATAKA,Mysuru,Udupi,UDUPI,BYNDOOR,HEROORU,7,7,255.0
KARNATAKA,Mysuru,Udupi,UDUPI,BYNDOOR,HOSAADU,6,5,289.0
KARNATAKA,Mysuru,Udupi,UDUPI,BYNDOOR,IDURU KUNJYADI,6,6,216.0
KARNATAKA,Mysuru,Udupi,UDUPI,BYNDOOR,JADKAL,10,9,373.0
KARNATAKA,Mysuru,Udupi,UDUPI,BYNDOOR,KALTHODU,10,10,386.0
KARNATAKA,Mysuru,Udupi,UDUPI,BYNDOOR,KAMBADAKONE,6,5,498.0
KARNATAKA,Mysuru,Udupi,UDUPI,BYNDOOR,KARKUNJE,4,4,319.0
KARNATAKA,Mysuru,Udupi,UDUPI,BYNDOOR,KATTABELTHURU,3,3,130.0
KARNATAKA,Mysuru,Udupi,UDUPI,BYNDOOR,KERADI,9,9,321.0
KARNATAKA,Mysuru,Udupi,UDUPI,BYNDOOR,KERGAL,3,3,226.0
KARNATAKA,Mysuru,Udupi,UDUPI,BYNDOOR,KIRIMANJESHWARA,6,5,534.0
KARNATAKA,Mysuru,Udupi,UDUPI,BYNDOOR,KOLLURU,3,3,246.0
KARNATAKA,Mysuru,Udupi,UDUPI,BYNDOOR,MARAVANTHE,2,2,242.0
KARNATAKA,Mysuru,Udupi,UDUPI,BYNDOOR,NADA,7,6,237.0
KARNATAKA,Mysuru,Udupi,UDUPI,BYNDOOR,NAVUNDA,4,4,398.0
KARNATAKA,Mysuru,Udupi,UDUPI,BYNDOOR,SHIRURU,14,9,934.0
KARNATAKA,Mysuru,Udupi,UDUPI,BYNDOOR,TALLURU,5,3,381.0
KARNATAKA,Mysuru,Udupi,UDUPI,BYNDOOR,TRASI,1,1,109.0
KARNATAKA,Mysuru,Udupi,UDUPI,BYNDOOR,UPPUNDA,6,5,732.0
KARNATAKA,Mysuru,Udupi,UDUPI,BYNDOOR,VANDSE,4,3,335.0
KARNATAKA,Mysuru,Udupi,UDUPI,BYNDOOR,YEDAMOGGE,2,2,58.0
KARNATAKA,Mysuru,Udupi,UDUPI,KARKALA,BAILOOR,5,3,214.0
KARNATAKA,Mysuru,Udupi,UDUPI,KARKALA,BELMAN,6,4,304.0
KARNATAKA,Mysuru,Udupi,UDUPI,KARKALA,BOLA,3,2,147.0
KARNATAKA,Mysuru,Udupi,UDUPI,KARKALA,CHARA,6,6,645.0
KARNATAKA,Mysuru,Udupi,UDUPI,KARKALA,DURGA,5,5,126.0
KARNATAKA,Mysuru,Udupi,UDUPI,KARKALA,ERLAPADI,4,4,134.0
KARNATAKA,Mysuru,Udupi,UDUPI,KARKALA,HEBRI,6,2,706.0
KARNATAKA,Mysuru,Udupi,UDUPI,KARKALA,HIRGANA,4,3,226.0
KARNATAKA,Mysuru,Udupi,UDUPI,KARKALA,IDU,4,3,458.0
KARNATAKA,Mysuru,Udupi,UDUPI,KARKALA,INNA,3,3,65.0
KARNATAKA,Mysuru,Udupi,UDUPI,KARKALA,IRVATHAURU,2,2,167.0
KARNATAKA,Mysuru,Udupi,UDUPI,KARKALA,KADTHALA,6,6,449.0
KARNATAKA,Mysuru,Udupi,UDUPI,KARKALA,KALYA,4,4,267.0
KARNATAKA,Mysuru,Udupi,UDUPI,KARKALA,KANTHAVARA,5,4,102.0
KARNATAKA,Mysuru,Udupi,UDUPI,KARKALA,KERVASHE,3,3,185.0
KARNATAKA,Mysuru,Udupi,UDUPI,KARKALA,KUCHCHURU,5,5,260.0
KARNATAKA,Mysuru,Udupi,UDUPI,KARKALA,KUKKUNDOOR,11,7,286.0
KARNATAKA,Mysuru,Udupi,UDUPI,KARKALA,MALA,6,6,443.0
KARNATAKA,Mysuru,Udupi,UDUPI,KARKALA,MARNE,10,9,375.0
KARNATAKA,Mysuru,Udupi,UDUPI,KARKALA,MIYARU,7,6,626.0
KARNATAKA,Mysuru,Udupi,UDUPI,KARKALA,MUDARU,3,3,299.0
KARNATAKA,Mysuru,Udupi,UDUPI,KARKALA,MUDRADI,7,7,394.0
KARNATAKA,Mysuru,Udupi,UDUPI,KARKALA,MUNDKOOR,4,2,108.0
KARNATAKA,Mysuru,Udupi,UDUPI,KARKALA,NADPALU,4,4,103.0
KARNATAKA,Mysuru,Udupi,UDUPI,KARKALA,NALLOOR,6,5,189.0
KARNATAKA,Mysuru,Udupi,UDUPI,KARKALA,NANDALIKE,2,2,129.0
KARNATAKA,Mysuru,Udupi,UDUPI,KARKALA,NEERE,5,4,251.0
KARNATAKA,Mysuru,Udupi,UDUPI,KARKALA,NITTE,7,6,436.0
KARNATAKA,Mysuru,Udupi,UDUPI,KARKALA,PALLI,3,3,190.0
KARNATAKA,Mysuru,Udupi,UDUPI,KARKALA,RENJALA,2,2,120.0
KARNATAKA,Mysuru,Udupi,UDUPI,KARKALA,SANOOR,7,5,197.0
KARNATAKA,Mysuru,Udupi,UDUPI,KARKALA,SHIRLAL,4,4,223.0
KARNATAKA,Mysuru,Udupi,UDUPI,KARKALA,SHIVAPURA,5,5,232.0
KARNATAKA,Mysuru,Udupi,UDUPI,KARKALA,VARANGA,6,6,746.0
KARNATAKA,Mysuru,Udupi,UDUPI,KUNDAPURA,AMASBAIL,12,11,566.0
KARNATAKA,Mysuru,Udupi,UDUPI,KUNDAPURA,AMPARU,6,4,207.0
KARNATAKA,Mysuru,Udupi,UDUPI,KUNDAPURA,ANAGALI,1,1,34.0
KARNATAKA,Mysuru,Udupi,UDUPI,KUNDAPURA,BALKURU,3,3,127.0
KARNATAKA,Mysuru,Udupi,UDUPI,KUNDAPURA,BASRURU,7,5,350.0
KARNATAKA,Mysuru,Udupi,UDUPI,KUNDAPURA,BELOORU,3,3,148.0
KARNATAKA,Mysuru,Udupi,UDUPI,KUNDAPURA,BELVE,7,7,541.0
KARNATAKA,Mysuru,Udupi,UDUPI,KUNDAPURA,BIJADI,2,2,276.0
KARNATAKA,Mysuru,Udupi,UDUPI,KUNDAPURA,GANGOLLI,10,6,681.0
KARNATAKA,Mysuru,Udupi,UDUPI,KUNDAPURA,GOPADI,2,2,74.0
KARNATAKA,Mysuru,Udupi,UDUPI,KUNDAPURA,HALADI,4,4,164.0
KARNATAKA,Mysuru,Udupi,UDUPI,KUNDAPURA,HAMBADI-MANDADI,8,6,393.0
KARNATAKA,Mysuru,Udupi,UDUPI,KUNDAPURA,HANGLURU,2,1,111.0
KARNATAKA,Mysuru,Udupi,UDUPI,KUNDAPURA,HARDALLI-MANDALLI,7,7,259.0
KARNATAKA,Mysuru,Udupi,UDUPI,KUNDAPURA,HENGAVALLI,5,5,251.0
KARNATAKA,Mysuru,Udupi,UDUPI,KUNDAPURA,HOSANGADI,6,5,139.0
KARNATAKA,Mysuru,Udupi,UDUPI,KUNDAPURA,KALAVARA,4,3,393.0
KARNATAKA,Mysuru,Udupi,UDUPI,KUNDAPURA,KANDAVARA,3,2,147.0
KARNATAKA,Mysuru,Udupi,UDUPI,KUNDAPURA,KAVRADI,7,5,362.0
KARNATAKA,Mysuru,Udupi,UDUPI,KUNDAPURA,KEDURU,3,3,148.0
KARNATAKA,Mysuru,Udupi,UDUPI,KUNDAPURA,KONI,2,2,227.0
KARNATAKA,Mysuru,Udupi,UDUPI,KUNDAPURA,KORGI,4,4,310.0
KARNATAKA,Mysuru,Udupi,UDUPI,KUNDAPURA,KOTESHWARA,5,4,858.0
KARNATAKA,Mysuru,Udupi,UDUPI,KUNDAPURA,KUMBASHI,2,2,296.0
KARNATAKA,Mysuru,Udupi,UDUPI,KUNDAPURA,MADAMAKKI,6,6,242.0
KARNATAKA,Mysuru,Udupi,UDUPI,KUNDAPURA,MOLAHALLI,5,5,635.0
KARNATAKA,Mysuru,Udupi,UDUPI,KUNDAPURA,SHANKARANARAYANA,8,7,845.0
KARNATAKA,Mysuru,Udupi,UDUPI,KUNDAPURA,SIDDAPURA,8,7,710.0
KARNATAKA,Mysuru,Udupi,UDUPI,KUNDAPURA,TEKKATTE,5,3,721.0
KARNATAKA,Mysuru,Udupi,UDUPI,KUNDAPURA,ULLUR 74,4,4,104.0
KARNATAKA,Mysuru,Udupi,UDUPI,UDUPI,80 BADAGUBETTU,2,2,306.0
KARNATAKA,Mysuru,Udupi,UDUPI,UDUPI,ALEVOOR,6,4,609.0
KARNATAKA,Mysuru,Udupi,UDUPI,UDUPI,AMBALAPADI,3,1,66.0
KARNATAKA,Mysuru,Udupi,UDUPI,UDUPI,ATHRADI,5,5,502.0
KARNATAKA,Mysuru,Udupi,UDUPI,UDUPI,BADA,4,2,77.0
KARNATAKA,Mysuru,Udupi,UDUPI,UDUPI,BELAPU,2,2,111.0
KARNATAKA,Mysuru,Udupi,UDUPI,UDUPI,BELLE,7,4,192.0
KARNATAKA,Mysuru,Udupi,UDUPI,UDUPI,BOMMARABETTU,5,4,572.0
KARNATAKA,Mysuru,Udupi,UDUPI,UDUPI,HEJAMADI,4,2,154.0
KARNATAKA,Mysuru,Udupi,UDUPI,UDUPI,INNANJE,5,4,432.0
KARNATAKA,Mysuru,Udupi,UDUPI,UDUPI,KADEKARU,3,2,58.0
KARNATAKA,Mysuru,Udupi,UDUPI,UDUPI,KATAPADI,6,4,509.0
KARNATAKA,Mysuru,Udupi,UDUPI,UDUPI,KODIBETTU,4,4,307.0
KARNATAKA,Mysuru,Udupi,UDUPI,UDUPI,KOTE,1,1,2.0
KARNATAKA,Mysuru,Udupi,UDUPI,UDUPI,KURKALU,2,1,22.0
KARNATAKA,Mysuru,Udupi,UDUPI,UDUPI,KUTHYARU,6,4,411.0
KARNATAKA,Mysuru,Udupi,UDUPI,UDUPI,MAJUR,1,1,171.0
KARNATAKA,Mysuru,Udupi,UDUPI,UDUPI,MANIPURA,3,3,220.0
KARNATAKA,Mysuru,Udupi,UDUPI,UDUPI,MUDARANGADI,2,1,57.0
KARNATAKA,Mysuru,Udupi,UDUPI,UDUPI,PADUBIDRI,7,5,513.0
KARNATAKA,Mysuru,Udupi,UDUPI,UDUPI,PALIMARU,3,3,313.0
KARNATAKA,Mysuru,Udupi,UDUPI,UDUPI,SHIRVA,10,7,882.0
KARNATAKA,Mysuru,Udupi,UDUPI,UDUPI,THENKA,3,2,79.0
KARNATAKA,Mysuru,Udupi,UDUPI,UDUPI,UDYAVARA,5,2,502.0
KARNATAKA,Mysuru,Udupi,UDUPI,UDUPI,YELLUR,4,3,197.0
