state,division,revenue_district,district,block,academic_year,n_schools_4_6,n_schools_govt,pct_govt_schools,pct_private_schools,pct_rural_schools,enrolment_all,enrolment_govt,teachers_govt,ptr_govt,pct_female_teachers_govt,pct_teachers_graduate_plus_govt,pct_sch_electricity_govt,pct_sch_library_govt,pct_sch_playground_govt,pct_sch_tapwater_functional_govt,pct_sch_internet_govt,pct_sch_computer_lab_govt,pct_sch_ramps_govt,pct_sch_reading_corner_govt,pct_sch_handwash_meal_govt,pct_sch_kannada_medium_govt,pct_sch_preprimary_govt,girls_func_toilets_per_school_govt,good_classrooms_per_school_govt,acad_inspections_per_school_govt,crc_coordinators_per_school_govt,smc_meetings_per_school_govt,mean_instruction_days_govt,avg_govt_school_size
KARNATAKA,Belagavi,Bagalkote,BAGALKOT,BADAMI,2022-23,320,267,83.44,16.56,72.81,50401.0,42997.0,1278.0,33.64,44.37,57.51,98.88,95.88,63.67,98.13,39.7,0.0,92.88,88.76,75.66,89.14,4.65,1.25,5.14,1.25,8.39,6.5,228.16,161.0
KARNATAKA,Belagavi,Bagalkote,BAGALKOT,BAGALKOT,2022-23,269,210,78.07,21.93,69.89,50006.0,32041.0,1082.0,29.61,52.68,57.67,98.57,98.1,80.0,96.19,23.81,0.0,97.14,93.33,84.29,83.33,3.55,1.64,5.41,1.23,8.97,6.75,232.85,152.6
KARNATAKA,Belagavi,Bagalkote,BAGALKOT,BILAGI,2022-23,188,143,76.06,23.94,88.3,28212.0,19913.0,647.0,30.78,35.24,66.92,98.6,98.6,72.03,95.8,19.58,0.0,93.71,95.1,86.01,88.11,2.94,1.24,4.78,0.71,6.82,6.76,224.57,139.3
KARNATAKA,Belagavi,Bagalkote,BAGALKOT,HUNAGUND,2022-23,341,261,76.54,23.46,69.21,47494.0,34734.0,1120.0,31.01,41.52,57.59,99.23,99.62,65.13,98.08,15.71,0.0,99.23,90.8,73.95,88.51,3.57,1.29,5.07,0.8,6.35,5.31,231.5,133.1
KARNATAKA,Belagavi,Bagalkote,BAGALKOT,JAMAKHANDI,2022-23,477,319,66.88,33.12,64.36,87880.0,57305.0,1652.0,34.69,40.01,60.77,99.06,95.3,69.59,82.45,42.01,0.0,94.04,90.6,84.01,86.52,9.51,1.51,5.49,1.5,7.53,5.95,229.47,179.6
KARNATAKA,Belagavi,Bagalkote,BAGALKOT,MUDHOL,2022-23,347,263,75.79,24.21,71.18,64310.0,40069.0,1151.0,34.81,41.62,66.03,97.34,97.72,73.76,84.41,36.12,0.0,100.0,91.63,90.87,87.45,7.57,1.51,4.92,0.92,8.64,7.33,230.51,152.4
KARNATAKA,Kalaburagi,Ballari,BALLARI,BELLARY EAST,2022-23,300,171,57.0,43.0,53.0,69629.0,35482.0,908.0,39.08,59.03,67.29,95.91,99.42,46.2,88.3,7.6,0.0,81.29,88.89,77.78,77.19,4.27,1.69,5.57,3.27,7.3,5.42,222.09,207.5
KARNATAKA,Kalaburagi,Ballari,BALLARI,BELLARY WEST,2022-23,365,199,54.52,45.48,42.19,89884.0,40311.0,1010.0,39.91,54.95,69.21,96.48,100.0,43.22,92.96,8.04,0.0,74.37,80.9,80.9,83.42,3.16,1.73,6.01,1.74,10.06,6.82,225.74,202.6
KARNATAKA,Kalaburagi,Ballari,BALLARI,SANDUR,2022-23,221,169,76.47,23.53,83.26,50941.0,30317.0,713.0,42.52,41.51,74.89,94.67,96.45,41.42,91.12,34.91,0.0,91.72,85.21,87.57,86.98,5.0,1.77,5.89,1.57,7.87,5.28,232.29,179.4
KARNATAKA,Kalaburagi,Ballari,BALLARI,SIRUGUPPA,2022-23,254,186,73.23,26.77,76.77,49038.0,32612.0,613.0,53.2,38.34,68.84,100.0,91.4,54.3,93.01,31.72,0.0,95.16,80.65,71.51,87.63,7.87,1.61,4.28,2.5,12.71,6.55,227.76,175.3
KARNATAKA,Belagavi,Belagavi,BELAGAVI,BAILHONGAL,2022-23,204,160,78.43,21.57,82.84,36791.0,26244.0,830.0,31.62,48.19,51.45,99.38,96.88,56.25,86.88,8.75,0.0,96.88,91.25,71.25,82.5,1.31,1.52,5.66,1.42,6.04,6.12,221.79,164.0
KARNATAKA,Belagavi,Belagavi,BELAGAVI,BELGAUM CITY,2022-23,284,178,62.68,37.32,0.35,85869.0,32781.0,1059.0,30.95,63.93,59.77,100.0,100.0,46.63,89.89,22.47,0.0,78.65,94.94,73.03,47.75,7.5,2.52,6.6,2.01,6.44,5.26,217.74,184.2
KARNATAKA,Belagavi,Belagavi,BELAGAVI,BELGAUM RURAL.,2022-23,360,300,83.33,16.67,89.72,60314.0,44002.0,1412.0,31.16,62.46,46.32,99.33,100.0,81.67,86.0,35.33,0.0,94.0,93.67,76.0,54.33,4.75,1.68,5.34,1.15,11.54,7.85,224.57,146.7
KARNATAKA,Belagavi,Belagavi,BELAGAVI,KHANAPUR,2022-23,357,330,92.44,7.56,95.52,33732.0,26013.0,1086.0,23.95,41.8,47.42,99.39,100.0,44.55,88.18,8.79,0.0,77.88,98.79,84.85,28.79,1.86,1.21,3.13,0.92,7.48,8.51,226.64,78.8
KARNATAKA,Belagavi,Belagavi,BELAGAVI,KITTUR,2022-23,109,83,76.15,23.85,90.83,17429.0,13323.0,424.0,31.42,42.92,50.71,98.8,100.0,72.29,97.59,10.84,0.0,85.54,81.93,65.06,83.13,2.5,1.35,5.67,1.23,10.53,7.7,237.01,160.5
KARNATAKA,Belagavi,Belagavi,BELAGAVI,RAMDURG,2022-23,273,211,77.29,22.71,86.45,41229.0,31593.0,855.0,36.95,38.25,57.08,100.0,100.0,51.18,93.84,28.44,0.0,87.68,82.94,73.46,89.1,7.92,1.47,5.21,1.14,6.64,5.7,223.18,149.7
KARNATAKA,Belagavi,Belagavi,BELAGAVI,SOUNDATTI,2022-23,301,238,79.07,20.93,87.38,52022.0,43045.0,1132.0,38.03,44.88,56.89,99.58,100.0,62.18,94.12,8.82,0.0,90.34,90.76,81.09,90.76,5.63,1.5,4.91,1.12,8.74,6.98,227.11,180.9
KARNATAKA,Belagavi,Belagavi,BELAGAVI CHIKKODI,ATHANI,2022-23,444,350,78.83,21.17,90.99,64182.0,40839.0,1272.0,32.11,32.31,54.4,98.29,99.71,93.43,80.0,20.57,0.0,98.57,80.86,82.29,85.71,3.79,1.39,4.36,1.21,8.03,6.91,227.03,116.7
KARNATAKA,Belagavi,Belagavi,BELAGAVI CHIKKODI,CHIKODI,2022-23,343,286,83.38,16.62,74.64,54513.0,39251.0,1195.0,32.85,45.86,64.6,98.95,99.65,89.16,77.97,25.17,0.0,97.55,91.61,89.86,74.13,5.11,1.72,4.8,1.46,7.48,6.75,230.59,137.2
KARNATAKA,Belagavi,Belagavi,BELAGAVI CHIKKODI,GOKAK,2022-23,233,174,74.68,25.32,69.53,49054.0,33284.0,861.0,38.66,50.06,63.65,99.43,100.0,93.1,87.36,29.89,0.0,95.4,93.1,88.51,82.18,6.06,1.75,5.66,1.25,8.38,7.33,226.41,191.3
KARNATAKA,Belagavi,Belagavi,BELAGAVI CHIKKODI,HUKKERI,2022-23,342,286,83.63,16.37,85.96,60165.0,43103.0,1298.0,33.21,53.24,57.86,95.8,100.0,88.81,88.46,36.71,0.0,96.5,80.77,85.31,78.67,3.99,1.67,4.7,1.27,7.15,6.64,216.0,150.7
KARNATAKA,Belagavi,Belagavi,BELAGAVI CHIKKODI,KAGWAD,2022-23,143,116,81.12,18.88,65.73,20604.0,14784.0,475.0,31.12,40.84,57.05,96.55,100.0,85.34,85.34,93.1,0.0,94.83,70.69,68.97,68.1,10.71,1.5,5.11,1.24,7.29,8.97,225.3,127.4
KARNATAKA,Belagavi,Belagavi,BELAGAVI CHIKKODI,MUDALGI,2022-23,367,267,72.75,27.25,71.12,69102.0,48585.0,1067.0,45.53,40.02,61.67,100.0,100.0,99.25,73.78,50.94,0.0,99.63,92.51,98.88,91.01,7.39,1.48,5.42,1.37,8.33,5.49,230.32,182.0
KARNATAKA,Belagavi,Belagavi,BELAGAVI CHIKKODI,NIPPANI,2022-23,218,175,80.28,19.72,72.48,33420.0,21491.0,789.0,27.24,47.02,50.44,98.29,100.0,81.71,86.29,13.71,0.0,97.71,96.0,89.14,38.86,4.71,1.49,4.25,1.48,7.45,6.99,221.29,122.8
KARNATAKA,Belagavi,Belagavi,BELAGAVI CHIKKODI,RAIBAG,2022-23,458,345,75.33,24.67,67.69,72292.0,49439.0,1295.0,38.18,36.06,67.8,96.81,99.71,94.78,64.93,70.14,0.0,96.81,89.57,94.49,89.28,11.28,1.59,4.5,1.86,7.5,7.43,234.27,143.3
KARNATAKA,Bengaluru,Bengaluru Rural,BENGALURU RURAL,DEVANAHALLI,2022-23,282,215,76.24,23.76,80.85,34345.0,11227.0,519.0,21.63,57.03,49.33,100.0,98.6,48.84,94.88,6.05,0.0,62.33,95.81,75.35,92.56,8.13,1.68,3.66,0.38,4.48,4.37,226.56,52.2
KARNATAKA,Bengaluru,Bengaluru Rural,BENGALURU RURAL,DODDABALLAPURA,2022-23,402,342,85.07,14.93,81.09,37747.0,16351.0,874.0,18.71,44.62,52.97,100.0,98.83,46.2,93.57,5.56,0.0,78.36,96.49,79.24,94.74,9.82,1.65,3.0,1.42,8.39,8.27,234.76,47.8
KARNATAKA,Bengaluru,Bengaluru Rural,BENGALURU RURAL,HOSAKOTE,2022-23,348,253,72.7,27.3,87.93,46141.0,14677.0,647.0,22.68,65.22,53.48,100.0,94.86,48.22,93.68,7.91,0.0,88.93,94.07,66.01,89.72,7.6,1.75,3.33,0.66,9.52,8.66,229.72,58.0
KARNATAKA,Bengaluru,Bengaluru Rural,BENGALURU RURAL,NELAMANGALA,2022-23,326,286,87.73,12.27,85.58,30788.0,13383.0,733.0,18.26,60.44,40.25,100.0,96.5,54.2,96.5,6.29,0.0,81.12,91.96,85.31,94.76,3.89,1.35,3.01,0.7,5.79,7.58,211.74,46.8
KARNATAKA,Bengaluru,Bengaluru Urban,BENGALURU U NORTH,NORTH1,2022-23,601,169,28.12,71.88,17.3,216928.0,37412.0,901.0,41.52,74.03,47.61,98.22,98.22,52.66,87.57,21.89,0.0,62.13,92.9,93.49,94.67,23.08,2.6,7.3,2.31,7.5,6.78,228.49,221.4
KARNATAKA,Bengaluru,Bengaluru Urban,BENGALURU U NORTH,NORTH2,2022-23,236,83,35.17,64.83,0.0,95220.0,20547.0,490.0,41.93,80.41,57.55,100.0,97.59,55.42,85.54,40.96,0.0,49.4,90.36,98.8,67.47,18.07,3.12,7.77,2.4,6.0,6.31,222.8,247.6
KARNATAKA,Bengaluru,Bengaluru Urban,BENGALURU U NORTH,NORTH3,2022-23,431,113,26.22,73.55,0.0,168963.0,22740.0,609.0,37.34,88.18,40.56,100.0,93.81,61.95,92.04,30.97,0.0,30.09,81.42,95.58,49.56,17.43,3.72,8.37,2.19,3.78,6.07,221.7,201.2
KARNATAKA,Bengaluru,Bengaluru Urban,BENGALURU U NORTH,NORTH4,2022-23,729,271,37.17,62.83,59.53,245560.0,48393.0,1374.0,35.22,75.76,62.23,100.0,99.63,53.87,92.25,16.24,0.0,99.26,83.39,88.19,87.08,4.87,2.48,5.53,1.61,5.05,6.65,227.87,178.6
KARNATAKA,Bengaluru,Bengaluru Urban,BENGALURU U SOUTH,ANEKAL,2022-23,515,269,52.23,47.77,77.48,142535.0,23693.0,712.0,33.28,78.37,60.53,99.63,89.96,39.41,82.9,13.01,0.0,72.86,83.27,86.99,95.17,7.17,1.79,3.81,1.0,5.58,6.96,229.15,88.1
KARNATAKA,Bengaluru,Bengaluru Urban,BENGALURU U SOUTH,SOUTH1,2022-23,730,251,34.38,65.48,30.82,259811.0,33550.0,934.0,35.92,77.19,49.57,100.0,94.42,46.61,92.43,35.46,0.0,80.88,89.24,90.04,90.04,11.69,2.33,5.05,1.25,6.53,6.57,222.95,133.7
KARNATAKA,Bengaluru,Bengaluru Urban,BENGALURU U SOUTH,SOUTH2,2022-23,364,125,34.34,65.66,0.0,125723.0,20430.0,605.0,33.77,80.33,40.99,100.0,100.0,44.8,90.4,32.8,0.0,33.6,93.6,92.8,65.6,18.7,3.04,7.21,2.5,7.98,5.34,230.04,163.4
KARNATAKA,Bengaluru,Bengaluru Urban,BENGALURU U SOUTH,SOUTH3,2022-23,683,174,25.48,74.38,5.56,314853.0,40458.0,1045.0,38.72,81.44,50.81,99.43,95.98,50.57,91.38,44.83,0.0,43.1,90.23,93.68,70.11,18.45,3.28,7.84,1.49,7.11,6.33,223.12,232.5
KARNATAKA,Bengaluru,Bengaluru Urban,BENGALURU U SOUTH,SOUTH4,2022-23,746,219,29.36,70.64,9.25,339232.0,44232.0,1048.0,42.21,82.44,57.06,100.0,94.52,51.6,88.58,20.55,0.0,75.8,90.41,88.58,84.93,6.42,3.14,6.22,1.33,6.16,7.2,228.99,202.0
KARNATAKA,Kalaburagi,Bidar,BIDAR,AURAD,2022-23,395,330,83.54,16.46,90.38,41456.0,26254.0,1186.0,22.14,35.24,46.88,99.09,80.3,52.73,62.12,2.73,0.0,72.12,49.39,49.09,60.61,2.8,1.09,4.43,3.38,8.97,4.5,226.01,79.6
KARNATAKA,Kalaburagi,Bidar,BIDAR,BASAVAKALYAN,2022-23,415,272,65.54,34.46,77.11,58494.0,31856.0,1108.0,28.75,39.35,47.56,98.9,91.54,39.71,65.81,19.85,0.0,78.31,25.37,59.19,73.53,3.08,1.17,5.85,1.02,8.64,5.21,225.53,117.1
KARNATAKA,Kalaburagi,Bidar,BIDAR,BHALKI,2022-23,349,282,80.8,19.2,82.52,38541.0,22213.0,1106.0,20.08,38.79,45.75,97.87,73.76,42.55,66.31,10.99,0.0,70.21,53.9,37.59,70.92,2.16,1.19,5.09,1.0,7.0,3.27,221.18,78.8
KARNATAKA,Kalaburagi,Bidar,BIDAR,BIDAR,2022-23,627,381,60.77,38.92,56.62,94849.0,42190.0,1809.0,23.32,57.16,47.6,96.59,84.51,57.22,63.25,6.04,0.0,78.74,43.83,71.13,63.52,3.28,1.48,5.29,0.7,7.58,1.92,222.91,110.7
KARNATAKA,Kalaburagi,Bidar,BIDAR,HUMNABAD,2022-23,394,256,64.97,35.03,69.8,59219.0,31241.0,1065.0,29.33,46.67,52.68,96.88,84.38,50.78,52.73,7.03,0.0,69.53,51.56,70.31,68.36,19.18,1.55,5.64,2.28,5.69,3.02,221.0,122.0
KARNATAKA,Mysuru,Chamarajanagara,CHAMARAJANAGARA,CHAMARAJA NAGAR,2022-23,342,283,82.75,17.25,82.75,33930.0,22220.0,935.0,23.76,47.91,51.87,97.17,99.29,45.94,95.76,10.25,0.0,81.27,96.11,97.17,90.81,5.88,1.55,3.08,1.33,7.72,6.51,229.68,78.5
KARNATAKA,Mysuru,Chamarajanagara,CHAMARAJANAGARA,GUNDULPET,2022-23,222,195,87.84,12.16,88.74,21034.0,14745.0,587.0,25.12,36.63,62.86,100.0,99.49,49.74,98.97,13.85,0.0,89.74,93.85,98.46,93.85,3.74,1.65,2.77,0.95,7.22,7.86,229.2,75.6
KARNATAKA,Mysuru,Chamarajanagara,CHAMARAJANAGARA,HANUR,2022-23,213,188,88.26,11.74,95.31,18527.0,13761.0,573.0,24.02,48.69,49.74,95.21,97.34,54.26,94.68,11.17,0.0,79.79,92.02,92.55,88.83,2.73,1.49,2.98,0.66,7.76,4.79,232.17,73.2
KARNATAKA,Mysuru,Chamarajanagara,CHAMARAJANAGARA,KOLLEGAL,2022-23,136,109,80.15,19.85,69.12,17796.0,9036.0,420.0,21.51,63.33,53.57,100.0,100.0,71.56,90.83,25.69,0.0,91.74,99.08,98.17,90.83,1.9,2.21,3.87,5.03,8.62,8.21,233.36,82.9
KARNATAKA,Mysuru,Chamarajanagara,CHAMARAJANAGARA,YELANDUR,2022-23,74,63,85.14,14.86,86.49,7529.0,5950.0,268.0,22.2,53.73,58.21,100.0,100.0,49.21,98.41,12.7,0.0,93.65,100.0,100.0,88.89,3.39,2.3,3.94,1.49,10.95,7.94,235.64,94.4
KARNATAKA,Bengaluru,Chikkaballapura,CHIKKABALLAPURA,BAGEPALLY,2022-23,301,259,86.05,13.95,93.02,22219.0,10915.0,477.0,22.88,44.03,63.73,100.0,91.12,34.36,74.9,18.92,0.0,61.0,84.17,79.92,93.44,2.36,1.27,2.17,0.08,2.21,2.77,233.28,42.1
KARNATAKA,Bengaluru,Chikkaballapura,CHIKKABALLAPURA,CHIKKABALLAPUR,2022-23,292,242,82.88,17.12,85.27,28903.0,11760.0,601.0,19.57,55.74,67.22,100.0,92.98,36.36,75.62,6.61,0.0,59.92,90.08,85.12,93.8,2.12,1.38,2.55,0.13,11.91,7.69,230.76,48.6
KARNATAKA,Bengaluru,Chikkaballapura,CHIKKABALLAPURA,CHINTAMANI,2022-23,410,352,85.85,13.9,86.83,40326.0,16053.0,955.0,16.81,45.65,47.23,99.15,94.6,37.5,60.8,8.24,0.0,49.72,86.93,72.73,90.06,4.37,1.29,2.76,0.58,7.03,7.19,222.13,45.6
KARNATAKA,Bengaluru,Chikkaballapura,CHIKKABALLAPURA,GOWRIBIDANUR,2022-23,359,306,85.24,14.48,88.58,34940.0,19206.0,900.0,21.34,38.22,42.11,99.35,96.73,44.44,71.24,7.19,0.0,42.81,86.27,95.1,90.85,3.02,1.48,2.76,0.41,7.98,4.8,229.2,62.8
KARNATAKA,Bengaluru,Chikkaballapura,CHIKKABALLAPURA,GUDIBANDA,2022-23,107,98,91.59,8.41,90.65,5713.0,4581.0,215.0,21.31,41.86,69.77,97.96,97.96,35.71,78.57,4.08,0.0,81.63,90.82,85.71,95.92,4.26,1.43,2.86,0.57,8.44,7.88,230.13,46.7
KARNATAKA,Bengaluru,Chikkaballapura,CHIKKABALLAPURA,SIDLAGHATTA,2022-23,313,265,84.66,15.34,87.86,27653.0,13476.0,651.0,20.7,49.31,61.29,98.49,96.6,41.13,79.62,23.77,0.0,54.34,86.04,78.49,92.08,6.92,1.34,2.76,0.46,6.2,5.96,222.4,50.9
KARNATAKA,Mysuru,Chikkamagaluru,CHIKKAMANGALURU,BIRURU,2022-23,198,180,90.91,9.09,90.4,11548.0,8202.0,521.0,15.74,38.77,47.79,100.0,100.0,91.11,92.22,43.33,0.0,65.0,90.56,82.78,93.89,6.25,1.04,2.96,1.29,9.37,6.81,226.54,45.6
KARNATAKA,Mysuru,Chikkamagaluru,CHIKKAMANGALURU,CHIKMAGALUR,2022-23,407,335,82.31,17.69,79.36,37918.0,17429.0,1022.0,17.05,55.97,54.99,99.4,100.0,72.54,95.82,35.52,0.0,82.39,94.33,93.73,88.66,6.15,1.39,3.36,0.67,8.15,7.9,228.24,52.0
KARNATAKA,Mysuru,Chikkamagaluru,CHIKKAMANGALURU,KADUR,2022-23,274,244,89.05,10.95,86.86,18297.0,11854.0,810.0,14.63,38.89,46.91,99.18,100.0,81.56,96.72,6.56,0.0,90.98,91.8,91.8,91.39,5.06,1.29,3.39,1.45,8.48,7.96,224.12,48.6
KARNATAKA,Mysuru,Chikkamagaluru,CHIKKAMANGALURU,KOPPA,2022-23,123,108,87.8,12.2,95.12,9560.0,5163.0,260.0,19.86,56.15,59.23,100.0,100.0,68.52,82.41,9.26,0.0,95.37,76.85,82.41,95.37,7.62,1.45,3.88,1.19,6.56,8.29,227.79,47.8
KARNATAKA,Mysuru,Chikkamagaluru,CHIKKAMANGALURU,MOODIGERE,2022-23,183,167,91.26,8.74,95.08,13280.0,7996.0,400.0,19.99,60.25,63.5,100.0,100.0,76.05,96.41,12.57,0.0,94.01,92.81,91.02,93.41,2.47,1.29,3.02,1.81,8.22,8.05,232.62,47.9
KARNATAKA,Mysuru,Chikkamagaluru,CHIKKAMANGALURU,NARASIMHARAJAPURA,2022-23,100,87,87.0,13.0,89.0,7808.0,4455.0,220.0,20.25,58.64,50.0,100.0,100.0,91.95,95.4,10.34,0.0,90.8,97.7,97.7,91.95,2.38,1.43,3.59,1.44,8.87,8.02,231.45,51.2
KARNATAKA,Mysuru,Chikkamagaluru,CHIKKAMANGALURU,SRINGERI,2022-23,48,44,91.67,8.33,93.75,3744.0,2074.0,128.0,16.2,56.25,65.62,100.0,100.0,90.91,93.18,13.64,0.0,100.0,95.45,97.73,95.45,4.76,1.3,4.36,2.0,7.68,8.39,224.32,47.1
KARNATAKA,Mysuru,Chikkamagaluru,CHIKKAMANGALURU,TARIKERE,2022-23,263,226,85.93,14.07,86.69,19049.0,11322.0,753.0,15.04,42.9,47.01,99.56,100.0,53.54,94.25,11.06,0.0,76.11,92.48,85.84,87.17,6.85,1.14,3.17,1.18,5.02,6.48,220.46,50.1
KARNATAKA,Bengaluru,Chitradurga,CHITRADURGA,CHALLAKERE,2022-23,436,389,89.22,10.78,82.8,44764.0,31405.0,1240.0,25.33,47.5,54.44,97.94,99.23,65.81,93.83,38.56,0.0,97.17,92.29,84.58,93.83,4.26,1.32,3.04,0.96,7.75,6.29,235.37,80.7
KARNATAKA,Bengaluru,Chitradurga,CHITRADURGA,CHITRADURGA,2022-23,426,339,79.58,20.42,74.18,60533.0,28903.0,1337.0,21.62,57.82,50.86,100.0,100.0,61.95,97.35,81.12,0.0,99.71,93.51,79.94,89.09,8.18,1.29,3.71,0.85,12.26,8.29,224.81,85.3
KARNATAKA,Bengaluru,Chitradurga,CHITRADURGA,HIRIYUR,2022-23,362,328,90.61,9.39,87.57,32451.0,22331.0,993.0,22.49,49.75,57.5,98.48,99.7,66.46,92.38,25.61,0.0,94.51,92.38,86.28,91.46,11.95,1.21,2.36,0.8,10.14,7.64,230.29,68.1
KARNATAKA,Bengaluru,Chitradurga,CHITRADURGA,HOLALKERE,2022-23,263,235,89.35,10.65,92.78,23085.0,14462.0,771.0,18.76,38.26,46.69,100.0,100.0,51.49,94.89,63.4,0.0,93.62,67.23,75.32,93.19,7.52,1.18,2.98,0.88,10.32,6.74,227.73,61.5
KARNATAKA,Bengaluru,Chitradurga,CHITRADURGA,HOSADURGA,2022-23,350,317,90.57,9.43,93.43,26630.0,17435.0,990.0,17.61,44.24,39.6,100.0,100.0,41.32,95.58,10.41,0.0,99.68,91.17,71.61,95.27,5.19,1.25,2.7,0.81,9.1,7.1,228.76,55.0
KARNATAKA,Bengaluru,Chitradurga,CHITRADURGA,MOLAKALMUR,2022-23,174,150,86.21,13.79,85.63,22912.0,17995.0,505.0,35.63,42.97,61.19,100.0,100.0,48.0,97.33,83.33,0.0,96.0,88.67,70.0,90.0,7.64,1.45,3.62,2.46,8.6,7.07,234.85,120.0
KARNATAKA,Mysuru,Dakshina Kannada,DAKSHINA KANNADA,BANTWAL,2022-23,309,247,79.94,20.06,86.73,57282.0,28387.0,1023.0,27.75,77.03,58.36,100.0,100.0,86.23,81.38,77.73,0.0,98.38,99.19,98.38,97.98,12.86,2.54,5.26,0.64,5.93,6.21,230.64,114.9
KARNATAKA,Mysuru,Dakshina Kannada,DAKSHINA KANNADA,BELTHANGADY,2022-23,237,203,85.65,14.35,96.62,35944.0,21221.0,861.0,24.65,72.82,63.53,100.0,100.0,95.57,96.55,64.53,0.0,100.0,100.0,99.51,98.03,3.02,2.13,4.3,0.72,7.0,7.6,229.27,104.5
KARNATAKA,Mysuru,Dakshina Kannada,DAKSHINA KANNADA,MANGALURU NORTH,2022-23,209,122,58.37,41.63,34.93,62082.0,15668.0,497.0,31.53,86.52,55.13,100.0,100.0,85.25,95.08,63.93,0.0,98.36,100.0,98.36,97.54,10.53,2.66,6.12,2.93,7.39,6.12,238.13,128.4
KARNATAKA,Mysuru,Dakshina Kannada,DAKSHINA KANNADA,MANGALURU SOUTH,2022-23,224,138,61.61,38.39,50.0,62423.0,17128.0,589.0,29.08,86.93,57.05,100.0,100.0,84.06,100.0,100.0,0.0,100.0,100.0,100.0,93.48,4.62,3.17,5.33,0.44,7.07,6.44,223.51,124.1
KARNATAKA,Mysuru,Dakshina Kannada,DAKSHINA KANNADA,MOODABIDRE,2022-23,99,77,77.78,22.22,68.69,18313.0,6405.0,281.0,22.79,86.83,54.09,100.0,100.0,94.81,81.82,100.0,0.0,100.0,100.0,100.0,98.7,3.95,1.84,4.18,0.77,6.62,8.32,226.69,83.2
KARNATAKA,Mysuru,Dakshina Kannada,DAKSHINA KANNADA,PUTTUR,2022-23,242,197,81.4,18.6,86.78,41281.0,20277.0,773.0,26.23,77.88,64.29,100.0,100.0,100.0,80.2,100.0,0.0,100.0,100.0,98.98,98.98,8.76,2.14,4.36,0.89,4.15,7.66,235.2,102.9
KARNATAKA,Mysuru,Dakshina Kannada,DAKSHINA KANNADA,SULLIA,2022-23,169,147,86.98,13.02,91.72,17763.0,10179.0,455.0,22.37,79.78,60.44,100.0,100.0,97.28,80.95,87.76,0.0,98.64,100.0,98.64,99.32,4.11,1.8,3.18,0.43,4.78,8.73,234.0,69.2
KARNATAKA,Bengaluru,Davanagere,DAVANAGERE,CHANNAGIRI,2022-23,360,300,83.33,16.67,93.89,35109.0,22034.0,1081.0,20.38,37.65,48.01,100.0,100.0,68.33,97.67,11.0,0.0,89.67,53.67,57.67,86.0,6.19,1.26,3.8,2.05,9.71,7.7,227.88,73.4
KARNATAKA,Bengaluru,Davanagere,DAVANAGERE,DAVANAGERE(N),2022-23,277,184,66.43,33.57,49.46,46565.0,22775.0,915.0,24.89,54.32,46.01,98.91,98.91,75.54,88.59,15.76,0.0,79.89,52.72,80.98,84.78,6.74,1.4,4.96,1.11,8.93,6.35,221.87,123.8
KARNATAKA,Bengaluru,Davanagere,DAVANAGERE,DAVANAGERE(S),2022-23,339,183,53.98,46.02,50.15,65950.0,17346.0,817.0,21.23,53.37,46.02,100.0,95.63,60.66,96.72,19.13,0.0,82.51,44.81,73.77,90.16,14.12,1.48,4.22,0.78,9.98,6.86,238.33,94.8
KARNATAKA,Bengaluru,Davanagere,DAVANAGERE,HARIHARA,2022-23,237,164,69.2,30.38,59.49,32858.0,20506.0,835.0,24.56,52.22,54.61,96.95,98.78,69.51,94.51,12.8,0.0,91.46,70.73,90.85,81.1,24.68,1.62,5.32,1.43,8.68,6.01,231.49,125.0
KARNATAKA,Bengaluru,Davanagere,DAVANAGERE,HONNALI,2022-23,264,226,85.61,14.39,89.77,26081.0,19256.0,897.0,21.47,38.46,60.2,99.12,98.23,78.32,94.69,9.29,0.0,92.04,45.13,80.97,86.73,12.33,1.37,3.98,2.07,8.99,8.65,226.35,85.2
KARNATAKA,Bengaluru,Davanagere,DAVANAGERE,JAGALUR,2022-23,226,201,88.94,11.06,90.27,22238.0,16880.0,698.0,24.18,39.97,49.57,100.0,99.5,56.22,96.52,4.98,0.0,95.02,60.7,89.55,92.04,1.6,1.2,3.32,0.84,8.37,6.83,232.36,84.0
KARNATAKA,Belagavi,Dharwad,DHARWAD,DHARWAD,2022-23,210,180,85.71,14.29,92.86,39803.0,33942.0,1015.0,33.44,65.81,67.0,100.0,96.67,67.22,92.78,11.11,0.0,94.44,91.11,84.44,81.11,3.53,1.77,5.63,1.18,8.49,6.79,225.07,188.6
KARNATAKA,Belagavi,Dharwad,DHARWAD,DHARWAD CITY,2022-23,179,106,59.22,40.78,0.0,56652.0,26296.0,748.0,35.16,62.57,67.11,100.0,91.51,66.04,92.45,29.25,0.0,69.81,80.19,88.68,72.64,26.09,2.68,7.59,1.84,9.44,5.32,217.12,248.1
KARNATAKA,Belagavi,Dharwad,DHARWAD,HDMC,2022-23,264,133,50.38,49.62,0.0,99924.0,33724.0,972.0,34.7,70.16,62.96,100.0,96.24,55.64,90.23,18.05,0.0,80.45,85.71,84.96,66.92,7.87,2.58,8.08,1.84,8.38,5.49,225.36,253.6
KARNATAKA,Belagavi,Dharwad,DHARWAD,HUBLI,2022-23,194,128,65.98,34.02,62.89,40387.0,23302.0,783.0,29.76,68.2,62.07,100.0,94.53,63.28,92.97,11.72,0.0,78.12,92.19,77.34,80.47,9.76,1.6,5.88,0.65,9.59,8.21,232.37,182.0
KARNATAKA,Belagavi,Dharwad,DHARWAD,KALGHATAGI,2022-23,145,128,88.28,11.72,87.59,22643.0,20239.0,594.0,34.07,55.89,68.35,100.0,93.75,82.03,100.0,7.81,0.0,96.88,92.19,83.59,91.41,3.23,1.59,4.71,0.74,5.65,7.38,222.39,158.1
KARNATAKA,Belagavi,Dharwad,DHARWAD,KUNDAGOL,2022-23,129,108,83.72,16.28,89.15,20165.0,17328.0,521.0,33.26,43.19,69.67,100.0,93.52,53.7,99.07,7.41,0.0,96.3,87.96,73.15,81.48,3.92,1.31,6.27,0.86,9.84,8.34,230.11,160.4
KARNATAKA,Belagavi,Dharwad,DHARWAD,NAVALGUND,2022-23,150,118,78.67,21.33,65.33,24082.0,18603.0,581.0,32.02,46.47,50.43,99.15,94.92,84.75,93.22,13.56,0.0,92.37,79.66,55.08,83.05,2.68,1.31,5.48,1.07,8.31,7.22,231.77,157.7
KARNATAKA,Belagavi,Gadag,GADAG,GADAG CITY,2022-23,129,78,60.47,39.53,0.0,27747.0,12051.0,448.0,26.9,61.61,58.93,100.0,100.0,70.51,89.74,100.0,0.0,100.0,98.72,82.05,76.92,7.04,1.97,6.92,2.69,12.53,5.95,235.52,154.5
KARNATAKA,Belagavi,Gadag,GADAG,GADAG RURAL,2022-23,148,121,81.76,18.24,90.54,26662.0,19478.0,675.0,28.86,53.78,56.74,99.17,100.0,83.47,90.91,100.0,0.0,100.0,99.17,89.26,84.3,4.24,1.36,5.62,1.27,10.95,6.64,228.55,161.0
KARNATAKA,Belagavi,Gadag,GADAG,MUNDARAGI,2022-23,130,111,85.38,14.62,80.77,21966.0,18217.0,574.0,31.74,39.2,68.82,100.0,100.0,68.47,91.89,36.94,0.0,100.0,94.59,85.59,83.78,4.9,1.59,5.76,1.67,9.86,5.46,233.46,164.1
KARNATAKA,Belagavi,Gadag,GADAG,NARAGUND,2022-23,83,61,73.49,26.51,67.47,14120.0,10404.0,315.0,33.03,41.27,58.41,100.0,100.0,65.57,98.36,55.74,0.0,100.0,96.72,96.72,86.89,8.47,1.21,7.18,1.85,5.92,5.56,232.53,170.6
KARNATAKA,Belagavi,Gadag,GADAG,RON,2022-23,221,178,80.54,19.46,70.59,37668.0,30951.0,988.0,31.33,39.68,63.26,100.0,100.0,79.78,96.63,100.0,0.0,100.0,93.82,89.89,84.83,7.78,1.53,6.32,1.24,7.53,6.44,224.57,173.9
KARNATAKA,Belagavi,Gadag,GADAG,SHIRHATTI,2022-23,195,153,78.46,21.54,70.77,29105.0,22359.0,698.0,32.03,41.55,51.72,100.0,100.0,81.05,95.42,100.0,0.0,100.0,98.69,92.81,87.58,6.9,1.22,5.73,1.19,13.23,7.0,229.16,146.1
KARNATAKA,Mysuru,Hassan,HASSAN,ALUR,2022-23,167,156,93.41,6.59,95.21,7739.0,4864.0,331.0,14.69,51.66,54.08,99.36,100.0,56.41,100.0,3.85,0.0,91.67,98.08,98.72,96.15,3.29,1.66,2.64,1.22,13.93,7.59,234.59,31.2
KARNATAKA,Mysuru,Hassan,HASSAN,ARAKALAGUDU,2022-23,322,298,92.55,7.45,92.55,18480.0,11810.0,679.0,17.39,46.1,43.45,99.33,100.0,51.34,98.66,5.7,0.0,98.32,98.32,100.0,92.95,3.44,1.23,2.47,1.21,9.85,9.03,230.03,39.6
KARNATAKA,Mysuru,Hassan,HASSAN,ARASIKERE,2022-23,442,396,89.59,10.41,92.31,29268.0,16320.0,1071.0,15.24,49.86,43.98,99.49,100.0,31.82,93.94,8.59,0.0,89.14,97.98,80.81,93.69,10.8,1.21,2.35,0.44,10.18,5.96,224.63,41.2
KARNATAKA,Mysuru,Hassan,HASSAN,BELUR,2022-23,311,285,91.64,8.36,92.6,17972.0,10720.0,664.0,16.14,48.49,52.86,98.6,100.0,52.63,98.25,38.95,0.0,92.98,97.19,97.19,93.33,4.3,1.32,2.38,1.61,10.53,8.54,234.98,37.6
KARNATAKA,Mysuru,Hassan,HASSAN,CHANNARAYAPATNA,2022-23,435,380,87.36,12.64,92.87,26639.0,12385.0,850.0,14.57,50.0,36.59,100.0,100.0,56.84,97.63,13.16,0.0,83.42,94.47,88.42,95.79,2.14,1.22,1.95,0.97,8.64,6.88,227.38,32.6
KARNATAKA,Mysuru,Hassan,HASSAN,HASSAN,2022-23,487,396,81.31,18.69,76.59,49786.0,16729.0,1049.0,15.95,61.68,49.19,98.74,100.0,70.2,96.97,20.96,0.0,91.92,97.98,92.68,93.69,8.76,1.26,2.48,0.93,13.63,8.32,232.4,42.2
KARNATAKA,Mysuru,Hassan,HASSAN,HOLENARASIPURA,2022-23,293,270,92.15,7.85,90.78,18196.0,11556.0,702.0,16.46,41.45,38.18,99.26,100.0,54.07,98.89,21.11,0.0,96.3,98.15,100.0,93.33,0.77,1.39,2.74,0.47,12.15,7.13,238.84,42.8
KARNATAKA,Mysuru,Hassan,HASSAN,SAKALESHAPURA,2022-23,182,162,89.01,10.99,89.56,11686.0,6661.0,353.0,18.87,66.29,63.17,97.53,100.0,73.46,90.74,4.32,0.0,82.1,96.91,93.21,92.59,3.82,1.37,2.76,0.29,7.51,8.63,229.18,41.1
KARNATAKA,Belagavi,Haveri,HAVERI,BYADAGI,2022-23,136,118,86.76,13.24,77.94,20025.0,15148.0,540.0,28.05,47.04,67.41,100.0,99.15,88.14,92.37,8.47,0.0,95.76,89.83,89.83,80.51,4.42,1.21,4.66,2.26,9.69,6.3,228.19,128.4
KARNATAKA,Belagavi,Haveri,HAVERI,HANAGAL,2022-23,283,243,85.87,14.13,91.17,36786.0,30068.0,986.0,30.49,41.99,72.21,98.77,100.0,79.01,96.3,14.4,0.0,94.65,97.12,93.83,74.9,7.33,1.27,3.96,2.24,7.23,6.37,216.62,123.7
KARNATAKA,Belagavi,Haveri,HAVERI,HAVERI,2022-23,244,187,76.64,23.36,72.95,44610.0,29649.0,959.0,30.92,47.24,61.52,99.47,95.72,70.05,96.79,11.76,0.0,91.44,87.17,97.33,77.01,6.21,1.28,5.02,1.6,7.29,5.79,225.01,158.6
KARNATAKA,Belagavi,Haveri,HAVERI,HIREKERUR,2022-23,248,217,87.5,12.5,91.94,28064.0,21886.0,911.0,24.02,38.64,55.32,99.54,100.0,66.36,95.39,11.52,0.0,83.87,95.85,91.24,75.58,3.81,1.17,3.97,0.89,9.8,6.43,218.21,100.9
KARNATAKA,Belagavi,Haveri,HAVERI,RANNEBENNUR,2022-23,301,221,73.42,26.58,70.76,51118.0,29087.0,1093.0,26.61,49.13,55.81,98.19,95.48,64.25,95.02,11.31,0.0,86.88,94.57,88.69,82.81,8.41,1.49,4.67,1.33,7.84,4.9,223.13,131.6
KARNATAKA,Belagavi,Haveri,HAVERI,SAVANUR,2022-23,149,121,81.21,18.79,77.85,25382.0,18947.0,564.0,33.59,37.59,69.15,100.0,100.0,63.64,97.52,10.74,0.0,98.35,95.87,93.39,73.55,4.27,1.39,4.25,1.36,8.53,6.69,225.31,156.6
KARNATAKA,Belagavi,Haveri,HAVERI,SHIGGOAN,2022-23,207,176,85.02,14.98,76.81,29231.0,23736.0,714.0,33.24,48.04,61.48,98.3,99.43,75.0,94.89,14.77,0.0,94.32,97.16,94.32,72.73,5.99,1.26,4.67,0.87,8.75,6.81,228.63,134.9
KARNATAKA,Kalaburagi,Kalaburagi,KALBURGI,AFZALPUR,2022-23,274,188,68.61,31.39,83.94,43627.0,31570.0,910.0,34.69,33.19,46.26,97.34,86.17,53.19,72.34,9.04,0.0,75.53,68.09,46.81,84.04,8.94,1.16,4.96,1.03,6.59,2.24,221.62,167.9
KARNATAKA,Kalaburagi,Kalaburagi,KALBURGI,ALAND,2022-23,371,293,78.98,21.02,84.37,49576.0,37498.0,1263.0,29.69,39.19,48.93,88.74,90.1,51.54,81.23,12.63,0.0,60.41,65.19,61.43,83.28,6.38,1.24,4.99,1.04,5.58,2.57,218.91,128.0
KARNATAKA,Kalaburagi,Kalaburagi,KALBURGI,CHINCHOLI,2022-23,367,298,81.2,18.8,91.01,38905.0,29593.0,854.0,34.65,39.23,56.44,91.28,94.3,78.52,81.88,7.38,0.0,85.23,88.26,41.95,83.89,9.38,1.07,4.41,0.52,5.11,4.54,224.92,99.3
KARNATAKA,Kalaburagi,Kalaburagi,KALBURGI,CHITTAPUR,2022-23,438,329,75.11,24.89,69.41,62375.0,43965.0,1430.0,30.74,57.41,54.62,91.79,87.23,42.86,83.28,13.68,0.0,74.47,55.32,51.98,80.55,6.82,1.46,5.05,1.29,5.36,3.14,221.99,133.6
KARNATAKA,Kalaburagi,Kalaburagi,KALBURGI,GULBARGA NORTH,2022-23,594,273,45.96,54.04,32.32,109661.0,37615.0,1273.0,29.55,65.44,49.41,95.24,89.01,47.25,65.2,13.92,0.0,76.56,65.93,56.41,71.06,12.21,1.62,6.25,0.99,4.89,3.17,224.4,137.8
KARNATAKA,Kalaburagi,Kalaburagi,KALBURGI,GULBARGA SOUTH,2022-23,423,212,50.12,49.88,51.06,79077.0,31608.0,1062.0,29.76,64.97,48.96,97.17,84.43,51.42,69.81,11.79,0.0,86.32,51.42,52.36,82.08,6.44,1.58,6.2,4.94,6.09,2.39,213.88,149.1
KARNATAKA,Kalaburagi,Kalaburagi,KALBURGI,JEWARGI,2022-23,382,257,67.28,32.72,75.65,55417.0,44808.0,1090.0,41.11,35.87,60.18,95.72,94.16,56.81,58.37,17.12,0.0,94.94,71.6,49.03,83.27,4.53,1.22,5.29,1.81,5.21,4.34,220.09,174.4
KARNATAKA,Kalaburagi,Kalaburagi,KALBURGI,SEDAM,2022-23,287,244,85.02,14.98,85.37,34591.0,24519.0,787.0,31.16,49.17,57.56,93.44,87.7,34.02,83.61,6.56,0.0,81.15,56.15,53.28,80.33,2.98,1.14,4.79,1.02,7.64,3.49,221.01,100.5
KARNATAKA,Mysuru,Kodagu,KODAGU,MADIKERI,2022-23,160,127,79.38,20.62,88.75,19401.0,8050.0,409.0,19.68,81.42,54.77,100.0,100.0,82.68,75.59,14.96,0.0,96.85,97.64,96.06,96.06,0.81,2.2,4.35,0.83,4.87,8.09,218.61,63.4
KARNATAKA,Mysuru,Kodagu,KODAGU,SOMAVARPET,2022-23,194,153,78.87,21.13,95.88,25845.0,10138.0,584.0,17.36,66.61,61.13,100.0,100.0,92.81,98.69,11.76,0.0,100.0,99.35,100.0,96.08,4.79,2.14,4.37,1.21,6.65,7.05,222.36,66.3
KARNATAKA,Mysuru,Kodagu,KODAGU,VIRAJPET,2022-23,178,132,74.16,25.84,93.26,23561.0,9371.0,388.0,24.15,74.48,61.86,98.48,100.0,90.15,81.82,31.06,0.0,98.48,96.21,97.73,95.45,3.1,2.35,4.58,1.77,7.77,6.53,229.45,71.0
KARNATAKA,Bengaluru,Kolar,KOLAR,BANGARAPETE,2022-23,313,263,84.03,15.97,87.86,26670.0,12807.0,633.0,20.23,59.72,51.34,99.24,100.0,25.48,89.73,3.8,0.0,72.62,91.63,74.14,92.4,1.16,1.27,2.25,4.68,8.71,7.83,231.5,48.7
KARNATAKA,Bengaluru,Kolar,KOLAR,K G F,2022-23,260,202,77.69,22.31,73.85,29554.0,10288.0,484.0,21.26,67.77,50.62,98.02,98.02,22.28,88.12,9.41,0.0,50.0,93.07,62.87,86.63,1.52,1.54,2.45,2.68,9.56,7.23,233.78,50.9
KARNATAKA,Bengaluru,Kolar,KOLAR,KOLAR,2022-23,503,391,77.73,22.27,76.74,51231.0,20809.0,1167.0,17.83,60.41,43.79,99.74,100.0,39.9,93.35,8.95,0.0,69.57,90.79,78.26,85.42,2.62,1.37,2.99,4.58,9.26,7.31,227.3,53.2
KARNATAKA,Bengaluru,Kolar,KOLAR,MALUR,2022-23,367,327,89.1,10.9,92.37,32974.0,15332.0,820.0,18.7,52.44,47.32,99.69,97.55,29.66,93.88,18.96,0.0,58.41,93.58,84.71,90.21,5.3,1.37,2.45,2.32,7.83,7.24,227.82,46.9
KARNATAKA,Bengaluru,Kolar,KOLAR,MULBAGAL,2022-23,453,399,88.08,11.92,88.52,30213.0,18882.0,957.0,19.73,54.02,56.95,97.74,95.74,30.33,94.49,9.02,0.0,53.13,84.96,75.69,88.97,2.82,1.3,2.13,2.04,8.27,6.94,229.16,47.3
KARNATAKA,Bengaluru,Kolar,KOLAR,SRINIVASAPUR,2022-23,347,302,87.03,12.97,94.24,24848.0,11247.0,760.0,14.8,45.66,47.5,99.67,95.36,26.49,65.56,6.62,0.0,49.34,84.44,68.21,91.39,3.07,1.42,2.42,2.62,7.96,6.0,222.57,37.2
KARNATAKA,Kalaburagi,Koppal,KOPPAL,GANGAVATHI,2022-23,491,346,70.47,29.53,68.23,84845.0,54068.0,1401.0,38.59,44.11,71.95,94.22,95.66,62.72,86.13,16.76,0.0,76.59,91.04,90.75,89.31,3.32,1.52,4.31,0.72,5.44,5.43,231.48,156.3
KARNATAKA,Kalaburagi,Koppal,KOPPAL,KOPPAL,2022-23,357,252,70.59,29.41,75.35,70992.0,49068.0,1331.0,36.87,44.25,66.79,97.62,94.44,57.94,84.13,9.92,0.0,85.32,90.08,90.87,88.49,6.3,1.56,5.29,0.58,7.24,6.35,229.01,194.7
KARNATAKA,Kalaburagi,Koppal,KOPPAL,KUSTAGI,2022-23,296,236,79.73,20.27,79.39,53034.0,46215.0,1101.0,41.98,37.06,62.03,92.8,93.22,55.08,84.75,20.34,0.0,79.24,87.71,83.05,91.95,3.08,1.45,6.04,1.12,6.23,6.2,224.26,195.8
KARNATAKA,Kalaburagi,Koppal,KOPPAL,YELBURGA,2022-23,269,217,80.67,19.33,85.87,49896.0,43068.0,1125.0,38.28,40.89,64.09,99.08,93.55,53.46,96.31,99.08,0.0,95.85,90.32,64.98,90.78,4.5,1.67,6.66,0.19,4.08,15.17,222.05,198.5
KARNATAKA,Mysuru,Mandya,MANDYA,KRISHNARAJA PET,2022-23,359,325,90.53,9.47,94.71,21983.0,14667.0,743.0,19.74,33.78,42.8,99.69,100.0,66.46,100.0,3.69,0.0,100.0,93.54,89.85,95.38,3.15,1.31,2.43,1.99,8.22,7.99,221.51,45.1
KARNATAKA,Mysuru,Mandya,MANDYA,MADDUR,2022-23,289,227,78.55,21.45,92.39,29260.0,13388.0,622.0,21.52,50.0,56.59,100.0,100.0,69.16,98.68,99.56,0.0,100.0,63.88,82.82,95.59,6.82,1.33,3.56,1.2,6.59,6.43,232.64,59.0
KARNATAKA,Mysuru,Mandya,MANDYA,MALAVALLY,2022-23,294,241,81.97,18.03,88.78,23725.0,14516.0,630.0,23.04,47.14,43.33,97.51,100.0,43.98,96.68,4.15,0.0,100.0,80.08,82.16,95.44,6.11,1.33,3.22,0.71,3.49,6.46,200.83,60.2
KARNATAKA,Mysuru,Mandya,MANDYA,MANDYA NORTH,2022-23,181,171,94.48,5.52,100.0,10768.0,8667.0,417.0,20.78,56.35,55.88,98.83,100.0,76.02,97.08,100.0,0.0,100.0,87.72,91.23,97.08,6.55,1.4,3.47,1.96,3.98,6.68,190.37,50.7
KARNATAKA,Mysuru,Mandya,MANDYA,MANDYA SOUTH,2022-23,190,125,65.79,34.21,56.84,31367.0,10757.0,451.0,23.85,63.86,46.34,100.0,100.0,57.6,96.0,65.6,0.0,100.0,93.6,79.2,84.8,6.5,1.77,4.97,1.42,8.1,7.84,243.0,86.1
KARNATAKA,Mysuru,Mandya,MANDYA,NAGAMANGALA,2022-23,303,279,92.08,7.92,87.79,17050.0,10344.0,578.0,17.9,47.06,54.84,100.0,100.0,78.85,96.06,23.66,0.0,99.64,90.32,89.96,94.98,2.93,1.49,2.32,0.95,8.1,7.75,223.82,37.1
KARNATAKA,Mysuru,Mandya,MANDYA,PANDAVAPURA,2022-23,204,177,86.76,13.24,91.67,18318.0,10779.0,504.0,21.39,45.83,56.15,100.0,100.0,75.14,98.31,50.28,0.0,100.0,93.22,97.74,92.66,7.06,1.69,3.11,1.13,7.98,7.96,225.56,60.9
KARNATAKA,Mysuru,Mandya,MANDYA,SRIRANGA PATNA,2022-23,181,135,74.59,25.41,86.19,19871.0,8174.0,410.0,19.94,67.56,47.07,100.0,100.0,77.04,97.78,16.3,0.0,100.0,94.81,82.22,91.85,6.2,1.77,3.47,1.76,6.42,7.73,226.08,60.5
KARNATAKA,Mysuru,Mysuru,MYSURU,H.D.KOTE,2022-23,353,324,91.78,8.22,90.65,27993.0,21387.0,902.0,23.71,49.22,60.31,100.0,100.0,98.15,94.75,100.0,0.0,100.0,97.53,98.46,95.99,1.89,1.6,2.98,0.76,7.01,7.42,227.36,66.0
KARNATAKA,Mysuru,Mysuru,MYSURU,HUNSUR,2022-23,349,301,86.25,13.75,88.83,36399.0,20600.0,930.0,22.15,48.49,53.33,100.0,100.0,71.43,93.69,100.0,0.0,96.68,97.67,95.35,92.03,3.41,1.6,2.89,0.92,8.88,8.01,229.34,68.4
KARNATAKA,Mysuru,Mysuru,MYSURU,K.R.NAGARA,2022-23,281,244,86.83,13.17,88.26,22439.0,14608.0,742.0,19.69,40.43,45.82,100.0,100.0,95.08,97.54,100.0,0.0,97.54,96.72,99.59,92.21,5.11,1.51,3.0,0.39,9.58,7.88,224.08,59.9
KARNATAKA,Mysuru,Mysuru,MYSURU,MYSORE NORTH,2022-23,254,113,44.49,54.72,0.0,74726.0,18267.0,639.0,28.59,78.72,54.46,100.0,99.12,66.37,98.23,30.09,0.0,65.49,89.38,95.58,57.52,20.75,2.87,7.15,2.35,7.23,7.19,226.21,161.7
KARNATAKA,Mysuru,Mysuru,MYSURU,MYSORE RURAL,2022-23,366,231,63.11,36.89,100.0,74343.0,22432.0,999.0,22.45,71.87,54.15,100.0,100.0,85.28,97.4,81.39,0.0,97.84,95.67,97.4,93.07,4.0,1.79,3.8,2.23,12.44,9.66,231.7,97.1
KARNATAKA,Mysuru,Mysuru,MYSURU,MYSORE SOUTH,2022-23,146,62,42.47,57.53,0.0,46219.0,7425.0,285.0,26.05,76.84,59.65,100.0,100.0,91.94,100.0,74.19,0.0,85.48,96.77,100.0,87.1,36.07,2.63,6.47,3.18,7.97,5.74,221.0,119.8
KARNATAKA,Mysuru,Mysuru,MYSURU,NANJANAGUD,2022-23,320,278,86.88,13.12,89.06,44290.0,27758.0,1072.0,25.89,56.34,57.37,100.0,100.0,87.77,98.56,100.0,0.0,94.24,91.73,90.65,92.09,4.85,1.82,4.03,3.16,9.61,7.56,224.96,99.8
KARNATAKA,Mysuru,Mysuru,MYSURU,PERIYA PATNA,2022-23,320,287,89.69,10.31,94.38,26308.0,16848.0,770.0,21.88,40.52,57.79,100.0,100.0,74.56,94.43,37.28,0.0,89.55,99.3,93.38,91.29,4.64,1.38,2.93,0.75,9.07,7.92,230.96,58.7
KARNATAKA,Mysuru,Mysuru,MYSURU,T.N.PURA,2022-23,275,236,85.82,14.18,85.09,28978.0,17400.0,766.0,22.72,55.09,51.17,100.0,100.0,88.56,96.19,45.76,0.0,97.88,97.88,97.46,92.8,3.07,1.42,3.18,0.7,9.48,8.79,227.56,73.7
KARNATAKA,Kalaburagi,Raichur,RAICHUR,DEVADURGA,2022-23,405,334,82.47,17.53,85.19,54522.0,45251.0,1019.0,44.41,44.75,73.5,96.11,90.72,33.83,85.03,6.89,0.0,64.37,80.84,58.08,93.41,3.74,1.48,3.63,0.9,8.98,5.09,229.72,135.5
KARNATAKA,Kalaburagi,Raichur,RAICHUR,LINGASUGUR,2022-23,442,341,77.15,22.85,72.17,72989.0,55009.0,1505.0,36.55,38.94,65.71,94.72,90.32,34.31,93.26,10.85,0.0,73.61,79.47,61.29,92.08,6.08,1.65,4.88,0.41,6.66,5.74,209.13,161.3
KARNATAKA,Kalaburagi,Raichur,RAICHUR,MANVI,2022-23,407,291,71.5,28.5,81.08,66984.0,45346.0,1094.0,41.45,42.96,70.29,98.63,99.31,36.77,92.78,9.62,0.0,63.57,89.0,56.01,91.41,6.12,1.62,4.92,0.94,7.31,5.56,227.12,155.8
KARNATAKA,Kalaburagi,Raichur,RAICHUR,RAICHUR,2022-23,458,294,64.19,35.81,53.93,103699.0,59382.0,1493.0,39.77,59.88,62.49,98.3,99.32,57.48,93.54,14.63,0.0,58.16,71.77,63.27,82.65,6.5,1.68,5.67,0.64,7.66,4.08,224.1,202.0
KARNATAKA,Kalaburagi,Raichur,RAICHUR,SINDHANUR,2022-23,461,319,69.2,30.8,71.58,66800.0,45890.0,1427.0,32.16,34.97,77.65,99.69,82.45,52.35,94.98,22.57,0.0,71.79,89.34,77.12,87.46,3.95,1.64,4.81,0.75,7.47,7.95,228.06,143.9
KARNATAKA,Bengaluru,Ramanagara,RAMANAGARA,CHANNAPATNA,2022-23,282,234,82.98,17.02,76.6,27202.0,15079.0,628.0,24.01,59.08,61.31,99.15,100.0,44.87,96.58,17.09,0.0,96.15,96.58,87.18,87.18,2.68,1.41,2.64,2.27,8.45,8.75,235.02,64.4
KARNATAKA,Bengaluru,Ramanagara,RAMANAGARA,KANAKAPURA,2022-23,480,422,87.92,12.08,92.92,33514.0,19155.0,908.0,21.1,57.93,66.85,100.0,100.0,39.57,96.21,5.69,0.0,89.81,84.6,85.31,94.08,2.68,1.52,2.23,1.77,5.99,7.88,217.87,45.4
KARNATAKA,Bengaluru,Ramanagara,RAMANAGARA,MAGADI,2022-23,373,347,93.03,6.97,94.1,20263.0,11884.0,767.0,15.49,45.89,39.24,100.0,100.0,34.29,97.12,9.8,0.0,98.85,92.8,90.78,90.78,2.95,1.3,2.21,0.93,9.1,7.31,222.72,34.2
KARNATAKA,Bengaluru,Ramanagara,RAMANAGARA,RAMANAGARA,2022-23,344,265,77.03,22.97,66.57,37956.0,15980.0,677.0,23.6,61.74,46.09,100.0,100.0,34.72,96.98,16.6,0.0,95.47,94.34,88.3,89.81,6.23,1.44,2.83,0.67,7.91,7.01,225.87,60.3
KARNATAKA,Bengaluru,Shivamogga,SHIVAMOGGA,BHADRAVATI,2022-23,357,300,84.03,15.97,68.35,39899.0,22331.0,1093.0,20.43,58.37,51.78,99.67,100.0,81.33,97.0,100.0,0.0,82.67,95.33,86.0,81.67,10.58,1.41,4.2,2.02,5.83,6.59,228.0,74.4
KARNATAKA,Bengaluru,Shivamogga,SHIVAMOGGA,HOSANAGAR,2022-23,245,227,92.65,7.35,96.73,12726.0,9592.0,494.0,19.42,50.2,67.81,99.12,100.0,93.83,91.63,37.89,0.0,97.36,85.02,66.52,95.15,6.28,1.2,3.3,0.42,5.57,6.62,231.02,42.3
KARNATAKA,Bengaluru,Shivamogga,SHIVAMOGGA,SAGAR,2022-23,353,316,89.52,10.48,86.4,24509.0,15218.0,823.0,18.49,60.27,71.08,100.0,100.0,91.14,75.32,93.04,0.0,98.1,93.67,93.67,93.67,5.5,1.24,3.18,1.17,6.79,7.49,229.37,48.2
KARNATAKA,Bengaluru,Shivamogga,SHIVAMOGGA,SHIKARIPUR,2022-23,289,255,88.24,11.76,81.31,30774.0,22790.0,1035.0,22.02,37.78,59.03,99.61,100.0,92.94,96.86,13.73,0.0,94.12,89.41,85.49,81.96,3.27,1.47,4.05,6.16,8.89,9.34,222.25,89.4
KARNATAKA,Bengaluru,Shivamogga,SHIVAMOGGA,SHIMOGA,2022-23,509,359,70.53,29.47,54.81,74548.0,30734.0,1501.0,20.48,64.96,60.36,100.0,100.0,63.79,94.43,18.66,0.0,86.63,92.48,87.74,84.68,7.43,1.84,4.32,1.44,7.79,7.32,228.45,85.6
KARNATAKA,Bengaluru,Shivamogga,SHIVAMOGGA,SORAB,2022-23,336,319,94.94,5.06,94.94,22254.0,18283.0,799.0,22.88,43.93,61.45,100.0,100.0,75.86,91.85,68.97,0.0,97.49,97.18,84.64,92.16,6.39,1.16,2.73,1.0,7.11,7.8,230.06,57.3
KARNATAKA,Bengaluru,Shivamogga,SHIVAMOGGA,THIRTHAHALLI,2022-23,225,209,92.89,7.11,94.22,13183.0,8056.0,465.0,17.32,60.65,64.52,100.0,100.0,94.26,83.25,56.46,0.0,87.08,98.56,94.26,97.61,3.43,1.33,3.48,0.55,10.02,8.51,226.11,38.5
KARNATAKA,Bengaluru,Tumakuru,TUMAKURU,CHIKNAYAKANHALLI,2022-23,345,321,93.04,6.96,93.04,19720.0,14902.0,811.0,18.37,45.99,37.85,99.38,98.44,29.28,93.77,9.97,0.0,96.26,91.28,84.42,93.46,1.58,1.25,2.32,0.25,7.84,8.32,225.81,46.4
KARNATAKA,Bengaluru,Tumakuru,TUMAKURU,GUBBI,2022-23,428,402,93.93,6.07,96.96,27408.0,17352.0,951.0,18.25,58.46,43.43,98.51,95.77,35.07,97.01,2.49,0.0,96.02,88.56,75.12,92.29,3.05,1.33,2.28,0.51,8.19,8.81,231.64,43.2
KARNATAKA,Bengaluru,Tumakuru,TUMAKURU,KUNIGAL,2022-23,393,363,92.37,7.63,91.86,21245.0,11527.0,709.0,16.26,54.72,40.76,100.0,97.52,30.3,98.35,41.87,0.0,81.82,96.69,88.43,90.63,1.69,1.15,2.1,0.76,7.84,7.42,221.68,31.8
KARNATAKA,Bengaluru,Tumakuru,TUMAKURU,TIPTUR,2022-23,315,277,87.94,12.06,87.62,22420.0,10959.0,707.0,15.5,59.83,43.85,100.0,98.92,50.54,99.28,3.61,0.0,97.47,96.39,94.95,94.22,2.57,1.17,2.43,1.23,7.4,7.87,221.5,39.6
KARNATAKA,Bengaluru,Tumakuru,TUMAKURU,TUMKUR,2022-23,639,505,79.03,20.97,72.14,79609.0,34898.0,1677.0,20.81,69.17,42.1,100.0,98.81,31.09,97.03,9.5,0.0,87.72,95.25,83.37,86.34,3.43,1.5,3.05,0.75,9.42,10.88,225.35,69.1
KARNATAKA,Bengaluru,Tumakuru,TUMAKURU,TURUVEKERE,2022-23,301,284,94.35,5.65,94.02,14969.0,9167.0,596.0,15.38,53.69,43.12,100.0,100.0,35.56,98.59,3.87,0.0,96.13,96.83,89.08,92.96,2.17,1.15,2.0,0.83,6.9,7.87,225.97,32.3
KARNATAKA,Bengaluru,Tumakuru,TUMAKURU MADHUGIRI,KORATAGERE,2022-23,292,270,92.47,7.53,94.86,16404.0,11913.0,723.0,16.48,48.69,56.43,99.26,100.0,48.89,98.89,5.56,0.0,71.11,95.93,90.0,93.33,5.32,1.27,2.47,1.64,9.03,8.07,230.1,44.1
KARNATAKA,Bengaluru,Tumakuru,TUMAKURU MADHUGIRI,MADHUGIRI,2022-23,398,362,90.95,9.05,92.46,26613.0,17289.0,873.0,19.8,44.1,52.46,99.72,100.0,56.63,97.79,11.88,0.0,74.03,98.34,93.65,93.37,3.69,1.24,2.73,1.05,9.1,6.81,228.61,47.8
KARNATAKA,Bengaluru,Tumakuru,TUMAKURU MADHUGIRI,PAVAGADA,2022-23,281,245,87.19,12.81,91.81,28102.0,16745.0,600.0,27.91,39.67,61.17,95.92,100.0,56.33,94.69,8.16,0.0,78.78,94.69,93.47,93.88,2.14,1.66,3.07,1.51,9.38,7.16,221.24,68.3
KARNATAKA,Bengaluru,Tumakuru,TUMAKURU MADHUGIRI,SIRA,2022-23,471,429,91.08,8.92,89.81,37586.0,23051.0,1114.0,20.69,48.56,55.66,97.9,100.0,42.66,97.2,7.46,0.0,78.55,98.37,84.62,93.94,1.19,1.21,1.99,1.27,11.03,8.48,226.69,53.7
KARNATAKA,Mysuru,Udupi,UDUPI,BRAHAMAVARA,2022-23,171,143,83.63,16.37,82.46,34616.0,12986.0,457.0,28.42,68.93,51.2,100.0,100.0,99.3,70.63,30.77,0.0,99.3,99.3,100.0,99.3,3.55,1.76,5.38,0.43,9.08,7.47,224.14,90.8
KARNATAKA,Mysuru,Udupi,UDUPI,BYNDOOR,2022-23,211,192,91.0,9.0,100.0,23344.0,13888.0,571.0,24.32,58.67,65.85,100.0,100.0,88.02,69.27,15.1,0.0,99.48,98.44,100.0,97.92,7.89,1.35,3.58,0.31,8.09,8.14,234.69,72.3
KARNATAKA,Mysuru,Udupi,UDUPI,KARKALA,2022-23,201,166,82.59,17.41,89.55,26096.0,11533.0,528.0,21.84,73.67,54.73,100.0,100.0,100.0,92.17,99.4,0.0,95.78,96.99,99.4,98.19,1.85,1.68,3.85,0.46,4.45,7.8,233.31,69.5
KARNATAKA,Mysuru,Udupi,UDUPI,KUNDAPURA,2022-23,173,142,82.08,17.92,89.6,25052.0,12082.0,467.0,25.87,64.88,61.67,100.0,100.0,96.48,64.79,24.65,0.0,100.0,96.48,100.0,96.48,2.17,1.97,4.3,1.77,9.61,8.64,223.01,85.1
KARNATAKA,Mysuru,Udupi,UDUPI,UDUPI,2022-23,152,103,67.76,32.24,68.42,36733.0,11797.0,328.0,35.97,84.76,57.01,100.0,100.0,95.15,94.17,96.12,0.0,92.23,99.03,100.0,96.12,10.53,2.58,5.95,0.04,7.93,5.93,222.21,114.5
KARNATAKA,Belagavi,Uttara Kannada,UTTARA KANNADA,ANKOLA,2022-23,167,158,94.61,5.39,86.23,10991.0,7659.0,473.0,16.19,67.02,44.19,100.0,100.0,63.29,59.49,4.43,0.0,93.04,99.37,98.1,96.84,1.29,1.39,3.08,0.39,7.04,8.96,231.12,48.5
KARNATAKA,Belagavi,Uttara Kannada,UTTARA KANNADA,BHATKAL,2022-23,207,180,86.96,13.04,83.09,23038.0,11078.0,561.0,19.75,63.46,70.94,100.0,100.0,58.33,80.0,15.56,0.0,93.33,99.44,98.89,88.33,1.14,1.44,3.18,0.92,6.93,8.8,226.96,61.5
KARNATAKA,Belagavi,Uttara Kannada,UTTARA KANNADA,HONNAVAR,2022-23,299,276,92.31,7.69,92.64,17924.0,12034.0,775.0,15.53,60.65,63.87,100.0,100.0,50.72,66.67,10.14,0.0,97.46,97.83,98.55,90.58,0.74,1.15,2.42,0.85,6.01,7.34,233.25,43.6
KARNATAKA,Belagavi,Uttara Kannada,UTTARA KANNADA,KARWAR,2022-23,180,153,85.0,15.0,70.0,18272.0,8811.0,521.0,16.91,78.12,66.22,100.0,100.0,75.16,51.63,16.99,0.0,90.85,96.08,99.35,88.24,2.08,1.78,3.78,0.51,7.97,8.57,233.56,57.6
KARNATAKA,Belagavi,Uttara Kannada,UTTARA KANNADA,KUMTA,2022-23,223,211,94.62,5.38,89.69,16475.0,12002.0,692.0,17.34,69.94,52.89,100.0,100.0,56.87,47.39,4.74,0.0,87.68,96.21,98.58,91.0,1.45,1.32,3.04,0.79,8.0,8.79,234.85,56.9
KARNATAKA,Belagavi,Uttara Kannada,UTTARA KANNADA SIRSI,HALIYAL,2022-23,190,174,91.58,8.42,72.63,26192.0,21584.0,595.0,36.28,62.35,67.73,98.28,100.0,94.83,98.85,9.77,0.0,97.13,90.23,88.51,81.61,7.74,1.44,3.79,1.7,5.28,7.22,235.84,124.0
KARNATAKA,Belagavi,Uttara Kannada,UTTARA KANNADA SIRSI,JOIDA,2022-23,158,152,96.2,3.8,100.0,6478.0,5428.0,217.0,25.01,55.3,69.12,98.03,100.0,96.71,92.76,2.63,0.0,91.45,79.61,83.55,97.37,10.0,1.22,2.36,1.11,2.39,6.76,226.38,35.7
KARNATAKA,Belagavi,Uttara Kannada,UTTARA KANNADA SIRSI,MUNDAGOD,2022-23,154,145,94.16,5.84,86.36,14286.0,12546.0,570.0,22.01,54.91,62.46,100.0,100.0,99.31,93.1,6.9,0.0,99.31,91.72,93.79,79.31,7.8,1.46,3.24,0.78,6.42,6.99,231.96,86.5
KARNATAKA,Belagavi,Uttara Kannada,UTTARA KANNADA SIRSI,SIDDAPUR,2022-23,221,215,97.29,2.71,92.76,9746.0,8193.0,496.0,16.52,61.9,66.94,100.0,100.0,99.07,47.91,5.12,0.0,99.07,95.81,100.0,94.42,7.04,1.2,2.53,0.64,5.18,6.92,236.19,38.1
KARNATAKA,Belagavi,Uttara Kannada,UTTARA KANNADA SIRSI,SIRSI,2022-23,307,289,94.14,5.86,90.88,21435.0,14458.0,785.0,18.42,68.54,58.73,100.0,100.0,97.23,51.56,6.57,0.0,99.65,92.04,96.54,91.0,3.83,1.31,2.28,0.57,6.18,7.71,234.38,50.0
KARNATAKA,Belagavi,Uttara Kannada,UTTARA KANNADA SIRSI,YELLAPUR,2022-23,178,172,96.63,3.37,87.08,9465.0,7571.0,434.0,17.44,62.44,66.36,100.0,100.0,98.84,64.53,8.72,0.0,96.51,84.88,95.35,95.35,4.68,1.26,2.31,0.74,6.98,6.92,229.92,44.0
KARNATAKA,Kalaburagi,Vijayanagara,VIJAYANAGARA,HADAGALI,2022-23,203,155,76.35,23.65,85.71,29682.0,20783.0,660.0,31.49,31.82,58.94,92.9,97.42,48.39,94.19,4.52,0.0,85.81,70.97,65.81,94.84,2.0,1.23,5.19,1.01,8.3,6.12,221.6,134.1
KARNATAKA,Kalaburagi,Vijayanagara,VIJAYANAGARA,HAGARIBOMMANAHALLI,2022-23,190,142,74.74,25.26,80.0,32286.0,25918.0,715.0,36.25,34.27,64.48,98.59,100.0,49.3,98.59,8.45,0.0,96.48,92.25,80.99,90.85,4.44,1.43,5.99,1.36,8.18,5.48,234.21,182.5
KARNATAKA,Kalaburagi,Vijayanagara,VIJAYANAGARA,HARAPANAHALLI,2022-23,346,288,83.24,16.76,87.28,41924.0,33864.0,1059.0,31.98,39.47,55.05,99.65,96.18,50.69,93.4,5.9,0.0,88.89,53.47,82.29,92.36,2.15,1.19,4.19,2.18,10.73,6.76,231.81,117.6
KARNATAKA,Kalaburagi,Vijayanagara,VIJAYANAGARA,HOSPET,2022-23,252,162,64.29,35.71,36.9,61479.0,32408.0,901.0,35.97,61.71,66.93,97.53,95.68,43.83,89.51,9.26,0.0,79.63,82.72,74.07,85.8,3.9,2.51,5.59,1.94,11.56,8.27,231.83,200.0
KARNATAKA,Kalaburagi,Vijayanagara,VIJAYANAGARA,KUDLIGI,2022-23,370,290,78.38,21.62,80.27,47204.0,36128.0,1104.0,32.72,37.05,57.7,98.97,90.0,36.9,98.28,9.66,0.0,77.24,82.41,64.83,94.48,5.71,1.33,4.78,0.58,4.85,5.88,223.99,124.6
KARNATAKA,Belagavi,Vijayapura,VIJAYAPURA,BASAVAN  BAGEWADI,2022-23,443,316,71.33,28.67,74.04,62985.0,46006.0,1439.0,31.97,40.17,49.76,98.1,100.0,72.78,87.03,27.85,0.0,91.14,80.7,77.53,81.96,5.84,1.1,4.87,0.97,7.84,5.72,225.03,145.6
KARNATAKA,Belagavi,Vijayapura,VIJAYAPURA,BIJAPUR  RURAL,2022-23,575,439,76.35,23.65,97.57,81555.0,53465.0,1842.0,29.03,47.61,53.04,98.63,91.8,83.37,72.21,6.61,0.0,95.9,79.95,66.29,88.38,3.48,1.19,4.0,1.29,7.56,5.37,223.15,121.8
KARNATAKA,Belagavi,Vijayapura,VIJAYAPURA,BIJAPUR CITY,2022-23,342,159,46.49,53.51,0.0,72154.0,27955.0,993.0,28.15,60.62,48.04,98.74,97.48,72.33,87.42,20.13,0.0,88.05,80.5,83.65,61.64,9.87,1.43,5.96,1.21,7.1,5.21,224.99,175.8
KARNATAKA,Belagavi,Vijayapura,VIJAYAPURA,CHADACHAN,2022-23,257,200,77.82,22.18,92.61,34533.0,25023.0,761.0,32.88,26.68,47.31,93.5,99.5,77.5,58.5,10.5,0.0,62.5,85.0,60.0,88.0,5.08,1.06,3.88,0.86,6.16,5.56,223.43,125.1
KARNATAKA,Belagavi,Vijayapura,VIJAYAPURA,INDI,2022-23,375,292,77.87,22.13,83.73,51138.0,36459.0,1113.0,32.76,30.46,48.88,96.92,94.86,87.67,82.19,7.53,0.0,85.62,73.63,77.4,83.56,3.86,1.17,4.11,1.05,6.6,5.08,233.81,124.9
KARNATAKA,Belagavi,Vijayapura,VIJAYAPURA,MUDDEBIHAL,2022-23,379,266,70.18,29.82,71.77,53371.0,36823.0,1174.0,31.37,40.55,48.55,89.85,90.6,58.65,74.06,15.04,0.0,63.16,75.94,57.14,83.46,3.52,1.22,4.9,0.88,6.82,3.18,228.11,138.4
KARNATAKA,Belagavi,Vijayapura,VIJAYAPURA,SINDAGI,2022-23,532,357,67.11,32.89,77.63,79735.0,58758.0,1613.0,36.43,32.98,49.29,95.8,94.12,75.91,71.99,11.76,0.0,80.39,74.79,51.82,78.99,2.0,1.17,4.83,1.43,6.77,4.73,229.57,164.6
KARNATAKA,Kalaburagi,Yadgir,YADAGIRI,SHAHAPUR,2022-23,411,308,74.94,25.06,79.81,70312.0,51126.0,1073.0,47.65,39.24,60.67,94.16,77.6,39.29,62.34,5.19,0.0,75.0,71.1,60.06,83.77,2.72,1.35,4.83,0.8,5.5,4.79,220.89,166.0
KARNATAKA,Kalaburagi,Yadgir,YADAGIRI,SHORAPUR,2022-23,516,374,72.48,27.52,72.29,78730.0,59314.0,1229.0,48.26,33.6,65.74,89.3,67.11,55.08,55.35,6.95,0.0,83.16,74.06,52.41,91.98,4.68,1.26,4.2,0.29,5.96,4.67,222.88,158.6
KARNATAKA,Kalaburagi,Yadgir,YADAGIRI,YADGIR,2022-23,429,324,75.52,24.48,73.43,73127.0,49014.0,1262.0,38.84,42.47,49.76,90.74,79.01,37.65,79.01,8.95,0.0,83.33,81.17,83.64,83.02,4.19,1.38,4.57,1.25,6.76,4.95,220.37,151.3
KARNATAKA,Belagavi,Bagalkote,BAGALKOT,BADAMI,2023-24,319,268,84.01,15.99,73.04,48582.0,41110.0,1313.0,31.31,44.94,60.93,98.13,96.27,63.06,97.76,40.67,7.84,92.54,89.93,76.12,89.18,5.02,1.29,5.14,0.89,6.6,4.11,233.78,153.4
KARNATAKA,Belagavi,Bagalkote,BAGALKOT,BAGALKOT,2023-24,268,208,77.61,22.39,70.9,48727.0,30037.0,1061.0,28.31,52.31,59.28,98.56,100.0,77.88,96.63,27.88,10.1,96.63,95.67,86.54,83.65,3.08,1.65,5.43,1.04,8.76,4.98,234.51,144.4
KARNATAKA,Belagavi,Bagalkote,BAGALKOT,BILAGI,2023-24,188,143,76.06,23.94,88.3,27627.0,18929.0,651.0,29.08,36.56,70.05,98.6,98.6,69.93,96.5,25.87,8.39,92.31,95.8,88.11,88.11,2.94,1.51,4.73,0.9,6.74,5.66,236.77,132.4
KARNATAKA,Belagavi,Bagalkote,BAGALKOT,HUNAGUND,2023-24,338,260,76.92,23.08,69.53,45546.0,32754.0,1125.0,29.11,42.67,60.98,99.23,99.62,66.15,97.69,18.08,6.92,98.08,91.54,77.69,88.46,3.59,1.29,4.97,0.75,6.04,3.68,238.12,126.0
KARNATAKA,Belagavi,Bagalkote,BAGALKOT,JAMAKHANDI,2023-24,474,319,67.3,32.7,64.56,84496.0,53322.0,1634.0,32.63,40.58,63.65,98.12,95.92,68.97,79.94,47.34,21.0,93.42,90.91,87.46,86.52,9.51,1.52,5.48,0.98,6.68,4.48,228.78,167.2
KARNATAKA,Belagavi,Bagalkote,BAGALKOT,MUDHOL,2023-24,349,263,75.36,24.64,71.06,62544.0,37194.0,1126.0,33.03,41.12,67.58,98.86,96.58,71.86,83.27,41.06,13.31,100.0,92.78,91.63,87.45,7.57,1.52,4.95,0.6,6.94,4.93,234.68,141.4
KARNATAKA,Kalaburagi,Ballari,BALLARI,BELLARY EAST,2023-24,299,169,56.52,43.48,52.84,67257.0,34117.0,863.0,39.53,60.25,67.44,91.72,99.41,47.93,89.35,11.83,14.79,82.84,89.35,77.51,78.7,4.32,1.65,5.6,1.54,6.36,4.35,235.17,201.9
KARNATAKA,Kalaburagi,Ballari,BALLARI,BELLARY WEST,2023-24,351,194,55.27,44.73,41.88,88406.0,38032.0,866.0,43.92,57.04,69.28,95.36,98.97,41.75,91.75,12.89,10.82,75.26,80.93,82.47,84.02,3.23,1.78,5.98,1.06,6.01,4.04,221.43,196.0
KARNATAKA,Kalaburagi,Ballari,BALLARI,SANDUR,2023-24,218,167,76.61,23.39,83.03,50340.0,29268.0,656.0,44.62,42.07,75.91,91.02,97.6,37.72,91.62,34.73,19.16,89.82,85.03,87.43,88.02,5.06,1.76,5.63,1.98,6.96,4.35,235.9,175.3
KARNATAKA,Kalaburagi,Ballari,BALLARI,SIRUGUPPA,2023-24,250,183,73.2,26.8,76.4,48049.0,31523.0,532.0,59.25,34.96,70.3,95.08,93.44,54.64,91.8,29.51,11.48,92.35,79.78,72.68,89.07,8.0,1.56,4.34,1.4,6.03,3.68,220.55,172.3
KARNATAKA,Belagavi,Belagavi,BELAGAVI,BAILHONGAL,2023-24,199,159,79.9,20.1,84.42,36181.0,24696.0,842.0,29.33,48.81,54.04,96.86,100.0,58.49,87.42,13.84,15.09,94.34,93.08,73.58,82.39,1.97,1.58,5.55,1.92,6.21,4.68,229.91,155.3
KARNATAKA,Belagavi,Belagavi,BELAGAVI,BELGAUM CITY,2023-24,284,179,63.03,36.97,0.35,83993.0,32327.0,1059.0,30.53,63.83,63.17,99.44,100.0,46.37,88.83,41.34,12.29,79.89,93.85,80.45,48.04,8.7,2.06,6.46,1.25,6.17,5.29,236.77,180.6
KARNATAKA,Belagavi,Belagavi,BELAGAVI,BELGAUM RURAL.,2023-24,354,296,83.62,16.38,89.83,58983.0,42431.0,1487.0,28.53,62.95,49.16,99.32,100.0,78.72,86.15,69.59,10.81,92.91,94.93,83.11,55.07,5.82,1.61,5.35,1.45,10.57,5.47,236.58,143.3
KARNATAKA,Belagavi,Belagavi,BELAGAVI,KHANAPUR,2023-24,351,324,92.31,7.69,95.44,32381.0,24606.0,1190.0,20.68,45.55,56.81,99.69,100.0,47.53,89.2,9.88,8.02,76.85,98.46,87.04,28.7,2.21,1.19,3.12,1.3,7.81,6.57,239.9,75.9
KARNATAKA,Belagavi,Belagavi,BELAGAVI,KITTUR,2023-24,109,83,76.15,23.85,89.91,17074.0,12648.0,437.0,28.94,42.56,52.63,100.0,100.0,72.29,93.98,14.46,8.43,79.52,84.34,79.52,83.13,3.8,1.23,5.37,2.89,7.76,5.65,238.55,152.4
KARNATAKA,Belagavi,Belagavi,BELAGAVI,RAMDURG,2023-24,273,211,77.29,22.71,86.45,39974.0,30109.0,817.0,36.85,38.31,58.14,99.05,100.0,51.18,94.79,32.23,9.48,90.05,83.41,76.78,89.1,7.92,1.36,5.19,1.14,6.14,3.79,225.15,142.7
KARNATAKA,Belagavi,Belagavi,BELAGAVI,SOUNDATTI,2023-24,298,237,79.53,20.47,87.58,50019.0,40985.0,1137.0,36.05,44.33,59.28,97.89,100.0,63.29,93.25,10.55,12.66,90.72,90.72,85.65,91.14,6.09,1.41,4.83,1.32,9.37,4.63,234.11,172.9
KARNATAKA,Belagavi,Belagavi,BELAGAVI CHIKKODI,ATHANI,2023-24,445,353,79.33,20.67,91.24,63505.0,39071.0,1327.0,29.44,33.38,58.78,96.88,100.0,93.77,77.34,100.0,9.07,96.88,84.14,86.97,85.84,4.62,1.37,4.51,1.2,8.9,5.59,233.42,110.7
KARNATAKA,Belagavi,Belagavi,BELAGAVI CHIKKODI,CHIKODI,2023-24,339,284,83.78,16.22,74.63,53599.0,37936.0,1145.0,33.13,46.38,65.41,99.3,100.0,91.55,77.11,100.0,11.27,98.94,92.96,92.96,74.3,5.51,1.85,4.88,1.66,7.74,6.08,216.71,133.6
KARNATAKA,Belagavi,Belagavi,BELAGAVI CHIKKODI,GOKAK,2023-24,235,174,74.04,25.96,69.79,47183.0,31323.0,844.0,37.11,51.42,64.93,97.13,98.85,90.23,86.78,55.75,8.05,95.4,94.25,93.68,82.18,6.06,1.74,5.6,1.5,8.9,5.63,235.76,180.0
KARNATAKA,Belagavi,Belagavi,BELAGAVI CHIKKODI,HUKKERI,2023-24,339,286,84.37,15.63,85.84,58173.0,40856.0,1243.0,32.87,53.74,61.63,95.1,100.0,89.51,89.16,45.1,7.34,94.41,82.87,88.46,78.67,3.99,1.71,4.7,1.28,6.15,5.47,239.98,142.9
KARNATAKA,Belagavi,Belagavi,BELAGAVI CHIKKODI,KAGWAD,2023-24,142,115,80.99,19.01,67.61,20413.0,14046.0,464.0,30.27,44.18,59.91,95.65,100.0,86.09,84.35,100.0,8.7,93.04,72.17,75.65,68.7,10.81,1.47,5.3,1.45,7.37,3.12,220.83,122.1
KARNATAKA,Belagavi,Belagavi,BELAGAVI CHIKKODI,MUDALGI,2023-24,366,267,72.95,27.05,71.04,67524.0,46607.0,1129.0,41.28,40.74,67.94,100.0,100.0,100.0,73.41,70.41,5.99,100.0,96.25,100.0,90.64,7.39,1.54,5.38,1.77,8.99,4.79,236.78,174.6
KARNATAKA,Belagavi,Belagavi,BELAGAVI CHIKKODI,NIPPANI,2023-24,216,174,80.56,19.44,73.15,32338.0,20346.0,772.0,26.35,47.15,51.94,98.85,100.0,90.23,86.78,100.0,10.34,95.98,97.13,91.95,38.51,4.73,1.61,4.21,1.97,8.29,6.41,235.89,116.9
KARNATAKA,Belagavi,Belagavi,BELAGAVI CHIKKODI,RAIBAG,2023-24,457,344,75.27,24.73,67.83,70533.0,47420.0,1279.0,37.08,36.43,69.51,100.0,100.0,99.42,63.37,100.0,6.69,97.67,89.83,96.51,89.24,11.31,1.39,4.59,1.71,7.42,5.29,235.65,137.8
KARNATAKA,Bengaluru,Bengaluru Rural,BENGALURU RURAL,DEVANAHALLI,2023-24,281,213,75.8,24.2,81.14,33148.0,10287.0,547.0,18.81,58.32,52.1,99.06,99.53,55.4,94.37,12.68,6.1,68.54,94.84,83.57,92.49,8.21,1.71,3.66,1.08,6.54,4.88,231.04,48.3
KARNATAKA,Bengaluru,Bengaluru Rural,BENGALURU RURAL,DODDABALLAPURA,2023-24,400,338,84.5,15.5,80.75,37872.0,15573.0,868.0,17.94,44.24,54.61,100.0,100.0,78.99,95.56,93.2,10.06,81.07,97.34,85.5,94.67,9.64,1.66,3.05,0.93,9.22,6.63,217.63,46.1
KARNATAKA,Bengaluru,Bengaluru Rural,BENGALURU RURAL,HOSAKOTE,2023-24,350,254,72.57,27.43,87.71,45887.0,13448.0,621.0,21.66,65.06,58.29,100.0,100.0,50.79,93.31,12.6,7.09,86.22,98.03,74.41,89.37,7.57,1.79,3.3,1.03,9.94,4.62,228.7,52.9
KARNATAKA,Bengaluru,Bengaluru Rural,BENGALURU RURAL,NELAMANGALA,2023-24,326,286,87.73,12.27,85.89,30821.0,12475.0,719.0,17.35,61.06,41.59,99.65,100.0,84.27,96.15,75.87,12.59,82.87,94.76,89.51,94.41,3.89,1.36,2.91,1.04,9.46,7.48,239.01,43.6
KARNATAKA,Bengaluru,Bengaluru Urban,BENGALURU U NORTH,NORTH1,2023-24,599,164,27.38,72.62,11.02,215308.0,36581.0,886.0,41.29,74.72,49.89,98.78,98.17,54.88,84.76,63.41,26.83,72.56,94.51,96.95,94.51,23.17,2.81,7.55,2.88,7.79,6.65,238.98,223.1
KARNATAKA,Bengaluru,Bengaluru Urban,BENGALURU U NORTH,NORTH2,2023-24,232,81,34.91,65.09,0.0,90610.0,19608.0,566.0,34.64,77.74,65.9,100.0,96.3,55.56,83.95,65.43,23.46,67.9,92.59,98.77,67.9,22.22,3.31,8.14,2.47,6.51,5.86,241.12,242.1
KARNATAKA,Bengaluru,Bengaluru Urban,BENGALURU U NORTH,NORTH3,2023-24,423,111,26.24,73.52,0.0,157915.0,21563.0,603.0,35.76,86.73,46.6,100.0,97.3,58.56,90.99,59.46,32.43,47.75,87.39,95.5,49.55,17.59,3.61,8.37,2.15,4.74,5.7,229.92,194.3
KARNATAKA,Bengaluru,Bengaluru Urban,BENGALURU U NORTH,NORTH4,2023-24,734,270,36.78,63.22,59.13,237155.0,48452.0,1404.0,34.51,75.64,64.89,100.0,99.63,52.59,90.37,35.56,21.11,94.81,90.74,94.81,87.04,5.64,2.54,5.49,2.11,6.77,7.21,239.3,179.5
KARNATAKA,Bengaluru,Bengaluru Urban,BENGALURU U SOUTH,ANEKAL,2023-24,525,269,51.24,48.76,76.76,138486.0,22734.0,697.0,32.62,79.05,61.55,99.26,90.33,39.41,82.9,21.93,10.41,71.38,85.5,89.96,95.17,7.17,1.84,3.9,1.09,6.95,5.47,233.33,84.5
KARNATAKA,Bengaluru,Bengaluru Urban,BENGALURU U SOUTH,SOUTH1,2023-24,727,248,34.11,65.75,30.26,253357.0,31393.0,959.0,32.74,78.0,51.62,98.39,95.97,45.97,91.53,37.9,18.15,75.0,91.53,93.95,90.32,11.79,2.44,5.08,0.91,6.69,5.88,237.11,126.6
KARNATAKA,Bengaluru,Bengaluru Urban,BENGALURU U SOUTH,SOUTH2,2023-24,356,119,33.43,66.57,0.0,118105.0,18931.0,563.0,33.63,80.99,45.12,99.16,100.0,48.74,92.44,37.82,25.21,36.97,92.44,96.64,64.71,18.97,3.18,7.34,3.08,8.85,4.83,236.76,159.1
KARNATAKA,Bengaluru,Bengaluru Urban,BENGALURU U SOUTH,SOUTH3,2023-24,687,174,25.33,74.53,5.53,297342.0,38502.0,1016.0,37.9,81.3,52.76,99.43,95.98,51.15,91.38,47.7,35.63,44.25,89.66,96.55,70.11,19.05,3.43,7.73,1.79,6.69,5.2,234.32,221.3
KARNATAKA,Bengaluru,Bengaluru Urban,BENGALURU U SOUTH,SOUTH4,2023-24,734,219,29.84,70.16,9.4,337029.0,42052.0,1107.0,37.99,81.57,58.27,99.54,96.8,53.42,87.67,24.2,29.22,73.06,90.41,91.32,84.93,6.88,3.21,6.44,1.26,6.98,6.11,239.42,192.0
KARNATAKA,Kalaburagi,Bidar,BIDAR,AURAD,2023-24,385,320,83.12,16.88,90.13,38988.0,24656.0,1127.0,21.88,34.61,48.45,84.06,83.44,53.12,60.0,3.75,3.12,73.44,53.44,55.62,62.19,2.89,1.06,4.46,3.36,7.03,2.7,233.35,77.0
KARNATAKA,Kalaburagi,Bidar,BIDAR,BASAVAKALYAN,2023-24,415,272,65.54,34.46,77.11,55077.0,29690.0,1039.0,28.58,39.75,50.72,93.75,91.54,42.65,67.65,20.96,3.68,80.15,34.19,60.66,73.53,3.08,1.17,5.76,1.16,6.75,1.97,232.37,109.2
KARNATAKA,Kalaburagi,Bidar,BIDAR,BHALKI,2023-24,333,266,79.88,20.12,82.28,36447.0,20172.0,954.0,21.14,41.3,45.39,91.73,74.44,44.74,66.54,14.66,4.89,72.56,56.02,43.23,70.68,2.29,1.18,5.14,0.58,5.25,1.8,233.31,75.8
KARNATAKA,Kalaburagi,Bidar,BIDAR,BIDAR,2023-24,623,380,61.0,38.68,57.14,89534.0,38899.0,1683.0,23.11,57.34,49.67,88.16,81.32,55.79,59.74,6.58,5.26,78.68,41.84,74.74,63.68,3.29,1.47,5.19,1.04,7.91,1.88,234.77,102.4
KARNATAKA,Kalaburagi,Bidar,BIDAR,HUMNABAD,2023-24,395,256,64.81,35.19,69.62,55140.0,28970.0,978.0,29.62,46.63,53.58,89.84,83.59,51.17,51.56,9.77,4.69,71.48,50.78,71.48,68.36,19.18,1.57,5.57,2.89,4.96,1.54,226.31,113.2
KARNATAKA,Mysuru,Chamarajanagara,CHAMARAJANAGARA,CHAMARAJA NAGAR,2023-24,339,283,83.48,16.52,82.89,32690.0,20901.0,958.0,21.82,46.24,53.13,97.53,98.94,47.35,96.11,17.67,12.72,87.28,97.53,98.23,90.81,6.62,1.57,3.21,1.32,10.18,7.14,236.77,73.9
KARNATAKA,Mysuru,Chamarajanagara,CHAMARAJANAGARA,GUNDULPET,2023-24,219,194,88.58,11.42,89.04,20404.0,13618.0,513.0,26.55,38.01,63.35,98.97,100.0,52.58,98.45,37.11,19.59,92.27,93.81,98.45,94.33,3.76,1.68,2.92,1.19,7.68,7.19,236.78,70.2
KARNATAKA,Mysuru,Chamarajanagara,CHAMARAJANAGARA,HANUR,2023-24,215,188,87.44,12.56,94.88,17361.0,12567.0,534.0,23.53,49.44,49.06,91.49,97.34,61.7,95.21,19.68,14.89,87.23,94.15,93.09,88.83,2.73,1.48,2.87,0.63,9.88,5.91,240.16,66.8
KARNATAKA,Mysuru,Chamarajanagara,CHAMARAJANAGARA,KOLLEGAL,2023-24,136,109,80.15,19.85,69.12,17230.0,8480.0,417.0,20.34,65.23,54.2,100.0,100.0,71.56,92.66,77.06,21.1,90.83,99.08,99.08,90.83,1.9,2.26,4.13,2.81,10.28,7.33,245.26,77.8
KARNATAKA,Mysuru,Chamarajanagara,CHAMARAJANAGARA,YELANDUR,2023-24,74,63,85.14,14.86,86.49,7127.0,5572.0,253.0,22.02,53.75,58.1,100.0,100.0,69.84,96.83,20.63,17.46,96.83,100.0,100.0,88.89,3.39,2.13,4.24,1.4,11.94,7.03,242.76,88.4
KARNATAKA,Bengaluru,Chikkaballapura,CHIKKABALLAPURA,BAGEPALLY,2023-24,296,253,85.47,14.53,93.24,21478.0,9911.0,414.0,23.94,42.75,66.43,99.6,100.0,67.98,95.65,22.53,3.16,67.59,94.86,85.38,93.68,3.23,1.28,2.17,1.88,5.89,3.79,166.62,39.2
KARNATAKA,Bengaluru,Chikkaballapura,CHIKKABALLAPURA,CHIKKABALLAPUR,2023-24,288,240,83.33,16.67,85.07,28048.0,10761.0,571.0,18.85,56.57,66.73,99.58,100.0,51.67,97.08,12.5,7.08,60.83,92.5,85.83,94.58,2.14,1.35,2.8,1.4,9.82,6.05,242.71,44.8
KARNATAKA,Bengaluru,Chikkaballapura,CHIKKABALLAPURA,CHINTAMANI,2023-24,410,355,86.59,13.17,87.07,37564.0,14510.0,916.0,15.84,46.51,47.82,99.72,100.0,40.28,87.32,12.11,6.48,54.08,92.68,81.69,90.14,4.34,1.29,2.71,0.74,8.7,5.55,241.45,40.9
KARNATAKA,Bengaluru,Chikkaballapura,CHIKKABALLAPURA,GOWRIBIDANUR,2023-24,345,301,87.25,12.75,89.28,33485.0,17677.0,859.0,20.58,39.35,45.75,99.67,100.0,66.11,90.03,53.16,10.96,60.8,94.02,98.34,91.69,3.08,1.43,2.9,1.96,10.16,6.57,241.56,58.7
KARNATAKA,Bengaluru,Chikkaballapura,CHIKKABALLAPURA,GUDIBANDA,2023-24,107,98,91.59,8.41,90.65,5420.0,4341.0,232.0,18.71,44.4,69.83,100.0,100.0,37.76,78.57,23.47,2.04,82.65,89.8,83.67,95.92,4.26,1.34,2.93,1.55,8.67,5.26,237.55,44.3
KARNATAKA,Bengaluru,Chikkaballapura,CHIKKABALLAPURA,SIDLAGHATTA,2023-24,314,266,84.71,15.29,87.9,25759.0,12084.0,619.0,19.52,47.82,62.2,98.12,99.25,51.88,91.35,29.32,7.14,60.15,89.47,85.34,92.11,6.9,1.31,2.59,1.77,7.53,5.92,237.85,45.4
KARNATAKA,Mysuru,Chikkamagaluru,CHIKKAMANGALURU,BIRURU,2023-24,193,176,91.19,8.81,91.19,10994.0,7524.0,504.0,14.93,39.68,50.2,96.59,100.0,92.61,92.05,49.43,6.25,69.32,89.77,85.8,93.75,5.81,0.99,2.94,1.78,9.22,6.71,239.54,42.8
KARNATAKA,Mysuru,Chikkamagaluru,CHIKKAMANGALURU,CHIKMAGALUR,2023-24,402,331,82.34,17.66,79.6,36991.0,16245.0,986.0,16.48,56.9,57.3,98.49,100.0,72.51,95.47,37.46,8.16,83.08,93.96,96.37,88.82,6.23,1.38,3.41,1.43,7.79,6.87,235.3,49.1
KARNATAKA,Mysuru,Chikkamagaluru,CHIKKAMANGALURU,KADUR,2023-24,271,241,88.93,11.07,86.72,17716.0,10857.0,779.0,13.94,40.44,46.85,99.17,100.0,86.72,96.27,21.99,6.22,88.8,93.36,94.19,91.29,4.7,1.25,3.37,2.38,9.0,6.59,241.04,45.0
KARNATAKA,Mysuru,Chikkamagaluru,CHIKKAMANGALURU,KOPPA,2023-24,122,106,86.89,13.11,95.08,9571.0,5143.0,293.0,17.55,57.0,64.51,100.0,100.0,71.7,80.19,13.21,13.21,92.45,76.42,85.85,95.28,7.77,1.34,3.97,1.66,6.8,7.22,235.77,48.5
KARNATAKA,Mysuru,Chikkamagaluru,CHIKKAMANGALURU,MOODIGERE,2023-24,183,166,90.71,9.29,95.08,13169.0,7601.0,421.0,18.05,58.43,64.37,99.4,100.0,80.72,96.39,21.69,11.45,94.58,94.58,95.78,93.37,2.48,1.26,3.18,4.17,9.76,7.67,236.33,45.8
KARNATAKA,Mysuru,Chikkamagaluru,CHIKKAMANGALURU,NARASIMHARAJAPURA,2023-24,98,85,86.73,13.27,88.78,7617.0,4202.0,225.0,18.68,54.22,52.0,98.82,100.0,89.41,95.29,24.71,5.88,89.41,98.82,97.65,92.94,2.44,1.31,3.71,1.49,7.01,6.14,241.65,49.4
KARNATAKA,Mysuru,Chikkamagaluru,CHIKKAMANGALURU,SRINGERI,2023-24,44,40,90.91,9.09,93.18,3784.0,2019.0,111.0,18.19,56.76,68.47,100.0,100.0,92.5,92.5,15.0,22.5,100.0,95.0,100.0,95.0,5.26,1.4,4.3,1.58,4.4,6.5,240.45,50.5
KARNATAKA,Mysuru,Chikkamagaluru,CHIKKAMANGALURU,TARIKERE,2023-24,262,224,85.5,14.5,86.26,18320.0,10303.0,710.0,14.51,44.08,47.32,99.11,100.0,56.25,93.75,20.09,7.59,75.89,93.75,88.39,87.05,6.91,1.15,3.27,1.09,7.67,4.95,226.72,46.0
KARNATAKA,Bengaluru,Chitradurga,CHITRADURGA,CHALLAKERE,2023-24,435,389,89.43,10.57,82.99,43673.0,29476.0,1350.0,21.83,46.81,56.89,96.92,99.49,66.32,94.86,46.53,5.66,96.4,91.77,88.95,93.83,4.26,1.32,3.04,0.8,6.67,5.1,237.87,75.8
KARNATAKA,Bengaluru,Chitradurga,CHITRADURGA,CHITRADURGA,2023-24,428,342,79.91,20.09,74.07,59593.0,27763.0,1314.0,21.13,58.45,52.44,100.0,100.0,60.53,97.66,84.21,11.4,100.0,95.32,84.8,89.18,8.71,1.27,3.49,0.91,13.19,6.3,238.72,81.2
KARNATAKA,Bengaluru,Chitradurga,CHITRADURGA,HIRIYUR,2023-24,364,328,90.11,9.89,87.64,31147.0,20502.0,1060.0,19.34,50.38,60.94,98.17,99.39,65.85,92.99,30.49,8.84,95.12,93.29,88.11,91.46,11.95,1.22,2.34,0.71,8.73,6.52,236.04,62.5
KARNATAKA,Bengaluru,Chitradurga,CHITRADURGA,HOLALKERE,2023-24,262,234,89.31,10.69,92.75,22478.0,13340.0,743.0,17.95,38.49,49.8,100.0,100.0,52.99,94.02,65.38,14.53,92.74,71.79,85.47,93.16,9.78,1.1,2.85,0.71,9.26,4.88,223.23,57.0
KARNATAKA,Bengaluru,Chitradurga,CHITRADURGA,HOSADURGA,2023-24,349,318,91.12,8.88,93.7,25339.0,15678.0,937.0,16.73,43.86,40.45,99.06,100.0,43.71,95.91,57.23,5.03,99.37,93.4,77.67,95.28,5.5,1.25,2.69,0.65,8.33,4.86,235.59,49.3
KARNATAKA,Bengaluru,Chitradurga,CHITRADURGA,MOLAKALMUR,2023-24,176,150,85.23,14.77,85.8,22272.0,17503.0,520.0,33.66,43.85,63.27,98.0,99.33,50.0,98.0,81.33,6.0,96.67,90.67,75.33,90.0,7.64,1.45,3.63,3.36,8.42,4.39,228.34,116.7
KARNATAKA,Mysuru,Dakshina Kannada,DAKSHINA KANNADA,BANTWAL,2023-24,308,247,80.19,19.81,87.01,57811.0,27297.0,975.0,28.0,77.64,59.9,100.0,100.0,89.88,79.76,100.0,14.98,98.38,99.6,100.0,97.98,13.28,2.68,5.36,0.9,5.68,6.42,243.28,110.5
KARNATAKA,Mysuru,Dakshina Kannada,DAKSHINA KANNADA,BELTHANGADY,2023-24,239,203,84.94,15.06,96.65,35974.0,20727.0,790.0,26.24,73.16,65.32,100.0,100.0,98.52,95.57,100.0,11.82,100.0,100.0,100.0,98.52,4.52,2.34,4.44,1.2,6.82,7.36,244.79,102.1
KARNATAKA,Mysuru,Dakshina Kannada,DAKSHINA KANNADA,MANGALURU NORTH,2023-24,208,120,57.69,42.31,34.62,62394.0,15489.0,507.0,30.55,86.0,60.36,100.0,100.0,90.0,97.5,93.33,36.67,100.0,100.0,100.0,97.5,11.61,2.84,6.18,2.52,7.42,7.03,242.82,129.1
KARNATAKA,Mysuru,Dakshina Kannada,DAKSHINA KANNADA,MANGALURU SOUTH,2023-24,221,136,61.54,38.46,50.68,63615.0,16832.0,573.0,29.38,86.74,57.94,100.0,100.0,86.76,93.38,100.0,27.21,100.0,100.0,100.0,93.38,6.25,3.33,5.56,0.39,8.38,6.83,244.27,123.8
KARNATAKA,Mysuru,Dakshina Kannada,DAKSHINA KANNADA,MOODABIDRE,2023-24,98,75,76.53,23.47,68.37,18933.0,6225.0,284.0,21.92,86.97,55.99,100.0,100.0,94.67,84.0,100.0,13.33,98.67,100.0,100.0,98.67,6.76,1.91,4.53,0.67,6.88,8.41,243.43,83.0
KARNATAKA,Mysuru,Dakshina Kannada,DAKSHINA KANNADA,PUTTUR,2023-24,241,196,81.33,18.67,86.72,40995.0,19323.0,751.0,25.73,77.63,65.25,100.0,100.0,100.0,79.08,98.98,29.59,100.0,100.0,99.49,98.98,9.33,2.32,4.19,0.63,5.03,8.96,242.49,98.6
KARNATAKA,Mysuru,Dakshina Kannada,DAKSHINA KANNADA,SULLIA,2023-24,167,146,87.43,12.57,91.62,17353.0,9666.0,428.0,22.58,81.31,62.38,100.0,100.0,97.95,80.82,97.95,12.33,98.63,100.0,100.0,99.32,4.83,1.94,3.27,0.49,5.6,9.78,239.55,66.2
KARNATAKA,Bengaluru,Davanagere,DAVANAGERE,CHANNAGIRI,2023-24,360,299,83.06,16.94,93.89,34182.0,20162.0,1049.0,19.22,38.89,49.38,100.0,100.0,71.24,97.66,13.71,9.7,90.97,56.19,64.55,85.28,6.55,1.26,3.82,1.77,9.11,5.34,235.13,67.4
KARNATAKA,Bengaluru,Davanagere,DAVANAGERE,DAVANAGERE(N),2023-24,276,184,66.67,33.33,49.28,44269.0,21007.0,885.0,23.74,55.37,48.47,98.37,100.0,85.33,88.59,25.0,19.02,87.5,51.09,85.33,84.78,7.3,1.32,4.96,1.58,9.03,4.77,236.98,114.2
KARNATAKA,Bengaluru,Davanagere,DAVANAGERE,DAVANAGERE(S),2023-24,330,184,55.76,44.24,51.21,65788.0,16550.0,785.0,21.08,52.74,47.9,98.91,100.0,85.33,95.11,21.2,16.3,88.04,44.57,79.35,90.22,14.61,1.48,4.47,0.64,7.96,3.93,238.88,89.9
KARNATAKA,Bengaluru,Davanagere,DAVANAGERE,HARIHARA,2023-24,237,165,69.62,30.38,60.34,32227.0,19202.0,816.0,23.53,51.84,55.39,98.79,99.39,98.79,94.55,20.61,10.3,96.36,71.52,92.73,81.21,25.16,1.66,5.24,1.63,9.36,5.41,231.35,116.4
KARNATAKA,Bengaluru,Davanagere,DAVANAGERE,HONNALI,2023-24,263,225,85.55,14.45,90.11,25284.0,17957.0,882.0,20.36,39.23,61.22,98.22,100.0,82.22,95.11,15.56,9.78,96.89,43.56,84.89,86.67,12.39,1.33,3.96,1.38,9.44,7.16,233.03,79.8
KARNATAKA,Bengaluru,Davanagere,DAVANAGERE,JAGALUR,2023-24,224,201,89.73,10.27,90.62,21228.0,15882.0,706.0,22.5,41.93,54.11,99.5,100.0,57.71,97.51,11.44,8.96,100.0,62.19,91.04,92.04,1.59,1.07,3.12,0.85,8.66,5.38,236.55,79.0
KARNATAKA,Belagavi,Dharwad,DHARWAD,DHARWAD,2023-24,208,180,86.54,13.46,92.79,38919.0,32286.0,1077.0,29.98,65.55,69.36,96.11,98.89,68.89,96.67,24.44,12.78,90.56,93.89,90.0,81.11,3.53,1.86,5.63,1.27,8.11,6.86,238.02,179.4
KARNATAKA,Belagavi,Dharwad,DHARWAD,DHARWAD CITY,2023-24,178,105,58.99,41.01,0.0,56241.0,25745.0,755.0,34.1,63.71,69.93,100.0,94.29,69.52,93.33,29.52,18.1,74.29,83.81,92.38,73.33,27.47,2.71,7.58,1.55,8.7,4.74,227.6,245.2
KARNATAKA,Belagavi,Dharwad,DHARWAD,HDMC,2023-24,266,133,50.0,50.0,0.0,97091.0,31892.0,1007.0,31.67,69.51,64.75,100.0,96.99,57.14,91.73,23.31,21.05,79.7,86.47,85.71,66.92,8.66,2.55,8.22,1.59,5.83,3.77,231.25,239.8
KARNATAKA,Belagavi,Dharwad,DHARWAD,HUBLI,2023-24,197,128,64.97,35.03,62.44,40043.0,22219.0,755.0,29.43,68.48,64.64,100.0,98.44,63.28,93.75,15.62,10.16,80.47,93.75,80.47,80.47,9.76,1.67,6.16,0.89,9.22,6.77,236.22,173.6
KARNATAKA,Belagavi,Dharwad,DHARWAD,KALGHATAGI,2023-24,145,128,88.28,11.72,87.59,21903.0,19009.0,612.0,31.06,57.19,74.18,97.66,95.31,78.12,99.22,18.75,8.59,92.97,93.75,86.72,91.41,3.23,1.65,4.62,1.11,7.2,6.55,233.09,148.5
KARNATAKA,Belagavi,Dharwad,DHARWAD,KUNDAGOL,2023-24,129,108,83.72,16.28,89.15,19144.0,16026.0,541.0,29.62,45.29,72.64,99.07,95.37,59.26,99.07,12.04,7.41,96.3,88.89,75.93,81.48,3.92,1.41,6.0,0.92,8.4,5.03,237.18,148.4
KARNATAKA,Belagavi,Dharwad,DHARWAD,NAVALGUND,2023-24,150,118,78.67,21.33,65.33,22879.0,17073.0,544.0,31.38,47.43,53.86,99.15,96.61,81.36,94.92,27.97,7.63,93.22,81.36,60.17,83.05,2.68,1.44,5.42,1.25,9.24,4.15,238.56,144.7
KARNATAKA,Belagavi,Gadag,GADAG,GADAG CITY,2023-24,125,77,61.6,38.4,0.0,26698.0,11216.0,408.0,27.49,62.99,62.01,100.0,100.0,70.13,89.61,97.4,18.18,98.7,97.4,85.71,77.92,7.14,1.99,6.83,1.35,9.97,4.1,236.88,145.7
KARNATAKA,Belagavi,Gadag,GADAG,GADAG RURAL,2023-24,149,121,81.21,18.79,90.6,25747.0,18325.0,678.0,27.03,54.28,58.85,100.0,100.0,81.82,90.08,90.91,17.36,99.17,99.17,90.08,84.3,4.24,1.41,5.55,1.21,9.79,5.3,233.31,151.4
KARNATAKA,Belagavi,Gadag,GADAG,MUNDARAGI,2023-24,130,111,85.38,14.62,80.77,21427.0,17336.0,565.0,30.68,40.35,70.44,100.0,100.0,69.37,90.99,40.54,18.02,98.2,94.59,86.49,83.78,4.9,1.58,5.89,1.31,10.21,4.21,233.75,156.2
KARNATAKA,Belagavi,Gadag,GADAG,NARAGUND,2023-24,81,61,75.31,24.69,67.9,13819.0,9743.0,320.0,30.45,41.25,59.69,100.0,100.0,68.85,98.36,100.0,11.48,100.0,96.72,95.08,86.89,8.47,1.23,7.23,1.8,4.8,4.79,238.72,159.7
KARNATAKA,Belagavi,Gadag,GADAG,RON,2023-24,222,178,80.18,19.82,71.17,36499.0,29638.0,971.0,30.52,40.99,64.68,100.0,100.0,83.15,96.63,100.0,14.61,99.44,94.94,94.94,84.83,7.78,1.53,6.19,1.4,7.67,5.89,235.97,166.5
KARNATAKA,Belagavi,Gadag,GADAG,SHIRHATTI,2023-24,195,153,78.46,21.54,70.77,28233.0,21089.0,702.0,30.04,42.74,54.13,99.35,100.0,80.39,94.77,97.39,13.07,99.35,98.69,94.12,87.58,6.9,1.23,5.82,1.48,12.63,4.65,226.93,137.8
KARNATAKA,Mysuru,Hassan,HASSAN,ALUR,2023-24,159,148,93.08,6.92,94.97,7463.0,4466.0,335.0,13.33,53.13,57.61,97.97,100.0,56.08,100.0,6.76,8.11,91.22,99.32,99.32,96.62,3.47,1.7,2.66,1.27,14.76,7.6,231.98,30.2
KARNATAKA,Mysuru,Hassan,HASSAN,ARAKALAGUDU,2023-24,321,296,92.21,7.79,92.52,17879.0,10696.0,689.0,15.52,45.43,49.2,99.32,100.0,52.36,97.64,10.81,5.74,96.28,100.0,100.0,93.24,3.81,1.25,2.59,1.29,12.61,7.98,242.72,36.1
KARNATAKA,Mysuru,Hassan,HASSAN,ARASIKERE,2023-24,443,396,89.39,10.61,92.33,28143.0,14565.0,1061.0,13.73,50.9,45.62,98.48,100.0,37.37,93.43,10.35,4.55,89.14,98.74,86.62,93.69,10.8,1.17,2.25,0.68,12.55,5.61,239.83,36.8
KARNATAKA,Mysuru,Hassan,HASSAN,BELUR,2023-24,311,285,91.64,8.36,92.6,16922.0,9426.0,678.0,13.9,48.53,55.9,98.95,100.0,55.09,98.6,38.95,3.86,89.47,96.84,97.54,93.33,4.3,1.29,2.3,2.51,10.57,7.44,240.41,33.1
KARNATAKA,Mysuru,Hassan,HASSAN,CHANNARAYAPATNA,2023-24,431,377,87.47,12.53,92.81,25666.0,10726.0,855.0,12.55,50.41,38.71,100.0,100.0,55.17,97.35,14.06,8.22,83.29,94.96,90.19,95.76,2.16,1.21,1.95,1.09,7.69,5.39,231.44,28.5
KARNATAKA,Mysuru,Hassan,HASSAN,HASSAN,2023-24,487,395,81.11,18.89,73.72,48889.0,15246.0,1030.0,14.8,62.82,52.91,98.23,100.0,66.84,96.71,22.28,7.34,90.13,97.72,93.16,93.67,8.79,1.21,2.45,1.31,14.03,6.83,242.88,38.6
KARNATAKA,Mysuru,Hassan,HASSAN,HOLENARASIPURA,2023-24,287,265,92.33,7.67,90.94,17486.0,10521.0,671.0,15.68,42.32,39.34,99.25,100.0,53.21,98.87,20.38,1.89,95.47,100.0,100.0,93.21,0.79,1.42,2.62,0.18,10.41,5.78,242.64,39.7
KARNATAKA,Mysuru,Hassan,HASSAN,SAKALESHAPURA,2023-24,181,161,88.95,11.05,89.5,11426.0,6204.0,398.0,15.59,64.82,67.34,96.27,100.0,73.29,91.3,6.21,3.11,83.23,98.14,95.65,92.55,3.85,1.39,2.66,0.49,6.9,7.73,242.41,38.5
KARNATAKA,Belagavi,Haveri,HAVERI,BYADAGI,2023-24,136,118,86.76,13.24,77.94,19253.0,14491.0,558.0,25.97,49.1,69.53,99.15,99.15,83.05,91.53,17.8,14.41,94.92,89.83,92.37,80.51,4.42,1.28,4.86,1.65,9.42,5.99,236.98,122.8
KARNATAKA,Belagavi,Haveri,HAVERI,HANAGAL,2023-24,283,243,85.87,14.13,91.17,35242.0,28293.0,1008.0,28.07,41.87,74.6,97.94,99.59,76.95,95.88,21.4,10.7,92.59,95.47,95.06,74.9,7.33,1.28,3.95,1.6,6.14,5.67,227.74,116.4
KARNATAKA,Belagavi,Haveri,HAVERI,HAVERI,2023-24,245,187,76.33,23.67,73.06,43692.0,28194.0,981.0,28.74,48.73,63.4,98.4,97.33,73.26,96.26,19.25,14.97,89.84,88.77,97.86,77.01,6.21,1.21,5.23,2.28,6.9,4.53,235.17,150.8
KARNATAKA,Belagavi,Haveri,HAVERI,HIREKERUR,2023-24,246,217,88.21,11.79,92.28,26820.0,20165.0,918.0,21.97,39.65,57.95,99.08,99.54,64.06,95.39,16.13,10.14,87.1,94.47,94.01,75.58,3.81,1.24,3.88,5.96,8.82,5.38,236.97,92.9
KARNATAKA,Belagavi,Haveri,HAVERI,RANNEBENNUR,2023-24,296,220,74.32,25.68,70.61,48844.0,27090.0,1082.0,25.04,50.28,59.7,100.0,95.0,64.09,94.55,20.45,8.64,85.0,93.18,91.36,82.73,8.45,1.49,4.68,2.0,7.08,4.29,231.38,123.1
KARNATAKA,Belagavi,Haveri,HAVERI,SAVANUR,2023-24,149,121,81.21,18.79,77.85,24854.0,18255.0,598.0,30.53,39.13,73.41,100.0,100.0,65.29,96.69,14.05,9.92,96.69,96.69,95.87,73.55,5.98,1.4,4.4,1.93,8.36,5.91,229.74,150.9
KARNATAKA,Belagavi,Haveri,HAVERI,SHIGGOAN,2023-24,206,176,85.44,14.56,77.18,28771.0,22852.0,738.0,30.96,48.78,66.8,99.43,99.43,74.43,94.32,18.75,9.66,93.18,96.59,96.59,72.73,6.59,1.32,4.81,1.53,8.74,5.8,234.54,129.8
KARNATAKA,Kalaburagi,Kalaburagi,KALBURGI,AFZALPUR,2023-24,275,188,68.36,31.64,83.64,41844.0,30088.0,909.0,33.1,32.78,47.19,95.74,89.89,56.38,69.15,13.3,12.77,77.66,72.87,53.72,84.04,8.94,1.22,4.75,0.51,5.78,2.23,232.38,160.0
KARNATAKA,Kalaburagi,Kalaburagi,KALBURGI,ALAND,2023-24,373,293,78.55,21.45,84.45,47194.0,35440.0,1168.0,30.34,39.55,49.57,94.54,95.9,53.58,81.23,19.11,8.53,66.55,66.55,63.14,83.28,6.38,1.24,4.88,1.53,7.69,2.98,228.51,121.0
KARNATAKA,Kalaburagi,Kalaburagi,KALBURGI,CHINCHOLI,2023-24,367,298,81.2,18.8,91.01,36049.0,27556.0,743.0,37.09,38.22,57.87,88.26,94.63,75.5,83.22,8.39,6.38,85.23,88.93,50.67,83.89,9.38,1.12,4.26,0.93,5.42,2.77,219.29,92.5
KARNATAKA,Kalaburagi,Kalaburagi,KALBURGI,CHITTAPUR,2023-24,438,329,75.11,24.89,69.41,59258.0,41421.0,1275.0,32.49,59.84,54.82,97.87,90.27,44.98,85.71,15.81,8.21,75.68,58.97,55.32,80.55,6.82,1.51,5.12,0.9,5.7,2.45,227.82,125.9
KARNATAKA,Kalaburagi,Kalaburagi,KALBURGI,GULBARGA NORTH,2023-24,595,273,45.88,54.12,32.44,107681.0,36008.0,1216.0,29.61,64.97,51.81,94.14,93.04,49.08,66.3,20.15,8.79,74.73,65.93,60.81,71.06,12.21,1.68,6.15,1.08,5.22,2.08,228.03,131.9
KARNATAKA,Kalaburagi,Kalaburagi,KALBURGI,GULBARGA SOUTH,2023-24,422,212,50.24,49.76,51.66,77603.0,30145.0,1050.0,28.71,66.0,52.0,98.11,100.0,67.92,66.51,16.51,7.08,83.02,55.19,59.43,82.08,6.44,1.65,6.01,5.22,9.43,2.58,233.05,142.2
KARNATAKA,Kalaburagi,Kalaburagi,KALBURGI,JEWARGI,2023-24,382,257,67.28,32.72,75.65,52473.0,42560.0,1019.0,41.77,35.53,62.71,98.44,96.5,56.81,59.14,21.79,6.23,93.39,73.93,56.42,83.27,4.53,1.21,5.14,0.79,4.89,2.97,220.22,165.6
KARNATAKA,Kalaburagi,Kalaburagi,KALBURGI,SEDAM,2023-24,287,244,85.02,14.98,85.37,32271.0,23242.0,690.0,33.68,48.41,57.39,88.93,97.54,34.02,81.97,8.2,6.15,77.87,54.51,62.7,80.33,2.98,1.25,4.5,1.03,8.71,3.3,232.73,95.3
KARNATAKA,Mysuru,Kodagu,KODAGU,MADIKERI,2023-24,159,126,79.25,20.75,88.68,19182.0,7515.0,415.0,18.11,81.45,57.59,100.0,100.0,81.75,71.43,20.63,16.67,93.65,97.62,97.62,96.03,2.46,2.21,4.33,1.53,4.9,7.61,236.05,59.6
KARNATAKA,Mysuru,Kodagu,KODAGU,SOMAVARPET,2023-24,193,152,78.76,21.24,93.78,25058.0,9368.0,552.0,16.97,66.49,64.31,100.0,100.0,94.08,99.34,16.45,17.76,100.0,98.03,100.0,96.05,4.83,2.32,4.36,1.62,7.59,7.36,232.95,61.6
KARNATAKA,Mysuru,Kodagu,KODAGU,VIRAJPET,2023-24,176,131,74.43,25.57,93.18,22787.0,8806.0,356.0,24.74,78.65,64.61,96.95,99.24,90.08,77.1,30.53,14.5,98.47,97.71,100.0,95.42,3.12,2.34,4.44,1.89,7.15,6.64,237.56,67.2
KARNATAKA,Bengaluru,Kolar,KOLAR,BANGARAPETE,2023-24,314,263,83.76,16.24,87.58,25838.0,11848.0,612.0,19.36,59.48,51.63,100.0,100.0,25.86,90.11,9.13,4.94,71.86,92.78,77.57,92.4,1.16,1.4,2.3,3.37,8.16,5.18,237.41,45.0
KARNATAKA,Bengaluru,Kolar,KOLAR,K G F,2023-24,261,202,77.39,22.61,73.95,28070.0,9481.0,499.0,19.0,66.53,54.31,99.01,100.0,22.28,88.12,17.82,4.95,53.96,94.55,68.81,86.63,1.52,1.46,2.56,3.22,8.07,5.87,235.96,46.9
KARNATAKA,Bengaluru,Kolar,KOLAR,KOLAR,2023-24,502,391,77.89,22.11,76.69,48606.0,18443.0,1126.0,16.38,60.75,46.98,99.23,100.0,41.18,90.79,23.27,7.93,69.57,93.61,83.12,85.42,2.62,1.27,2.91,3.76,9.42,5.85,233.69,47.2
KARNATAKA,Bengaluru,Kolar,KOLAR,MALUR,2023-24,369,328,88.89,11.11,92.41,31591.0,14230.0,794.0,17.92,53.53,49.5,99.7,100.0,30.49,96.34,50.0,6.71,60.37,95.43,89.02,90.24,5.28,1.42,2.46,3.15,7.38,6.25,239.37,43.4
KARNATAKA,Bengaluru,Kolar,KOLAR,MULBAGAL,2023-24,455,399,87.69,12.31,88.35,27547.0,16617.0,944.0,17.6,53.07,58.69,97.99,99.75,30.33,95.99,21.8,6.52,56.64,91.73,81.45,88.97,2.82,1.23,2.17,2.65,7.82,5.77,232.47,41.6
KARNATAKA,Bengaluru,Kolar,KOLAR,SRINIVASAPUR,2023-24,345,299,86.67,13.33,94.2,23251.0,10155.0,724.0,14.03,46.41,48.48,99.0,98.66,30.77,68.9,12.37,6.69,55.18,89.3,79.26,91.3,3.1,1.44,2.45,2.39,8.1,5.22,231.28,34.0
KARNATAKA,Kalaburagi,Koppal,KOPPAL,GANGAVATHI,2023-24,491,346,70.47,29.53,68.23,79987.0,51441.0,1144.0,44.97,44.58,73.6,94.22,95.95,62.72,85.84,19.65,9.25,77.75,90.75,91.91,89.31,3.63,1.51,4.24,0.79,4.7,3.62,231.92,148.7
KARNATAKA,Kalaburagi,Koppal,KOPPAL,KOPPAL,2023-24,356,252,70.79,29.21,74.72,68403.0,46933.0,1328.0,35.34,45.03,69.58,97.22,94.44,60.71,86.11,17.86,6.75,86.9,86.9,91.27,88.49,6.72,1.55,5.25,0.85,7.57,4.13,229.86,186.2
KARNATAKA,Kalaburagi,Koppal,KOPPAL,KUSTAGI,2023-24,297,237,79.8,20.2,79.46,50608.0,44427.0,978.0,45.43,37.42,64.31,93.25,93.25,54.43,86.92,22.78,8.86,81.43,86.5,82.7,91.56,3.08,1.51,5.96,1.28,6.08,3.95,215.0,187.5
KARNATAKA,Kalaburagi,Koppal,KOPPAL,YELBURGA,2023-24,269,217,80.67,19.33,85.87,48438.0,41778.0,1000.0,41.78,37.6,64.7,96.31,93.09,53.0,96.31,80.65,13.36,94.47,89.86,72.35,90.78,4.5,1.73,6.6,1.48,4.94,3.34,223.85,192.5
KARNATAKA,Mysuru,Mandya,MANDYA,KRISHNARAJA PET,2023-24,355,321,90.42,9.58,94.65,20874.0,13069.0,767.0,17.04,34.94,45.89,99.07,100.0,66.04,100.0,11.21,7.17,100.0,94.39,92.21,95.64,3.19,1.31,2.44,0.49,6.79,4.87,241.29,40.7
KARNATAKA,Mysuru,Mandya,MANDYA,MADDUR,2023-24,285,225,78.95,21.05,92.28,28579.0,12323.0,601.0,20.5,51.75,60.4,100.0,100.0,88.44,99.11,100.0,6.22,99.11,67.11,85.78,95.56,7.34,1.4,3.77,1.31,7.14,7.12,233.66,54.8
KARNATAKA,Mysuru,Mandya,MANDYA,MALAVALLY,2023-24,292,240,82.19,17.81,89.04,22030.0,13094.0,572.0,22.89,48.78,51.92,97.5,99.58,46.67,97.08,8.33,11.67,97.92,84.58,85.83,95.42,6.14,1.35,3.15,0.61,3.96,4.68,240.48,54.6
KARNATAKA,Mysuru,Mandya,MANDYA,MANDYA NORTH,2023-24,181,171,94.48,5.52,100.0,9763.0,7695.0,421.0,18.28,57.48,57.01,99.42,100.0,89.47,97.08,71.35,4.68,100.0,90.06,91.81,97.08,6.55,1.43,3.35,1.64,4.54,5.19,203.18,45.0
KARNATAKA,Mysuru,Mandya,MANDYA,MANDYA SOUTH,2023-24,188,125,66.49,33.51,56.38,30735.0,9618.0,443.0,21.71,66.59,47.18,100.0,100.0,64.0,96.8,74.4,16.8,100.0,93.6,81.6,84.8,6.5,1.7,4.9,1.88,4.25,1.1,233.33,76.9
KARNATAKA,Mysuru,Mandya,MANDYA,NAGAMANGALA,2023-24,289,265,91.7,8.3,87.54,16228.0,8945.0,550.0,16.26,48.91,57.27,100.0,100.0,73.96,95.85,27.55,4.91,100.0,89.81,92.45,94.72,3.09,1.5,2.4,0.98,8.3,6.94,243.2,33.8
KARNATAKA,Mysuru,Mandya,MANDYA,PANDAVAPURA,2023-24,200,173,86.5,13.5,92.0,17928.0,9757.0,525.0,18.58,49.52,60.38,98.27,100.0,73.41,98.84,50.29,9.83,99.42,93.06,96.53,92.49,7.23,1.73,2.97,0.39,8.23,7.7,239.34,56.4
KARNATAKA,Mysuru,Mandya,MANDYA,SRIRANGA PATNA,2023-24,179,132,73.74,26.26,86.03,19184.0,7073.0,406.0,17.42,65.76,48.52,98.48,100.0,76.52,99.24,20.45,6.82,95.45,94.7,86.36,91.67,6.35,1.84,3.62,2.14,6.67,6.45,237.2,53.6
KARNATAKA,Mysuru,Mysuru,MYSURU,H.D.KOTE,2023-24,350,323,92.29,7.71,90.57,26834.0,20081.0,1123.0,17.88,52.72,66.34,100.0,100.0,98.14,95.98,100.0,9.91,100.0,98.14,100.0,95.98,2.53,1.63,3.16,1.0,7.78,6.66,241.69,62.2
KARNATAKA,Mysuru,Mysuru,MYSURU,HUNSUR,2023-24,349,301,86.25,13.75,88.83,35533.0,18829.0,973.0,19.35,50.05,56.94,100.0,100.0,91.36,95.02,100.0,12.62,99.0,98.67,98.01,92.03,3.41,1.59,2.99,3.81,14.87,8.32,240.77,62.6
KARNATAKA,Mysuru,Mysuru,MYSURU,K.R.NAGARA,2023-24,278,241,86.69,13.31,88.13,21245.0,12936.0,750.0,17.25,40.0,48.13,99.59,100.0,94.61,98.76,100.0,7.05,98.34,97.93,99.59,92.53,5.17,1.52,3.16,1.18,9.74,7.84,243.01,53.7
KARNATAKA,Mysuru,Mysuru,MYSURU,MYSORE NORTH,2023-24,253,111,43.87,55.34,0.0,73877.0,17260.0,637.0,27.1,77.24,56.99,100.0,100.0,81.08,99.1,91.89,21.62,90.99,97.3,99.1,56.76,20.19,3.01,6.66,2.29,10.07,7.95,242.5,155.5
KARNATAKA,Mysuru,Mysuru,MYSURU,MYSORE RURAL,2023-24,369,230,62.33,37.67,100.0,74437.0,20454.0,1000.0,20.45,70.4,55.7,100.0,100.0,86.09,97.83,86.09,19.57,99.57,98.7,98.7,93.04,4.02,1.92,3.79,2.18,13.37,8.97,240.58,88.9
KARNATAKA,Mysuru,Mysuru,MYSURU,MYSORE SOUTH,2023-24,145,62,42.76,57.24,0.0,45437.0,7029.0,279.0,25.19,77.78,62.72,100.0,100.0,95.16,100.0,93.55,58.06,88.71,100.0,100.0,87.1,36.07,2.56,6.35,5.31,19.0,7.34,239.87,113.4
KARNATAKA,Mysuru,Mysuru,MYSURU,NANJANAGUD,2023-24,319,277,86.83,13.17,89.03,43082.0,26084.0,1102.0,23.67,57.35,61.07,100.0,100.0,91.7,97.47,100.0,16.61,95.31,96.03,95.31,92.06,4.87,1.9,3.95,2.23,12.89,6.86,238.29,94.2
KARNATAKA,Mysuru,Mysuru,MYSURU,PERIYA PATNA,2023-24,318,284,89.31,10.69,94.34,25125.0,15106.0,688.0,21.96,40.55,57.85,99.65,100.0,94.37,96.48,79.93,11.62,94.72,99.3,96.83,91.2,4.69,1.36,2.99,1.43,12.79,8.22,240.34,53.2
KARNATAKA,Mysuru,Mysuru,MYSURU,T.N.PURA,2023-24,274,234,85.4,14.6,85.4,28258.0,15653.0,793.0,19.74,55.74,56.49,100.0,100.0,89.32,98.72,49.57,7.26,95.3,97.44,97.01,93.16,3.1,1.34,3.26,1.91,10.23,7.85,233.05,66.9
KARNATAKA,Kalaburagi,Raichur,RAICHUR,DEVADURGA,2023-24,403,334,82.88,17.12,85.36,52508.0,43324.0,942.0,45.99,41.4,75.16,93.41,94.61,33.23,83.53,11.68,5.69,67.07,82.93,63.17,93.41,3.74,1.54,3.6,1.02,8.52,3.39,230.32,129.7
KARNATAKA,Kalaburagi,Raichur,RAICHUR,LINGASUGUR,2023-24,442,341,77.15,22.85,72.17,69901.0,52765.0,1236.0,42.69,39.81,66.42,95.01,91.2,35.19,92.67,12.9,5.87,77.71,80.65,64.81,92.08,6.08,1.66,4.93,0.43,5.21,3.07,227.48,154.7
KARNATAKA,Kalaburagi,Raichur,RAICHUR,MANVI,2023-24,408,291,71.32,28.68,81.13,61982.0,42392.0,873.0,48.56,41.81,72.74,97.59,96.56,38.14,92.78,19.93,7.56,71.13,90.03,61.86,91.41,6.12,1.65,4.79,1.32,8.27,3.74,229.93,145.7
KARNATAKA,Kalaburagi,Raichur,RAICHUR,RAICHUR,2023-24,458,293,63.97,36.03,53.49,99343.0,57004.0,1257.0,45.35,61.73,65.16,96.93,99.32,57.0,93.52,20.14,8.53,61.43,74.74,68.94,82.94,6.52,1.67,5.73,0.87,7.52,3.12,232.96,194.6
KARNATAKA,Kalaburagi,Raichur,RAICHUR,SINDHANUR,2023-24,457,319,69.8,30.2,71.77,63822.0,43340.0,1074.0,40.35,35.85,75.23,100.0,84.33,52.35,94.98,32.92,12.85,76.49,88.71,79.0,87.46,3.95,1.64,4.82,1.03,8.47,5.4,236.61,135.9
KARNATAKA,Bengaluru,Ramanagara,RAMANAGARA,CHANNAPATNA,2023-24,284,235,82.75,17.25,76.76,25849.0,13837.0,630.0,21.96,61.43,62.06,99.15,100.0,48.94,97.02,65.11,15.74,92.77,97.45,90.21,86.81,3.11,1.45,2.87,0.48,10.99,7.63,236.11,58.9
KARNATAKA,Bengaluru,Ramanagara,RAMANAGARA,KANAKAPURA,2023-24,480,423,88.12,11.88,93.12,32255.0,17383.0,851.0,20.43,58.52,66.51,98.82,100.0,42.32,96.45,11.35,8.51,89.83,86.29,89.83,94.09,2.68,1.55,2.3,1.01,6.35,6.51,235.92,41.1
KARNATAKA,Bengaluru,Ramanagara,RAMANAGARA,MAGADI,2023-24,374,347,92.78,7.22,94.12,19602.0,10976.0,726.0,15.12,45.87,38.71,100.0,100.0,34.29,96.54,20.17,6.34,94.24,94.24,92.22,90.78,2.95,1.3,2.17,0.59,11.86,5.97,238.5,31.6
KARNATAKA,Bengaluru,Ramanagara,RAMANAGARA,RAMANAGARA,2023-24,343,265,77.26,22.74,66.76,37067.0,14530.0,647.0,22.46,61.05,46.68,100.0,100.0,33.21,97.74,25.66,12.08,93.21,93.58,91.7,89.81,6.23,1.47,2.94,0.64,10.75,5.72,225.21,54.8
KARNATAKA,Bengaluru,Shivamogga,SHIVAMOGGA,BHADRAVATI,2023-24,358,300,83.8,16.2,68.44,37859.0,19951.0,1042.0,19.15,57.49,52.98,100.0,100.0,81.33,96.33,100.0,9.0,80.67,95.67,91.0,81.67,10.58,1.44,4.23,2.2,6.94,5.39,237.23,66.5
KARNATAKA,Bengaluru,Shivamogga,SHIVAMOGGA,HOSANAGAR,2023-24,243,225,92.59,7.41,96.71,12496.0,9082.0,489.0,18.57,50.31,70.76,100.0,100.0,87.11,87.11,32.89,5.33,96.0,87.11,77.78,95.11,6.33,1.12,3.13,1.07,6.94,5.73,241.26,40.4
KARNATAKA,Bengaluru,Shivamogga,SHIVAMOGGA,SAGAR,2023-24,351,316,90.03,9.97,86.32,24225.0,14399.0,842.0,17.1,59.14,71.38,100.0,100.0,90.19,74.68,81.01,7.59,95.89,94.62,94.62,93.99,5.83,1.28,3.22,0.97,7.4,6.59,238.8,45.6
KARNATAKA,Bengaluru,Shivamogga,SHIVAMOGGA,SHIKARIPUR,2023-24,289,253,87.54,12.46,81.31,29945.0,20953.0,1012.0,20.7,37.94,61.46,100.0,100.0,90.91,96.84,18.58,8.3,94.07,92.09,90.12,81.82,3.29,1.25,4.13,9.45,13.08,5.72,233.57,82.8
KARNATAKA,Bengaluru,Shivamogga,SHIVAMOGGA,SHIMOGA,2023-24,504,356,70.63,29.37,55.16,70012.0,27160.0,1488.0,18.25,65.73,62.7,100.0,100.0,62.64,93.26,28.09,10.67,83.43,92.42,88.76,84.55,7.2,1.72,4.29,0.94,7.6,5.12,235.06,76.3
KARNATAKA,Bengaluru,Shivamogga,SHIVAMOGGA,SORAB,2023-24,335,318,94.93,5.07,94.63,21135.0,17086.0,818.0,20.89,44.74,66.26,100.0,100.0,73.27,92.45,68.87,4.4,96.23,96.23,88.05,92.14,6.41,1.21,2.73,0.99,8.1,6.66,239.08,53.7
KARNATAKA,Bengaluru,Shivamogga,SHIVAMOGGA,THIRTHAHALLI,2023-24,220,204,92.73,7.27,94.09,12515.0,7606.0,448.0,16.98,61.16,68.08,100.0,100.0,92.65,81.37,47.55,10.78,87.25,98.04,97.55,97.55,3.52,1.32,3.51,0.81,8.07,6.58,240.17,37.3
KARNATAKA,Bengaluru,Tumakuru,TUMAKURU,CHIKNAYAKANHALLI,2023-24,346,321,92.77,7.23,93.06,18749.0,13625.0,815.0,16.72,46.13,40.61,98.75,100.0,33.64,91.28,15.26,6.85,93.46,92.52,90.03,93.46,1.58,1.37,2.38,0.52,7.7,5.76,237.07,42.4
KARNATAKA,Bengaluru,Tumakuru,TUMAKURU,GUBBI,2023-24,428,402,93.93,6.07,96.96,26228.0,15613.0,900.0,17.35,58.89,45.78,98.51,99.0,76.12,97.51,18.66,12.19,88.31,91.04,85.82,92.29,3.05,1.33,2.25,0.84,8.63,6.69,240.23,38.8
KARNATAKA,Bengaluru,Tumakuru,TUMAKURU,KUNIGAL,2023-24,393,363,92.37,7.63,91.86,21018.0,10762.0,707.0,15.22,54.17,45.69,100.0,99.72,35.26,98.9,86.5,6.06,83.75,97.52,93.39,90.63,1.69,1.13,2.03,2.46,9.26,7.28,240.82,29.6
KARNATAKA,Bengaluru,Tumakuru,TUMAKURU,TIPTUR,2023-24,315,277,87.94,12.06,87.62,21866.0,9803.0,661.0,14.83,60.21,46.44,99.28,100.0,47.29,99.28,10.83,6.5,94.22,96.75,94.95,94.22,2.57,1.16,2.53,0.51,8.31,5.89,236.32,35.4
KARNATAKA,Bengaluru,Tumakuru,TUMAKURU,TUMKUR,2023-24,642,505,78.66,21.34,71.96,78028.0,32852.0,1606.0,20.46,69.36,44.21,100.0,100.0,35.05,96.24,17.03,11.88,79.41,96.83,85.54,86.34,3.43,1.52,3.09,1.08,9.21,7.02,238.42,65.1
KARNATAKA,Bengaluru,Tumakuru,TUMAKURU,TURUVEKERE,2023-24,292,275,94.18,5.82,94.18,14234.0,8137.0,593.0,13.72,52.11,45.36,100.0,100.0,38.18,98.55,6.18,4.73,93.45,97.82,91.27,93.09,2.62,1.15,2.08,0.67,9.56,6.33,225.34,29.6
KARNATAKA,Bengaluru,Tumakuru,TUMAKURU MADHUGIRI,KORATAGERE,2023-24,286,263,91.96,8.04,94.76,15721.0,10952.0,702.0,15.6,48.58,56.98,98.48,100.0,52.47,99.24,15.21,9.13,74.9,97.72,93.16,94.3,4.69,1.34,2.53,1.54,9.27,6.33,242.06,41.6
KARNATAKA,Bengaluru,Tumakuru,TUMAKURU MADHUGIRI,MADHUGIRI,2023-24,390,355,91.03,8.97,92.56,25705.0,16064.0,882.0,18.21,44.78,54.65,99.44,100.0,58.59,98.03,24.51,6.2,78.03,98.31,94.93,93.52,4.05,1.26,2.86,1.02,11.35,5.83,241.69,45.3
KARNATAKA,Bengaluru,Tumakuru,TUMAKURU MADHUGIRI,PAVAGADA,2023-24,280,244,87.14,12.86,91.79,25924.0,15492.0,615.0,25.19,40.49,63.74,96.31,100.0,59.84,92.62,15.98,11.07,81.15,95.9,95.08,94.26,2.58,1.66,3.12,2.13,10.98,5.54,238.01,63.5
KARNATAKA,Bengaluru,Tumakuru,TUMAKURU MADHUGIRI,SIRA,2023-24,467,425,91.01,8.99,89.51,36943.0,21589.0,1137.0,18.99,49.16,57.7,98.12,100.0,46.59,98.12,45.41,6.35,88.47,99.06,94.12,93.88,1.2,1.23,2.08,8.5,11.49,8.33,242.86,50.8
KARNATAKA,Mysuru,Udupi,UDUPI,BRAHAMAVARA,2023-24,170,140,82.35,17.65,81.76,34694.0,12691.0,452.0,28.08,69.91,56.64,100.0,100.0,98.57,71.43,36.43,17.14,100.0,100.0,100.0,99.29,4.35,1.82,5.31,0.44,8.24,6.47,242.37,90.6
KARNATAKA,Mysuru,Udupi,UDUPI,BYNDOOR,2023-24,211,192,91.0,9.0,100.0,23148.0,13311.0,591.0,22.52,59.05,70.05,99.48,100.0,87.5,68.75,18.23,11.46,98.96,97.92,100.0,97.92,8.42,1.4,3.53,0.83,3.95,7.4,237.48,69.3
KARNATAKA,Mysuru,Udupi,UDUPI,KARKALA,2023-24,202,166,82.18,17.82,89.6,26066.0,11420.0,494.0,23.12,72.67,58.3,100.0,100.0,98.8,90.96,86.14,12.05,95.78,97.59,99.4,98.19,2.47,1.6,3.97,0.77,5.03,6.37,240.13,68.8
KARNATAKA,Mysuru,Udupi,UDUPI,KUNDAPURA,2023-24,174,143,82.18,17.82,89.08,25277.0,11670.0,483.0,24.16,66.46,65.84,100.0,100.0,96.5,67.13,39.16,20.28,99.3,97.2,100.0,96.5,3.6,2.05,4.22,1.81,9.83,8.1,243.57,81.6
KARNATAKA,Mysuru,Udupi,UDUPI,UDUPI,2023-24,152,103,67.76,32.24,68.42,36134.0,11415.0,354.0,32.25,83.05,59.6,100.0,100.0,93.2,96.12,75.73,14.56,88.35,98.06,100.0,96.12,11.58,2.55,6.03,2.86,6.24,5.13,238.41,110.8
KARNATAKA,Belagavi,Uttara Kannada,UTTARA KANNADA,ANKOLA,2023-24,167,158,94.61,5.39,86.23,10796.0,7471.0,452.0,16.53,68.81,47.79,100.0,100.0,58.23,53.16,3.8,4.43,92.41,99.37,98.73,96.84,1.29,1.37,3.04,0.42,5.76,8.39,242.46,47.3
KARNATAKA,Belagavi,Uttara Kannada,UTTARA KANNADA,BHATKAL,2023-24,208,180,86.54,13.46,83.17,22964.0,10932.0,586.0,18.66,64.33,71.33,99.44,100.0,57.78,77.22,18.89,9.44,92.78,98.33,99.44,88.33,1.14,1.41,3.18,0.74,5.41,7.12,238.94,60.7
KARNATAKA,Belagavi,Uttara Kannada,UTTARA KANNADA,HONNAVAR,2023-24,297,274,92.26,7.74,92.59,17793.0,11674.0,807.0,14.47,61.71,67.16,100.0,100.0,50.36,64.23,17.88,5.47,96.72,98.18,99.27,90.51,0.74,1.2,2.49,0.27,6.54,6.03,241.79,42.6
KARNATAKA,Belagavi,Uttara Kannada,UTTARA KANNADA,KARWAR,2023-24,179,152,84.92,15.08,69.83,17685.0,8313.0,509.0,16.33,77.6,70.33,99.34,100.0,75.66,50.0,15.79,9.21,86.84,95.39,100.0,88.16,2.1,1.84,3.84,0.39,8.48,7.17,240.83,54.7
KARNATAKA,Belagavi,Uttara Kannada,UTTARA KANNADA,KUMTA,2023-24,224,211,94.2,5.8,89.29,16561.0,11980.0,654.0,18.32,69.57,53.21,100.0,100.0,55.45,47.39,8.06,8.53,88.15,98.1,98.58,91.0,1.45,1.46,3.05,0.38,8.48,7.67,239.0,56.8
KARNATAKA,Belagavi,Uttara Kannada,UTTARA KANNADA SIRSI,HALIYAL,2023-24,190,174,91.58,8.42,72.63,25292.0,20560.0,571.0,36.01,60.25,69.18,97.13,99.43,90.8,97.7,9.77,9.2,91.95,91.38,90.8,81.61,7.74,1.42,3.86,1.99,5.46,4.3,239.09,118.2
KARNATAKA,Belagavi,Uttara Kannada,UTTARA KANNADA SIRSI,JOIDA,2023-24,158,152,96.2,3.8,100.0,6172.0,5156.0,196.0,26.31,53.57,71.43,94.74,99.34,86.18,91.45,5.92,3.29,91.45,78.95,82.89,97.37,10.0,1.2,2.34,1.01,3.38,4.12,239.73,33.9
KARNATAKA,Belagavi,Uttara Kannada,UTTARA KANNADA SIRSI,MUNDAGOD,2023-24,154,145,94.16,5.84,86.36,13991.0,12286.0,510.0,24.09,55.69,66.08,100.0,99.31,94.48,93.1,13.1,6.9,96.55,91.03,95.17,79.31,7.8,1.63,3.12,0.69,5.75,5.23,229.44,84.7
KARNATAKA,Belagavi,Uttara Kannada,UTTARA KANNADA SIRSI,SIDDAPUR,2023-24,219,213,97.26,2.74,92.69,9506.0,7870.0,545.0,14.44,67.52,71.19,100.0,100.0,100.0,46.01,7.98,1.41,100.0,94.84,99.53,94.37,7.11,1.23,2.41,0.6,5.38,5.8,238.73,36.9
KARNATAKA,Belagavi,Uttara Kannada,UTTARA KANNADA SIRSI,SIRSI,2023-24,305,287,94.1,5.9,90.82,21222.0,13891.0,760.0,18.28,68.82,59.21,100.0,98.95,100.0,53.31,7.67,4.88,100.0,91.64,97.56,90.94,3.86,1.32,2.27,0.63,5.87,5.94,236.6,48.4
KARNATAKA,Belagavi,Uttara Kannada,UTTARA KANNADA SIRSI,YELLAPUR,2023-24,175,169,96.57,3.43,86.86,9521.0,7486.0,428.0,17.49,63.32,68.22,99.41,100.0,100.0,64.5,13.02,5.33,99.41,85.8,97.04,95.27,4.76,1.24,2.3,0.79,7.28,6.11,237.83,44.3
KARNATAKA,Kalaburagi,Vijayanagara,VIJAYANAGARA,HADAGALI,2023-24,203,155,76.35,23.65,85.71,28339.0,19140.0,676.0,28.31,31.66,62.57,94.84,98.06,47.74,93.55,8.39,10.32,85.16,71.61,72.9,94.84,2.0,1.28,5.03,0.76,7.33,4.9,232.5,123.5
KARNATAKA,Kalaburagi,Vijayanagara,VIJAYANAGARA,HAGARIBOMMANAHALLI,2023-24,189,141,74.6,25.4,80.42,31662.0,24989.0,747.0,33.45,33.6,66.27,97.87,100.0,53.19,98.58,14.89,14.18,94.33,90.07,85.82,91.49,4.48,1.6,6.02,1.23,6.55,3.84,225.88,177.2
KARNATAKA,Kalaburagi,Vijayanagara,VIJAYANAGARA,HARAPANAHALLI,2023-24,348,288,82.76,17.24,87.36,40131.0,31699.0,1119.0,28.33,39.86,59.87,96.88,96.53,51.04,94.79,17.71,8.68,86.46,54.86,83.68,92.36,2.15,1.25,4.02,1.71,10.21,5.59,237.46,110.1
KARNATAKA,Kalaburagi,Vijayanagara,VIJAYANAGARA,HOSPET,2023-24,254,163,64.17,35.83,37.01,59047.0,30536.0,863.0,35.38,61.99,68.83,98.16,96.32,39.88,89.57,11.66,11.04,78.53,82.82,77.3,85.28,3.9,2.28,5.46,0.93,5.49,4.28,226.23,187.3
KARNATAKA,Kalaburagi,Vijayanagara,VIJAYANAGARA,KUDLIGI,2023-24,361,290,80.33,19.67,80.33,45854.0,34476.0,1096.0,31.46,37.77,60.22,95.52,90.0,36.21,97.59,13.79,8.62,76.21,82.07,68.62,94.48,5.71,1.3,4.72,1.06,5.28,3.87,227.74,118.9
KARNATAKA,Belagavi,Vijayapura,VIJAYAPURA,BASAVAN  BAGEWADI,2023-24,450,315,70.0,30.0,74.0,61382.0,43691.0,1425.0,30.66,40.56,52.63,98.41,100.0,75.24,86.35,31.75,10.48,90.79,81.27,81.9,81.59,5.86,1.17,4.93,1.14,7.79,4.1,229.19,138.7
KARNATAKA,Belagavi,Vijayapura,VIJAYAPURA,BIJAPUR  RURAL,2023-24,574,437,76.13,23.87,97.39,79584.0,49312.0,1806.0,27.3,47.12,54.54,92.68,95.19,86.73,71.17,11.21,9.84,92.45,82.15,71.4,87.87,3.5,1.13,3.93,1.08,8.86,4.4,223.36,112.8
KARNATAKA,Belagavi,Vijayapura,VIJAYAPURA,BIJAPUR CITY,2023-24,349,159,45.56,54.44,0.0,71239.0,26655.0,956.0,27.88,61.51,50.42,98.11,98.74,71.07,86.16,23.27,13.21,86.79,81.76,84.28,61.64,10.53,1.38,6.03,0.9,7.29,4.65,221.19,167.6
KARNATAKA,Belagavi,Vijayapura,VIJAYAPURA,CHADACHAN,2023-24,256,200,78.12,21.88,92.19,33642.0,23800.0,773.0,30.79,27.81,49.68,92.0,99.0,89.5,64.0,18.5,15.0,65.0,85.5,66.5,88.0,5.08,1.06,3.85,1.44,7.66,3.44,228.78,119.0
KARNATAKA,Belagavi,Vijayapura,VIJAYAPURA,INDI,2023-24,375,291,77.6,22.4,83.47,50095.0,34524.0,1170.0,29.51,28.89,51.71,96.22,99.66,95.53,82.13,20.96,5.5,86.25,77.66,81.79,83.85,3.87,1.11,4.02,1.14,7.76,4.65,235.07,118.6
KARNATAKA,Belagavi,Vijayapura,VIJAYAPURA,MUDDEBIHAL,2023-24,380,266,70.0,30.0,72.11,51997.0,35229.0,1201.0,29.33,41.88,52.46,89.85,99.25,63.91,85.34,22.93,8.27,64.29,80.45,65.04,83.46,3.91,1.14,4.85,0.9,8.88,3.73,231.29,132.4
KARNATAKA,Belagavi,Vijayapura,VIJAYAPURA,SINDAGI,2023-24,539,357,66.23,33.77,77.74,78452.0,56350.0,1654.0,34.07,33.49,52.9,87.39,94.68,78.43,72.55,13.45,6.44,82.07,77.31,56.86,78.71,2.0,1.16,4.66,1.04,6.75,3.66,232.32,157.8
KARNATAKA,Kalaburagi,Yadgir,YADAGIRI,SHAHAPUR,2023-24,412,308,74.76,25.24,80.34,66762.0,49400.0,823.0,60.02,42.28,62.09,97.73,78.25,39.94,62.01,9.42,8.44,77.92,70.78,60.71,83.77,2.72,1.31,4.73,0.8,5.08,3.05,219.39,160.4
KARNATAKA,Kalaburagi,Yadgir,YADAGIRI,SHORAPUR,2023-24,521,374,71.79,28.21,72.17,75375.0,57264.0,941.0,60.85,31.77,65.46,84.49,68.72,56.95,54.81,10.96,6.42,83.96,74.06,54.81,91.98,4.68,1.21,4.15,0.55,5.41,2.77,226.94,153.1
KARNATAKA,Kalaburagi,Yadgir,YADAGIRI,YADGIR,2023-24,435,324,74.48,25.52,73.1,68990.0,46442.0,1045.0,44.44,45.36,52.63,90.74,78.4,36.11,79.32,12.65,6.48,83.33,79.63,83.33,83.02,4.19,1.4,4.55,1.62,6.69,3.23,235.25,143.3
KARNATAKA,Belagavi,Bagalkote,BAGALKOT,BADAMI,2024-25,323,270,83.59,16.41,72.45,46808.0,39090.0,1359.0,28.76,46.65,62.69,98.15,95.56,62.59,97.78,40.74,8.52,93.33,89.63,79.26,88.52,5.79,1.37,5.14,0.81,5.87,3.67,233.72,144.8
KARNATAKA,Belagavi,Bagalkote,BAGALKOT,BAGALKOT,2024-25,270,209,77.41,22.59,70.74,47879.0,28476.0,1088.0,26.17,53.03,62.41,98.56,99.52,75.6,96.17,31.1,10.05,96.17,95.69,87.56,83.25,3.59,1.72,5.42,0.66,6.58,3.92,227.57,136.2
KARNATAKA,Belagavi,Bagalkote,BAGALKOT,BILAGI,2024-25,188,143,76.06,23.94,88.3,26787.0,17627.0,634.0,27.8,38.33,73.97,96.5,98.6,71.33,96.5,30.77,9.09,93.01,95.8,89.51,88.11,5.15,1.53,4.76,0.41,4.8,4.49,232.48,123.3
KARNATAKA,Belagavi,Bagalkote,BAGALKOT,HUNAGUND,2024-25,339,261,76.99,23.01,69.32,44071.0,31286.0,1156.0,27.06,43.77,64.1,99.23,99.23,65.52,98.08,23.37,8.43,97.32,91.57,80.08,88.12,3.98,1.33,4.88,0.69,4.4,3.44,229.35,119.9
KARNATAKA,Belagavi,Bagalkote,BAGALKOT,JAMAKHANDI,2024-25,466,314,67.38,32.62,64.81,83733.0,50851.0,1668.0,30.49,42.39,66.61,98.73,96.5,70.06,79.62,49.36,21.02,92.04,90.13,87.9,85.99,10.03,1.54,5.61,0.71,4.93,3.98,223.5,161.9
KARNATAKA,Belagavi,Bagalkote,BAGALKOT,MUDHOL,2024-25,347,261,75.22,24.78,70.61,60572.0,34242.0,1151.0,29.75,42.05,70.37,97.7,97.32,69.35,82.38,44.06,13.03,98.85,93.49,91.19,87.36,8.43,1.55,4.94,0.63,5.72,4.59,236.14,131.2
KARNATAKA,Kalaburagi,Ballari,BALLARI,BELLARY EAST,2024-25,299,168,56.19,43.81,53.18,66820.0,33236.0,907.0,36.64,61.74,71.11,93.45,98.81,47.62,91.07,13.69,13.69,82.74,89.88,78.57,79.17,23.46,1.67,5.69,1.73,4.62,3.27,234.74,197.8
KARNATAKA,Kalaburagi,Ballari,BALLARI,BELLARY WEST,2024-25,355,198,55.77,44.23,42.54,87569.0,37295.0,1033.0,36.1,55.76,76.48,95.45,98.48,41.92,91.92,15.15,11.11,76.26,80.3,82.83,82.83,19.89,1.78,5.99,0.71,2.71,2.05,229.06,188.4
KARNATAKA,Kalaburagi,Ballari,BALLARI,SANDUR,2024-25,219,169,77.17,22.83,83.56,51439.0,29448.0,658.0,44.75,43.62,78.88,94.08,96.45,37.87,95.27,36.69,19.53,87.57,85.8,86.98,87.57,25.16,1.73,5.62,1.04,4.37,2.9,220.56,174.2
KARNATAKA,Kalaburagi,Ballari,BALLARI,SIRUGUPPA,2024-25,251,183,72.91,27.09,76.89,48071.0,31119.0,601.0,51.78,39.6,76.71,95.63,93.44,55.74,93.99,28.96,10.93,90.16,80.33,73.22,89.07,26.29,1.7,4.17,0.47,2.48,2.37,235.46,170.0
KARNATAKA,Belagavi,Belagavi,BELAGAVI,BAILHONGAL,2024-25,198,160,80.81,19.19,84.34,36346.0,23522.0,911.0,25.82,48.63,58.4,98.75,100.0,61.25,87.5,15.62,13.75,95.0,93.75,76.88,81.88,1.97,1.58,5.49,1.51,5.43,4.28,236.14,147.0
KARNATAKA,Belagavi,Belagavi,BELAGAVI,BELGAUM CITY,2024-25,277,177,63.9,36.1,0.36,84090.0,31624.0,1024.0,30.88,63.87,65.14,99.44,100.0,47.46,89.83,44.07,11.86,80.79,94.35,81.92,47.46,10.69,2.23,6.7,1.32,7.54,5.86,223.76,178.7
KARNATAKA,Belagavi,Belagavi,BELAGAVI,BELGAUM RURAL.,2024-25,354,297,83.9,16.1,90.11,59720.0,41199.0,1505.0,27.37,63.26,52.96,99.66,100.0,79.8,86.53,64.65,14.14,92.59,94.95,84.85,55.22,5.82,1.74,5.32,1.42,11.64,6.22,233.54,138.7
KARNATAKA,Belagavi,Belagavi,BELAGAVI,KHANAPUR,2024-25,348,322,92.53,7.47,95.4,31685.0,23615.0,1154.0,20.46,44.54,59.27,99.69,100.0,47.52,89.13,12.11,8.07,78.88,98.45,89.13,29.19,2.22,1.21,3.07,1.26,7.7,6.45,233.53,73.3
KARNATAKA,Belagavi,Belagavi,BELAGAVI,KITTUR,2024-25,109,83,76.15,23.85,89.91,16916.0,12205.0,451.0,27.06,43.24,57.21,100.0,100.0,73.49,96.39,14.46,8.43,79.52,84.34,79.52,83.13,3.8,1.48,5.41,1.46,8.27,3.92,241.34,147.0
KARNATAKA,Belagavi,Belagavi,BELAGAVI,RAMDURG,2024-25,266,210,78.95,21.05,86.47,38575.0,28355.0,864.0,32.82,38.89,63.77,99.05,100.0,50.95,95.24,34.76,10.48,90.48,84.29,77.62,89.05,7.96,1.38,5.18,1.65,7.22,3.19,215.25,135.0
KARNATAKA,Belagavi,Belagavi,BELAGAVI,SOUNDATTI,2024-25,298,238,79.87,20.13,87.25,48442.0,39180.0,1224.0,32.01,45.02,64.13,98.32,100.0,62.61,93.7,14.29,12.18,91.6,91.18,86.97,90.76,6.09,1.49,4.92,1.68,9.73,4.86,236.5,164.6
KARNATAKA,Belagavi,Belagavi,BELAGAVI CHIKKODI,ATHANI,2024-25,447,353,78.97,21.03,91.28,62479.0,36920.0,1388.0,26.6,34.73,61.38,96.6,100.0,93.77,78.47,100.0,9.07,97.17,84.99,88.67,85.27,6.09,1.4,4.61,1.39,8.26,5.07,236.18,104.6
KARNATAKA,Belagavi,Belagavi,BELAGAVI CHIKKODI,CHIKODI,2024-25,339,284,83.78,16.22,74.34,52165.0,36069.0,1208.0,29.86,48.34,69.37,99.3,100.0,91.55,77.46,100.0,11.27,98.94,93.66,93.66,74.3,8.82,1.88,4.83,1.2,6.5,4.96,229.67,127.0
KARNATAKA,Belagavi,Belagavi,BELAGAVI CHIKKODI,GOKAK,2024-25,237,175,73.84,26.16,69.62,46298.0,29939.0,901.0,33.23,51.72,69.92,97.71,98.86,90.86,86.86,60.57,8.0,95.43,93.14,93.14,81.71,6.06,1.81,5.62,1.14,8.96,5.77,237.97,171.1
KARNATAKA,Belagavi,Belagavi,BELAGAVI CHIKKODI,HUKKERI,2024-25,339,286,84.37,15.63,85.55,56356.0,38811.0,1311.0,29.6,54.16,66.9,100.0,100.0,90.21,90.56,59.79,8.74,94.06,83.92,90.21,77.97,4.0,1.76,4.54,1.19,7.59,5.73,236.41,135.7
KARNATAKA,Belagavi,Belagavi,BELAGAVI CHIKKODI,KAGWAD,2024-25,140,114,81.43,18.57,67.14,20111.0,13358.0,460.0,29.04,43.7,62.83,98.25,100.0,85.96,83.33,100.0,8.77,93.86,75.44,78.95,68.42,11.82,1.49,5.51,1.45,7.59,6.11,229.19,117.2
KARNATAKA,Belagavi,Belagavi,BELAGAVI CHIKKODI,MUDALGI,2024-25,363,265,73.0,27.0,71.07,65916.0,44796.0,1158.0,38.68,41.62,70.81,100.0,100.0,100.0,73.96,74.72,7.92,100.0,96.6,100.0,90.94,10.98,1.6,5.4,1.16,5.82,4.05,233.23,169.0
KARNATAKA,Belagavi,Belagavi,BELAGAVI CHIKKODI,NIPPANI,2024-25,216,175,81.02,18.98,73.15,32353.0,20160.0,808.0,24.95,48.27,55.69,100.0,100.0,86.86,87.43,100.0,11.43,95.43,97.14,92.57,37.71,5.29,1.74,4.4,1.07,8.19,5.33,232.62,115.2
KARNATAKA,Belagavi,Belagavi,BELAGAVI CHIKKODI,RAIBAG,2024-25,458,345,75.33,24.67,68.12,68325.0,45134.0,1381.0,32.68,37.36,72.41,98.84,99.71,99.42,64.93,100.0,6.96,97.39,91.3,95.94,88.99,13.06,1.41,4.54,2.24,8.21,5.88,233.1,130.8
KARNATAKA,Bengaluru,Bengaluru Rural,BENGALURU RURAL,DEVANAHALLI,2024-25,281,212,75.44,24.56,81.14,33320.0,9980.0,546.0,18.28,58.97,54.95,99.53,100.0,56.6,95.28,18.4,6.6,70.75,95.75,84.91,92.45,12.14,1.71,3.68,0.99,5.27,4.28,233.65,47.1
KARNATAKA,Bengaluru,Bengaluru Rural,BENGALURU RURAL,DODDABALLAPURA,2024-25,394,334,84.77,15.23,80.46,36948.0,14204.0,854.0,16.63,45.67,56.21,100.0,100.0,79.94,96.41,93.11,8.68,82.34,97.6,86.23,94.31,10.06,1.7,3.04,0.87,11.08,6.79,235.2,42.5
KARNATAKA,Bengaluru,Bengaluru Rural,BENGALURU RURAL,HOSAKOTE,2024-25,346,248,71.68,28.32,87.86,47416.0,12839.0,592.0,21.69,64.36,58.95,100.0,100.0,52.02,93.55,13.31,7.26,86.29,97.98,76.21,89.52,7.35,1.81,3.31,0.47,15.26,2.51,227.11,51.8
KARNATAKA,Bengaluru,Bengaluru Rural,BENGALURU RURAL,NELAMANGALA,2024-25,319,278,87.15,12.85,85.89,30644.0,11716.0,730.0,16.05,61.1,44.11,100.0,100.0,77.34,97.84,69.42,13.31,84.89,94.24,90.29,94.96,4.0,1.4,3.09,0.88,5.89,5.53,230.71,42.1
KARNATAKA,Bengaluru,Bengaluru Urban,BENGALURU U NORTH,NORTH1,2024-25,596,165,27.68,72.32,11.41,212239.0,34921.0,898.0,38.89,74.28,55.35,97.58,97.58,52.73,87.27,58.18,26.06,71.52,93.94,96.97,94.55,23.03,2.92,7.74,1.91,5.41,5.4,229.19,211.6
KARNATAKA,Bengaluru,Bengaluru Urban,BENGALURU U NORTH,NORTH2,2024-25,228,81,35.53,64.47,0.0,89025.0,18503.0,561.0,32.98,80.04,69.34,100.0,97.53,60.49,88.89,62.96,24.69,64.2,93.83,98.77,67.9,22.22,3.21,8.17,1.65,5.52,4.49,226.42,228.4
KARNATAKA,Bengaluru,Bengaluru Urban,BENGALURU U NORTH,NORTH3,2024-25,413,110,26.63,73.12,0.0,159453.0,19579.0,605.0,32.36,87.77,48.93,100.0,97.27,60.0,91.82,57.27,30.0,47.27,87.27,95.45,49.09,17.76,3.37,8.3,1.35,2.72,2.99,230.68,178.0
KARNATAKA,Bengaluru,Bengaluru Urban,BENGALURU U NORTH,NORTH4,2024-25,743,269,36.2,63.8,58.01,247475.0,46145.0,1424.0,32.41,75.49,66.43,99.63,99.63,53.16,92.57,39.41,20.82,95.17,91.45,96.65,87.36,5.66,2.6,5.54,2.57,7.18,6.75,229.04,171.5
KARNATAKA,Bengaluru,Bengaluru Urban,BENGALURU U SOUTH,ANEKAL,2024-25,531,265,49.91,50.09,76.65,150584.0,21606.0,721.0,29.97,79.89,64.63,98.49,91.32,38.49,83.77,20.75,11.7,70.19,87.17,90.57,95.09,7.28,1.87,4.1,1.2,4.47,4.1,225.0,81.5
KARNATAKA,Bengaluru,Bengaluru Urban,BENGALURU U SOUTH,SOUTH1,2024-25,715,248,34.69,65.17,30.77,255644.0,29677.0,981.0,30.25,78.49,55.35,99.19,95.97,44.76,93.15,37.9,17.34,75.0,91.53,93.95,90.32,11.79,2.44,5.03,0.39,3.56,3.31,227.5,119.7
KARNATAKA,Bengaluru,Bengaluru Urban,BENGALURU U SOUTH,SOUTH2,2024-25,349,116,33.24,66.76,0.0,113582.0,17752.0,551.0,32.22,80.58,47.19,99.14,99.14,46.55,91.38,41.38,25.0,43.97,93.97,97.41,64.66,19.47,3.19,7.39,1.19,5.58,3.43,238.55,153.0
KARNATAKA,Bengaluru,Bengaluru Urban,BENGALURU U SOUTH,SOUTH3,2024-25,685,173,25.26,74.74,5.4,304346.0,36208.0,981.0,36.91,81.96,55.56,98.84,95.95,50.29,91.33,46.82,34.68,46.24,90.75,96.53,69.94,19.16,3.72,7.84,0.83,5.25,4.02,227.17,209.3
KARNATAKA,Bengaluru,Bengaluru Urban,BENGALURU U SOUTH,SOUTH4,2024-25,748,219,29.28,70.72,10.7,359588.0,41587.0,1136.0,36.61,81.87,59.77,100.0,95.89,52.51,87.21,24.66,28.77,73.52,89.95,92.24,84.93,6.48,3.31,6.38,1.11,5.03,6.29,229.82,189.9
KARNATAKA,Kalaburagi,Bidar,BIDAR,AURAD,2024-25,385,320,83.12,16.88,90.13,35169.0,21853.0,1136.0,19.24,37.06,51.94,85.0,84.38,53.75,62.81,3.44,3.12,74.69,53.75,57.81,60.94,3.22,1.06,4.45,2.86,5.36,2.01,230.47,68.3
KARNATAKA,Kalaburagi,Bidar,BIDAR,BASAVAKALYAN,2024-25,408,267,65.44,34.56,77.7,52323.0,27742.0,1046.0,26.52,40.82,54.78,93.26,92.13,42.32,69.66,23.97,4.12,82.4,37.08,63.3,73.41,8.63,1.21,5.69,0.9,5.83,3.37,229.4,103.9
KARNATAKA,Kalaburagi,Bidar,BIDAR,BHALKI,2024-25,331,265,80.06,19.94,82.78,34515.0,17974.0,947.0,18.98,43.29,48.68,91.7,75.47,45.66,67.17,16.23,5.28,74.34,57.36,45.66,70.57,8.08,1.18,5.08,0.7,4.78,1.54,229.57,67.8
KARNATAKA,Kalaburagi,Bidar,BIDAR,BIDAR,2024-25,624,383,61.38,38.62,57.21,87204.0,36607.0,1689.0,21.67,58.32,51.45,89.56,82.77,55.61,62.4,6.53,5.48,78.07,43.08,76.24,63.45,7.92,1.51,5.15,0.91,6.47,1.61,236.34,95.6
KARNATAKA,Kalaburagi,Bidar,BIDAR,HUMNABAD,2024-25,390,256,65.64,34.36,70.26,51966.0,26747.0,1002.0,26.69,48.0,58.38,89.06,84.77,50.78,53.12,10.94,5.47,71.48,51.56,71.48,68.36,22.45,1.58,5.52,1.5,3.76,1.61,230.06,104.5
KARNATAKA,Mysuru,Chamarajanagara,CHAMARAJANAGARA,CHAMARAJA NAGAR,2024-25,332,278,83.73,16.27,82.53,32059.0,19777.0,972.0,20.35,48.46,57.61,98.56,99.28,47.48,97.12,16.55,14.03,88.49,97.84,97.84,90.65,6.37,1.56,3.27,1.73,10.22,6.36,232.8,71.1
KARNATAKA,Mysuru,Chamarajanagara,CHAMARAJANAGARA,GUNDULPET,2024-25,211,186,88.15,11.85,89.57,19902.0,12793.0,506.0,25.28,40.32,67.79,99.46,100.0,54.84,98.92,38.17,20.43,92.47,94.62,98.92,95.16,3.93,1.7,2.98,0.92,6.92,6.48,236.81,68.8
KARNATAKA,Mysuru,Chamarajanagara,CHAMARAJANAGARA,HANUR,2024-25,203,180,88.67,11.33,95.07,16587.0,11807.0,572.0,20.64,49.3,54.72,92.78,99.44,58.89,95.56,24.44,15.0,90.56,97.22,95.0,90.0,2.84,1.5,3.07,0.99,6.62,4.81,239.35,65.6
KARNATAKA,Mysuru,Chamarajanagara,CHAMARAJANAGARA,KOLLEGAL,2024-25,135,108,80.0,20.0,68.89,16961.0,8101.0,409.0,19.81,63.33,56.97,99.07,100.0,69.44,93.52,81.48,20.37,87.96,99.07,99.07,90.74,5.77,2.34,4.2,2.56,10.27,6.47,238.33,75.0
KARNATAKA,Mysuru,Chamarajanagara,CHAMARAJANAGARA,YELANDUR,2024-25,74,63,85.14,14.86,86.49,6780.0,5293.0,253.0,20.92,54.55,62.06,100.0,100.0,69.84,96.83,22.22,15.87,98.41,100.0,100.0,88.89,6.78,2.02,5.48,1.43,11.59,6.94,234.12,84.0
KARNATAKA,Bengaluru,Chikkaballapura,CHIKKABALLAPURA,BAGEPALLY,2024-25,284,245,86.27,13.73,92.96,20527.0,9151.0,422.0,21.68,43.6,68.25,99.59,100.0,66.12,95.51,22.04,3.67,67.76,95.51,86.94,94.69,3.35,1.31,2.18,0.51,3.93,2.67,204.27,37.4
KARNATAKA,Bengaluru,Chikkaballapura,CHIKKABALLAPURA,CHIKKABALLAPUR,2024-25,287,240,83.62,16.38,85.37,27209.0,9912.0,577.0,17.18,56.33,67.07,100.0,100.0,50.0,96.67,13.75,6.67,62.5,92.5,87.08,94.58,2.13,1.36,2.86,0.15,3.05,3.1,236.19,41.3
KARNATAKA,Bengaluru,Chikkaballapura,CHIKKABALLAPURA,CHINTAMANI,2024-25,397,343,86.4,13.35,86.9,36170.0,13376.0,931.0,14.37,47.37,52.2,99.13,98.54,41.4,93.88,14.58,7.58,57.14,93.29,82.8,90.67,4.19,1.3,2.76,0.78,7.86,4.36,228.79,39.0
KARNATAKA,Bengaluru,Chikkaballapura,CHIKKABALLAPURA,GOWRIBIDANUR,2024-25,333,293,87.99,12.01,89.49,32443.0,16505.0,863.0,19.13,41.14,50.64,100.0,99.66,65.87,93.17,52.56,9.9,62.8,95.22,98.29,91.47,3.17,1.5,3.04,1.01,7.24,4.7,235.83,56.3
KARNATAKA,Bengaluru,Chikkaballapura,CHIKKABALLAPURA,GUDIBANDA,2024-25,104,96,92.31,7.69,90.38,5177.0,4120.0,237.0,17.38,47.68,69.2,100.0,100.0,38.54,77.08,20.83,4.17,81.25,89.58,84.38,95.83,6.52,1.49,2.98,0.67,8.27,5.16,229.51,42.9
KARNATAKA,Bengaluru,Chikkaballapura,CHIKKABALLAPURA,SIDLAGHATTA,2024-25,298,253,84.9,15.1,87.58,25682.0,11177.0,623.0,17.94,48.96,66.61,99.21,98.81,51.38,94.86,32.02,7.51,62.45,89.33,87.35,92.09,7.26,1.34,2.68,1.46,5.82,5.17,231.04,44.2
KARNATAKA,Mysuru,Chikkamagaluru,CHIKKAMANGALURU,BIRURU,2024-25,190,173,91.05,8.95,91.58,10633.0,7059.0,507.0,13.92,41.81,55.23,95.38,100.0,90.75,93.64,53.18,8.09,70.52,91.91,87.28,94.22,7.1,0.99,2.9,1.91,9.03,7.0,231.7,40.8
KARNATAKA,Mysuru,Chikkamagaluru,CHIKKAMANGALURU,CHIKMAGALUR,2024-25,398,324,81.41,18.59,79.4,37335.0,15582.0,968.0,16.1,58.16,60.12,98.15,100.0,72.22,95.37,41.98,8.33,83.33,94.75,96.6,88.58,7.64,1.41,3.35,1.2,6.55,6.71,224.37,48.1
KARNATAKA,Mysuru,Chikkamagaluru,CHIKKAMANGALURU,KADUR,2024-25,265,236,89.06,10.94,86.79,17392.0,10230.0,778.0,13.15,41.77,48.71,99.15,100.0,87.71,98.31,23.73,6.78,88.56,93.64,94.07,91.1,5.24,1.25,3.4,1.53,8.53,6.27,227.09,43.3
KARNATAKA,Mysuru,Chikkamagaluru,CHIKKAMANGALURU,KOPPA,2024-25,119,103,86.55,13.45,94.96,9847.0,5420.0,293.0,18.5,56.66,65.53,100.0,100.0,70.87,82.52,16.5,12.62,91.26,77.67,86.41,95.15,11.0,1.33,3.83,1.32,7.25,9.08,232.99,52.6
KARNATAKA,Mysuru,Chikkamagaluru,CHIKKAMANGALURU,MOODIGERE,2024-25,182,165,90.66,9.34,94.51,13142.0,7525.0,416.0,18.09,59.62,67.31,99.39,100.0,80.0,96.97,32.12,12.12,92.73,94.55,96.36,92.73,4.4,1.27,3.12,4.02,8.11,7.93,234.01,45.6
KARNATAKA,Mysuru,Chikkamagaluru,CHIKKAMANGALURU,NARASIMHARAJAPURA,2024-25,96,83,86.46,13.54,88.54,7723.0,3955.0,223.0,17.74,53.81,57.85,100.0,100.0,91.57,93.98,26.51,6.02,90.36,97.59,98.8,92.77,3.75,1.28,3.78,1.59,6.73,6.41,236.53,47.7
KARNATAKA,Mysuru,Chikkamagaluru,CHIKKAMANGALURU,SRINGERI,2024-25,43,39,90.7,9.3,93.02,3800.0,2002.0,117.0,17.11,61.54,69.23,100.0,100.0,92.31,92.31,20.51,20.51,100.0,92.31,100.0,94.87,8.11,1.59,4.38,1.69,4.26,6.54,229.38,51.3
KARNATAKA,Mysuru,Chikkamagaluru,CHIKKAMANGALURU,TARIKERE,2024-25,252,219,86.9,13.1,86.51,17938.0,9747.0,695.0,14.02,43.45,50.79,99.09,100.0,54.79,96.35,23.74,8.22,75.34,94.06,89.04,87.21,8.96,1.13,3.41,0.75,8.1,6.06,225.24,44.5
KARNATAKA,Bengaluru,Chitradurga,CHITRADURGA,CHALLAKERE,2024-25,435,388,89.2,10.8,82.76,42248.0,27851.0,1311.0,21.24,47.44,59.65,95.62,99.48,65.98,96.39,55.67,5.67,95.88,93.04,88.92,93.56,4.8,1.32,3.06,0.75,6.38,4.61,235.13,71.8
KARNATAKA,Bengaluru,Chitradurga,CHITRADURGA,CHITRADURGA,2024-25,424,340,80.19,19.81,75.0,59034.0,26444.0,1325.0,19.96,59.85,55.92,100.0,100.0,60.59,98.53,83.53,11.47,98.82,95.59,84.71,89.12,9.37,1.29,3.41,0.89,9.71,5.14,231.39,77.8
KARNATAKA,Bengaluru,Chitradurga,CHITRADURGA,HIRIYUR,2024-25,361,325,90.03,9.97,87.53,30332.0,19285.0,1054.0,18.3,51.14,63.28,97.54,99.38,65.23,93.85,40.62,9.23,95.69,95.38,88.62,91.69,12.1,1.23,2.41,0.71,7.11,5.95,235.14,59.3
KARNATAKA,Bengaluru,Chitradurga,CHITRADURGA,HOLALKERE,2024-25,261,231,88.51,11.49,92.72,22377.0,12523.0,730.0,17.15,40.55,51.78,99.13,100.0,51.52,94.81,65.8,15.58,93.51,77.49,86.15,93.07,9.91,1.12,2.89,0.62,7.26,4.79,215.81,54.2
KARNATAKA,Bengaluru,Chitradurga,CHITRADURGA,HOSADURGA,2024-25,348,317,91.09,8.91,93.68,24441.0,14527.0,924.0,15.72,45.67,43.07,98.42,100.0,44.79,97.16,58.36,4.73,99.05,93.69,78.23,95.27,6.17,1.25,2.66,0.71,6.98,4.28,234.17,45.8
KARNATAKA,Bengaluru,Chitradurga,CHITRADURGA,MOLAKALMUR,2024-25,174,148,85.06,14.94,85.63,21879.0,17021.0,510.0,33.37,43.33,65.69,97.97,99.32,52.03,99.32,79.73,7.43,95.95,90.54,77.03,91.22,7.75,1.46,3.59,2.26,6.85,4.34,233.97,115.0
KARNATAKA,Mysuru,Dakshina Kannada,DAKSHINA KANNADA,BANTWAL,2024-25,308,247,80.19,19.81,87.01,59194.0,27009.0,1034.0,26.12,78.24,66.25,100.0,100.0,90.69,81.78,95.95,13.77,97.98,99.6,100.0,97.98,14.52,2.77,5.51,0.87,4.69,6.2,237.06,109.3
KARNATAKA,Mysuru,Dakshina Kannada,DAKSHINA KANNADA,BELTHANGADY,2024-25,239,202,84.52,15.48,96.65,36001.0,20239.0,864.0,23.42,72.34,71.88,100.0,100.0,98.51,95.54,86.63,9.41,99.5,99.5,100.0,98.51,5.56,2.36,4.38,1.1,5.12,6.66,238.53,100.2
KARNATAKA,Mysuru,Dakshina Kannada,DAKSHINA KANNADA,MANGALURU NORTH,2024-25,207,119,57.49,42.51,22.71,63690.0,15319.0,529.0,28.96,85.44,63.71,100.0,100.0,90.76,97.48,92.44,34.45,100.0,100.0,100.0,96.64,14.41,2.82,6.24,2.67,6.36,6.75,231.41,128.7
KARNATAKA,Mysuru,Dakshina Kannada,DAKSHINA KANNADA,MANGALURU SOUTH,2024-25,219,134,61.19,38.81,50.68,65506.0,16541.0,580.0,28.52,87.07,62.41,100.0,100.0,88.06,93.28,91.04,21.64,100.0,99.25,100.0,93.28,9.52,3.39,5.51,1.23,6.02,6.37,236.49,123.4
KARNATAKA,Mysuru,Dakshina Kannada,DAKSHINA KANNADA,MOODABIDRE,2024-25,97,74,76.29,23.71,68.04,19534.0,6074.0,287.0,21.16,86.76,63.41,100.0,100.0,94.59,85.14,87.84,13.51,98.65,100.0,100.0,98.65,9.59,1.97,4.54,0.97,4.88,7.42,234.81,82.1
KARNATAKA,Mysuru,Dakshina Kannada,DAKSHINA KANNADA,PUTTUR,2024-25,242,196,80.99,19.01,86.78,41772.0,18990.0,837.0,22.69,79.33,70.85,100.0,100.0,100.0,79.59,93.88,22.45,100.0,99.49,100.0,98.98,10.88,2.52,4.18,0.78,4.93,9.34,238.04,96.9
KARNATAKA,Mysuru,Dakshina Kannada,DAKSHINA KANNADA,SULLIA,2024-25,165,144,87.27,12.73,91.52,17350.0,9415.0,485.0,19.41,83.09,67.63,100.0,100.0,97.92,79.17,88.19,11.11,98.61,99.31,100.0,99.31,5.59,2.0,3.26,0.61,4.58,8.49,231.54,65.4
KARNATAKA,Bengaluru,Davanagere,DAVANAGERE,CHANNAGIRI,2024-25,362,297,82.04,17.96,93.92,34635.0,19159.0,1047.0,18.3,39.54,51.58,98.99,100.0,71.04,97.64,14.14,8.75,91.25,57.58,65.99,85.52,6.6,1.29,3.77,1.57,8.67,3.74,227.25,64.5
KARNATAKA,Bengaluru,Davanagere,DAVANAGERE,DAVANAGERE(N),2024-25,270,181,67.04,32.96,50.0,41969.0,18862.0,849.0,22.22,56.42,51.35,97.79,100.0,88.95,90.61,25.41,19.34,88.95,53.04,87.29,84.53,8.0,1.34,4.99,2.15,10.17,5.48,227.65,104.2
KARNATAKA,Bengaluru,Davanagere,DAVANAGERE,DAVANAGERE(S),2024-25,322,180,55.9,44.1,50.93,65865.0,15424.0,751.0,20.54,53.53,50.6,98.33,100.0,83.89,97.22,22.22,15.56,93.33,47.22,80.0,90.0,14.37,1.46,4.52,0.88,8.63,4.33,238.39,85.7
KARNATAKA,Bengaluru,Davanagere,DAVANAGERE,HARIHARA,2024-25,238,165,69.33,30.67,60.08,31419.0,17676.0,800.0,22.1,53.0,58.25,97.58,100.0,96.97,95.15,19.39,10.3,98.79,72.73,92.73,81.21,25.79,1.57,5.21,1.68,9.04,5.95,235.36,107.1
KARNATAKA,Bengaluru,Davanagere,DAVANAGERE,HONNALI,2024-25,262,224,85.5,14.5,87.02,24889.0,16994.0,848.0,20.04,39.62,62.15,97.77,100.0,86.16,95.09,16.96,9.38,98.21,45.09,85.71,86.61,12.9,1.33,3.92,3.73,10.77,6.56,235.67,75.9
KARNATAKA,Bengaluru,Davanagere,DAVANAGERE,JAGALUR,2024-25,221,199,90.05,9.95,91.4,20329.0,14712.0,666.0,22.09,42.79,56.76,100.0,100.0,57.29,97.99,10.05,8.04,100.0,61.81,91.96,91.96,1.6,1.08,3.1,1.04,9.9,6.05,227.95,73.9
KARNATAKA,Belagavi,Dharwad,DHARWAD,DHARWAD,2024-25,209,181,86.6,13.4,93.3,37807.0,30485.0,1108.0,27.51,67.15,72.83,98.34,97.79,69.61,97.24,30.94,12.71,87.29,93.92,90.61,80.66,3.55,1.95,5.61,1.1,5.87,5.23,235.76,168.4
KARNATAKA,Belagavi,Dharwad,DHARWAD,DHARWAD CITY,2024-25,177,104,58.76,41.24,0.0,56480.0,25322.0,749.0,33.81,63.95,72.36,100.0,95.19,69.23,95.19,28.85,18.27,75.0,87.5,93.27,73.08,26.67,2.66,7.5,1.32,8.67,5.18,234.88,243.5
KARNATAKA,Belagavi,Dharwad,DHARWAD,HDMC,2024-25,267,134,50.19,49.81,0.0,95153.0,29695.0,986.0,30.12,69.98,66.23,97.76,97.01,55.97,92.54,22.39,20.15,79.85,85.82,85.07,67.16,8.66,2.6,8.18,1.31,6.93,4.46,237.05,221.6
KARNATAKA,Belagavi,Dharwad,DHARWAD,HUBLI,2024-25,196,128,65.31,34.69,62.76,39799.0,20920.0,756.0,27.67,69.71,67.33,99.22,98.44,64.06,94.53,18.75,8.59,82.03,94.53,84.38,80.47,9.76,1.73,6.45,0.71,6.65,5.86,241.16,163.4
KARNATAKA,Belagavi,Dharwad,DHARWAD,KALGHATAGI,2024-25,145,128,88.28,11.72,87.59,20722.0,17765.0,608.0,29.22,58.55,75.82,97.66,96.09,73.44,100.0,17.19,6.25,91.41,94.53,89.84,92.19,3.23,1.77,4.55,1.03,6.16,5.41,235.06,138.8
KARNATAKA,Belagavi,Dharwad,DHARWAD,KUNDAGOL,2024-25,129,108,83.72,16.28,89.15,18306.0,15037.0,545.0,27.59,47.34,73.39,100.0,95.37,59.26,99.07,16.67,8.33,96.3,88.89,76.85,81.48,4.85,1.46,6.02,0.72,7.37,4.08,211.36,139.2
KARNATAKA,Belagavi,Dharwad,DHARWAD,NAVALGUND,2024-25,149,120,80.54,19.46,67.11,21712.0,15572.0,578.0,26.94,50.87,59.86,98.33,95.0,80.0,94.17,24.17,6.67,92.5,81.67,63.33,81.67,2.68,1.44,5.58,0.69,5.26,3.73,237.0,129.8
KARNATAKA,Belagavi,Gadag,GADAG,GADAG CITY,2024-25,127,78,61.42,38.58,0.0,26108.0,10785.0,399.0,27.03,62.66,64.41,98.72,100.0,69.23,91.03,93.59,19.23,97.44,97.44,87.18,76.92,7.14,2.08,6.83,1.23,6.79,3.92,222.88,138.3
KARNATAKA,Belagavi,Gadag,GADAG,GADAG RURAL,2024-25,150,121,80.67,19.33,90.67,25020.0,17286.0,665.0,25.99,54.44,61.95,100.0,100.0,81.82,90.08,81.82,15.7,99.17,99.17,90.91,84.3,7.63,1.41,5.65,0.83,8.63,4.95,226.42,142.9
KARNATAKA,Belagavi,Gadag,GADAG,MUNDARAGI,2024-25,129,111,86.05,13.95,80.62,20713.0,16560.0,577.0,28.7,43.5,74.0,100.0,100.0,69.37,90.99,40.54,14.41,96.4,93.69,87.39,83.78,4.9,1.52,6.05,1.19,8.22,4.18,235.35,149.2
KARNATAKA,Belagavi,Gadag,GADAG,NARAGUND,2024-25,83,61,73.49,26.51,67.47,13431.0,9017.0,321.0,28.09,41.43,60.75,100.0,100.0,70.49,98.36,90.16,11.48,98.36,96.72,96.72,88.52,8.47,1.21,7.18,0.56,3.85,3.23,229.22,147.8
KARNATAKA,Belagavi,Gadag,GADAG,RON,2024-25,223,179,80.27,19.73,70.85,35127.0,28321.0,934.0,30.32,42.18,66.6,99.44,100.0,83.8,97.77,98.88,12.29,99.44,94.97,96.09,84.92,7.78,1.59,6.23,0.84,6.91,4.49,233.39,158.2
KARNATAKA,Belagavi,Gadag,GADAG,SHIRHATTI,2024-25,192,153,79.69,20.31,71.88,27489.0,19956.0,716.0,27.87,43.16,57.96,99.35,100.0,79.74,95.42,94.77,11.11,98.04,98.69,96.73,87.58,6.9,1.29,5.76,1.46,14.07,5.76,230.36,130.4
KARNATAKA,Mysuru,Hassan,HASSAN,ALUR,2024-25,157,146,92.99,7.01,94.9,7318.0,4210.0,327.0,12.87,54.74,59.63,97.95,100.0,54.11,99.32,8.9,10.27,91.1,99.32,100.0,96.58,4.93,1.79,2.7,1.09,16.82,8.08,234.51,28.8
KARNATAKA,Mysuru,Hassan,HASSAN,ARAKALAGUDU,2024-25,319,294,92.16,7.84,92.48,17620.0,9948.0,669.0,14.87,46.04,52.47,100.0,100.0,54.08,98.64,10.88,1.36,99.32,100.0,100.0,93.2,5.92,1.26,2.51,1.47,15.98,10.13,239.13,33.8
KARNATAKA,Mysuru,Hassan,HASSAN,ARASIKERE,2024-25,431,384,89.1,10.9,91.88,27727.0,13703.0,1063.0,12.89,50.8,48.82,98.7,100.0,37.24,96.61,14.58,5.21,86.98,98.96,87.24,93.49,10.88,1.17,2.23,0.46,9.52,4.75,236.85,35.7
KARNATAKA,Mysuru,Hassan,HASSAN,BELUR,2024-25,298,273,91.61,8.39,92.62,16500.0,8867.0,661.0,13.41,49.92,57.64,98.53,100.0,56.04,98.17,37.73,3.66,90.11,97.44,97.44,93.04,4.12,1.28,2.25,0.74,6.81,5.58,232.59,32.5
KARNATAKA,Mysuru,Hassan,HASSAN,CHANNARAYAPATNA,2024-25,402,348,86.57,13.43,92.29,25623.0,10026.0,805.0,12.45,50.68,42.61,100.0,100.0,54.89,98.28,14.66,7.18,84.77,94.83,92.24,95.69,2.64,1.23,2.03,0.93,9.19,6.26,233.05,28.8
KARNATAKA,Mysuru,Hassan,HASSAN,HASSAN,2024-25,457,368,80.53,19.47,73.3,48570.0,14197.0,1001.0,14.18,64.54,55.14,97.83,100.0,66.58,96.74,24.18,7.61,89.4,97.83,94.02,93.21,9.17,1.25,2.48,0.78,11.02,5.46,233.17,38.6
KARNATAKA,Mysuru,Hassan,HASSAN,HOLENARASIPURA,2024-25,287,265,92.33,7.67,90.94,16660.0,9781.0,665.0,14.71,43.76,43.31,99.62,100.0,53.21,98.87,20.75,1.89,95.47,100.0,100.0,93.21,0.79,1.41,2.62,0.91,19.22,6.68,240.35,36.9
KARNATAKA,Mysuru,Hassan,HASSAN,SAKALESHAPURA,2024-25,182,159,87.36,12.64,89.56,11841.0,5943.0,368.0,16.15,65.76,68.48,95.6,100.0,73.58,94.34,6.92,2.52,82.39,97.48,95.6,93.71,5.19,1.37,2.75,0.65,6.7,7.37,231.99,37.4
KARNATAKA,Belagavi,Haveri,HAVERI,BYADAGI,2024-25,136,118,86.76,13.24,78.68,18745.0,13797.0,554.0,24.9,51.08,70.76,99.15,98.31,82.2,94.07,19.49,12.71,93.22,90.68,92.37,80.51,6.19,1.28,4.85,1.7,8.85,5.28,225.44,116.9
KARNATAKA,Belagavi,Haveri,HAVERI,HANAGAL,2024-25,285,245,85.96,14.04,91.23,35076.0,27885.0,1020.0,27.34,42.65,77.16,98.37,99.18,75.51,97.14,22.86,11.43,90.61,95.1,96.33,74.29,9.91,1.3,3.88,1.29,4.85,4.08,233.4,113.8
KARNATAKA,Belagavi,Haveri,HAVERI,HAVERI,2024-25,248,188,75.81,24.19,72.58,43511.0,27313.0,981.0,27.84,49.24,65.34,98.4,97.34,71.81,97.87,21.28,13.83,89.36,90.96,97.87,76.6,13.56,1.32,5.3,0.68,6.16,3.74,226.16,145.3
KARNATAKA,Belagavi,Haveri,HAVERI,HIREKERUR,2024-25,245,218,88.98,11.02,92.24,25828.0,19013.0,902.0,21.08,40.13,59.87,99.08,98.17,65.14,95.41,16.06,7.8,85.32,94.04,94.04,75.23,4.29,1.26,3.83,1.2,6.51,4.34,227.83,87.2
KARNATAKA,Belagavi,Haveri,HAVERI,RANNEBENNUR,2024-25,298,220,73.83,26.17,70.13,48966.0,26074.0,1094.0,23.83,51.92,62.43,99.09,95.45,65.91,95.45,21.82,10.45,85.0,92.27,93.18,82.73,10.33,1.51,4.67,1.28,5.62,3.61,222.78,118.5
KARNATAKA,Belagavi,Haveri,HAVERI,SAVANUR,2024-25,148,121,81.76,18.24,78.38,24086.0,17628.0,565.0,31.2,38.76,74.87,100.0,100.0,66.12,97.52,20.66,12.4,96.69,96.69,95.87,72.73,9.48,1.4,4.63,0.98,6.6,5.4,230.48,145.7
KARNATAKA,Belagavi,Haveri,HAVERI,SHIGGOAN,2024-25,206,177,85.92,14.08,77.67,28313.0,21976.0,732.0,30.02,49.86,71.72,99.44,99.44,74.58,93.22,22.03,12.43,92.66,96.61,96.61,72.32,8.98,1.4,4.82,1.42,8.63,6.08,236.04,124.2
KARNATAKA,Kalaburagi,Kalaburagi,KALBURGI,AFZALPUR,2024-25,270,188,69.63,30.37,84.44,40555.0,29103.0,908.0,32.05,34.47,48.79,95.21,89.36,55.85,73.94,15.43,12.77,78.19,74.47,56.38,83.51,27.53,1.22,4.78,0.86,3.71,1.78,220.8,154.8
KARNATAKA,Kalaburagi,Kalaburagi,KALBURGI,ALAND,2024-25,366,288,78.69,21.31,84.43,45158.0,33512.0,1192.0,28.11,42.28,55.29,95.83,97.22,54.86,82.29,18.06,8.68,69.44,66.32,65.28,83.68,6.14,1.25,4.9,1.32,4.49,2.23,227.46,116.4
KARNATAKA,Kalaburagi,Kalaburagi,KALBURGI,CHINCHOLI,2024-25,345,289,83.77,16.23,91.88,34312.0,25867.0,764.0,33.86,39.27,61.91,90.31,96.89,73.7,83.04,9.0,5.54,85.47,91.35,53.29,84.43,9.32,1.2,4.36,0.46,3.85,2.64,233.58,89.5
KARNATAKA,Kalaburagi,Kalaburagi,KALBURGI,CHITTAPUR,2024-25,416,323,77.64,22.36,70.43,56337.0,38795.0,1355.0,28.63,61.03,60.37,96.28,91.95,47.37,85.45,18.27,8.05,76.16,60.06,58.2,81.42,6.62,1.57,5.06,0.87,4.05,2.24,229.93,120.1
KARNATAKA,Kalaburagi,Kalaburagi,KALBURGI,GULBARGA NORTH,2024-25,565,265,46.9,53.1,33.45,102940.0,33385.0,1208.0,27.64,64.24,54.06,93.21,93.58,50.19,68.3,20.38,9.06,75.47,67.55,63.4,71.7,24.11,1.74,6.32,0.81,3.65,1.8,225.4,126.0
KARNATAKA,Kalaburagi,Kalaburagi,KALBURGI,GULBARGA SOUTH,2024-25,407,210,51.6,48.4,52.09,76092.0,28740.0,1078.0,26.66,65.31,55.29,97.62,100.0,66.19,66.19,16.19,7.14,82.86,56.19,63.81,81.9,6.5,1.71,5.93,0.89,5.64,1.66,217.56,136.9
KARNATAKA,Kalaburagi,Kalaburagi,KALBURGI,JEWARGI,2024-25,355,258,72.68,27.32,77.46,50332.0,40833.0,1056.0,38.67,38.26,67.42,98.06,95.74,55.04,62.4,21.71,6.98,93.02,75.58,57.75,82.95,4.53,1.23,5.04,0.58,3.85,2.22,230.49,158.3
KARNATAKA,Kalaburagi,Kalaburagi,KALBURGI,SEDAM,2024-25,287,244,85.02,14.98,85.71,31322.0,22336.0,744.0,30.02,51.08,65.19,91.8,97.54,34.84,87.3,9.02,4.92,80.33,56.56,66.39,80.33,12.77,1.26,4.46,0.86,6.89,3.36,231.94,91.5
KARNATAKA,Mysuru,Kodagu,KODAGU,MADIKERI,2024-25,157,124,78.98,21.02,88.54,18604.0,7146.0,418.0,17.1,81.58,62.92,100.0,100.0,87.9,74.19,23.39,16.94,92.74,96.77,96.77,95.97,4.17,2.21,4.33,1.0,3.77,5.32,231.68,57.6
KARNATAKA,Mysuru,Kodagu,KODAGU,SOMAVARPET,2024-25,186,147,79.03,20.97,93.55,25084.0,9036.0,539.0,16.76,67.35,65.68,100.0,100.0,100.0,99.32,17.69,17.01,100.0,100.0,100.0,95.92,5.0,2.33,4.37,1.12,7.59,6.71,227.91,61.5
KARNATAKA,Mysuru,Kodagu,KODAGU,VIRAJPET,2024-25,176,131,74.43,25.57,93.18,22483.0,8430.0,394.0,21.4,76.14,69.8,97.71,100.0,96.18,76.34,32.82,14.5,97.71,97.71,100.0,95.42,3.12,2.37,4.34,1.29,6.45,6.95,234.59,64.4
KARNATAKA,Bengaluru,Kolar,KOLAR,BANGARAPETE,2024-25,304,254,83.55,16.45,87.5,25183.0,10918.0,639.0,17.09,59.94,55.71,99.61,99.21,25.98,90.94,12.2,3.94,72.83,92.52,79.13,93.31,1.61,1.4,2.32,1.81,5.76,4.71,234.13,43.0
KARNATAKA,Bengaluru,Kolar,KOLAR,K G F,2024-25,258,196,75.97,24.03,73.64,27166.0,8595.0,470.0,18.29,66.38,55.32,97.96,100.0,23.47,91.33,18.88,4.08,55.1,94.39,70.92,87.24,2.6,1.46,2.72,1.91,6.57,4.57,236.67,43.9
KARNATAKA,Bengaluru,Kolar,KOLAR,KOLAR,2024-25,500,390,78.0,22.0,77.2,47498.0,16671.0,1142.0,14.6,62.26,50.0,100.0,100.0,41.79,91.28,26.41,6.41,70.77,93.85,83.85,85.64,3.42,1.3,2.91,2.37,7.6,5.51,237.02,42.7
KARNATAKA,Bengaluru,Kolar,KOLAR,MALUR,2024-25,364,320,87.91,12.09,92.31,30455.0,12982.0,822.0,15.79,54.01,52.31,99.06,99.69,31.87,96.56,45.62,6.56,62.19,95.31,90.0,91.25,7.01,1.48,2.62,1.69,6.44,5.58,232.94,40.6
KARNATAKA,Bengaluru,Kolar,KOLAR,MULBAGAL,2024-25,441,388,87.98,12.02,88.44,27385.0,15513.0,960.0,16.16,52.81,60.62,97.68,99.74,30.67,96.65,24.74,4.9,59.54,93.56,83.25,88.66,3.43,1.26,2.24,2.07,6.98,4.7,235.3,40.0
KARNATAKA,Bengaluru,Kolar,KOLAR,SRINIVASAPUR,2024-25,332,288,86.75,13.25,94.28,22202.0,9554.0,715.0,13.36,46.71,50.49,98.96,98.61,31.94,95.49,10.42,5.9,55.21,90.62,79.17,91.32,3.57,1.59,2.39,1.18,5.38,4.26,235.16,33.2
KARNATAKA,Kalaburagi,Koppal,KOPPAL,GANGAVATHI,2024-25,467,348,74.52,25.48,70.24,78337.0,49220.0,1157.0,42.54,45.29,75.97,93.97,95.4,62.07,91.95,19.83,8.33,77.59,90.23,91.38,88.79,12.69,1.51,4.22,0.72,4.56,3.88,231.09,141.4
KARNATAKA,Kalaburagi,Koppal,KOPPAL,KOPPAL,2024-25,355,254,71.55,28.45,74.93,68707.0,46064.0,1329.0,34.66,45.9,72.31,97.24,94.88,59.06,94.49,18.9,6.3,87.4,87.8,91.34,87.8,20.17,1.52,5.27,0.58,5.47,3.52,232.97,181.4
KARNATAKA,Kalaburagi,Koppal,KOPPAL,KUSTAGI,2024-25,287,238,82.93,17.07,80.84,49497.0,43075.0,1064.0,40.48,40.51,70.77,93.7,92.86,55.04,93.28,22.69,9.66,82.77,87.39,84.03,91.18,3.08,1.53,5.98,0.53,3.7,2.83,225.88,181.0
KARNATAKA,Kalaburagi,Koppal,KOPPAL,YELBURGA,2024-25,271,219,80.81,19.19,84.87,48467.0,41805.0,1093.0,38.25,37.97,68.71,95.43,94.06,52.97,96.8,71.23,11.87,93.61,88.58,73.97,89.95,4.5,1.74,6.58,1.37,4.45,3.31,229.55,190.9
KARNATAKA,Mysuru,Mandya,MANDYA,KRISHNARAJA PET,2024-25,348,314,90.23,9.77,94.25,20112.0,12086.0,769.0,15.72,37.45,50.46,98.73,100.0,66.24,100.0,11.78,5.73,99.36,94.9,92.36,95.22,3.59,1.31,2.39,0.41,7.14,5.43,234.6,38.5
KARNATAKA,Mysuru,Mandya,MANDYA,MADDUR,2024-25,278,218,78.42,21.58,92.09,28019.0,11217.0,593.0,18.92,52.95,64.42,100.0,100.0,88.53,99.08,95.87,6.42,98.62,68.81,86.7,95.41,7.58,1.4,3.89,0.99,4.42,3.96,212.79,51.5
KARNATAKA,Mysuru,Mandya,MANDYA,MALAVALLY,2024-25,286,235,82.17,17.83,89.51,21090.0,12006.0,597.0,20.11,49.58,59.46,97.87,100.0,48.09,96.6,9.36,10.21,96.17,84.68,88.94,95.74,7.17,1.36,3.02,0.76,3.7,4.72,229.71,51.1
KARNATAKA,Mysuru,Mandya,MANDYA,MANDYA NORTH,2024-25,175,167,95.43,4.57,100.0,9238.0,7121.0,422.0,16.87,61.14,59.0,100.0,100.0,88.02,97.6,71.26,5.39,99.4,89.22,91.62,97.01,7.32,1.47,3.38,1.05,1.31,3.16,233.57,42.6
KARNATAKA,Mysuru,Mandya,MANDYA,MANDYA SOUTH,2024-25,186,125,67.2,32.8,56.45,30362.0,8823.0,395.0,22.34,70.63,49.62,100.0,99.2,64.8,96.8,75.2,16.8,100.0,92.8,81.6,84.0,8.13,1.7,4.96,1.18,4.48,1.3,230.63,70.6
KARNATAKA,Mysuru,Mandya,MANDYA,NAGAMANGALA,2024-25,277,253,91.34,8.66,87.36,16087.0,8337.0,570.0,14.63,49.3,62.11,99.6,100.0,69.96,95.65,28.06,5.53,99.21,90.12,94.47,94.47,3.64,1.55,2.36,0.87,8.91,7.13,235.18,33.0
KARNATAKA,Mysuru,Mandya,MANDYA,PANDAVAPURA,2024-25,193,167,86.53,13.47,91.71,17541.0,9203.0,517.0,17.8,50.87,64.02,99.4,100.0,73.65,99.4,60.48,9.58,100.0,94.61,95.21,92.81,8.75,1.75,3.04,0.54,8.56,6.91,233.78,55.1
KARNATAKA,Mysuru,Mandya,MANDYA,SRIRANGA PATNA,2024-25,181,133,73.48,26.52,86.19,19437.0,6382.0,425.0,15.02,65.88,52.94,99.25,100.0,73.68,100.0,23.31,7.52,93.98,95.49,87.22,91.73,7.09,1.83,3.54,1.18,5.19,5.26,239.41,48.0
KARNATAKA,Mysuru,Mysuru,MYSURU,H.D.KOTE,2024-25,350,324,92.57,7.43,90.57,26539.0,19274.0,1119.0,17.22,52.73,67.65,100.0,100.0,99.07,98.46,100.0,9.88,100.0,97.53,100.0,95.99,4.42,1.63,3.14,1.25,7.41,6.35,234.55,59.5
KARNATAKA,Mysuru,Mysuru,MYSURU,HUNSUR,2024-25,351,300,85.47,14.53,88.32,35776.0,17801.0,1015.0,17.54,52.71,61.38,100.0,100.0,90.67,94.67,100.0,11.33,99.0,99.0,98.67,92.33,4.11,1.57,2.99,3.65,11.96,8.32,232.89,59.3
KARNATAKA,Mysuru,Mysuru,MYSURU,K.R.NAGARA,2024-25,279,241,86.38,13.62,88.89,21204.0,12092.0,761.0,15.89,41.13,51.64,99.17,100.0,94.19,98.76,100.0,6.22,98.34,99.17,99.59,92.53,6.03,1.52,3.13,1.0,10.03,7.68,237.74,50.2
KARNATAKA,Mysuru,Mysuru,MYSURU,MYSORE NORTH,2024-25,252,114,45.24,53.97,0.0,72685.0,17234.0,646.0,26.68,78.33,58.82,100.0,100.0,79.82,100.0,85.96,25.44,85.96,96.49,98.25,56.14,22.43,3.04,6.88,2.53,7.25,6.08,234.26,151.2
KARNATAKA,Mysuru,Mysuru,MYSURU,MYSORE RURAL,2024-25,372,232,62.37,37.63,99.73,76123.0,19440.0,1009.0,19.27,70.17,58.77,100.0,100.0,84.05,97.41,82.76,21.12,96.98,99.57,98.71,93.1,5.75,1.94,4.04,1.55,9.59,7.35,235.24,83.8
KARNATAKA,Mysuru,Mysuru,MYSURU,MYSORE SOUTH,2024-25,146,62,42.47,57.53,0.0,45027.0,6816.0,281.0,24.26,77.58,66.55,100.0,100.0,95.16,100.0,91.94,56.45,87.1,100.0,100.0,87.1,37.7,2.73,6.45,2.1,8.31,7.0,226.0,109.9
KARNATAKA,Mysuru,Mysuru,MYSURU,NANJANAGUD,2024-25,321,277,86.29,13.71,88.79,42475.0,24823.0,1234.0,20.12,58.83,66.61,100.0,100.0,93.14,97.47,99.64,18.41,94.58,96.03,95.67,92.06,5.24,1.93,4.0,2.49,11.48,5.66,236.42,89.6
KARNATAKA,Mysuru,Mysuru,MYSURU,PERIYA PATNA,2024-25,314,280,89.17,10.83,94.27,24781.0,13977.0,744.0,18.79,44.22,63.84,100.0,100.0,96.43,97.5,93.57,10.0,96.07,99.29,97.5,91.43,5.13,1.36,2.94,2.19,11.94,8.26,235.76,49.9
KARNATAKA,Mysuru,Mysuru,MYSURU,T.N.PURA,2024-25,276,235,85.14,14.86,85.14,28257.0,14775.0,817.0,18.08,56.67,60.47,100.0,100.0,89.36,98.72,48.94,8.09,94.47,97.45,97.87,92.77,4.42,1.37,3.3,0.76,10.17,7.86,231.98,62.9
KARNATAKA,Kalaburagi,Raichur,RAICHUR,DEVADURGA,2024-25,398,333,83.67,16.33,85.68,52341.0,43099.0,1164.0,37.03,45.88,80.58,93.09,94.59,34.53,83.48,13.51,6.91,68.77,84.38,64.86,93.69,14.06,1.54,3.54,0.77,6.55,3.05,226.81,129.4
KARNATAKA,Kalaburagi,Raichur,RAICHUR,LINGASUGUR,2024-25,438,341,77.85,22.15,72.37,68045.0,50644.0,1200.0,42.2,40.58,68.5,95.6,91.79,36.66,93.55,13.78,6.45,78.59,81.52,65.98,92.08,6.69,1.62,4.91,0.6,3.79,2.82,233.55,148.5
KARNATAKA,Kalaburagi,Raichur,RAICHUR,MANVI,2024-25,403,289,71.71,28.29,80.65,60282.0,40636.0,919.0,44.22,45.38,76.82,97.58,96.54,39.1,92.39,19.72,8.3,73.01,89.97,62.63,91.35,17.39,1.68,4.79,1.09,3.81,3.16,229.62,140.6
KARNATAKA,Kalaburagi,Raichur,RAICHUR,RAICHUR,2024-25,452,294,65.04,34.96,54.42,97939.0,55237.0,1237.0,44.65,62.09,66.05,96.94,98.98,57.14,94.22,20.41,8.84,62.24,74.49,69.05,82.65,18.84,1.73,5.73,0.42,4.52,1.75,230.53,187.9
KARNATAKA,Kalaburagi,Raichur,RAICHUR,SINDHANUR,2024-25,453,320,70.64,29.36,71.96,62365.0,41416.0,1089.0,38.03,36.73,78.6,98.75,84.38,51.56,95.94,35.62,11.88,79.06,88.12,80.31,87.19,18.09,1.75,4.76,0.66,6.4,4.51,230.14,129.4
KARNATAKA,Bengaluru,Ramanagara,RAMANAGARA,CHANNAPATNA,2024-25,275,226,82.18,17.82,75.27,24933.0,12450.0,626.0,19.89,60.38,64.54,99.12,100.0,47.79,97.79,64.6,13.72,88.94,97.79,90.27,86.73,6.94,1.5,2.99,1.08,7.12,6.07,238.8,55.1
KARNATAKA,Bengaluru,Ramanagara,RAMANAGARA,KANAKAPURA,2024-25,448,390,87.05,12.95,92.63,31806.0,16084.0,779.0,20.65,60.46,70.6,99.23,100.0,42.56,96.41,13.08,7.69,90.26,87.69,92.31,94.1,3.97,1.61,2.41,0.91,9.99,6.71,234.63,41.2
KARNATAKA,Bengaluru,Ramanagara,RAMANAGARA,MAGADI,2024-25,358,331,92.46,7.54,93.85,18866.0,10176.0,717.0,14.19,46.3,41.98,99.7,100.0,35.65,98.19,23.26,4.83,94.26,95.17,94.26,90.03,4.33,1.34,2.24,0.44,14.11,5.1,227.0,30.7
KARNATAKA,Bengaluru,Ramanagara,RAMANAGARA,RAMANAGARA,2024-25,331,257,77.64,22.36,66.47,37055.0,13606.0,651.0,20.9,62.83,48.54,100.0,100.0,32.3,98.83,29.18,11.67,91.44,93.0,92.22,89.49,8.43,1.48,3.02,0.68,10.16,5.16,222.53,52.9
KARNATAKA,Bengaluru,Shivamogga,SHIVAMOGGA,BHADRAVATI,2024-25,355,298,83.94,16.06,68.45,37452.0,18976.0,1070.0,17.73,57.94,57.29,99.66,100.0,78.52,96.31,87.92,9.06,80.2,95.64,91.95,81.54,10.31,1.47,4.21,1.37,5.48,4.88,228.44,63.7
KARNATAKA,Bengaluru,Shivamogga,SHIVAMOGGA,HOSANAGAR,2024-25,237,219,92.41,7.59,96.62,12089.0,8637.0,501.0,17.24,54.29,73.85,100.0,100.0,84.47,88.13,32.42,5.48,96.35,89.04,82.19,94.98,8.84,1.16,3.16,0.73,5.35,5.68,237.51,39.4
KARNATAKA,Bengaluru,Shivamogga,SHIVAMOGGA,SAGAR,2024-25,350,313,89.43,10.57,85.71,23773.0,13659.0,856.0,15.96,61.57,74.65,100.0,100.0,89.78,77.64,91.69,6.39,94.57,94.57,96.49,93.29,5.9,1.31,3.31,1.23,7.21,5.67,234.5,43.6
KARNATAKA,Bengaluru,Shivamogga,SHIVAMOGGA,SHIKARIPUR,2024-25,287,251,87.46,12.54,80.84,29960.0,19797.0,1041.0,19.02,39.39,64.27,99.6,100.0,88.84,97.61,19.12,8.76,92.83,92.43,90.84,81.67,3.32,1.25,4.21,2.63,6.27,4.05,234.93,78.9
KARNATAKA,Bengaluru,Shivamogga,SHIVAMOGGA,SHIMOGA,2024-25,498,351,70.48,29.52,55.42,72812.0,25771.0,1482.0,17.39,65.86,64.37,99.43,100.0,63.82,95.16,54.13,10.26,81.77,92.31,89.74,84.33,7.6,1.71,4.28,1.51,8.01,5.34,237.06,73.4
KARNATAKA,Bengaluru,Shivamogga,SHIVAMOGGA,SORAB,2024-25,336,318,94.64,5.36,94.35,20514.0,15999.0,882.0,18.14,46.37,69.39,99.06,99.69,69.81,93.08,55.97,3.46,94.34,94.97,88.99,92.14,6.41,1.25,2.63,1.28,6.31,6.17,235.56,50.3
KARNATAKA,Bengaluru,Shivamogga,SHIVAMOGGA,THIRTHAHALLI,2024-25,215,199,92.56,7.44,93.95,12357.0,7226.0,435.0,16.61,62.3,68.97,100.0,99.5,91.96,82.91,43.22,10.05,87.94,97.49,97.49,97.49,3.61,1.33,3.53,0.73,7.87,5.29,234.01,36.3
KARNATAKA,Bengaluru,Tumakuru,TUMAKURU,CHIKNAYAKANHALLI,2024-25,343,318,92.71,7.29,93.0,18266.0,12915.0,801.0,16.12,45.82,43.45,98.43,100.0,33.02,94.97,14.47,7.55,93.08,93.71,90.25,93.71,1.28,1.39,2.38,0.48,5.7,4.75,237.7,40.6
KARNATAKA,Bengaluru,Tumakuru,TUMAKURU,GUBBI,2024-25,415,390,93.98,6.02,97.35,25732.0,14471.0,930.0,15.56,58.92,48.28,98.46,99.74,74.87,98.46,21.28,10.77,89.23,92.82,89.23,92.82,3.41,1.36,2.24,0.33,7.47,6.2,237.71,37.1
KARNATAKA,Bengaluru,Tumakuru,TUMAKURU,KUNIGAL,2024-25,392,363,92.6,7.4,91.84,20939.0,10106.0,697.0,14.5,55.24,48.49,98.9,99.72,36.36,99.17,82.92,5.23,84.02,97.52,94.21,90.63,1.69,1.15,2.06,1.21,7.74,6.24,238.17,27.8
KARNATAKA,Bengaluru,Tumakuru,TUMAKURU,TIPTUR,2024-25,308,268,87.01,12.99,87.34,21185.0,9111.0,668.0,13.64,61.53,49.55,98.88,100.0,46.27,98.88,12.69,5.97,93.28,97.39,96.27,94.03,2.66,1.17,2.55,0.46,4.78,4.72,231.92,34.0
KARNATAKA,Bengaluru,Tumakuru,TUMAKURU,TUMKUR,2024-25,634,493,77.76,22.24,71.29,76664.0,30285.0,1591.0,19.04,70.52,46.57,100.0,100.0,35.09,96.35,17.04,11.76,77.89,97.77,88.84,86.21,3.53,1.57,3.21,0.66,7.05,6.01,239.43,61.4
KARNATAKA,Bengaluru,Tumakuru,TUMAKURU,TURUVEKERE,2024-25,288,271,94.1,5.9,94.1,13858.0,7572.0,597.0,12.68,51.76,48.24,99.63,100.0,38.01,98.52,8.12,4.06,90.77,97.05,91.51,92.99,2.66,1.15,2.1,0.75,8.37,6.41,239.21,27.9
KARNATAKA,Bengaluru,Tumakuru,TUMAKURU MADHUGIRI,KORATAGERE,2024-25,284,263,92.61,7.39,94.72,15382.0,10394.0,686.0,15.15,49.13,61.08,98.86,100.0,52.09,99.62,16.35,9.51,75.29,98.1,93.92,94.3,5.86,1.34,2.51,0.88,9.95,6.81,239.24,39.5
KARNATAKA,Bengaluru,Tumakuru,TUMAKURU MADHUGIRI,MADHUGIRI,2024-25,390,354,90.77,9.23,92.56,25395.0,15441.0,872.0,17.71,46.44,57.68,99.44,100.0,58.19,98.02,23.16,6.78,79.66,98.31,95.48,93.79,8.12,1.23,2.9,0.77,9.48,4.48,236.06,43.6
KARNATAKA,Bengaluru,Tumakuru,TUMAKURU MADHUGIRI,PAVAGADA,2024-25,278,243,87.41,12.59,91.73,25545.0,14792.0,634.0,23.33,43.85,67.03,95.88,100.0,60.91,93.83,18.52,7.82,83.54,97.12,97.12,94.24,3.88,1.76,3.16,1.25,10.93,5.71,234.98,60.9
KARNATAKA,Bengaluru,Tumakuru,TUMAKURU MADHUGIRI,SIRA,2024-25,468,425,90.81,9.19,89.53,37284.0,20612.0,1133.0,18.19,49.34,60.46,96.94,100.0,46.35,98.35,44.0,6.12,87.06,99.29,95.76,93.88,2.4,1.25,2.15,3.31,10.37,7.62,238.13,48.5
KARNATAKA,Mysuru,Udupi,UDUPI,BRAHAMAVARA,2024-25,162,132,81.48,18.52,82.1,35010.0,12210.0,441.0,27.69,70.98,61.45,100.0,100.0,99.24,70.45,44.7,16.67,100.0,100.0,100.0,99.24,7.69,1.99,5.36,0.84,6.67,6.64,229.49,92.5
KARNATAKA,Mysuru,Udupi,UDUPI,BYNDOOR,2024-25,208,189,90.87,9.13,99.52,23663.0,12951.0,599.0,21.62,59.6,75.13,100.0,100.0,86.24,66.14,28.04,10.58,100.0,98.41,100.0,97.35,10.22,1.41,3.47,0.64,3.41,7.1,231.07,68.5
KARNATAKA,Mysuru,Udupi,UDUPI,KARKALA,2024-25,191,155,81.15,18.85,89.01,26154.0,11077.0,467.0,23.72,71.95,63.38,100.0,100.0,98.71,91.61,99.35,14.19,99.35,97.42,99.35,98.06,4.64,1.68,4.1,0.52,5.66,6.8,232.32,71.5
KARNATAKA,Mysuru,Udupi,UDUPI,KUNDAPURA,2024-25,169,139,82.25,17.75,89.35,25694.0,11315.0,501.0,22.58,68.46,70.06,100.0,100.0,96.4,69.06,46.04,19.42,99.28,97.12,100.0,96.4,7.41,1.84,4.16,1.0,6.9,7.96,224.43,81.4
KARNATAKA,Mysuru,Udupi,UDUPI,UDUPI,2024-25,152,102,67.11,32.89,67.76,35726.0,11177.0,375.0,29.81,84.53,64.0,100.0,100.0,92.16,95.1,73.53,15.69,87.25,98.04,100.0,96.08,14.89,2.57,5.93,1.34,3.49,5.02,224.17,109.6
KARNATAKA,Belagavi,Uttara Kannada,UTTARA KANNADA,ANKOLA,2024-25,166,158,95.18,4.82,86.14,10467.0,7194.0,443.0,16.24,69.3,51.24,100.0,100.0,57.59,53.16,6.33,3.16,93.67,99.37,98.73,96.84,1.29,1.37,3.17,0.44,6.29,8.56,240.03,45.5
KARNATAKA,Belagavi,Uttara Kannada,UTTARA KANNADA,BHATKAL,2024-25,207,180,86.96,13.04,83.09,22702.0,10752.0,578.0,18.6,64.88,73.36,100.0,100.0,56.11,77.22,18.33,7.22,93.33,97.78,99.44,88.33,1.14,1.44,3.13,0.59,6.46,7.27,235.29,59.7
KARNATAKA,Belagavi,Uttara Kannada,UTTARA KANNADA,HONNAVAR,2024-25,290,267,92.07,7.93,92.41,17534.0,11224.0,778.0,14.43,63.5,68.64,100.0,100.0,53.56,66.29,21.72,5.24,96.25,98.5,99.63,90.64,2.66,1.21,2.56,0.76,7.29,7.1,239.0,42.0
KARNATAKA,Belagavi,Uttara Kannada,UTTARA KANNADA,KARWAR,2024-25,176,149,84.66,15.34,69.89,17528.0,8297.0,531.0,15.63,81.17,75.71,99.33,100.0,76.51,54.36,16.11,8.05,87.92,95.3,100.0,87.25,4.29,1.93,3.99,0.58,7.74,7.83,232.62,55.7
KARNATAKA,Belagavi,Uttara Kannada,UTTARA KANNADA,KUMTA,2024-25,223,210,94.17,5.83,89.24,16642.0,11925.0,673.0,17.72,69.84,57.21,100.0,100.0,58.1,50.0,10.95,7.62,92.86,98.1,99.05,90.95,3.4,1.52,3.13,0.57,8.98,7.69,239.47,56.8
KARNATAKA,Belagavi,Uttara Kannada,UTTARA KANNADA SIRSI,HALIYAL,2024-25,189,173,91.53,8.47,73.02,24788.0,19878.0,604.0,32.91,60.93,73.84,97.11,100.0,92.49,98.27,10.4,9.83,91.91,91.91,90.75,81.5,9.58,1.44,3.89,0.3,3.16,2.21,241.01,114.9
KARNATAKA,Belagavi,Uttara Kannada,UTTARA KANNADA SIRSI,JOIDA,2024-25,157,151,96.18,3.82,100.0,6001.0,4985.0,194.0,25.7,53.61,72.16,98.01,100.0,89.4,92.72,4.64,2.65,90.07,80.79,82.78,97.35,12.75,1.19,2.37,0.38,3.15,4.17,238.68,33.0
KARNATAKA,Belagavi,Uttara Kannada,UTTARA KANNADA SIRSI,MUNDAGOD,2024-25,155,145,93.55,6.45,87.1,13987.0,12082.0,527.0,22.93,55.41,71.54,100.0,100.0,95.86,92.41,17.93,6.21,93.1,93.1,94.48,79.31,8.57,1.65,3.02,0.61,3.85,3.79,231.14,83.3
KARNATAKA,Belagavi,Uttara Kannada,UTTARA KANNADA SIRSI,SIDDAPUR,2024-25,217,211,97.24,2.76,92.63,9399.0,7662.0,514.0,14.91,65.37,75.49,100.0,100.0,98.1,46.45,9.48,1.42,98.1,94.79,99.53,94.31,8.61,1.37,2.41,0.5,3.32,4.04,235.06,36.3
KARNATAKA,Belagavi,Uttara Kannada,UTTARA KANNADA SIRSI,SIRSI,2024-25,302,284,94.04,5.96,90.73,20968.0,13513.0,803.0,16.83,70.11,63.51,100.0,100.0,98.94,53.52,8.8,5.28,100.0,92.96,98.24,90.85,4.96,1.32,2.27,0.58,4.98,5.49,231.82,47.6
KARNATAKA,Belagavi,Uttara Kannada,UTTARA KANNADA SIRSI,YELLAPUR,2024-25,174,168,96.55,3.45,86.78,9205.0,7430.0,436.0,17.04,64.68,72.71,99.4,100.0,97.62,64.88,11.31,4.17,97.62,87.5,97.62,95.24,6.59,1.23,2.29,0.67,5.6,5.21,236.33,44.2
KARNATAKA,Kalaburagi,Vijayanagara,VIJAYANAGARA,HADAGALI,2024-25,202,155,76.73,23.27,86.14,29456.0,19110.0,735.0,26.0,35.51,67.48,95.48,99.35,47.74,92.9,9.68,12.26,87.74,77.42,79.35,94.84,18.0,1.3,5.07,1.12,7.48,4.76,231.43,123.3
KARNATAKA,Kalaburagi,Vijayanagara,VIJAYANAGARA,HAGARIBOMMANAHALLI,2024-25,189,141,74.6,25.4,80.42,31600.0,24660.0,788.0,31.29,35.15,70.18,96.45,100.0,52.48,97.87,16.31,16.31,95.04,92.91,87.23,90.78,27.61,1.67,5.96,0.83,6.09,3.84,234.09,174.9
KARNATAKA,Kalaburagi,Vijayanagara,VIJAYANAGARA,HARAPANAHALLI,2024-25,341,286,83.87,16.13,87.68,39522.0,30527.0,1184.0,25.78,42.15,64.36,96.15,96.5,51.05,95.1,19.23,8.39,87.41,58.39,85.31,92.31,10.47,1.25,3.92,1.08,7.73,4.74,229.97,106.7
KARNATAKA,Kalaburagi,Vijayanagara,VIJAYANAGARA,HOSPET,2024-25,251,163,64.94,35.06,37.05,60305.0,31171.0,945.0,32.99,60.21,74.29,95.71,95.71,41.72,89.57,13.5,10.43,80.37,83.44,82.82,84.66,30.07,2.31,5.31,1.28,5.66,3.98,231.04,191.2
KARNATAKA,Kalaburagi,Vijayanagara,VIJAYANAGARA,KUDLIGI,2024-25,365,290,79.45,20.55,80.0,45688.0,33701.0,1136.0,29.67,39.26,62.94,95.17,91.38,35.86,97.93,13.1,8.28,76.55,83.79,68.62,94.48,13.93,1.3,4.68,0.26,2.12,1.75,230.51,116.2
KARNATAKA,Belagavi,Vijayapura,VIJAYAPURA,BASAVAN  BAGEWADI,2024-25,452,314,69.47,30.53,74.34,59725.0,40777.0,1459.0,27.95,41.6,55.38,97.77,99.36,74.2,87.58,32.17,10.51,90.45,83.76,81.85,81.53,5.9,1.15,4.81,0.89,6.23,3.91,227.94,129.9
KARNATAKA,Belagavi,Vijayapura,VIJAYAPURA,BIJAPUR  RURAL,2024-25,570,432,75.79,24.21,97.37,77425.0,46319.0,1859.0,24.92,48.41,57.99,92.13,95.6,85.19,73.15,12.96,9.72,92.13,83.33,74.07,87.27,3.78,1.15,3.9,0.92,6.02,3.45,222.63,107.2
KARNATAKA,Belagavi,Vijayapura,VIJAYAPURA,BIJAPUR CITY,2024-25,360,160,44.44,55.56,0.0,71729.0,25511.0,956.0,26.69,61.09,51.36,98.12,98.12,73.12,90.0,25.0,13.12,84.38,81.88,86.25,61.88,10.46,1.39,6.02,0.9,8.02,3.62,228.47,159.4
KARNATAKA,Belagavi,Vijayapura,VIJAYAPURA,CHADACHAN,2024-25,257,199,77.43,22.57,92.22,32489.0,22659.0,791.0,28.65,30.09,52.72,93.97,99.5,92.96,71.86,19.6,13.07,68.34,83.92,69.35,87.94,5.1,1.09,3.87,1.26,7.36,4.23,235.1,113.9
KARNATAKA,Belagavi,Vijayapura,VIJAYAPURA,INDI,2024-25,376,291,77.39,22.61,83.24,49797.0,33254.0,1202.0,27.67,31.11,54.58,95.19,99.31,95.53,83.85,29.55,4.81,87.29,80.07,82.47,83.51,3.89,1.12,3.97,0.77,5.03,3.8,229.03,114.3
KARNATAKA,Belagavi,Vijayapura,VIJAYAPURA,MUDDEBIHAL,2024-25,385,268,69.61,30.39,70.65,50076.0,33941.0,1245.0,27.26,43.45,56.47,89.18,97.76,63.81,90.3,29.48,8.96,65.3,80.97,68.28,83.21,3.89,1.3,4.87,0.48,6.75,2.9,233.07,126.6
KARNATAKA,Belagavi,Vijayapura,VIJAYAPURA,SINDAGI,2024-25,543,360,66.3,33.7,78.64,75572.0,54381.0,1722.0,31.58,35.42,56.97,84.72,94.44,78.61,74.17,17.78,6.67,83.33,78.33,60.56,78.89,1.99,1.15,4.62,0.52,5.39,3.24,231.23,151.1
KARNATAKA,Kalaburagi,Yadgir,YADAGIRI,SHAHAPUR,2024-25,412,308,74.76,25.24,79.61,65966.0,48440.0,1028.0,47.12,44.46,72.67,96.43,78.25,38.31,68.83,11.36,7.79,79.22,69.81,62.01,83.44,11.95,1.35,4.65,1.14,4.07,2.13,219.48,157.3
KARNATAKA,Kalaburagi,Yadgir,YADAGIRI,SHORAPUR,2024-25,524,376,71.76,28.24,71.56,72387.0,54408.0,1092.0,49.82,34.89,73.08,85.64,71.54,57.71,58.78,14.63,6.65,84.57,74.47,58.78,91.22,7.16,1.2,4.14,0.37,3.91,2.66,227.21,144.7
KARNATAKA,Kalaburagi,Yadgir,YADAGIRI,YADGIR,2024-25,427,320,74.94,25.06,73.07,67580.0,44742.0,1074.0,41.66,45.53,58.94,91.88,81.56,35.31,80.31,14.06,6.56,84.69,80.0,83.75,83.75,5.88,1.44,4.62,2.05,6.12,2.88,235.66,139.8
